Date,ValidationYear,StocksRanked,SelectedMissingTargets,AllMissingTargets,FallbackStocks,SelectedFallbackStocks,OfficialDailySpread,IllustrativeGrossOneReturn,RankIC,NormalizedHardRankMSE,AllStockForecastMSE,MaxAbsoluteScore
2017-12-29,2018,1896,0,0,42,3,-0.10945294907760139,-0.0002736323726940035,-0.04005220045873389,0.17351916281145943,0.0003131460377284182,0.011874176709955615
2018-01-04,2018,1896,0,0,41,7,0.21725764170517126,0.0005431441042629281,-0.04407075165525561,0.17419067195387516,0.00040524557610198024,0.012416184175593311
2018-01-05,2018,1896,0,0,41,10,-0.7183534468363558,-0.0017958836170908895,-0.048767344169454246,0.17497317364137746,0.0003701610373774721,0.007084124245040496
2018-01-09,2018,1896,0,0,39,16,0.3804981313416671,0.0009512453283541677,0.05031691923004715,0.15844245786869557,0.0003796616649879657,0.023522436401428017
2018-01-10,2018,1896,0,0,39,2,-1.7696485520755683,-0.004424121380188921,-0.11601754278364444,0.1861949315330411,0.0005706352073063319,0.005663066301369372
2018-01-11,2018,1896,0,0,39,7,-0.33125855004768673,-0.0008281463751192168,-0.02446186346903135,0.17091718007008624,0.00046011656374033815,0.009286060383549115
2018-01-12,2018,1896,0,0,39,4,-0.5663805604369624,-0.001415951401092406,0.009861546184411216,0.16518780206173284,0.0003848750304564508,0.035761004147343234
2018-01-15,2018,1896,0,0,39,4,-1.152424448291021,-0.002881061120727553,-0.018432874346312588,0.16991576257992227,0.0003816775027370279,0.013917988606973153
2018-01-16,2018,1896,0,0,39,2,-0.0095039585461556,-2.3759896365389e-05,0.02566129498444321,0.16255918000505068,0.00039029040953072135,0.013608344302227283
2018-01-17,2018,1896,0,0,39,2,-0.64544377382088,-0.0016136094345522,-0.06086593640538698,0.17699119026727353,0.0003033622577061356,0.009520360590992028
2018-01-18,2018,1896,0,0,40,0,-1.6790070008344544,-0.004197517502086136,-0.10008823608661699,0.18353411628915348,0.0004466430019647231,0.009637875473073085
2018-01-19,2018,1896,0,0,40,9,-0.3075343535176698,-0.0007688358837941744,-0.0070081536922180394,0.16800777324692828,0.00037909062034191537,0.029742633332756632
2018-01-22,2018,1896,0,0,39,2,1.3330734439917653,0.0033326836099794132,0.04588318205527439,0.1591793378046893,0.00032526785386119433,0.0375230906975849
2018-01-23,2018,1896,0,0,39,10,0.3729819906763423,0.0009324549766908558,-0.009117701618773955,0.16835936143486177,0.00033980600569338875,0.013470817141324958
2018-01-24,2018,1896,0,0,39,13,-0.11696646854548132,-0.00029241617136370327,-0.008644652921375237,0.16827754272643558,0.0003189899659025856,0.013370352164735505
2018-01-25,2018,1896,0,0,38,6,0.781986154831942,0.001954965387079855,0.10711597652638023,0.1489641089657505,0.0003755169617490966,0.011442638639920934
2018-01-26,2018,1896,0,0,38,6,1.148054756869745,0.0028701368921743627,0.025831983965221315,0.16253192213228967,0.0005159650175315942,0.03451031756713313
2018-01-29,2018,1896,0,0,38,7,-0.5299089565651016,-0.001324772391412754,-0.005609411969323894,0.16777681756824775,0.0006583865451308479,0.012414202477816638
2018-01-30,2018,1896,0,0,38,5,0.6652112757823714,0.0016630281894559284,0.027373193554427203,0.16227503705102592,0.0010546852068724826,0.025395024603226183
2018-01-31,2018,1896,0,0,37,2,0.06333299118504992,0.00015833247796262482,0.04379776201109451,0.15953171249984247,0.0004284502660397976,0.00850224174415061
2018-02-01,2018,1896,0,0,36,2,0.8434590931561061,0.0021086477328902654,0.07574083450716246,0.15420571186658297,0.0011269715878622158,0.029249247402213237
2018-02-02,2018,1896,0,0,37,3,0.3357085668182265,0.0008392714170455662,-0.020179287570950114,0.17020932797856306,0.004429544268499477,0.031851018206117174
2018-02-05,2018,1896,0,0,36,0,-0.6366928274163134,-0.0015917320685407835,-0.06780979876765382,0.17815236749541763,0.0006067657130009662,0.02262045034487616
2018-02-06,2018,1896,0,0,36,8,-1.6197384675772095,-0.004049346168943024,-0.14577354366732675,0.19116028981887773,0.0009677084894788555,0.06563982497226065
2018-02-07,2018,1896,0,0,35,2,-0.523168865245526,-0.001307922163113815,-0.027108721745560605,0.17136529942484074,0.0009890982936969855,0.01935844901780634
2018-02-08,2018,1896,0,0,34,0,0.19569255328686141,0.0004892313832171536,-0.05935497291655212,0.17674283721045408,0.001148274549047911,0.016872692024180392
2018-02-09,2018,1896,0,0,34,2,-1.069213348899376,-0.00267303337224844,-0.10160892111854535,0.183793857838328,0.0009587648222170799,0.07993335423905411
2018-02-13,2018,1896,0,0,33,0,0.061435874044370564,0.00015358968511092641,0.03215719171711062,0.16147397144316394,0.0011815608155135186,0.031173813300976072
2018-02-14,2018,1896,0,0,33,7,0.5541361587769189,0.0013853403969422973,0.013634492944558152,0.1645657397690098,0.0009363086371444767,0.03391310361368164
2018-02-15,2018,1896,0,0,34,0,0.37675736106442326,0.0009418934026610581,0.07550350103292913,0.15424534081494834,0.0013712180519335354,0.03549742104054798
2018-02-16,2018,1896,0,0,34,0,-0.7345186234052982,-0.0018362965585132455,-0.011315956062684646,0.1687221130316183,0.0003333680672916271,0.05242795807724857
2018-02-19,2018,1896,0,0,34,1,-0.15788249233131846,-0.00039470623082829613,0.024044057484776726,0.16282671803653018,0.0005127268088806456,0.03655357332677317
2018-02-20,2018,1896,0,0,34,1,0.009244233962148352,2.311058490537088e-05,-0.03665993380905867,0.17295535140246646,0.0003458543081835083,0.018677651417995732
2018-02-21,2018,1896,0,0,33,0,1.4576251902002872,0.003644062975500718,0.16178272704970967,0.13984925351725883,0.0003664081292849696,0.04694907767307945
2018-02-22,2018,1896,0,0,34,5,-0.041736164967292266,-0.00010434041241823066,-0.013248088981079237,0.16904900915218282,0.00041146565535039046,0.022258208955229647
2018-02-23,2018,1896,0,0,33,1,0.8607712593655381,0.0021519281484138454,0.11014659839462866,0.14845774577719056,0.0002955852658517252,0.10153538031931432
2018-02-26,2018,1896,0,0,32,5,-1.1983809092342939,-0.0029959522730857347,-0.15558507460955293,0.19279801735262583,0.0003839722468840621,0.023655492251995265
2018-02-27,2018,1896,0,0,30,2,-0.9905721950328796,-0.002476430487582199,-0.09680981759373801,0.18299278048059162,0.0005589734222176112,0.006901322854591373
2018-02-28,2018,1896,0,0,32,6,0.5216025971851854,0.0013040064929629636,-0.002361892315514793,0.16723614415885693,0.00048321547127925103,0.01968409751213853
2018-03-01,2018,1896,0,0,35,10,2.7615162536125473,0.006903790634031368,0.17122248239305393,0.13827417315619575,0.0007452610392979886,0.030811651987547324
2018-03-02,2018,1896,0,0,36,14,0.053793381204109814,0.00013448345301027452,-0.020265915102786667,0.17022324475014877,0.0009250271071324514,0.023903532937840945
2018-03-05,2018,1896,0,0,35,8,-0.5795710791501233,-0.0014489276978753081,-0.05311775057872606,0.17569985072078284,0.0004106520396209752,0.32265411616406264
2018-03-06,2018,1896,0,0,34,4,-0.031303923156612734,-7.825980789153184e-05,-0.019126159244582726,0.17002747208765923,0.00041849002641841014,0.03306202809149426
2018-03-07,2018,1896,0,0,35,1,0.7591065962596771,0.0018977664906491929,0.08585737550261277,0.15251406173566148,0.00041611115723425403,0.050740974994188684
2018-03-08,2018,1896,0,0,35,3,1.1428076037567738,0.0028570190093919344,0.17961201205421817,0.13687471985729072,0.0006124232043315126,0.01544529901990378
2018-03-09,2018,1896,0,0,36,3,-0.022080680920996798,-5.5201702302491995e-05,-0.005067879402927674,0.16768472469618279,0.0005141416374286942,0.017171370737988557
2018-03-12,2018,1896,0,0,35,7,-0.3669807190694018,-0.0009174517976735044,0.0028645521805343963,0.16635573781764942,0.00038515056196719707,0.023928685412409757
2018-03-13,2018,1896,0,0,34,3,-1.1560821725558994,-0.0028902054313897484,-0.08746780932729299,0.1814303027410959,0.0004344205146144503,0.3553415047902368
2018-03-14,2018,1896,0,0,34,8,-0.09192400729498496,-0.0002298100182374624,-0.013936810535043689,0.16916356058736096,0.00037054294097598346,0.044681925881948095
2018-03-15,2018,1896,0,0,32,3,0.5550224993241182,0.0013875562483102954,0.03189509205668129,0.1615200931518295,0.0005328963800014518,0.022893054010887384
2018-03-16,2018,1897,0,0,31,8,0.25334403338521955,0.0006333600834630489,0.03645138805740778,0.16075480231098177,0.00026039116454929103,0.016249473758073514
2018-03-19,2018,1897,0,0,31,11,-0.4101714622818292,-0.001025428655704573,-0.019344806822987528,0.17006288358228877,0.00036146435071009495,0.013219605718484847
2018-03-20,2018,1897,0,0,29,10,-1.0217055889634379,-0.002554263972408595,-0.1554598854527501,0.1927797764855896,0.001702735062631708,0.03477742591359181
2018-03-22,2018,1898,0,0,28,3,0.040875164485371096,0.00010218791121342774,-0.04084138547901162,0.17365151174948734,0.00031382053574625555,0.015216726840204057
2018-03-23,2018,1900,0,0,30,2,-0.6076644621983931,-0.0015191611554959828,-0.06322220796280836,0.17739020283176268,0.002222361666653084,0.05880503434482376
2018-03-26,2018,1900,0,0,28,4,-0.014437867415972194,-3.6094668539930484e-05,0.0004092860448100318,0.16677318647576916,0.0005278281286820209,0.03179821266338363
2018-03-27,2018,1901,0,0,29,1,-0.8333816249907944,-0.002083454062476986,-0.07607994149886205,0.1795271255396999,0.00063720436299844,0.10621732432893245
2018-03-28,2018,1901,0,0,31,1,-2.162906944570803,-0.005407267361427008,-0.21966208149427055,0.20348865140230904,0.0006550740673539276,0.026325360769981695
2018-03-29,2018,1901,0,0,33,3,0.20409636329234407,0.0005102409082308602,-0.05464389424863122,0.17595422302884764,0.0003219883872516567,0.014402451610085501
2018-03-30,2018,1901,0,0,32,8,0.01767377523083291,4.4184438077082276e-05,-0.047979496067980805,0.17484292018634306,0.0003189077018440811,0.007301357712781394
2018-04-02,2018,1902,0,0,33,6,-1.862138191312165,-0.004655345478280413,-0.16651162552277385,0.1946194357157583,0.0005209918629248278,0.025325390216488074
2018-04-03,2018,1902,0,0,34,1,-0.13173996376680264,-0.0003293499094170066,-0.02797235483168151,0.17150392290755787,0.00040742667148212377,0.03389797351292623
2018-04-04,2018,1902,0,0,34,8,0.42038302250608295,0.0010509575562652074,-0.03754082301275818,0.17310089332202094,0.0003966876283597298,0.0524158910626584
2018-04-05,2018,1902,0,0,34,4,-0.3453019465912673,-0.0008632548664781682,-0.07594159140475232,0.17950142175933603,0.0003583781798987723,0.015682721126087176
2018-04-06,2018,1902,0,0,34,2,-2.277102102232425,-0.005692755255581062,-0.165766715507354,0.19449549110835965,0.0003747538795249513,0.028193902022808484
2018-04-09,2018,1902,0,0,36,7,-4.508996073671453,-0.011272490184178632,-0.3206400250163568,0.22033274334223804,0.0005612887508469902,0.031041343016869956
2018-04-10,2018,1902,0,0,37,0,-0.6858906769820224,-0.0017147266924550562,-0.11111849236482373,0.18536894831761871,0.0003257425372131757,0.02337209938179791
2018-04-11,2018,1902,0,0,38,0,0.252561311965061,0.0006314032799126525,0.04331771969551769,0.15960928980139907,0.0004292838633805265,0.017503428422931004
2018-04-12,2018,1902,0,0,40,0,-0.7302029023770958,-0.0018255072559427395,-0.10612178833147275,0.1845433648899164,0.0006234750849385859,0.01972137954244139
2018-04-13,2018,1902,0,0,40,3,-0.49675281821027917,-0.001241882045525698,-0.07433585720746005,0.17924043446329518,0.0003825595379025544,0.0276248361477964
2018-04-16,2018,1902,0,0,40,3,-1.011478944917449,-0.0025286973622936225,-0.06379184304885546,0.1774832451515114,0.0004569523868197718,0.007545316965598657
2018-04-17,2018,1902,0,0,40,10,-0.7728520002876279,-0.0019321300007190698,-0.01610009800739893,0.16952034617566614,0.00038179658106136537,0.06857570376466174
2018-04-18,2018,1902,0,0,41,8,-0.30778277238722385,-0.0007694569309680597,-0.052297539480170414,0.17555045507338043,0.00025398883993045724,0.009688557062974279
2018-04-19,2018,1902,0,0,42,6,0.021726268208883015,5.431567052220754e-05,0.032757200625860676,0.16137072807143757,0.00035289661056075945,0.00946727856376087
2018-04-20,2018,1903,0,1,43,7,1.145574360935768,0.00286393590233942,0.06720953665559912,0.15562475452663915,0.00033991994552820423,0.0054216924225697315
2018-04-23,2018,1903,0,0,43,3,-0.855649579243565,-0.0021391239481089123,-0.09630010695773954,0.18289945682864253,0.0003179977717044525,0.018360269877752702
2018-04-24,2018,1903,0,0,45,5,-0.1930480919399467,-0.0004826202298498668,-0.02105524485813605,0.17034872046777844,0.00039416750251601514,0.01714398469639107
2018-04-25,2018,1903,0,0,45,7,-1.1889372554706679,-0.0029723431386766697,-0.084653894157176,0.1809610356817764,0.0005434595139099448,0.008103731317400326
2018-04-26,2018,1903,0,0,44,4,-0.6255668672625468,-0.001563917168156367,0.009892578961479416,0.16518656354940017,0.0007185265659508751,0.02039518512375213
2018-04-27,2018,1903,0,0,45,2,1.0258976488332052,0.002564744122083013,0.12738691053043813,0.14558361779985612,0.00030528501759814823,0.01715306485370533
2018-05-01,2018,1903,0,0,46,0,-0.09568195932139045,-0.00023920489830347614,-0.03631826752200928,0.172892483733756,0.00042097163350635964,0.010543642198809296
2018-05-02,2018,1903,0,0,48,0,1.992182299540265,0.004980455748850662,0.1360808463687073,0.14413237012005045,0.0004419501191990369,0.008618520946370766
2018-05-07,2018,1903,0,0,47,0,1.1687206587779029,0.0029218016469447572,0.07171367454857379,0.15486967196282778,0.0006640965962949066,0.01169002327669972
2018-05-08,2018,1903,0,0,47,5,0.8909786978287293,0.002227446744571823,0.04968281938868717,0.158546162453551,0.000775091256709797,0.016861538941968415
2018-05-09,2018,1903,0,0,48,4,0.202000735017551,0.0005050018375438775,0.062424996620355715,0.15642481850776038,0.000821256168075481,0.013224898053451948
2018-05-10,2018,1903,0,0,48,4,0.42047138963783753,0.001051178474094594,0.04601852230152343,0.1591610725020174,0.0010562954051616116,0.021850166673596304
2018-05-11,2018,1903,0,0,47,0,0.5285320825494134,0.0013213302063735336,-0.009977073701747195,0.16850155775857503,0.0007064307019738691,0.017450666960625926
2018-05-14,2018,1903,0,0,47,3,-0.5830115130086135,-0.001457528782521534,-0.05161661952354639,0.17545007280545152,0.0006373835342404313,0.004631967889379622
2018-05-15,2018,1903,0,0,47,1,0.33360665184614924,0.0008340166296153731,0.06261939572424659,0.1563878883936188,0.000386809605342113,0.00463443547293029
2018-05-16,2018,1903,0,0,47,3,0.5354247663959872,0.0013385619159899682,0.04867966516790558,0.15871524949658167,0.00029675340926617485,0.004961895351515807
2018-05-17,2018,1903,0,0,48,0,1.4387054903107044,0.003596763725776761,0.1137458755191342,0.14785884433888064,0.0003532959965054412,0.010784624637977658
2018-05-18,2018,1903,0,0,49,1,0.955258927243589,0.0023881473181089725,0.06807616216759574,0.1554791996197972,0.00023441572884013887,0.007902007555942739
2018-05-21,2018,1903,0,0,50,6,0.6439447668541896,0.0016098619171354739,-0.053605960753037585,0.17577834697490247,0.00029380983729320945,0.024582244751000223
2018-05-22,2018,1903,0,0,51,0,-0.21758151553106542,-0.0005439537888276636,-0.013434592092023726,0.1690810965295801,0.00037920691905787694,0.017885034113661873
2018-05-23,2018,1903,0,0,50,10,-1.7987330961864,-0.004496832740466,-0.141259216226263,0.19040356769079356,0.00028859020685426405,0.04264225602767949
2018-05-24,2018,1903,0,0,50,3,-0.3461130919157038,-0.0008652827297892594,-0.030869885044029693,0.17198290489128062,0.00036260484059315534,0.011920835704689433
2018-05-25,2018,1903,0,0,50,9,-0.5548295244847359,-0.0013870738112118396,-0.054709351623802395,0.17596553382365673,0.0002670971334843735,0.013582049479010008
2018-05-28,2018,1903,0,0,50,13,0.612617989775144,0.0015315449744378602,0.0648270190156174,0.15602547902001693,0.0003602080161200303,0.030072210260649702
2018-05-29,2018,1903,0,0,50,13,1.457165566843171,0.003642913917107927,0.0753433574021838,0.15426713412285065,0.000470374643154082,0.016332838793969223
2018-05-30,2018,1903,0,0,50,9,-0.6084018170424568,-0.001521004542606142,-0.06513060119873054,0.17770381749575512,0.0004332272622457562,0.0122903618653794
2018-05-31,2018,1904,0,0,51,10,-1.9574807620536596,-0.004893701905134149,-0.1893604073762797,0.19843427006535558,0.000621114712264698,0.016392696824903498
2018-06-01,2018,1904,0,0,51,8,0.23677742700576374,0.0005919435675144093,-0.02975508266614942,0.1717971441508266,0.0003508628252587226,0.22360342060317326
2018-06-04,2018,1904,0,0,51,15,1.094864655558243,0.0027371616388956075,0.03081875198150957,0.1616917106508739,0.0003477598634408997,0.05734812024621907
2018-06-05,2018,1904,0,0,52,6,0.48889904293825137,0.0012222476073456285,0.0912328044324771,0.151615554995075,0.0004129180373198145,0.027345116892334237
2018-06-06,2018,1904,0,0,52,7,-0.2182754894519499,-0.0005456887236298748,-0.01506380589107538,0.1693455461759532,0.00030923541304172,0.026876685108020878
2018-06-07,2018,1904,0,0,51,7,-0.2789676552322031,-0.0006974191380805079,-0.02301788155604183,0.17067402787402464,0.0003259190976113671,0.03272472927830336
2018-06-08,2018,1904,0,0,51,14,-0.6796702713238966,-0.0016991756783097415,-0.05091198106506731,0.17532770832053063,0.0002492469137571461,0.03490565843930133
2018-06-11,2018,1904,0,0,51,11,-0.0071358137773328,-1.7839534443332e-05,-0.009147266986201255,0.16835994028669435,0.0003454934655767859,0.017258976066588463
2018-06-12,2018,1904,0,0,52,2,0.6907926863600135,0.0017269817159000335,0.057427486221272826,0.1572522127489349,0.00032591168446507204,0.007816623138133225
2018-06-13,2018,1904,0,0,53,0,1.7985020859457914,0.004496255214864479,0.1609857646878785,0.13998115547885162,0.00039308963795193683,0.01348089310081396
2018-06-14,2018,1904,0,0,53,10,-1.2634394605039183,-0.003158598651259796,-0.10489880054646705,0.18434134322366486,0.0004733407934148789,0.014634969032073966
2018-06-15,2018,1904,0,0,53,7,0.1833757743851252,0.000458439435962813,0.0029077642216426927,0.1663559710507172,0.0006187348387304939,0.011821105079619325
2018-06-18,2018,1904,0,0,51,5,0.2339249913009176,0.000584812478252294,0.014386125521317539,0.16443770399794086,0.000309840130347128,0.019460717384009157
2018-06-19,2018,1905,0,0,51,16,1.1849769715736858,0.0029624424289342146,0.10821763977229637,0.14878369358106838,0.00033397315492495,0.027144665700482996
2018-06-20,2018,1905,0,0,50,17,0.28219574966667527,0.0007054893741666882,0.03356491262271103,0.16123905748612555,0.00043134396879885363,0.05909641783102404
2018-06-21,2018,1906,0,0,51,5,-0.324575395343182,-0.000811438488357955,-0.027245553204898104,0.1713857858285846,0.0006327415041746539,0.01552624367035991
2018-06-22,2018,1907,0,0,51,8,-2.0275822908015844,-0.0050689557270039605,-0.17156995862519075,0.19546211588461862,0.00040527628912215475,0.02174922478472894
2018-06-25,2018,1907,0,0,51,8,0.8620100455871104,0.002155025113967776,0.16327430924144054,0.1395983260272169,0.000553076238847978,0.01784742806666133
2018-06-26,2018,1908,0,0,51,9,-0.19316617364727778,-0.00048291543411819446,-0.023152294326301573,0.1707006857822891,0.00031500369243322887,0.02260583801090436
2018-06-27,2018,1909,0,0,50,4,0.8190073038247954,0.0020475182595619886,0.12095601541615729,0.1466564516165349,0.0003312314151324521,0.007294239531618948
2018-06-28,2018,1909,0,0,50,12,-0.8518570960407148,-0.002129642740101787,-0.036067747892696365,0.17285858592226472,0.0008102611952839352,0.04055730767698401
2018-06-29,2018,1910,0,0,51,6,-0.9233278774897936,-0.002308319693724484,-0.07314986532851664,0.17904262871057416,0.0003838053326819241,0.013680074368396977
2018-07-02,2018,1910,0,0,52,17,0.4065475400348377,0.0010163688500870942,0.026185715490937993,0.16246891013718892,0.00039949963909301586,0.027147037562813288
2018-07-03,2018,1910,0,0,52,4,0.3587669885590672,0.000896917471397668,0.04243006393700485,0.15976193321774343,0.0005463989994935383,0.015983720533991497
2018-07-04,2018,1910,0,0,52,4,1.7069192833993094,0.004267298208498273,0.10907360334644811,0.14864121402664637,0.0008001690445914577,0.017100482161004734
2018-07-05,2018,1910,0,0,51,25,0.10546916713947851,0.0002636729178486963,-0.02153532700000055,0.17043222047904133,0.0012849280480914853,0.048081019735919
2018-07-06,2018,1910,0,0,52,8,1.0306983055611658,0.0025767457639029145,0.06504990412562756,0.15598619234238711,0.00044147612940948936,0.028567089691230625
2018-07-09,2018,1910,0,0,51,1,-0.5731307264940324,-0.001432826816235081,-0.047885700000309936,0.17482910938280574,0.00049633639962266,0.034170112359615416
2018-07-10,2018,1911,0,0,51,5,0.17434797236150923,0.0004358699309037731,0.06818329159209828,0.15545856117642998,0.00035427505507153303,0.012226408150875254
2018-07-11,2018,1911,0,0,53,8,0.11660922894594439,0.000291523072364861,0.02957471204355793,0.1619020087745295,0.0006041484868422116,0.04246079920716915
2018-07-12,2018,1911,0,0,54,8,1.948729163454593,0.0048718229086364825,0.1510508303672608,0.14163825664624516,0.000652807523226271,0.008671475279202853
2018-07-13,2018,1911,0,0,55,2,0.28724688505473805,0.0007181172126368451,0.051994061716804305,0.15816270631747964,0.0004013555942308188,0.011792363887612402
2018-07-17,2018,1911,0,0,54,2,1.756754569452284,0.00439188642363071,0.15711384392848313,0.14062572051190392,0.0002776082554321647,0.018600800874086897
2018-07-18,2018,1911,0,0,54,3,-0.9840693876427353,-0.0024601734691068384,-0.03774191878137586,0.17313197198297856,0.0003277392510657247,0.012883789294821047
2018-07-19,2018,1911,0,0,55,6,0.3870846319984087,0.0009677115799960217,0.06761985630120777,0.15555014903423275,0.00033107157709325497,0.04281497776069662
2018-07-20,2018,1911,0,0,54,3,0.29890286502571173,0.0007472571625642793,0.05255774744143133,0.15806721457594514,0.0003280208945454456,0.052002671386252516
2018-07-23,2018,1912,0,0,55,4,0.7474627152190081,0.0018686567880475203,0.0808886991143113,0.15333830977366314,0.00031826989944410295,0.006471361675941733
2018-07-24,2018,1912,0,0,57,7,0.0658170214964382,0.0001645425537410955,0.005514117110896671,0.16591943992681862,0.0004079854324466223,0.00710823390806069
2018-07-25,2018,1913,0,0,58,6,0.4836429104300499,0.0012091072760751248,0.011786032955127819,0.16487151650660914,0.00036550274026429336,0.007589894558331478
2018-07-26,2018,1913,0,0,58,19,-1.23006467180114,-0.00307516167950285,-0.09031800853733152,0.18190426625960504,0.0007084593502881949,0.008034045129602388
2018-07-27,2018,1913,0,0,57,13,1.4510944892776467,0.0036277362231941167,0.15365921124029425,0.14120227184297365,0.0007260175156806528,0.006936032786994104
2018-07-30,2018,1913,0,0,57,7,-1.1347158078495856,-0.002836789519623964,-0.04735682215170801,0.17473795999496597,0.0008383237133599757,0.008867570008675081
2018-07-31,2018,1913,0,0,57,9,1.187024201957264,0.0029675605048931604,0.09990628221317648,0.15016471607458265,0.0005154175245254526,0.08049275836027622
2018-08-01,2018,1913,0,0,58,5,-0.6478593786061397,-0.0016196484465153494,-0.038345505059325435,0.17323592864908896,0.0006731198503105741,0.018291329061706333
2018-08-02,2018,1913,0,0,56,4,-0.49138709795052926,-0.0012284677448763232,-0.03138928763262813,0.17207362218639455,0.0007845149261757857,0.021137341211392838
2018-08-03,2018,1913,0,0,56,6,0.4674144936751086,0.0011685362341877716,-0.01803319418261987,0.1698461894281234,0.0005906052955775795,0.015351327062566195
2018-08-06,2018,1913,0,0,57,4,-0.3828462206261723,-0.0009571155515654307,0.023466860044344735,0.1629225698697924,0.0007209824134201343,0.017073280522595102
2018-08-07,2018,1913,0,0,58,3,0.0919275710379138,0.0002298189275947845,0.030534237941612148,0.16174284307746015,0.0006304618468643852,0.014054463835218082
2018-08-08,2018,1913,0,0,57,6,0.8602477418076238,0.0021506193545190594,0.06765113940157583,0.15555110536335623,0.0009912324361059548,0.023461069404927846
2018-08-09,2018,1913,0,0,58,1,0.5218360115502492,0.0013045900288756228,0.06138526482442652,0.1565990858008677,0.0014846478567860479,0.009823452096845037
2018-08-10,2018,1913,0,0,58,3,-0.0666997515718295,-0.00016674937892957375,0.018208588100361713,0.1638021264999878,0.0007518433811521761,0.04811007702266772
2018-08-13,2018,1913,0,0,58,9,-1.0613170875329152,-0.002653292718832288,-0.11288816843577883,0.18567350807954625,0.0006083519878594284,0.041351579344037236
2018-08-14,2018,1913,0,0,60,6,0.40290545073233863,0.0010072636268308466,0.02586567860970373,0.1625223565711055,0.0005767980448092042,0.030564178109448947
2018-08-15,2018,1913,0,0,61,2,0.1764771738301908,0.000441192934575477,0.12074796641617674,0.1466897206496141,0.0002983842171180986,0.04110919774221806
2018-08-16,2018,1913,0,0,62,9,-0.47302883641873716,-0.0011825720910468428,-0.09266369799697513,0.18229718679355777,0.0003985933489340464,0.015425015708716001
2018-08-17,2018,1913,0,0,63,3,-0.1574761894107548,-0.000393690473526887,-0.049297331733413226,0.1750620547266053,0.0003494381472161907,0.032991517915528644
2018-08-20,2018,1913,0,0,64,2,-0.07764999237771653,-0.00019412498094429132,0.029253274977455633,0.16195759709995763,0.0004893068221232022,0.025386333565032067
2018-08-21,2018,1913,0,0,64,6,0.15487434809525236,0.00038718587023813087,0.04706606555872033,0.15897709692403503,0.00034839920905038263,0.01532338840884693
2018-08-22,2018,1913,0,0,65,6,0.5152208318634046,0.0012880520796585116,0.09109545904734978,0.15163565427406409,0.00030648093825717387,0.0433204193109199
2018-08-23,2018,1913,0,0,64,4,0.2996079332360644,0.000749019833090161,-0.005866524516816025,0.1678182751249713,0.0004821361097964564,0.023688238221508277
2018-08-24,2018,1913,0,0,64,7,1.6589000285090494,0.004147250071272623,0.14817216029232755,0.1421066631815407,0.00024565879454160915,0.00852631208778506
2018-08-27,2018,1913,0,0,64,2,-0.7425998042651956,-0.0018564995106629888,-0.040127460244717264,0.17353183224035754,0.0003882592283531776,0.026664941149981643
2018-08-28,2018,1913,0,0,64,5,-0.6403775200747838,-0.0016009438001869595,-0.03399298109983002,0.17250313974030312,0.00036957419337138873,0.014411321352748021
2018-08-29,2018,1913,0,0,63,9,-0.26389065252023225,-0.0006597266313005806,-0.03439463157090559,0.17256673606913336,0.000261061520783963,0.030512059416931955
2018-08-30,2018,1913,0,0,63,10,0.38771946748495334,0.0009692986687123834,0.02634675671940212,0.16244130094754056,0.0005983592936186072,0.03990514594229603
2018-08-31,2018,1913,0,0,65,7,-0.6796523880160271,-0.0016991309700400679,-0.10066105315420232,0.18362614411591105,0.0003382667982167521,0.010339745044255453
2018-09-03,2018,1913,0,0,64,8,0.005809801004997062,1.4524502512492655e-05,0.012361710987579481,0.16476678876447226,0.0003796437550039347,0.03264714161384922
2018-09-04,2018,1913,0,0,64,15,-0.44284461999256197,-0.0011071115499814049,0.023497840493405114,0.1629170978832656,0.0004512602431734386,0.021137065015893918
2018-09-05,2018,1913,0,0,65,20,-0.34726996845298796,-0.0008681749211324699,-0.02212298852621259,0.1705266755230752,0.00033995288019409087,0.009453989113280426
2018-09-06,2018,1913,0,0,63,10,-1.176099510602933,-0.0029402487765073327,-0.008198706814563667,0.16819825238317337,0.00046137297408212327,0.3565137636311224
2018-09-07,2018,1913,0,0,63,6,0.06899753150922644,0.0001724938287730661,0.0633497786222874,0.15626083165348056,0.00036605627797458467,0.012366447168283105
2018-09-10,2018,1913,0,0,64,8,0.25986660704216824,0.0006496665176054206,0.0830978970916098,0.15297261323993283,0.000413984380675002,0.01195848214153622
2018-09-11,2018,1913,0,0,61,10,-0.5959949458399318,-0.0014899873645998296,-0.03317566907944069,0.17237044177917069,0.0004019472428292968,0.007733756195637001
2018-09-12,2018,1913,0,0,62,0,-1.9297568094035367,-0.004824392023508842,-0.2172734035070362,0.20308655203069761,0.0006698500390718138,0.015269390225657138
2018-09-13,2018,1913,0,0,63,6,0.24308313868592002,0.0006077078467148,0.052819944265076274,0.15802697071406996,0.0007225698039077268,0.012131782463302137
2018-09-14,2018,1913,0,0,61,8,1.3662993673838177,0.0034157484184595445,0.18096589881834307,0.13664709229308833,0.0005391156951387451,0.021983388486259775
2018-09-18,2018,1913,0,0,59,4,0.5552928408607621,0.0013882321021519053,-0.0072892355695657616,0.16805122620520357,0.00033500892869909476,0.03146724137071557
2018-09-19,2018,1913,0,0,58,7,0.09414578907677962,0.00023536447269194904,0.034847023428579066,0.16102537553076152,0.0004655539955865991,0.023383150002783577
2018-09-20,2018,1913,0,0,57,6,-0.015804764172721253,-3.951191043180313e-05,-0.024685165494747602,0.17095859304097108,0.000588860358689618,0.020243861416252597
2018-09-21,2018,1914,0,0,58,12,-2.1159473495745824,-0.005289868373936456,-0.18462347689436714,0.1976407647113584,0.0005442063673018482,0.03956807359905782
2018-09-25,2018,1915,0,0,59,22,-0.5959134723658872,-0.001489783680914718,-0.04917296910438675,0.17504401379151496,0.0009647078082047773,0.02839205309560383
2018-09-26,2018,1915,0,0,58,9,0.41812768383896304,0.0010453192095974076,0.03985251683252829,0.16018787730884768,0.00033707970646559734,0.028374729346762603
2018-09-27,2018,1916,0,0,59,12,0.5601262860895255,0.0014003157152238138,0.09763169557369203,0.15054910833396393,0.00037218557342175943,0.06260969645953422
2018-09-28,2018,1917,0,0,60,20,-1.0364203725108265,-0.0025910509312770664,-0.09014879702291499,0.181876689928915,0.0003927608499563154,0.01269461405752869
2018-10-01,2018,1920,0,0,63,19,0.7243307019218517,0.0018108267548046291,0.04777797834688234,0.1588668760623834,0.0005245814438713848,0.02517979913826092
2018-10-02,2018,1920,0,0,63,14,-0.8575660706785473,-0.002143915176696368,-0.04206641152498399,0.17385434426329482,0.00031615020591836213,0.0211098218423667
2018-10-03,2018,1920,0,0,63,2,-0.7727970490058964,-0.001931992622514741,-0.06355741487723982,0.17743942829177392,0.0004330878129230713,0.04089985387064752
2018-10-04,2018,1920,0,0,62,8,-0.7672506895330313,-0.0019181267238325783,-0.04108939502466283,0.17369446048381817,0.0008237094756527066,0.03352902044201669
2018-10-05,2018,1920,0,0,65,7,0.5566834875225732,0.0013917087188064332,0.09095850424556223,0.151660979642745,0.0005297982922099431,0.03581442869635022
2018-10-09,2018,1920,0,0,65,5,-0.4200804820710786,-0.0010502012051776966,0.03200296517706307,0.1615009705259012,0.0013572285907995135,0.024372609860528267
2018-10-10,2018,1920,0,0,64,1,2.5262855555537196,0.006315713888884299,0.18700004934749231,0.1356402750637849,0.000659312766355131,0.017330266001703325
2018-10-11,2018,1920,0,0,63,32,1.457377726947408,0.00364344431736852,0.056473211318651156,0.15741783296891304,0.0005207661004596662,0.1038442069398972
2018-10-12,2018,1920,0,0,63,5,-0.45042283392071564,-0.001126057084801789,-0.09272739069081842,0.18230733475686714,0.0004896289791981192,0.025546135856614652
2018-10-15,2018,1920,0,0,63,9,0.5489230613697393,0.0013723076534243484,0.09197677063979347,0.1514945025690002,0.0009005689875168459,0.034722637350777505
2018-10-16,2018,1920,0,0,64,11,-1.164443687180367,-0.0029111092179509176,-0.10353415089250308,0.1841089807021074,0.000374729323361288,0.023266567019092077
2018-10-17,2018,1920,0,0,63,5,-1.3934118967213875,-0.003483529741803469,-0.12540764344651417,0.18775887095228475,0.0005137871177089678,0.06698174633075095
2018-10-18,2018,1920,0,0,63,16,-0.3783357242227571,-0.0009458393105568927,-0.008339822346953778,0.16822614291329233,0.0003212471714237102,0.04002011339437803
2018-10-19,2018,1921,0,0,64,10,0.9643381130045494,0.0024108452825113737,0.11784710511548567,0.1471783760402207,0.000647216506342615,0.013839658662808679
2018-10-22,2018,1921,0,0,63,13,0.3385068085845535,0.0008462670214613838,0.048527526817533494,0.15873462926549214,0.00039629545489375283,0.03276168553106022
2018-10-23,2018,1921,0,0,62,9,0.9690069103798855,0.002422517275949714,0.11632285091796425,0.14743293440509503,0.0009877428857405434,0.040236934948539194
2018-10-24,2018,1921,0,0,63,15,-0.022312345409895684,-5.578086352473921e-05,-0.004832341880365083,0.16764464248232708,0.0006916260899971114,0.10040738129074715
2018-10-25,2018,1921,0,0,62,35,0.16364393143503797,0.0004091098285875949,0.06527096555721842,0.1559486192081806,0.0015122109519598555,0.07537843619327476
2018-10-26,2018,1921,0,0,62,26,-1.751392400554014,-0.004378481001385035,-0.09073633090902457,0.1819781980967396,0.002404201074210781,0.027320446543100375
2018-10-29,2018,1921,0,0,62,15,-1.655973299427992,-0.00413993324856998,-0.1557864322855084,0.19283108979268793,0.002380899400248403,0.03629391698555451
2018-10-30,2018,1921,0,0,63,30,1.8434466173232251,0.004608616543308063,0.08824023143076798,0.15211593399343515,0.0018162452844709277,0.13078586194399147
2018-10-31,2018,1921,0,0,62,8,3.7423333093329876,0.009355833273332469,0.2412041969831677,0.12659671124827834,0.0008784798573299147,0.07424421328266084
2018-11-01,2018,1921,0,0,62,12,1.3208054884638356,0.003302013721159589,0.04856773402472191,0.15873286546279877,0.0005912147174914527,0.026244596418736468
2018-11-02,2018,1921,0,0,61,2,-1.04186982566682,-0.00260467456416705,-0.007541094565042072,0.16809400823353635,0.0006314518047457126,0.03799609646428937
2018-11-05,2018,1921,0,0,61,3,0.34039427800400446,0.0008509856950100112,0.040527590899442294,0.16007539396888917,0.0006412327253436641,0.03563397304106627
2018-11-06,2018,1921,0,0,60,3,0.3056776964012444,0.0007641942410031111,0.03686400638047471,0.16068845361562537,0.0009658399504438525,0.02496837343183223
2018-11-07,2018,1921,0,0,60,3,-0.3931635398323956,-0.0009829088495809891,0.012622937666300635,0.1647260693187097,0.0007595490133929778,0.022080314664503053
2018-11-08,2018,1921,0,0,60,2,-0.2095937803184722,-0.0005239844507961805,-0.04848349132700653,0.17492427376036604,0.001075276490172482,0.041771643460728876
2018-11-09,2018,1921,0,0,62,2,-1.0574490620343582,-0.0026436226550858952,-0.03253716826669782,0.17226816596038305,0.0008550737597158458,0.016034968267452668
2018-11-12,2018,1921,0,0,61,1,0.7682125748544267,0.0019205314371360668,0.023047939139284292,0.16299179268666586,0.0007653646627628738,0.032707628310536134
2018-11-13,2018,1921,0,0,58,4,-0.5610272848378137,-0.0014025682120945343,-0.06555557634172585,0.17777309534444768,0.0007559232813962604,0.04633578845475835
2018-11-14,2018,1921,0,0,59,5,-1.2389938646912235,-0.003097484661728059,-0.1717514508049921,0.19549291207051356,0.0005274526951489694,0.03260220248121788
2018-11-15,2018,1921,0,0,58,5,-0.19005170816717665,-0.00047512927041794164,0.006055191513706791,0.16582723800797744,0.0005551826880030907,0.02988351561862983
2018-11-16,2018,1921,0,0,58,13,0.06571036409403241,0.00016427591023508104,0.04382176260015841,0.15952484026715866,0.0004532297897170648,0.050582425121440434
2018-11-19,2018,1921,0,0,58,3,-0.3545950732840282,-0.0008864876832100705,0.006721180835337226,0.1657149008418241,0.0003327739722090559,0.06786433534376599
2018-11-20,2018,1921,0,0,59,8,-0.26514365402567175,-0.0006628591350641794,-0.001997653833205928,0.16717047144205674,0.00042756358692381424,0.02269792231129603
2018-11-21,2018,1921,0,0,59,15,0.49883253285885665,0.0012470813321471415,0.03435700710227624,0.16110232471750915,0.00039718419622700266,0.011670693098000135
2018-11-22,2018,1921,0,0,59,2,1.0641129486995011,0.002660282371748753,0.12622527819411836,0.1457775796297501,0.00034588047144662806,0.018563706648421018
2018-11-26,2018,1921,0,0,60,5,2.419144683057441,0.006047861707643602,0.18755455674106183,0.13554534151332223,0.00047269182514857123,0.021191011108921198
2018-11-27,2018,1921,0,0,60,6,0.8603322164139361,0.00215083054103484,0.10148308423601071,0.14990518118400337,0.00038223865391640363,0.017732922876282614
2018-11-28,2018,1922,0,0,61,7,0.3515890813755771,0.0008789727034389427,0.005802817025493673,0.16586964238779991,0.00037961561112340186,0.0319765426550704
2018-11-29,2018,1922,0,0,62,13,1.6117610199917334,0.004029402549979333,0.15477714287303404,0.14101465187449025,0.00041277262253832444,0.063563136456933
2018-11-30,2018,1922,0,0,61,4,-0.7952797647748175,-0.001988199411937044,-0.08530945754398929,0.18107284561245862,0.0009062907878072391,0.013334848395229951
2018-12-03,2018,1922,0,0,62,12,-1.4864119386882428,-0.0037160298467206073,-0.15687012328967112,0.19301061839879083,0.000530445257603577,0.014559651855793833
2018-12-04,2018,1922,0,0,61,10,0.21497029622873498,0.0005374257405718375,0.0226522237937957,0.1630600320024388,0.0007429734426591083,0.06229606824837168
2018-12-05,2018,1922,0,0,62,13,-0.6882659133838178,-0.0017206647834595446,-0.0974679738581374,0.18309805153229813,0.0004226153894399928,0.02490265399880988
2018-12-06,2018,1922,0,0,62,16,1.3428490568589706,0.0033571226421474265,0.10458151800705891,0.14939161943197946,0.0006804285137753279,0.0266801051669835
2018-12-07,2018,1922,0,0,62,11,-0.18149206661961426,-0.00045373016654903564,-0.06002397040054389,0.1768532151238474,0.0006296729094874117,0.014606513660877188
2018-12-10,2018,1922,0,0,60,18,-1.5137957086662115,-0.003784489271665529,-0.07731496263342497,0.17973892703929084,0.0015912605222483415,0.039081828195162024
2018-12-11,2018,1922,0,0,59,20,-2.0094463459451393,-0.005023615864862848,-0.21380247156662985,0.2025076274237205,0.0011213644264819304,0.09036159660841117
2018-12-12,2018,1923,0,0,58,3,-0.8450785707565647,-0.002112696426891412,-0.09854651372731059,0.18328026388344532,0.0011238735729589846,0.06158125351723295
2018-12-13,2018,1924,0,0,59,1,-1.0351016305321092,-0.002587754076330273,-0.13631523926329625,0.18958062344924964,0.0007011720086242879,0.029010848099530605
2018-12-14,2018,1923,0,0,60,11,-0.7509458794278414,-0.0018773646985696035,-0.06096992391431451,0.17701218647313766,0.0007750858855797843,0.04789007198939442
2018-12-17,2018,1923,0,0,59,9,0.6315693602940454,0.0015789234007351136,0.024387878410294835,0.16276898429272937,0.0004637848235137139,0.01571447869068266
2018-12-18,2018,1923,0,0,57,11,1.9606057714834817,0.004901514428708704,0.15959995760900875,0.14021239783800754,0.0008179822661481498,0.05641820357737121
2018-12-19,2018,1925,0,0,59,17,0.5765097574790286,0.0014412743936975713,-0.014769931883676082,0.16930403129207702,0.0010215265548200324,0.0360679210790995
2018-12-20,2018,1925,0,0,59,32,4.7492858268648614,0.011873214567162154,0.19651804750567828,0.13405285266511877,0.001656543056910603,0.08782912326462171
2018-12-21,2018,1928,0,0,61,43,-2.513158475686184,-0.00628289618921546,-0.16928412929753545,0.19508254198026775,0.0028791707657823654,0.04545324382331299
2018-12-25,2018,1929,0,0,61,39,-2.5568823161382994,-0.006392205790345749,-0.17998401772000588,0.19686800031177298,0.01430570603138981,0.14754558533899625
2018-12-26,2018,1929,0,0,58,1,-0.07721548310956078,-0.00019303870777390194,-0.04732358256860858,0.1747308227718509,0.001012170890265241,0.12612612309258836
2018-12-27,2018,1929,0,0,58,2,-0.1796130294618088,-0.000449032573654522,-0.013086846149025399,0.169021104374141,0.001011845978540001,0.0992718428405615
2018-12-28,2019,1930,0,0,58,9,0.26322175954006966,0.0006580543988501742,-0.09661075710743043,0.1829578957466876,0.0021174763440174886,0.046839854456420096
2019-01-04,2019,1930,0,0,57,40,-2.1635890193650704,-0.005408972548412676,-0.15063798058212832,0.19196935255650707,0.0009002605178978965,0.08932114225785134
2019-01-07,2019,1930,0,0,57,10,1.1489907937037422,0.0028724769842593556,0.02979953143081603,0.1618654143462135,0.0007646172424391425,0.08115784000377062
2019-01-08,2019,1930,0,0,56,15,-0.9680787936693224,-0.002420196984173306,-0.07742153224947824,0.179752143235899,0.0008150843833949162,0.03811170149288231
2019-01-09,2019,1930,0,0,57,15,-0.36323756069568075,-0.0009080939017392019,0.04872734056651889,0.15870279882525437,0.0004795738499970663,0.032889542622119634
2019-01-10,2019,1930,0,0,55,13,-0.1543091558222458,-0.0003857728895556145,0.03710140823672278,0.16064669089001227,0.0008244218456917117,0.031212607253053467
2019-01-11,2019,1930,0,0,56,10,-0.13638832188979666,-0.00034097080472449164,-0.0019280355215957454,0.16715747951044505,0.0004412539607385136,0.023919500243710846
2019-01-15,2019,1930,0,0,56,11,0.42400849430465426,0.0010600212357616357,0.06824481962683215,0.1554479997159077,0.0004389192968544124,0.020505183907510716
2019-01-16,2019,1930,0,0,57,6,1.366286811304104,0.00341571702826026,0.06808569305419966,0.155476530995777,0.0005460354554675539,0.03858180264082877
2019-01-17,2019,1929,0,0,59,15,0.9282240115363978,0.0023205600288409944,0.03567640694298778,0.16088409494031367,0.00046168102148776976,0.03800099266565571
2019-01-18,2019,1929,0,0,58,5,-0.8953037067242228,-0.002238259266810557,-0.04863277221805199,0.17494763970070612,0.00046333596705116364,0.03446667746563985
2019-01-21,2019,1929,0,0,59,1,-0.94619064935252,-0.0023654766233812997,-0.07635336991578826,0.1795753318332162,0.000463827086028282,0.04225619223118956
2019-01-22,2019,1929,0,0,61,6,-0.32220265043911156,-0.0008055066260977789,-0.04331084863672811,0.1740588310716102,0.0004980437501032759,0.014654172559055802
2019-01-23,2019,1929,0,0,61,8,-1.4120241073152515,-0.003530060268288129,-0.12257092760626984,0.18728394404173523,0.0005632935829795888,0.017668624446984593
2019-01-24,2019,1929,0,0,60,11,0.5425437302229895,0.001356359325557474,0.008282653946554829,0.16545493030409195,0.00045983018854622854,0.08713360157517093
2019-01-25,2019,1929,0,0,60,3,1.4702589075476045,0.003675647268869011,0.08798241453969428,0.15215454748962562,0.0003656300120023159,0.02249662113916813
2019-01-28,2019,1929,0,0,60,5,0.36432486910165096,0.0009108121727541274,-0.04186411272554445,0.17382177963281986,0.0007572873887093362,0.011346930239025414
2019-01-29,2019,1929,0,0,61,4,0.15232489344059164,0.0003808122336014791,-0.015664797364987916,0.16944901404274,0.0008032014805473687,0.021313202999857204
2019-01-30,2019,1929,0,0,62,6,0.11077048839665116,0.00027692622099162787,0.02493670771029478,0.16267667681451806,0.0009129659100336456,0.22803425497619434
2019-01-31,2019,1929,0,0,62,11,0.9054365858203588,0.002263591464550897,0.07488453623351467,0.15434521181634586,0.0009642916555947138,0.021637273999348484
2019-02-01,2019,1929,0,0,62,16,0.5399360969565578,0.0013498402423913944,-0.005665367379033833,0.16777982975929945,0.0005358016332399771,0.018223920503776136
2019-02-04,2019,1929,0,0,62,25,-1.0393531985281956,-0.002598382996320489,-0.08440930487461996,0.18091541596544408,0.0005178414501385739,0.036143931500527395
2019-02-05,2019,1929,0,0,64,10,-0.4415026050095958,-0.0011037565125239896,-0.03342187032819718,0.1724115232457355,0.0007247935683327215,0.0625804858951435
2019-02-06,2019,1929,0,0,64,5,0.1487562374365048,0.00037189059359126196,-0.0015106041025207775,0.16709071862647995,0.0011726111738248571,0.01497423754256414
2019-02-07,2019,1929,0,0,66,6,0.817528158085874,0.0020438203952146848,0.02328317412639623,0.162954215751801,0.0012731336659670737,0.025929916753814338
2019-02-08,2019,1929,0,0,65,4,0.7981436812676588,0.001995359203169147,0.04332041596828111,0.1596086515396184,0.0009189413269830137,0.49995030698415116
2019-02-12,2019,1929,0,0,64,3,1.1733933609232037,0.002933483402308009,0.08771845482222833,0.1522006894465791,0.0007093807230626114,0.2456282396643959
2019-02-13,2019,1929,0,0,64,2,0.5473437444763205,0.0013683593611908012,0.05234254060229336,0.15810151961474336,0.0007984999884302357,0.0211379500660397
2019-02-14,2019,1929,0,0,65,1,0.25758975668070727,0.0006439743917017682,0.008852661726101257,0.16536229676070266,0.0009008401222967575,0.020805698622076176
2019-02-15,2019,1929,0,0,64,1,0.7970790608160441,0.00199269765204011,0.04774417972144204,0.1588647445971777,0.0003463711683420966,0.023597958129731627
2019-02-18,2019,1929,0,0,63,5,0.4853115324651833,0.0012132788311629583,0.03214194735842727,0.1614716667402353,0.00033969619465987726,0.03765424587278981
2019-02-19,2019,1929,0,0,63,2,1.1470833627513062,0.0028677084068782655,0.08495021790847726,0.15265708868818986,0.00028810559220984283,0.034499123682925265
2019-02-20,2019,1929,0,0,64,7,-0.6861250558261576,-0.001715312639565394,-0.06969060144392919,0.17845535675332183,0.0003108471688039336,0.01746160798603119
2019-02-21,2019,1929,0,0,64,4,-0.17531730878842922,-0.000438293271971073,0.0015631035718413034,0.16657527356182172,0.0003898260844443211,0.013209099165735129
2019-02-22,2019,1929,0,0,64,2,0.010634899106984952,2.658724776746238e-05,0.011694089707926646,0.16488068947049947,0.0003078997651728472,0.014555867076229415
2019-02-25,2019,1929,0,0,63,5,0.7172822937724171,0.0017932057344310429,0.07587411909370759,0.15417524921277106,0.0004091906804750685,0.019200428892101325
2019-02-26,2019,1929,0,0,62,4,0.567630515419568,0.00141907628854892,0.05163366231292618,0.15821800501530062,0.0004022514789266565,0.01643545604884526
2019-02-27,2019,1929,0,0,62,4,-0.8865488343223458,-0.0022163720858058645,-0.03619989463248703,0.17287341224201033,0.0003078385393533703,0.011966539543565066
2019-02-28,2019,1930,0,0,60,1,0.5083102731686668,0.0012707756829216672,0.004100221687275332,0.1661526297101608,0.0004205998724258057,0.011630625052483617
2019-03-01,2019,1931,0,0,61,1,-0.9499282275834812,-0.0023748205689587028,-0.08647157814208552,0.18125929621194267,0.0003456052340045363,0.011335081034813366
2019-03-04,2019,1931,0,0,61,9,-0.8385044077144337,-0.0020962610192860843,-0.07627672730378889,0.17955654508306443,0.0002638171184268033,0.020358404050092434
2019-03-05,2019,1932,0,0,63,4,-0.2081639164544793,-0.0005204097911361982,-0.020415012915601567,0.17024235894490974,0.00043536270058281974,0.012737647019100531
2019-03-06,2019,1932,0,0,64,3,0.7676594658745968,0.001919148664686492,0.03773947155120807,0.16054263679801592,0.0009656934734899848,0.01195813370832308
2019-03-07,2019,1932,0,0,63,0,-0.7244271639226827,-0.0018110679098067067,-0.062265359572366556,0.17722337832240026,0.0004043848663413007,0.014522865220759053
2019-03-08,2019,1932,0,0,63,2,0.7837320641995231,0.001959330160498808,0.150267049789883,0.14176753156172336,0.0005218447396337649,0.02627023414239851
2019-03-11,2019,1932,0,0,63,2,-0.9434354150857494,-0.0023585885377143735,-0.10350509179217543,0.18410239500105866,0.0003837656820582466,0.014388224388561773
2019-03-12,2019,1932,0,0,63,12,-0.8081964081952588,-0.002020491020488147,-0.06988514601082198,0.1784910016260859,0.00036745839653886655,0.0403042135594939
2019-03-13,2019,1933,0,0,66,7,-0.5702535720429838,-0.0014256339301074595,-0.04349357655812859,0.17409216280581155,0.0004853092915831486,0.028551755140365398
2019-03-14,2019,1933,0,0,65,14,-0.7524941715990745,-0.0018812354289976863,-0.06822016788450878,0.1782181915363934,0.0006444064499847716,0.020518322060193668
2019-03-15,2019,1934,0,0,65,6,0.17169497734518036,0.0004292374433629509,0.00030935594563538953,0.16678336511950564,0.00031060418946367914,0.02453313701012437
2019-03-18,2019,1934,0,0,65,5,-0.3950050294256042,-0.0009875125735640106,-0.04869140142514698,0.17495631007518694,0.00027489817857472677,0.01760797346971883
2019-03-19,2019,1935,0,0,66,11,0.11482524496809443,0.0002870631124202361,-0.03324628890992949,0.17238014933332368,0.00039756424219416884,0.024725718648170993
2019-03-20,2019,1936,0,0,67,7,0.2079802097449832,0.000519950524362458,-0.016525923149047758,0.16959593083265584,0.0010115850262541707,0.03465272885013539
2019-03-22,2019,1936,0,0,66,9,0.14995908998620333,0.0003748977249655083,0.03718519663097666,0.1606347436898554,0.0009953455967834197,0.013987623785182299
2019-03-25,2019,1936,0,0,65,10,-1.3017681621852242,-0.0032544204054630603,-0.01709987225232682,0.16968990778857287,0.0005001871232972402,0.018572601945867892
2019-03-26,2019,1936,0,0,63,11,-1.4006747797236483,-0.003501686949309121,-0.13586031609635293,0.1895049413286544,0.0013881266140999843,0.050660105381485514
2019-03-27,2019,1936,0,0,61,8,0.6881814239413311,0.0017204535598533278,0.05784381552061144,0.15718476936575992,0.00034879882855524193,0.016439766065881635
2019-03-28,2019,1937,0,0,63,16,-1.0530119007045193,-0.0026325297517612984,-0.10751953053702777,0.18477651559577216,0.0006523174154905784,0.061625778105527225
2019-03-29,2019,1937,0,0,64,5,-0.33065573648975666,-0.0008266393412243916,-0.08317377727361916,0.1807126338141749,0.0005386310675060637,0.019142000943805016
2019-04-01,2019,1937,0,0,63,5,-0.6600392955662615,-0.0016500982389156538,-0.06347018289721161,0.17742394362697583,0.00042305499240497766,0.060592610266251345
2019-04-02,2019,1937,0,0,63,5,0.2833765091538112,0.000708441272884528,-0.01008973234695608,0.1685054685604975,0.000335732083304218,0.05999587736942557
2019-04-03,2019,1937,0,0,63,7,1.3964611175383304,0.003491152793845826,0.092231375802068,0.15144443480914252,0.00033594095801755587,0.024056714899406317
2019-04-04,2019,1937,0,0,65,7,0.6357831147651241,0.0015894577869128102,0.0019661321142757393,0.16650537302467364,0.00030900645849013617,0.01245569895997575
2019-04-05,2019,1937,0,0,64,9,0.5438468815665303,0.0013596172039163257,0.06950850531264322,0.15522711499583633,0.0003412407251565813,0.036838422349381346
2019-04-08,2019,1937,0,0,63,8,0.653577499401184,0.00163394374850296,0.07950731296029394,0.15356810387724912,0.00025034392927779717,0.015534594204556731
2019-04-09,2019,1937,0,0,64,10,1.108023321931813,0.0027700583048295324,0.10375148499273353,0.14951715228834456,0.00033276131241513195,0.02232261257154273
2019-04-10,2019,1938,0,0,63,9,-0.022401222481181732,-5.600305620295433e-05,-0.020883567012789272,0.17031382720603513,0.0002791480592354382,0.014279050498976539
2019-04-11,2019,1938,0,0,66,8,-1.7630615265659784,-0.004407653816414946,-0.16577646334242524,0.19449511308140355,0.0008522936809552338,0.01490472714342247
2019-04-12,2019,1938,0,0,65,9,0.9065238058211118,0.0022663095145527795,0.06248565344180154,0.15640688710265613,0.0003305420176210064,0.030375430810784792
2019-04-15,2019,1938,0,0,64,22,0.12498344834726927,0.00031245862086817317,0.029634126846675195,0.16188568412197782,0.0003964314420160216,0.0235884786101631
2019-04-16,2019,1938,0,0,65,9,-0.5728987136109573,-0.0014322467840273934,-0.04422772848079469,0.1742164043054764,0.00065954455561996,0.016823417120691596
2019-04-17,2019,1938,0,0,65,10,2.7737267141121418,0.006934316785280354,0.23447853507951635,0.12771325678345352,0.0003149258861502086,0.014646015811093333
2019-04-18,2019,1938,0,0,65,14,0.821395721803228,0.0020534893045080697,0.1432199625506526,0.1429339931930962,0.00025948688207476947,0.016843271949861897
2019-04-19,2019,1938,0,0,65,16,-0.11075569379532171,-0.00027688923448830426,0.030792940713587357,0.16168650958252231,0.00021953294647998348,0.02529561268982027
2019-04-22,2019,1938,0,0,64,13,0.1874892890888733,0.00046872322272218324,0.0367213947472144,0.1607094379525434,0.00035118361394276243,0.02173607560742845
2019-04-23,2019,1938,0,0,63,6,-0.07635916281086153,-0.0001908979070271538,0.016922775971821475,0.164010229756594,0.00037091775470856226,0.0214118866087197
2019-04-24,2019,1938,0,0,64,15,-0.1573351209449412,-0.000393337802362353,-0.019782491822757955,0.17013347319390476,0.00042366647196123903,0.023034636082555186
2019-04-25,2019,1938,0,0,64,13,-1.7775112840415073,-0.004443778210103768,-0.1107855660999828,0.18531995734402917,0.0009424388190744755,0.01782013291465727
2019-04-26,2019,1938,0,0,64,11,-0.2327977352388304,-0.000581994338097076,-0.04219615772509722,0.17387682196213067,0.0007214268545369594,0.009503973814141657
2019-05-07,2019,1938,0,0,63,11,-0.04205007752488177,-0.00010512519381220442,0.0010432785114722909,0.16666350107735012,0.0009822590802223041,0.3038819990061233
2019-05-08,2019,1938,0,0,63,11,-0.17336435748218157,-0.00043341089370545395,0.003758857365593334,0.1662070006948049,0.000864267983273517,0.28261582050435485
2019-05-09,2019,1938,0,0,63,9,-0.017328296866541804,-4.332074216635451e-05,-0.013566855518291617,0.16910039918356334,0.0014274285696111008,0.021223967476978755
2019-05-10,2019,1938,0,0,64,13,1.6213920642146487,0.004053480160536621,0.040998762489124645,0.15999653349953843,0.000994402442294343,0.008625114799244557
2019-05-13,2019,1938,0,0,62,10,-0.13432308267920945,-0.00033580770669802365,0.05761865685333053,0.15722402605848435,0.0011797448537722308,0.022808555975025697
2019-05-14,2019,1938,0,0,61,10,0.3447456996539692,0.0008618642491349229,0.014891342161943363,0.16435025754888388,0.0010255271507110806,0.007196600972153386
2019-05-15,2019,1938,0,0,61,7,-0.1012584754799799,-0.00025314618869994975,0.007184193999794369,0.16563768840739967,0.0006396759429070738,0.0061093640417808955
2019-05-16,2019,1938,0,0,61,10,-0.48713883901958394,-0.0012178470975489598,-0.07007792114454219,0.17852508011272736,0.0004563698467661629,0.011539294017778453
2019-05-17,2019,1938,0,0,60,6,-0.7864557837714975,-0.0019661394594287437,-0.049654256298523256,0.17511887760884995,0.00036345454554424957,0.019865807620592986
2019-05-20,2019,1938,0,0,61,7,0.20121424142190905,0.0005030356035547727,0.13857709186351544,0.1437115254253149,0.0003158387193658561,0.012455583733060905
2019-05-21,2019,1938,0,0,61,8,0.7504776557028543,0.0018761941392571356,-0.08685541671994948,0.18132273073308505,0.0004030196997801253,0.006507376146167007
2019-05-22,2019,1938,0,0,60,9,-0.7718566933057007,-0.0019296417332642518,0.019432203167905268,0.1635907326486811,0.00030714396391487105,0.006642689496329124
2019-05-23,2019,1938,0,0,61,7,0.40777186184063996,0.0010194296546016,0.0041246437385011,0.1661419996681585,0.00034001422273356757,0.015498160418235603
2019-05-24,2019,1938,0,0,60,9,0.22192419363113236,0.0005548104840778309,0.04012107302750376,0.16014089553954053,0.000397760842988455,0.006552940078028846
2019-05-27,2019,1938,0,0,60,13,-0.42772752092609134,-0.0010693188023152285,-0.03580358964471586,0.17280716860317433,0.00035397497079046436,0.015961904500969244
2019-05-28,2019,1938,0,0,60,9,1.0745199659469387,0.0026862999148673464,0.1233729793417279,0.14625111828554657,0.0003726088738624447,0.010062514496972106
2019-05-29,2019,1938,0,0,60,8,-0.5345967901034996,-0.001336491975258749,-0.061413589983769834,0.1770805592567128,0.00037579328437949177,0.01422940748276988
2019-05-30,2019,1938,0,0,59,5,-0.21780529714779906,-0.0005445132428694977,-0.016592148165250578,0.16960567278732525,0.000674297249144166,0.00971277051414185
2019-05-31,2019,1938,0,0,59,8,-0.5237666084518919,-0.0013094165211297297,0.019770359122185728,0.16353888144264844,0.000561762491312342,0.006266137070626338
2019-06-03,2019,1939,0,0,58,8,-0.0012079887986580218,-3.0199719966450545e-06,0.026178756092190808,0.1624707289441894,0.0009488091066770004,0.00792922815770347
2019-06-04,2019,1939,0,0,58,5,-0.7036306328130587,-0.0017590765820326467,-0.06656135953718192,0.17793477198340227,0.0003595031970346426,0.008005575335980342
2019-06-05,2019,1939,0,0,57,5,-0.546339165948492,-0.0013658479148712299,0.011553371303850191,0.16490614617378488,0.0004222779710198528,0.007706990072331615
2019-06-06,2019,1939,0,0,59,3,-0.14790176785672893,-0.0003697544196418223,0.016642824657544488,0.1640590434690028,0.0005050370238362633,0.00633916084153666
2019-06-07,2019,1939,0,0,59,4,0.8455778336340829,0.0021139445840852073,0.07681649963457778,0.15401275578389284,0.00030481424710580233,0.005466663256072815
2019-06-10,2019,1939,0,0,59,4,0.45307413959937093,0.0011326853489984274,-0.009169794913940888,0.16836193502348157,0.000266428742116704,0.016317172275723827
2019-06-11,2019,1939,0,0,61,3,-1.6389347785281738,-0.004097336946320434,-0.16329418460894496,0.19407844002772165,0.000410973656390275,0.007439874647756342
2019-06-12,2019,1940,0,0,62,5,-0.9568958227567835,-0.0023922395568919588,-0.028291321273322536,0.1715485833497236,0.0003232870971984751,0.008831033877890294
2019-06-13,2019,1940,0,0,62,4,-0.9826869989198919,-0.00245671749729973,-0.10250653312363929,0.18393486442815318,0.0003666622990617096,0.009902419082399062
2019-06-14,2019,1940,0,0,59,5,-0.9734749522640667,-0.0024336873806601665,-0.09449962322085317,0.18260337305353408,0.000451980161064912,0.004066850114223973
2019-06-17,2019,1940,0,0,57,9,0.11550811145914608,0.0002887702786478652,0.04860796464788407,0.15872775827846644,0.0007581815588149409,0.02163256296382446
2019-06-18,2019,1941,0,0,58,9,-0.3287304297075254,-0.0008218260742688135,-0.016392788324188504,0.16956317535596407,0.00033791502177189185,0.024970251661748155
2019-06-19,2019,1942,0,0,58,8,-0.4346770085759446,-0.0010866925214398616,-0.058367417821607655,0.1765738467613612,0.0004574550357243628,0.03585911241747809
2019-06-20,2019,1942,0,0,57,6,-0.17217352679198406,-0.0004304338169799601,0.002039065138331398,0.1664893480440354,0.00026868900337609656,0.020594645934729393
2019-06-21,2019,1942,0,0,57,11,0.17927106942005666,0.0004481776735501417,0.03408549792699965,0.16114095160159997,0.0002710096650401682,0.0126781461582451
2019-06-24,2019,1942,0,0,57,17,0.6538755625366036,0.001634688906341509,0.036344913339722444,0.1607716530755486,0.00042418462439831054,0.014891775542235529
2019-06-25,2019,1942,0,0,57,13,2.0050478938108784,0.005012619734527196,0.13456915455933222,0.14438553903105372,0.0005423388492389595,0.00959779981221349
2019-06-26,2019,1942,0,0,57,31,-0.08513623165764553,-0.00021284057914411383,-0.010576981447249589,0.1685943663924591,0.0003735772223883906,0.013990364595402763
2019-06-27,2019,1943,0,0,57,3,0.3987710842857739,0.0009969277107144347,0.02227101426667082,0.16312240116940988,0.0008300280447438648,0.03297976759630769
2019-06-28,2019,1943,0,0,57,13,-0.17927775407845314,-0.00044819438519613287,-0.03251043378360081,0.17225650220413352,0.00028673055661170417,0.043101942888495504
2019-07-01,2019,1943,0,0,58,26,-2.281855574142372,-0.0057046389353559305,-0.20232295613659243,0.20058922794298867,0.000632003922821232,0.08917880935345979
2019-07-02,2019,1943,0,0,57,9,1.3257297667153936,0.003314324416788484,0.10725728790275907,0.14893973232845883,0.0002458282923185913,0.17468741385274153
2019-07-03,2019,1943,0,0,57,3,0.25711599201847807,0.0006427899800461952,0.06847025798957801,0.1554018674654641,0.00025509465616185747,0.04312983025756725
2019-07-04,2019,1943,0,0,58,6,0.010645664434256075,2.6614161085640188e-05,-0.004939190584615034,0.1676571345473108,0.000466653061279903,0.0318656353244116
2019-07-05,2019,1943,0,0,55,6,0.4704493028278358,0.0011761232570695896,-0.02109324439351082,0.17035216717950016,0.0003389259680244435,0.05975902602691984
2019-07-08,2019,1943,0,0,54,1,0.35485908253445564,0.0008871477063361391,0.029447581900787886,0.16191901170295003,0.00026637578005190546,0.018440496202683204
2019-07-09,2019,1943,0,0,53,3,-0.1607574145823849,-0.0004018935364559623,0.006937223058418678,0.16567669714202873,0.0003298155781110016,0.021222828440871998
2019-07-10,2019,1943,0,0,54,5,0.20724033455557467,0.0005181008363889367,0.051674262289481014,0.158211328104461,0.00039350614021177005,0.21851192476688877
2019-07-11,2019,1943,0,0,55,4,-0.0023888134285559026,-5.972033571389757e-06,-0.030142551757772685,0.17185952428728563,0.0005633130735553978,0.010037678753814235
2019-07-12,2019,1943,0,0,52,0,-0.000467845722447624,-1.16961430611906e-06,0.03016421389158591,0.1617987435078,0.0002869658657702717,0.010611208526054159
2019-07-16,2019,1943,0,0,51,4,-0.4766104253039165,-0.0011915260632597913,-0.057460488002155655,0.17642464969390212,0.0009683772939466953,0.012086921204015215
2019-07-17,2019,1943,0,0,54,3,0.6933002460281705,0.0017332506150704264,0.062211800130810575,0.15645870021294467,0.0005282568085221154,0.00846670682952165
2019-07-18,2019,1944,0,0,55,14,-1.0249967082809597,-0.002562491770702399,-0.08438467341595789,0.18091096421147188,0.0003087086647385082,0.02966214731942458
2019-07-19,2019,1944,0,0,54,10,-0.3748246562267459,-0.0009370616405668647,-0.009972795686449588,0.16849829414189776,0.00021671122732966602,0.016050185082655342
2019-07-22,2019,1944,0,0,54,7,0.2184779623068267,0.0005461949057670668,-0.04880717193486303,0.17497184617338848,0.000247472205587651,0.03271283850763966
2019-07-23,2019,1944,0,0,54,8,0.0016321422083137582,4.080355520784395e-06,-0.031784361200981374,0.17213252380822713,0.0002527784704540463,0.010938047883079387
2019-07-24,2019,1944,0,0,54,9,-0.627093570022289,-0.0015677339250557225,-0.03874349335402353,0.17329066989773145,0.0003374311364106447,0.012490600340027707
2019-07-25,2019,1944,0,0,54,10,-0.8027450407611264,-0.002006862601902816,-0.07020006425220045,0.17854227026174285,0.00033848103821862343,0.033238758405506
2019-07-26,2019,1944,0,0,54,9,-0.400294041335546,-0.001000735103338865,0.02287173389196853,0.16301599305459707,0.00035649425854514114,0.07277147141048665
2019-07-29,2019,1945,0,0,54,6,-0.22311005722394905,-0.0005577751430598726,-0.02272517121493475,0.17062405187724575,0.0005181304646287032,0.05979367907683131
2019-07-30,2019,1945,0,0,55,9,0.06270895931342153,0.00015677239828355382,0.01859191530822371,0.16372734103481484,0.00047399259845247205,0.020513182837790425
2019-07-31,2019,1945,0,0,56,2,-1.6960382499329731,-0.0042400956248324325,-0.14933791611283828,0.19175299956212566,0.001312822467638585,0.022303294357666027
2019-08-01,2019,1945,0,0,55,3,-0.4943546496020206,-0.0012358866240050515,-0.08395767433590672,0.18084462381815178,0.0010719079193754828,0.01962205540568174
2019-08-02,2019,1945,0,0,56,9,-0.10278231081485933,-0.00025695577703714834,-0.053039322578890824,0.17568003587909498,0.0004540866728482011,0.022132428508189295
2019-08-05,2019,1945,0,0,54,18,-0.8802297107232111,-0.0022005742768080277,-0.0781120109385623,0.1798639340112114,0.0006243703475228056,0.02177528580177395
2019-08-06,2019,1945,0,0,54,11,-0.8840374589919784,-0.002210093647479946,-0.05750927170659455,0.17642695943700368,0.000600653756589848,0.02000273369623559
2019-08-07,2019,1945,0,0,55,8,0.17204261068532234,0.00043010652671330587,-0.003413228155729918,0.16739479163768875,0.0005825981938212806,0.03856851925388078
2019-08-08,2019,1945,0,0,53,3,-2.537600114689395,-0.006344000286723488,-0.16825414183257875,0.19490804567029665,0.0011429517250979375,0.011251404714012416
2019-08-09,2019,1946,0,0,54,4,1.0265798744838526,0.0025664496862096314,0.07902555716964693,0.15365108604739597,0.0005884243866210701,0.009899821198899296
2019-08-13,2019,1946,0,0,54,10,-1.066701625382988,-0.00266675406345747,-0.06354452391450678,0.1774373331977318,0.000675773911302112,0.02434617186379437
2019-08-14,2019,1946,0,0,54,13,-0.8018641173879231,-0.0020046602934698076,-0.021923933179381797,0.17048763220442473,0.00032782564733940735,0.020867978266986238
2019-08-15,2019,1946,0,0,54,13,-0.03476817329280335,-8.692043323200837e-05,-0.0037623070213129444,0.1674514230222171,0.0003307818108084934,0.031679487916901526
2019-08-16,2019,1946,0,0,54,11,-0.2674180291287154,-0.0006685450728217884,0.0019079999518110192,0.1665156707323778,0.0004050134608943727,0.006185888252863212
2019-08-19,2019,1946,0,0,54,9,0.447759268421452,0.00111939817105363,0.04179960686186463,0.159860555142698,0.00034625759639965225,0.01636329914503526
2019-08-20,2019,1946,0,0,54,11,-0.26987503176695365,-0.0006746875794173842,-0.038228802373830396,0.1731931078663027,0.00026128360046161084,0.028651452140794065
2019-08-21,2019,1946,0,0,57,12,-0.41322868554386283,-0.0010330717138596571,-0.0302596282175013,0.17187011259043372,0.00021699591204727217,0.027685529518072884
2019-08-22,2019,1946,0,0,57,14,-0.4425052132846008,-0.001106263033211502,-0.0446799101856968,0.17429174911432435,0.0007083274227869922,0.018150937544021938
2019-08-23,2019,1946,0,0,57,5,0.501353901181542,0.001253384752953855,-0.037326820752652305,0.17305550882952803,0.0002865213576512978,0.005535990131488958
2019-08-26,2019,1946,0,0,58,6,0.10259038800167697,0.0002564759700041924,0.0233458806245431,0.16292951807973974,0.00026164876228771213,0.049754801653758715
2019-08-27,2019,1946,0,0,54,13,-0.339194489564255,-0.0008479862239106375,-0.046965624269199494,0.1746603643026365,0.000292982408237462,0.023488873476524307
2019-08-28,2019,1946,0,0,54,7,-2.3990351800581475,-0.005997587950145369,-0.22808882370461175,0.20489090237599422,0.0007104912757446671,0.009652118767164765
2019-08-29,2019,1946,0,0,53,8,0.140798717155189,0.0003519967928879725,0.009164247191717646,0.16530572291367046,0.00030289753804070183,0.011607304011160204
2019-08-30,2019,1946,0,0,53,7,-0.11117930792754516,-0.00027794826981886287,0.04885905144347845,0.1586783789866526,0.0002546395241482255,0.049093902749293435
2019-09-02,2019,1947,0,0,53,6,0.7273588366762979,0.0018183970916907446,0.13352229280837513,0.1445567187807562,0.00025890815597140004,0.025650698181591988
2019-09-03,2019,1947,0,0,53,6,0.15772533314771664,0.0003943133328692916,0.02517653928913008,0.16263718863955118,0.0005961354603490629,0.01694874653992349
2019-09-04,2019,1947,0,0,54,7,-0.5529175760936671,-0.0013822939402341678,-0.05167087565385901,0.17545023639182747,0.00025355999475901885,0.0366652249282644
2019-09-05,2019,1947,0,0,53,5,-0.11930803387878353,-0.0002982700846969588,0.02534457571164055,0.1626057374589752,0.0003306866618160912,0.02997432450866053
2019-09-06,2019,1947,0,0,52,10,4.692142710967069,0.011730356777417673,0.3042816865426621,0.11607052261234195,0.0004704576386123223,0.024917449517050834
2019-09-09,2019,1947,0,0,51,19,1.317043037322283,0.0032926075933057074,0.16418754320686765,0.13944467671048658,0.00046311374737337865,0.022123625402614755
2019-09-10,2019,1947,0,0,51,7,1.6794345704719273,0.004198586426179819,0.13601000498176322,0.14414113247072416,0.00034417833813297463,0.022053544201015005
2019-09-11,2019,1947,0,0,51,8,0.9061528811664132,0.002265382202916033,0.12256773594880722,0.14638602021985506,0.00033585421876995323,0.04962437699591845
2019-09-12,2019,1947,0,0,50,7,-0.0916145954791453,-0.00022903648869786324,-0.04271960990497686,0.17395510165259565,0.000385760909964104,0.016776182598635083
2019-09-13,2019,1946,0,0,50,8,-1.9658922255263258,-0.004914730563815814,-0.13648007892989764,0.1896040667086344,0.0004986764632953698,0.01687862929698514
2019-09-17,2019,1945,0,0,50,11,0.305858847496985,0.0007646471187424625,-0.0039680089392285095,0.16749872067166038,0.0002885415548497151,0.015232450483793214
2019-09-18,2019,1945,0,0,49,5,0.10137295285140802,0.00025343238212852007,-0.035418492684289225,0.1727369014170228,0.00034369384215853015,0.03234425805213326
2019-09-19,2019,1945,0,0,48,13,-0.09299776442908958,-0.00023249441107272396,-0.050786923549712974,0.17530451214300216,0.0003577990552987587,0.016809678768705972
2019-09-20,2019,1946,0,0,50,13,0.28607308148509786,0.0007151827037127446,0.01014802320377844,0.1651375884075326,0.00022829211414613731,0.012687794739926386
2019-09-24,2019,1947,0,0,50,7,-1.378632830228219,-0.0034465820755705473,-0.08467964338700226,0.18096076239121614,0.0002630138500423663,0.01361015040053014
2019-09-25,2019,1947,0,0,50,5,0.4878651200507682,0.0012196628001269205,0.009505684019208732,0.16525095584390176,0.0005776943810442599,0.013188185370388099
2019-09-26,2019,1947,0,0,51,12,0.9537358462191434,0.0023843396155478584,0.03180855700549294,0.16152915581775998,0.00044491600592623813,0.011994806775353245
2019-09-27,2019,1948,0,0,51,6,1.298441449336603,0.0032461036233415075,0.10285606610699671,0.1496768277317808,0.0006125823546714169,0.028430798504949555
2019-09-30,2019,1948,0,0,52,3,0.08487407117601053,0.00021218517794002634,-0.020119334287408714,0.17018947719287605,0.00031653265618939564,0.02701216231817704
2019-10-01,2019,1949,0,0,52,5,0.46553584755957766,0.001163839618898944,0.035590107999602424,0.1608995358027329,0.0006669244745623953,0.03738442763035348
2019-10-02,2019,1949,0,0,52,9,0.1784666838190515,0.0004461667095476288,-0.026902847463565534,0.17131803101044515,0.00025900525045867374,0.02403123812734335
2019-10-03,2019,1949,0,0,52,2,-0.28471445902116327,-0.0007117861475529082,0.03787369031114469,0.1605053595518322,0.0002836255243361836,0.025665855576499877
2019-10-04,2019,1949,0,0,50,4,0.41291413524085474,0.0010322853381021368,0.07274631164804315,0.15469780270158742,0.0004400992615825169,0.016034196626614344
2019-10-07,2019,1949,0,0,49,5,-0.5115684632364812,-0.001278921158091203,-0.061725889860604545,0.1771263646447209,0.00023179039066714425,0.010926775496419898
2019-10-08,2019,1950,0,0,52,12,0.4692189490944477,0.0011730473727361193,0.0709723733203007,0.15498868439682442,0.00034444397882891505,0.020045978305795235
2019-10-09,2019,1951,0,0,56,5,-0.048590816261991576,-0.00012147704065497894,-0.041974848031663854,0.17383117145879437,0.00032306765960613264,0.014743911486045862
2019-10-10,2019,1951,0,0,58,13,0.0046390769266442256,1.1597692316610564e-05,-0.026787761165392714,0.1713061218121424,0.0006062098189864413,0.05585885004457946
2019-10-11,2019,1951,0,0,58,7,-0.09085759081943545,-0.00022714397704858862,-0.01611046696221809,0.16952042308079843,0.00043319029446183563,0.1297621893200971
2019-10-15,2019,1951,0,0,57,11,-0.08419134109885651,-0.00021047835274714128,-0.01122919362331081,0.16870586758893344,0.0003164415919669641,0.018660047276958712
2019-10-16,2019,1951,0,0,56,8,-1.0826108441835185,-0.0027065271104587964,-0.09131272544734505,0.18206548357170133,0.0003052306414984053,0.008159043519549764
2019-10-17,2019,1951,0,0,56,8,-0.3183645201233043,-0.0007959113003082607,-0.01987034919755699,0.17014380137160567,0.00031685438407579817,0.015754722007483256
2019-10-18,2019,1951,0,0,56,6,-0.5304660733106358,-0.0013261651832765895,-0.018981484500022402,0.17000033159548988,0.00031839948261976726,0.028207291052551514
2019-10-21,2019,1951,0,0,57,8,-0.6652785746806418,-0.0016631964367016044,-0.048685837366882916,0.1749507559130317,0.0003296401033368854,0.05069846757122183
2019-10-23,2019,1951,0,0,57,10,0.8756140538575987,0.0021890351346439967,0.07660588124164235,0.15404519397156702,0.0002456696759651801,0.011831826891501805
2019-10-24,2019,1951,0,0,58,8,0.9336884911791746,0.0023342212279479366,-0.03385146860330619,0.1724799978163224,0.00034647959897570976,0.024445044308702348
2019-10-25,2019,1952,0,0,58,16,0.056613752354739644,0.0001415343808868491,-0.060782427467964445,0.17697386189402933,0.00032385301662594046,0.016132005734359474
2019-10-28,2019,1953,0,0,60,12,-0.2379815688444683,-0.0005949539221111708,0.04952575204050949,0.158571890337074,0.0006013767621471141,0.03285263621905437
2019-10-29,2019,1953,0,0,59,15,-0.8230966342084406,-0.0020577415855211013,-0.023843858860643104,0.17081083017316334,0.0005611635705748118,0.011440815752451032
2019-10-30,2019,1954,0,0,59,2,0.7912758816874068,0.001978189704218517,0.0308855618155031,0.16168236088227567,0.0005507534131694099,0.017804409221319935
2019-10-31,2019,1954,0,0,59,5,0.21681335178805528,0.0005420333794701382,0.06855023876805366,0.15539811899216555,0.0006567873489782442,0.0688942412800561
2019-11-01,2019,1955,0,0,63,8,0.21773747298185916,0.0005443436824546479,0.04390953122473223,0.15950471913493555,0.00044451581063705676,0.01945354632861666
2019-11-05,2019,1955,0,0,63,21,-0.11919168111948106,-0.00029797920279870266,-0.04272246825047931,0.17395899207814597,0.00043556205098271253,0.02557498344907292
2019-11-06,2019,1955,0,0,61,19,-0.09925788449083792,-0.0002481447112270948,-0.008781009934686602,0.16829404312817592,0.0005698930858885671,0.014223680650151066
2019-11-07,2019,1955,0,0,62,16,1.1573571882638314,0.0028933929706595786,0.051336854477621936,0.15827017807545307,0.0006088934802446996,0.0577012952857872
2019-11-08,2019,1955,0,0,61,18,-0.23535635603674043,-0.0005883908900918511,-0.02783494548089234,0.17147506090891135,0.0003582493989688337,0.04275231360562689
2019-11-11,2019,1955,0,0,61,19,0.3522401098671766,0.0008806002746679414,0.031893183729507675,0.16151382794303187,0.0004973882190647278,0.02758340419990304
2019-11-12,2019,1955,0,0,61,19,-0.34145078730510936,-0.0008536269682627734,-0.008196324561235518,0.16820321057956789,0.0006588282815012964,0.0168933059351528
2019-11-13,2019,1955,0,0,61,14,1.096371827439295,0.0027409295685982375,0.03273730714227971,0.16137287600652975,0.0005606370789467731,0.01762846331478479
2019-11-14,2019,1955,0,0,61,9,-0.17088698677898284,-0.0004272174669474571,0.02148298074654265,0.16324848329275632,0.00036913101515511796,0.04617144566520273
2019-11-15,2019,1955,0,0,61,15,-1.3285678351510755,-0.0033214195878776887,-0.09473281826283164,0.1826352275307971,0.0003162208379872509,0.03748467547612358
2019-11-18,2019,1955,0,0,61,15,-0.06541435268236817,-0.00016353588170592043,0.0018713122755495035,0.166521386149073,0.00035243512788145695,0.026572599205285267
2019-11-19,2019,1955,0,0,61,10,-0.6186979558258374,-0.0015467448895645935,-0.04755496626017833,0.17476237996185418,0.00024880537147977993,0.015830340681414257
2019-11-20,2019,1955,0,0,60,7,-0.23059672157559258,-0.0005764918039389814,-0.03519542547882934,0.17269616066374044,0.0002572651211800662,0.010995306272452762
2019-11-21,2019,1955,0,0,58,2,2.0535460697521253,0.005133865174380314,0.21108795724627444,0.13161837005569776,0.00035336414675726297,0.008159427769318633
2019-11-22,2019,1955,0,0,58,3,-0.19364211622086216,-0.0004841052905521554,-0.006555054407970974,0.16792512549118407,0.000297215554623152,0.007977062307298466
2019-11-25,2019,1955,0,0,58,13,-0.08654991299186277,-0.00021637478247965691,0.028113927741730688,0.16214204058686013,0.00030288963747129654,0.03148770379846233
2019-11-26,2019,1955,0,0,59,5,-0.10153202516763876,-0.0002538300629190969,0.008100351336116822,0.1654792486011211,0.00026256187077814525,0.01714332642232405
2019-11-27,2019,1955,0,0,58,9,-0.3060430830348604,-0.000765107707587151,-0.023399278020389658,0.17073003766544775,0.00023165775268981902,0.006842130737913308
2019-11-28,2019,1955,0,0,58,7,0.059380131218741194,0.00014845032804685298,0.02640365845876607,0.16242841098430733,0.00029636236034664954,0.015845662348585563
2019-11-29,2019,1955,0,0,58,3,-0.6949774218294986,-0.0017374435545737465,-0.07171244765311185,0.1787979596176836,0.0003213220761435766,0.016301028649613154
2019-12-02,2019,1955,0,0,57,21,0.03897225953758118,9.743064884395295e-05,-0.013646132618525493,0.16910360831968443,0.000273901201886316,0.013706782157353827
2019-12-03,2019,1955,0,0,55,5,-1.1740653472933178,-0.0029351633682332943,-0.049144752039404944,0.1750312872400997,0.0003196089397827273,0.029371337661317467
2019-12-04,2019,1955,0,0,55,6,0.5172383085834479,0.0012930957714586196,0.003720318665063042,0.16620845640937,0.00023129306627229157,0.025505800148250025
2019-12-05,2019,1955,0,0,55,8,0.21504540039154818,0.0005376135009788704,0.0012768115579298005,0.1666168908644461,0.00032993362917270826,0.0100810532509041
2019-12-06,2019,1955,0,0,54,6,0.651761615986709,0.0016294040399667726,0.058757569742005536,0.15701953756660414,0.00023440881446993702,0.004405680991244117
2019-12-09,2019,1955,0,0,54,12,1.2529881421545104,0.003132470355386276,0.06847314201557105,0.15540653351620592,0.000268985385753676,0.01951423959244321
2019-12-10,2019,1956,0,0,54,6,0.34643978398464537,0.0008660994599616135,0.013813826915570367,0.16452475520309587,0.0002891199225788366,0.011396717594120441
2019-12-11,2019,1957,0,0,55,7,-0.08244321226742879,-0.00020610803066857197,-0.029959013163222723,0.17183261932274493,0.0004807403391936885,0.008558855805922888
2019-12-12,2019,1958,0,0,55,2,0.2969886486993962,0.0007424716217484904,0.04137345278232158,0.15992523631716693,0.00034705167603970763,0.030123671858890554
2019-12-13,2019,1958,0,0,54,5,0.8783716695832957,0.0021959291739582394,0.0636248602830298,0.15621251503235964,0.0004470970569325359,0.022145961847887363
2019-12-16,2019,1960,0,0,56,15,0.5394540812708923,0.0013486352031772308,0.0019330124940543268,0.16650776423659636,0.00036482306678652316,0.00471355295260975
2019-12-17,2019,1962,0,0,58,9,0.806839819696791,0.0020170995492419775,0.04513274876965933,0.15930144623570267,0.00028564566756146363,0.010725471404990496
2019-12-18,2019,1964,0,0,59,5,0.21253740671737986,0.0005313435167934497,0.017475225758789844,0.16391226269062062,0.0003209786190317576,0.027618706942882414
2019-12-19,2019,1965,0,0,56,11,0.7582790281676737,0.0018956975704191841,0.06903735538178059,0.15531376787586929,0.0002964715078951093,0.008411794124630027
2019-12-20,2019,1965,0,0,56,9,-0.34685513542850627,-0.0008671378385712656,-0.0039000121617364263,0.1674723569094264,0.000199467720185586,0.004343245617002402
2019-12-23,2019,1965,0,0,56,10,0.24945917245813753,0.0006236479311453438,0.018295569087370896,0.16377784422291397,0.0003284755188181764,0.009351490537924135
2019-12-24,2019,1965,0,0,56,8,0.1535408062604362,0.0003838520156510905,-0.015030853816115141,0.16934008033187417,0.0002596471985397259,0.007133783303859295
2019-12-25,2019,1966,0,0,57,11,-0.3455958780022844,-0.0008639896950057111,-0.0010476026332778513,0.1670062521403573,0.00034856469168521344,0.008008319707541543
2019-12-26,2019,1966,0,0,58,10,-0.1367581670951592,-0.000341895417737898,-0.027493401011008826,0.17141980232858361,0.00034507300554680937,0.045121500153945567
2019-12-27,2019,1966,0,0,57,15,0.20112677332299622,0.0005028169333074905,0.004192264662851155,0.1661365783041816,0.0006174867397128148,0.011190904622439782
2019-12-30,2020,1966,0,0,57,10,0.8507867448210513,0.002126966862052628,0.11100387620641314,0.14831632392924074,0.0004917281264644066,0.007511425619816072
2020-01-06,2020,1966,0,0,56,9,-1.1749631186530776,-0.002937407796632694,-0.10876009519071199,0.18498112869542674,0.0005796660959331161,0.027872930739295584
2020-01-07,2020,1966,0,0,56,7,0.251265935948529,0.0006281648398713224,0.03529063210848864,0.1609482214947848,0.0004845756297144587,0.023846903095738555
2020-01-08,2020,1966,0,0,55,11,0.5513578153730765,0.0013783945384326912,0.02382101379234095,0.1628550310704149,0.00042862771259434773,0.08691702687337946
2020-01-09,2020,1966,0,0,51,9,0.7968811462433534,0.0019922028656083834,0.015417956102430455,0.1642609155150669,0.0005701652452068974,0.04892670325672793
2020-01-10,2020,1966,0,0,50,6,0.4297790705416388,0.001074447676354097,0.002002379744895115,0.16648990158412177,0.00042283802517010784,0.01364086177804812
2020-01-14,2020,1966,0,0,48,3,0.5676075982725959,0.0014190189956814897,0.0571231732651249,0.15730097390080935,0.0003084872605713179,0.009580651011236091
2020-01-15,2020,1966,0,0,48,3,-0.5688837608603272,-0.001422209402150818,-0.1397214685474135,0.19013115036501593,0.00023863347869152203,0.0074360030601431665
2020-01-16,2020,1966,0,0,48,5,-0.05596798295489869,-0.00013991995738724672,0.0025731286080628176,0.1663992881938918,0.00027510047143847974,0.03365545347550998
2020-01-17,2020,1966,0,0,48,11,-0.3343919088749334,-0.0008359797721873335,0.030054352101913033,0.16181357596950144,0.00026930989900071775,0.005609626466500272
2020-01-20,2020,1966,0,0,49,2,0.056975972324002866,0.00014243993081000715,-0.0012396930267677283,0.1670363753031508,0.00025255817464870924,0.013230517537608594
2020-01-21,2020,1966,0,0,50,10,0.2727969741209799,0.0006819924353024498,0.014253442319704235,0.16445678325655894,0.0003282476967606236,0.04067758177475925
2020-01-22,2020,1966,0,0,50,5,0.03826660390281633,9.566650975704083e-05,0.06785656738208456,0.15550929383617212,0.0003519996098724589,0.02652796646370308
2020-01-23,2020,1966,0,0,50,8,-1.1591370499602478,-0.0028978426249006194,0.021551909725565283,0.16324041858457797,0.0007946890035581347,0.031745729967295896
2020-01-24,2020,1966,0,0,47,6,0.5839614681893127,0.0014599036704732817,0.04623787383759914,0.15911870068064027,0.00034681120942819303,0.012126974050117275
2020-01-27,2020,1966,0,0,46,5,-2.3027133402405724,-0.005756783350601431,-0.19511553380588226,0.19938354673691305,0.00038271062638364924,0.018882335665235235
2020-01-28,2020,1966,0,0,45,4,1.3634260901643258,0.0034085652254108147,0.09903636324320715,0.1503130477273633,0.0007189993973892519,0.019854277422770652
2020-01-29,2020,1966,0,0,45,5,-0.4791700500687488,-0.001197925125171872,-0.010656782277546352,0.16861206904995066,0.0005754919483534818,0.021449526010833605
2020-01-30,2020,1966,0,0,44,6,1.5683972169879985,0.0039209930424699965,0.1213006830851001,0.14659733577111356,0.0005283113497354619,0.021039056406200726
2020-01-31,2020,1966,0,0,44,2,1.1335905067059724,0.002833976266764931,0.09606498417414223,0.1508068052528436,0.0005499678813651566,0.013466982326937042
2020-02-03,2020,1966,0,0,41,3,-0.32016207232846927,-0.0008004051808211732,-0.02867725175005097,0.17161513655536303,0.0005069025268568247,0.03476261907470653
2020-02-04,2020,1966,0,0,41,2,2.1028949251823925,0.005257237312955981,0.21872852945657129,0.130343489220602,0.0006654656197472895,0.0406308738260572
2020-02-05,2020,1966,0,0,42,0,-0.3781783226756116,-0.000945445806689029,-0.0775669471018624,0.17977484954605175,0.0004958483288043695,0.016163620181305863
2020-02-06,2020,1966,0,0,39,1,-1.100747435214957,-0.002751868588037393,-0.11850168431190457,0.18660346183733365,0.0005191278094730783,0.023176990867800337
2020-02-07,2020,1967,0,0,41,0,0.6164819215241134,0.0015412048038102835,0.06751739485599148,0.15556892620395074,0.0005537357458322761,0.014909054270946388
2020-02-10,2020,1967,0,0,39,1,0.5296967549712805,0.0013242418874282013,0.06094205655008528,0.15666502768157467,0.000573086254855746,0.011120802351137002
2020-02-12,2020,1967,0,0,40,6,0.48873617562445304,0.0012218404390611326,-0.0011571960638681101,0.16702517890468313,0.0007050964185223996,0.0129626837156564
2020-02-13,2020,1967,0,0,40,6,0.10295150901434891,0.00025737877253587224,0.0033913573386400247,0.16626941085461744,0.0008443512860850601,0.008883818056926772
2020-02-14,2020,1967,0,0,39,8,-0.06722106113662685,-0.00016805265284156712,0.00321913100710123,0.166298442344002,0.0006235633329057376,0.009514445698425847
2020-02-17,2020,1967,0,0,39,5,0.03141191936124499,7.852979840311247e-05,0.001680994833481587,0.16655015869882858,0.00046433832136950437,0.026910064583850802
2020-02-18,2020,1967,0,0,39,9,0.7002693623797616,0.001750673405949404,0.059933038007598895,0.15682865216754652,0.00025893480071582936,0.023358871148523565
2020-02-19,2020,1967,0,0,40,14,-0.6593967423859677,-0.0016484918559649191,-0.06189505645055371,0.17715055715518685,0.0002775041636492974,0.030597978273404693
2020-02-20,2020,1967,0,0,40,9,2.3655920034652995,0.005913980008663249,0.11414676538184343,0.14779238865734237,0.001706062671915701,0.007620387139368313
2020-02-21,2020,1967,0,0,39,7,-1.8558948034576517,-0.004639737008644129,-0.14188567000715052,0.19050530711007202,0.0003728043988875778,0.005457829146122349
2020-02-25,2020,1967,0,0,39,26,-0.24419492917143515,-0.0006104873229285879,-0.030817743022326604,0.171977657258335,0.0008539468707001904,0.07787054908722327
2020-02-26,2020,1967,0,0,39,1,0.930051544890631,0.0023251288622265776,0.07564859813569824,0.15421528265962578,0.002297079838153246,0.015969978909828098
2020-02-27,2020,1967,0,0,40,31,0.67986992663411,0.0016996748165852749,0.06632692732303881,0.1557703526763053,0.003701108932948426,0.08517980406587176
2020-02-28,2020,1967,0,0,40,36,1.025463922918186,0.002563659807295465,-0.060838190697338417,0.17698584050032137,0.0015182166963079286,0.14871993671684455
2020-03-02,2020,1968,0,0,41,23,-1.3511633183359764,-0.003377908295839941,-0.08735373918893778,0.18140120642031266,0.0007376929836748194,0.14032858861604788
2020-03-03,2020,1968,0,0,41,38,1.0797036543703964,0.002699259135925991,0.053333740651766874,0.15793106971262055,0.0005647071770318286,0.025716813064622018
2020-03-04,2020,1968,0,0,43,1,0.8724584029620539,0.002181146007405135,0.15288502722719827,0.1413293218619411,0.0012324932437911937,0.013289198256746959
2020-03-05,2020,1968,0,0,43,5,3.0484570289471176,0.007621142572367794,0.22178580066731812,0.12983424062239124,0.004699130941048816,0.02333096175621323
2020-03-06,2020,1968,0,0,43,43,0.5086619100021625,0.0012716547750054063,0.053760824172788574,0.15786635231849405,0.0034519870297829817,0.08155867215138399
2020-03-09,2020,1969,0,0,43,43,-2.718928928311469,-0.0067973223207786725,-0.17130028309555176,0.19541385426117514,0.003484285259876335,0.15467873223739564
2020-03-10,2020,1970,0,0,44,8,-1.361560737643968,-0.00340390184410992,-0.03411608914094979,0.17252771097072986,0.005779449676772108,0.16021733033132984
2020-03-11,2020,1970,0,0,43,34,2.6269247127959954,0.0065673117819899885,0.1347859688740705,0.14434879974420073,0.002040229596267255,0.05103556318509153
2020-03-12,2020,1970,0,0,42,42,2.1685501354725014,0.005421375338681253,0.08896598635948001,0.15199272530059282,0.0030571998594991294,0.08271572641646373
2020-03-13,2020,1971,0,0,42,42,1.4918830584794538,0.0037297076461986346,0.0775656319748191,0.15389502981460715,0.015373418329955183,0.156812069267676
2020-03-16,2020,1971,0,0,42,7,-2.7709765576304406,-0.006927441394076101,-0.05328756868041221,0.17572580483960668,0.0024759458015481514,0.10235941147963744
2020-03-17,2020,1971,0,0,40,2,2.6109955753485266,0.006527488938371316,0.08846133680486626,0.15207727730151566,0.004550867659637121,0.2075760572204054
2020-03-18,2020,1971,0,0,39,1,3.1479300254105995,0.007869825063526499,-0.052165017251625596,0.17553868574031778,0.004205504923807384,0.05747158782821839
2020-03-19,2020,1971,0,0,36,0,3.313810048079201,0.008284525120198004,0.011559806286041073,0.16490723304399663,0.005157145102005585,0.05882963112414142
2020-03-23,2020,1971,0,0,35,3,6.478140580987395,0.016195351452468486,0.22455066863492218,0.12937272686163548,0.004558007493395043,0.11967691486038452
2020-03-24,2020,1971,0,0,35,3,-0.1582666470823435,-0.00039566661770585877,-0.041719674981318955,0.17379553364021558,0.002078582689575808,0.15383379259898936
2020-03-25,2020,1971,0,0,35,4,2.226998469822279,0.005567496174555697,0.12252507934166802,0.14639418708535742,0.0026745028514187368,0.28079595696340115
2020-03-26,2020,1972,0,0,36,8,0.6576593148204548,0.001644148287051137,0.03003048330298342,0.1618253923041116,0.001511898382843824,0.02742155831922622
2020-03-27,2020,1972,0,0,35,10,-0.6736055577509807,-0.001684013894377452,-0.13141419512084498,0.188759696526836,0.0028605781105526832,0.13148215438644323
2020-03-30,2020,1973,0,0,35,2,1.3628201807121716,0.003407050451780429,0.027557845722225326,0.16223793012224613,0.0013686543886576457,0.07264117307621829
2020-03-31,2020,1974,0,0,38,4,2.446488278830777,0.0061162206970769425,0.12849430763053576,0.1453977761011199,0.0009475432893315817,0.04561345293809801
2020-04-01,2020,1974,0,0,39,23,2.4198527078855423,0.006049631769713856,0.0510461882239162,0.15831814909351108,0.0008573223593176296,0.0869463681319217
2020-04-02,2020,1974,0,0,39,22,-1.521184954460625,-0.0038029623861515626,-0.034165899099938966,0.17253559178451225,0.004466701551013711,0.0582631860497662
2020-04-03,2020,1974,0,0,39,19,-2.5102880013316557,-0.006275720003329139,-0.05254167809956336,0.17560105790747635,0.003166097164547362,0.08063338671642548
2020-04-06,2020,1974,0,0,39,6,-0.25691238324547205,-0.0006422809581136801,0.025996648325089203,0.1624966867963969,0.0015618375809218464,0.0845052580314829
2020-04-07,2020,1974,0,0,38,15,2.008211403699105,0.005020528509247763,0.14572599060260435,0.1425217839749292,0.0012991567323805875,0.06945281151509253
2020-04-08,2020,1974,0,0,39,9,0.3343509235638267,0.0008358773089095667,0.07534226429154453,0.15426434384577178,0.0009214398792778953,0.1436346063007083
2020-04-09,2020,1974,0,0,40,9,-1.9557542264705712,-0.004889385566176428,-0.08198438895284445,0.1805123059808507,0.0012608560612505022,0.3684987882138227
2020-04-10,2020,1974,0,0,42,7,0.35316365250327664,0.0008829091312581916,0.13517870692164458,0.1442821327662973,0.0008039060068326092,0.21163019081578666
2020-04-13,2020,1974,0,0,42,4,-2.6153221566067053,-0.006538305391516763,-0.1367942549923827,0.18965648296779136,0.0014462067552620023,0.05584003090259222
2020-04-14,2020,1974,0,0,42,12,-2.10573017847269,-0.005264325446181725,-0.07044565363416022,0.17858682084074162,0.0010652417593905446,0.0715156454980248
2020-04-15,2020,1974,0,0,43,9,-0.0037174937941553132,-9.293734485388283e-06,-0.026505115578987028,0.17125495433999874,0.0007243783459030873,0.05761655509495114
2020-04-16,2020,1974,0,0,43,18,-1.2988509562514217,-0.003247127390628554,0.003920509875696351,0.16617973223085258,0.0008762550368129001,0.02781585186699865
2020-04-17,2020,1974,0,0,44,15,-3.1224884026149744,-0.007806221006537436,-0.2562960152116338,0.20959251906644127,0.0013006203809297638,0.023901488129251202
2020-04-20,2020,1974,0,0,45,8,-4.47453597156202,-0.011186339928905048,-0.28716835232537863,0.21474432838009513,0.0009718509534711911,0.021696916631707627
2020-04-21,2020,1974,0,0,45,10,3.6637987043431277,0.009159496760857819,0.17593041506598167,0.13748357870013228,0.0016620713434312092,0.47624753664082947
2020-04-22,2020,1974,0,0,47,13,-1.388451691350571,-0.003471129228376427,-0.0768968041752114,0.17966106356752862,0.0006164945911296744,0.05218017271863578
2020-04-23,2020,1974,0,0,47,9,0.3566683448683725,0.0008916708621709312,0.05284229713724559,0.15801906800121376,0.001187869500984808,0.03081710696681296
2020-04-24,2020,1974,0,0,47,16,0.666312189249344,0.0016657804731233599,0.06833043228455007,0.15543122453640074,0.0007974427579634296,0.01664250012934405
2020-04-27,2020,1974,0,0,47,11,3.56753870128062,0.00891884675320155,0.13918328056169754,0.14361436994330598,0.0010523284372784543,0.047941190307659774
2020-04-28,2020,1974,0,0,48,7,-1.7056315249648728,-0.004264078812412182,-0.12696432259196436,0.18801693599271613,0.001222730451967829,0.12194078211395948
2020-04-30,2020,1974,0,0,47,12,-1.384147431449529,-0.0034603685786238226,-0.06535360221396087,0.17773666519622722,0.0009883485074787517,0.04757564703034774
2020-05-01,2020,1974,0,0,46,1,3.791421142709103,0.009478552856772758,0.21899189190716797,0.13029946109309407,0.0010460707017119198,0.014546459825896856
2020-05-07,2020,1974,0,0,47,3,3.5067189879079397,0.00876679746976985,0.2759451090991322,0.1207978028872967,0.0015462126596188764,0.017112402311265578
2020-05-08,2020,1974,0,0,48,4,-2.1685671318027295,-0.005421417829506824,-0.15001401420076974,0.19185823583944153,0.0008360581286280003,0.03267738739974774
2020-05-11,2020,1974,0,0,48,5,-0.9748137781183489,-0.0024370344452958725,-0.10956969971381075,0.18511086147867195,0.0011288323256005532,0.03535085009535298
2020-05-12,2020,1974,0,0,46,4,-1.0323056471538261,-0.002580764117884565,-0.0710069654648911,0.17868155699324192,0.0017388429692251533,0.04721812136524399
2020-05-13,2020,1974,0,0,46,2,-0.8152221456767381,-0.0020380553641918455,-0.01641587812570441,0.16957306606615313,0.0008709922649687822,0.03155992312353273
2020-05-14,2020,1974,0,0,46,0,-0.3787599113556903,-0.0009468997783892258,-0.00973142931955841,0.16845655023205253,0.0011252953880191532,0.04654102437233901
2020-05-15,2020,1974,0,0,47,1,2.447869296878401,0.006119673242196002,0.21671685988299147,0.1306781827794973,0.000715189338472534,0.03040768550627644
2020-05-18,2020,1974,0,0,46,2,-0.3471581941752453,-0.0008678954854381132,-0.04681628605470997,0.17464250426443148,0.0006460375961977183,0.039894594220837985
2020-05-19,2020,1974,0,0,46,6,0.7416996457852495,0.0018542491144631237,0.056465440416148774,0.15740639216299349,0.00044957052570703795,0.0257204224903467
2020-05-20,2020,1974,0,0,46,7,-0.07547676427135463,-0.0001886919106783866,-0.0570014284604962,0.17634260941745367,0.0005868281682313138,0.04434220106510665
2020-05-21,2020,1974,0,0,47,5,-0.2156317008503854,-0.0005390792521259635,-0.014420997894202635,0.16924072712849114,0.0008955769433898436,0.02746518389775234
2020-05-22,2020,1974,0,0,49,2,3.568348192507446,0.008920870481268614,0.22790670214713457,0.1288119895254081,0.0008745624695246647,0.018504698372816878
2020-05-25,2020,1974,0,0,49,15,1.3111359189311231,0.003277839797327808,0.055709720605704,0.15753802542438458,0.0007020540369458902,0.023334318835443027
2020-05-26,2020,1974,0,0,49,13,2.006931991020108,0.00501732997755027,0.03597000691481366,0.1608334464133781,0.0005506398870967979,0.01976760175323226
2020-05-27,2020,1974,0,0,49,24,3.384508905150825,0.008461272262877063,0.1459677074389177,0.14248169644284497,0.000915719428945738,0.019771723610753723
2020-05-28,2020,1974,0,0,49,28,1.7967361602358474,0.004491840400589618,0.08283443198027514,0.1530127497152829,0.0006804920931624654,0.0176303450832112
2020-05-29,2020,1974,0,0,48,23,0.5231890831660766,0.0013079727079151914,-0.04521590365751617,0.1743779761996996,0.0007485230808750717,0.045706410459919446
2020-06-01,2020,1974,0,0,48,7,2.416125215504616,0.00604031303876154,0.1978972563890078,0.1338164424366426,0.00040325844839186214,0.020577896558726598
2020-06-02,2020,1974,0,0,48,11,0.04060934008233802,0.00010152335020584505,-0.004529879218718772,0.16758141269941676,0.0005083746707865843,0.10773143205326752
2020-06-03,2020,1974,0,0,48,16,-1.447798445410747,-0.003619496113526868,-0.10565421027799464,0.18445963736132595,0.0005522641331860836,0.036063751865126045
2020-06-04,2020,1974,0,0,48,18,-0.35358329338363514,-0.0008839582334590879,-0.04966679815366524,0.17512076263873935,0.0008417844848582673,0.020375660743366022
2020-06-05,2020,1974,0,0,46,15,1.7793117083547574,0.004448279270886893,0.16240321910263308,0.13973728962279383,0.00046351406033187897,0.02683514164204745
2020-06-08,2020,1974,0,0,45,14,-0.6466088010117998,-0.0016165220025294996,-0.015828767032631738,0.16947055764922112,0.0006181003537774931,0.02941171908373249
2020-06-09,2020,1974,0,0,45,35,4.26211555111119,0.010655288877777976,0.2960556946533419,0.11744267351083809,0.001307843339101073,0.0224850382012417
2020-06-10,2020,1974,0,0,45,27,0.24206149627538176,0.0006051537406884543,0.05370680717203308,0.15787495869637608,0.0007945864543368988,0.01704266199694812
2020-06-11,2020,1974,0,0,44,1,-0.4753671008852334,-0.0011884177522130835,-0.0021287676043357634,0.16719052326262235,0.001339774878248342,0.0635583062750537
2020-06-12,2020,1974,0,0,44,0,0.08678306182636852,0.0002169576545659213,0.017702861365285497,0.1638821116059157,0.0025870348288755084,0.03986014673056791
2020-06-15,2020,1974,0,0,44,0,-1.287409448836872,-0.00321852362209218,-0.0686595920749689,0.17828797145624722,0.0007276722060972265,0.04157766226563603
2020-06-16,2020,1974,0,0,44,4,-0.9782771294203869,-0.002445692823550967,-0.0923848513386453,0.1822394672004927,0.000713326666869841,0.15653271895369303
2020-06-17,2020,1974,0,0,45,19,1.3908118526103088,0.003477029631525772,0.0483598313319105,0.1587643642502433,0.0005190725301891172,0.07141886021493016
2020-06-18,2020,1974,0,0,45,17,-0.7015895518571713,-0.0017539738796429282,-0.07340762675736066,0.1790741309802496,0.00044979367633781836,0.0293083172464955
2020-06-19,2020,1974,0,0,46,5,0.2584884481246873,0.0006462211203117183,0.02159319332796935,0.1632250988277245,0.00031207738345518824,0.03240541430788336
2020-06-22,2020,1974,0,0,46,18,-0.4385238442715922,-0.0010963096106789804,-0.035400716951119036,0.17273890096895772,0.0005164910785825916,0.026379175701572805
2020-06-23,2020,1974,0,0,45,15,0.30152112705217005,0.0007538028176304251,0.05434479393055072,0.15776706269888452,0.0005777471145350165,0.020004022196418843
2020-06-24,2020,1974,0,0,46,16,-1.904826444596137,-0.004762066111490343,-0.11797337890634134,0.18651563997360843,0.0006590871658342599,0.037294658472529774
2020-06-25,2020,1974,0,0,45,8,-0.1083820335550576,-0.000270955083887644,-0.02390898567153584,0.17082353210953755,0.0008362137353570427,0.0248329623126547
2020-06-26,2020,1974,0,0,44,15,1.5927390739146408,0.003981847684786602,0.16456888721062343,0.13937598760017797,0.0004901688807167973,0.0704165896548229
2020-06-29,2020,1974,0,0,43,18,0.9061460550224303,0.0022653651375560756,0.06846647089135917,0.1554124060367957,0.0005999479563274114,0.04259607737827227
2020-06-30,2020,1975,0,0,44,22,1.5645965800825312,0.003911491450206328,0.051356944297502836,0.15826491513682334,0.000725913996998202,0.04023436033066953
2020-07-01,2020,1975,0,0,44,24,-0.045298998108469934,-0.00011324749527117484,0.016697835904975502,0.16404706901699315,0.0007907776958539434,0.04849885228646535
2020-07-02,2020,1975,0,0,44,12,0.37282882444958165,0.0009320720611239541,-0.03655907554801604,0.1729341574099293,0.0012711827459209795,0.07929869799092923
2020-07-03,2020,1975,0,0,44,4,-2.0006485918445422,-0.005001621479611355,-0.12817661778995268,0.1882155659680654,0.0005580973031381927,0.028378543877273822
2020-07-06,2020,1975,0,0,44,2,-0.6597857092521475,-0.0016494642731303688,0.025522864105113306,0.16257534324841177,0.0005919317397960037,0.027006345312721697
2020-07-07,2020,1975,0,0,45,10,0.12621134966353953,0.00031552837415884885,0.05777731444657171,0.15719207949141878,0.0005597318774192902,0.044914419027357676
2020-07-08,2020,1975,0,0,46,3,-0.8683452767519224,-0.002170863191879806,-0.005666909397308213,0.1677802112052634,0.0009691034656909903,0.05249831892850302
2020-07-09,2020,1975,0,0,44,2,-0.09100728863249419,-0.00022751822158123547,-0.006545767829117953,0.16792741631877844,0.0013570387538937845,0.030360132885575354
2020-07-10,2020,1976,0,0,45,5,0.10432625142747975,0.0002608156285686994,-0.03502369862596514,0.1726717600794537,0.00047860536754820113,0.08459201126639967
2020-07-13,2020,1976,0,0,45,1,0.5068078635864777,0.0012670196589661942,0.0909014469969308,0.15166847054900756,0.0006964646143159136,0.029324807764770172
2020-07-14,2020,1976,0,0,45,3,0.4062969126121233,0.0010157422815303082,-0.0004426881231020591,0.1669061842575576,0.0006899086574700111,0.04763921281055104
2020-07-15,2020,1978,0,0,47,20,-0.5538558417221067,-0.0013846396043052666,-0.08043502446211098,0.18025202277935234,0.00047345131185078603,0.016375234280937248
2020-07-16,2020,1978,0,0,48,6,-0.9389140800251526,-0.002347285200062882,-0.07596482844435917,0.1795043698374763,0.0004716025822663867,0.029508558847063736
2020-07-17,2020,1978,0,0,47,4,-0.23674989131947966,-0.0005918747282986992,0.03550278724372228,0.1609082699097546,0.0005291478517104028,0.024740384833479737
2020-07-20,2020,1978,0,0,47,14,0.16243680622798418,0.00040609201556996046,0.03572620845295233,0.16087227709285207,0.000470860398712825,0.031127007631284898
2020-07-21,2020,1978,0,0,47,9,-1.03440840075287,-0.002586021001882175,-0.07222830510765636,0.17888217190436173,0.0005521746190504078,0.04010565017577918
2020-07-22,2020,1978,0,0,47,8,-0.5726804258890545,-0.0014317010647226364,-0.0825177307677807,0.1805975948508642,0.0005155178258542657,0.021094553551746664
2020-07-27,2020,1978,0,0,48,7,-1.6376323991561006,-0.004094080997890251,-0.09103347710385619,0.1820218594073119,0.0008359858824080769,0.018372848098399907
2020-07-28,2020,1978,0,0,49,5,2.497345160150988,0.00624336290037747,0.13404901435380578,0.14446871845712483,0.0006925433123265905,0.02262932027426539
2020-07-29,2020,1978,0,0,50,5,1.2835992954741515,0.003208998238685379,0.09446008386493647,0.15107590337566765,0.001705999560151555,0.2603955106019241
2020-07-30,2020,1978,0,0,49,4,-0.9450346374213869,-0.0023625865935534675,-0.06460084135036287,0.17761242773694988,0.001840438521264688,0.07774691251886731
2020-07-31,2020,1980,0,0,51,10,-3.5726037768952716,-0.008931509442238179,-0.243681001020537,0.20748816213547458,0.0024620950584455267,0.04800650524586487
2020-08-03,2020,1981,0,0,52,3,0.5091685864105111,0.0012729214660262777,0.023870672778568674,0.1628471859437434,0.0006103125758990144,0.037641354201457075
2020-08-04,2020,1981,0,0,52,2,-0.1539251180659209,-0.0003848127951648023,0.0029797757880242292,0.16633507634846106,0.0007416905409032613,0.09028483105219753
2020-08-05,2020,1981,0,0,52,6,1.5226810759490492,0.003806702689872623,0.07610728732508418,0.15413395217014447,0.0009032085841487007,0.04186114318767025
2020-08-06,2020,1981,0,0,52,11,2.467182347570595,0.006167955868926488,0.09073562181736036,0.15169684321480553,0.0018968918481109928,0.020627760696224705
2020-08-07,2020,1981,0,0,54,6,2.857481076272643,0.007143702690681607,0.20647919510158336,0.13238592423863865,0.000794470230198688,0.01887693895494563
2020-08-11,2020,1981,0,0,55,0,0.512106882162328,0.00128026720540582,0.0526031402999432,0.15805532719749982,0.000690076813916223,0.030440659293598064
2020-08-12,2020,1981,0,0,55,0,1.2603075873158858,0.0031507689682897144,0.09375376294458708,0.15119128468229015,0.0005336190261685486,0.023578171150283815
2020-08-13,2020,1981,0,0,54,3,-0.536705674904309,-0.0013417641872607725,-0.026223362854855457,0.1712065251843333,0.0006510100159927372,0.06599190010883764
2020-08-14,2020,1981,0,0,54,0,-1.514345409334342,-0.003785863523335855,-0.1619908934022193,0.19385591390838205,0.0005657750787084558,0.04816903083053521
2020-08-17,2020,1981,0,0,54,0,-0.746050720495899,-0.0018651268012397477,-0.011737946999269203,0.1687868791500069,0.000472825038450656,0.01953200814919083
2020-08-18,2020,1981,0,0,54,5,0.033104830071382096,8.276207517845524e-05,-0.030659185098036685,0.1719457346964307,0.00048231932436089544,0.06407581206629505
2020-08-19,2020,1981,0,0,54,3,1.2197079252747993,0.0030492698131869985,0.01754801473918311,0.16389806254767708,0.00037703626028689363,0.02390206388473421
2020-08-20,2020,1982,0,1,55,9,-1.127396870088634,-0.002818492175221585,-0.035650217710228686,0.1727776436085677,0.0004899986568026975,0.06989694444878408
2020-08-21,2020,1982,0,0,57,1,-2.700673142453855,-0.006751682856134637,-0.1249042682409426,0.18767120456146524,0.0005503594388005448,0.03952225956460151
2020-08-24,2020,1982,0,0,56,9,1.5297361144042767,0.0038243402860106916,0.07451813994231361,0.15439122023969243,0.00044669803167916725,0.08354272440912758
2020-08-25,2020,1982,0,0,56,4,0.44579696327315643,0.001114492408182891,0.005845234107929207,0.1658566749339071,0.0004368602985300102,0.02192540263822431
2020-08-26,2020,1982,0,0,57,7,0.19544294925226913,0.0004886073731306728,0.13254076210179808,0.14472119246477075,0.0008089986990497717,0.015101458813502857
2020-08-27,2020,1982,0,0,58,13,-2.3373977271204076,-0.005843494317801019,-0.13326347065590263,0.1890655598672692,0.0007191202782873867,0.05258711326592323
2020-08-28,2020,1982,0,0,58,2,0.20249543425619593,0.0005062385856404898,0.002468079644466151,0.16641769128181316,0.0005284750635565175,0.025155230715766787
2020-08-31,2020,1982,0,0,58,7,-0.6985533760849614,-0.0017463834402124034,-0.04946208626211961,0.17508179767546037,0.0003762067125525969,0.00859157642082789
2020-09-01,2020,1982,0,0,58,11,0.2446041983779343,0.0006115104959448358,0.007401152295448979,0.1655938519647947,0.0003519445251353383,0.010714870224040577
2020-09-02,2020,1982,0,0,58,17,0.042476437190745564,0.0001061910929768639,0.06722739850554521,0.15561291154675494,0.0005000319438664391,0.0235244221065843
2020-09-03,2020,1982,0,0,58,10,-1.8943370941489246,-0.004735842735372311,-0.03794860557997454,0.17316330020803627,0.0005808675463481403,0.019747950071676443
2020-09-04,2020,1982,0,0,58,3,1.5194354145099016,0.003798588536274754,0.053910561028613024,0.15783771293845386,0.0006769270829567865,0.02076197698288813
2020-09-07,2020,1982,0,0,56,7,-0.982380299073543,-0.0024559507476838572,-0.07429632562071839,0.17922380206403704,0.00034866077625388575,0.017156864326724034
2020-09-08,2020,1982,0,0,56,12,-1.4620583416506197,-0.0036551458541265493,-0.15516681966722712,0.19271559422248025,0.00039513073473755795,0.011814543190147688
2020-09-09,2020,1982,0,0,56,6,0.32313633497630434,0.0008078408374407608,0.03191491889627468,0.16150468372793766,0.0005063226756170606,0.009190895466585094
2020-09-10,2020,1982,0,0,58,6,0.8828436208032706,0.0022071090520081765,0.05133432591825035,0.15826496452287636,0.0005543372997094781,0.016723061723609847
2020-09-11,2020,1982,0,0,58,10,-1.8130759718327156,-0.0045326899295817895,-0.14923780785017615,0.1917267024218172,0.0004840241798994119,0.029165272127017892
2020-09-14,2020,1982,0,0,57,9,-2.4839552941867895,-0.006209888235466973,-0.1627381870358553,0.19398176017421728,0.0006002358483050559,0.035008726115533385
2020-09-15,2020,1982,0,0,58,6,-0.6359323230447278,-0.0015898308076118194,-0.03275225905732551,0.17228740674427387,0.0003828323448899239,0.03317464535094802
2020-09-16,2020,1982,0,0,57,10,-0.11364374590077819,-0.0002841093647519455,0.08146285087076816,0.1532399255155232,0.0004036114339568237,0.016624248104376328
2020-09-17,2020,1983,0,0,58,6,-1.2397368195354217,-0.0030993420488385545,-0.05923276848385606,0.176712341721607,0.000658108838114358,0.00699023186366168
2020-09-18,2020,1983,0,0,58,7,1.2158219430670139,0.0030395548576675345,0.12457478000919397,0.14604940459100232,0.0007807499316274457,0.021631543719812754
2020-09-23,2020,1983,0,0,58,9,0.49505624893783695,0.0012376406223445924,0.011601350714161124,0.1648966890278766,0.00045324302039806977,0.00808335527612139
2020-09-24,2020,1984,0,0,58,2,1.099268116132202,0.002748170290330505,-0.013646606570087084,0.1691111313878179,0.0009766827702946312,0.041608370835527285
2020-09-25,2020,1986,0,0,60,6,-1.2230294656851632,-0.0030575736642129083,-0.13241265384288609,0.18892286268074632,0.0006334632853911632,0.040852673901170776
2020-09-28,2020,1986,0,0,60,12,-2.2857668783161675,-0.005714417195790419,-0.15895299907779276,0.19335314174457388,0.001563613272644668,0.049659825811309954
2020-09-29,2020,1986,0,0,59,11,0.0,0.0,,0.08341729638958859,2.4915155106490854e-05,0.04935114930239581
2020-09-30,2020,1986,0,0,59,8,0.14130281805048717,0.0003532570451262179,0.07275257888293785,0.15469635557193664,0.0009017255009160594,0.13650737685953718
2020-10-02,2020,1989,0,1,62,3,1.5779920932059457,0.003944980233014864,0.18691571758986236,0.13564514143250367,0.0003526927485784401,0.03779189409177338
2020-10-05,2020,1990,0,0,61,1,-1.113825071240036,-0.00278456267810009,-0.04075482092305784,0.17363052243097488,0.0004114668322204947,0.024670330679415944
2020-10-06,2020,1990,0,0,62,5,-1.0462087770536597,-0.002615521942634149,-0.07937878672284049,0.18006956643036967,0.00040332512702293834,0.009843190148486327
2020-10-07,2020,1990,0,0,61,7,1.730008403762179,0.004325021009405448,0.06793993328024989,0.15549538011943195,0.0004444186928975984,0.0077497301570664855
2020-10-08,2020,1990,0,0,60,7,0.6963072686679391,0.0017407681716698478,0.0764712982808382,0.15407082934706412,0.00043342476962964166,0.04956787784912443
2020-10-09,2020,1990,0,0,57,9,0.3765646622054866,0.0009414116555137165,0.02223469594208814,0.16311614585353967,0.00034046798781163886,0.015363354896419375
2020-10-12,2020,1990,0,0,57,14,2.740298153075792,0.00685074538268948,0.1706407847994321,0.13836288166079702,0.00048328165817331095,0.009157452134544095
2020-10-13,2020,1990,0,0,59,14,0.21897281230136278,0.0005474320307534069,-0.01867123117856382,0.16994393310083644,0.0005056587016912695,0.009448575797601
2020-10-14,2020,1990,0,0,59,7,-2.0930146896224846,-0.005232536724056211,-0.08194471334182632,0.18050319940636128,0.0007776639363589986,0.014194224184137681
2020-10-15,2020,1989,0,0,57,14,-0.08407368075924149,-0.0002101842018981037,-0.04477092692691795,0.17430191485136318,0.000830350896533728,0.03983923515644635
2020-10-16,2020,1989,0,0,57,9,-1.1456670213216287,-0.0028641675533040718,-0.039296579871485056,0.1733888906887024,0.0005002941789889196,0.05505607710180517
2020-10-19,2020,1989,0,0,58,4,-0.11491893979324463,-0.0002872973494831116,0.022554473346637096,0.16306776666688833,0.0005046533575346623,0.022828680232367227
2020-10-20,2020,1989,0,0,57,4,-2.4266507741197247,-0.006066626935299312,-0.07285362344108826,0.17898648410223456,0.0005852781723354202,0.030026512886384655
2020-10-21,2020,1989,0,0,58,5,0.2706743143152289,0.0006766857857880723,0.020154663878973904,0.16346632575176162,0.0004555793466866228,0.00954395500311944
2020-10-22,2020,1989,0,0,58,10,1.103221576952288,0.00275805394238072,0.06385986259367048,0.1561718100736803,0.0005463984770548199,0.013360512890315852
2020-10-23,2020,1989,0,0,58,5,-2.7458514641419054,-0.006864628660354763,-0.20241927577097402,0.20059829326213674,0.0004328218294135809,0.01660495046326911
2020-10-26,2020,1989,0,0,57,8,-3.586559498542084,-0.008966398746355209,-0.20521076160929214,0.20106702898149173,0.0005838574008796515,0.031983366425091725
2020-10-27,2020,1989,0,0,57,1,1.1287426890096761,0.0028218567225241904,0.1400647838121064,0.14346007402294586,0.0004420568464307787,0.013070608594730363
2020-10-28,2020,1990,0,0,54,1,0.7605602352939931,0.0019014005882349828,0.06059463138330245,0.15672466309916272,0.0009552811145526148,0.016374212900646886
2020-10-29,2020,1991,0,0,53,6,2.9942095837085247,0.007485523959271312,0.23033020191476566,0.1284064785562962,0.0008194234430699735,0.02799321740804005
2020-10-30,2020,1991,0,0,53,9,-2.1516959177047905,-0.005379239794261977,-0.18403657432009254,0.19753346131935268,0.0010223234015979538,0.06392623203131094
2020-11-02,2020,1991,0,0,53,1,-0.8774734875276611,-0.0021936837188191527,-0.04126801828062487,0.17371744464443167,0.0009797878630794302,0.0931602978475092
2020-11-04,2020,1991,0,0,53,0,0.5930717467762332,0.001482679366940583,0.03071965288570039,0.16170421774123045,0.0006541655438582574,0.01671626795430495
2020-11-05,2020,1991,0,0,53,0,-1.9204997366511325,-0.0048012493416278315,-0.1844717023846577,0.1976070694301727,0.0009614016231571279,0.025164852663727123
2020-11-06,2020,1991,0,0,53,3,5.4749739971275595,0.013687434992818898,0.19813099499804662,0.13377871947208816,0.0021364501077010324,0.02361075122120665
2020-11-09,2020,1991,0,0,53,10,-1.0880538796978,-0.0027201346992445003,-0.06200849955120592,0.1771769984576563,0.0008173166645314226,0.04768644864748827
2020-11-10,2020,1991,0,0,53,4,0.7510792953386187,0.0018776982383465468,-0.028403576873069613,0.17156943575957215,0.000725608988880469,0.03312351966993345
2020-11-11,2020,1991,0,0,53,5,-1.1841690928694675,-0.002960422732173669,-0.09009933136015287,0.18186495716672352,0.0011962597471191386,0.05687076162702288
2020-11-12,2020,1991,0,0,53,0,-2.603237601911716,-0.0065080940047792905,-0.21027052705866697,0.20191305795399517,0.001059664304336789,0.03260154295350318
2020-11-13,2020,1991,0,0,53,0,-1.0018374714203424,-0.002504593678550856,-0.09933545244107311,0.18340407582207102,0.000736909588778069,0.052727328911279944
2020-11-16,2020,1991,0,0,53,5,0.9629331567942399,0.0024073328919856,-0.030956776362771915,0.17199621580615712,0.0004981565854281928,0.06653715010622016
2020-11-17,2020,1991,0,0,52,18,0.25573350019552926,0.0006393337504888232,0.011502012806907094,0.16490510223964205,0.00042960974419740554,0.0778420924068497
2020-11-18,2020,1991,0,0,52,8,0.2903326799410968,0.000725831699852742,0.05233725512758357,0.15809862697332056,0.0003374839129904976,0.011164165415743246
2020-11-19,2020,1991,0,0,51,10,-1.9752584793120804,-0.004938146198280201,-0.131716114111953,0.18880658019292418,0.0006660070266965403,0.024182844691758274
2020-11-20,2020,1991,0,0,51,9,-0.4861189230161155,-0.0012152973075402888,-0.034768605328164455,0.17263161411270292,0.0004873061584306969,0.029233086940691815
2020-11-24,2020,1991,0,0,51,8,0.21610157891652193,0.0005402539472913048,0.010396644119567105,0.16509429557069336,0.0004677004906032025,0.16663978504471033
2020-11-25,2020,1991,0,0,51,12,-0.11394349867451936,-0.0002848587466862984,-0.03690771109207428,0.17298818744348052,0.0004951734561848639,0.08544023095002005
2020-11-26,2020,1991,0,0,50,11,0.9795600273273886,0.0024489000683184715,0.043219283056295243,0.1596231116461541,0.0011495474390736892,0.029408546770476874
2020-11-27,2020,1991,0,0,50,10,-0.08371547486378628,-0.0002092886871594657,0.0017082621864859273,0.1665468922035222,0.0005385617338262022,0.036933414347126624
2020-11-30,2020,1991,0,0,50,1,0.8509307588374639,0.00212732689709366,0.0662210717208123,0.15578312520988016,0.0004199332779262332,0.021064699345706404
2020-12-01,2020,1991,0,0,51,11,-0.24771582506901724,-0.0006192895626725431,-0.017304299502758552,0.16971620759364972,0.0005233575706836788,0.038163994148106034
2020-12-02,2020,1991,0,0,52,11,-0.5378331617318317,-0.0013445829043295793,-0.0468674499589672,0.1746478033882706,0.0004900900265008373,0.03815390328643842
2020-12-03,2020,1991,0,0,52,5,-0.3183567758372172,-0.0007958919395930431,-0.02990725460023105,0.17182044364408403,0.0007098866486573884,0.027423846944865934
2020-12-04,2020,1991,0,0,51,3,2.05606144625169,0.005140153615629225,0.12841255766922718,0.14540428792017046,0.00040391884749801064,0.027447118872059716
2020-12-07,2020,1991,0,0,51,2,-1.7822855077237842,-0.004455713769309461,-0.18471483701970948,0.1976458379898503,0.0005288723818121078,0.047532731340581544
2020-12-08,2020,1991,0,0,51,9,-0.22847130817464567,-0.0005711782704366142,0.028030190585315792,0.16215360913459323,0.0003708136375358979,0.017646453670646843
2020-12-09,2020,1991,0,0,52,3,-0.10638698665746071,-0.00026596746664365176,-0.017703121760004645,0.16978150230366082,0.0005256696395081258,0.02722517060445248
2020-12-10,2020,1991,0,0,49,10,0.25569211512193424,0.0006392302878048356,0.005029496093059661,0.1659906388424433,0.0005345765576881572,0.007969208792264185
2020-12-11,2020,1991,0,0,49,9,0.27912614114231665,0.0006978153528557916,-0.03239436801784989,0.17222987801562675,0.00044969674846316566,0.004672590541709706
2020-12-14,2020,1991,0,0,50,2,0.08092040940291127,0.00020230102350727818,0.007787266638323299,0.1655280784184876,0.0005228792872531795,0.06342960724914111
2020-12-15,2020,1990,0,0,49,11,0.9221598338898581,0.002305399584724645,0.06432025212298928,0.15610003362018693,0.0004883169608665131,0.02177103053638668
2020-12-16,2020,1993,0,0,50,11,0.24754637770677296,0.0006188659442669324,-0.008083818289391847,0.16817945917738583,0.0003783989098025463,0.02303684199288592
2020-12-17,2020,1994,0,0,51,10,-0.587295761759772,-0.00146823940439943,-0.020803498686792227,0.17029681390337942,0.00036017480674182807,0.03770181181972086
2020-12-18,2020,1995,0,0,52,8,-1.243194908989262,-0.003107987272473155,-0.0642848811875896,0.17755850160466743,0.0009716829906808923,0.006172294257650261
2020-12-21,2020,1996,0,0,53,16,0.18834069745242366,0.0004708517436310591,0.009722958428447307,0.16520836246647982,0.00038723792337003816,0.0077720702284542085
2020-12-22,2020,1998,0,0,52,11,-1.1083635215567247,-0.0027709088038918115,-0.0524428786038501,0.17557478577049995,0.0004548412475303409,0.03608645265009366
2020-12-23,2020,1999,0,0,54,13,-0.7373693050535529,-0.0018434232626338824,-0.05264037498483669,0.17560843389316935,0.0003803523316685391,0.03743536754012939
2020-12-24,2020,1999,0,0,54,5,-1.6406593238635283,-0.0041016483096588206,-0.154753906829805,0.19264712837299933,0.0004267458901034655,0.019035939230358394
2020-12-25,2020,1999,0,0,54,8,1.4180871231979473,0.0035452178079948683,0.15162121160824987,0.14153742837936037,0.0005183506021450979,0.01358450984778446
2020-12-28,2020,1999,0,0,51,4,0.1782044777310875,0.00044551119432771874,-0.01889977651537795,0.1699832647804131,0.0003429601194089186,0.01614500020853204
2020-12-29,2020,1999,0,0,51,11,0.23604049227599377,0.0005901012306899845,0.022262881640757414,0.16311817052152186,0.0006845639653558652,0.034862083647826336
2020-12-30,2021,1999,0,0,50,13,0.1586132465421624,0.000396533116355406,0.053935613500838114,0.15782849591170164,0.0003708829654199962,0.02210829294293694
2021-01-04,2021,1999,0,0,50,4,0.16650766148714213,0.0004162691537178553,0.10245118340403876,0.1497381281690353,0.00042192110925704884,0.018251335530517006
2021-01-05,2021,1999,0,0,50,5,0.9978218500878371,0.0024945546252195926,0.06739009417778857,0.15558764125565044,0.0005144567115459776,0.007764379048505654
2021-01-06,2021,1999,0,0,49,3,-1.5011206795454441,-0.0037528016988636103,-0.1149567400192353,0.18601008447151487,0.0005546546356210745,0.014677899318356714
2021-01-07,2021,1999,0,0,49,11,-0.8716684884066305,-0.0021791712210165763,-0.07592036961426973,0.17949713111076324,0.0005662162135158361,0.0361559124347173
2021-01-08,2021,1999,0,0,48,5,0.7317662666894812,0.001829415666723703,0.07132754573980471,0.15492812760271563,0.0005482998002405431,0.07503115365583851
2021-01-12,2021,1999,0,0,47,14,-1.3082982597568256,-0.003270745649392064,-0.0958062717810242,0.18281133367793315,0.0005143603565906086,0.01879338095873943
2021-01-13,2021,1999,0,0,47,7,0.032714074550235006,8.178518637558752e-05,-0.054735569409219094,0.1759644623775012,0.0007107434145060495,0.025614627722191773
2021-01-14,2021,1999,0,0,47,10,0.5120283344664988,0.0012800708361662468,0.07461549397266928,0.15438247850850548,0.00046036653746866384,0.037230198114408454
2021-01-15,2021,1999,0,0,47,10,-2.840253805667553,-0.007100634514168882,-0.21588240238507994,0.2028455564890324,0.00045016207277509616,0.023683430738407042
2021-01-18,2021,1999,0,0,46,7,-0.7911607864577987,-0.0019779019661444967,0.0182701190678063,0.16378144130978253,0.0004057056809711603,0.03148215863395996
2021-01-19,2021,1999,0,0,45,9,-0.9061167537238491,-0.002265291884309623,-0.02008560365381809,0.17017587893065672,0.0003977779744727194,0.10656694330178915
2021-01-20,2021,1999,0,0,44,6,-0.5275863585483833,-0.0013189658963709582,-0.05205175676405202,0.17551431215201288,0.00042618909365037586,0.039283210073381966
2021-01-21,2021,1999,0,0,43,7,-0.926509259939954,-0.002316273149849885,-0.07465498105588418,0.17928522025734547,0.0005084028918138242,0.050938309487338955
2021-01-22,2021,1999,0,0,43,4,1.1421620614905712,0.002855405153726428,0.07807417433780646,0.15380404639730247,0.00047831549677338045,0.032932476509257826
2021-01-25,2021,1999,0,0,43,6,0.20094054207793066,0.0005023513551948266,-0.00593980036709265,0.16781965777653562,0.0004029958319412977,0.026629333276548508
2021-01-26,2021,1999,0,0,42,5,-0.29123661755696517,-0.0007280915438924129,-0.02170829766020147,0.17044884454890757,0.0005991617053261814,0.048121820828941404
2021-01-27,2021,1999,0,0,42,4,-1.35081633009879,-0.0033770408252469753,-0.10288851731845759,0.18399762421979987,0.0008041524203462272,0.006829483022012464
2021-01-28,2021,1999,0,0,41,11,0.17341319547318435,0.00043353298868296084,0.022650116865895697,0.16305134571812957,0.0006800219794875583,0.02729084730381228
2021-01-29,2021,1999,0,0,41,1,0.14396181858360224,0.0003599045464590056,0.0464999698614824,0.15907137180380157,0.0007258362426836907,0.06742190537187093
2021-02-01,2021,1999,0,0,41,4,-1.405752793664439,-0.0035143819841610973,-0.032282974530972494,0.17221737985097643,0.0005448990345897205,0.02595836260048732
2021-02-02,2021,1999,0,0,41,2,-0.48645759935532457,-0.0012161439983883115,0.02840579819754108,0.16208906544151744,0.00042846916223951496,0.025910048732236186
2021-02-03,2021,1999,0,0,41,4,-2.4565510161681514,-0.0061413775404203785,-0.17637443901000932,0.19625462458784773,0.0007134622895960341,0.056148022386306534
2021-02-04,2021,1999,0,0,41,6,-0.41059458940664273,-0.0010264864735166068,-0.03701630260844072,0.17300785809101527,0.0007473050972868439,0.015865458493413302
2021-02-05,2021,1999,0,0,41,2,-1.8732305414565167,-0.004683076353641292,-0.15417994252403536,0.1925517402809978,0.0005653313970190658,0.03774948264074397
2021-02-08,2021,1999,0,0,41,4,0.6031018616695742,0.0015077546541739355,0.10918643433493798,0.14861486820257747,0.0005889241882723376,0.015279907951922826
2021-02-09,2021,1999,0,0,41,4,-0.9911056590909226,-0.0024777641477273064,-0.017381370513626173,0.16973161879361226,0.0008128503196990278,0.03313609857379805
2021-02-10,2021,1999,0,0,41,8,1.5208618509872494,0.0038021546274681233,0.04354668102545852,0.15956502545085877,0.0008159054229307606,0.008035687036310217
2021-02-12,2021,1999,0,0,41,8,-0.5972340153038325,-0.0014930850382595812,0.0025655413443722817,0.16640190497933935,0.0005778105825811816,0.04570576123534712
2021-02-15,2021,1999,0,0,42,12,-0.31647444036696903,-0.0007911861009174226,0.029732276481024417,0.16186937540569812,0.0006547509028665158,0.007492382596912483
2021-02-16,2021,1999,0,0,42,6,-0.21002029422644997,-0.0005250507355661249,0.00862065619514027,0.16539243695270406,0.0007605078852784094,0.015849782103071444
2021-02-17,2021,2000,0,0,40,1,-0.4036405179433886,-0.0010091012948584715,-0.001361781325991329,0.16705702081906385,0.00054717289594284,0.021705060215667663
2021-02-18,2021,2000,0,0,41,1,-2.1168476931245026,-0.005292119232811257,-0.15762639734658435,0.19312802299098525,0.0006062367862274875,0.024846187207374575
2021-02-19,2021,2000,0,0,42,0,-1.6776571870992263,-0.004194142967748065,-0.17562098381985547,0.1961315888059087,0.0009544612997218211,0.01994339235625539
2021-02-22,2021,2000,0,0,42,1,-0.8106410666328913,-0.002026602666582228,-0.038534870654160704,0.17325697703779352,0.0004970360558510974,0.11566783674129366
2021-02-24,2021,2000,0,0,42,9,-0.13355245340794664,-0.0003338811335198666,-0.016086704707911743,0.1695166298131557,0.0007934287141664356,0.014325116300994575
2021-02-25,2021,2000,0,0,42,3,-0.967649983131166,-0.002419124957827915,-0.1110600233937202,0.18536165049758493,0.0008603133535883471,0.012360045054777585
2021-02-26,2021,2000,0,0,42,19,-0.15361226431933694,-0.00038403066079834236,-0.06267094885736754,0.17728121076546277,0.00038247152257304447,0.08739958871615004
2021-03-01,2021,2000,0,0,41,11,0.281382107170734,0.000703455267926835,0.08057145381761781,0.15338888960488248,0.00040913474842012163,0.017649133561961343
2021-03-02,2021,2000,0,0,41,10,-0.0368039444276711,-9.200986106917774e-05,-0.0063546108603950635,0.1678871310342515,0.00037726067753332234,0.025975836384710856
2021-03-03,2021,2000,0,0,41,7,0.6899881521700338,0.0017249703804250846,0.09986196943785852,0.15016897943719232,0.000330164603503827,0.029529335561958876
2021-03-04,2021,2000,0,0,41,5,1.8780188082991642,0.00469504702074791,0.21197311282728015,0.13146601896496024,0.00037703551815489807,0.09320005283336548
2021-03-05,2021,2000,0,0,38,6,0.9755839381485423,0.0024389598453713555,0.11723339348020771,0.14727388256409346,0.0006646181666732852,0.016177255282330025
2021-03-08,2021,2000,0,0,38,6,-1.4421668649695976,-0.003605417162423994,-0.1341848563717222,0.18921453035171915,0.00033550009055275244,0.008166387537865947
2021-03-09,2021,2000,0,0,38,1,-1.7568697387663132,-0.004392174346915783,-0.10695277635086582,0.1846746830143436,0.0004081729663512894,0.05221588837302164
2021-03-10,2021,2000,0,0,38,3,2.360375190066718,0.005900937975166795,0.12406574188482863,0.1461316917838609,0.0004518582719224935,0.019409754291222305
2021-03-11,2021,2000,0,0,37,9,-0.39072802565509246,-0.0009768200641377311,-0.05433540458228213,0.1758973023280024,0.0005764589552818309,0.07879309417918627
2021-03-12,2021,2000,0,0,37,5,1.04960585562034,0.00262401463905085,0.16781639866420403,0.13883487679307388,0.0004329679844852642,0.012800236383263039
2021-03-15,2021,2000,0,0,37,16,-0.40479907373593704,-0.0010119976843398425,-0.05035846946460296,0.1752274200506957,0.00037787695078216483,0.06409572754694584
2021-03-16,2021,2000,0,0,34,18,-0.6226173590851738,-0.0015565433977129345,-0.03509614967692144,0.17268245146835548,0.0003216348603441974,0.05485115946404604
2021-03-17,2021,2000,0,0,35,12,1.151679796362308,0.00287919949090577,0.12290521937632326,0.14632571087945173,0.00037800342857437225,0.12418280568729659
2021-03-18,2021,2000,0,0,35,11,-0.38474876049247364,-0.0009618719012311841,-0.051114522862211395,0.17535693321898566,0.00046577308004405835,0.045233890411609086
2021-03-19,2021,2000,0,0,33,5,0.3154779678231252,0.000788694919557813,-0.015361967153640159,0.16939433992884387,0.000664115448353346,0.011139388634679838
2021-03-22,2021,2000,0,0,30,9,0.3558355455045952,0.000889588863761488,0.014057844182957595,0.16448781281586264,0.0011029460286201029,0.015686122805555383
2021-03-23,2021,2000,0,0,30,14,-0.5579126464170145,-0.0013947816160425363,-0.1318610344598861,0.18883057492978605,0.0005080451524819667,0.04270263672178012
2021-03-24,2021,2000,0,0,29,1,1.0797615361690172,0.0026994038404225427,0.1503207615607376,0.14175402195845296,0.000543961912933217,0.06112985853822851
2021-03-25,2021,2000,0,0,30,2,-0.6454895787943363,-0.0016137239469858407,-0.10615775739403165,0.18454235559500612,0.0004451256546318131,0.03746909570540479
2021-03-26,2021,2000,0,0,29,3,-1.7513879795208054,-0.004378469948802014,-0.0770277793727355,0.17968254625061406,0.0007521274568563643,0.024809872020498724
2021-03-29,2021,2000,0,0,29,4,0.5549654427987301,0.001387413606996825,0.014647498094370723,0.16438906315338758,0.0006231923083010291,0.02824543479643795
2021-03-30,2021,2000,0,0,29,3,1.8233378363370492,0.004558344590842623,0.15473477387721063,0.1410167630713806,0.0004304408322470209,0.06400581368286899
2021-03-31,2021,2000,0,0,29,1,0.34590520574395345,0.0008647630143598837,0.040228351562953735,0.16011775729035105,0.000345706593797228,0.03538130214557704
2021-04-01,2021,2000,0,0,29,0,0.23526753553397128,0.0005881688388349282,0.0620327877477053,0.15648215772468524,0.00032035447978252904,0.025435935355522542
2021-04-02,2021,2000,0,0,29,0,-0.665717607204775,-0.0016642940180119376,-0.03337551455221653,0.1724008707079903,0.0005134416829384154,0.06475154779528387
2021-04-05,2021,2000,0,0,30,1,-0.6165754186686829,-0.0015414385466717073,-0.005471178383725773,0.16774502652777112,0.000336607493612745,0.034626489282057187
2021-04-06,2021,2000,0,0,29,1,-0.8207327243023359,-0.0020518318107558397,-0.06988083435880406,0.1784913051197935,0.0005678959891908268,0.025464550541542973
2021-04-07,2021,2000,0,0,29,6,0.10750209430425495,0.0002687552357606374,-0.013451118749304141,0.16906694023600097,0.00024716097574964527,0.012938253013669462
2021-04-08,2021,2000,0,0,28,6,-3.059526751149329,-0.007648816877873322,-0.26327762343122585,0.210751999373874,0.0004900233716135748,0.033601880563286175
2021-04-09,2021,2000,0,0,27,5,-0.09982836908586579,-0.00024957092271466445,-0.008737084058134382,0.16828363631540635,0.00029960485347270123,0.032538286104568076
2021-04-12,2021,2000,0,0,29,3,0.26187484291856566,0.0006546871072964142,0.05980146501113476,0.15685286959387648,0.00030257964561466023,0.023345447250469796
2021-04-13,2021,2000,0,0,29,3,0.42972526366344443,0.0010743131591586111,0.03654880479391112,0.16073225444638276,0.0003416792876980045,0.007069647133123993
2021-04-14,2021,2000,0,0,29,7,0.841942583846573,0.002104856459616432,0.019826667179973126,0.16351091585062164,0.00026074207473799856,0.018810611092873814
2021-04-15,2021,2000,0,0,30,1,-1.0684660931605596,-0.002671165232901399,-0.08565326222178175,0.18111786664968305,0.00034669378207522893,0.018430734337897946
2021-04-16,2021,2000,0,0,29,2,0.26098159039905866,0.0006524539759976466,0.022261461918072354,0.16311889599126728,0.0004077188195771512,0.01405927331203522
2021-04-19,2021,2000,0,0,29,5,-1.9119583578900188,-0.004779895894725047,-0.12175209478021423,0.18714537984349855,0.0007362073802957287,0.005365068774299387
2021-04-20,2021,2000,0,0,28,4,0.19432427005158193,0.00048581067512895484,0.003536016940391092,0.16624112581553407,0.0005263304243906541,0.017080913808030788
2021-04-21,2021,2000,0,0,29,5,0.3474596366367526,0.0008686490915918815,0.03242167388946268,0.16141727823641686,0.00031920344684098945,0.0445344713652651
2021-04-22,2021,2000,0,0,29,1,0.8598053359949895,0.002149513339987474,0.04762419377751451,0.15888424345989904,0.0003404858467744223,0.032568171097403675
2021-04-23,2021,2000,0,0,29,10,-1.058200603467765,-0.0026455015086694123,-0.08216993355698364,0.1805358801837137,0.00030778432547265037,0.02884000820283757
2021-04-26,2021,2000,0,0,29,11,-0.45836041290988405,-0.0011459010322747102,-0.017831965434647074,0.1698050422159554,0.0003666679516932695,0.025319040786855818
2021-04-27,2021,2000,0,0,29,8,-0.304453211251214,-0.0007611330281280349,-0.03155697368296896,0.17209245486925553,0.0005101289491658307,0.1838238031356861
2021-04-28,2021,1999,0,0,30,4,-1.1079081443469179,-0.0027697703608672948,-0.06334918770716415,0.177400953357688,0.0007089516912313666,0.018787721274812767
2021-04-30,2021,1999,0,0,30,5,-0.962956251643577,-0.0024073906291089426,-0.07465956958302046,0.17928724161920842,0.00057659054648297,0.009919886568313486
2021-05-06,2021,1999,0,0,30,3,0.05457122754252697,0.00013642806885631742,-0.022023727525090433,0.170501002151124,0.0005641089714976706,0.013529969332229254
2021-05-07,2021,1999,0,0,31,3,-2.091589042634856,-0.00522897260658714,-0.11795166120952658,0.18651136354188327,0.0009462172847029101,0.3302929920871135
2021-05-10,2021,1999,0,0,31,2,-0.3567363465001172,-0.000891840866250293,-0.005624978333494934,0.1677709737889102,0.0009148561013229143,0.017570329340892837
2021-05-11,2021,1999,0,0,32,4,-0.11016818913537829,-0.0002754204728384457,-0.037292652801781415,0.17305435661936233,0.0009813441341311778,0.01502172501441953
2021-05-12,2021,1999,0,0,31,12,1.733960496015151,0.004334901240037877,0.0605209610712422,0.15673561702469552,0.001058445515438201,0.04497518423291786
2021-05-13,2021,1999,0,0,33,17,-0.36455971005292986,-0.0009113992751323247,-0.05676419288497291,0.17630192886896565,0.0011146313875803693,0.020466478414584547
2021-05-14,2021,1999,0,0,33,2,0.2852217174896845,0.0007130542937242113,0.012189902192764165,0.16479899108713514,0.0006306353331903558,0.01140598359446445
2021-05-17,2021,1999,0,0,33,0,0.9774210240712947,0.002443552560178237,0.031033151033410283,0.1616538299104432,0.00037733146424384254,0.0414735422842096
2021-05-18,2021,1999,0,0,33,4,0.2779281365672279,0.0006948203414180698,0.04081400292922577,0.1600177581899674,0.0004123615626090796,0.03625344189748944
2021-05-19,2021,1999,0,0,33,0,0.6050594131957058,0.0015126485329892644,0.02895966086514849,0.1619930831151181,0.00029626191519423103,0.01224683469636775
2021-05-20,2021,1999,0,0,33,1,-1.3893452661805454,-0.0034733631654513637,-0.12982328002400342,0.1884884914082821,0.00036074230624085705,0.014057870148476707
2021-05-21,2021,1999,0,0,33,5,-0.286061842092869,-0.0007151546052321725,-0.030500526130148677,0.17191891284274063,0.0003234603682865475,0.014741253826381088
2021-05-24,2021,1999,0,0,33,3,-0.4892122391091124,-0.0012230305977727809,-7.670356758039887e-05,0.1668396514076361,0.00032346982221601923,0.012549481991935642
2021-05-25,2021,1999,0,0,32,3,-0.7091056964095679,-0.0017727642410239198,-0.04750640661661636,0.17475778603689907,0.0004136060582007258,0.009978827615705765
2021-05-26,2021,1999,0,0,32,2,1.387769457091137,0.0034694236427278424,0.12381948304055228,0.14617524564921938,0.0006056325588930418,0.02868048592512138
2021-05-27,2021,1999,0,0,32,3,-2.5273132872181554,-0.006318283218045388,-0.22725443907098294,0.2047448944737679,0.000437430605406858,0.018802520888029244
2021-05-28,2021,1999,0,0,33,1,0.8160531521511649,0.002040132880377912,0.034017682469348554,0.16115156312275644,0.00026400461480552076,0.011770544620135116
2021-05-31,2021,1999,0,0,32,7,-0.7667771915289388,-0.0019169429788223468,-0.09579427925017575,0.18280976093672482,0.00040092482995243456,0.05112743471025805
2021-06-01,2021,1999,0,0,33,1,0.8479881064553241,0.0021199702661383103,0.0401155199301272,0.16013255915032376,0.0003354300824991674,0.017216609700674342
2021-06-02,2021,1999,0,0,32,6,0.2738364529586136,0.000684591132396534,-0.032181033513928335,0.17219451272889405,0.00030605610058032307,0.016002087451269173
2021-06-03,2021,1999,0,0,32,4,-0.32237392951375526,-0.0008059348237843882,-0.05860821333435337,0.17660452080627634,0.00030123107506005794,0.025482409077690234
2021-06-04,2021,1999,0,0,30,1,-0.7262481103402058,-0.0018156202758505143,-0.0692164171537834,0.17837517941235964,0.00032824126648706826,0.015730365963166654
2021-06-07,2021,1999,0,0,31,4,0.44601064767793736,0.0011150266191948435,0.02353555410538022,0.16290002822696092,0.0002925043773044975,0.01489026332649913
2021-06-08,2021,1999,0,0,31,2,0.8051354359225633,0.0020128385898064084,0.08850755594287414,0.15205645090288364,0.0002625276840028602,0.00721480064415231
2021-06-09,2021,1999,0,0,30,1,0.4156228826578847,0.0010390572066447119,0.05934502429596651,0.15692202341795908,0.0003092948346731385,0.01052227352419404
2021-06-10,2021,1999,0,0,30,3,0.22464725834417343,0.0005616181458604336,-0.005885580631695054,0.16780668280254407,0.0003480727340393153,0.013116475889024601
2021-06-11,2021,1999,0,0,30,0,-0.19312860471162552,-0.0004828215117790638,0.023662210095830416,0.1628756505189341,0.0003346708565159927,0.04848160043379779
2021-06-14,2021,1999,0,0,30,0,-1.0387766237260754,-0.0025969415593151885,-0.03007996597749673,0.17184523586010117,0.0003089100231339512,0.00510213461434073
2021-06-15,2021,1999,0,0,30,4,-0.6387813481105159,-0.0015969533702762898,-0.1264411626604041,0.18792036999069694,0.00029598015679813686,0.006086835018844164
2021-06-16,2021,1999,0,0,31,4,0.40906578802128957,0.001022664470053224,0.07149011881839276,0.15490363385482114,0.00045943711730199097,0.024255941708531407
2021-06-17,2021,1999,0,0,33,4,0.38296261132787235,0.0009574065283196809,0.004425468355722319,0.1660949726998517,0.0006431792620114748,0.010818491100468362
2021-06-18,2021,1999,0,0,32,13,1.9534336137206787,0.004883584034301697,0.17044087297084862,0.13839807577498495,0.0008820374042339228,0.009033952850126955
2021-06-21,2021,1999,0,0,32,12,-0.9341192072659299,-0.0023352980181648247,-0.0976691805532433,0.18311934740888708,0.00031217656885091803,0.013630499147641754
2021-06-22,2021,1999,0,0,33,10,0.03695575116937794,9.238937792344484e-05,0.035524554140906356,0.16090084113159714,0.000346048122184309,0.3245955397199559
2021-06-23,2021,1999,0,0,34,13,0.049092586735606014,0.00012273146683901504,-0.020025866036214757,0.17017016221279263,0.00035325249269463745,0.07434228725693766
2021-06-24,2021,1999,0,0,34,6,0.8258748986651402,0.0020646872466628507,0.020386162915626165,0.16342716156881248,0.00030816906046098996,0.027549112372791975
2021-06-25,2021,1999,0,0,35,11,-0.19591741775730487,-0.0004897935443932622,-0.047430262508456195,0.17474384421020903,0.00036496874789836376,0.051044055662415835
2021-06-28,2021,1999,0,0,34,4,-0.11085965541212406,-0.00027714913853031013,-0.023107219417402597,0.17068308305180493,0.00034358052952165007,0.02398277161912117
2021-06-29,2021,1999,0,0,34,7,1.3330939643848432,0.003332734910962108,0.16726382207731966,0.13891959202283283,0.0003503797200543416,0.011047907383626397
2021-06-30,2021,1999,0,0,34,12,0.3097018415149866,0.0007742546037874665,0.08460912578061294,0.15271568911777408,0.00036439458841590105,0.18164730869558585
2021-07-01,2021,1999,0,0,34,5,-0.9942639553665311,-0.002485659888416328,-0.08464823361643459,0.1809506828963504,0.00023756193183171036,0.02280172102952451
2021-07-02,2021,1999,0,0,34,7,-0.37176072591010123,-0.0009294018147752531,-0.08583088447012097,0.18113433140040539,0.00023829065381176162,0.007306559865438807
2021-07-05,2021,1999,0,0,34,3,0.7637143930112789,0.0019092859825281972,0.09512354299488163,0.15096237145437424,0.00025534777571826323,0.012716803479250154
2021-07-06,2021,1999,0,0,35,0,0.6079152340148362,0.0015197880850370904,-0.046728926600376065,0.1746270821009016,0.00034987931779783654,0.02479850733573376
2021-07-07,2021,1999,0,0,35,3,-0.5471562424495708,-0.0013678906061239272,-0.026509289041484495,0.17124664739832435,0.0002634146548272137,0.01711381756231758
2021-07-08,2021,1999,0,0,35,12,0.3411982854469704,0.000852995713617426,0.043899193303136304,0.15950936948472755,0.0006908567114588098,0.01196166393398166
2021-07-09,2021,1999,0,0,35,24,0.9135123256165334,0.0022837808140413335,0.10163240263597025,0.14987485527591668,0.0003617374532177627,0.029672031657352747
2021-07-12,2021,1999,0,0,35,7,-0.01145506997889953,-2.8637674947248825e-05,-0.0324432423799697,0.1722353344515777,0.0003109110283429277,0.043924149775885435
2021-07-13,2021,1999,0,0,34,12,0.006026957228476348,1.5067393071190871e-05,0.007031465910224027,0.1656582812819715,0.000371258974362787,0.01876679524141676
2021-07-14,2021,1999,0,0,34,9,0.9350209462314354,0.0023375523655785884,0.043472151900757094,0.1595679498184304,0.000266531467292792,0.015178917203834727
2021-07-15,2021,1999,0,0,35,5,-1.0710767258490517,-0.002677691814622629,-0.05240459707361594,0.1755751173559427,0.00040206839212519294,0.02563885659306044
2021-07-16,2021,1999,0,0,33,5,0.1426995010281389,0.00035674875257034723,0.004811430730791779,0.16602751819847356,0.0002804310457532435,0.037003200704579436
2021-07-19,2021,1999,0,0,34,11,0.1796864737569892,0.00044921618439247303,0.04789706379016556,0.15883879062840917,0.0002581394043519003,0.026054631662487338
2021-07-20,2021,1999,0,0,36,14,0.692460685571711,0.0017311517139292777,0.07846562431994615,0.15374092089727184,0.00038263939176318726,0.019281877596076333
2021-07-21,2021,1999,0,0,35,11,-0.25299036857796864,-0.0006324759214449216,0.047818635608365745,0.15885301397082563,0.00033106465681008294,0.015017011264639913
2021-07-26,2021,1999,0,0,36,12,-1.1243946597150305,-0.002810986649287576,-0.12432516849163024,0.18757014425162563,0.00039452186314869726,0.25736125900707874
2021-07-27,2021,1999,0,0,36,9,1.2552465110820936,0.003138116277705234,0.12087287089502186,0.14666382242675396,0.0003765289595336641,0.028541363353451796
2021-07-28,2021,1999,0,0,36,5,-2.0826369369161366,-0.005206592342290341,-0.15608756823557404,0.1928732337468362,0.0006452048292283657,0.013472226981300878
2021-07-29,2021,1999,0,0,37,5,-0.2413350127146181,-0.0006033375317865453,-0.042564283205757135,0.17393399652278094,0.0009590365830885099,0.14012305953362011
2021-07-30,2021,1999,0,0,37,15,-0.4882649139957943,-0.0012206622849894857,-0.06827293738850788,0.17821936857180207,0.0003891018120301002,0.27972363256974836
2021-08-02,2021,1999,0,0,37,8,-0.13166336200650486,-0.00032915840501626214,-0.05491528919881575,0.17599257986499905,0.00037333112606556144,0.009847925285769017
2021-08-03,2021,1999,0,0,39,7,-0.6140177862797436,-0.001535044465699359,-0.0855448983898517,0.18109828886613677,0.0004361324172815414,0.008144299107380182
2021-08-04,2021,1999,0,0,39,4,-0.2818015010014324,-0.000704503752503581,-0.030527011299291473,0.1719211191039823,0.0005723205207667938,0.00991311324205657
2021-08-05,2021,1999,0,0,39,5,2.1444852822758738,0.005361213205689684,0.12069251186902179,0.14669564567123455,0.0008225820650486327,0.011794284418226806
2021-08-06,2021,1999,0,0,39,8,-0.8214383793117974,-0.0020535959482794936,-0.08276879122356436,0.18063927474864175,0.0006779871211261705,0.017911755764790552
2021-08-10,2021,1999,0,0,39,4,1.4175369322568805,0.0035438423306422013,0.0937568700623749,0.15118385027106904,0.0005462628515118242,0.008498030696140711
2021-08-11,2021,1999,0,0,40,5,0.8215390153564585,0.002053847538391146,0.01536433563292877,0.16426220444383183,0.0006201845332807879,0.06235277836640838
2021-08-12,2021,1999,0,0,40,8,0.0718415352980295,0.00017960383824507374,-0.01268560673198853,0.1689488484328597,0.0008130562695280029,0.013610107441888297
2021-08-13,2021,1999,0,0,40,6,-1.2590875213785442,-0.0031477188034463605,-0.09304836915087687,0.1823518705638444,0.0005301844104086088,0.012680105255303177
2021-08-16,2021,1999,0,0,39,9,-0.10553074778634342,-0.0002638268694658585,0.06686854863611293,0.1556750272333665,0.0004319259938400551,0.025555996236802776
2021-08-17,2021,1999,0,0,40,7,-0.9074677294497129,-0.0022686693236242824,-0.10615144674366521,0.18454073942184615,0.0005278194562047912,0.014370389670005264
2021-08-18,2021,1999,0,0,40,6,-1.4078485270658785,-0.0035196213176646963,-0.14644845852956995,0.19126224104877096,0.0005066016863828407,0.09612509139571031
2021-08-19,2021,1999,0,0,41,9,-0.5437759355858827,-0.0013594398389647066,-0.03634937416353005,0.17289588669892184,0.0006299491818347405,0.045574292706126014
2021-08-20,2021,1999,0,0,41,6,0.6503997246998443,0.0016259993117496109,0.11810908494154271,0.14712578603708354,0.00046705291372939805,0.03983046701722034
2021-08-23,2021,1999,0,0,41,10,-0.6386526611773973,-0.0015966316529434932,0.0375012830188432,0.16056667024756177,0.00029828172956481846,0.035777190337490154
2021-08-24,2021,1999,0,0,41,13,-0.7876566870301229,-0.001969141717575307,-0.10210968495946908,0.18386123226262266,0.0003230645536418887,0.02592294512086497
2021-08-25,2021,1999,0,0,41,16,-0.64318159238759,-0.001607953980968975,-0.036616805254671765,0.17293022861003296,0.0002430468389915933,0.009928497207320204
2021-08-26,2021,1999,0,0,40,14,-1.0158543140818614,-0.0025396357852046536,-0.06533677910400323,0.1777325489336024,0.0005514335993270234,0.008052330965169835
2021-08-27,2021,1999,0,0,40,8,0.10851555028294779,0.0002712888757073695,0.01155677108325709,0.16489932083589773,0.0003608373969209765,0.008266503921764755
2021-08-30,2021,1999,0,0,40,12,0.016911068230953008,4.227767057738252e-05,0.011396029773076913,0.16492497836592054,0.0003669179604259248,0.05256221642445791
2021-08-31,2021,1999,0,0,41,6,0.8885556641274668,0.002221389160318667,0.054701695190694635,0.157701977243004,0.0003248586929318601,0.015483238376185409
2021-09-01,2021,1999,0,0,42,7,0.014098341682798221,3.5245854206995555e-05,-0.0573024451859584,0.1763908281895128,0.0005963066118473602,0.022362068498695674
2021-09-02,2021,1999,0,0,42,7,-0.26175969397504284,-0.0006543992349376071,-0.035698619956786165,0.17278209839317718,0.0004621666899026717,0.009296224238368058
2021-09-03,2021,1999,0,0,43,5,-0.5095575427280976,-0.001273893856820244,-0.03762881502304513,0.17310482049063802,0.0003529114326632151,0.05537399471895486
2021-09-06,2021,1999,0,0,43,4,-0.18321035367705552,-0.0004580258841926388,-0.019706444602524298,0.17011289741529986,0.0002926660457390361,0.050935366231226874
2021-09-07,2021,1999,0,0,45,8,0.05120941728322537,0.00012802354320806341,-0.018556352608646878,0.1699210321357356,0.00033235122255954554,0.01757014232257896
2021-09-08,2021,1999,0,0,45,21,1.1894912405105527,0.0029737281012763815,0.11148325807792867,0.14823318958169165,0.0005300362491004075,0.02174798777534601
2021-09-09,2021,1999,0,0,44,4,0.008412053857540291,2.103013464385073e-05,0.03142331908880442,0.1615858539815388,0.00041836339608494066,0.03654383455735789
2021-09-10,2021,1999,0,0,45,31,0.867101007545982,0.0021677525188649547,0.07978631726166044,0.1535191672690978,0.00032486790331507216,0.06836431650245653
2021-09-13,2021,1999,0,0,46,29,-0.006019001287034698,-1.5047503217586744e-05,-0.023147543652409026,0.17069386304272768,0.0007580678190889797,0.019060475661897374
2021-09-14,2021,1999,0,0,45,37,1.3590397426624488,0.003397599356656122,0.20151094211013618,0.1332082288472646,0.0005876669548551001,0.020200881130172155
2021-09-15,2021,1999,0,0,45,5,-0.40633830258995673,-0.0010158457564748919,-0.01907226671198429,0.1700078865355698,0.0004274563868293448,0.0358227799241945
2021-09-16,2021,1999,0,0,46,5,0.11734252155964686,0.0002933563038991172,0.0462851890591468,0.15911130148566685,0.0006268333160685424,0.029215199056527117
2021-09-17,2021,1999,0,0,47,18,-0.6541309415943295,-0.0016353273539858237,-0.06410656670417544,0.1775274584925782,0.0005431106155252066,0.026828178018663516
2021-09-21,2021,1999,0,0,45,3,-0.09184797458007221,-0.00022961993645018053,-0.031652125742036206,0.17211391383030505,0.0011394029182009875,0.0857283741035637
2021-09-22,2021,1999,0,0,45,2,0.7243211422613307,0.0018108028556533269,0.0984420949593169,0.15040747062432328,0.00035348551158700026,0.03842110583870368
2021-09-24,2021,1999,0,0,46,4,0.9108225003399953,0.0022770562508499883,0.04862179183684939,0.15871647345504894,0.0005565401098011945,0.10828089067891992
2021-09-27,2021,1999,0,0,46,19,-0.3481565461250695,-0.0008703913653126738,0.12165609292648367,0.14653634711836985,0.0005939243278258733,0.01993143854254551
2021-09-28,2021,1999,0,0,46,7,0.8876989474639194,0.0022192473686597986,0.07578454771000094,0.15418585797531528,0.0004233710552879943,0.07184424662307022
2021-09-29,2021,1999,0,0,46,3,-0.14291695510010394,-0.00035729238775025985,0.025293746081432884,0.1626135538638587,0.000640609551811547,0.013976868409172987
2021-09-30,2021,1998,0,0,46,2,-3.090981943078734,-0.007727454857696835,-0.17249789701310317,0.19560962919384378,0.0005429532445204341,0.015369775607569445
2021-10-01,2021,1998,0,0,46,11,-0.33616700393538945,-0.0008404175098384736,-0.005680166067351002,0.16778049482169508,0.00036497448766779553,0.06406583227892917
2021-10-04,2021,1998,0,0,46,8,-0.7331771660100863,-0.0018329429150252157,0.020408416615824997,0.16342540525535101,0.00044830306801719517,0.04477924380779551
2021-10-05,2021,1998,0,0,45,30,-2.516404133386099,-0.006291010333465248,-0.12609792807221887,0.18786724403330335,0.0004468832280790296,0.024212479353320424
2021-10-06,2021,1998,0,0,45,1,-1.2135191078300611,-0.0030337977695751527,-0.015474309318046376,0.16941157050244066,0.0005121909856294283,0.04209202100169166
2021-10-07,2021,1998,0,0,47,2,-0.7502020865135148,-0.001875505216283787,-0.050041281639145195,0.1751806880728355,0.0004876922436485146,0.030184350049370402
2021-10-08,2021,1998,0,0,47,1,-0.8524267502753256,-0.002131066875688314,-0.055627352940508246,0.17611224999441777,0.0004621743567745597,0.03915427926098047
2021-10-11,2021,1998,0,0,46,2,-0.6187212029883533,-0.0015468030074708833,-0.06400067537502943,0.17750615574003137,0.00040348923209035804,0.026080128044276178
2021-10-12,2021,1998,0,0,48,9,-0.7678746092521317,-0.0019196865231303293,-0.038640827273907635,0.17327520796438495,0.00038778834858934106,0.013112903020422829
2021-10-13,2021,1998,0,0,47,10,1.1019227017454938,0.0027548067543637345,0.047391418322202616,0.15892682905796465,0.0009527925197483461,0.00963996672655311
2021-10-14,2021,1998,0,0,49,4,-0.05049636689805714,-0.00012624091724514286,0.05214038236513418,0.15812992675569967,0.0004324633972434262,0.0396929374451211
2021-10-15,2021,1998,0,0,48,3,0.40013757021636187,0.0010003439255409047,-0.008551455918661185,0.168252560858558,0.00039171061821053997,0.029753115998800615
2021-10-18,2021,1998,0,0,48,6,1.0348495863691476,0.002587123965922869,0.1536085911163364,0.14119626095614615,0.0003020990589322382,0.013649190283386795
2021-10-19,2021,1998,0,0,48,9,0.03550410548591776,8.87602637147944e-05,0.04598336637376809,0.15915887050606153,0.00039392573343069453,0.02257818799820821
2021-10-20,2021,1998,0,0,48,9,-0.8021590712781004,-0.0020053976781952507,-0.08752378649144481,0.18142477986005168,0.00026757455878285936,0.013236868306063306
2021-10-21,2021,1998,0,0,49,11,-0.7584996160270407,-0.0018962490400676018,-0.0596506208322916,0.17677775226109496,0.0002820671713260807,0.028431437812911804
2021-10-22,2021,1998,0,0,48,9,-0.09673404865123558,-0.00024183512162808895,-0.022953100400633995,0.17065658571727138,0.00035417333337971966,0.014751777188330407
2021-10-25,2021,1998,0,0,48,14,0.4993106337703141,0.0012482765844257853,0.04561484945205954,0.15921757357276936,0.00028190537073104053,0.02326509846980293
2021-10-26,2021,1998,0,0,48,4,0.34766073580428936,0.0008691518395107234,0.04999941979892953,0.15848610999449425,0.0004462311942603255,0.01942820840072777
2021-10-27,2021,1998,0,0,48,4,0.29924708103837044,0.0007481177025959261,0.030766093587635705,0.16169000632908564,0.00044118331957104036,0.017112806527143337
2021-10-28,2021,1998,0,0,47,8,-0.03687618921675773,-9.219047304189432e-05,0.056857219968883016,0.1573474253564745,0.0008952684968904723,0.019153069614593708
2021-10-29,2021,1998,0,0,47,6,-0.11686661153597311,-0.0002921665288399328,-0.03890670109451737,0.1733229051904862,0.00048667398675596797,0.011053124869712352
2021-11-01,2021,1998,0,0,46,12,-0.05578666606566873,-0.00013946666516417183,-0.06179411427485742,0.17713986280299696,0.000791914991947036,0.06699464874541364
2021-11-02,2021,1997,0,0,46,10,-0.8199625286056234,-0.002049906321514058,-0.05088230948867148,0.17531965979670183,0.0007641563512674426,0.08265898387364645
2021-11-04,2021,1997,0,0,46,9,0.7562948536729499,0.0018907371341823748,0.0015435597846531614,0.16656877350344657,0.0006996848967286273,0.03418110139676235
2021-11-05,2021,1997,0,0,46,10,0.5535959378546931,0.0013839898446367327,-0.02850698706574472,0.171587374528184,0.0005982946508901959,0.038447120124698364
2021-11-08,2021,1996,0,0,46,19,1.615032264303876,0.00403758066075969,0.06723876207773162,0.15561141050827987,0.0006584869635074164,0.060604394830715114
2021-11-09,2021,1996,0,0,46,13,-0.4229465473629369,-0.0010573663684073423,-0.0291300235110638,0.17168548295012145,0.0006224613247976016,0.016583570298751897
2021-11-10,2021,1996,0,0,46,10,0.5995256847718027,0.0014988142119295067,0.03549715881278506,0.1609098429395018,0.0009297445224509621,0.009368101171104913
2021-11-11,2021,1996,0,0,46,2,1.4616266700098106,0.0036540666750245264,0.08096658433959053,0.15332172029311858,0.0009746497300414663,0.013239152177666597
2021-11-12,2021,1996,0,0,46,6,1.2930356771039442,0.0032325891927598603,0.07921344877346567,0.15361254679382824,0.0005753237647600515,0.1032910634803465
2021-11-15,2021,1996,0,0,46,6,1.5285837205665038,0.0038214593014162597,0.027482649510613716,0.162246281999996,0.0005861224493450255,0.033524139467471
2021-11-16,2021,1996,0,0,45,9,-0.6538021149195906,-0.0016345052872989766,-0.050802344169023676,0.17530228105912518,0.00038600151251791246,0.02403221628469073
2021-11-17,2021,1997,0,0,45,10,0.9795007898206795,0.0024487519745516988,0.06677333281719121,0.15568898483588292,0.00037255203121113866,0.03881449656665343
2021-11-18,2021,1997,0,0,45,8,0.7692517641438497,0.001923129410359624,0.03677312614009624,0.16069289841394999,0.00034910181990238035,0.010885052270073184
2021-11-19,2021,1997,0,0,45,3,-0.8242589174949508,-0.002060647293737377,-0.0865358711039466,0.18126493149901918,0.0005946814432102455,0.030704120017249162
2021-11-22,2021,1997,0,0,45,4,-1.071696968234188,-0.0026792424205854697,-0.09292873131149373,0.1823309924299263,0.0003081194463297747,0.015010780108976137
2021-11-24,2021,1997,0,0,47,10,0.36753196804786104,0.0009188299201196526,-0.027484384659201434,0.1714185933560362,0.0005737459966572455,0.03306690340241569
2021-11-25,2021,1997,0,0,48,1,0.087957833134225,0.00021989458283556252,0.06083253920193332,0.15668459065530516,0.0009542564390795338,0.006672629905189554
2021-11-26,2021,1997,0,0,47,2,-0.10233521271162305,-0.0002558380317790576,0.04095483625380327,0.15999799583210625,0.0004076469631261034,0.07786115547921392
2021-11-29,2021,1997,0,0,46,8,-2.0660743833709514,-0.005165185958427378,-0.10903170872965935,0.18502227779020186,0.0006055899666507806,0.08467620589092603
2021-11-30,2021,1996,0,0,46,0,2.025884605973991,0.005064711514934978,0.10732428848655058,0.1489256164479385,0.0005359067553593075,0.04101870716688569
2021-12-01,2021,1996,0,0,46,5,-0.35546095497973695,-0.0008886523874493423,-0.03911713907974002,0.17335961021986812,0.001231165266222413,0.027854111457018067
