Date,ValidationYear,StocksRanked,SelectedMissingTargets,AllMissingTargets,FallbackStocks,SelectedFallbackStocks,OfficialDailySpread,IllustrativeGrossOneReturn,RankIC,NormalizedHardRankMSE,AllStockForecastMSE,MaxAbsoluteScore
2017-12-29,2018,1896,0,0,42,3,-0.15227275366436088,-0.0003806818841609022,-0.040947060930062125,0.17366845862532873,0.0003131555849076269,0.011908948249341838
2018-01-04,2018,1896,0,0,41,7,0.2227073767700971,0.0005567684419252427,-0.0435086089444546,0.1740968851905376,0.00040522592596679136,0.01246399516467184
2018-01-05,2018,1896,0,0,41,10,-0.7280948820187961,-0.0018202372050469904,-0.04847597506967266,0.17492456250150362,0.0003701514669407931,0.007125723917088541
2018-01-09,2018,1896,0,0,39,16,0.37803414323453083,0.0009450853580863271,0.050267649248838836,0.15845067793397377,0.00037965776284016586,0.02352919812583042
2018-01-10,2018,1896,0,0,39,2,-1.8001730239617284,-0.004500432559904321,-0.11569822265974702,0.18614165657425888,0.0005706471961078014,0.005664937634451431
2018-01-11,2018,1896,0,0,39,7,-0.31542684515731817,-0.0007885671128932954,-0.024551719488476245,0.17093217129425187,0.0004601113942772746,0.009312659375899786
2018-01-12,2018,1896,0,0,39,4,-0.5689982168552032,-0.001422495542138008,0.010215144383551483,0.1651288102015465,0.00038486545280490427,0.03579980097881783
2018-01-15,2018,1896,0,0,39,4,-1.1397279116774675,-0.0028493197791936687,-0.017929172093247684,0.16983172468739974,0.0003817632225500893,0.01396132392652518
2018-01-16,2018,1896,0,0,39,2,-0.009226331387914843,-2.3065828469787107e-05,0.025610444928585826,0.16256766385500984,0.0003903836725856913,0.013575531651428045
2018-01-17,2018,1896,0,0,39,2,-0.652167953227327,-0.0016304198830683176,-0.06096245725151442,0.1770072934701806,0.0003033223136904986,0.00949453727614239
2018-01-18,2018,1896,0,0,40,0,-1.6801880629708112,-0.004200470157427028,-0.1000312741057253,0.18352461299071401,0.0004466165373858519,0.009640504182135943
2018-01-19,2018,1896,0,0,40,9,-0.3062714438938179,-0.0007656786097345448,-0.006805516943330317,0.16797396562697609,0.00037902717562348753,0.029749405692918923
2018-01-22,2018,1896,0,0,39,2,1.3265583516340727,0.0033163958790851816,0.04571144317893267,0.1592079897266148,0.0003252707102921092,0.037520569172780995
2018-01-23,2018,1896,0,0,39,10,0.35834339085285716,0.0008958584771321429,-0.009471299472967846,0.16841835505752928,0.0003398239993774154,0.013425525835439642
2018-01-24,2018,1896,0,0,39,13,-0.11584769119489069,-0.0002896192279872267,-0.008684914838929044,0.16828425983590065,0.00031899984125784733,0.013434912586109841
2018-01-25,2018,1896,0,0,38,6,0.776687107654343,0.0019417177691358576,0.1071212348724194,0.14896323169075082,0.0003755400515824272,0.011419926326878636
2018-01-26,2018,1896,0,0,38,6,1.1436609972034364,0.0028591524930085908,0.025923190831070482,0.16251670501678808,0.0005159997420377943,0.0336616427655586
2018-01-29,2018,1896,0,0,38,7,-0.5251244354798676,-0.001312811088699669,-0.005725007681308188,0.16779610366526465,0.0006583866315920554,0.012118513069605132
2018-01-30,2018,1896,0,0,38,5,0.6843374602340444,0.001710843650585111,0.027480107726084255,0.16225719927290602,0.0010546876721752067,0.02544636920263043
2018-01-31,2018,1896,0,0,37,2,0.06484285792213096,0.0001621071448053274,0.04384746197480008,0.15952342061345684,0.0004284593488449486,0.008505034523187006
2018-02-01,2018,1896,0,0,36,2,0.846189157896645,0.0021154728947416126,0.0756839505165822,0.15421520253390744,0.001126848337261189,0.029284317403283522
2018-02-02,2018,1896,0,0,37,3,0.3309836086967053,0.0008274590217417632,-0.020060684080695064,0.17018953986816113,0.004429583512953259,0.031921797683191935
2018-02-05,2018,1896,0,0,36,0,-0.6322554064396442,-0.0015806385160991104,-0.06768544774201007,0.17813162088900902,0.0006065037956156749,0.022424096247556653
2018-02-06,2018,1896,0,0,36,8,-1.637299854317977,-0.004093249635794943,-0.14572732558479337,0.19115257881690925,0.0009676159806454212,0.06565245543443496
2018-02-07,2018,1896,0,0,35,2,-0.5222479284518315,-0.0013056198211295789,-0.027144208895106707,0.17137122018656625,0.0009889535109554295,0.019228204664730013
2018-02-08,2018,1896,0,0,34,0,0.16724645959514772,0.0004181161489878693,-0.059497878678694036,0.17676667961502832,0.0011482751340024528,0.01685299936428788
2018-02-09,2018,1896,0,0,34,2,-1.0476749550609825,-0.0026191873876524564,-0.10147891132269936,0.18377216683576206,0.0009586596741088148,0.07982624356111045
2018-02-13,2018,1896,0,0,33,0,0.05253960575120242,0.00013134901437800606,0.032187343022171876,0.16146894102817333,0.0011813719279635544,0.031159284870040632
2018-02-14,2018,1896,0,0,33,7,0.5538308157326188,0.001384577039331547,0.01319276307513567,0.16463943821265375,0.0009363837097232945,0.03387957941591818
2018-02-15,2018,1896,0,0,34,0,0.37907302242278185,0.0009476825560569546,0.07550685766129264,0.15424478078655832,0.001371248239236839,0.03551611103137039
2018-02-16,2018,1896,0,0,34,0,-0.7351890365342493,-0.0018379725913356233,-0.011127737812843054,0.16869071178594947,0.00033326154315551455,0.05258522854263425
2018-02-19,2018,1896,0,0,34,1,-0.1295544759702698,-0.00032388618992567453,0.024240718076928007,0.16279390754029688,0.0005152924652482794,0.03729818352814691
2018-02-20,2018,1896,0,0,34,1,-0.013409072353507412,-3.352268088376853e-05,-0.036212009532925034,0.17288062014486008,0.00034608906925372575,0.01878584793165447
2018-02-21,2018,1896,0,0,33,0,1.454761677524472,0.00363690419381118,0.16136794311117714,0.13991845660581909,0.00036595396614975614,0.047202244470988225
2018-02-22,2018,1896,0,0,34,5,-0.04650757165489772,-0.0001162689291372443,-0.013111520464113308,0.16902622423630737,0.000410830275174955,0.02233602966623133
2018-02-23,2018,1896,0,0,33,1,0.9201149711699901,0.0023002874279249752,0.10999779516536932,0.14848257120563435,0.0002954814161890561,0.10008388847194974
2018-02-26,2018,1896,0,0,32,4,-1.1723670629046659,-0.0029309176572616647,-0.15390874998534365,0.19251833905713778,0.000383638566517419,0.023503330211837814
2018-02-27,2018,1896,0,0,30,2,-0.9003809045301001,-0.00225095226132525,-0.09584719550171968,0.18283217570632973,0.0005586995838603831,0.00683058022267511
2018-02-28,2018,1896,0,0,32,6,0.5074012766123763,0.0012685031915309409,-0.0011573876329501371,0.16703518209088838,0.0004835114687973999,0.01962057531718763
2018-03-01,2018,1896,0,0,35,10,2.7689686690098227,0.006922421672524557,0.17112272991343072,0.13829081597208606,0.0007458612756182866,0.030960619417881897
2018-03-02,2018,1896,0,0,36,14,0.07599064073656825,0.00018997660184142062,-0.020444086313523114,0.1702529711980909,0.000923967831423242,0.023892185421311017
2018-03-05,2018,1896,0,0,35,8,-0.5970456405458809,-0.0014926141013647024,-0.052753758667459204,0.17563912311039623,0.00041082525283761887,0.3232420086199062
2018-03-06,2018,1896,0,0,34,4,-0.03148254698662423,-7.870636746656057e-05,-0.01917393195704579,0.17003544232123236,0.00041874365728529137,0.03351453177853865
2018-03-07,2018,1896,0,0,35,1,0.7355711999733214,0.0018389279999333037,0.08592910949142986,0.1525020937541868,0.00041613178451382676,0.05113574653395885
2018-03-08,2018,1896,0,0,35,3,1.1342946391076585,0.0028357365977691464,0.17927957427173372,0.13693018425829961,0.0006120847888446948,0.015456593152351887
2018-03-09,2018,1896,0,0,36,3,-0.05111546126507438,-0.00012778865316268596,-0.005034262270013625,0.16767911604049676,0.0005137266431829901,0.017209050278397166
2018-03-12,2018,1896,0,0,35,7,-0.3663311342949825,-0.0009158278357374563,0.003155632186406685,0.16630717588037477,0.0003850402293066107,0.023914237437970165
2018-03-13,2018,1896,0,0,34,3,-1.186613036143968,-0.00296653259035992,-0.08716886301099283,0.18138042731473333,0.0004339358116589651,0.35436388926355505
2018-03-14,2018,1896,0,0,34,8,-0.09176850639076228,-0.0002294212659769057,-0.014042500754092642,0.16918119377079233,0.00037065208239800174,0.04463046060444145
2018-03-15,2018,1896,0,0,32,3,0.5537065217126269,0.0013842663042815673,0.03187900250231115,0.16152277755751657,0.0005332956030501103,0.02294048743995883
2018-03-16,2018,1897,0,0,31,8,0.25070092485496526,0.0006267523121374131,0.03612888436194886,0.16080860760645682,0.0002605347796539424,0.01621632207620579
2018-03-19,2018,1897,0,0,31,11,-0.4106208059435902,-0.0010265520148589754,-0.019249588543121268,0.1700469977945539,0.00036132200546446283,0.013249536292489707
2018-03-20,2018,1897,0,0,29,10,-1.0528267252032064,-0.002632066813008016,-0.1550984251613997,0.192719469559272,0.001703731041866947,0.03475737486441857
2018-03-22,2018,1898,0,0,28,3,0.03885404603767084,9.71351150941771e-05,-0.04095854805449908,0.17367105887610024,0.00031383973712614615,0.015256567312074254
2018-03-23,2018,1900,0,0,30,2,-0.6086051518816715,-0.001521512879704179,-0.06321056397982656,0.1773882601254427,0.0022217641206836,0.05882427305977935
2018-03-26,2018,1900,0,0,28,4,-0.012795931808709415,-3.198982952177354e-05,0.000422637615516058,0.16677095888005428,0.0005278836621751866,0.0317979069251108
2018-03-27,2018,1901,0,0,29,1,-0.8849228992058593,-0.0022123072480146485,-0.07601307215448332,0.17951596943436973,0.0006370945766431864,0.10622595165954868
2018-03-28,2018,1901,0,0,31,1,-2.1630225576355495,-0.0054075563940888735,-0.21970275805483294,0.2034954378873344,0.0006548828064314021,0.026391872631599547
2018-03-29,2018,1901,0,0,33,3,0.2260234315763785,0.0005650585789409462,-0.05461913664462512,0.17595009253039295,0.0003219612308007547,0.014346830316080597
2018-03-30,2018,1901,0,0,32,8,0.02004350659794467,5.010876649486167e-05,-0.04702601786434816,0.1746838436833799,0.00031886827628624625,0.0073001725845037325
2018-04-02,2018,1902,0,0,33,6,-1.831435409816545,-0.004578588524541362,-0.16654419385099697,0.1946248693775593,0.0005209810690384535,0.025338319214478773
2018-04-03,2018,1902,0,0,34,1,-0.11434613990315068,-0.0002858653497578767,-0.028161488199034874,0.17153547736939495,0.0004074709617104082,0.033885139759990725
2018-04-04,2018,1902,0,0,34,8,0.4283264758545241,0.0010708161896363102,-0.037335156617654054,0.17306658041989936,0.0003966751443596756,0.05239197310647483
2018-04-05,2018,1902,0,0,34,4,-0.34529198837627517,-0.000863229970940688,-0.0759633649833353,0.17950505428766006,0.0003583855921882497,0.015670036072315575
2018-04-06,2018,1902,0,0,34,2,-2.2791006919045538,-0.005697751729761384,-0.1658913230696899,0.1945162805242066,0.00037477046974578986,0.028159138518044514
2018-04-09,2018,1902,0,0,36,7,-4.509764420252158,-0.011274411050630396,-0.3207631249162686,0.22035328106495777,0.000561326446936611,0.030984341466860556
2018-04-10,2018,1902,0,0,37,0,-0.7109642150682791,-0.0017774105376706978,-0.11096324742946093,0.18534304865836493,0.0003257527959920419,0.023344941064341127
2018-04-11,2018,1902,0,0,38,0,0.2571118360929211,0.0006427795902323027,0.04319710392379533,0.15962941288515198,0.0004292694736769579,0.017519795606214396
2018-04-12,2018,1902,0,0,40,0,-0.7393075805770735,-0.0018482689514426837,-0.10621805920342074,0.1845594265486174,0.0006234913414101006,0.01978631660114474
2018-04-13,2018,1902,0,0,40,2,-0.515385414810899,-0.0012884635370272474,-0.07424119183009575,0.17922464064681798,0.0003825703894742602,0.02762107701177789
2018-04-16,2018,1902,0,0,40,3,-0.9904382304111934,-0.0024760955760279833,-0.06541063820967753,0.17775332526186355,0.00045685757091617747,0.0057124994399730695
2018-04-17,2018,1902,0,0,40,10,-0.8323434449179825,-0.002080858612294956,-0.019044622423644225,0.170011593837996,0.00038191220636956156,0.06871247860880875
2018-04-18,2018,1902,0,0,41,8,-0.3607717388689319,-0.0009019293471723297,-0.04874029473729374,0.1749570146183639,0.00025585505389186697,0.013616529752287066
2018-04-19,2018,1902,0,0,42,7,-0.040062440389127985,-0.00010015610097281996,0.025688340235486877,0.16255006706238256,0.00035582926420731943,0.011418448557299803
2018-04-20,2018,1903,0,1,43,7,1.0620485465258258,0.0026551213663145645,0.06658817450235983,0.15572842125173728,0.0003326432114419081,0.006263298657903345
2018-04-23,2018,1903,0,0,43,3,-0.7263463098324983,-0.0018158657745812456,-0.09642931808286441,0.18292101355788423,0.00031950585894685574,0.019813042703598054
2018-04-24,2018,1903,0,0,45,4,-0.14170035828517213,-0.00035425089571293033,-0.01901072048013187,0.17000762030371433,0.0003942530295147127,0.01962388575651934
2018-04-25,2018,1903,0,0,45,6,-1.2654277513991352,-0.003163569378497838,-0.09618943205715078,0.18288559695991374,0.0005443066236508223,0.008397673769826572
2018-04-26,2018,1903,0,0,44,3,-0.3460489415563741,-0.0008651223538909353,0.009020083493347666,0.16533212808610362,0.0007194347870264878,0.01999632378154282
2018-04-27,2018,1903,0,0,45,2,0.9741267861811088,0.002435316965452772,0.14331060117134994,0.14292696673795297,0.00030421381386000165,0.016837538647739618
2018-05-01,2018,1903,0,0,46,0,-0.15270111714320278,-0.00038175279285800696,-0.0404312696497844,0.17357866979730519,0.00042065730490297256,0.010370850290416445
2018-05-02,2018,1903,0,0,48,0,1.8766429831726714,0.004691607457931678,0.1343180700214975,0.1444264637648413,0.0004410493566403304,0.0048112362448824286
2018-05-07,2018,1903,0,0,47,1,1.4020622747754385,0.0035051556869385965,0.07540121124422759,0.15425446566058423,0.0006645250794223813,0.005050406448221667
2018-05-08,2018,1903,0,0,47,4,0.9122634483722185,0.002280658620930546,0.04867691819208064,0.15871398197490516,0.0007751659005163393,0.00847897349017702
2018-05-09,2018,1903,0,0,48,4,0.38406379599770357,0.000960159489994259,0.062290319331937204,0.1564472880385395,0.0008197593094204336,0.0132643497840135
2018-05-10,2018,1903,0,0,48,4,0.5347191068344368,0.001336797767086092,0.04663293431277305,0.15905856477316088,0.0010557987374041407,0.02233774301763597
2018-05-11,2018,1903,0,0,47,0,0.6856301481856111,0.0017140753704640277,-0.00892495967330115,0.1683260261972426,0.0007066079922436161,0.01813428703923168
2018-05-14,2018,1903,0,0,47,3,-0.752793864989814,-0.001881984662474535,-0.051692376603412214,0.17546271199822241,0.000637993835441164,0.004819566846073568
2018-05-15,2018,1903,0,0,47,1,0.30912949629616393,0.0007728237407404098,0.06079322167764557,0.15669255813120667,0.0003864387049981743,0.004859958422201114
2018-05-16,2018,1903,0,0,47,3,0.3946337588305018,0.0009865843970762545,0.049098994776941254,0.15864528988250667,0.00029658301706288263,0.005238207046706927
2018-05-17,2018,1903,0,0,48,0,1.1520741859339898,0.0028801854648349747,0.10591442730345083,0.14916540963407335,0.0003539273948195667,0.010712439059364748
2018-05-18,2018,1903,0,0,49,1,0.7182172295715179,0.0017955430739287946,0.06323078220447233,0.1562875873523109,0.00023513140016878764,0.007169082591149177
2018-05-21,2018,1903,0,0,50,3,0.4813643356443774,0.0012034108391109435,-0.056959157423499655,0.17633777752986296,0.00029340933786688004,0.01564013525559077
2018-05-22,2018,1903,0,0,51,0,-0.3779047381565579,-0.0009447618453913947,-0.02487102025729643,0.17098914647131466,0.0003789610773638967,0.007277723278671939
2018-05-23,2018,1903,0,0,50,10,-1.76964638695036,-0.0044241159673759,-0.1437668540447009,0.1908219329316508,0.00028926830375111874,0.04394273231485663
2018-05-24,2018,1903,0,0,50,3,-0.3896663686569889,-0.0009741659216424722,-0.02937254638608261,0.17173309969727688,0.0003625628848029322,0.01195243221178503
2018-05-25,2018,1903,0,0,50,10,-0.4341002279341246,-0.0010852505698353116,-0.052790995397085975,0.17564547922578366,0.0002669541833302265,0.013436105041956768
2018-05-28,2018,1903,0,0,50,15,0.6149467617151616,0.001537366904287904,0.06715517102750243,0.15563704710392293,0.00036021253509072677,0.03057209731943718
2018-05-29,2018,1903,0,0,50,13,1.4585305801205188,0.003646326450301297,0.07446620495153236,0.15441347579008002,0.00047016624324982333,0.016422192546061504
2018-05-30,2018,1903,0,0,50,8,-0.630776070248664,-0.00157694017562166,-0.06606924693501007,0.17786041888376558,0.00043314893364473266,0.012301850250035194
2018-05-31,2018,1904,0,0,51,10,-1.950222348229934,-0.004875555870574835,-0.18954968725927696,0.19846584974060572,0.0006209150565130672,0.016210236297291847
2018-06-01,2018,1904,0,0,51,8,0.19953875288439588,0.0004988468822109896,-0.029743391348033034,0.17179519365298995,0.0003507027631541719,0.2225118706948835
2018-06-04,2018,1904,0,0,51,15,1.107431786890451,0.0027685794672261278,0.031019934622820863,0.1616581466859813,0.0003477254867745553,0.05717372286806117
2018-06-05,2018,1904,0,0,52,6,0.45960038486520083,0.0011490009621630021,0.09120053206519037,0.15162093920447245,0.000412609710355959,0.027313303705390056
2018-06-06,2018,1904,0,0,52,7,-0.2194028305444039,-0.0005485070763610098,-0.015153354459339864,0.16936048577983848,0.00030921329937700715,0.026949187303538128
2018-06-07,2018,1904,0,0,51,7,-0.2575922391443156,-0.000643980597860789,-0.021715844473134734,0.17045680399442278,0.000325783975988804,0.03264470923144517
2018-06-08,2018,1904,0,0,51,14,-0.6986962075173676,-0.001746740518793419,-0.050605512576481104,0.17527657899791735,0.00024878237738318695,0.022580131086906305
2018-06-11,2018,1904,0,0,51,11,-5.0465333629068354e-05,-1.2616333407267088e-07,-0.009591996404766039,0.16843413621499767,0.000345591423730911,0.01589899335660755
2018-06-12,2018,1904,0,0,52,1,0.6295506007377922,0.0015738765018444806,0.04722018047652008,0.15895512832171682,0.00032641832353354086,0.004395926157712095
2018-06-13,2018,1904,0,0,53,2,1.447435442987017,0.0036185886074675427,0.13997171596110705,0.14348713988060977,0.00039468814775505475,0.005021085787726361
2018-06-14,2018,1904,0,0,53,9,-1.847007831701914,-0.004617519579254785,-0.177875305136012,0.1965167450545289,0.00046578410693397097,0.010521525227658889
2018-06-15,2018,1904,0,0,53,9,0.3646546602304581,0.0009116366505761453,0.0071439459941448,0.16564920180007192,0.0006055657880011774,0.015180930478606632
2018-06-18,2018,1904,0,0,51,6,0.22613577432955778,0.0005653394358238944,0.011940616826494053,0.16484570742116852,0.0003157422191287284,0.020822268185537746
2018-06-19,2018,1905,0,0,51,16,1.2359624624955134,0.0030899061562387835,0.11156520061104339,0.14822519131842177,0.000335844812437689,0.027362151577431965
2018-06-20,2018,1905,0,0,50,17,0.089509649478441,0.0002237741236961025,0.026155506853476486,0.16247523528865,0.0004332223804189558,0.0608399787229163
2018-06-21,2018,1906,0,0,51,4,-0.34101591676775866,-0.0008525397919193966,-0.02039208093259889,0.1702423515958143,0.0006267472283730041,0.015850420497276876
2018-06-22,2018,1907,0,0,51,8,-1.991320220734572,-0.00497830055183643,-0.1650954558358413,0.19438192429647475,0.00040547104137773747,0.01840825175295204
2018-06-25,2018,1907,0,0,51,8,0.8605725834374075,0.0021514314585935187,0.16368275114239367,0.13953018206286516,0.000554719536717351,0.017788165687430052
2018-06-26,2018,1908,0,0,51,9,-0.142182962825801,-0.00035545740706450254,-0.025296752062352868,0.17105846282890097,0.00031498910438281045,0.022496862215790756
2018-06-27,2018,1909,0,0,50,4,0.8784979481150601,0.00219624487028765,0.12143609601333337,0.14657635674293393,0.00033258907673628654,0.007547989873064342
2018-06-28,2018,1909,0,0,50,13,-0.5963342565420255,-0.001490835641355064,-0.02530709005486337,0.17106326693736226,0.0008068990878185652,0.040321031942981866
2018-06-29,2018,1910,0,0,51,5,-0.9083011103137858,-0.0022707527757844645,-0.07257194503238994,0.17894620940108855,0.0003831620496326953,0.013789752765264755
2018-07-02,2018,1910,0,0,52,17,0.38010568987814825,0.0009502642246953706,0.027120013846703477,0.16231303397272664,0.00039948598567175785,0.027155399271641244
2018-07-03,2018,1910,0,0,52,5,0.2826665415392684,0.000706666353848171,0.04099418331404247,0.16000149698802762,0.0005457885525815933,0.015946164358791155
2018-07-04,2018,1910,0,0,52,4,1.6652130620286698,0.0041630326550716745,0.11154656451280445,0.14822862781150214,0.0008008386454259051,0.017090831258364678
2018-07-05,2018,1910,0,0,51,25,0.10357893418082753,0.00025894733545206883,-0.02065040311663713,0.1702845804137399,0.0012848022979168813,0.04787058629714826
2018-07-06,2018,1910,0,0,52,8,1.0298219141835607,0.0025745547854589016,0.0652249464838878,0.15595698844040182,0.00044135788819753757,0.028600452554737
2018-07-09,2018,1910,0,0,51,1,-0.552405509491301,-0.0013810137737282524,-0.04769209656091144,0.17479680861099225,0.0004954217989402719,0.03400937107489639
2018-07-10,2018,1911,0,0,51,5,0.14221342019107064,0.00035553355047767657,0.06799556331655626,0.15548988060579225,0.0003548410646692207,0.012336966145943182
2018-07-11,2018,1911,0,0,53,8,0.10482919941618674,0.00026207299854046686,0.029666054041876267,0.1618867696281575,0.0006045363511076178,0.04188106561366097
2018-07-12,2018,1911,0,0,54,8,2.0570173482965366,0.0051425433707413416,0.15078351424879063,0.14168285553431245,0.0006529930265893412,0.008746304914431995
2018-07-13,2018,1911,0,0,55,2,0.2677112734625142,0.0006692781836562855,0.05192599071604399,0.1581740630962339,0.00040182335363975365,0.011902403715573991
2018-07-17,2018,1911,0,0,54,2,1.728469617722558,0.004321174044306395,0.157156204255196,0.140618653185645,0.00027768374921967635,0.01864508418518172
2018-07-18,2018,1911,0,0,54,3,-1.0004170681539615,-0.0025010426703849036,-0.03814559676110362,0.17319931971498148,0.0003276943559146104,0.012958608331870606
2018-07-19,2018,1911,0,0,55,6,0.38128507059724465,0.0009532126764931116,0.06851937090585954,0.15540008188459242,0.00033028952187274526,0.04253986436399294
2018-07-20,2018,1911,0,0,54,3,0.29839586690154696,0.0007459896672538674,0.05199551815959032,0.15816101450543255,0.00032667105242501496,0.00876556100090613
2018-07-23,2018,1912,0,0,55,4,0.8037558145753214,0.0020093895364383034,0.08486568001880723,0.15267481719276124,0.00031773435325822065,0.006129284977328942
2018-07-24,2018,1912,0,0,57,5,0.4876641098965926,0.0012191602747414815,0.042377470058626694,0.15976917979760474,0.00036993450125903757,0.011566600992645995
2018-07-25,2018,1913,0,0,58,6,0.6336223615966575,0.0015840559039916437,0.04924517592371755,0.15862191276377077,0.0003475718249959924,0.0196640104569967
2018-07-26,2018,1913,0,0,58,9,0.08825898830243317,0.00022064747075608294,0.06954562121240515,0.15523326199167745,0.0007499980034828207,0.02533678448100294
2018-07-27,2018,1913,0,0,57,5,1.1515511771749605,0.002878877942937401,0.1279039525009182,0.1454992419213849,0.0007902528606644435,0.011225849117146735
2018-07-30,2018,1913,0,0,57,2,-1.4652482460334237,-0.0036631206150835594,-0.04628833008272733,0.17455969589202947,0.0008350560594544411,0.012490480384826792
2018-07-31,2018,1913,0,0,57,7,1.1242382535264341,0.0028105956338160855,0.0965801424085759,0.15071962366782438,0.0005445168203549353,0.013709037260300698
2018-08-01,2018,1913,0,0,58,4,-0.5213889049229323,-0.0013034722623073308,-0.03117542038399371,0.17203968301502154,0.0007181067925603837,0.019356516997650456
2018-08-02,2018,1913,0,0,56,2,-1.0510434999902973,-0.0026276087499757434,-0.028344510942416204,0.17156564158202955,0.000812590146340844,0.015245010063099645
2018-08-03,2018,1913,0,0,56,0,0.635123675748479,0.0015878091893711977,-0.0018480147539110473,0.16714589334120317,0.0005910469846074311,0.012117046261847947
2018-08-06,2018,1913,0,0,57,0,0.2722203230641073,0.0006805508076602683,0.025027756379762352,0.16266215347242577,0.0007243488612527167,0.01761400098740687
2018-08-07,2018,1913,0,0,58,1,0.2111126341110188,0.000527781585277547,0.03894847571753874,0.16033903616329798,0.0006259373935477597,0.012939289843885775
2018-08-08,2018,1913,0,0,57,2,0.4601549996850429,0.0011503874992126073,0.0656417414948352,0.15588634904590748,0.0009834187886391785,0.010985617494681922
2018-08-09,2018,1913,0,0,58,1,1.5257684923551253,0.0038144212308878133,0.08252035987888176,0.15307289295539234,0.0014501662372474865,0.007794447871259335
2018-08-10,2018,1913,0,0,58,6,0.46439978736184484,0.0011609994684046122,0.022093422712306143,0.16315398050602828,0.0008079823166862964,0.014514744505813408
2018-08-13,2018,1913,0,0,58,13,-0.7435197229448022,-0.0018587993073620054,0.004313230282096193,0.16611970611814103,0.0005023037444062546,0.01364027631412699
2018-08-14,2018,1913,0,0,60,15,-0.2302242136359074,-0.0005755605340897685,0.025251858919938117,0.16262476485329017,0.0004977131505478402,0.012645255503862887
2018-08-15,2018,1913,0,0,61,4,-1.3210013623782302,-0.0033025034059455754,-0.08850420882011509,0.18160023769492709,0.0003863281353720147,0.025244983972391673
2018-08-16,2018,1913,0,0,62,6,0.5367323075083668,0.001341830768770917,0.0629502940656522,0.15633495063184852,0.00029802242399433124,0.020243776332123965
2018-08-17,2018,1913,0,0,63,3,-0.5690983009507865,-0.0014227457523769663,-0.043611994334762594,0.1741135277300121,0.00035834554883359347,0.020270590581713006
2018-08-20,2018,1913,0,0,64,8,-0.44623256293952274,-0.0011155814073488069,-0.030559624046139166,0.17193667109556493,0.0005851068778888718,0.020194558654354648
2018-08-21,2018,1913,0,0,64,1,-0.5752015188519193,-0.0014380037971297981,-0.07489520592861829,0.17932378427090237,0.0004395542097601793,0.008616567755719631
2018-08-22,2018,1913,0,0,65,3,0.49011153792087825,0.0012252788448021956,0.05623521533841863,0.15745150799552235,0.00030886081654833166,0.02254985265970265
2018-08-23,2018,1913,0,0,64,1,0.04133731256552675,0.00010334328141381688,0.015757196500051154,0.1642105841697204,0.00047589786904325595,0.049072655312092525
2018-08-24,2018,1913,0,0,64,6,1.5917341074207347,0.003979335268551837,0.1314674254298814,0.14489344004894078,0.00025744514362755584,0.016663651715358333
2018-08-27,2018,1913,0,0,64,4,-0.430906715536043,-0.0010772667888401075,-0.011992338507489377,0.16883785057880038,0.0003708197060252665,0.015981131581160428
2018-08-28,2018,1913,0,0,64,6,-0.13284675637447174,-0.00033211689093617935,-0.03028022745710659,0.17188373354387707,0.0003658386280451871,0.02937239504865393
2018-08-29,2018,1913,0,0,63,9,-0.7777643388504303,-0.0019444108471260756,-0.06440131592609744,0.1775727129060445,0.000290246435514437,0.026891760841323067
2018-08-30,2018,1913,0,0,63,6,-0.38998612307193925,-0.0009749653076798481,-0.06769780331385238,0.17813140497538663,0.0006654764390504194,0.044722947407632115
2018-08-31,2018,1913,0,0,65,14,-0.5030189942497498,-0.0012575474856243746,-0.07724617183578314,0.17971977861478433,0.00033885391740385223,0.008156765372371252
2018-09-03,2018,1913,0,0,64,11,0.241185472931586,0.000602963682328965,0.020864323899097537,0.163348305664433,0.0003826488932871838,0.02998499513557995
2018-09-04,2018,1913,0,0,64,11,0.6878729816267932,0.001719682454066983,0.04462598199602007,0.1593921333320378,0.00044964708015085857,0.022239528429591312
2018-09-05,2018,1913,0,0,65,6,0.10681689193548416,0.0002670422298387104,0.030282021608737004,0.1617836453250674,0.00034060180011194827,0.009438240683223574
2018-09-06,2018,1913,0,0,63,8,-1.0782231371372017,-0.0026955578428430045,-0.003543467395062772,0.16742161665854768,0.00047858062570870906,0.4038613896937302
2018-09-07,2018,1913,0,0,63,5,0.09773835593056446,0.00024434588982641116,0.06128705768761296,0.15660495423044468,0.0003644412680047415,0.013492548646503604
2018-09-10,2018,1913,0,0,64,7,0.21322946239195195,0.0005330736559798799,0.0768701131815082,0.15401163406450954,0.00041734195781173303,0.008835745064574388
2018-09-11,2018,1913,0,0,61,6,-0.18390343671487286,-0.00045975859178718214,-0.02714061555833378,0.17136358024323747,0.00039760682762182974,0.008947451351796823
2018-09-12,2018,1913,0,0,62,0,-1.7821453777576992,-0.004455363444394248,-0.21046662412989278,0.20195092765094186,0.0006648777428045695,0.01637055559784355
2018-09-13,2018,1913,0,0,63,10,0.25137318911114415,0.0006284329727778604,0.03699375741384464,0.16066740254199244,0.0007150897849789585,0.012329503082943272
2018-09-14,2018,1913,0,0,61,8,1.2182582802519675,0.0030456457006299187,0.17089399826656893,0.13832748132963002,0.0005353461450900207,0.02190737356998219
2018-09-18,2018,1913,0,0,59,4,0.28314463933316947,0.0007078615983329236,-0.022755907245700147,0.1706316103164426,0.0003373854846574295,0.032071479389963506
2018-09-19,2018,1913,0,0,58,8,0.16373169044251457,0.0004093292261062864,0.03525833924713404,0.16095675191797848,0.00046287511417262027,0.023460634181176453
2018-09-20,2018,1913,0,0,57,6,-0.14300574065249805,-0.00035751435163124514,-0.03435760364105464,0.17257234375429115,0.0005872502661824462,0.017565100007014528
2018-09-21,2018,1914,0,0,58,11,-2.2839076982781426,-0.005709769245695356,-0.18371500550426054,0.1974891967374453,0.000543757814311107,0.03946652385262593
2018-09-25,2018,1915,0,0,59,21,-0.6894565974662754,-0.0017236414936656886,-0.044546569318614816,0.1742721452705526,0.0009676008690216317,0.028355850473556165
2018-09-26,2018,1915,0,0,58,12,0.6103748974165396,0.001525937243541349,0.047546454816392865,0.15890424576785628,0.00033637176596097403,0.029085595293327715
2018-09-27,2018,1916,0,0,59,15,0.7938672039490132,0.001984668009872533,0.10192814836895592,0.14983229776555235,0.00037184777176965927,0.06346181599088031
2018-09-28,2018,1917,0,0,60,17,-1.0486442530432116,-0.0026216106326080292,-0.099053063225048,0.18336224719143837,0.0003936659088919099,0.013902330882834518
2018-10-01,2018,1920,0,0,63,19,0.6742981646431068,0.001685745411607767,0.05298875703768478,0.15799751984760063,0.0005264736291784728,0.016259470506025338
2018-10-02,2018,1920,0,0,63,17,-0.6659471346356164,-0.0016648678365890409,-0.040002667707314574,0.17351003719795818,0.00031631358363173206,0.021598907082273303
2018-10-03,2018,1920,0,0,63,3,-0.859943613630493,-0.0021498590340762323,-0.06436306402709674,0.1775738393940838,0.0004334908487498025,0.016341828708119552
2018-10-04,2018,1920,0,0,62,11,-0.6549515826742716,-0.001637378956685679,-0.03567906103160523,0.17279180500732597,0.000825852268432486,0.026494649135957313
2018-10-05,2018,1920,0,0,65,9,0.5514498307225952,0.0013786245768064882,0.09263258627205105,0.15138168224957216,0.0005291042143533223,0.03792651071972464
2018-10-09,2018,1920,0,0,65,5,-0.7013038698585596,-0.0017532596746463991,0.0292242539708033,0.16196457169458067,0.0013643243880716522,0.023950213246708704
2018-10-10,2018,1920,0,0,64,2,2.6648613902950933,0.006662153475737734,0.1868662313507358,0.13566260115356316,0.0006555093804283172,0.01688010363950912
2018-10-11,2018,1920,0,0,63,31,1.4502540844581697,0.0036256352111454244,0.05364260929266147,0.15789009008155827,0.0005206692255240321,0.10396685557599666
2018-10-12,2018,1920,0,0,63,5,-0.4052794843666434,-0.0010131987109166084,-0.09449408543783568,0.1826020847680233,0.0004883371803059718,0.0248541021188707
2018-10-15,2018,1920,0,0,63,11,0.5603798188477538,0.0014009495471193844,0.09259798753347881,0.15139085880609535,0.0008916046696420217,0.034640528542111235
2018-10-16,2018,1920,0,0,64,13,-1.2112265299314675,-0.0030280663248286686,-0.10430084749933517,0.1842368931284053,0.0003766836497760071,0.023299553062259067
2018-10-17,2018,1920,0,0,63,6,-1.3950207846463278,-0.0034875519616158197,-0.12757025091660615,0.18811967242644906,0.0005223340857619373,0.06706616190521629
2018-10-18,2018,1920,0,0,63,16,-0.5406363075998981,-0.0013515907689997453,-0.008988706497085943,0.16833439935154276,0.00032008590014720657,0.041007144308068136
2018-10-19,2018,1921,0,0,64,10,0.9411418992805194,0.0023528547482012984,0.11054371390007411,0.1483968737234477,0.0006480882039457919,0.014000545092679022
2018-10-22,2018,1921,0,0,63,13,0.1627761409334244,0.00040694035233356104,0.05520415208848964,0.1576207645294244,0.000396119903911502,0.032447438330108117
2018-10-23,2018,1921,0,0,62,9,1.051960536944227,0.002629901342360568,0.11756267417879238,0.14722608195714218,0.0009864924356773714,0.040495285486664485
2018-10-24,2018,1921,0,0,63,15,-0.16001158546348648,-0.0004000289636587162,-0.0026913282495421484,0.16728743914630056,0.0006919284501806587,0.1019809619908995
2018-10-25,2018,1921,0,0,62,36,0.20539032280887914,0.0005134758070221979,0.06542256635436149,0.15592332638629058,0.0015130525385887795,0.07599800009250868
2018-10-26,2018,1921,0,0,62,26,-1.8768729393913182,-0.004692182348478295,-0.09461836362069952,0.18262587553976697,0.002404826362304256,0.027321850598843088
2018-10-29,2018,1921,0,0,62,14,-1.6720075444842784,-0.004180018861210696,-0.15568986676166954,0.1928149788273071,0.002382227611916049,0.03597298207518267
2018-10-30,2018,1921,0,0,63,31,1.824355452234722,0.004560888630586805,0.08786997693195159,0.15217770641511583,0.0018189471135350132,0.1311429045482773
2018-10-31,2018,1921,0,0,62,9,3.719026077082157,0.009297565192705392,0.24279135790987946,0.12633191095189228,0.0008768801840943505,0.07444512289509943
2018-11-01,2018,1921,0,0,62,12,1.250017845455558,0.003125044613638895,0.04707784110335812,0.15898143278703675,0.0005917116202148222,0.026166537421176625
2018-11-02,2018,1921,0,0,61,6,-0.428693157000651,-0.0010717328925016277,0.01787971421863976,0.1638529051534077,0.0006396384281657922,0.04170500446465252
2018-11-05,2018,1921,0,0,61,6,0.5076859251053862,0.0012692148127634655,0.046757942365776024,0.1590359414991107,0.0006383720754267367,0.02961406388528148
2018-11-06,2018,1921,0,0,60,7,0.23075050278392473,0.0005768762569598119,0.030252231404006142,0.16179155421992036,0.0009401534115295588,0.018302721200482652
2018-11-07,2018,1921,0,0,60,12,0.010000276892420251,2.500069223105063e-05,-0.009959552765539462,0.16849355088326123,0.0007547417551607211,0.02565908876589478
2018-11-08,2018,1921,0,0,60,5,0.10569406947203008,0.0002642351736800752,-0.029996078214108428,0.17183991684109115,0.0011287876787796237,0.028120151964425612
2018-11-09,2018,1921,0,0,62,5,-0.6463833032991997,-0.0016159582582479992,-0.021525700785885525,0.170431016300556,0.0009567529158359444,0.014595120117678854
2018-11-12,2018,1921,0,0,61,2,0.9465585951026946,0.0023663964877567363,0.035542260083067406,0.16090727713035113,0.000773527637563874,0.012418399668834979
2018-11-13,2018,1921,0,0,58,9,-0.7762074379675594,-0.0019405185949188984,-0.06466563657376496,0.17762462129890214,0.0007383243580099766,0.01317132709479288
2018-11-14,2018,1921,0,0,59,7,-1.2334025523435292,-0.003083506380858823,-0.1682986909343911,0.1949168598016848,0.0005329387188955884,0.014163533661214783
2018-11-15,2018,1921,0,0,58,8,0.20001421137322173,0.0005000355284330543,0.018587036087289288,0.16373645675458837,0.0005345765626903537,0.023408278251688803
2018-11-16,2018,1921,0,0,58,11,0.9835478255079477,0.002458869563769869,0.11473513694638734,0.14769394486627152,0.00045225041376021263,0.05289582555850626
2018-11-19,2018,1921,0,0,58,4,-0.39019917853622355,-0.0009754979463405588,0.007948422586647,0.16551015244576123,0.00033986917837355347,0.012640441902090042
2018-11-20,2018,1921,0,0,59,7,-0.20907138410761816,-0.0005226784602690454,0.0015213869642051578,0.16658336456932515,0.00040670977738152184,0.019587046424689003
2018-11-21,2018,1921,0,0,59,17,0.6810026386316901,0.0017025065965792252,0.030570560616539476,0.16173403367759578,0.0003906345261173565,0.011756234555875385
2018-11-22,2018,1921,0,0,59,3,1.1891918614757178,0.0029729796536892943,0.126391949149285,0.1457497728188805,0.0003391281165161843,0.010371324196231888
2018-11-26,2018,1921,0,0,60,3,2.5812431343646813,0.006453107835911703,0.1823634971905847,0.1364113983607939,0.00046728457572893647,0.017771251634270686
2018-11-27,2018,1921,0,0,60,6,0.8932066605346317,0.0022330166513365793,0.09885339002813863,0.15034390947018786,0.0003776579919872,0.009111237200792707
2018-11-28,2018,1922,0,0,61,6,0.30142068015623524,0.0007535517003905881,0.008351920393978586,0.16544435566265497,0.00037586280351387114,0.02875248941626261
2018-11-29,2018,1922,0,0,62,13,1.6828147696551334,0.004207036924137834,0.15414408514387515,0.141120269481166,0.0004091960386068523,0.06163015727302322
2018-11-30,2018,1922,0,0,61,4,-0.7495242038955414,-0.0018738105097388536,-0.0783170561610644,0.17990623455303484,0.0009165422606631158,0.011458852474041792
2018-12-03,2018,1922,0,0,62,10,-1.7188489812991494,-0.004297122453247874,-0.16110826265417125,0.19371770373456326,0.0005327676679927109,0.013357332742497615
2018-12-04,2018,1922,0,0,61,10,0.32241338084689897,0.0008060334521172474,0.02561646867403732,0.16256547942167301,0.0007549359714292977,0.06267613751530579
2018-12-05,2018,1922,0,0,62,14,-0.5273556707123843,-0.0013183891767809609,-0.09029143792338037,0.1819007411984574,0.00042283278933515783,0.02557328243326156
2018-12-06,2018,1922,0,0,62,17,1.125041912580762,0.002812604781451905,0.10165459169856432,0.14987994781694927,0.0006890205219124278,0.015499700967756084
2018-12-07,2018,1922,0,0,62,10,-0.12209514451576808,-0.0003052378612894202,-0.049501816812477166,0.17509771077301683,0.0006344467703375654,0.00976132382428757
2018-12-10,2018,1922,0,0,60,18,-1.4536447967085846,-0.0036341119917714616,-0.07775080300901721,0.1798116425256492,0.001583192361935438,0.03869055700067041
2018-12-11,2018,1922,0,0,59,19,-2.0775621224778313,-0.005193905306194579,-0.21606954934022995,0.20288586074571302,0.0011158498894598052,0.02710074201736936
2018-12-12,2018,1923,0,0,58,3,-0.8257645239873614,-0.0020644113099684037,-0.0973125700161656,0.18307439410354573,0.001126797226717959,0.06017395678079217
2018-12-13,2018,1924,0,0,59,1,-1.2584200794669682,-0.0031460501986674207,-0.13713030759018638,0.18971660786292027,0.000703214005924307,0.029101910449141802
2018-12-14,2018,1923,0,0,60,10,-0.6715500341751373,-0.0016788750854378432,-0.054726249696282044,0.17597049207629553,0.0007768561637993395,0.04722047049756648
2018-12-17,2018,1923,0,0,59,7,0.4095519423049074,0.0010238798557622684,0.016725279135607604,0.16404739553143974,0.0004653202355430792,0.0151286850121022
2018-12-18,2018,1923,0,0,57,11,1.9561101652193607,0.004890275413048401,0.16235110623344248,0.13975339602222572,0.0008130984453152497,0.05578579139555294
2018-12-19,2018,1925,0,0,59,17,0.6858845021506195,0.0017147112553765487,-0.010729089480637567,0.1686298578788184,0.001020086481955702,0.035993991741033085
2018-12-20,2018,1925,0,0,59,33,4.737688429539882,0.011844221073849706,0.1974251281964742,0.1339015154087919,0.0016567574063838094,0.08858040792499461
2018-12-21,2018,1928,0,0,61,44,-2.5272477072500954,-0.006318119268125239,-0.17258729511802884,0.19563363984322268,0.0028811171445606793,0.03969536348750279
2018-12-25,2018,1929,0,0,61,39,-2.692903304265407,-0.006732258260663517,-0.1802327232663799,0.19690949423274637,0.014303914847964585,0.14763930446790252
2018-12-26,2018,1929,0,0,58,1,-0.12190871564091238,-0.00030477178910228093,-0.0477286780936427,0.17479840711306993,0.0010127984656947593,0.12586100715896334
2018-12-27,2018,1929,0,0,58,2,-0.26848376420960207,-0.0006712094105240052,-0.011248177120524889,0.16871434501689686,0.0010129332613864144,0.09926045332610096
2018-12-28,2019,1930,0,0,58,9,0.15616993881594432,0.0003904248470398608,-0.10054723734028208,0.18361465580068406,0.0021041988405005752,0.04634778490803283
2019-01-04,2019,1930,0,0,57,42,-2.1758489040384035,-0.005439622260096009,-0.1550134064692332,0.19269933686853272,0.0009016848263540161,0.0904374500061407
2019-01-07,2019,1930,0,0,57,10,1.1516386932071323,0.0028790967330178307,0.03025288038831403,0.16178977892939153,0.0007623486201388284,0.08084093680921677
2019-01-08,2019,1930,0,0,56,15,-0.960101456636321,-0.0024002536415908024,-0.07764011890708455,0.1797886112467945,0.0008144145943513287,0.03890129575526569
2019-01-09,2019,1930,0,0,57,15,-0.3541709981410881,-0.0008854274953527203,0.04844522507856025,0.15874986473957542,0.00047971006115127084,0.03293273449101978
2019-01-10,2019,1930,0,0,55,13,-0.3225757788657606,-0.0008064394471644015,0.028904431072978663,0.1620142463810196,0.0008263945597583986,0.030991928002782634
2019-01-11,2019,1930,0,0,56,8,-0.12637963789065115,-0.0003159490947266279,0.004417772183676099,0.1660987715158483,0.00044048339949189684,0.02371700013022872
2019-01-15,2019,1930,0,0,56,10,0.4063488478511532,0.001015872119627883,0.06710817050300046,0.1556376308940111,0.00043915106612783344,0.02064364215842302
2019-01-16,2019,1930,0,0,57,6,1.3993769561656086,0.0034984423904140215,0.0638052234364946,0.15619066593505906,0.0005469516857826574,0.0386334675306387
2019-01-17,2019,1929,0,0,59,15,0.8094077467973253,0.0020235193669933134,0.030974403859752902,0.16166855932108953,0.000462890503400596,0.03788468251833019
2019-01-18,2019,1929,0,0,58,5,-0.8284584897866148,-0.002071146224466537,-0.044714213481229254,0.17429389072409548,0.00046227925072798087,0.03456701448819961
2019-01-21,2019,1929,0,0,59,1,-0.959579816351033,-0.0023989495408775824,-0.0768908278950261,0.17966499959257215,0.00046390962717397983,0.04287392989865836
2019-01-22,2019,1929,0,0,61,7,-0.37786153354567187,-0.0009446538338641797,-0.05036100234628021,0.17523503039350427,0.0004995770128515414,0.01485763394777588
2019-01-23,2019,1929,0,0,61,9,-1.5997588845476316,-0.003999397211369079,-0.12898897810772764,0.18835469848671949,0.0005657412424605427,0.017986351495723592
2019-01-24,2019,1929,0,0,60,11,0.5805070172340075,0.0014512675430850188,0.010724546061436755,0.16504753288260957,0.0004593644814607536,0.08785334960588824
2019-01-25,2019,1929,0,0,60,3,1.4642794375201116,0.003660698593800279,0.09109806678076095,0.15163475416105443,0.0003650027127970497,0.02305257867010485
2019-01-28,2019,1929,0,0,60,4,0.227059764885988,0.00056764941221497,-0.03846609335001769,0.17325486330677123,0.0007572077806711034,0.011313056371985658
2019-01-29,2019,1929,0,0,61,4,0.10304271742349336,0.0002576067935587334,-0.020569796824800944,0.17026734241669556,0.0008035674271726611,0.021329960897158495
2019-01-30,2019,1929,0,0,62,5,0.14672720309415355,0.0003668180077353839,0.0293252282244689,0.1619445090271136,0.000912773485459364,0.22937011583469494
2019-01-31,2019,1929,0,0,62,12,1.2017709806477779,0.0030044274516194446,0.07301623858393691,0.1546569164713338,0.0009637907700815354,0.022039321874438685
2019-02-01,2019,1929,0,0,62,15,0.48878794641017953,0.0012219698660254489,-0.005586495321264743,0.16776667116713864,0.0005356220294898168,0.018399963032319836
2019-02-04,2019,1929,0,0,62,24,-1.055836188384951,-0.0026395904709623774,-0.08692268985777322,0.18133473188919616,0.00051687905944807,0.01698869063676402
2019-02-05,2019,1929,0,0,64,10,-0.10631375785062191,-0.00026578439462655477,-0.03735846409349689,0.17306828709675745,0.0007255638822264772,0.06394736574520327
2019-02-06,2019,1929,0,0,64,5,0.17005464582751273,0.00042513661456878183,0.0020808743959431324,0.16649152105356002,0.0011744187547780562,0.015178810269429792
2019-02-07,2019,1929,0,0,66,6,0.6488264053657344,0.0016220660134143362,0.02029327164065812,0.16345304734948152,0.0012714048788505722,0.02593648002476093
2019-02-08,2019,1929,0,0,65,1,0.8201821292921208,0.002050455323230302,0.04044573668073499,0.1600882517027734,0.000785924931431119,0.03262661599909693
2019-02-12,2019,1929,0,0,64,1,1.1775316799741942,0.0029438291999354855,0.0875321243669696,0.15223177592848222,0.0006757522597798612,0.021127473786349233
2019-02-13,2019,1929,0,0,64,1,0.35130948601309253,0.0008782737150327313,0.028731469314886217,0.1620406499524997,0.0008161833771039834,0.017309014596227402
2019-02-14,2019,1929,0,0,65,4,0.09687958144464215,0.00024219895361160537,-0.007295564119174941,0.1680564549461363,0.0008751074779833693,0.017904181945349065
2019-02-15,2019,1929,0,0,64,0,0.797620558929852,0.00199405139732463,0.03507034745531981,0.16097911878067642,0.0003477473234561292,0.022554467958313597
2019-02-18,2019,1929,0,0,63,2,0.40738330450807336,0.0010184582612701833,0.02329528171078311,0.1629475916886429,0.00031585987268950615,0.03536293266321886
2019-02-19,2019,1929,0,0,63,1,1.0671427338263624,0.002667856834565906,0.0966001877813964,0.15071353270334936,0.0002821817941341628,0.019437486266744405
2019-02-20,2019,1929,0,0,64,1,-0.24918601988145073,-0.0006229650497036268,-0.07567692970076796,0.1794540495914703,0.0003258406896677217,0.008148857823053194
2019-02-21,2019,1929,0,0,64,1,-0.26429709149308245,-0.0006607427287327061,-0.018787040839460187,0.169970411385468,0.00033381693242002207,0.00681448128501453
2019-02-22,2019,1929,0,0,64,3,-0.3320118512199218,-0.0008300296280498046,0.0016605228654101036,0.1665546058153542,0.000313975031662223,0.020407169809821886
2019-02-25,2019,1929,0,0,63,8,-1.191263069983743,-0.0029781576749593574,-0.0906882108008999,0.18196344261134875,0.000386483649887055,0.009692211846860196
2019-02-26,2019,1929,0,0,62,13,0.6644041312778897,0.001661010328194724,0.07193122072074763,0.15483171949775384,0.00044107973879074433,0.027290563407969207
2019-02-27,2019,1929,0,0,62,13,-0.05730051492702293,-0.0001432512873175573,-0.02572400798344885,0.17112567777523013,0.00028950811558307193,0.04076684179249221
2019-02-28,2019,1930,0,0,60,2,1.0053621597328544,0.0025134053993321357,0.021425209345330064,0.1632621859914562,0.0004297095667549484,0.01833385172001071
2019-03-01,2019,1931,0,0,61,12,0.13066255319363318,0.00032665638298408296,-0.011918439321536273,0.16882137354950244,0.00034367918053379093,0.011958945628929718
2019-03-04,2019,1931,0,0,61,17,-0.46770646539500565,-0.001169266163487514,-0.008864454179900113,0.1683100742287209,0.00026754954048850455,0.021796134468683295
2019-03-05,2019,1932,0,0,63,10,0.34344930042003385,0.0008586232510500847,-0.001812793479237214,0.16713883177419417,0.00042108631876128466,0.019225276899264725
2019-03-06,2019,1932,0,0,64,8,1.1542976853680624,0.002885744213420156,0.09584409125479092,0.15084851698164226,0.0009209697785473186,0.01045471574295167
2019-03-07,2019,1932,0,0,63,5,-0.8861567558550982,-0.0022153918896377456,-0.06570920820289922,0.17779793390125948,0.0004374250672593975,0.024231643719031592
2019-03-08,2019,1932,0,0,63,1,0.6261636124850596,0.001565409031212649,0.1296327557209652,0.14521011070944145,0.0007234289171851736,0.020343958000802936
2019-03-11,2019,1932,0,0,63,9,-0.8431624319401378,-0.0021079060798503448,-0.07489092579434163,0.17932857335934113,0.00034476736475197504,0.0236152096411023
2019-03-12,2019,1932,0,0,63,15,-0.38600806765962126,-0.0009650201691490532,-0.06140928161299761,0.17707695682858676,0.00036405208742528556,0.03930883486742472
2019-03-13,2019,1933,0,0,66,7,-0.4789708999608908,-0.001197427249902227,-0.03102072561673864,0.17201124381875849,0.0005400361662005624,0.022520275925745466
2019-03-14,2019,1933,0,0,65,17,-0.7758357757550187,-0.0019395894393875468,-0.05491887274636604,0.17599904904535513,0.0007138181841730521,0.03568994127431532
2019-03-15,2019,1934,0,0,65,10,0.4068760079102022,0.0010171900197755055,0.020820465601533864,0.16336139462289118,0.0003032213052759396,0.034424108236975434
2019-03-18,2019,1934,0,0,65,5,-0.4587991407831683,-0.0011469978519579207,-0.051321304756239944,0.17539506468091834,0.0002893258858763496,0.013294420680374442
2019-03-19,2019,1935,0,0,66,10,0.07474049995783427,0.0001868512498945857,-0.03608798554254488,0.1728542396783782,0.00040436630938553235,0.013668985399377716
2019-03-20,2019,1936,0,0,67,6,0.3320653894430521,0.0008301634736076302,-0.02827423022755435,0.17155600389061965,0.0010305580804329955,0.01914538740196836
2019-03-22,2019,1936,0,0,66,8,0.26467594082207313,0.0006616898520551828,0.04568707755987657,0.15921630116164015,0.000992910795060515,0.00901440790624683
2019-03-25,2019,1936,0,0,65,13,-1.0012265884996414,-0.0025030664712491035,0.006880926551527967,0.1656890228720825,0.0005012761251796283,0.01860404652918418
2019-03-26,2019,1936,0,0,63,13,-1.19934187739455,-0.0029983546934863746,-0.1328626735135191,0.18900481990198786,0.0013822421620057345,0.049921885044823325
2019-03-27,2019,1936,0,0,61,7,0.3811619713006636,0.000952904928251659,0.06138714372398046,0.15659361766983415,0.00034930998829236506,0.018892792678025468
2019-03-28,2019,1937,0,0,63,11,-0.8949718716139736,-0.002237429679034934,-0.10593029585686133,0.1845113706131636,0.0006472069473217449,0.06126901560780383
2019-03-29,2019,1937,0,0,64,3,-0.3501254268396712,-0.0008753135670991779,-0.09279198801964837,0.18231729987309064,0.00054322630843046,0.021726705605066225
2019-04-01,2019,1937,0,0,63,5,-0.5471140297213586,-0.0013677850743033964,-0.07096879676796546,0.1786749741360885,0.0004258436801707465,0.06293013604344394
2019-04-02,2019,1937,0,0,63,7,0.2676298672256469,0.0006690746680641172,-0.028575492840606398,0.17158930519274995,0.0003359600286199893,0.06262738100981263
2019-04-03,2019,1937,0,0,63,8,1.068420284808599,0.0026710507120214977,0.07337585938053358,0.15459012959122476,0.0003378103072980985,0.025996504283120943
2019-04-04,2019,1937,0,0,65,7,0.7101739802337261,0.0017754349505843153,0.03299323037176004,0.16132901705850347,0.00030573659530464204,0.01273494404977724
2019-04-05,2019,1937,0,0,64,8,0.7749592179367535,0.0019373980448418838,0.054294440053500356,0.1577651666160328,0.00033979949090491096,0.03468055710927379
2019-04-08,2019,1937,0,0,63,9,0.8960251814681461,0.0022400629536703655,0.08575288710696373,0.152526139077222,0.00024768917294893826,0.017204374256763667
2019-04-09,2019,1937,0,0,64,13,1.0896824227467532,0.002724206056866883,0.13171619888422084,0.14485192350325551,0.0003312844254011598,0.024869809069447364
2019-04-10,2019,1938,0,0,63,9,0.11199956542950171,0.00027999891357375424,-0.02049486637621929,0.1702489803468066,0.0002786930373252924,0.01424311474055527
2019-04-11,2019,1938,0,0,66,8,-2.0508590433630993,-0.005127147608407748,-0.18796156293800892,0.1981964173967024,0.0008588896660861559,0.015358121726220598
2019-04-12,2019,1938,0,0,65,9,0.790110778453213,0.0019752769461330324,0.05496051575663034,0.15766231680725482,0.00033075800396478776,0.031809973115929
2019-04-15,2019,1938,0,0,64,22,0.02999788404172543,7.499471010431357e-05,0.013465318518031164,0.16458311883811447,0.0003978098186879768,0.026229561097550404
2019-04-16,2019,1938,0,0,65,11,-0.3513597968532496,-0.0008783994921331239,-0.04725489066524742,0.17472144865224853,0.000658860271230291,0.011554068226991234
2019-04-17,2019,1938,0,0,65,9,2.7010553539547386,0.006752638384886846,0.23287694140454654,0.1279804533983223,0.00031513290609451943,0.014222508091646649
2019-04-18,2019,1938,0,0,65,14,0.796535206661881,0.0019913380166547024,0.14195423217060044,0.14314515112055667,0.00025959132283561316,0.018378790467513763
2019-04-19,2019,1938,0,0,65,16,-0.09829073703148566,-0.00024572684257871414,0.03380244916067928,0.16118445286553182,0.00021949443281654425,0.0257677970444422
2019-04-22,2019,1938,0,0,64,13,0.07305281506738959,0.00018263203766847398,0.047333654022940014,0.1589389322919313,0.00035048175139595276,0.022460028822824763
2019-04-23,2019,1938,0,0,63,5,-0.14428392493254805,-0.0003607098123313701,0.020379691942592933,0.16343350031105966,0.0003709734703280658,0.022216915057662646
2019-04-24,2019,1938,0,0,64,18,-0.0855516381671065,-0.00021387909541776623,-0.013581578650454293,0.1690989556346772,0.00042272067729523424,0.02332167503221557
2019-04-25,2019,1938,0,0,64,14,-1.4468166783206042,-0.0036170416958015107,-0.10546584427310042,0.18443243174766843,0.0009408796447659248,0.007425870501944973
2019-04-26,2019,1938,0,0,64,8,0.29366717268297426,0.0007341679317074357,-0.03772833874459235,0.17313142469729703,0.0007205954866201592,0.009074106105554236
2019-05-07,2019,1938,0,0,63,10,-0.04893967767716889,-0.00012234919419292222,-0.006356578354675508,0.16789807513468674,0.0009431847560974872,0.005848968982159384
2019-05-08,2019,1938,0,0,63,8,-0.22463716082137736,-0.0005615929020534434,0.0024008075293950005,0.16643356972545525,0.0008200945636576754,0.03422140766483404
2019-05-09,2019,1938,0,0,63,12,1.0842764115326837,0.0027106910288317095,0.01254125561971485,0.16474460164433494,0.0013808705315533209,0.03378265939169278
2019-05-10,2019,1938,0,0,64,20,0.62155227297517,0.001553880682437925,0.004350811143592051,0.16611075415463156,0.0009955876141592877,0.015594243537375527
2019-05-13,2019,1938,0,0,62,7,0.6761042965805704,0.001690260741451426,0.040810475238272685,0.16002825176105723,0.0012628934360300952,0.02444483319453979
2019-05-14,2019,1938,0,0,61,17,0.3280234597759185,0.0008200586494397962,0.05080539271248748,0.15835854951867953,0.0010182462361354593,0.029118594720311444
2019-05-15,2019,1938,0,0,61,11,-0.6330296925546579,-0.0015825742313866449,-0.012421285099361242,0.16890859346160592,0.0006436036691407073,0.030252251999318046
2019-05-16,2019,1938,0,0,61,11,0.7987830534022715,0.0019969576335056786,-0.0012088856437180086,0.16703540274260686,0.0004469104570614164,0.019623263330487285
2019-05-17,2019,1938,0,0,60,5,-0.5758718995249895,-0.0014396797488124737,-0.05810449099105985,0.17652867098187403,0.00037327424345965667,0.022615142942815036
2019-05-20,2019,1938,0,0,61,9,-0.4614610258988886,-0.0011536525647472214,-0.04338382224183265,0.1740681368513368,0.00032226109747631853,0.024443167648361987
2019-05-21,2019,1938,0,0,61,9,2.4844515328713284,0.006211128832178321,0.15894263677182963,0.14031564409312156,0.0003853065394486171,0.013893013933155039
2019-05-22,2019,1938,0,0,60,7,-0.4788337646551275,-0.0011970844116378188,0.010154318204094478,0.1651385868638923,0.0003072710283763766,0.00847833036669696
2019-05-23,2019,1938,0,0,61,2,0.39121619102157984,0.0009780404775539496,0.0519545879276475,0.1581625246154447,0.0003811410890673157,0.031653436506725835
2019-05-24,2019,1938,0,0,60,5,-0.14658626382966555,-0.0003664656595741639,0.004217908664072345,0.1661307810660685,0.00040202204288857733,0.019313841953731994
2019-05-27,2019,1938,0,0,60,12,-0.8192271270013236,-0.002048067817503309,-0.06463945500780315,0.1776179689280732,0.00039408040935757236,0.010145926084478014
2019-05-28,2019,1938,0,0,60,0,2.787566806290178,0.006968917015725445,0.2512337944355847,0.12491959787523038,0.0003680652194153681,0.015451824975518561
2019-05-29,2019,1938,0,0,60,7,0.4689421949768551,0.0011723554874421378,0.07794644260447613,0.15383047772903521,0.0003675271384898204,0.039628679478010624
2019-05-30,2019,1938,0,0,59,11,0.40507852268579025,0.0010126963067144756,0.10195978581548662,0.1498267668034903,0.0006573782259683504,0.018787416592365047
2019-05-31,2019,1938,0,0,59,2,-3.106072016559667,-0.007765180041399168,-0.2441201948435654,0.2075656729387256,0.0007269559907077352,0.015628463471227455
2019-06-03,2019,1939,0,0,58,5,-1.395421978295051,-0.0034885549457376276,-0.1695457578518709,0.19512508378766497,0.0016704795706647293,0.02830197967495896
2019-06-04,2019,1939,0,0,58,3,-1.0945913111479082,-0.0027364782778697707,-0.036615386960371074,0.17293887582761386,0.00046085684488194305,0.02899288174128982
2019-06-05,2019,1939,0,0,57,5,-0.30000561515130486,-0.0007500140378782622,-0.019467537356601557,0.17008147719029254,0.0005606083127853972,0.03568721513761795
2019-06-06,2019,1939,0,0,59,7,0.11904527789106378,0.00029761319472765946,-0.03762919728461086,0.1731135520735584,0.0006894327241907843,0.030946907674961006
2019-06-07,2019,1939,0,0,59,13,0.7418424768215381,0.0018546061920538454,0.06357977408514663,0.15622101077762932,0.00028357752027383625,0.04746439738998918
2019-06-10,2019,1939,0,0,59,14,-0.05945977512771594,-0.00014864943781928985,-0.023185256184787364,0.17070016412020894,0.00036834346767677316,0.04926322474829276
2019-06-11,2019,1939,0,0,61,5,-1.6226884575895797,-0.004056721143973949,-0.20817044075551722,0.2015653800475771,0.0005623082604077186,0.0126013238014742
2019-06-12,2019,1940,0,0,62,7,-0.5332532837894064,-0.001333133209473516,-0.006324178619615548,0.16788383181657285,0.0003135291571730583,0.07485621385516747
2019-06-13,2019,1940,0,0,62,15,-1.270932071917936,-0.00317733017979484,-0.1332016031465327,0.18905582595639903,0.00038744598598246444,0.017777407223162362
2019-06-14,2019,1940,0,0,59,14,0.831753836969503,0.0020793845924237577,0.0633912278071005,0.15626128817789528,0.0004495638054292108,0.01198632595898088
2019-06-17,2019,1940,0,0,57,10,-1.1301167790521798,-0.0028252919476304495,-0.1054408928440093,0.1844288666605024,0.0008405342128660706,0.03258597077352238
2019-06-18,2019,1941,0,0,58,10,-0.6877742617949574,-0.0017194356544873934,-0.03468700975902438,0.1726151709104413,0.00038869726863085435,0.08144507610364433
2019-06-19,2019,1942,0,0,58,15,-0.5949475575451549,-0.0014873688938628873,-0.07655385632558293,0.17960800045048964,0.0004864003689285857,0.05247386391666814
2019-06-20,2019,1942,0,0,57,10,-0.34518449514173477,-0.0008629612378543369,-0.007987841681471859,0.16816213213672296,0.0002801100845598494,0.02084477101619064
2019-06-21,2019,1942,0,0,57,14,0.18911627789151497,0.0004727906947287874,0.051037310063739065,0.15831292580116493,0.00027431105043761346,0.017133493453450922
2019-06-24,2019,1942,0,0,57,19,0.3888980794668957,0.0009722451986672393,0.0012798441747606246,0.1666217432290344,0.00043431719592381974,0.014099592690267719
2019-06-25,2019,1942,0,0,57,14,1.1275535792211948,0.002818883948052987,0.06862724899482722,0.1553870622945068,0.0005333666985702436,0.007831202468998138
2019-06-26,2019,1942,0,0,57,29,-0.17450774069618671,-0.0004362693517404668,-0.00763585974565562,0.16810369961672972,0.000373877150750024,0.01539754968150152
2019-06-27,2019,1943,0,0,57,2,0.16611857253717144,0.0004152964313429286,-0.007985432835650577,0.16817032792027542,0.0008353265524055262,0.034941190674963915
2019-06-28,2019,1943,0,0,57,11,-0.5034953156012916,-0.001258738289003229,-0.03574226251369771,0.17279567691292966,0.0002874382764139125,0.04648234939009913
2019-07-01,2019,1943,0,0,58,26,-2.3451244252584345,-0.005862811063146086,-0.20748025388681046,0.20144964432987567,0.0006284817228378002,0.09087079568366888
2019-07-02,2019,1943,0,0,57,8,1.3072928022521122,0.0032682320056302804,0.09925289002525063,0.1502751370992862,0.00024531574817495116,0.17541255180382306
2019-07-03,2019,1943,0,0,57,3,0.34204484480357933,0.0008551121120089483,0.06701291951072211,0.1556449870461728,0.00025485366697354533,0.042950937145235686
2019-07-04,2019,1943,0,0,58,6,0.05546835375020831,0.00013867088437552079,-0.0034903962472472468,0.16741542767657677,0.00046984747212431546,0.03284321000308746
2019-07-05,2019,1943,0,0,55,6,0.467004206225592,0.00116751051556398,-0.017657697488930275,0.1697790041862303,0.0003404827881694556,0.060960206107895494
2019-07-08,2019,1943,0,0,54,1,0.3201485135366295,0.0008003712838415738,0.03165432574279772,0.16155085664502986,0.00026652495134999626,0.018575780260527943
2019-07-09,2019,1943,0,0,53,3,-0.2182194155941395,-0.0005455485389853487,0.013469987297255053,0.16458680954672697,0.0003273693274403089,0.020726720635303265
2019-07-10,2019,1943,0,0,54,6,0.292620351265263,0.0007315508781631574,0.05245205345224433,0.1580815674453646,0.00039487236621222076,0.21975441722701677
2019-07-11,2019,1943,0,0,55,4,-0.0038995809510959933,-9.748952377739984e-06,-0.025671012419646224,0.1711135337237286,0.0005638365439270671,0.0103320846186685
2019-07-12,2019,1943,0,0,52,1,-0.0534308161093105,-0.00013357704027327624,0.0285125524212462,0.16207429196060988,0.00028781670672500353,0.010895824152451175
2019-07-16,2019,1943,0,0,51,4,-0.5319457177746454,-0.0013298642944366134,-0.057961194207443265,0.17650818654267295,0.0009717829373647407,0.012460895909209494
2019-07-17,2019,1943,0,0,54,3,0.6268235624616798,0.0015670589061541995,0.058415643302278684,0.1570920433956359,0.0005261908129120907,0.009023305397066727
2019-07-18,2019,1944,0,0,55,16,-0.9752977307657997,-0.0024382443269144994,-0.08567033969224615,0.1811254555550767,0.00031014728051852154,0.028670827003818507
2019-07-19,2019,1944,0,0,54,10,-0.4055461576742574,-0.0010138653941856434,-0.012488279992926442,0.16891796367783693,0.00021637400142915202,0.015298438247795938
2019-07-22,2019,1944,0,0,54,7,0.2007339609484397,0.0005018349023710992,-0.05168913827651964,0.17545264281954698,0.00024851739069164464,0.03306377671522275
2019-07-23,2019,1944,0,0,54,8,0.0015605433144244563,3.901358286061141e-06,-0.031949292980418924,0.1721600393671796,0.0002529025910240576,0.010972426436876077
2019-07-24,2019,1944,0,0,54,9,-0.6306973758098353,-0.0015767434395245882,-0.037077077500027804,0.17301266640513865,0.0003374451241766112,0.013289689765176648
2019-07-25,2019,1944,0,0,54,10,-0.7987417284514806,-0.0019968543211287015,-0.06815724084323946,0.17820146451801316,0.00033834012457818654,0.03329636115170955
2019-07-26,2019,1944,0,0,54,9,-0.3400547293981282,-0.0008501368234953205,0.02119605737089598,0.16329554905700075,0.0003535873802290335,0.03821356138514401
2019-07-29,2019,1945,0,0,54,7,-0.06381578888009232,-0.00015953947220023079,-0.023835170667514928,0.1708092361373137,0.0005165675131839516,0.02651739150025361
2019-07-30,2019,1945,0,0,55,15,-0.314279383078714,-0.000785698457696785,0.02088536906735275,0.16334472641093553,0.0004728347482117712,0.007048880008551852
2019-07-31,2019,1945,0,0,56,7,-1.4011208384690015,-0.0035028020961725037,-0.15503844188884724,0.1927040626927373,0.0012707901837264802,0.01201676324206211
2019-08-01,2019,1945,0,0,55,8,-0.4716055580456855,-0.0011790138951142137,-0.055158049929485496,0.17603977085650752,0.0010137077629504294,0.019804295816981794
2019-08-02,2019,1945,0,0,56,25,0.808456888885587,0.0020211422222139674,0.0519099075750114,0.1581712077571322,0.00039755499538204615,0.028126753806096
2019-08-05,2019,1945,0,0,54,27,1.2274075309070378,0.0030685188272675944,0.051733110522999906,0.158201570445873,0.0006144700548861922,0.020072040010593255
2019-08-06,2019,1945,0,0,54,25,-0.15622250686326872,-0.0003905562671581718,0.01869365609926135,0.16371383132972525,0.0006109393784623462,0.010003874234071158
2019-08-07,2019,1945,0,0,55,13,-0.6405344450197366,-0.0016013361125493415,-0.05270601893477761,0.17561808009565147,0.0005849193568636101,0.01938262673229473
2019-08-08,2019,1945,0,0,53,7,-2.8060619012076424,-0.007015154753019106,-0.17399564224915434,0.19586594051981404,0.001044456472638549,0.01692925277484775
2019-08-09,2019,1946,0,0,54,4,1.9990305060937406,0.004997576265234351,0.1353524445979961,0.14425377052667107,0.0006549870899458614,0.017902967539943127
2019-08-13,2019,1946,0,0,54,4,1.1893739154044152,0.0029734347885110378,0.07684260505390927,0.15401573004219038,0.0005198095219473156,0.02865017869219849
2019-08-14,2019,1946,0,0,54,2,-0.12801070800794562,-0.00032002677001986406,-0.0011260491466165438,0.16701791994452853,0.0003303257642729041,0.017702100405747163
2019-08-15,2019,1946,0,0,54,8,-1.0667440573829114,-0.0026668601434572787,-0.06065500115547001,0.17694247731962545,0.00040902934248193186,0.0521704236505557
2019-08-16,2019,1946,0,0,54,23,-0.5825321631096378,-0.0014563304077740947,-0.002354695253989304,0.16722683318140763,0.00047306585233882755,0.05133168829014274
2019-08-19,2019,1946,0,0,54,2,-0.7947944200628152,-0.001986986050157038,-0.10798658958100274,0.184850008998859,0.00034619446822179724,0.07444522021448385
2019-08-20,2019,1946,0,0,54,1,0.28226879925480114,0.0007056719981370029,0.04274479110665655,0.15968542231639465,0.0002880890367251618,0.020316291920012358
2019-08-21,2019,1946,0,0,57,6,0.4034026368293291,0.0010085065920733228,0.03862329717811188,0.16037891584080569,0.00023948248578751436,0.020643516315513116
2019-08-22,2019,1946,0,0,57,15,-2.4679483379220124,-0.006169870844805031,-0.18953574314230076,0.19845912923632264,0.0006040115646134238,0.007897282586449473
2019-08-23,2019,1946,0,0,57,11,-0.30238919715034585,-0.0007559729928758646,0.014806729571070668,0.16435815532131814,0.00031275259393762474,0.0032188543923068074
2019-08-26,2019,1946,0,0,58,3,0.909714354858984,0.00227428588714746,0.043644700676159574,0.15954318417577118,0.00033000507766225355,0.10155798963205497
2019-08-27,2019,1946,0,0,54,8,-0.022159049415606535,-5.539762353901634e-05,-0.004312597467722377,0.16754475992525514,0.0003176232867846125,0.033416564834829646
2019-08-28,2019,1946,0,0,54,12,2.6280704290217476,0.006570176072554369,0.25254801465321214,0.12470279739171032,0.0006288397511099125,0.026816809216657113
2019-08-29,2019,1946,0,0,53,17,-0.1973336547415876,-0.000493334136853969,-0.0350080913148282,0.17267519896192307,0.00029266875709745054,0.012705142511437917
2019-08-30,2019,1946,0,0,53,2,0.022462702001086132,5.615675500271533e-05,0.061451852815629565,0.15657752809918257,0.00029210859613905545,0.031550145299141866
2019-09-02,2019,1947,0,0,53,5,-1.151806129709804,-0.0028795153242745096,-0.103060826082754,0.18402649288056627,0.00027209305754783927,0.013934268877122126
2019-09-03,2019,1947,0,0,53,6,1.2098460952745622,0.0030246152381864055,0.17081153651653558,0.13833979791071105,0.0005843733108699331,0.0334247489908744
2019-09-04,2019,1947,0,0,54,6,-0.5622909625187681,-0.0014057274062969202,-0.03979322503521709,0.17346868811964436,0.0002528722130794331,0.04023536590901211
2019-09-05,2019,1947,0,0,53,4,-0.15322393671122136,-0.0003830598417780534,0.02240465571242513,0.16309621629641574,0.0003373396420327535,0.027607407104087975
2019-09-06,2019,1947,0,0,52,11,4.9784930149980955,0.012446232537495239,0.32370730315883894,0.11282963987468038,0.0004656826518643915,0.023486737024285935
2019-09-09,2019,1947,0,0,51,21,1.75299500389625,0.004382487509740626,0.19225801772838555,0.1347614750987964,0.00046227596364266295,0.030945876680879343
2019-09-10,2019,1947,0,0,51,7,1.495728719720305,0.0037393217993007626,0.13840131534625041,0.14374218550865908,0.00034468978797128573,0.01863704939204877
2019-09-11,2019,1947,0,0,51,8,0.7501566460402171,0.0018753916151005429,0.11558269308884032,0.14755136672805388,0.0003382391605788819,0.05417664875041078
2019-09-12,2019,1947,0,0,50,7,-0.1601957869396341,-0.00040048946734908523,-0.045311107089029315,0.1743874366265157,0.000387195282699288,0.017393014784967745
2019-09-13,2019,1946,0,0,50,8,-2.0037146733387545,-0.005009286683346886,-0.14130679096857954,0.1904093287173127,0.000496881905976296,0.017201372164347025
2019-09-17,2019,1945,0,0,50,11,0.17760557092406648,0.0004440139273101662,0.0020069821623722346,0.16650187280739046,0.00029285096615930804,0.015445456517564652
2019-09-18,2019,1945,0,0,49,5,0.24640728447308596,0.000616018211182715,-0.03475006403273413,0.17262538873427458,0.0003470625446589373,0.030641539707745136
2019-09-19,2019,1945,0,0,48,12,-0.14529440454482434,-0.00036323601136206083,-0.05418952344307099,0.1758721734837796,0.00036028816181063336,0.01724067015625585
2019-09-20,2019,1946,0,0,50,11,0.16071164255591963,0.0004017791063897991,0.010667284469093,0.16505095974483247,0.00022894765155261082,0.013376500247717481
2019-09-24,2019,1947,0,0,50,5,-1.3049201531599168,-0.0032623003828997923,-0.08767232750764967,0.18146004197406945,0.0002646243842884084,0.014074077337977938
2019-09-25,2019,1947,0,0,50,4,0.5975648957601076,0.0014939122394002692,0.0013526703110135394,0.1666111790037124,0.000575092423774621,0.012662024274059108
2019-09-26,2019,1947,0,0,51,12,0.8556932686169103,0.002139233171542276,0.024128409312280066,0.1628104806862304,0.00044236897087771135,0.01156517476259703
2019-09-27,2019,1948,0,0,51,6,1.4514204368840353,0.0036285510922100883,0.09898845121103945,0.15032208910694814,0.0006216229236655684,0.028198937089543144
2019-09-30,2019,1948,0,0,52,3,0.06539394441018143,0.00016348486102545355,-0.02450839125795191,0.17092171633956826,0.0003180215912465543,0.026888562924049376
2019-10-01,2019,1949,0,0,52,4,0.3916953207763414,0.0009792383019408535,0.02334532512019927,0.16294242223269875,0.0006631499835984481,0.03737691490456652
2019-10-02,2019,1949,0,0,52,8,-0.09851552932335672,-0.0002462888233083918,-0.0314660429981035,0.17207930816062494,0.00025926246438258036,0.0230452419135869
2019-10-03,2019,1949,0,0,52,2,-0.271242064072894,-0.0006781051601822349,0.03701821607947117,0.160648072828917,0.0002834897744384392,0.024810448487658107
2019-10-04,2019,1949,0,0,50,3,0.34267468080879393,0.0008566867020219849,0.07072524375800578,0.15503498632841717,0.00044179383995904194,0.015464884735247791
2019-10-07,2019,1949,0,0,49,5,-0.5445718151414782,-0.0013614295378536955,-0.06790209599518827,0.17815673316906439,0.00023171317994920951,0.011389059265485151
2019-10-08,2019,1950,0,0,52,12,0.46986869423675814,0.0011746717355918953,0.06988631223265077,0.15516987080513492,0.0003433395480682332,0.020754942564065428
2019-10-09,2019,1951,0,0,56,8,-0.1412474907010438,-0.0003531187267526095,-0.04632697308966161,0.17455723024757444,0.0003233112430318611,0.014803884585306964
2019-10-10,2019,1951,0,0,58,14,0.004461724118075772,1.1154310295189429e-05,-0.03277813576797108,0.1723055375435851,0.0006067318802657799,0.05333828830276703
2019-10-11,2019,1951,0,0,58,9,-0.2949527773518006,-0.0007373819433795014,-0.025155938386397476,0.1710295032369314,0.0004330260613242458,0.1249141249136753
2019-10-15,2019,1951,0,0,57,10,-0.1686745837975985,-0.00042168645949399624,-0.01228591740694861,0.1688821634314202,0.0003159721406624024,0.018560357207905855
2019-10-16,2019,1951,0,0,56,7,-1.195702549087803,-0.0029892563727195076,-0.09379256321290509,0.18247919895426104,0.0003053325981720253,0.008153544509523518
2019-10-17,2019,1951,0,0,56,7,-0.30543325160355494,-0.0007635831290088873,-0.018635812241378065,0.1699378449865222,0.00031667487663561563,0.014193524188364661
2019-10-18,2019,1951,0,0,56,5,-0.7545365399757428,-0.001886341349939357,-0.02138890973038823,0.17040197097124116,0.00031874490302366586,0.027801755716436116
2019-10-21,2019,1951,0,0,57,10,-0.5463909755471892,-0.001365977438867973,-0.05100573247155363,0.17533778068934794,0.0003295770117787579,0.04962182974657321
2019-10-23,2019,1951,0,0,57,10,0.9063263302769778,0.0022658158256924446,0.07588509089732051,0.15416543979705277,0.0002456471775148392,0.011685151202286286
2019-10-24,2019,1951,0,0,58,7,1.0092219324353127,0.002523054831088282,-0.03728828802058904,0.17305337090067602,0.00034642749091137113,0.02458801214911241
2019-10-25,2019,1952,0,0,58,17,0.011308778409533593,2.827194602383398e-05,-0.06666752829158717,0.17795569284551702,0.0003242983584809763,0.015339846985661331
2019-10-28,2019,1953,0,0,60,12,-0.3827903123389165,-0.0009569757808472913,0.047412163647951,0.1589245097872773,0.0006014498362846058,0.032610960664612484
2019-10-29,2019,1953,0,0,59,14,-0.8097802084034467,-0.0020244505210086166,-0.026454597270166864,0.17124638720764182,0.0005609524719018388,0.010216207330431106
2019-10-30,2019,1954,0,0,59,2,0.8631856183407792,0.002157964045851948,0.030405840014570223,0.16176239534495476,0.0005498262151407124,0.01847119594965758
2019-10-31,2019,1954,0,0,59,6,0.3246846595361159,0.0008117116488402898,0.0669411119813855,0.1556665771379952,0.0006576779251048974,0.0691386660201447
2019-11-01,2019,1955,0,0,63,8,0.41960984952105695,0.0010490246238026423,0.04480875404604641,0.1593547016542664,0.00044404094773786414,0.018564137114397115
2019-11-05,2019,1955,0,0,63,18,-0.1838159972455222,-0.0004595399931138055,-0.04546501917038594,0.1744165360632502,0.000436555848160249,0.02598137516199288
2019-11-06,2019,1955,0,0,61,17,0.005931640530950161,1.4829101327375401e-05,-0.005178928766367105,0.16769311111537372,0.0005696977265602176,0.014594003011987159
2019-11-07,2019,1955,0,0,62,15,1.2211891401655914,0.0030529728504139785,0.04289531006591242,0.15967852280081285,0.0006090544728328902,0.00855869719066613
2019-11-08,2019,1955,0,0,61,16,-0.31718290290311957,-0.0007929572572577989,-0.03240881108513349,0.17223812494564378,0.0003584585646559728,0.008577199715355728
2019-11-11,2019,1955,0,0,61,11,0.7290471621829073,0.0018226179054572683,0.046125099154798524,0.15913945034296434,0.0004925651045512889,0.0351895079743315
2019-11-12,2019,1955,0,0,61,16,-0.4821939870315408,-0.001205484967578852,-0.011838329266448518,0.1688108272405443,0.000661745559689301,0.015604033957968028
2019-11-13,2019,1955,0,0,61,8,0.625911106958831,0.0015647777673970776,0.01444136189687425,0.16442527255290804,0.0005810662590345439,0.02398641441812867
2019-11-14,2019,1955,0,0,61,4,0.5379346275536734,0.0013448365688841835,0.035967758207771525,0.1608319510261859,0.00037970485309943666,0.023655107978127116
2019-11-15,2019,1955,0,0,61,17,-0.2625546719582402,-0.0006563866798956006,-0.07980279209364692,0.18014443829059612,0.0003102111100236987,0.008510093774141723
2019-11-18,2019,1955,0,0,61,15,0.2290051718630174,0.0005725129296575435,0.0220578778199351,0.16315358907384056,0.0003468516565131193,0.010871321780539874
2019-11-19,2019,1955,0,0,61,7,-0.3667549748261638,-0.0009168874370654095,-0.0419532822651822,0.17382785751949933,0.000247485882257997,0.010583782245610043
2019-11-20,2019,1955,0,0,60,5,-0.30904494148131706,-0.0007726123537032927,-0.026618260104102925,0.17126527767384395,0.0002659880930210715,0.024894881318316412
2019-11-21,2019,1955,0,0,58,1,1.93255257227118,0.00483138143067795,0.19720517054102146,0.13393450881235494,0.00036425641616379204,0.013965221597349012
2019-11-22,2019,1955,0,0,58,6,-0.33779440534648114,-0.0008444860133662029,-0.01469389410447991,0.16928294061575702,0.0002939631455162963,0.0057673329251877285
2019-11-25,2019,1955,0,0,58,10,0.3860802079438106,0.0009652005198595265,0.02590946833840661,0.16250981573673595,0.0003039589803121688,0.010202616458938774
2019-11-26,2019,1955,0,0,59,1,0.06323703101874062,0.00015809257754685155,0.02374542831895169,0.16286917046987293,0.0002554439427786647,0.015869346797574655
2019-11-27,2019,1955,0,0,58,7,-0.4426492083504755,-0.0011066230208761887,-0.016618900472530885,0.1695988915559991,0.00022894898394350776,0.006423432398763616
2019-11-28,2019,1955,0,0,58,7,-0.23136716161388182,-0.0005784179040347045,0.01983159901154399,0.1635248501625066,0.0003000370243930181,0.015235197438429557
2019-11-29,2019,1955,0,0,58,1,-0.6991604685595438,-0.0017479011713988596,-0.04883057919508202,0.1749804884287289,0.0003148026884604798,0.015814098583834413
2019-12-02,2019,1955,0,0,57,17,-0.4235664441871131,-0.0010589161104677827,-0.028505411753006044,0.17158253822745412,0.00027359156573552814,0.011847360692174092
2019-12-03,2019,1955,0,0,55,8,-1.2301781093439967,-0.0030754452733599918,-0.07358479313744958,0.1791086767933663,0.00032138482061057474,0.028906235469889716
2019-12-04,2019,1955,0,0,55,14,0.5109618855571088,0.001277404713892772,0.022428662104977678,0.16308736005494054,0.00023254592717414767,0.021601774885763227
2019-12-05,2019,1955,0,0,55,6,0.19310842350965796,0.0004827710587741449,-0.019952991388424976,0.17015865678925823,0.00033182633769414654,0.01035249171926114
2019-12-06,2019,1955,0,0,54,3,0.4507498951403507,0.0011268747378508767,0.06712945444331117,0.15562292664477934,0.00023424646802079692,0.003959685708447838
2019-12-09,2019,1955,0,0,54,8,1.0888231354574773,0.0027220578386436935,0.07046801402667698,0.1550737292163903,0.00026748996903642693,0.01789796412305785
2019-12-10,2019,1956,0,0,54,6,0.1911911569301763,0.00047797789232544073,0.020743911550502384,0.16336861399169697,0.0002875760850797703,0.0099720890387257
2019-12-11,2019,1957,0,0,55,7,-0.10436892179945989,-0.00026092230449864973,-0.04251377149561763,0.17392718520486494,0.0004825907936490264,0.00703527157512746
2019-12-12,2019,1958,0,0,55,1,0.35203251453555734,0.0008800812863388934,0.03817731540880651,0.16045843981061794,0.00034675768275594385,0.029434895540410524
2019-12-13,2019,1958,0,0,54,6,0.7611045976317651,0.0019027614940794128,0.05945627895518718,0.15690794632312427,0.00044944180486182424,0.021876407870203268
2019-12-16,2019,1960,0,0,56,14,0.4039861906082596,0.001009965476520649,-0.013195907697158529,0.16903172576015016,0.0003633476809943333,0.004331489226682311
2019-12-17,2019,1962,0,0,58,10,0.7007187107730315,0.0017517967769325787,0.053457170501873714,0.15791267474049261,0.0002850788184965725,0.011059582818898243
2019-12-18,2019,1964,0,0,59,6,0.20468814636101196,0.0005117203659025299,0.017936996047865715,0.1638352266557018,0.0003215891683914235,0.03279887634741606
2019-12-19,2019,1965,0,0,56,13,0.7647926026947902,0.0019119815067369756,0.06678572372504522,0.15568941065630462,0.00029608901166709397,0.008323985035859925
2019-12-20,2019,1965,0,0,56,5,-0.15114011210813727,-0.00037785028027034317,-0.009488236625783433,0.16840459429064591,0.00019943577955052738,0.004602388423316084
2019-12-23,2019,1965,0,0,56,12,0.2336824642789227,0.0005842061606973068,0.016489318170138354,0.1640791812361947,0.00032825224635406146,0.009545573046570652
2019-12-24,2019,1965,0,0,56,8,0.10929640949180142,0.0002732410237295035,-0.014530286399727615,0.1692565694453227,0.00026019214685494104,0.007476859212329099
2019-12-25,2019,1966,0,0,57,12,-0.32143746356797864,-0.0008035936589199466,0.00015233497829440773,0.16680606477394222,0.0003486739616203457,0.008346656258048611
2019-12-26,2019,1966,0,0,58,9,-0.015366598806481502,-3.841649701620375e-05,-0.02441980996100183,0.17090702592572593,0.00034450168242641755,0.04485200732034447
2019-12-27,2019,1966,0,0,57,18,0.12841872165437485,0.0003210468041359371,0.008687179942443031,0.16538666462323948,0.0006166332194286925,0.011314652292292796
2019-12-30,2020,1966,0,0,57,10,0.6993701685182394,0.0017484254212955985,0.11048941333177573,0.148402154722336,0.0004917210509713942,0.007565161846418865
2020-01-06,2020,1966,0,0,56,10,-1.1828226697377535,-0.0029570566743443837,-0.10917546444138995,0.185050427250767,0.0005784906970750315,0.02787076772553281
2020-01-07,2020,1966,0,0,56,6,0.18458136833091876,0.0004614534208272969,0.034191239235521496,0.16113163976925898,0.0004855007862763734,0.023930889811395416
2020-01-08,2020,1966,0,0,55,11,0.5377860917380508,0.001344465229345127,0.022958538868364596,0.16299891695854696,0.00042937723284572896,0.08715430722561916
2020-01-09,2020,1966,0,0,51,8,0.6393486950626746,0.0015983717376566863,0.017026764490769022,0.16399251295750805,0.0005695392080369038,0.04906981973079839
2020-01-10,2020,1966,0,0,50,6,0.39209062477630224,0.0009802265619407557,0.004368201626388112,0.1660952258422776,0.00042211357075072647,0.013966691956058467
2020-01-14,2020,1966,0,0,48,3,0.6028372998889354,0.0015070932497223384,0.05587986496958889,0.15750839612192238,0.0003083523373181294,0.009174365380081921
2020-01-15,2020,1966,0,0,48,5,-0.4615158607950793,-0.001153789651987698,-0.14308164287868125,0.19069170294451449,0.00023876088367230278,0.007323562204152538
2020-01-16,2020,1966,0,0,48,5,-0.09256179476097759,-0.00023140448690244398,-2.7993001528670722e-05,0.16683322956472177,0.00027505168747877476,0.0334706650280077
2020-01-17,2020,1966,0,0,48,12,-0.302243246983798,-0.000755608117459495,0.03501625643121062,0.1609857940378835,0.0002692652177376417,0.0055341260572527185
2020-01-20,2020,1966,0,0,49,2,0.0614749190808892,0.00015368729770222302,-0.001973333320142975,0.16715876818882563,0.000252715912566336,0.013488269606876054
2020-01-21,2020,1966,0,0,50,12,0.17393335977054813,0.0004348333994263703,0.014693921520862576,0.16438329601793117,0.00032821383480140557,0.04040893984211083
2020-01-22,2020,1966,0,0,50,6,-0.09359628888650584,-0.0002339907222162646,0.06465989616838838,0.15604259382549462,0.0003522869493757484,0.026207655758020528
2020-01-23,2020,1966,0,0,50,9,-1.2721418194929592,-0.003180354548732398,0.02413190666123372,0.16280998207607922,0.0007950795662082457,0.03152192720497426
2020-01-24,2020,1966,0,0,47,7,0.7151835793433681,0.00178795894835842,0.057479022270034597,0.15724330965469893,0.0003465004360974824,0.012607414586996966
2020-01-27,2020,1966,0,0,46,6,-2.354665904931778,-0.005886664762329446,-0.19630019486531264,0.19958118614244671,0.00038306325730554926,0.018641626613813585
2020-01-28,2020,1966,0,0,45,4,1.3633149293064144,0.003408287323266036,0.0952528149364488,0.1509442792821213,0.0007184928540401452,0.01980057393677435
2020-01-29,2020,1966,0,0,45,4,-0.4522900416198423,-0.0011307251040496057,-0.010003099586243475,0.16850301245130467,0.0005757634296157668,0.02155809623055438
2020-01-30,2020,1966,0,0,44,8,1.4966846634002544,0.003741711658500636,0.12249259424021205,0.14639848390399612,0.0005281706783979879,0.020816823781004665
2020-01-31,2020,1966,0,0,44,2,1.078408412586522,0.002696021031466305,0.09369451060930624,0.15120228008116826,0.0005500011178391056,0.013527778099437142
2020-02-03,2020,1966,0,0,41,3,-0.3162771713048844,-0.0007906929282622111,-0.02979740786026478,0.17180201319076266,0.0005075090626089112,0.03435402561848092
2020-02-04,2020,1966,0,0,41,2,2.1452088829530367,0.005363022207382591,0.21785815098312705,0.13048869888388132,0.0006655698967537163,0.04063807556985754
2020-02-05,2020,1966,0,0,42,0,-0.38707010022759636,-0.0009676752505689909,-0.07738328790501138,0.17974420893985313,0.0004958853670407583,0.01770004588986937
2020-02-06,2020,1966,0,0,39,1,-1.0512920132232395,-0.002628230033058099,-0.11504303738310294,0.1860264439399503,0.000517744648760299,0.013509173509208416
2020-02-07,2020,1967,0,0,41,0,0.6142408438047413,0.0015356021095118532,0.06679413660153166,0.15568958959152732,0.0005535800334551992,0.01552429831373029
2020-02-10,2020,1967,0,0,39,1,0.40327186925546765,0.001008179673138669,0.06059899033466793,0.156722262145638,0.0005732140634709937,0.01116992947003145
2020-02-12,2020,1967,0,0,40,6,0.566062279429298,0.001415155698573245,-0.0010807847151458761,0.16701243103727828,0.0007053395718868556,0.012833823841404473
2020-02-13,2020,1967,0,0,40,5,0.013040323109121399,3.26008077728035e-05,0.00573756388686414,0.16587798099558307,0.0008452269870241738,0.008780112039276899
2020-02-14,2020,1967,0,0,39,8,-0.1779037669675887,-0.00044475941741897176,0.005633874244924754,0.16589557742995842,0.0006244565440311858,0.009439172986200794
2020-02-17,2020,1967,0,0,39,4,0.10501309086243737,0.0002625327271560934,0.01058553721899098,0.16506460855009825,0.00046529923872291054,0.02662396105441177
2020-02-18,2020,1967,0,0,39,9,0.853386452222464,0.00213346613055616,0.06685044358430366,0.15567464140530074,0.00025838496393300266,0.014605973532466699
2020-02-19,2020,1967,0,0,40,12,-0.7519502678195837,-0.0018798756695489593,-0.06349004733818074,0.17741664138081173,0.0002777596102606249,0.032294644659448
2020-02-20,2020,1967,0,0,40,9,2.317873821038079,0.0057946845525951975,0.11352061271748166,0.14789685358935797,0.0017018572559372278,0.007903281208919373
2020-02-21,2020,1967,0,0,39,6,-1.699873847819353,-0.004249684619548382,-0.13697469901887216,0.18968599037738215,0.0003720263093513086,0.005694695313976219
2020-02-25,2020,1967,0,0,39,26,-0.21073096062300145,-0.0005268274015575036,-0.030295466200836823,0.17189052260741525,0.0008526975408461793,0.077730476846347
2020-02-26,2020,1967,0,0,39,1,0.8419474909512275,0.0021048687273780686,0.07562600854287431,0.15421905142163064,0.0022939270233558293,0.015918711957222553
2020-02-27,2020,1967,0,0,40,31,0.6271795378590799,0.0015679488446476997,0.06608745048848529,0.15581030605192236,0.0037044031104024222,0.08389106141029506
2020-02-28,2020,1967,0,0,40,36,1.0197986275207338,0.0025494965688018347,-0.059745210139687775,0.17680349216073274,0.0015145522878607636,0.14927724838454773
2020-03-02,2020,1968,0,0,41,23,-1.3445626390262615,-0.0033614065975656536,-0.08738427786703491,0.18140630113130116,0.0007364803719738267,0.14024706588001298
2020-03-03,2020,1968,0,0,41,37,1.0667259933937252,0.002666814983484313,0.05296146641210729,0.15799317572754734,0.0005666079983251645,0.025757531570603315
2020-03-04,2020,1968,0,0,43,0,0.9683994429704219,0.002420998607426055,0.15678079149326848,0.14067936791288577,0.0012285287768904266,0.013398057305023199
2020-03-05,2020,1968,0,0,43,4,3.079916515166346,0.007699791287915865,0.22041885852786608,0.1300622959506064,0.004693616340799843,0.02325999041574949
2020-03-06,2020,1968,0,0,43,43,0.4902292046297614,0.0012255730115744035,0.05386497207125305,0.1578489767444826,0.003448861282233915,0.08143112857258329
2020-03-09,2020,1969,0,0,43,43,-2.7023448602157454,-0.006755862150539364,-0.1715269460914823,0.19545166957659138,0.003475228060629966,0.1545349982852015
2020-03-10,2020,1970,0,0,44,8,-1.3591708980398174,-0.0033979272450995433,-0.03407575884638486,0.17252098242886008,0.005776904871675218,0.1601102986770796
2020-03-11,2020,1970,0,0,43,34,2.5796405004111786,0.006449101251027946,0.1344193493586575,0.1444099650571855,0.002039098169807049,0.051006485016292444
2020-03-12,2020,1970,0,0,42,42,2.128695450649872,0.00532173862662468,0.08918690430082649,0.1519558683671852,0.003057654327964739,0.08277323254845098
2020-03-13,2020,1971,0,0,42,42,1.4006524486727434,0.0035016311216818584,0.07736132518054335,0.15392911549190438,0.01537247860155837,0.156838930527189
2020-03-16,2020,1971,0,0,42,7,-2.83119171843931,-0.007077979296098274,-0.0532102426203187,0.1757129041042813,0.002476130314331715,0.10210577304623761
2020-03-17,2020,1971,0,0,40,2,2.535065294385446,0.006337663235963615,0.08809611646892748,0.15213820912651363,0.004551333765611165,0.20738679435773918
2020-03-18,2020,1971,0,0,39,1,3.12906531905458,0.007822663297636449,-0.05171013143827387,0.17546279454784475,0.004205383703172095,0.057494686144004145
2020-03-19,2020,1971,0,0,36,0,3.238714598782538,0.008096786496956346,0.01250139432391635,0.1647501424289237,0.005156279063795846,0.058900052192594525
2020-03-23,2020,1971,0,0,35,3,6.472195314183203,0.016180488285458008,0.22475793732973987,0.1293381470184955,0.004558410630668447,0.11971783339529776
2020-03-24,2020,1971,0,0,35,3,-0.15867568516196506,-0.00039668921290491265,-0.04162364821177616,0.17377951299276392,0.00207802239815816,0.1537731832703161
2020-03-25,2020,1971,0,0,35,4,2.2260881236535734,0.005565220309133934,0.12252850835455224,0.14639361500341883,0.0026737683285662462,0.2808764968556706
2020-03-26,2020,1972,0,0,36,8,0.4630472102660601,0.0011576180256651504,0.02866897610840389,0.16205254009803172,0.001512796152263371,0.027549721904738964
2020-03-27,2020,1972,0,0,35,10,-0.7137258399691495,-0.0017843145999228737,-0.13105709483357408,0.1887001196343547,0.002860328627507013,0.1315224436852759
2020-03-30,2020,1973,0,0,35,2,1.3887159318364395,0.003471789829591099,0.02709818751549744,0.1623146174559813,0.0013698112455106772,0.07291739337459324
2020-03-31,2020,1974,0,0,38,4,2.4108803262043907,0.006027200815510977,0.1277660110495923,0.1455192815647536,0.0009483998726952055,0.045574311400812195
2020-04-01,2020,1974,0,0,39,22,2.4452562699392346,0.006113140674848087,0.05102775682094954,0.15832122408574628,0.0008570081548935788,0.08696098407303596
2020-04-02,2020,1974,0,0,39,22,-1.6117120622637442,-0.00402928015565936,-0.033212697074848314,0.17237656384167221,0.004467194705537853,0.0582253264890841
2020-04-03,2020,1974,0,0,39,18,-2.5329969242113766,-0.006332492310528442,-0.05283585986834887,0.17565013779750882,0.0031663915710491504,0.0805856031858148
2020-04-06,2020,1974,0,0,39,7,-0.25185058111166514,-0.0006296264527791629,0.025993181065264586,0.16249726525255187,0.0015615446408545797,0.0845979347506533
2020-04-07,2020,1974,0,0,38,16,2.029430429256586,0.005073576073141465,0.1455191695278201,0.14255628872190218,0.001298917501140133,0.06936483828511049
2020-04-08,2020,1974,0,0,39,9,0.3280066774409527,0.0008200166936023817,0.0758611194431517,0.15417778116812514,0.0009213918745171428,0.1435415909426034
2020-04-09,2020,1974,0,0,40,9,-1.9750693283364262,-0.004937673320841066,-0.08226136143733909,0.18055851454206356,0.0012605048000489923,0.3682855867013807
2020-04-10,2020,1974,0,0,42,7,0.3545985326155252,0.000886496331538813,0.13531964157002757,0.14425861998763229,0.0008045597056762148,0.2115126205938844
2020-04-13,2020,1974,0,0,42,4,-2.6068416699052483,-0.006517104174763121,-0.13689475051671637,0.1896732490867395,0.0014455987325797362,0.0555646757292544
2020-04-14,2020,1974,0,0,42,12,-2.125280858782221,-0.005313202146955552,-0.07125385612137797,0.17872165656294026,0.001065934166301136,0.07181167466169497
2020-04-15,2020,1974,0,0,43,9,-0.000753374723186484,-1.8834368079662101e-06,-0.026135280860325794,0.1711932536948787,0.0007244027081021983,0.057642359961203087
2020-04-16,2020,1974,0,0,43,18,-1.333578059396504,-0.00333394514849126,0.002300964114557828,0.16644992721385757,0.0008768184128563446,0.027775853685333515
2020-04-17,2020,1974,0,0,44,15,-3.084165717106585,-0.007710414292766462,-0.25730586909483516,0.2097609967314942,0.0013001337211247317,0.023647819321551022
2020-04-20,2020,1974,0,0,45,8,-4.532438190496847,-0.011331095476242116,-0.2869646938116033,0.21471035107582095,0.0009710306394521798,0.021663653327618302
2020-04-21,2020,1974,0,0,45,10,3.6498380922260254,0.009124595230565063,0.17750030188614685,0.1372216667668027,0.0016631957403890447,0.47515985772047475
2020-04-22,2020,1974,0,0,47,13,-1.425988034064214,-0.0035649700851605346,-0.07905306272601172,0.1800207969263668,0.0006171272360753179,0.0520545326567297
2020-04-23,2020,1974,0,0,47,9,0.49142753216001056,0.0012285688304000265,0.052363692377527235,0.15809891603268997,0.0011887485131040166,0.03046340776524247
2020-04-24,2020,1974,0,0,47,16,0.5722651675511505,0.0014306629188778764,0.0661445705308133,0.1557958937073976,0.0007984476024415662,0.016785128668353574
2020-04-27,2020,1974,0,0,47,11,3.664107711764075,0.009160269279410186,0.14038367934315193,0.14341410139509458,0.00105225132104975,0.047982436120772624
2020-04-28,2020,1974,0,0,48,7,-1.6859020257378332,-0.004214755064344583,-0.1296041269932207,0.1884573473927845,0.0012226390599477588,0.1225792813936092
2020-04-30,2020,1974,0,0,47,12,-1.3681272458067275,-0.0034203181145168187,-0.0639349520738678,0.17749998683475435,0.0009882929045116058,0.04761688961236629
2020-05-01,2020,1974,0,0,46,1,3.757049239310377,0.009392623098275942,0.2208073614967887,0.12999657728599268,0.0010467258668178713,0.01459016795231808
2020-05-07,2020,1974,0,0,47,3,3.734976867983635,0.009337442169959086,0.27842587498646393,0.12038392395017228,0.0015472809986894899,0.017453484496198164
2020-05-08,2020,1974,0,0,48,4,-2.1621741032755852,-0.005405435258188963,-0.14933057352315873,0.1917442166005031,0.0008375750456411988,0.03309017094977459
2020-05-11,2020,1974,0,0,48,5,-0.9050940802277629,-0.0022627352005694075,-0.1104442981927066,0.18525677180577207,0.0011290074577757635,0.03545269402192101
2020-05-12,2020,1974,0,0,46,4,-1.178438904144182,-0.0029460972603604554,-0.07371273004952772,0.1791329735053914,0.0017372611421902562,0.015745256052412202
2020-05-13,2020,1974,0,0,46,2,-0.8407225521553132,-0.002101806380388283,-0.0174117351822191,0.16973920921490374,0.0008703147064143494,0.022106578154033003
2020-05-14,2020,1974,0,0,46,0,-0.49272777433128145,-0.0012318194358282037,-0.011492149534018102,0.16875029651408738,0.001126357144490557,0.04638514085532408
2020-05-15,2020,1974,0,0,47,1,2.548322083086396,0.0063708052077159905,0.22129377361533012,0.12991459840162978,0.0007151079743690573,0.03046459126931166
2020-05-18,2020,1974,0,0,46,2,-0.3463739710937599,-0.0008659349277343998,-0.05220543189365887,0.17554158649833704,0.000649067821313191,0.0403572841225331
2020-05-19,2020,1974,0,0,46,6,0.7471900183640016,0.001867975045910004,0.056194913355785636,0.15745152319508077,0.00044959537345944843,0.026028667909391873
2020-05-20,2020,1974,0,0,46,8,0.05759061493016382,0.00014397653732540954,-0.05250902398310676,0.17559312856844866,0.0005805987442945109,0.02635859354103962
2020-05-21,2020,1974,0,0,47,6,-0.5814651066330483,-0.0014536627665826208,-0.018076166835743084,0.16985053651800566,0.0008957294750236406,0.015765125791807773
2020-05-22,2020,1974,0,0,49,2,3.5939520706516666,0.008984880176629167,0.22600395633718037,0.12912943364002302,0.0008738630038506576,0.018363496430843704
2020-05-25,2020,1974,0,0,49,15,1.222332462787593,0.0030558311569689827,0.05082274283978769,0.15835333067973306,0.0007034428867453142,0.022375556158172938
2020-05-26,2020,1974,0,0,49,13,1.9338602821588906,0.004834650705397226,0.036250463803940404,0.16078665653301016,0.0005508664436245174,0.01965358859621494
2020-05-27,2020,1974,0,0,49,23,3.3522832975786736,0.008380708243946685,0.14500412283244052,0.142642455199377,0.0009162864649249798,0.019820612937976923
2020-05-28,2020,1974,0,0,49,28,1.7816920540090722,0.0044542301350226805,0.08311857217354682,0.15296534598166794,0.0006805283999687308,0.01766524043583756
2020-05-29,2020,1974,0,0,48,23,0.49549792655043534,0.0012387448163760884,-0.04461828906336838,0.17427827352285777,0.0007539326315516163,0.04616697160140943
2020-06-01,2020,1974,0,0,48,7,2.423267605310146,0.006058169013275366,0.19781556938197156,0.1338300704472171,0.00040310135227035774,0.020836416103979485
2020-06-02,2020,1974,0,0,48,11,0.08816790886048159,0.00022041977215120397,-0.004874037640067133,0.16763882717312625,0.0005084098402236881,0.10742902175828126
2020-06-03,2020,1974,0,0,48,17,-1.485225223776425,-0.0037130630594410623,-0.10607544882656322,0.18452991386294895,0.000552436217473074,0.036227766969389785
2020-06-04,2020,1974,0,0,48,18,-0.3125581757618563,-0.0007813954394046408,-0.04937489686356139,0.17507206339758277,0.0008413346141106166,0.020615753709311634
2020-06-05,2020,1974,0,0,46,15,1.7744476443375474,0.0044361191108438685,0.16325166958580417,0.13959574159687943,0.0004634157282645387,0.02689601527282745
2020-06-08,2020,1974,0,0,45,14,-0.5247180183793411,-0.0013117950459483527,-0.009840195254512192,0.1684714851371008,0.0006171341796063408,0.02973011053619131
2020-06-09,2020,1974,0,0,45,35,4.2367462376628975,0.010591865594157243,0.29646224371150276,0.11737484682633927,0.0013088280881411057,0.02263557506447752
2020-06-10,2020,1974,0,0,45,27,0.26060479817074444,0.0006515119954268611,0.05369361218937728,0.15787716008317415,0.0007951096009302949,0.017269855431780085
2020-06-11,2020,1974,0,0,44,1,-0.5644020614577925,-0.0014110051536444812,-0.0026080101857229787,0.1672704778757838,0.0013419662327155142,0.06347966411790662
2020-06-12,2020,1974,0,0,44,0,0.0671422856590711,0.00016785571414767775,0.01861245007172603,0.16373035984767323,0.002584538007091031,0.0398011773055466
2020-06-15,2020,1974,0,0,44,0,-1.2455234045497026,-0.0031138085113742563,-0.06860101976575275,0.17827819964652397,0.0007272121440463233,0.04163607074512191
2020-06-16,2020,1974,0,0,44,4,-0.9769669188501378,-0.0024424172971253444,-0.0924468892881886,0.1822498168156891,0.0007133734048405122,0.1568007468893062
2020-06-17,2020,1974,0,0,45,19,1.352372813704342,0.003380932034260855,0.048928388908771804,0.15866951045446645,0.0005185982685864517,0.07158250260264024
2020-06-18,2020,1974,0,0,45,17,-0.7124466473318336,-0.001781116618329584,-0.07280760427522792,0.1789740306066677,0.0004498287348316758,0.02945328825463681
2020-06-19,2020,1974,0,0,46,5,0.32590159368694926,0.0008147539842173732,0.0212244523502469,0.16328661493947497,0.0003121008523766497,0.03193615441792579
2020-06-22,2020,1974,0,0,46,18,-0.45169237703093756,-0.0011292309425773438,-0.03641819282039516,0.17290864941564243,0.000517023031975607,0.02656385943692196
2020-06-23,2020,1974,0,0,45,15,0.30590108309786057,0.0007647527077446515,0.05337527902177854,0.1579288103616756,0.0005782897773893586,0.01999624027156248
2020-06-24,2020,1974,0,0,46,16,-1.8895348337851774,-0.004723837084462943,-0.11783129214957755,0.1864919351136645,0.0006588683176855997,0.03747451065196228
2020-06-25,2020,1974,0,0,45,8,-0.1329567026268177,-0.0003323917565670442,-0.02431062329288025,0.17089053919519182,0.0008368295684010034,0.024888307991064305
2020-06-26,2020,1974,0,0,44,15,1.5927860060759307,0.0039819650151898265,0.16381362048431483,0.1395019896657289,0.0004901013774380363,0.07044992574702072
2020-06-29,2020,1974,0,0,43,18,0.8898119435498231,0.0022245298588745577,0.06879261327175096,0.15535799406936457,0.0005999813369566342,0.04280099425606283
2020-06-30,2020,1975,0,0,44,22,1.51069747475192,0.0037767436868798,0.050747124732896554,0.15836665313094964,0.0007260496763383716,0.04030654580399807
2020-07-01,2020,1975,0,0,44,24,-0.04385181566517571,-0.00010962953916293927,0.017009091652388675,0.16399514134416235,0.000791176105955339,0.04864421272497342
2020-07-02,2020,1975,0,0,44,13,0.33932956400303116,0.0008483239100075779,-0.0370150613637795,0.17301023172609653,0.0012719203004672112,0.07957407132575486
2020-07-03,2020,1975,0,0,44,4,-2.00646554609733,-0.005016163865243325,-0.12784026495291007,0.18815945166949238,0.0005581372850481643,0.028512382592151265
2020-07-06,2020,1975,0,0,44,2,-0.6730121031504641,-0.0016825302578761603,0.025553341407503472,0.16257025861613622,0.0005916797120793406,0.02705553348130387
2020-07-07,2020,1975,0,0,45,10,0.12181979920632302,0.00030454949801580756,0.05825846532711914,0.15711180854422746,0.0005597246422476579,0.044918257130174964
2020-07-08,2020,1975,0,0,46,3,-0.8711946942716975,-0.002177986735679244,-0.0058046585747762594,0.16780319255810772,0.0009692679513715218,0.052494426904806435
2020-07-09,2020,1975,0,0,44,2,-0.08992968159216197,-0.00022482420398040493,-0.006740616705064875,0.16795992399935908,0.0013568409008430597,0.030316559248819194
2020-07-10,2020,1976,0,0,45,5,0.10255681866048161,0.00025639204665120404,-0.03437539793478075,0.17256360485414787,0.0004785959982843417,0.08469664794000577
2020-07-13,2020,1976,0,0,45,1,0.46921503257913644,0.001173037581447841,0.09021801323754289,0.15178249047859688,0.0006966572620561485,0.029286824790183165
2020-07-14,2020,1976,0,0,45,3,0.41866596803754197,0.001046664920093855,-0.0014551210593999235,0.16707509080282082,0.0006902883876744334,0.047527109110023384
2020-07-15,2020,1978,0,0,47,20,-0.630470973043897,-0.0015761774326097425,-0.08372576973672224,0.1808010270958649,0.00047569829597191813,0.01566148913169481
2020-07-16,2020,1978,0,0,48,5,-1.1487400856964094,-0.0028718502142410234,-0.08491712113539286,0.18099789045743522,0.0004736193375418356,0.029220598955605196
2020-07-17,2020,1978,0,0,47,3,-0.128485637919582,-0.00032121409479895504,0.04010247417103449,0.16014089841755344,0.0005262436538949421,0.01377913774520246
2020-07-20,2020,1978,0,0,47,13,0.1296176140027825,0.0003240440350069562,0.0343750806605279,0.1610976892180043,0.000471876315860617,0.014835930659898841
2020-07-21,2020,1978,0,0,47,9,-0.9179603879019207,-0.0022949009697548015,-0.07033944437110168,0.17856704917414126,0.0005521960855722595,0.041844181702708615
2020-07-22,2020,1978,0,0,47,8,-0.6157460064851878,-0.0015393650162129696,-0.08047706386617806,0.18025714820159594,0.0005151010118248869,0.021905797016013383
2020-07-27,2020,1978,0,0,48,6,-1.6640558145810966,-0.004160139536452742,-0.08831762965802159,0.18156876276791026,0.0008359992961340096,0.018065965924534647
2020-07-28,2020,1978,0,0,49,5,2.520344128062042,0.006300860320155105,0.13724382380372355,0.1439357205917511,0.0006918205363216996,0.022343792896229155
2020-07-29,2020,1978,0,0,50,5,1.2306855244627233,0.0030767138111568084,0.09519101770128868,0.15095395790681848,0.0017047801792285857,0.2599555894245355
2020-07-30,2020,1978,0,0,49,4,-0.9557175016691426,-0.0023892937541728563,-0.06577143120414822,0.17780772281632484,0.0018417376570275012,0.07743742111465389
2020-07-31,2020,1980,0,0,51,10,-3.581150502607919,-0.008952876256519797,-0.24408854130437538,0.20755615367383423,0.0024638905955798028,0.04803155395588811
2020-08-03,2020,1981,0,0,52,3,0.5507392048583719,0.0013768480121459298,0.02301253604189377,0.16299034848250504,0.0006088641735500739,0.03699529685072426
2020-08-04,2020,1981,0,0,52,2,-0.19847975678757013,-0.0004961993919689253,0.0026220507104318122,0.16639475640974732,0.0007412415722763897,0.09006814204146613
2020-08-05,2020,1981,0,0,52,6,1.5383661736996692,0.003845915434249173,0.07332044725954444,0.15459888350615408,0.0009033454498217254,0.04133327493158047
2020-08-06,2020,1981,0,0,52,11,2.4839309482082346,0.006209827370520587,0.09016565615873971,0.15179193326037205,0.001896429587367522,0.020151525079721896
2020-08-07,2020,1981,0,0,54,6,2.931251666223102,0.007328129165557755,0.20552027677455398,0.13254590402518446,0.0007939797411763935,0.019113480325174757
2020-08-11,2020,1981,0,0,55,0,0.5233637721681172,0.0013084094304202931,0.0529723574528633,0.15799373026766217,0.0006929461060283564,0.030467623956330764
2020-08-12,2020,1981,0,0,55,0,1.2093477542882205,0.003023369385720551,0.09326007741023204,0.15127364745203914,0.0005349105097133902,0.023881152793002312
2020-08-13,2020,1981,0,0,54,3,-0.5401300767520887,-0.0013503251918802217,-0.026017130792372462,0.17117211915142636,0.00065274809362753,0.06680154506839554
2020-08-14,2020,1981,0,0,54,0,-1.531775930992583,-0.003829439827481457,-0.1623599499848022,0.19391748392712094,0.0005672806499109306,0.04971600265802955
2020-08-17,2020,1981,0,0,54,0,-0.7344034046095775,-0.001836008511523944,-0.011654961976628485,0.16877303487044892,0.0004733327876028717,0.019707416491651322
2020-08-18,2020,1981,0,0,54,5,0.06935258095726571,0.00017338145239316428,-0.030160860073630752,0.17186259871544698,0.0004836647418349029,0.06449753781722552
2020-08-19,2020,1981,0,0,54,3,0.9509759964136084,0.002377439991034021,0.01394264645387599,0.1644995299828526,0.0003770863010165076,0.025085682141891205
2020-08-20,2020,1982,0,1,55,8,-1.1714474683537104,-0.002928618670884276,-0.0438018265796914,0.17413757744280284,0.0004899097039528885,0.06885310655596076
2020-08-21,2020,1982,0,0,57,3,-2.724615903044933,-0.006811539757612332,-0.12492582735654294,0.1876748013343712,0.0005497479681031608,0.0398982028884375
2020-08-24,2020,1982,0,0,56,9,1.5383443548597384,0.003845860887149346,0.07662265072192714,0.15404014043972653,0.00044645501385434764,0.08341264747228894
2020-08-25,2020,1982,0,0,56,4,0.4406569694767324,0.0011016424236918309,0.005100729519702256,0.1659808820087928,0.0004378228919177872,0.022198568278870248
2020-08-26,2020,1982,0,0,57,8,0.2046073465072542,0.0005115183662681355,0.13413279932612635,0.14445558744787054,0.0008107603738235804,0.015093441305601826
2020-08-27,2020,1982,0,0,58,13,-2.3646189061088867,-0.005911547265272217,-0.1335830632116851,0.18911887840002775,0.0007183434312540789,0.053895387691235114
2020-08-28,2020,1982,0,0,58,2,0.18285694692717624,0.0004571423673179406,0.002818507615604609,0.16635922957979066,0.0005278508778425091,0.024784460815357352
2020-08-31,2020,1982,0,0,58,7,-0.8041279091498448,-0.002010319772874612,-0.048444027749942914,0.17491195493725106,0.00037603816225414706,0.008693043925057804
2020-09-01,2020,1982,0,0,58,11,0.22201807958544478,0.000555045198963612,0.006792242009816366,0.16569543560037753,0.00035194559345215444,0.011386308873864171
2020-09-02,2020,1982,0,0,58,16,0.06792370814263271,0.00016980927035658178,0.0676260298870142,0.1555464085322441,0.0005001690748853958,0.023637356497071143
2020-09-03,2020,1982,0,0,58,10,-1.8747973290612945,-0.004686993322653236,-0.03839452290431254,0.17323769359811123,0.0005808499727061702,0.019194777799736287
2020-09-04,2020,1982,0,0,58,4,1.4597728449312908,0.0036494321123282268,0.05209435739128847,0.15814071328544088,0.000676959343219686,0.020727912104262794
2020-09-07,2020,1982,0,0,56,7,-0.9789498221770428,-0.0024473745554426073,-0.0729660446057193,0.17900187258750774,0.00034858874335734935,0.017057844761982483
2020-09-08,2020,1982,0,0,56,12,-1.4811496313972619,-0.0037028740784931548,-0.15639179089494687,0.1929199552324374,0.0003951099876319522,0.012114422710410886
2020-09-09,2020,1982,0,0,56,5,0.31527666731234083,0.000788191668280852,0.030942110450944613,0.16166697640577735,0.0005061793545649032,0.009288153096687209
2020-09-10,2020,1982,0,0,58,6,0.9155351151479547,0.0022888377878698867,0.051646170760501334,0.15821293975354905,0.0005542586121036651,0.01668233521401313
2020-09-11,2020,1982,0,0,58,11,-1.7880249003432844,-0.004470062250858211,-0.14868710065353735,0.19163482824743788,0.0004839236799897088,0.028461667520786132
2020-09-14,2020,1982,0,0,57,9,-2.4634571565667684,-0.006158642891416921,-0.16222762858907339,0.1938965827651769,0.0006000748876698396,0.03484797104436263
2020-09-15,2020,1982,0,0,58,6,-0.6446775926285281,-0.0016116939815713203,-0.03287276684770203,0.17230751028262745,0.00038281079307022524,0.033115252150430444
2020-09-16,2020,1982,0,0,57,10,-0.10869911606961358,-0.0002717477901740339,0.0819802886195312,0.15315360116585183,0.00040356481368340465,0.01669842957232716
2020-09-17,2020,1983,0,0,58,6,-1.1767600341430298,-0.002941900085357574,-0.058275345374401336,0.17655261433715466,0.0006580249606719504,0.007071649964966726
2020-09-18,2020,1983,0,0,58,8,1.250180892410039,0.0031254522310250974,0.12489292251589501,0.1459963280716005,0.0007808648700397837,0.021601758180412094
2020-09-23,2020,1983,0,0,58,9,0.4288628363084248,0.0010721570907710621,0.01025412342840819,0.16512144987606292,0.0004532424022015795,0.00808574911859868
2020-09-24,2020,1984,0,0,58,2,1.0982251110429617,0.0027455627776074043,-0.014175198791190028,0.16919931875802552,0.0009766840630379312,0.04160970822984406
2020-09-25,2020,1986,0,0,60,6,-1.1799670393081523,-0.0029499175982703805,-0.1324591582882869,0.1889306211183811,0.00063349124851778,0.04085072877188238
2020-09-28,2020,1986,0,0,60,12,-2.23728014300818,-0.00559320035752045,-0.15887531087790532,0.1933401806861559,0.0015637574894955643,0.049660542664966646
2020-09-29,2020,1986,0,0,59,11,0.0,0.0,,0.08341729638958857,2.4916201151862484e-05,0.04933802065303052
2020-09-30,2020,1986,0,0,59,8,0.14148948096957858,0.00035372370242394644,0.07274199998540468,0.1546981204912635,0.0009018374312732145,0.1365320213696802
2020-10-02,2020,1989,0,1,62,3,1.5773231948032334,0.003943307987008083,0.18697771424461748,0.13563479866094036,0.000352622549536629,0.03780047001163779
2020-10-05,2020,1990,0,0,61,1,-1.1233678580199489,-0.0028084196450498724,-0.04088508490300257,0.1736522545454304,0.0004115831680860927,0.024669696770157623
2020-10-06,2020,1990,0,0,62,5,-1.056141919195349,-0.0026403547979883726,-0.07924751129422075,0.18004766613940157,0.00040324960447752365,0.009764787708026463
2020-10-07,2020,1990,0,0,61,7,1.739812949024517,0.004349532372561293,0.0676167584950779,0.15554929529919376,0.00044449717136390546,0.007703949408395838
2020-10-08,2020,1990,0,0,60,7,0.6919869791610019,0.0017299674479025048,0.0762592548917999,0.15410620420950663,0.0004334721859960506,0.04960212641961016
2020-10-09,2020,1990,0,0,57,9,0.3917411233098534,0.0009793528082746334,0.023277930286654456,0.1629421078051864,0.0003404011213262481,0.01537914635843072
2020-10-12,2020,1990,0,0,57,13,2.7600742249677075,0.006900185562419269,0.1713568488075175,0.13824341993929617,0.00048322725472788123,0.009132783339029813
2020-10-13,2020,1990,0,0,59,14,0.23538784318751338,0.0005884696079687835,-0.01980105939626343,0.17013242124605435,0.000505678895422177,0.00929696540607946
2020-10-14,2020,1990,0,0,59,7,-2.0924673282156405,-0.005231168320539101,-0.08165000561481363,0.18045403267264948,0.0007776415884842387,0.01418602098628312
2020-10-15,2020,1989,0,0,57,14,-0.08481935172551092,-0.0002120483793137773,-0.04524851470550066,0.17438159209176782,0.0008304496063929425,0.039881441935732315
2020-10-16,2020,1989,0,0,57,9,-1.1313910633788606,-0.0028284776584471517,-0.039827502046665755,0.17347746598932043,0.0005002766876239285,0.0550745400782583
2020-10-19,2020,1989,0,0,58,4,-0.0657830028883375,-0.00016445750722084374,0.023111641768796987,0.16297481395724125,0.0005045740280168896,0.022808221556952335
2020-10-20,2020,1989,0,0,57,4,-2.414091843116639,-0.006035229607791598,-0.07224836887884775,0.17888550817811344,0.000584562721768446,0.02907619187386691
2020-10-21,2020,1989,0,0,58,6,0.06271033741111198,0.00015677584352777996,0.03219727330526076,0.16145727285161235,0.0004556316964462158,0.01066731875117506
2020-10-22,2020,1989,0,0,58,12,0.989023575269279,0.0024725589381731972,0.08467976372574214,0.15269852492088143,0.0005477676969351898,0.015444225912774745
2020-10-23,2020,1989,0,0,58,6,-2.729197419907,-0.0068229935497675,-0.2002299797865493,0.20023305540660918,0.0004327526524553513,0.017748235702869517
2020-10-26,2020,1989,0,0,57,8,-3.5907575909397926,-0.008976893977349482,-0.20526519909550295,0.20107611086489743,0.0005846322415506414,0.031944559529372626
2020-10-27,2020,1989,0,0,57,1,1.1191298396737508,0.002797824599184377,0.13973166780304738,0.14351564663627595,0.00044229933309804877,0.013368595155885482
2020-10-28,2020,1990,0,0,54,1,0.7727785023678653,0.0019319462559196632,0.06164280368245634,0.15654979242464626,0.0009558769609179966,0.016202745251722345
2020-10-29,2020,1991,0,0,53,6,2.9361069002590683,0.00734026725064767,0.22906021023738982,0.12861835533707905,0.0008191971663106592,0.028504562434966893
2020-10-30,2020,1991,0,0,53,9,-2.1779811413102967,-0.005444952853275742,-0.18381550068468075,0.19749657948533864,0.001021899465736355,0.06422629704892527
2020-11-02,2020,1991,0,0,53,1,-0.8516672296839161,-0.00212916807420979,-0.04105821160872866,0.17368244205310096,0.0009792622107566357,0.0939319771744006
2020-11-04,2020,1991,0,0,53,0,0.6323142132421933,0.0015807855331054833,0.03031074646354186,0.1617724352525939,0.0006538944517974325,0.016665964212877332
2020-11-05,2020,1991,0,0,53,0,-1.9840982376437601,-0.0049602455941094,-0.1842679752848375,0.19757308135340124,0.0009604094914223329,0.019145682600405545
2020-11-06,2020,1991,0,0,53,3,5.459567316861206,0.013648918292153017,0.1974187849223377,0.1338975400666348,0.0021366413630510544,0.023619100965649387
2020-11-09,2020,1991,0,0,53,10,-1.0889185156739531,-0.002722296289184883,-0.061953985199784935,0.17716790371956243,0.0008169114931473583,0.04775145909724665
2020-11-10,2020,1991,0,0,53,4,0.7193021403942842,0.0017982553509857105,-0.027115799835905542,0.17135459483080037,0.0007259574723115522,0.03383354585895001
2020-11-11,2020,1991,0,0,53,5,-1.0455846508191025,-0.0026139616270477563,-0.08714494076406626,0.1813720661945447,0.0011933352708175026,0.05649148744555878
2020-11-12,2020,1991,0,0,53,0,-2.733544557907594,-0.006833861394768985,-0.21369095978611405,0.20248369899339078,0.0010599646561261493,0.03253791287378795
2020-11-13,2020,1991,0,0,53,0,-1.0437001452660901,-0.0026092503631652253,-0.10056588747575902,0.1836093514728046,0.0007373932845980596,0.052729622570389025
2020-11-16,2020,1991,0,0,53,5,1.033785850831582,0.002584464627078955,-0.02387720081138998,0.17081511856509518,0.0004954419287805145,0.06672605938275301
2020-11-17,2020,1991,0,0,52,20,0.6741034146849145,0.0016852585367122864,0.02316844025266397,0.1629588631658554,0.00042457016717481927,0.015105516367590142
2020-11-18,2020,1991,0,0,52,6,0.8170318855918175,0.0020425797139795436,0.07520506558083632,0.15428358892001964,0.0003407255697334306,0.011707858494782775
2020-11-19,2020,1991,0,0,51,2,-3.2409750885101545,-0.008102437721275385,-0.15800052384158397,0.1931916635642949,0.0006980679597195994,0.021362647209247982
2020-11-20,2020,1991,0,0,51,8,-1.3117656228412296,-0.003279414057103074,-0.058938037675669915,0.1766638277846126,0.000496670063446537,0.03647625886759427
2020-11-24,2020,1991,0,0,51,4,0.9936067791855737,0.0024840169479639343,0.03494579997300395,0.16099879047136573,0.0004589997146270254,0.11913192519645605
2020-11-25,2020,1991,0,0,51,7,-1.7125834737591794,-0.004281458684397948,-0.0940810010785732,0.18252645560104938,0.0005124582597743194,0.06343439697307753
2020-11-26,2020,1991,0,0,50,12,-0.6064225435681987,-0.0015160563589204966,-0.00968055570460201,0.16844857888122114,0.001129073941707463,0.019223371599205473
2020-11-27,2020,1991,0,0,50,14,-0.04598765484769274,-0.00011496913711923185,-0.004051762804493922,0.1675078480291942,0.0005370771857926562,0.03162925017624886
2020-11-30,2020,1991,0,0,50,2,1.187858126847184,0.00296964531711796,0.07124788573201118,0.15494449759403794,0.0004250874762303903,0.025568350223557995
2020-12-01,2020,1991,0,0,51,9,0.1488470522589493,0.00037211763064737323,0.0055064362115800165,0.16591070754989964,0.0005242534546945837,0.03574843150400013
2020-12-02,2020,1991,0,0,52,12,-0.16147878137753524,-0.0004036969534438381,-0.03956313798504247,0.17342923265043445,0.0004899266241913525,0.03235477936906486
2020-12-03,2020,1991,0,0,52,5,-0.5022584428952892,-0.001255646107238223,-0.058875677257217415,0.17665327418244606,0.0007048847266921349,0.02516850651731858
2020-12-04,2020,1991,0,0,51,4,2.198649720695423,0.005496624301738557,0.15358137142637066,0.14120545110759583,0.00040443046723086685,0.026080074962233215
2020-12-07,2020,1991,0,0,51,2,-1.85678667922389,-0.0046419666980597254,-0.18727550527553108,0.19807303397598985,0.0005282342517283806,0.0439834300270007
2020-12-08,2020,1991,0,0,51,10,-0.2893925698160271,-0.0007234814245400678,0.004103091669875816,0.1661453642347611,0.00037174598255628534,0.0170891134554447
2020-12-09,2020,1991,0,0,52,2,-0.16053180213126583,-0.0004013295053281646,-0.03478406013114354,0.1726310832015959,0.0005272517984524476,0.025700372079568608
2020-12-10,2020,1991,0,0,49,10,0.078881010618161,0.0001972025265454025,0.011679020707550123,0.16488130059168435,0.0005345146001067959,0.007754924123868948
2020-12-11,2020,1991,0,0,49,13,0.012441487996757289,3.1103719991893224e-05,-0.028397381128231612,0.17156307801662618,0.0004494629380993725,0.005371977141663844
2020-12-14,2020,1991,0,0,50,4,-0.21733695637451267,-0.0005433423909362817,0.011733548323250562,0.1648697312700719,0.0005231313582293467,0.06338048553192868
2020-12-15,2020,1990,0,0,49,12,1.0759988266792808,0.002689997066698202,0.062036655847711356,0.15648100740535675,0.0004886194422631684,0.022021727752792437
2020-12-16,2020,1993,0,0,50,11,-0.18628256394820705,-0.00046570640987051766,-0.02391977356345053,0.17082138472440028,0.00037878775656247635,0.02444347934566572
2020-12-17,2020,1994,0,0,51,10,-0.6180739991821327,-0.0015451849979553317,-0.024301992125237572,0.17088045442398697,0.0003604762618133869,0.0389531851809279
2020-12-18,2020,1995,0,0,52,10,-1.028267471969904,-0.00257066867992476,-0.05659606370017611,0.17627574833408405,0.0009729746777827845,0.006103428667284736
2020-12-21,2020,1996,0,0,53,11,-0.2552612994857753,-0.0006381532487144383,-0.019157335830065524,0.17002647489437453,0.0003882931064265414,0.0071549547453468604
2020-12-22,2020,1998,0,0,52,11,-1.1744864984048902,-0.0029362162460122255,-0.04919654422729801,0.17503321294624172,0.0004532902954303166,0.03616164863192699
2020-12-23,2020,1999,0,0,54,13,-0.6523165084159658,-0.0016307912710399144,-0.05075181304686464,0.17529337149213406,0.0003798445768617166,0.03773962106153833
2020-12-24,2020,1999,0,0,54,5,-1.6292019685036845,-0.004073004921259211,-0.14989689175872092,0.1918368345085207,0.00042606654346466396,0.019412300333156125
2020-12-25,2020,1999,0,0,54,9,1.4331873319188655,0.0035829683297971637,0.15464533203020536,0.14103290583178424,0.000519492207292166,0.014170184411268702
2020-12-28,2020,1999,0,0,51,4,0.05394267459344437,0.00013485668648361093,-0.023646939586415998,0.17077523499741118,0.0003433311935241316,0.01665589717189352
2020-12-29,2020,1999,0,0,51,11,0.19368700684421958,0.00048421751711054894,0.020755680619626692,0.1633696203934276,0.000685080033906956,0.0352085984097884
2020-12-30,2021,1999,0,0,50,12,0.2519976715183797,0.0006299941787959492,0.056354220285537666,0.1574250084999454,0.0003705217418963428,0.022370804161354556
2021-01-04,2021,1999,0,0,50,4,0.19146960729467288,0.0004786740182366822,0.10453557329070674,0.1493903892670844,0.000421916530285811,0.01828710612850891
2021-01-05,2021,1999,0,0,50,5,1.0742955795434803,0.002685738948858701,0.07224774893459586,0.15477723699039062,0.0005146013114593288,0.007644937845736966
2021-01-06,2021,1999,0,0,49,3,-1.5439893151339203,-0.0038599732878348007,-0.11487928151741807,0.18599716194102728,0.0005553007537042043,0.01445897072065775
2021-01-07,2021,1999,0,0,49,11,-0.7689163462754031,-0.0019222908656885078,-0.07504960112612019,0.1793518597227634,0.000565926448139998,0.03603101353971044
2021-01-08,2021,1999,0,0,48,5,0.696132938254844,0.0017403323456371101,0.07180788493476409,0.154847993803445,0.0005482809107918376,0.0753019045788508
2021-01-12,2021,1999,0,0,47,14,-1.365425882889376,-0.00341356470722344,-0.09824489132077702,0.18321816406544456,0.000514362788527038,0.018808321310404066
2021-01-13,2021,1999,0,0,47,7,0.0517610136706077,0.00012940253417651927,-0.053129223976503485,0.17569647131068233,0.0007098794035415605,0.02566710295214969
2021-01-14,2021,1999,0,0,47,10,0.5033242798879927,0.0012583106997199817,0.07504770174729461,0.154310373013944,0.00045988978686767085,0.03709517809286482
2021-01-15,2021,1999,0,0,47,10,-2.8937248979734185,-0.007234312244933546,-0.21555604600874592,0.2027911104828818,0.0004500021194607564,0.023619261696072445
2021-01-18,2021,1999,0,0,46,8,-0.8387996949273928,-0.002096999237318482,0.01910390987381005,0.1636423404607922,0.00040555124411187214,0.031227975452661337
2021-01-19,2021,1999,0,0,45,9,-0.9363386407879841,-0.00234084660196996,-0.022431490056845752,0.1705672316549577,0.00039792810094415297,0.10582279078247507
2021-01-20,2021,1999,0,0,44,6,-0.5693978192164648,-0.0014234945480411621,-0.05194006677401329,0.17549567885603018,0.00042597175695560077,0.038936623984499846
2021-01-21,2021,1999,0,0,43,7,-0.9125057300114765,-0.0022812643250286913,-0.07592634835358086,0.17949732309032826,0.0005084452634227976,0.05084598383932389
2021-01-22,2021,1999,0,0,43,3,1.085408057613828,0.0027135201440345704,0.07845856062138508,0.1537399195834895,0.00047827909913865385,0.0324906151874731
2021-01-25,2021,1999,0,0,43,8,0.1478780691378374,0.0003696951728445935,-0.010122523315724318,0.16851745612716437,0.0004032788136702806,0.026806172400784235
2021-01-26,2021,1999,0,0,42,5,-0.09566717498183175,-0.00023916793745457936,-0.02294705684133844,0.17065550340784053,0.0005989698030856438,0.04872989290105252
2021-01-27,2021,1999,0,0,42,4,-1.4101801196380848,-0.003525450299095212,-0.10811453245166161,0.18486949327413355,0.0008043045932714199,0.0066977768654170634
2021-01-28,2021,1999,0,0,41,10,0.1890935364040096,0.000472733841010024,0.02591280932960634,0.1625070305184887,0.0006808073365256286,0.01323526535402264
2021-01-29,2021,1999,0,0,41,2,0.21807750909693446,0.0005451937727423362,0.04956438061175041,0.15856013949523917,0.0007246164992967758,0.06739222657315733
2021-02-01,2021,1999,0,0,41,4,-1.3822102035446555,-0.0034555255088616387,-0.03920314114364892,0.17337188204804196,0.000544255997927425,0.024643522180820977
2021-02-02,2021,1999,0,0,41,2,-0.45005067275597754,-0.0011251266818899438,0.031723224949568356,0.16153562594938942,0.0004263028844261362,0.02636753611335905
2021-02-03,2021,1999,0,0,41,5,-2.663415949857937,-0.0066585398746448424,-0.18759470796214883,0.198126502790534,0.0007096131257331444,0.06096998782906709
2021-02-04,2021,1999,0,0,41,6,-0.4685816428736489,-0.0011714541071841222,-0.04563965536828391,0.17444651222476074,0.0007396333559913685,0.011489961505692611
2021-02-05,2021,1999,0,0,41,2,-1.8003705062655837,-0.004500926265663959,-0.15703258554381436,0.19302764646989562,0.0005662006902814952,0.0374180981494598
2021-02-08,2021,1999,0,0,41,3,0.5545684230027863,0.0013864210575069659,0.10994588103432042,0.14848816933373976,0.0005903476317310336,0.015374128919453302
2021-02-09,2021,1999,0,0,41,4,-0.96637502253674,-0.00241593755634185,-0.015277024295411435,0.16938054681563572,0.000813787664292328,0.03364503681804583
2021-02-10,2021,1999,0,0,41,7,1.4498093143279998,0.0036245232858199993,0.04939640046682032,0.15858911725670177,0.0008155689849246019,0.008041368310635653
2021-02-12,2021,1999,0,0,41,8,-0.5939466508700646,-0.0014848666271751615,-0.001974574004704241,0.16715933203249686,0.0005792034608494756,0.04625736629925857
2021-02-15,2021,1999,0,0,42,12,-0.49749449677485263,-0.0012437362419371316,0.026893579828148453,0.16234295403033927,0.0006549765209759293,0.0074654592407911525
2021-02-16,2021,1999,0,0,42,6,-0.2842948905652616,-0.000710737226413154,0.003829180215807309,0.16619180189172142,0.0007628535944017362,0.01576800379214536
2021-02-17,2021,2000,0,0,40,0,-0.3372417847268825,-0.0008431044618172062,-7.467237177978074e-05,0.1668422926445714,0.0005486679872836829,0.02190369334844708
2021-02-18,2021,2000,0,0,41,1,-2.1614759574906595,-0.005403689893726649,-0.15686426632704553,0.19300087587565667,0.000605274763961957,0.02458682801914573
2021-02-19,2021,2000,0,0,42,0,-1.7033672829947872,-0.0042584182074869685,-0.1775850070952214,0.19645925138657372,0.0009575920771151852,0.020006167410048396
2021-02-22,2021,2000,0,0,42,1,-0.8841948132140008,-0.002210487033035002,-0.04020134221930386,0.17353499160785998,0.0004966116461248272,0.1158071473790602
2021-02-24,2021,2000,0,0,42,8,0.01034065455732236,2.58516363933059e-05,-0.012212684578978573,0.16887031603595692,0.00079479621649444,0.012495124933490582
2021-02-25,2021,2000,0,0,42,3,-0.9461297953432215,-0.002365324488358054,-0.11058303902984132,0.18528207369067223,0.0008589485335254047,0.014491524128271536
2021-02-26,2021,2000,0,0,42,19,-0.14749346681224718,-0.00036873366703061796,-0.06246821862064603,0.17724739007823073,0.00038207819791824657,0.08695910253781275
2021-03-01,2021,2000,0,0,41,11,0.2652707185276372,0.0006631767963190929,0.08065384268970226,0.15337514461332716,0.00040908489968730766,0.017598312298784943
2021-03-02,2021,2000,0,0,41,10,0.012313802366553439,3.07845059163836e-05,-0.005677724698245822,0.16777420813958752,0.0003772534159047962,0.02596981548061187
2021-03-03,2021,2000,0,0,41,7,0.7170412012102774,0.0017926030030256934,0.1005664999604888,0.15005144343056973,0.000330033599724042,0.029534914217557984
2021-03-04,2021,2000,0,0,41,5,1.8214536684673968,0.004553634171168492,0.20910844590325073,0.13194392950602363,0.00037749921783281537,0.09310710724265794
2021-03-05,2021,2000,0,0,38,5,0.9629079031534307,0.0024072697578835767,0.11803461259172861,0.14714021342837502,0.0006641827121575333,0.01611734448945313
2021-03-08,2021,2000,0,0,38,5,-1.3929220330808505,-0.003482305082702126,-0.13480282242650324,0.1893176247953892,0.00033535420446667385,0.007598940448542946
2021-03-09,2021,2000,0,0,38,1,-1.7219880732828334,-0.004304970183207083,-0.10611197114469922,0.18453441015154903,0.0004075094090208873,0.05189750242227392
2021-03-10,2021,2000,0,0,38,3,2.4044829726693546,0.0060112074316733865,0.12309727102163066,0.1462932613129977,0.00045185555084998827,0.01958943865465461
2021-03-11,2021,2000,0,0,37,9,-0.47457257634749395,-0.001186431440868735,-0.056617926360005295,0.17627810090638116,0.0005765137844272542,0.07885748866644585
2021-03-12,2021,2000,0,0,37,5,1.0436471968974275,0.0026091179922435688,0.16837116942512728,0.13874232326268185,0.0004328469000574069,0.0128436389683566
2021-03-15,2021,2000,0,0,37,16,-0.33349506615118263,-0.0008337376653779566,-0.050040719085722295,0.1751744109298271,0.0003777613031068777,0.06405355386307117
2021-03-16,2021,2000,0,0,34,19,-0.55346075549471,-0.001383651888736775,-0.0329393135022098,0.1723226319888308,0.00032134731359620243,0.05487767924987935
2021-03-17,2021,2000,0,0,35,12,1.2068841186267611,0.0030172102965669028,0.12348812550526572,0.14622846465754138,0.0003779167323028534,0.12407948393262809
2021-03-18,2021,2000,0,0,35,11,-0.43870454816614735,-0.0010967613704153684,-0.05178002181550607,0.1754679580911016,0.00046577106793663475,0.04510975318526372
2021-03-19,2021,2000,0,0,33,5,0.3505825971167189,0.0008764564927917972,-0.016324792570287044,0.1695549695182759,0.0006644420151821939,0.011128596646043053
2021-03-22,2021,2000,0,0,30,9,0.37459593209187236,0.0009364898302296809,0.016960147449838568,0.16400361248658346,0.0010999513493585478,0.016437834576797965
2021-03-23,2021,2000,0,0,30,14,-0.5702992326329448,-0.001425748081582362,-0.13226518163233672,0.1888979995875877,0.000508607440494628,0.04265718828962106
2021-03-24,2021,2000,0,0,29,1,1.0987610944891189,0.002746902736222797,0.15050498673549892,0.1417232872314096,0.0005469340805860103,0.06216810667486114
2021-03-25,2021,2000,0,0,30,2,-0.6261569040128034,-0.0015653922600320086,-0.10611735750684746,0.1845356156067028,0.0004448600944727317,0.03749203625776526
2021-03-26,2021,2000,0,0,29,3,-1.7621248855252163,-0.004405312213813041,-0.07807051062153092,0.17985650704291617,0.0007519082269806806,0.024883060208530625
2021-03-29,2021,2000,0,0,29,4,0.5155129717909166,0.0012887824294772914,0.014362808877784636,0.16443655863699735,0.0006231776954600946,0.028186297649697274
2021-03-30,2021,2000,0,0,29,3,1.8931999208485464,0.004732999802121366,0.15436803655557332,0.1410779463643778,0.0004305302396185316,0.06405257935558904
2021-03-31,2021,2000,0,0,29,1,0.31824146435597156,0.0007956036608899289,0.03994222718967816,0.1601654911372645,0.0003457702107750721,0.035356665273857515
2021-04-01,2021,2000,0,0,29,0,0.23672332181309863,0.0005918083045327466,0.06247245280583541,0.1564088078931912,0.000320338828684492,0.02543752166804249
2021-04-02,2021,2000,0,0,29,0,-0.5783580112724156,-0.001445895028181039,-0.03355446082054617,0.17243072480462343,0.0005134366041941865,0.06490570082372514
2021-04-05,2021,2000,0,0,30,1,-0.5938583055279678,-0.0014846457638199196,-0.005222913096613144,0.1677036078694675,0.0003366082848049627,0.034656460177954124
2021-04-06,2021,2000,0,0,29,1,-0.8525029588378081,-0.00213125739709452,-0.0711453454626803,0.17870226715408727,0.000568113754751751,0.025341722386613655
2021-04-07,2021,2000,0,0,29,6,0.19348702667618023,0.0004837175666904506,-0.012952365936190974,0.16898373680336917,0.00024717370775667694,0.01299442422366873
2021-04-08,2021,2000,0,0,28,6,-3.0427505861966364,-0.007606876465491591,-0.26290493513283864,0.210689823964008,0.0004899961266674111,0.033592782339905224
2021-04-09,2021,2000,0,0,27,5,-0.1315985509888583,-0.0003289963774721458,-0.009048793375965772,0.16833563755364422,0.00029969378372602697,0.032537083704944667
2021-04-12,2021,2000,0,0,29,3,0.2757635785791999,0.0006894089464479998,0.05989150838720724,0.15683784770073883,0.0003025022350210592,0.02355080720013125
2021-04-13,2021,2000,0,0,29,3,0.46762371070809916,0.0011690592767702478,0.03755696412771274,0.16056406354753164,0.00034163915754704797,0.006354341094397384
2021-04-14,2021,2000,0,0,29,7,0.8760628299399886,0.0021901570748499716,0.02031202258301137,0.16342994965466726,0.00026047012417608115,0.01428144276691585
2021-04-15,2021,2000,0,0,30,1,-1.1277014107900745,-0.002819253526975186,-0.08720016552727347,0.18137593415266914,0.00034652793860439355,0.018458942072940528
2021-04-16,2021,2000,0,0,29,3,0.20925648254675355,0.0005231412063668838,0.02487561837575804,0.16268276884815594,0.0004081662045664793,0.01502258579397535
2021-04-19,2021,2000,0,0,29,4,-2.076826086195479,-0.005192065215488697,-0.12381505070732136,0.1874895491767895,0.0007370722801635826,0.00528481733803146
2021-04-20,2021,2000,0,0,28,4,0.1880516353724504,0.000470129088431126,0.0031483235778119703,0.16630580510365237,0.0005260322898166112,0.017092224649536785
2021-04-21,2021,2000,0,0,29,5,0.3137895705084939,0.0007844739262712347,0.0322778557600719,0.16144127084803034,0.00031909976821850394,0.044662779716995823
2021-04-22,2021,2000,0,0,29,1,0.8750791183447001,0.0021876977958617504,0.0478147382117962,0.15885245505444068,0.00034048011243901165,0.03275224657717324
2021-04-23,2021,2000,0,0,29,9,-1.06219876608501,-0.0026554969152125254,-0.08257682269341891,0.18060376054710695,0.0003078689145615021,0.02872746067998915
2021-04-26,2021,2000,0,0,29,11,-0.5307231175768751,-0.0013268077939421878,-0.018584797440428645,0.16993063727962032,0.00036672586370656984,0.02530870452563088
2021-04-27,2021,2000,0,0,29,7,-0.31416787544497915,-0.0007854196886124479,-0.03263618032012472,0.17227249661599184,0.000510174607708912,0.1837799423613696
2021-04-28,2021,1999,0,0,30,4,-1.1112579455209106,-0.0027781448638022764,-0.06436611961489233,0.17757061041109223,0.000708963783806406,0.018807254926272228
2021-04-30,2021,1999,0,0,30,4,-0.9423470643961387,-0.002355867660990347,-0.0746893385491647,0.1792922080252933,0.0005765519019696521,0.009930955673892553
2021-05-06,2021,1999,0,0,30,3,0.09650992561477656,0.0002412748140369414,-0.02323788445763365,0.17070355613106716,0.0005643453030575556,0.01354205693260982
2021-05-07,2021,1999,0,0,31,3,-2.078676854644995,-0.005196692136612487,-0.11774146554274462,0.18647629594300374,0.0009481459060589466,0.3355889473872234
2021-05-10,2021,1999,0,0,31,2,-0.42838877238426853,-0.0010709719309606714,-0.008332849276732909,0.16822273478811206,0.0009153477154122418,0.01776992892892112
2021-05-11,2021,1999,0,0,32,4,-0.055714785874443784,-0.00013928696468610947,-0.038801946768769933,0.17330615623994045,0.0009816896181976298,0.01502090080241404
2021-05-12,2021,1999,0,0,31,7,0.50604101194534,0.00126510252986335,0.0870647083996053,0.1523072578562786,0.001082069307668008,0.045928316994302956
2021-05-13,2021,1999,0,0,33,4,1.5855604893044095,0.003963901223261024,0.1316997257941948,0.1448601440247038,0.0010377339803091773,0.027016023428934218
2021-05-14,2021,1999,0,0,33,2,-0.6743172440004095,-0.0016857931100010238,0.0026693074697850573,0.1663873372767109,0.0007139764900118244,0.0477715680535377
2021-05-17,2021,1999,0,0,33,5,0.03498795480792413,8.746988701981033e-05,0.008269413017790224,0.16545152994202095,0.00037045368442416434,0.06711072650652984
2021-05-18,2021,1999,0,0,33,2,0.016293317854275458,4.073329463568864e-05,0.020996428205599563,0.16332385720195244,0.0004337219350478685,0.011104280931687107
2021-05-19,2021,1999,0,0,33,2,0.3371675228807738,0.0008429188072019344,0.014068396601239779,0.1644773072081446,0.00030826658166093347,0.008774217198582365
2021-05-20,2021,1999,0,0,33,1,-1.4383855496104332,-0.003595963874026083,-0.1372901708874427,0.18973419329722355,0.0003533239543052008,0.016654009633654432
2021-05-21,2021,1999,0,0,33,1,0.09538483016701188,0.0002384620754175297,-0.006691316731381821,0.16794681065448833,0.00032443573967145444,0.04256594250987298
2021-05-24,2021,1999,0,0,33,6,-0.09844299767226561,-0.000246107494180664,-0.0002676527401121815,0.16687150685756594,0.00033787921772047465,0.061505622556258376
2021-05-25,2021,1999,0,0,32,4,0.6880507712948071,0.0017201269282370176,0.05922371622412027,0.15695176609016914,0.00040070045041357155,0.02263384728504225
2021-05-26,2021,1999,0,0,32,10,-0.7418313762544648,-0.001854578440636162,-0.05030661717198582,0.17522511035076876,0.0006305289903006886,0.031928872759956616
2021-05-27,2021,1999,0,0,32,1,-0.7727175794443033,-0.0019317939486107583,-0.07825207913970843,0.17988658352559023,0.0004217463810516137,0.016517220606968773
2021-05-28,2021,1999,0,0,33,0,-0.3651598100075734,-0.0009128995250189335,-0.0117269340756266,0.16878298278789564,0.0002657402556742755,0.013195276879967764
2021-05-31,2021,1999,0,0,32,12,-0.941702774947845,-0.002354256937369613,-0.09747561882197402,0.18309025636444348,0.00039794346632851004,0.04930395518110273
2021-06-01,2021,1999,0,0,33,2,0.48606271933466005,0.00121515679833665,0.018308455040530237,0.16377051890059896,0.0003188327473418419,0.014340229222957702
2021-06-02,2021,1999,0,0,32,2,1.508262267815595,0.0037706556695389875,0.08855912259693742,0.15205192954603194,0.00030490369015423045,0.013329321525588885
2021-06-03,2021,1999,0,0,32,7,-0.5386838149835589,-0.0013467095374588972,-0.08290123968862431,0.18065725553966672,0.00030660467749992225,0.020737070238756816
2021-06-04,2021,1999,0,0,30,1,-0.9243363644080493,-0.0023108409110201233,-0.09604813941223034,0.18285146053985427,0.00031620701850293507,0.010898036452410989
2021-06-07,2021,1999,0,0,31,5,0.5499802318371048,0.0013749505795927618,0.01620120091613877,0.1641235918144142,0.0002975005376407459,0.006303816741597925
2021-06-08,2021,1999,0,0,31,2,0.9800706635897765,0.002450176658974441,0.06351781187031764,0.1562252751278821,0.00026670611794587113,0.00664943278005575
2021-06-09,2021,1999,0,0,30,2,0.21856381631399113,0.0005464095407849779,0.03719552243481629,0.16061704946988428,0.00031590306027734277,0.011530022828277815
2021-06-10,2021,1999,0,0,30,2,-0.00656777931292285,-1.6419448282307125e-05,-0.008284914056184728,0.16820695117313397,0.0003467656592364193,0.015512088253102359
2021-06-11,2021,1999,0,0,30,0,-0.3138307365150327,-0.0007845768412875817,0.008255859404879147,0.16544578496606813,0.0003353813081592342,0.05820979292267207
2021-06-14,2021,1999,0,0,30,1,-0.4717292961355172,-0.0011793232403387928,0.0009688407381531981,0.16666545401245583,0.00030695214125493823,0.005954742934940941
2021-06-15,2021,1999,0,0,30,4,-0.48262380590627046,-0.0012065595147656761,-0.07067297326770458,0.1786167515471732,0.00029980761386580023,0.007897938450855712
2021-06-16,2021,1999,0,0,31,5,0.01142791527286069,2.8569788182151724e-05,0.017021558909320354,0.16399064308341768,0.00046771991023402147,0.04242588057733429
2021-06-17,2021,1999,0,0,33,4,0.634398632463554,0.001585996581158885,0.014458117544620983,0.16442119284694226,0.0006559378590326984,0.014070462513678387
2021-06-18,2021,1999,0,0,32,11,1.9066960680681637,0.004766740170170409,0.15947274951479468,0.1402279238614198,0.0008577402612466711,0.010272486834817091
2021-06-21,2021,1999,0,0,32,11,-1.0519914934454682,-0.0026299787336136705,-0.10354676826988396,0.18409987965392544,0.0003142755190776649,0.01394009183359275
2021-06-22,2021,1999,0,0,33,10,0.11572256148171861,0.0002893064037042965,0.033471887829664995,0.16124328192386744,0.00034504767539821144,0.31649408021724734
2021-06-23,2021,1999,0,0,34,13,0.01853210076755718,4.633025191889295e-05,-0.016987364975618705,0.16966325132413934,0.0003468304820610168,0.07568705471158793
2021-06-24,2021,1999,0,0,34,6,0.8123207278256556,0.002030801819564139,0.021088955017831663,0.16330991606448403,0.00030315506073082797,0.029116510187623432
2021-06-25,2021,1999,0,0,35,12,-0.1727301200795277,-0.00043182530019881925,-0.0524404836319286,0.17557970443947968,0.0003681285907561624,0.04835133915296842
2021-06-28,2021,1999,0,0,34,5,-0.03715997316206665,-9.289993290516663e-05,-0.02171259450644757,0.1704504203602852,0.00034373418789926684,0.023875127988180082
2021-06-29,2021,1999,0,0,34,7,1.3077714038559916,0.003269428509639979,0.16425317487011434,0.13942183738199113,0.0003512167391935168,0.011452344893503446
2021-06-30,2021,1999,0,0,34,12,0.37161119364560813,0.0009290279841140203,0.08266167764506643,0.15304058408055352,0.00036432411838851125,0.193114066769777
2021-07-01,2021,1999,0,0,34,5,-0.9455819578628175,-0.002363954894657044,-0.08074365218527502,0.18029928583115587,0.0002379166050422053,0.022931884069608877
2021-07-02,2021,1999,0,0,34,7,-0.26839748155256715,-0.0006709937038814179,-0.08273067399148205,0.18061716564509003,0.0002370321181357543,0.007371271505493353
2021-07-05,2021,1999,0,0,34,3,0.7020206013097663,0.0017550515032744157,0.0946929657921373,0.15103420552090832,0.0002564108558321358,0.010891034040961057
2021-07-06,2021,1999,0,0,35,0,0.6413770128681904,0.001603442532170476,-0.04780891667121702,0.17480725818083936,0.00035172548764410256,0.02744947034549186
2021-07-07,2021,1999,0,0,35,3,-0.5953348896035282,-0.0014883372240088206,-0.02486592888939661,0.17097249506566028,0.0002633781035501734,0.016918309394196272
2021-07-08,2021,1999,0,0,35,11,0.1075916777171475,0.00026897919429286877,0.040023021820854106,0.1601560436270584,0.0006906382771814326,0.01209569865644524
2021-07-09,2021,1999,0,0,35,25,1.004479790110339,0.0025111994752758477,0.1048876244349725,0.14933178593844013,0.0003608710290590661,0.029242935713981223
2021-07-12,2021,1999,0,0,35,7,0.027591106172721994,6.897776543180499e-05,-0.032118411736641456,0.17218114521182973,0.0003109046042481414,0.04465373592116141
2021-07-13,2021,1999,0,0,34,12,-0.038288178633620884,-9.572044658405221e-05,0.0056027992412456635,0.1658966276713714,0.0003728342116606066,0.019239620791061864
2021-07-14,2021,1999,0,0,34,9,0.9170387391425424,0.002292596847856356,0.046298281245123904,0.1590964949990559,0.00026636548147908096,0.015218606322025893
2021-07-15,2021,1999,0,0,35,5,-1.0599947526091786,-0.0026499868815229467,-0.051388132803202945,0.1754055382472444,0.00040197540192808245,0.026316587673212443
2021-07-16,2021,1999,0,0,33,5,0.18052351752947682,0.00045130879382369204,0.007375037087712685,0.16559983121116542,0.0002795862103317997,0.013479016375783082
2021-07-19,2021,1999,0,0,34,6,0.4516960486469792,0.001129240121617448,0.056133915326484186,0.15746464137789432,0.0003169310236165733,0.03376458702997469
2021-07-20,2021,1999,0,0,36,8,0.3037013301249192,0.0007592533253122979,0.04584863017723691,0.15918246149340173,0.0004998106635669703,0.02790139605759645
2021-07-21,2021,1999,0,0,35,7,-0.38613811585256697,-0.0009653452896314174,0.057900135934858384,0.15717111095124175,0.00033590250132594285,0.012941647598984678
2021-07-26,2021,1999,0,0,36,3,-1.2266482421370006,-0.0030666206053425018,-0.12979520045094686,0.18848270470308967,0.00039447431663409787,0.016306371898872386
2021-07-27,2021,1999,0,0,36,8,1.6768777548006404,0.004192194387001601,0.12761038130983782,0.14553981089538656,0.0003702893170197053,0.01691818946642429
2021-07-28,2021,1999,0,0,36,5,-2.1020262702774684,-0.005255065675693671,-0.16112918091998796,0.19371433970494012,0.0006961313488487264,0.026327604599076213
2021-07-29,2021,1999,0,0,37,6,-0.14036165877273898,-0.00035090414693184747,-0.017806219823204832,0.16980353763441253,0.0008938545254757593,0.018763230625707242
2021-07-30,2021,1999,0,0,37,8,0.11979320355612044,0.0002994830088903011,-0.009605934922730158,0.16843198580976879,0.0003327777224993927,0.03134727845465227
2021-08-02,2021,1999,0,0,37,2,0.8022254229954726,0.0020055635574886817,0.08730419869166517,0.15226595950547767,0.0004078376801012063,0.008185920115236616
2021-08-03,2021,1999,0,0,39,1,0.29327394327122824,0.0007331848581780706,0.020343981160976934,0.1634331559803555,0.00044464421527300635,0.012346710732965352
2021-08-04,2021,1999,0,0,39,2,0.19868661229010665,0.0004967165307252666,-0.039479051919040414,0.17341457325319376,0.000571475885840763,0.0236556810159012
2021-08-05,2021,1999,0,0,39,2,-0.8615947486598313,-0.002153986871649578,-0.09453633690421977,0.18260246479836756,0.0008453671037976307,0.015524081539144346
2021-08-06,2021,1999,0,0,39,4,1.3413612272805635,0.003353403068201409,-0.012587723879495315,0.16893090523574433,0.0006640098260442715,0.009886011678976132
2021-08-10,2021,1999,0,0,39,4,-0.7993341608720623,-0.001998335402180156,0.013496982386549436,0.16457319185303546,0.0005534872920694676,0.014847978579940973
2021-08-11,2021,1999,0,0,40,7,-0.2041119613394458,-0.0005102799033486145,-0.004610310628453602,0.16759448210008324,0.0006640701908376693,0.14610887423912808
2021-08-12,2021,1999,0,0,40,8,0.6796762059430712,0.001699190514857678,-0.021220190591502097,0.17037269420029869,0.0008751146984531066,0.04138762029208726
2021-08-13,2021,1999,0,0,40,9,0.8643605469800144,0.002160901367450036,-0.02831256236449601,0.17155207817706236,0.0005504967191699106,0.019550942907271874
2021-08-16,2021,1999,0,0,39,9,0.7727471515317788,0.0019318678788294468,0.08718343848685345,0.15228587876379487,0.00042585050556821476,0.03279654290589709
2021-08-17,2021,1999,0,0,40,13,-0.9475715288745614,-0.0023689288221864033,-0.09638785810994314,0.18291186674709015,0.0005294693418225704,0.019879217943705906
2021-08-18,2021,1999,0,0,40,4,-1.3274757767412881,-0.0033186894418532203,-0.18580856226534906,0.19782869555541177,0.0005191187786885959,0.03271691175516215
2021-08-19,2021,1999,0,0,41,4,-0.5032627727887791,-0.0012581569319719476,-0.035388497998614196,0.17273558213303614,0.0007280561514262689,0.009692564538705865
2021-08-20,2021,1999,0,0,41,1,-1.6232739101767542,-0.0040581847754418855,-0.14077438195124312,0.19031529269631303,0.0005655324599752416,0.010190082701562957
2021-08-23,2021,1999,0,0,41,0,0.7142277981150346,0.0017855694952875864,0.0854955214339325,0.1525601400561403,0.00031203739809240803,0.025076574006835838
2021-08-24,2021,1999,0,0,41,4,-0.7569802934142291,-0.0018924507335355727,-0.028024256078283252,0.17150181067130782,0.0003297387583765933,0.013709709850613101
2021-08-25,2021,1999,0,0,41,8,-0.014167542905103803,-3.541885726275951e-05,-0.012811421036421588,0.1689589727859989,0.0002528306518181117,0.05637629487915399
2021-08-26,2021,1999,0,0,40,3,0.5426840958174735,0.0013567102395436836,5.3460308612111445e-05,0.16682334711700997,0.00042610199083460384,0.04437389156602665
2021-08-27,2021,1999,0,0,40,4,0.1530310813264802,0.00038257770331620046,0.04038260285510668,0.16009038498674205,0.00033753401864386365,0.00679172836369062
2021-08-30,2021,1999,0,0,40,6,-0.44101841952813814,-0.0011025460488203454,-0.0344892141318323,0.17257983620462908,0.00031781000872348723,0.0236480618242386
2021-08-31,2021,1999,0,0,41,8,-0.6999340078780039,-0.0017498350196950097,0.01882507375492903,0.16368719281449418,0.0003657137334529773,0.040680035457369985
2021-09-01,2021,1999,0,0,42,6,-0.2750427191686622,-0.0006876067979216555,-0.00752457152140117,0.168086335562779,0.000512535458088806,0.02494813425004383
2021-09-02,2021,1999,0,0,42,8,-0.004013033252880938,-1.0032583132202344e-05,0.020091111145894253,0.1634748862225213,0.00041568677266373835,0.010112881254075518
2021-09-03,2021,1999,0,0,43,8,-0.49435373913659064,-0.0012358843478414766,0.006433540329035736,0.16575401642841517,0.00036381207397429916,0.0945265078424114
2021-09-06,2021,1999,0,0,43,20,0.1048908562578088,0.00026222714064452204,0.0013854997867452726,0.1665942261477141,0.00026854268831125676,0.05292449026795605
2021-09-07,2021,1999,0,0,45,15,0.18429042468199058,0.0004607260617049765,0.015305376418658501,0.16427203694291942,0.0003740319665377765,0.012704533781528329
2021-09-08,2021,1999,0,0,45,18,1.2764232407798328,0.003191058101949582,0.1264579760264746,0.14573492466467983,0.0004907261311046176,0.0129383473792119
2021-09-09,2021,1999,0,0,44,9,-0.4776560872473312,-0.001194140218118328,-0.039633917388083965,0.17344020114668451,0.0004075145042894634,0.038548928549739486
2021-09-10,2021,1999,0,0,45,21,0.6438592740996334,0.0016096481852490834,0.06899222117514019,0.15531994536367846,0.00031762092389529963,0.06759207832021316
2021-09-13,2021,1999,0,0,46,30,-0.3829254481293569,-0.0009573136203233923,-0.03317781202335664,0.17236723387390063,0.0007935793280896432,0.014274255733679327
2021-09-14,2021,1999,0,0,45,25,1.2461057095088077,0.0031152642737720193,0.18584574694002598,0.13582158075162834,0.0006066888861250866,0.020704428618944674
2021-09-15,2021,1999,0,0,45,12,-0.29523770291402185,-0.0007380942572850546,-0.011589381974839793,0.16875954580480015,0.00041626344784462087,0.030955376716235303
2021-09-16,2021,1999,0,0,46,10,0.8054009296936386,0.0020135023242340965,0.07498152588463139,0.1543237995534464,0.0006724142334056712,0.023248461193436213
2021-09-17,2021,1999,0,0,47,7,-0.6075208811312622,-0.0015188022028281556,-0.077509051017639,0.1797634271935111,0.0005675482727554701,0.029022710974943272
2021-09-21,2021,1999,0,0,45,4,-0.1510807717040823,-0.0003777019292602057,-0.028001316667556213,0.1715048373569701,0.0010747130086980032,0.08223168481966657
2021-09-22,2021,1999,0,0,45,2,0.6705761667751801,0.00167644041693795,0.09448687584520495,0.15106732230916195,0.00037866359780270084,0.03516688389883677
2021-09-24,2021,1999,0,0,46,3,1.0222932964396692,0.002555733241099173,0.056189091504198846,0.1574540363866208,0.0005869839794785135,0.11278314785544431
2021-09-27,2021,1999,0,0,46,7,1.2347862715140387,0.003086965678785097,0.13627451905317436,0.14409751792181746,0.0006407196371724996,0.01171134137518991
2021-09-28,2021,1999,0,0,46,6,1.5226352085967265,0.003806588021491816,0.057625921907951905,0.1572152417525054,0.0004319331464312811,0.06905078483152019
2021-09-29,2021,1999,0,0,46,3,0.09027733625346279,0.00022569334063365698,0.07324835183030057,0.15461312416146192,0.0006683285924211986,0.0151100924321062
2021-09-30,2021,1998,0,0,46,1,-2.2976095841368673,-0.005744023960342169,-0.1644669215558819,0.19426980919488834,0.0005577810446946866,0.013310965607777668
2021-10-01,2021,1998,0,0,46,8,-0.3335026199950373,-0.0008337565499875932,-0.003966718739618735,0.16749463550956475,0.0003902084691804587,0.06281576183076913
2021-10-04,2021,1998,0,0,46,9,-0.44593225422281435,-0.0011148306355570359,0.05085069596989971,0.15834671539761475,0.0004359825024898216,0.04489498609798466
2021-10-05,2021,1998,0,0,45,28,-2.6400064490594226,-0.0066000161226485565,-0.12679559262984286,0.18798363561383152,0.0004460944554749403,0.025220805091922684
2021-10-06,2021,1998,0,0,45,1,-1.4749785540531444,-0.003687446385132861,-0.05309989182168679,0.17568864611436477,0.0005015582990919015,0.042608642297397845
2021-10-07,2021,1998,0,0,47,3,-1.1436061738950887,-0.002859015434737722,-0.06707306964209428,0.17802213858867696,0.0004675267416521401,0.029148016705531212
2021-10-08,2021,1998,0,0,47,2,-0.3452930661640945,-0.0008632326654102363,-0.038413642151488375,0.17324045500994198,0.0005066724872480686,0.03699283922683101
2021-10-11,2021,1998,0,0,46,1,-0.7389683070705979,-0.0018474207676764949,-0.06480567928333422,0.17764045372721782,0.0004530158833147988,0.024527193489924465
2021-10-12,2021,1998,0,0,48,10,-0.6248291200274791,-0.0015620728000686978,-0.04846157774184958,0.17491359202780865,0.0003842579500064456,0.013181432622633979
2021-10-13,2021,1998,0,0,47,10,0.5731279167237622,0.0014328197918094055,0.0004477781243937689,0.16675859125763326,0.0009728338101806502,0.010330562311012268
2021-10-14,2021,1998,0,0,49,4,-0.16194758554333044,-0.0004048689638583261,0.0362610532007192,0.16077905022262973,0.0004320528657963038,0.03966825286123832
2021-10-15,2021,1998,0,0,48,2,0.5783858938713229,0.0014459647346783072,-0.0014713728948204067,0.16707141924042138,0.0003870664705328129,0.029327068265352096
2021-10-18,2021,1998,0,0,48,6,0.8922733943345057,0.0022306834858362642,0.13356170329542685,0.14454051228667336,0.00030619971339916293,0.01383127923975096
2021-10-19,2021,1998,0,0,48,8,-0.23708329053639066,-0.0005927082263409766,0.036462447318480994,0.16074724818135377,0.0004015014485743062,0.02140181043739712
2021-10-20,2021,1998,0,0,48,8,-0.8281278740459459,-0.0020703196851148647,-0.08404084549372386,0.18084374263529074,0.00026758301464830417,0.013598358290250226
2021-10-21,2021,1998,0,0,49,10,-0.7358661424317302,-0.0018396653560793256,-0.059944808627160666,0.17682683056676698,0.00028265647768881347,0.029345949739170603
2021-10-22,2021,1998,0,0,48,9,-0.007335235171407994,-1.8338087928519988e-05,-0.021594974405906322,0.17043001311586212,0.00035403756237302773,0.014913553629054587
2021-10-25,2021,1998,0,0,48,15,0.5334921632255716,0.001333730408063929,0.03671115295923618,0.16070295392427061,0.0002826616565386429,0.01532781354924661
2021-10-26,2021,1998,0,0,48,5,0.39452719284001975,0.0009863179821000493,0.05304791738927695,0.15797753712186705,0.0004458964104390698,0.01905930128814355
2021-10-27,2021,1998,0,0,48,8,0.2379987971688719,0.0005949969929221798,-0.009993965458434834,0.1684897005478654,0.00043831382982809655,0.016388056222513735
2021-10-28,2021,1998,0,0,47,11,0.19049564420184417,0.00047623911050461045,0.04650890526197011,0.15907386668686355,0.0009162826336206726,0.008527646394738221
2021-10-29,2021,1998,0,0,47,6,-0.3201518842645601,-0.0008003797106614002,-0.053768931669542566,0.17580240116259968,0.0004594775525415567,0.006853599868589111
2021-11-01,2021,1998,0,0,46,12,0.7760132512670075,0.0019400331281675188,0.0025830426824096113,0.16639977619284585,0.0007787634126062135,0.06792283207152192
2021-11-02,2021,1997,0,0,46,8,-0.6198007030475545,-0.0015495017576188862,0.012852839927153102,0.16468666634887533,0.0007311216413173283,0.04552701063887219
2021-11-04,2021,1997,0,0,46,3,0.99296061307797,0.002482401532694925,0.027729970113102027,0.16220019209027675,0.0007037916224462615,0.04054675382603328
2021-11-05,2021,1997,0,0,46,3,-0.6386539432546743,-0.0015966348581366856,-0.02246284416419512,0.1705790210364643,0.0005592878213404483,0.008057635666630257
2021-11-08,2021,1996,0,0,46,4,-0.2528006080973987,-0.0006320015202434967,-0.053627827392309306,0.17577543501648932,0.000647200351088386,0.005903554014126309
2021-11-09,2021,1996,0,0,46,10,1.4621839982706795,0.003655459995676699,0.057124028971514425,0.15729607801352796,0.0006160799265491259,0.00777819071748783
2021-11-10,2021,1996,0,0,46,10,1.6258136133031345,0.0040645340332578364,0.008760736088529621,0.16537033118000752,0.001007351368756161,0.005498393785956806
2021-11-11,2021,1996,0,0,46,4,1.7724633493329893,0.004431158373332474,0.08485459865521087,0.15267308550682185,0.0009945639616629424,0.007871405016189284
2021-11-12,2021,1996,0,0,46,1,1.269845131933073,0.0031746128298326824,0.041809560677408035,0.15985254508489344,0.0005716939927981028,0.018589273940374875
2021-11-15,2021,1996,0,0,46,6,1.4851964768734702,0.0037129911921836758,0.0036424296567215317,0.16622357559888337,0.0005687935584877295,0.03095379766816104
2021-11-16,2021,1996,0,0,45,5,-0.4465360868869269,-0.0011163402172173172,-0.048333398271379543,0.17489039403799275,0.00037531465783313656,0.027173879018429176
2021-11-17,2021,1997,0,0,45,6,2.4239807848980717,0.006059951962245179,0.07912185927006433,0.15362889631252918,0.00036868358007379083,0.04313685333652324
2021-11-18,2021,1997,0,0,45,7,1.3625843099212047,0.0034064607748030117,0.04295560424818821,0.15966148997543406,0.0003519716232013693,0.010012554141082366
2021-11-19,2021,1997,0,0,45,6,-1.3745045680552848,-0.003436261420138212,-0.09597939836605913,0.18284037909075052,0.0005653295895337833,0.05319384351437824
2021-11-22,2021,1997,0,0,45,6,-1.004334554572036,-0.00251083638643009,-0.08689466740022232,0.18132434228961605,0.00030341695750610764,0.01650782946961519
2021-11-24,2021,1997,0,0,47,8,-0.43155026712609423,-0.0010788756678152356,-0.053672857665268844,0.17578770229029994,0.0005243350997776309,0.010450326223946423
2021-11-25,2021,1997,0,0,48,10,0.4067600577874071,0.0010169001444685177,0.00589308186186127,0.16585033238238125,0.0009130529206559535,0.012761606205324369
2021-11-26,2021,1997,0,0,47,3,-0.16521064056847612,-0.0004130266014211903,0.024438150510151885,0.16275348297304293,0.0004673626792478237,0.044604651667874314
2021-11-29,2021,1997,0,0,46,11,-2.4493414215371616,-0.006123353553842904,-0.1261917426946934,0.18788512521473968,0.0007720062722698591,0.027624249818928
2021-11-30,2021,1996,0,0,46,0,2.0753626999373656,0.0051884067498434135,0.1404302880749595,0.1434025229748572,0.0005281595551366499,0.03750638114051122
2021-12-01,2021,1996,0,0,46,5,0.07462460697599482,0.00018656151743998706,-0.018768150777970505,0.16996471608552122,0.0013170672285708366,0.03090008327568852
