Date,SignalDate,ExitDate,TrainingStocks,ThresholdSkippedStocks,LearningRate,MSEBeforeStep,MSEAfterStep,Gradient_EPSActualQoQ
2017-01-06,2017-01-04,2017-01-06,1864,0,0.5,0.0002694848991956236,0.0002694848991956236,0.0
2017-01-10,2017-01-05,2017-01-10,1864,0,0.4056090149604774,0.0003287857842434197,0.0003287857842434197,0.0
2017-01-11,2017-01-06,2017-01-11,1864,0,0.2786011839438853,0.0003149626188287575,0.0003149626188287575,0.0
2017-01-12,2017-01-10,2017-01-12,1864,0,0.3573483847457755,0.0003315033489472448,0.0003315033489472448,0.0
2017-01-13,2017-01-11,2017-01-13,1864,0,0.026215716413041636,0.0002461863581214781,0.0002461863581214781,0.0
2017-01-16,2017-01-12,2017-01-16,1864,0,0.26907250558924994,0.00034484548708397166,0.00034484548708397166,0.0
2017-01-17,2017-01-13,2017-01-17,1864,0,0.3151025750156036,0.00027033800588281405,0.00027033800588281405,0.0
2017-01-18,2017-01-16,2017-01-18,1864,0,0.1073553692276259,0.00028231289036728213,0.00028231289036728213,0.0
2017-01-19,2017-01-17,2017-01-19,1864,0,0.10461746390906719,0.0005702231901831696,0.0005702231901831696,0.0
2017-01-20,2017-01-18,2017-01-20,1864,0,0.29454644792905343,0.0002766143749120132,0.0002766143749120132,0.0
2017-01-23,2017-01-19,2017-01-23,1864,0,0.3571699879912454,0.00037050429660441417,0.00037050429660441417,0.0
2017-01-24,2017-01-20,2017-01-24,1864,0,0.16432097979094468,0.0002969935414325053,0.0002969935414325053,0.0
2017-01-25,2017-01-23,2017-01-25,1864,0,0.138384482207781,0.0005044991722511924,0.0005044991722511924,0.0
2017-01-26,2017-01-24,2017-01-26,1864,0,0.38773112032110174,0.0004999409262365278,0.0004999409262365278,0.0
2017-01-27,2017-01-25,2017-01-27,1864,0,0.1623290419376734,0.00023112642144888803,0.00023112642144888803,0.0
2017-01-30,2017-01-26,2017-01-30,1864,0,0.12231520164142798,0.0004020592681243169,0.0004020592681243169,0.0
2017-01-31,2017-01-27,2017-01-31,1864,0,0.23462459299003635,0.0005221590416882289,0.0005221590416882289,0.0
2017-02-01,2017-01-30,2017-02-01,1864,0,0.22838722914344725,0.0004322105340112324,0.0004322105340112324,0.0
2017-02-02,2017-01-31,2017-02-02,1864,0,0.21211379899005167,0.000503641356688179,0.000503641356688179,0.0
2017-02-03,2017-02-01,2017-02-03,1864,0,0.21018274759100408,0.0003598919913850749,0.0003598919913850749,0.0
2017-02-06,2017-02-02,2017-02-06,1864,0,0.25751318730147,0.0005024541178475394,0.0005024541178475394,0.0
2017-02-07,2017-02-03,2017-02-07,1864,0,0.09528347603139962,0.00035499280521045766,0.00035499280521045766,0.0
2017-02-08,2017-02-06,2017-02-08,1864,0,0.08471831349445014,0.0003427429433852802,0.0003427429433852802,0.0
2017-02-09,2017-02-07,2017-02-09,1864,0,0.0457837026923635,0.0003608835648715253,0.0003608835648715253,0.0
2017-02-10,2017-02-08,2017-02-10,1864,0,0.03574153335884895,0.0006228009616401084,0.0006228009616401084,0.0
2017-02-13,2017-02-09,2017-02-13,1864,0,0.0889410458109966,0.0004561323751763211,0.0004561323751763211,0.0
2017-02-14,2017-02-10,2017-02-14,1864,0,0.04903604983555179,0.0004770929380869743,0.0004770929380869743,0.0
2017-02-15,2017-02-13,2017-02-15,1864,0,0.057492684255778415,0.0004558821439381047,0.0004558821439381047,0.0
2017-02-16,2017-02-14,2017-02-16,1864,0,0.05509750701564192,0.00038851695157989636,0.00038851695157989636,0.0
2017-02-17,2017-02-15,2017-02-17,1864,0,0.05970509853229132,0.00022369330666919269,0.00022369330666919269,0.0
2017-02-20,2017-02-16,2017-02-20,1864,0,0.012006188038868807,0.00024017449918571702,0.00024017449918571702,0.0
2017-02-21,2017-02-17,2017-02-21,1864,0,0.14546114909703436,0.0002368805986021841,0.0002368805986021841,0.0
2017-02-22,2017-02-20,2017-02-22,1864,0,0.12869268154359256,0.00027188567818098303,0.00027188567818098303,0.0
2017-02-23,2017-02-21,2017-02-23,1864,0,0.034984201815517306,0.0002109064122965424,0.0002109064122965424,0.0
2017-02-24,2017-02-22,2017-02-24,1864,0,0.1198432913773397,0.0002926598564030031,0.0002926598564030031,0.0
2017-02-27,2017-02-23,2017-02-27,1865,0,0.12082242203690095,0.00033608102850458726,0.00033608102850458726,0.0
2017-02-28,2017-02-24,2017-02-28,1865,0,0.10870869198594418,0.00034624724631856157,0.00034624724631856157,0.0
2017-03-01,2017-02-27,2017-03-01,1865,0,0.14999135473191993,0.00032629494329837347,0.00032629494329837347,0.0
2017-03-02,2017-02-28,2017-03-02,1865,0,0.10715691992314832,0.0002638306139478551,0.0002638306139478551,0.0
2017-03-03,2017-03-01,2017-03-03,1865,0,0.1137706045027777,0.00022740085363432864,0.00022740085363432864,0.0
2017-03-06,2017-03-02,2017-03-06,1865,0,0.08613565994388614,0.00023555311175615695,0.00023555311175615695,0.0
2017-03-07,2017-03-03,2017-03-07,1865,0,0.09852030990035986,0.00022258999910757164,0.00022258999910757164,0.0
2017-03-08,2017-03-06,2017-03-08,1865,0,0.1260971318901765,0.0002483202968221299,0.0002483202968221299,0.0
2017-03-09,2017-03-07,2017-03-09,1866,0,0.02509385708715809,0.0002539816757476662,0.0002539816757476662,0.0
2017-03-10,2017-03-08,2017-03-10,1866,0,0.011717055181898455,0.0002703358490334859,0.0002703358490334859,0.0
2017-03-13,2017-03-09,2017-03-13,1866,0,0.07290912142355876,0.00029834229818077217,0.00029834229818077217,0.0
2017-03-14,2017-03-10,2017-03-14,1866,0,0.0392265638371161,0.00021631024879609968,0.00021631024879609968,0.0
2017-03-15,2017-03-13,2017-03-15,1866,0,0.13702720378013686,0.0002976204965072412,0.0002976204965072412,0.0
2017-03-16,2017-03-14,2017-03-16,1866,0,0.14349528404395406,0.0002535141922034875,0.0002535141922034875,0.0
2017-03-17,2017-03-15,2017-03-17,1865,0,0.17466030898712018,0.0002628715960397463,0.0002628715960397463,0.0
2017-03-21,2017-03-16,2017-03-21,1865,0,0.12348147428568605,0.0002778123578077385,0.0002778123578077385,0.0
2017-03-22,2017-03-17,2017-03-22,1866,0,0.015646255006684914,0.0005036515838689593,0.0005036515838689593,0.0
2017-03-23,2017-03-21,2017-03-23,1868,0,0.10617284625122156,0.00024105733043824407,0.00024105733043824407,0.0
2017-03-24,2017-03-22,2017-03-24,1870,0,0.07455930325483708,0.0002840761731399287,0.0002840761731399287,0.0
2017-03-27,2017-03-23,2017-03-27,1870,0,0.11570778221550675,0.00029244475098270554,0.00029244475098270554,0.0
2017-03-28,2017-03-24,2017-03-28,1871,0,0.16385998733114263,0.0004003330190420985,0.0004003330190420985,0.0
2017-03-29,2017-03-27,2017-03-29,1872,0,0.16723987250855066,0.0004198103518495249,0.0004198103518495249,0.0
2017-03-30,2017-03-28,2017-03-30,1872,0,0.06666892629843323,0.0004031613731425073,0.0004031613731425073,0.0
2017-03-31,2017-03-29,2017-03-31,1873,0,0.11072498141317219,0.0004243870507487271,0.0004243870507487271,0.0
2017-04-03,2017-03-30,2017-04-03,1875,0,0.10886234616533227,0.00034827578124281127,0.00034827578124281127,0.0
2017-04-04,2017-03-31,2017-04-04,1875,0,0.05562444327781731,0.000548836767950404,0.0005488363467293559,-8.702143343344447e-05
2017-04-05,2017-04-03,2017-04-05,1875,0,0.08355216179410928,0.0002242942911115874,0.00022429426467673855,1.778748014003408e-05
2017-04-06,2017-04-04,2017-04-06,1875,0,0.04452505447587226,0.0005002513421655937,0.0005002512207040956,-5.222989588132777e-05
2017-04-07,2017-04-05,2017-04-07,1875,0,0.07600331841632768,0.00033071951144129707,0.0003307195113984477,-7.508593087768714e-07
2017-04-10,2017-04-06,2017-04-10,1875,0,0.045835345597740544,0.0006773119215511987,0.0006773119215067458,-9.8480778200673e-07
2017-04-11,2017-04-07,2017-04-11,1875,0,0.07048749023932481,0.0003175264163371978,0.0003175263500441221,-3.066760111374961e-05
2017-04-12,2017-04-10,2017-04-12,1875,0,0.07443435488355196,0.000673121726334787,0.0006731208917235612,-0.00010589308546261298
2017-04-13,2017-04-11,2017-04-13,1875,0,0.08805844190607914,0.0003306756118727965,0.00033067561182069816,7.69509688901208e-07
2017-04-14,2017-04-12,2017-04-14,1875,0,0.05139085160913914,0.00025092398721475115,0.00025092398428422396,-7.553543394031455e-06
2017-04-17,2017-04-13,2017-04-17,1875,0,0.06507451977964389,0.0006118741126059911,0.0006118740238510675,-3.694915972823152e-05
2017-04-18,2017-04-14,2017-04-18,1875,0,0.05675479206648623,0.00040052045878449756,0.00040051845386983694,-0.00018801798550088412
2017-04-19,2017-04-17,2017-04-19,1875,0,0.0400396809611108,0.00026362612204442414,0.0002636246134597822,-0.00019419049411692317
2017-04-20,2017-04-18,2017-04-20,1875,0,0.10389035286629184,0.0002506327627853406,0.0002506255300278597,-0.00026409246951499546
2017-04-21,2017-04-19,2017-04-21,1875,0,0.11850027688704479,0.0003221997724226303,0.000322199316278611,-6.209391138099605e-05
2017-04-24,2017-04-20,2017-04-24,1875,0,0.1278792945014246,0.00030228205460958955,0.0003022801614267223,-0.00012176016625165659
2017-04-25,2017-04-21,2017-04-25,1875,0,0.08852213730737385,0.0002678510046334104,0.0002678497878748401,-0.00011728636342782892
2017-04-26,2017-04-24,2017-04-26,1875,0,0.1409933600796497,0.0003726051379962958,0.00037260458072257757,-6.290039804289049e-05
2017-04-27,2017-04-25,2017-04-27,1875,0,0.06779893897179966,0.0003213189952096485,0.0003213189913044983,7.590869181844166e-06
2017-04-28,2017-04-26,2017-04-28,1875,0,0.03218460593180918,0.0004660353899118717,0.0004660353889919968,-5.346532762320858e-06
2017-05-01,2017-04-27,2017-05-01,1875,0,0.04151196970790123,0.0005329654563378087,0.0005329653338429147,5.442593883015727e-05
2017-05-02,2017-04-28,2017-05-02,1875,0,0.041436570025739486,0.00023952022527520827,0.00023951917687952014,0.0001593730648021723
2017-05-08,2017-05-01,2017-05-08,1875,0,0.033349302504985315,0.0006208312449591088,0.0006207418474913743,-0.0017076050410437071
2017-05-09,2017-05-02,2017-05-09,1875,0,0.05272692684159204,0.0003293003569757189,0.0003291983136659718,0.001468176152949107
2017-05-10,2017-05-08,2017-05-10,1875,0,0.015685564673998387,0.0005796772006298681,0.0005796720946920481,0.0005776140677343134
2017-05-11,2017-05-09,2017-05-11,1875,0,0.03203700781464277,0.0005002079112497848,0.0005001680056691345,0.0011390735910767078
2017-05-12,2017-05-10,2017-05-12,1875,0,0.023286061138401922,0.0006479552011638937,0.0006479491783969861,0.000514602298769637
2017-05-15,2017-05-11,2017-05-15,1875,0,0.026326270337235946,0.0008851725297508617,0.0008851639775282193,0.0005760874896218453
2017-05-16,2017-05-12,2017-05-16,1875,0,0.02853253231469199,0.0004049058806331496,0.00040490586501748055,-2.3633646109512442e-05
2017-05-17,2017-05-15,2017-05-17,1875,0,0.023086480361854046,0.0003686894025920719,0.0003686874206592212,-0.00030911899551793067
2017-05-18,2017-05-16,2017-05-18,1875,0,0.026937334971340664,0.0003874643135793824,0.0003873872892302738,0.0017775253424243498
2017-05-19,2017-05-17,2017-05-19,1875,0,0.05219977623690836,0.0002983683651410416,0.0002983604759199804,-0.0004210350678944292
2017-05-22,2017-05-18,2017-05-22,1875,0,0.08502117088380959,0.000318396070309034,0.0003183960409409007,-2.0679736778951474e-05
2017-05-23,2017-05-19,2017-05-23,1875,0,0.09916905165082163,0.0002831491775711261,0.00028314278883952333,-0.0002802228411872918
2017-05-24,2017-05-22,2017-05-24,1875,0,0.05791006822956102,0.0002944669347327644,0.0002944623068697202,-0.00029536528891255384
2017-05-25,2017-05-23,2017-05-25,1875,0,0.07734886931265161,0.0002852118409073342,0.00028520273247127984,0.00035969098227306033
2017-05-26,2017-05-24,2017-05-26,1875,0,0.07081288600922185,0.0003727700482901348,0.0003726569278931952,0.0013076862613552933
2017-05-29,2017-05-25,2017-05-29,1875,0,0.06976136846729412,0.0003007378611044119,0.0003007283076231467,-0.00038006230668181457
2017-05-30,2017-05-26,2017-05-30,1875,0,0.12073374310269057,0.00024027054441459593,0.0002402703784535697,-3.84865462226426e-05
2017-05-31,2017-05-29,2017-05-31,1875,0,0.08222012903632077,0.00029587556557551835,0.00029587492428835436,9.010276966300947e-05
2017-06-01,2017-05-30,2017-06-01,1875,0,0.0862975481382993,0.00038558228454698416,0.0003855795694973146,-0.0001803760018756189
2017-06-02,2017-05-31,2017-06-02,1875,0,0.06304365126808185,0.0004830133357915454,0.0004830117953466378,-0.00015784707778605225
2017-06-05,2017-06-01,2017-06-05,1875,0,0.053977135803808814,0.0003892036451171973,0.00038920081042050943,0.00023069719860627203
2017-06-06,2017-06-02,2017-06-06,1875,0,0.042150281873013264,0.000392418414650882,0.00039241736363455383,0.0001585657973579791
2017-06-07,2017-06-05,2017-06-07,1874,1,0.07213669162166589,0.00031229542513159603,0.0003122929113551364,0.00018774400653988053
2017-06-08,2017-06-06,2017-06-08,1874,1,0.060619705396649744,0.00033382091433964157,0.00033382014685874665,-0.00011300680979482646
2017-06-09,2017-06-07,2017-06-09,1874,1,0.0885642324660285,0.00035325973265741035,0.0003532505984610108,0.00032277828235412903
2017-06-12,2017-06-08,2017-06-12,1874,1,0.06706818475100894,0.0003428195715714126,0.0003428188119671725,0.00010674998033959596
2017-06-13,2017-06-09,2017-06-13,1874,1,0.010887866273760434,0.0002714464323040406,0.00027144630750443126,-0.00010710507759972954
2017-06-14,2017-06-12,2017-06-14,1874,1,0.06712791356642554,0.00029237741120411104,0.00029237741109843386,1.2572428618177493e-06
2017-06-15,2017-06-13,2017-06-15,1874,1,0.08733089237898058,0.0003093215451481535,0.0003093198822331598,0.00013828277945797122
2017-06-16,2017-06-14,2017-06-16,1874,1,0.07540606831319763,0.00029802262329907376,0.0002980212002664777,-0.00013757448371634604
2017-06-19,2017-06-15,2017-06-19,1874,1,0.07271666769046875,0.00042252457775427977,0.0004225219799623517,-0.00018922393562778055
2017-06-20,2017-06-16,2017-06-20,1874,1,0.043242290036094,0.0002950872346603618,0.00029508645765473145,-0.00013411931997520294
2017-06-21,2017-06-19,2017-06-21,1874,1,0.05551466857814996,0.00024393278032496546,0.00024393109969191566,0.00017408955654068598
2017-06-22,2017-06-20,2017-06-22,1874,1,0.04744475232494898,0.00020107915653195822,0.00020107902686618409,-5.229773718589894e-05
2017-06-23,2017-06-21,2017-06-23,1874,1,0.07961487019177174,0.0002663858083025138,0.00026638468059240697,0.00011907551037820389
2017-06-26,2017-06-22,2017-06-26,1875,0,0.07142259847480585,0.00044214235228243654,0.00044211830398965704,-0.0007343910646976708
2017-06-27,2017-06-23,2017-06-27,1875,0,0.09493666697834023,0.0002280937285068747,0.00022809085004965498,-0.00022477269808907085
2017-06-28,2017-06-26,2017-06-28,1875,0,0.05286179199500303,0.0005207568927981729,0.0005207551640957121,0.0001994940196939307
2017-06-29,2017-06-27,2017-06-29,1875,0,0.06375199567409716,0.00026263446913151774,0.00026261684654489936,0.0005778545487989466
2017-06-30,2017-06-28,2017-06-30,1875,0,0.08892583408598012,0.00021208925123528626,0.0002120784760802201,-0.00038732398981538126
2017-07-03,2017-06-29,2017-07-03,1875,0,0.07185987120755653,0.00032752327900846545,0.00032752321737558804,3.129815593856592e-05
2017-07-04,2017-06-30,2017-07-04,1875,0,0.09300502965714381,0.0003750829697730142,0.00037508140870747144,0.0001388156422886883
2017-07-05,2017-07-03,2017-07-05,1875,0,0.06306529743182472,0.0003003974739396368,0.0003003808593106346,-0.0005342011009116008
2017-07-06,2017-07-04,2017-07-06,1875,0,0.07378388079642063,0.00025254001587971285,0.0002525118745698221,-0.0006411009554085454
2017-07-07,2017-07-05,2017-07-07,1875,0,0.1004272206518988,0.0002542992511146491,0.0002542912062234418,0.0002949391949305501
2017-07-10,2017-07-06,2017-07-10,1875,0,0.056389915729729914,0.00030808345237896736,0.0003080556866908291,-0.0007175743809893592
2017-07-11,2017-07-07,2017-07-11,1875,0,0.09000602704305397,0.00035419757194676534,0.0003541752091322785,-0.0005130257118954583
2017-07-12,2017-07-10,2017-07-12,1875,0,0.07754305388881313,0.0004178452240506534,0.0004177957646937747,0.0008174787602052807
2017-07-13,2017-07-11,2017-07-13,1875,0,0.0553451625722435,0.00025402984369047855,0.0002540298250717857,1.85868828296934e-05
2017-07-14,2017-07-12,2017-07-14,1875,0,0.053877437846334246,0.00021001162630777823,0.00021000249734707803,0.00041770968398694195
2017-07-18,2017-07-13,2017-07-18,1875,0,0.06352686384852317,0.00034251849998716695,0.00034251264284160927,0.0003082062900763725
2017-07-19,2017-07-14,2017-07-19,1875,0,0.05706664437099544,0.00020087449235928054,0.0002008175765283205,-0.001018168257019123
2017-07-20,2017-07-18,2017-07-20,1875,0,0.051925541854465025,0.00024298376076970055,0.0002428742045133407,-0.0014822888806837321
2017-07-21,2017-07-19,2017-07-21,1875,0,0.07327997313633666,0.0002234423019751414,0.000223440893520471,0.00014186399484095565
2017-07-24,2017-07-20,2017-07-24,1876,0,0.05677726151582223,0.0002161687669531875,0.00021616876590833795,4.357282692215461e-06
2017-07-25,2017-07-21,2017-07-25,1876,0,0.04458208041573124,0.00022212950923915616,0.00022212073776253172,0.0004479278518614306
2017-07-26,2017-07-24,2017-07-26,1876,0,0.04869190352361899,0.00023853709028620002,0.0002384975217746852,0.0009092542476846376
2017-07-27,2017-07-25,2017-07-27,1876,0,0.05632587915776668,0.0003454353216365823,0.00034543346808650247,-0.00018285986439271946
2017-07-28,2017-07-26,2017-07-28,1876,0,0.061573374632438775,0.0004775552358554926,0.0004775499541047169,0.00029519958762981856
2017-07-31,2017-07-27,2017-07-31,1876,0,0.0305370777712151,0.0004943697761678967,0.0004943502619096918,0.0008230674572441306
2017-08-01,2017-07-28,2017-08-01,1876,0,0.026136741806601235,0.0006815079461229249,0.000681471799868127,-0.0012151352075425992
2017-08-02,2017-07-31,2017-08-02,1876,0,0.023738998919701455,0.00039960160590535,0.00039839530910586765,-0.007799807218525916
2017-08-03,2017-08-01,2017-08-03,1874,2,0.03287798277698649,0.00034082120343361153,0.00034043505574329284,0.003835538310397233
2017-08-04,2017-08-02,2017-08-04,1874,2,0.04604609138168321,0.0003895296982853831,0.0003895098039579952,0.0007690004063951549
2017-08-07,2017-08-03,2017-08-07,1875,1,0.04345453569018272,0.000562078954592084,0.0005619769594871439,-0.0021136788824144778
2017-08-08,2017-08-04,2017-08-08,1875,1,0.033384029646200256,0.0004042132891459979,0.0004035757729320205,0.005942276513110016
2017-08-09,2017-08-07,2017-08-09,1875,1,0.02447301879814967,0.0006223080952738579,0.0006211045228687124,0.009252110818479136
2017-08-10,2017-08-08,2017-08-10,1875,1,0.026120009734809827,0.0005980117867233683,0.0005945064437225866,-0.016349750564258577
2017-08-14,2017-08-09,2017-08-14,1875,1,0.025881426916003012,0.0007121311649040526,0.0007080910429966129,0.016498137899653716
2017-08-15,2017-08-10,2017-08-15,1874,2,0.02376312743301307,0.00041839427501232324,0.00041295596401775853,-0.020249023365399802
2017-08-16,2017-08-14,2017-08-16,1874,2,0.028828068552687318,0.0002974046502203387,0.0002972604028189045,0.0031125594497122236
2017-08-17,2017-08-15,2017-08-17,1875,1,0.027141211298513126,0.0002862911820071226,0.0002859878292017844,0.00472432007082893
2017-08-18,2017-08-16,2017-08-18,1875,1,0.03387273653841973,0.000303153187344698,0.0003015569043225768,0.009697666173104096
2017-08-21,2017-08-17,2017-08-21,1875,1,0.04225734451196042,0.00025782093124584424,0.00025642321962122684,-0.008120212129172877
2017-08-22,2017-08-18,2017-08-22,1875,1,0.05261226627302624,0.00027371493825913856,0.0002736132051613089,-0.001960383646940462
2017-08-23,2017-08-21,2017-08-23,1875,1,0.06512757754560201,0.00021863620248588353,0.00021863267782368546,-0.000326554253240237
2017-08-24,2017-08-22,2017-08-24,1875,1,0.08174328481217633,0.00023025153209558748,0.00022971083262648357,0.003619033988145169
2017-08-25,2017-08-23,2017-08-25,1875,1,0.09319019576922369,0.0002948157344934336,0.0002941981919359633,-0.003476923256011471
2017-08-28,2017-08-24,2017-08-28,1875,1,0.09202446972399866,0.00030525733986204435,0.0003052543620612661,-0.00022438060852356033
2017-08-29,2017-08-25,2017-08-29,1875,1,0.08709413011080587,0.00032835135981840364,0.00032832346494618403,0.0006627237409715217
2017-08-30,2017-08-28,2017-08-30,1875,1,0.06656189649386697,0.0002917346640938771,0.0002913392884008018,-0.0026685274167293728
2017-08-31,2017-08-29,2017-08-31,1875,1,0.06302597961028385,0.0003661316137298952,0.0003659939955591972,0.001583256219307413
2017-09-01,2017-08-30,2017-09-01,1876,1,0.054325686286992005,0.0002835277836276415,0.000283477883005915,0.0010040993655093904
2017-09-04,2017-08-31,2017-09-04,1876,1,0.05374813128509064,0.0005814868817572116,0.0005791878561059006,0.006783536504469503
2017-09-05,2017-09-01,2017-09-05,1877,0,0.05770324052753403,0.0008985718379721752,0.0008969192365570198,0.006553319056641841
2017-09-06,2017-09-04,2017-09-06,1877,0,0.1031458446527714,0.00030568581579394643,0.00028881042611168854,-0.017685545695561116
2017-09-07,2017-09-05,2017-09-07,1877,0,0.06798733408802912,0.00032310774295421003,0.00032308429884576255,-0.0006805543151841656
2017-09-08,2017-09-06,2017-09-08,1877,0,0.10681355608986218,0.0002384784259006241,0.00023168379972639933,0.009681965066048692
2017-09-11,2017-09-07,2017-09-11,1877,0,0.08976827361517893,0.00045449124894927364,0.0004544079454580352,-0.0011037596100339447
2017-09-12,2017-09-08,2017-09-12,1877,0,0.055019062142191565,0.00043728315435673275,0.0004368661610266594,-0.002937226023520505
2017-09-13,2017-09-11,2017-09-13,1877,0,0.06603271568400103,0.00037663347475545714,0.0003762949602963616,-0.002409283017626805
2017-09-14,2017-09-12,2017-09-14,1877,0,0.05665960135009588,0.0003443544936293162,0.00034310288068011116,0.004900896954900651
2017-09-15,2017-09-13,2017-09-15,1877,0,0.04731465400544765,0.00038341194439082645,0.00038303453662997053,-0.002903388921469899
2017-09-19,2017-09-14,2017-09-19,1877,0,0.06224418531962607,0.0004716414841998243,0.0004710232964079795,-0.003278064096430248
2017-09-20,2017-09-15,2017-09-20,1877,0,0.024918696788623,0.00033199011547524574,0.00033164119960289,0.0037887730851327585
2017-09-21,2017-09-19,2017-09-21,1877,0,0.027582291563166234,0.00028505583597183504,0.0002848705301714091,0.002620652855973477
2017-09-22,2017-09-20,2017-09-22,1877,0,0.04175940963846231,0.000317164475983784,0.0003169503982653868,0.0022946614055591686
2017-09-25,2017-09-21,2017-09-25,1877,0,0.04512916142668942,0.00021673797710490057,0.00021672978218988237,0.00043108490042028394
2017-09-26,2017-09-22,2017-09-26,1878,0,0.07774673564050283,0.00027637430140671677,0.00027633233095558185,0.000746589740712971
2017-09-27,2017-09-25,2017-09-27,1878,0,0.0585660377529757,0.00033744677955875363,0.0003374317045495036,-0.0005122383896593148
2017-09-28,2017-09-26,2017-09-28,1879,0,0.029545309128460148,0.00041513430743809305,0.00041513417195066145,-6.798571754812551e-05
2017-09-29,2017-09-27,2017-09-29,1879,0,0.07807925001384773,0.000273653802712959,0.00027362777009100965,0.0005822860523699077
2017-10-02,2017-09-28,2017-10-02,1880,0,0.04258186949150799,0.0003337383993167975,0.0003337191432110063,0.0006749249799982599
2017-10-03,2017-09-29,2017-10-03,1882,0,0.056562346114039055,0.000236381185174792,0.00023636203905941605,-0.0005841028527076514
2017-10-04,2017-10-02,2017-10-04,1882,0,0.05812660378005619,0.0002604753655394503,0.00026044164764974507,0.0007642439572301983
2017-10-05,2017-10-03,2017-10-05,1882,0,0.014925665873604744,0.0003144098038873926,0.000314401806286402,0.0007326640547574637
2017-10-06,2017-10-04,2017-10-06,1882,0,0.06618343521159897,0.0002226123748214118,0.00022261017209510852,0.00018302583199915722
2017-10-10,2017-10-05,2017-10-10,1883,0,0.06913273209828628,0.00046015309234322864,0.0004600983672481036,-0.0009652680656374126
2017-10-11,2017-10-06,2017-10-11,1883,0,0.07808773947748997,0.00032915997278082983,0.00032871398566790104,0.0025725899922174065
2017-10-12,2017-10-10,2017-10-12,1883,0,0.04822087362553419,0.0003213741858713978,0.00032130915873160434,-0.0012053977880039266
2017-10-13,2017-10-11,2017-10-13,1883,0,0.02980232464029956,0.00027670760640213023,0.0002766881749466014,0.000823268258466438
2017-10-16,2017-10-12,2017-10-16,1883,1,0.0472001844531864,0.00039723747591473556,0.0003971952023568933,0.0009703792878417144
2017-10-17,2017-10-13,2017-10-17,1883,1,0.03380174514187329,0.00027546732271522975,0.0002753568218508237,0.001849526745918373
2017-10-18,2017-10-16,2017-10-18,1883,1,0.03338306252247472,0.0002900050729082486,0.0002899992727143404,0.0004249058910759909
2017-10-19,2017-10-17,2017-10-19,1883,1,0.060977180343889104,0.00026450456356778433,0.0002643560068364967,0.0016056980656720735
2017-10-20,2017-10-18,2017-10-20,1883,1,0.0863041229372982,0.00017020695196027643,0.0001701877504455641,-0.00048713279885022413
2017-10-23,2017-10-19,2017-10-23,1883,1,0.07009476173059585,0.0003461164557699211,0.00034593786201992337,-0.0016296298966824976
2017-10-24,2017-10-20,2017-10-24,1883,1,0.07498777634181886,0.0002880305983122502,0.00028803030908083953,-6.321417913373335e-05
2017-10-25,2017-10-23,2017-10-25,1883,1,0.033967542463988545,0.00033175925857631855,0.00033171882850515266,0.0011001090985574699
2017-10-26,2017-10-24,2017-10-26,1883,1,0.045353747849078405,0.00026809680674845163,0.00026809396214027274,0.0002527007141446043
2017-10-27,2017-10-25,2017-10-27,1884,1,0.036212262854369195,0.00035917900883654136,0.0003590977376603626,-0.001519409902653654
2017-10-30,2017-10-26,2017-10-30,1884,1,0.051048456872521214,0.0004802068501097055,0.000480161413849837,0.0009612958603316261
2017-10-31,2017-10-27,2017-10-31,1884,1,0.02479785808253804,0.0005251887181354467,0.0005249134574874626,0.003414780706606701
2017-11-01,2017-10-30,2017-11-01,1885,0,0.01246250070572353,0.0005964958864211971,0.0005964899019696427,0.000730565469539779
2017-11-02,2017-10-31,2017-11-02,1884,1,0.023521831901575748,0.0004388835947378627,0.0004387204171689586,0.002934699866828339
2017-11-06,2017-11-01,2017-11-06,1881,4,0.017888538997562136,0.0006985949787317911,0.0006985347552047993,0.0020276094824058294
2017-11-07,2017-11-02,2017-11-07,1881,4,0.027920915563103766,0.0005459983345009405,0.0005457375411114866,-0.003966300992381519
2017-11-08,2017-11-06,2017-11-08,1881,4,0.02359858129059631,0.0006016105108923349,0.0006015764355555781,-0.0014993276948003776
2017-11-09,2017-11-07,2017-11-09,1879,6,0.02187591048155933,0.0005810127438450288,0.0005761109487196431,0.018612044670801877
2017-11-10,2017-11-08,2017-11-10,1879,6,0.01773346866769562,0.0006536088493133846,0.0006534277211556234,-0.004091443506436432
2017-11-13,2017-11-09,2017-11-13,1880,5,0.014819093284692296,0.0008723318216507093,0.0008722723312876337,0.0026149969203147112
2017-11-14,2017-11-10,2017-11-14,1881,4,0.011989807747911621,0.0006821334672857066,0.0006804343391103311,-0.016720332741286103
2017-11-15,2017-11-13,2017-11-15,1882,3,0.011022198445897444,0.001213761387430359,0.0011919135058326823,0.06259908370658332
2017-11-16,2017-11-14,2017-11-16,1878,7,0.012536394193792221,0.0005875075496210965,0.0005454428196801393,-0.08183774035526135
2017-11-17,2017-11-15,2017-11-17,1880,5,0.011589330571936087,0.0003741575266094245,0.0003741314226496068,0.0021165560444339317
2017-11-20,2017-11-16,2017-11-20,1880,5,0.014523371035212526,0.00036916176034647893,0.00036916175349635056,3.068092990012942e-05
2017-11-21,2017-11-17,2017-11-21,1882,3,0.013243551236320249,0.0003264643670867858,0.00032631999788255615,0.004664773960026402
2017-11-22,2017-11-20,2017-11-22,1882,3,0.01650212121919775,0.00031591033463442106,0.00031570591171107594,0.004967137051323574
2017-11-24,2017-11-21,2017-11-24,1882,3,0.020608326977272766,0.0003065918313569344,0.00030636431934508943,-0.004689090313997039
2017-11-27,2017-11-22,2017-11-27,1882,3,0.025728472598129094,0.00030501427156820547,0.00030354713062285605,0.010655357079349847
2017-11-28,2017-11-24,2017-11-28,1882,3,0.03207657713707765,0.00034395501851919536,0.00034317582057198144,0.0069487223771126875
2017-11-29,2017-11-27,2017-11-29,1883,3,0.04002321056341251,0.0004061397951038322,0.00040464197108597906,-0.008618773194016648
2017-11-30,2017-11-28,2017-11-30,1884,2,0.03252761832846734,0.00043367470469814396,0.0004335016885641423,0.0032557640914841995
2017-12-01,2017-11-29,2017-12-01,1884,2,0.04057017419035899,0.0003723607130891158,0.0003710032344262658,-0.008160648962467218
2017-12-04,2017-11-30,2017-12-04,1884,2,0.03428716815911997,0.00040788281043887935,0.00040311434736626443,0.014481900553680696
2017-12-05,2017-12-01,2017-12-05,1884,2,0.06266770883614477,0.000335896424118185,0.00033568177660135663,0.0025994194300865523
2017-12-06,2017-12-04,2017-12-06,1885,1,0.04400683016161611,0.00048099865885725793,0.0004809420356360343,0.001601644343350503
2017-12-07,2017-12-05,2017-12-07,1886,0,0.03726502783786806,0.0004551557519292295,0.00044097876937183053,-0.02755849663635074
2017-12-08,2017-12-06,2017-12-08,1886,0,0.046354787371279606,0.00034244516162179833,0.00034172486580720974,0.005558666922811673
2017-12-11,2017-12-07,2017-12-11,1886,0,0.057825304760870756,0.00031022932653776794,0.00031000790648557205,0.002757921565024454
2017-12-12,2017-12-08,2017-12-12,1886,0,0.05154595915868681,0.00031866899899539794,0.0003183962719666238,0.0028632194576100937
2017-12-13,2017-12-11,2017-12-13,1886,0,0.07833560000246483,0.00040876958426343593,0.0004084139389858696,0.002827193570183657
2017-12-14,2017-12-12,2017-12-14,1887,0,0.08067105836454729,0.0003405416526527832,0.0003386530149586615,-0.006032276942978413
2017-12-15,2017-12-13,2017-12-15,1888,0,0.03497342349833707,0.0004676587679613077,0.00046721381350294547,0.0038107381155746936
2017-12-18,2017-12-14,2017-12-18,1889,0,0.06802919073435551,0.00036597460055320865,0.0003659434106566522,-0.0007537294419816936
2017-12-19,2017-12-15,2017-12-19,1889,0,0.041062478027413585,0.00031318384764763494,0.00031306793408874563,-0.0017648647742989894
2017-12-20,2017-12-18,2017-12-20,1890,0,0.00019058544537581718,0.00039057883992280696,0.00039057845573256647,0.0014200530019285109
2017-12-21,2017-12-19,2017-12-21,1890,0,0.07472560947669843,0.0002621445538979548,0.0002616756553499145,-0.002655623841744669
2017-12-22,2017-12-20,2017-12-22,1892,0,0.07305347545373826,0.0002478205352436128,0.00024775087372927646,0.0010217248018219596
2017-12-25,2017-12-21,2017-12-25,1894,0,0.08058585690789243,0.0002715567445594127,0.00027118850169735446,0.002224276404923453
2017-12-26,2017-12-22,2017-12-26,1894,0,0.08497211532864785,0.00024341874105049112,0.00024341195655627792,0.00029214212697691125
2017-12-27,2017-12-25,2017-12-27,1896,0,0.0620334827012362,0.00040178333748332645,0.0004015811167931086,-0.001840492769528265
2017-12-28,2017-12-26,2017-12-28,1896,0,0.06670911809897799,0.0002534429753801876,0.00025324367176304976,0.0017606165820196228
2017-12-29,2017-12-27,2017-12-29,1896,0,0.08273618907366441,0.00018754442395017184,0.00018754201069738727,0.0001739514947708408
2018-01-04,2017-12-28,2018-01-04,1896,0,0.029086530370334027,0.0006206822708083955,0.0006204606846407137,-0.0027743772441055563
2018-01-05,2017-12-29,2018-01-05,1896,0,0.10225817580948669,0.0003130137583995276,0.0003129706217654711,-0.0006596399278933324
2018-01-09,2018-01-04,2018-01-09,1896,0,0.03774695049308345,0.0004049454903533377,0.00040489788311197107,-0.001128142847771591
2018-01-10,2018-01-05,2018-01-10,1896,0,0.05379854500437345,0.00037013374989455685,0.0003701336809329955,-3.59887105884319e-05
2018-01-11,2018-01-09,2018-01-11,1896,0,0.03788472937761948,0.0003796137903978288,0.0003796133011462259,-0.00011398440767875912
2018-01-12,2018-01-10,2018-01-12,1896,0,0.05270396841547793,0.0005706904001204215,0.000570687769981154,0.0002241980183844352
2018-01-15,2018-01-11,2018-01-15,1895,1,0.045124122054606634,0.0004602583108190868,0.00046025529929785724,-0.0002600831620872084
2018-01-16,2018-01-12,2018-01-16,1895,1,0.042190962091795174,0.0003850429461536453,0.00038496498559580707,0.0015359575242136552
2018-01-17,2018-01-15,2018-01-17,1895,1,0.049702764563624297,0.0003823405164248302,0.0003819015770837531,0.003429993628664027
2018-01-18,2018-01-16,2018-01-18,1895,1,0.06215059672969608,0.0003905784469461557,0.00039046749430100304,0.0015425654129984751
2018-01-19,2018-01-17,2018-01-19,1895,1,0.0662365002588176,0.0003035023211281445,0.00030350029229839345,-0.00019729832206790944
2018-01-22,2018-01-18,2018-01-22,1895,1,0.08085846225947592,0.0004468653712060711,0.0004466885201439091,-0.0016621537706291525
2018-01-23,2018-01-19,2018-01-23,1895,1,0.11030461597910315,0.0003789715259304755,0.0003788870877071753,-0.0009955098665891783
2018-01-24,2018-01-22,2018-01-24,1895,1,0.08973735267179442,0.00032557291108049896,0.0003253918953363378,0.0015389200031105524
2018-01-25,2018-01-23,2018-01-25,1895,1,0.06729087316710727,0.00034012554480594297,0.0003399176890294084,0.0018413989633533831
2018-01-26,2018-01-24,2018-01-26,1895,1,0.0758769189026824,0.0003190823700541437,0.00031908110253393537,-0.00013477742126723893
2018-01-29,2018-01-25,2018-01-29,1895,1,0.1044321464769599,0.00037569381484973616,0.00037568755582548626,0.0002564368001204235
2018-01-30,2018-01-26,2018-01-30,1895,1,0.05781500313834763,0.0005159452182185565,0.0005158346694889696,0.0014118774941040589
2018-01-31,2018-01-29,2018-01-31,1894,2,0.05549469796955035,0.0006590194512187598,0.0006590168791537718,-0.00021923959621081206
2018-02-01,2018-01-30,2018-02-01,1893,3,0.04216143349233033,0.0010539306667756328,0.0010534639546142335,-0.003385593943326777
2018-02-02,2018-01-31,2018-02-02,1893,3,0.02778987674708534,0.0004289745454895356,0.00042895678609643396,0.0008099888483885047
2018-02-05,2018-02-01,2018-02-05,1894,2,0.023888276935820706,0.0011269378498797418,0.0011243510632449954,0.011294356073217804
2018-02-06,2018-02-02,2018-02-06,1895,1,0.03496861274427503,0.004423104847150143,0.004413333745290005,0.020694885462860472
2018-02-07,2018-02-05,2018-02-07,1895,1,0.03668179524975622,0.0006164141242017251,0.0006084166048227928,-0.01774005692201595
2018-02-08,2018-02-06,2018-02-08,1895,1,0.006076010106704308,0.0009698170259200602,0.0009694218665754929,-0.008288239465493856
2018-02-09,2018-02-07,2018-02-09,1895,1,0.021159289995417226,0.000986581767722136,0.0009856310630711222,0.007304314775779264
2018-02-13,2018-02-08,2018-02-13,1895,1,0.03618474393369481,0.001150160651227321,0.001149019496675668,-0.00648430368068628
2018-02-14,2018-02-09,2018-02-14,1896,0,0.028265061006561815,0.0009597930705044643,0.0009587619902363466,-0.008293655315626345
2018-02-15,2018-02-13,2018-02-15,1894,2,0.023234496766145276,0.0011821070234783826,0.0011802338978338038,-0.01105423414889132
2018-02-16,2018-02-14,2018-02-16,1894,2,0.02645565847575144,0.000928568392658341,0.0009224781069795096,-0.021148447711434894
2018-02-19,2018-02-15,2018-02-19,1893,3,0.030715460477293417,0.001352816729520209,0.0013512988321098148,-0.009916966039440346
2018-02-20,2018-02-16,2018-02-20,1893,3,0.03805221133663608,0.0003354926026512067,0.0003300786627441024,0.016816225824017886
2018-02-21,2018-02-19,2018-02-21,1893,3,0.047315920993529145,0.0005097243160819618,0.0005096958690317592,-0.0010909905049631243
2018-02-22,2018-02-20,2018-02-22,1893,3,0.05909680663481138,0.00034809719813458113,0.00034603339854900937,0.008315355106767813
2018-02-23,2018-02-21,2018-02-23,1893,3,0.07283334745406965,0.0003651360938957109,0.00036254148148283176,-0.008344921296319707
2018-02-26,2018-02-22,2018-02-26,1895,1,0.03538850881933595,0.00041257644223497,0.00041051308203389296,0.010787752616131076
2018-02-27,2018-02-23,2018-02-27,1895,1,0.012791706073519158,0.00029677143756816555,0.00029626129792217817,0.0068273375021375765
2018-02-28,2018-02-26,2018-02-28,1895,1,0.05497241864247331,0.00038431684438453104,0.00038413751317112305,0.002546645369658796
2018-03-01,2018-02-27,2018-03-01,1895,1,0.06860957221095579,0.000559683457893328,0.0005578957756005032,0.007195128435141599
2018-03-02,2018-02-28,2018-03-02,1895,1,0.08507854517828453,0.0004818733318717141,0.000481813565953645,0.0011774272316356197
2018-03-05,2018-03-01,2018-03-05,1895,1,0.10700741686676113,0.0007466651282846592,0.0007455590151464936,-0.0045324754503351114
2018-03-06,2018-03-02,2018-03-06,1894,2,0.09307745935817953,0.0009264461333996746,0.0009189057831333977,-0.01113246313526945
2018-03-07,2018-03-05,2018-03-07,1894,2,0.02182323550371779,0.00041662836423386827,0.00041478036645192415,0.00963447136400876
2018-03-08,2018-03-06,2018-03-08,1894,2,0.13452339795874024,0.00041834752595214356,0.000418059508504873,0.0019489343999351063
2018-03-09,2018-03-07,2018-03-09,1894,2,0.022839651059123237,0.0004160241786114784,0.0004160211414667684,0.00037598202479427516
2018-03-12,2018-03-08,2018-03-12,1895,1,0.07676985425052943,0.0006143246201046852,0.0006126322935171063,0.0066358546940711305
2018-03-13,2018-03-09,2018-03-13,1896,0,0.09204862964720784,0.0005141370349989486,0.00051331610511527,-0.004214112370048643
2018-03-14,2018-03-12,2018-03-14,1896,0,0.11068096548864924,0.00038581704401976683,0.00038515116226719244,0.003451998139643209
2018-03-15,2018-03-13,2018-03-15,1896,0,0.014106332545803395,0.00043441426141378444,0.000434401318892434,-0.0009831115056770446
2018-03-16,2018-03-14,2018-03-16,1896,0,0.12887560965082034,0.000370538822339033,0.0003705361963874481,-0.00018165368081789806
2018-03-19,2018-03-15,2018-03-19,1896,0,0.07552018551237091,0.0005330361797722842,0.0005323088651418938,0.003426249556709233
2018-03-20,2018-03-16,2018-03-20,1897,0,0.07808265682638384,0.00026039388972864724,0.0002603817085051793,-0.00042857063464050803
2018-03-22,2018-03-19,2018-03-22,1897,0,0.1237929203555546,0.0003615736883956775,0.000361496874402242,-0.0008766310971424933
2018-03-23,2018-03-20,2018-03-23,1897,0,0.12957656605799522,0.0017024475045500772,0.0017006965565181564,0.0040141550817158166
2018-03-26,2018-03-22,2018-03-26,1898,0,0.09515052281373496,0.00031470248137802553,0.0003143298943204504,-0.002079924932985565
2018-03-27,2018-03-23,2018-03-27,1900,0,0.02759545968674855,0.002223540978142987,0.0022232260175443232,-0.003416179345254281
2018-03-28,2018-03-26,2018-03-28,1900,0,0.06202981824257972,0.0005284284468384501,0.0005281398238295929,-0.0022011021383900316
2018-03-29,2018-03-27,2018-03-29,1901,0,0.09041492253262871,0.0006373985280217661,0.0006372694581090845,-0.0012233871714617754
2018-03-30,2018-03-28,2018-03-30,1901,0,0.03803700553132346,0.0006551387188587448,0.0006551083027627328,-0.0009013385250436806
2018-04-02,2018-03-29,2018-04-02,1901,0,0.11771709591327147,0.0003219828187594678,0.00032196253981824156,0.00042337765800229106
2018-04-03,2018-03-30,2018-04-03,1901,0,0.14115781570417008,0.000318923911448753,0.0003189145447007283,-0.0002626549845669855
2018-04-04,2018-04-02,2018-04-04,1902,0,0.10839303503818144,0.0005209802310621438,0.0005209497312048721,0.0005386331021121432
2018-04-05,2018-04-03,2018-04-05,1902,0,0.12592828719723786,0.00040753196887420866,0.0004073678506919336,-0.0012067516070246895
2018-04-06,2018-04-04,2018-04-06,1902,0,0.07710863634840445,0.0003967120533594445,0.00039670574323284486,0.0002940619254041897
2018-04-09,2018-04-05,2018-04-09,1902,0,0.10524956951624054,0.00035838054190233864,0.0003583769693610303,-0.00019002283003469777
2018-04-10,2018-04-06,2018-04-10,1902,0,0.08974354511573562,0.0003746691566150193,0.0003745055614832751,-0.0013835572062710245
2018-04-11,2018-04-09,2018-04-11,1902,0,0.09703347264835786,0.0005614433766959315,0.0005613492938462205,0.001006807197804978
2018-04-12,2018-04-10,2018-04-12,1902,0,0.09963217386557041,0.0003256623605395858,0.00032556925846579683,-0.000985373400181895
2018-04-13,2018-04-11,2018-04-13,1902,0,0.10191551821108004,0.00042921466116184345,0.00042920693625319304,-0.000280372246468303
2018-04-16,2018-04-12,2018-04-16,1902,0,0.13264956648418855,0.0006234498282494985,0.0006234485627560659,-0.00010012296679525498
2018-04-17,2018-04-13,2018-04-17,1901,1,0.10761560200238948,0.00038231244373604324,0.0003823063528330223,-0.0002419193769975213
2018-04-18,2018-04-16,2018-04-18,1901,1,0.09117531277200641,0.00045772244312230933,0.0004569929198446339,0.003038416976854004
2018-04-19,2018-04-17,2018-04-19,1901,1,0.01867813436016379,0.00038213456192050726,0.00038210219779808157,-0.001331096691165774
2018-04-20,2018-04-18,2018-04-20,1901,1,0.09954827998131073,0.00025593764861268415,0.00025581029471256027,0.0011883990963807213
2018-04-23,2018-04-19,2018-04-23,1901,1,0.11155102381917008,0.000355701135024825,0.0003555510416718088,-0.0012123113842422049
2018-04-24,2018-04-20,2018-04-24,1901,1,0.14024067074852295,0.00033280207315724333,0.000332781587245067,-0.0003995723169042719
2018-04-25,2018-04-23,2018-04-25,1903,0,0.09630633084588779,0.00031949536525505845,0.00031949373832568077,-0.00013313701390043164
2018-04-26,2018-04-24,2018-04-26,1903,0,0.07924583511836811,0.0003943946573130382,0.00039416226847289006,0.0017396927863377834
2018-04-27,2018-04-25,2018-04-27,1903,0,0.07665640559968279,0.0005442741073757105,0.0005442398072505303,0.0006899490713321247
2018-05-01,2018-04-26,2018-05-01,1903,0,0.05129597504156175,0.0007192240612306461,0.0007191455945508436,0.0014061017972599585
2018-05-02,2018-04-27,2018-05-02,1902,1,0.03641501518420879,0.00030438504429090575,0.00030435536335342685,-0.0009754299019213316
2018-05-07,2018-05-01,2018-05-07,1900,3,0.03964085066324694,0.0004213170020609285,0.000420887970146609,-0.003625917483661258
2018-05-08,2018-05-02,2018-05-08,1901,2,0.05443022599071653,0.00044146391527523956,0.00044145974142109265,0.00030854255836095906
2018-05-09,2018-05-07,2018-05-09,1901,2,0.06651862908101551,0.0006650901479199735,0.0006644857027050592,0.0033523161151175164
2018-05-10,2018-05-08,2018-05-10,1902,1,0.03825565028433167,0.0007753661045157805,0.0007753660066174425,-5.4445081000120854e-05
2018-05-11,2018-05-09,2018-05-11,1902,1,0.028902774452072195,0.0008204438425869758,0.0008203603742298156,-0.0017839023269327684
2018-05-14,2018-05-10,2018-05-14,1902,1,0.028178988435376112,0.0010567946320916995,0.0010565385351378358,-0.0031471328649506796
2018-05-15,2018-05-11,2018-05-15,1897,6,0.02319193848890482,0.0007032448843648841,0.0007030356477442061,-0.0032402452609262655
2018-05-16,2018-05-14,2018-05-16,1895,8,0.01701359541937324,0.0006403118453851304,0.0006403040366072927,0.0007861390082430222
2018-05-17,2018-05-15,2018-05-17,1896,7,0.0196505703279568,0.00038421512482686557,0.00038405632657664043,-0.0036642573078503188
2018-05-18,2018-05-16,2018-05-18,1896,7,0.020411562310412183,0.0002955638715776994,0.00029526588900038916,-0.004707252387222565
2018-05-21,2018-05-17,2018-05-21,1897,6,0.021117630527364047,0.0003541032643735056,0.00035406948703786055,0.0014933749889174163
2018-05-22,2018-05-18,2018-05-22,1896,7,0.02634438212523442,0.00023497599193367808,0.00023482294502646703,0.0028460154979194955
2018-05-23,2018-05-21,2018-05-23,1897,6,0.029616125446941543,0.00029320537173969534,0.00029301354500565785,0.0032918342876162407
2018-05-24,2018-05-22,2018-05-24,1897,6,0.036987971560580535,0.0003803715154596515,0.00038026010273307985,0.002244875171966836
2018-05-25,2018-05-23,2018-05-25,1898,5,0.032462164367888686,0.00028984411257340485,0.00028983259662040576,-0.0007031855337511784
2018-05-28,2018-05-24,2018-05-28,1898,5,0.040549549973792745,0.0003636482692213807,0.0003629658237509258,-0.004843609436234049
2018-05-29,2018-05-25,2018-05-29,1898,5,0.05062089808456058,0.00026780525648691426,0.0002675082107819639,0.0028598428361560875
2018-05-30,2018-05-28,2018-05-30,1899,4,0.05311804449390415,0.0003597693939787901,0.00035923331343459624,0.004411319604860121
2018-05-31,2018-05-29,2018-05-31,1899,4,0.06730076173017335,0.00047136226120855025,0.0004695187903521973,-0.00731730826645595
2018-06-01,2018-05-30,2018-06-01,1900,3,0.04829183483271434,0.0004332329007520206,0.00043320098010195246,0.0011461126379927568
2018-06-04,2018-05-31,2018-06-04,1901,3,0.035663946237684395,0.0006210248433853616,0.0006208631748973949,-0.002544284061386298
2018-06-05,2018-06-01,2018-06-05,1902,2,0.012916533492813546,0.0003514891246599747,0.00035099870830443327,0.0064483142998592756
2018-06-06,2018-06-04,2018-06-06,1902,2,0.07488917103598298,0.0003478766956832481,0.0003478628188831243,0.0005604403902480632
2018-06-07,2018-06-05,2018-06-07,1902,2,0.09357409961191789,0.0004121695678562092,0.0004119872320877927,-0.0018178463471468524
2018-06-08,2018-06-06,2018-06-08,1902,2,0.11646017541755117,0.0003103768038182909,0.000308341902245857,0.005437224422478376
2018-06-11,2018-06-07,2018-06-11,1902,2,0.13433111620601906,0.0003267419006396401,0.0003258576282084289,-0.0032536494156064177
2018-06-12,2018-06-08,2018-06-12,1903,1,0.06701990531403572,0.00024848788838934037,0.0002484280458207229,-0.0010256913958592018
2018-06-13,2018-06-11,2018-06-13,1903,1,0.08049685849900756,0.0003454821634804975,0.0003453996670556435,-0.0012129798465006243
2018-06-14,2018-06-12,2018-06-14,1903,1,0.10058835667495002,0.0003265627410041617,0.00032652113306199027,0.000772118590500457
2018-06-15,2018-06-13,2018-06-15,1903,1,0.08656149623723128,0.0003951030052490393,0.0003948527851171788,0.0019240087314573641
2018-06-18,2018-06-14,2018-06-18,1903,1,0.11010216914242751,0.0004653091794161806,0.0004651530507550644,0.0013519134139762367
2018-06-19,2018-06-15,2018-06-19,1903,1,0.05786159627344662,0.000605412886720653,0.0006050586817117895,0.0026157362494928834
2018-06-20,2018-06-18,2018-06-20,1903,1,0.08133745008951547,0.00031676397938526317,0.000316045385592599,-0.0031658667936515085
2018-06-21,2018-06-19,2018-06-21,1904,1,0.07273854998254659,0.0003359843055022606,0.0003356768239342896,-0.0021492044808272253
2018-06-22,2018-06-20,2018-06-22,1905,0,0.0722414961695333,0.00043322567230930233,0.00043322351625070846,0.0002309377611493893
2018-06-25,2018-06-21,2018-06-25,1906,0,0.10060389050265692,0.0006266164317285541,0.0006266098731111888,0.0003578216857325929
2018-06-26,2018-06-22,2018-06-26,1907,0,0.04446675635546798,0.0004054336798852544,0.0004054276332771093,-0.00040564828325512556
2018-06-27,2018-06-25,2018-06-27,1907,0,0.09375557015888718,0.0005548042232980409,0.0005547945161742514,0.00038271706138826554
2018-06-28,2018-06-26,2018-06-28,1908,0,0.09161101637648128,0.00031500366520471554,0.0003149180996276029,0.0011025220883899213
2018-06-29,2018-06-27,2018-06-29,1909,0,0.11016877733488309,0.0003326519317328273,0.00033256064039896354,-0.0010327865639028937
2018-07-02,2018-06-28,2018-07-02,1909,0,0.04695013173419724,0.0008069580030162707,0.0008067567232854687,0.00215552089599979
2018-07-03,2018-06-29,2018-07-03,1910,0,0.1581665415073599,0.0003832000014952006,0.000383169195018818,-0.0004961202061062078
2018-07-04,2018-07-02,2018-07-04,1910,0,0.05850807632452858,0.0003994720719729943,0.0003992825017866902,-0.00185975650461023
2018-07-05,2018-07-03,2018-07-05,1910,0,0.05510796812830327,0.0005457951098022594,0.0005457845641954081,0.00044826632316345005
2018-07-06,2018-07-04,2018-07-06,1910,0,0.08115436209292436,0.000800841052028931,0.0008008386868869524,-0.00017572641699966157
2018-07-09,2018-07-05,2018-07-09,1910,0,0.049968592056363934,0.0012848498789919576,0.001284844469845423,0.0003338264690052998
2018-07-10,2018-07-06,2018-07-10,1909,1,0.08797910872724128,0.00044133365376553056,0.00044130192010784534,-0.0006189852559797517
2018-07-11,2018-07-09,2018-07-11,1909,1,0.07553120917855526,0.0004955478255678404,0.000495545987235253,0.00015942123450915808
2018-07-12,2018-07-10,2018-07-12,1910,1,0.08992406402066544,0.0003533770412359389,0.0003533768352950259,-4.885191172989283e-05
2018-07-13,2018-07-11,2018-07-13,1910,1,0.023789710664143596,0.000604459269053607,0.0006044494986336026,-0.0006439110245063986
2018-07-17,2018-07-12,2018-07-17,1910,1,0.08191078568305613,0.000652477049008778,0.0006524751860889109,-0.00015286677505901982
2018-07-18,2018-07-13,2018-07-18,1911,0,0.10132033397680038,0.00040163545384104023,0.00040153635331267287,-0.0010235737001275938
2018-07-19,2018-07-17,2018-07-19,1910,1,0.08792669489956113,0.000278073228273568,0.0002779610146937193,0.0011722319373375153
2018-07-20,2018-07-18,2018-07-20,1910,1,0.12502131812407258,0.0003278549817890927,0.00032759400763377497,0.00182955253991834
2018-07-23,2018-07-19,2018-07-23,1910,1,0.031698255041703635,0.0003304215485518685,0.00033041839555125497,0.0003281772791615044
2018-07-24,2018-07-20,2018-07-24,1910,1,0.11448992342368407,0.0003268879986297996,0.0003268233789160067,-0.0008512322782933873
2018-07-25,2018-07-23,2018-07-25,1910,2,0.1099449849797995,0.000318143004776435,0.000318100953189532,0.000823779544082803
2018-07-26,2018-07-24,2018-07-26,1910,2,0.13367895777529665,0.00037044603387472277,0.00036992509316767925,-0.0026033805207380215
2018-07-27,2018-07-25,2018-07-27,1911,2,0.0989951236989756,0.000348123468917679,0.00034796624004955137,0.0014575784867893946
2018-07-30,2018-07-26,2018-07-30,1913,0,0.04025641227885419,0.0007511229008902291,0.0007491254161356203,0.009951445718364007
2018-07-31,2018-07-27,2018-07-31,1913,0,0.03927967575963276,0.0007897971671791773,0.0007897329274734039,-0.0018029256030676099
2018-08-01,2018-07-30,2018-08-01,1913,0,0.02894210078654577,0.0008355817542268478,0.0008351280395794985,-0.004723483836206899
2018-08-02,2018-07-31,2018-08-02,1911,2,0.03012065037533072,0.0005445214281150258,0.000544377431320517,0.0026073280454642334
2018-08-03,2018-08-01,2018-08-03,1909,4,0.030059026373704712,0.000716715148953991,0.0007159880725240254,0.006126437322498943
2018-08-06,2018-08-02,2018-08-06,1912,1,0.022206270622917447,0.0008080063245732843,0.0008080032327869833,-0.0004207416247941248
2018-08-07,2018-08-03,2018-08-07,1912,1,0.02596486697698083,0.0005928293807457508,0.0005910750717867139,-0.009420577741194537
2018-08-08,2018-08-06,2018-08-08,1912,1,0.028132825095525803,0.000724528182755216,0.0007245177682047523,0.0007360470256881056
2018-08-09,2018-08-07,2018-08-09,1910,3,0.03406662159259273,0.0006246614446394697,0.0006246451181059511,0.0008635638070161034
2018-08-10,2018-08-08,2018-08-10,1910,3,0.03216227948363701,0.0009819962535070233,0.0009808593953821315,0.00741443469740634
2018-08-13,2018-08-09,2018-08-13,1908,5,0.03733736056915218,0.0014451613266754264,0.001441020557041152,0.013941428848769939
2018-08-14,2018-08-10,2018-08-14,1906,7,0.02326594040330116,0.0008307881220411899,0.0008102576382155624,-0.03429309205519553
2018-08-15,2018-08-13,2018-08-15,1906,7,0.024417034487423522,0.0005027778020480752,0.0005018568946277378,0.007149070913913334
2018-08-16,2018-08-14,2018-08-16,1907,6,0.02401949047036989,0.0004945954053539139,0.0004941104038096685,0.005072553997471161
2018-08-17,2018-08-15,2018-08-17,1907,6,0.02827522316745714,0.00039100649479044506,0.0003868593410946005,-0.013726541152048457
2018-08-20,2018-08-16,2018-08-20,1907,6,0.03528142056470071,0.0002986539202316641,0.0002985600438197357,0.0018485945688431341
2018-08-21,2018-08-17,2018-08-21,1907,6,0.04398948440259581,0.0003559541469227403,0.0003552291608763378,0.0045996675022584805
2018-08-22,2018-08-20,2018-08-22,1907,6,0.05486721091035005,0.0005860607479515654,0.0005824806085796149,-0.009150671269315522
2018-08-23,2018-08-21,2018-08-23,1908,5,0.04018153175474838,0.00043568224806813483,0.00043489017920319493,-0.004758385038798286
2018-08-24,2018-08-22,2018-08-24,1908,5,0.050174305178576725,0.00030784976711063235,0.00030783692558159436,-0.0005421943059443774
2018-08-27,2018-08-23,2018-08-27,1908,5,0.06253896368567784,0.00047172922309842076,0.00046995288686498454,-0.005710999503756492
2018-08-28,2018-08-24,2018-08-28,1911,2,0.03152307744385686,0.00026253641964746024,0.00025865639549316465,0.012398199807013349
2018-08-29,2018-08-27,2018-08-29,1911,2,0.03929685879734002,0.00037074112532694745,0.0003705504914873399,0.0024608195856745513
2018-08-30,2018-08-28,2018-08-30,1911,2,0.049075912952222134,0.0003658167400159807,0.0003657067688519562,0.001687079323358219
2018-08-31,2018-08-29,2018-08-31,1912,1,0.06038580149482782,0.00029123065674484277,0.0002903383052007286,0.005301827132663008
2018-09-03,2018-08-30,2018-09-03,1913,0,0.045949166754505576,0.000665115208119961,0.0006625414198885241,0.010538635569614232
2018-09-04,2018-08-31,2018-09-04,1913,0,0.05774370815444621,0.0003395773972517314,0.000338570789939598,-0.005897560807262826
2018-09-05,2018-09-03,2018-09-05,1913,0,0.07199602181749994,0.00038223998039385126,0.0003821164008770688,0.0018493431751131582
2018-09-06,2018-09-04,2018-09-06,1913,0,0.08663828527372684,0.0004486293351974506,0.0004484619502678697,0.001960002928916231
2018-09-07,2018-09-05,2018-09-07,1913,0,0.10342162367381343,0.00034134045605274465,0.00034064169949704333,-0.003587868697281801
2018-09-10,2018-09-06,2018-09-10,1913,0,0.0025341618651928727,0.00047875120686411663,0.0004787321066619276,-0.00275893773401111
2018-09-11,2018-09-07,2018-09-11,1913,0,0.09321590529088754,0.0003647157996064974,0.0003642073645582677,-0.0027695477670639885
2018-09-12,2018-09-10,2018-09-12,1913,0,0.09809730025485713,0.00041757935048904556,0.00041724502986032527,0.0021235681811144513
2018-09-13,2018-09-11,2018-09-13,1913,0,0.07058105582405337,0.00039776933590779596,0.0003975333816646427,-0.0019726077275240583
2018-09-14,2018-09-12,2018-09-14,1913,0,0.05199387179009245,0.0006647372724184944,0.0006645521334532286,-0.0019707006698415457
2018-09-18,2018-09-13,2018-09-18,1913,0,0.09385520945959708,0.0007148045527440792,0.0007145209163089623,-0.0018535209336522059
2018-09-19,2018-09-14,2018-09-19,1913,0,0.04358682063093393,0.0005348719915869686,0.0005348152346541905,-0.0011677170702230693
2018-09-20,2018-09-18,2018-09-20,1913,0,0.04277260467522131,0.00033776725962095336,0.0003376862524111851,0.001404151579601416
2018-09-21,2018-09-19,2018-09-21,1913,0,0.035474621779336905,0.00046236653528740015,0.0004623054231748599,-0.0013300481636419846
2018-09-25,2018-09-20,2018-09-25,1913,0,0.053208446976645465,0.0005868279239590703,0.0005867889391457002,-0.0008687160125569791
2018-09-26,2018-09-21,2018-09-26,1914,0,0.019325906820373488,0.0005441442348478218,0.0005441211251599187,0.0010981811108557351
2018-09-27,2018-09-25,2018-09-27,1915,0,0.014336290213013698,0.0009684431801719844,0.0009683638687212428,0.0023584765515690734
2018-09-28,2018-09-26,2018-09-28,1915,0,0.048290699993744315,0.00033614607950988875,0.00033613415244740955,-0.0005006596129713237
2018-10-01,2018-09-27,2018-10-01,1916,0,0.05796880941934898,0.0003718702070050422,0.00037186916376025193,0.0001351089366279633
2018-10-02,2018-09-28,2018-10-02,1917,0,0.06579340511802832,0.00039395855080845475,0.00039391248787691503,0.0008423244664576348
2018-10-03,2018-10-01,2018-10-03,1920,0,0.1060426934507503,0.0005269978038179341,0.0005267571612728002,0.0015208324947872816
2018-10-04,2018-10-02,2018-10-04,1920,0,0.07394438107433983,0.00031633556454698235,0.0003163343152983113,0.00013067133921454508
2018-10-05,2018-10-03,2018-10-05,1920,0,0.10111550214563883,0.0004336029894044488,0.00043357016108637036,0.0005731490479478656
2018-10-09,2018-10-04,2018-10-09,1920,0,0.08959280166342022,0.0008259691082994686,0.0008258975492963238,0.0008976651979716621
2018-10-10,2018-10-05,2018-10-10,1920,0,0.024964200616344148,0.0005290965116257836,0.0005290963423702206,-8.242370618467913e-05
2018-10-11,2018-10-09,2018-10-11,1920,0,0.06163963054674708,0.001364392269435168,0.0013643082643607248,0.0011701337456119629
2018-10-12,2018-10-10,2018-10-12,1920,0,0.08479200051298413,0.0006555186111966621,0.0006555134025671953,-0.00024860805134185496
2018-10-15,2018-10-11,2018-10-15,1919,1,0.027143833249653814,0.0005209110736270016,0.0005208884618273703,0.0009171480788585292
2018-10-16,2018-10-12,2018-10-16,1919,1,0.07193931698106097,0.0004886429875415925,0.0004885634221872025,-0.0010645493669544552
2018-10-17,2018-10-15,2018-10-17,1920,0,0.07124633570684664,0.000891694084557583,0.0008916366412665605,0.0011012951657209016
2018-10-18,2018-10-16,2018-10-18,1920,0,0.08666342009625526,0.00037672473571426695,0.0003766374262045344,-0.001230878601948865
2018-10-19,2018-10-17,2018-10-19,1920,0,0.1270011175424598,0.00052219198307295,0.0005219414380573637,-0.0018030125820622273
2018-10-22,2018-10-18,2018-10-22,1920,0,0.06774308879851498,0.0003203742633325347,0.00032021290448024515,0.0016919277167168816
2018-10-23,2018-10-19,2018-10-23,1921,0,0.11195330603999715,0.0006481843143736699,0.000648114148015311,0.0008976061892476458
2018-10-24,2018-10-22,2018-10-24,1921,0,0.10737133722776915,0.00039613605454991266,0.0003961229241458588,0.00039728112276014486
2018-10-25,2018-10-23,2018-10-25,1921,0,0.06556974978838938,0.0009865131442345003,0.0009865067259839902,0.00033166062428561155
2018-10-26,2018-10-24,2018-10-26,1921,0,0.06490869978675755,0.0006919251331220087,0.0006919149415351184,0.0004150474564965366
2018-10-29,2018-10-25,2018-10-29,1921,0,0.02507968508079266,0.0015131395437612413,0.0015129390393005438,-0.0028843672297965217
2018-10-30,2018-10-26,2018-10-30,1921,0,0.02237149042009708,0.0024046742764441166,0.0024043844562553866,-0.003961221268159745
2018-10-31,2018-10-29,2018-10-31,1921,0,0.029104784561111686,0.0023813340431114325,0.0023805052068817225,-0.005980750968097365
2018-11-01,2018-10-30,2018-11-01,1921,0,0.014595712259642724,0.0018189927179337365,0.0018189363032803769,0.002060127064713967
2018-11-02,2018-10-31,2018-11-02,1921,0,0.04735848086458767,0.0008743670055390008,0.0008734441362710126,-0.006180761088809884
2018-11-05,2018-11-01,2018-11-05,1921,0,0.035463965130417135,0.0005971874097547693,0.0005918422779045833,0.015218033133787107
2018-11-06,2018-11-02,2018-11-06,1921,0,0.055020394666532225,0.0006396019671130482,0.0006395808948036621,-0.0008601467015718986
2018-11-07,2018-11-05,2018-11-07,1921,0,0.06862578131353106,0.0006384582042396078,0.0006383631786295821,0.0016447179975833423
2018-11-08,2018-11-06,2018-11-08,1921,0,0.04889553881163513,0.000940568714042356,0.000936347799283744,-0.012953608972702013
2018-11-09,2018-11-07,2018-11-09,1921,0,0.04885510408311656,0.000760456049076231,0.0007543870912262954,0.015220449185498903
2018-11-12,2018-11-08,2018-11-12,1920,1,0.04828960381277821,0.0011287592707083691,0.0011285930644847624,0.0023817877576859945
2018-11-13,2018-11-09,2018-11-13,1919,2,0.03614008953697102,0.0009523928709462244,0.0009477793301575907,0.013894521071764521
2018-11-14,2018-11-12,2018-11-14,1919,2,0.028859785000576364,0.0007841015943169624,0.0007737212932596649,-0.025238272354642967
2018-11-15,2018-11-13,2018-11-15,1918,3,0.03180423984505023,0.0007393665180313418,0.0007388427343345901,-0.00549896383321787
2018-11-16,2018-11-14,2018-11-16,1918,3,0.03617987951671598,0.0005283460305800108,0.0005273492282342784,0.007093225788860502
2018-11-19,2018-11-15,2018-11-19,1919,2,0.02818523218379146,0.0005357772311253984,0.0005322033185677869,-0.013560329577170245
2018-11-20,2018-11-16,2018-11-20,1919,2,0.03514611042098006,0.0004543212436059655,0.00045256323415326287,0.008514006238866976
2018-11-21,2018-11-19,2018-11-21,1919,2,0.04393347229911293,0.00033954070679330205,0.0003395013439610946,-0.0011398029158153598
2018-11-22,2018-11-20,2018-11-22,1919,2,0.05477608258886821,0.0004049812513600792,0.0004035435446996004,-0.006167173380925672
2018-11-26,2018-11-21,2018-11-26,1920,1,0.04090998041820264,0.0003894590825454385,0.00038912223472943076,-0.0031790115202981156
2018-11-27,2018-11-22,2018-11-27,1920,1,0.016695755794235215,0.0003375564061315418,0.000337521951403932,-0.0014821161764800445
2018-11-28,2018-11-26,2018-11-28,1920,1,0.06380494146109562,0.0004654547238409818,0.0004651337789607106,-0.0024847261916645896
2018-11-29,2018-11-27,2018-11-29,1920,1,0.07955413211588665,0.00037801838491387723,0.0003777919305042347,0.0018688417462417472
2018-11-30,2018-11-28,2018-11-30,1921,1,0.024883372884855065,0.00037671871961804984,0.00037658595058409774,0.002365314250177238
2018-12-03,2018-11-29,2018-12-03,1921,1,0.07322715612342133,0.0004082463664558206,0.0004080286814284377,-0.0018266978603853372
2018-12-04,2018-11-30,2018-12-04,1921,1,0.06402739020642888,0.0009208997427511492,0.0009176249554189522,0.007441727608887052
2018-12-05,2018-12-03,2018-12-05,1921,1,0.11973510133694437,0.0005333726020260227,0.0005321719093806688,0.003378295253551863
2018-12-06,2018-12-04,2018-12-06,1921,1,0.14869544251692574,0.0007544315434536763,0.0007538863251923539,0.002057369060685443
2018-12-07,2018-12-05,2018-12-07,1921,1,0.1320158779506261,0.00042323430593501157,0.0004229169690463751,-0.001629827401074135
2018-12-10,2018-12-06,2018-12-10,1921,1,0.08075545016297127,0.0006877635863514249,0.0006869871646992084,0.003175549984441694
2018-12-11,2018-12-07,2018-12-11,1921,1,0.1267933157832327,0.0006343081215614648,0.0006341420293271026,0.0011795826047523732
2018-12-12,2018-12-10,2018-12-12,1921,1,0.08042766078478913,0.0015859427180512024,0.0015837517594795981,-0.005362641935842074
2018-12-13,2018-12-11,2018-12-13,1921,1,0.05336042983803604,0.0011168572051324128,0.0011163571761099158,-0.003105416099400464
2018-12-14,2018-12-12,2018-12-14,1922,1,0.09524383032574978,0.0011275206918797776,0.001127225547166297,0.0018122714218339576
2018-12-17,2018-12-13,2018-12-17,1923,1,0.1629296579298355,0.0007035585286235056,0.0007035543204222682,-0.00016733760896626857
2018-12-18,2018-12-14,2018-12-18,1922,1,0.05147749920127457,0.0007758775354444992,0.0007754897579234161,0.002772795728439209
2018-12-19,2018-12-17,2018-12-19,1922,1,0.07998484994292575,0.0004660708519108699,0.00046586528996790747,-0.0016335424619612108
2018-12-20,2018-12-18,2018-12-20,1922,1,0.03613736180029072,0.0008131806334256867,0.0008131557792142024,0.0008349110078099816
2018-12-21,2018-12-19,2018-12-21,1924,1,0.05569449926127338,0.0010197465237951544,0.00101950237090443,0.00211119605055154
2018-12-25,2018-12-20,2018-12-25,1924,1,0.020832002639076523,0.0016547674967734025,0.0016544823410466524,0.0037089382665204847
2018-12-26,2018-12-21,2018-12-26,1927,1,0.01015853469354959,0.0028826916558934317,0.0028826057898500737,-0.0029101543406002514
2018-12-27,2018-12-25,2018-12-27,1928,1,0.008268492942537798,0.014315753490143005,0.014315047878794066,-0.009243653191690702
2018-12-28,2018-12-26,2018-12-28,1927,2,0.04181963073256074,0.0010132588807863245,0.0010132316651295962,-0.0008087897254592594
2019-01-04,2018-12-27,2019-01-04,1927,2,0.09040586780922553,0.0010089210638668659,0.001008810548937252,0.0011105915719095366
2019-01-07,2018-12-28,2019-01-07,1928,2,0.07243605044195103,0.002098794260368802,0.002098622898747669,-0.0015428163551074168
2019-01-08,2019-01-04,2019-01-08,1928,2,0.07715686654882313,0.0009049572140261488,0.0009046738744982174,-0.0019239389510633483
2019-01-09,2019-01-07,2019-01-09,1928,2,0.12609100965532827,0.000763995356452643,0.0007639544392252614,0.0005726293046692466
2019-01-10,2019-01-08,2019-01-10,1928,2,0.06825208226076511,0.0008150800584944144,0.0008150453067924655,0.0007152283790805008
2019-01-11,2019-01-09,2019-01-11,1927,3,0.13399161671210588,0.00048012291702355527,0.0004800694498872769,-0.0006358114393342423
2019-01-15,2019-01-10,2019-01-15,1928,2,0.07433350666320955,0.0008272238204783905,0.0008264565663821283,-0.00403194888480125
2019-01-16,2019-01-11,2019-01-16,1928,2,0.11436317384992199,0.0004407421426562994,0.0004406825656670437,0.000979606370317014
2019-01-17,2019-01-15,2019-01-17,1928,2,0.06837771854858768,0.0004399152683425543,0.000438470936711892,-0.006465184870570852
2019-01-18,2019-01-16,2019-01-18,1928,2,0.08552230654733588,0.0005470553914540987,0.0005468514257585694,0.0021766411051154424
2019-01-21,2019-01-17,2019-01-21,1927,2,0.10657806660469027,0.00046338037549942593,0.00046313531826645024,0.0021355881191496636
2019-01-22,2019-01-18,2019-01-22,1927,2,0.1324633226951105,0.00046280768806543777,0.0004626771414986943,-0.0013948693322446096
2019-01-23,2019-01-21,2019-01-23,1927,2,0.07500362638745135,0.00046430681050106323,0.00046427371699182,0.0007539227245267405
2019-01-24,2019-01-22,2019-01-24,1927,2,0.11854082295052339,0.0004995277144685092,0.0004994815365122972,-0.0007371759226651179
2019-01-25,2019-01-23,2019-01-25,1928,1,0.0746690118087006,0.00056597775844506,0.0005659050985459372,0.001394070970720639
2019-01-28,2019-01-24,2019-01-28,1928,1,0.06167159323798566,0.0004593529629991369,0.00045933812187447953,0.0005994114136120864
2019-01-29,2019-01-25,2019-01-29,1928,1,0.11535109045639919,0.0003653143210391637,0.0003652139992715225,-0.0013125585696350233
2019-01-30,2019-01-28,2019-01-30,1928,1,0.13988628382128787,0.000757821508724488,0.0007575137542177647,0.00208958806388002
2019-01-31,2019-01-29,2019-01-31,1928,1,0.12328233223242815,0.0008044154552465505,0.0008033551629387795,-0.003645968634218752
2019-02-01,2019-01-30,2019-02-01,1929,0,0.0031304083903511987,0.0009124539882102366,0.0009124398721873239,0.0021485037449060778
2019-02-04,2019-01-31,2019-02-04,1929,0,0.07799563512376018,0.0009630217664787738,0.0009630167221459621,-0.00035896800141459916
2019-02-05,2019-02-01,2019-02-05,1929,0,0.050313067208178075,0.0005357104130013609,0.0005355114827952668,0.0024432764769427746
2019-02-06,2019-02-04,2019-02-06,1929,0,0.06254182332093454,0.0005182943772886101,0.0005159252514028007,0.008398063999317723
2019-02-07,2019-02-05,2019-02-07,1929,0,0.0008674802643318852,0.0007233308006456565,0.0007233102057116103,0.004886354715155407
2019-02-08,2019-02-06,2019-02-08,1929,0,0.04807412119384013,0.0011724635460307479,0.0011722740446462737,0.002792354258039811
2019-02-12,2019-02-07,2019-02-12,1929,0,0.024616380071382837,0.0012776457767265765,0.001271468101982597,-0.018494576381088732
2019-02-13,2019-02-08,2019-02-13,1929,0,0.044279350756840544,0.0007858845564416052,0.0007858649637911682,0.0009341072023331469
2019-02-14,2019-02-12,2019-02-14,1929,0,0.03681861586758506,0.0006759344983478259,0.0006756244174467647,-0.003983101828588311
2019-02-15,2019-02-13,2019-02-15,1928,1,0.042588874645565614,0.0008170726695471859,0.0008158236803449369,0.007532184544618464
2019-02-18,2019-02-14,2019-02-18,1926,3,0.04684915573379143,0.0008783004707531616,0.0008752234000613071,-0.011181059255172548
2019-02-19,2019-02-15,2019-02-19,1925,4,0.04976358429067613,0.00034353421080736326,0.0003434321472749578,0.0019970789353885797
2019-02-20,2019-02-18,2019-02-20,1925,4,0.06153036052838789,0.00031397526579994653,0.0003127413109249482,0.00622708312288309
2019-02-21,2019-02-19,2019-02-21,1925,4,0.0307748976482712,0.0002770892127522258,0.00027656715873271835,0.004585868511878334
2019-02-22,2019-02-20,2019-02-22,1926,3,0.06885809954653353,0.0003256859443362122,0.0003251895813322406,-0.0033210766891251828
2019-02-25,2019-02-21,2019-02-25,1926,3,0.08527004634405426,0.00033372699458426706,0.000332831093516245,-0.004000575488447563
2019-02-26,2019-02-22,2019-02-26,1926,3,0.05434022986787725,0.0003122217902810122,0.00031222055717945453,-0.00016587834849566708
2019-02-27,2019-02-25,2019-02-27,1926,3,0.061624013692871786,0.0003863131045206644,0.0003863127735480654,-7.992263117062996e-05
2019-02-28,2019-02-26,2019-02-28,1926,3,0.13674522899414954,0.00044160701160014565,0.00044127627246820213,0.001836450430890461
2019-03-01,2019-02-27,2019-03-01,1927,2,0.07307608600062435,0.0002895927370474595,0.0002892613316570846,-0.0022713825987395126
2019-03-04,2019-02-28,2019-03-04,1928,2,0.06832096482794009,0.00042902476941667416,0.0004288364884357226,-0.0017407182824856796
2019-03-05,2019-03-01,2019-03-05,1930,1,0.08779123833814162,0.00034347711205123626,0.0003434288827594811,0.0010443521979115375
2019-03-06,2019-03-04,2019-03-06,1930,1,0.09124733221080532,0.0002674320392094178,0.0002669247329285802,0.0032179315203521314
2019-03-07,2019-03-05,2019-03-07,1931,1,0.11254980446322313,0.0004209821750787635,0.00042054248413741135,-0.0026829758820669136
2019-03-08,2019-03-06,2019-03-08,1931,1,0.09670348525947582,0.0009201213812337131,0.0009197728930083548,0.0022937522852742188
2019-03-11,2019-03-07,2019-03-11,1931,1,0.10742636351627416,0.00043443649764360846,0.00043407332655165533,-0.002167301278584747
2019-03-12,2019-03-08,2019-03-12,1931,1,0.03509268759927768,0.0007239581570197976,0.0007239531783759477,0.00039127713917982775
2019-03-13,2019-03-11,2019-03-13,1931,1,0.06569381538225619,0.00034516073122173595,0.0003449891734715837,0.0017136888105472575
2019-03-14,2019-03-12,2019-03-14,1931,1,0.12905018321007844,0.00036409149312587106,0.0003638608782246576,-0.00147702693504045
2019-03-15,2019-03-13,2019-03-15,1933,0,0.10044682225727349,0.0005393190696153154,0.0005388460413576804,-0.0023430016945616312
2019-03-18,2019-03-14,2019-03-18,1933,0,0.12462142720157902,0.000713091875324699,0.0007130032503649489,-0.0009112064116255007
2019-03-19,2019-03-15,2019-03-19,1934,0,0.060348655208886604,0.000303353690778376,0.0003033170583148575,0.0008021266510030113
2019-03-20,2019-03-18,2019-03-20,1934,0,0.056240926536580416,0.0002889847243339282,0.00028898367316926754,-0.00013988266896423882
2019-03-22,2019-03-19,2019-03-22,1935,0,0.1078598467598404,0.000403950730911045,0.00040393870598351043,-0.0003460065787266289
2019-03-25,2019-03-20,2019-03-25,1936,0,0.048895423559540685,0.0010315327669282494,0.0010313486434116767,0.0019652039774848327
2019-03-26,2019-03-22,2019-03-26,1936,0,0.07453426839584056,0.0009919738895446315,0.0009917832728993728,-0.0016241235567053967
2019-03-27,2019-03-25,2019-03-27,1936,0,0.07199999712052645,0.0005015971430389358,0.0005015639334656032,0.0006872939439006917
2019-03-28,2019-03-26,2019-03-28,1936,0,0.020444253083891598,0.001382886671210065,0.001382855081264883,0.0012463939825435382
2019-03-29,2019-03-27,2019-03-29,1936,0,0.10521119585336605,0.0003497079399757414,0.0003496409625118066,0.0008068285040264722
2019-04-01,2019-03-28,2019-04-01,1937,0,0.09891331349790528,0.0006471148046801383,0.0006471138892149751,-9.701455031891087e-05
2019-04-02,2019-03-29,2019-04-02,1937,0,0.13066680835324262,0.0005451674117557357,0.000543174408278793,0.003941288854866614
2019-04-03,2019-04-01,2019-04-03,1937,0,0.08504982588220797,0.00042583577527672856,0.0004257574627802938,0.0010288941958622871
2019-04-04,2019-04-02,2019-04-04,1937,0,0.08871896216867307,0.0003359957215873467,0.0003359761312289126,-0.0004980799447808814
2019-04-05,2019-04-03,2019-04-05,1937,0,0.09560412752722065,0.00033784344875913255,0.0003378226182120355,-0.000490688620996418
2019-04-08,2019-04-04,2019-04-08,1937,0,0.08303071994260872,0.0003057244089224669,0.0003056979737608608,0.0005840758468264165
2019-04-09,2019-04-05,2019-04-09,1937,0,0.04911036639275427,0.0003398413352471463,0.00033981096564736693,-0.000799448459264852
2019-04-10,2019-04-08,2019-04-10,1937,0,0.09869106774279787,0.0002476958009126334,0.00024768237550226886,-0.0003797034752585699
2019-04-11,2019-04-09,2019-04-11,1937,0,0.06067693420652613,0.0003312871422380711,0.0003312855307618738,0.00016531717815851683
2019-04-12,2019-04-10,2019-04-12,1938,0,0.14439020023162297,0.00027869344479788163,0.00027869312437768203,4.844898827068791e-05
2019-04-15,2019-04-11,2019-04-15,1937,1,0.11548528589962131,0.0008593270299774031,0.0008591807773036165,0.0012313161431554251
2019-04-16,2019-04-12,2019-04-16,1937,1,0.08527405090648733,0.0003307932102772319,0.00033077315841916854,0.000520324479455208
2019-04-17,2019-04-15,2019-04-17,1937,1,0.044826002417416314,0.0003978684584268441,0.00039785886822493364,-0.0004769595769759478
2019-04-18,2019-04-16,2019-04-18,1937,1,0.08287439303926424,0.0006588140429942363,0.0006586577321995486,0.0014979539101704319
2019-04-19,2019-04-17,2019-04-19,1938,0,0.06943586968390018,0.00031531568693786465,0.00031524358910667993,-0.0010783886797112248
2019-04-22,2019-04-18,2019-04-22,1938,0,0.09596082526624347,0.00025978156739422947,0.00025966896218732543,-0.001153818467745006
2019-04-23,2019-04-19,2019-04-23,1938,0,0.0919145059792607,0.0002195312191936122,0.0002195136759874489,-0.00045821108498737774
2019-04-24,2019-04-22,2019-04-24,1937,1,0.11132258526881422,0.0003506366330134181,0.0003506341408465066,0.0001567342995095962
2019-04-25,2019-04-23,2019-04-25,1938,0,0.07397085866837766,0.00037101602592664196,0.0003709927645268786,-0.0005760748328588715
2019-04-26,2019-04-24,2019-04-26,1938,0,0.07242467134647815,0.00042271477545799624,0.000422713647486867,0.00012746162863083146
2019-05-07,2019-04-25,2019-05-07,1938,0,0.05860030166427277,0.0009408998498191427,0.0009408837125763166,-0.0005337049889552536
2019-05-08,2019-04-26,2019-05-08,1937,1,0.04703126758952266,0.0007204053831383624,0.0007203002075731249,0.0016173765743442443
2019-05-09,2019-05-07,2019-05-09,1937,1,0.03050401889399782,0.0009424631349013032,0.0009418157398406757,0.0055464128786875755
2019-05-10,2019-05-08,2019-05-10,1937,1,0.013899101649829214,0.0008195812876749155,0.0008191753803251735,-0.005742884559217559
2019-05-13,2019-05-09,2019-05-13,1937,1,0.01902483959729705,0.0013828432599263568,0.0013810384065218147,-0.011072253127326384
2019-05-14,2019-05-10,2019-05-14,1936,2,0.018950460450485367,0.0009964672031142867,0.0009964531856203854,0.0009584052084743922
2019-05-15,2019-05-13,2019-05-15,1934,4,0.018183110035091224,0.0012640931405565304,0.0012640381844762642,-0.0019380412497070074
2019-05-16,2019-05-14,2019-05-16,1933,5,0.020339119769238797,0.001019895369233762,0.0010198923243846735,-0.00043771755095926596
2019-05-17,2019-05-15,2019-05-17,1932,6,0.023433335437078567,0.000643803598174018,0.0006431339233809052,-0.006661624567491084
2019-05-20,2019-05-16,2019-05-20,1932,6,0.020230170092636973,0.0004460598558340734,0.00044587120175884306,-0.004151952209346856
2019-05-21,2019-05-17,2019-05-21,1931,7,0.019984211130428736,0.0003701228857274758,0.00036985979627536097,0.004547875677314677
2019-05-22,2019-05-20,2019-05-22,1932,6,0.02460636439198023,0.00032327557498651585,0.00032262241393325025,0.007169766018879826
2019-05-23,2019-05-21,2019-05-23,1932,6,0.030769359446850428,0.0003822023297712115,0.00038219092449101296,0.0008477929286196798
2019-05-24,2019-05-22,2019-05-24,1932,6,0.038486816645732926,0.00030198696531088956,0.0003003267311700473,-0.009152636172906847
2019-05-27,2019-05-23,2019-05-27,1932,6,0.04785807719052852,0.0003827435165495644,0.00038055363294456026,0.00940751561105336
2019-05-28,2019-05-24,2019-05-28,1932,6,0.05977409126715704,0.00040258871347236734,0.0004025839303678124,-0.00039342581443904814
2019-05-29,2019-05-27,2019-05-29,1933,5,0.04574149070591728,0.00039356690923299866,0.000393192444326015,0.0040260575784799935
2019-05-30,2019-05-28,2019-05-30,1933,5,0.05438567967234228,0.00036995075309332855,0.00036862473599255874,-0.006790934794579384
2019-05-31,2019-05-29,2019-05-31,1933,5,0.07131257841091666,0.0003688603207269934,0.0003668678140865286,0.007437150839988181
2019-06-03,2019-05-30,2019-06-03,1934,4,0.04680571320415974,0.0006599578753184982,0.0006578696979428044,-0.009430169548127193
2019-06-04,2019-05-31,2019-06-04,1934,4,0.05821906475294124,0.0007262331509395557,0.0007256115040141889,0.004607198059444489
2019-06-05,2019-06-03,2019-06-05,1936,3,0.04493532823191877,0.0016715520181368692,0.0016702645824660592,-0.007562873967625002
2019-06-06,2019-06-04,2019-06-06,1936,3,0.05610682260243125,0.00046083347346349504,0.0004606506136224476,-0.00255080392983158
2019-06-07,2019-06-05,2019-06-07,1936,3,0.07006283731586449,0.0005600963016025507,0.0005600879660537825,0.0004873615928402023
2019-06-10,2019-06-06,2019-06-10,1937,2,0.08354800224431429,0.0006868718394588667,0.0006866852952439006,0.0020663904774642383
2019-06-11,2019-06-07,2019-06-11,1939,0,0.053595965388419244,0.0002833921911318883,0.0002832066642658252,-0.0026185532291473496
2019-06-12,2019-06-10,2019-06-12,1939,0,0.05589759625414603,0.0003689848300569111,0.0003683623533895085,0.004702160076411674
2019-06-13,2019-06-11,2019-06-13,1939,0,0.06969879015323398,0.0005624046935700394,0.0005623930161237759,-0.0005770596860738642
2019-06-14,2019-06-12,2019-06-14,1940,0,0.05218165340705913,0.0003137938245465867,0.00031249906187452475,-0.005944198503980293
2019-06-17,2019-06-13,2019-06-17,1940,0,0.10549577603340612,0.0003876424226346857,0.00038743241425769976,0.0019790456968432142
2019-06-18,2019-06-14,2019-06-18,1940,0,0.10560192697307991,0.00044971874972818957,0.0004491434093832722,0.003001503262457985
2019-06-19,2019-06-17,2019-06-19,1940,0,0.11450376377360659,0.0008408142555219846,0.0008405346859758201,-0.0019383232585291508
2019-06-20,2019-06-18,2019-06-20,1941,0,0.06828098265973721,0.0003887452300005258,0.00038866578623103764,-0.001182130969755939
2019-06-21,2019-06-19,2019-06-21,1942,0,0.1189331903475087,0.0004863803635579672,0.0004863678220187467,-0.0003708837419929719
2019-06-24,2019-06-20,2019-06-24,1942,0,0.11166369635748571,0.00028000615130551756,0.00027988437215381915,-0.0011500739024384603
2019-06-25,2019-06-21,2019-06-25,1942,0,0.035619004759004126,0.00027417841703818776,0.00027417333419867465,-0.0003865174948118132
2019-06-26,2019-06-24,2019-06-26,1942,0,0.15166812038774977,0.0004347151869682069,0.0004342120941889697,0.0019787295692755328
2019-06-27,2019-06-25,2019-06-27,1942,0,0.1351787449918792,0.0005334338243420923,0.00053329395748805,-0.0010784127357723813
2019-06-28,2019-06-26,2019-06-28,1942,0,0.11989493765851683,0.00037383466620435874,0.0003737958264431554,-0.0005930413481727959
2019-07-01,2019-06-27,2019-07-01,1943,0,0.15763514178569632,0.000835053924392861,0.0008345268306447072,-0.001909742719112557
2019-07-02,2019-06-28,2019-07-02,1943,0,0.09201483031518826,0.0002875663110122872,0.0002875468934215776,0.00046860362434179257
2019-07-03,2019-07-01,2019-07-03,1943,0,0.056372928411775394,0.0006289889446989085,0.0006288737833564198,0.0014450981898749653
2019-07-04,2019-07-02,2019-07-04,1943,0,0.05037579000237549,0.0002453242558761285,0.00024532357670939387,0.00011702875845477241
2019-07-05,2019-07-03,2019-07-05,1943,0,0.0837698078985002,0.0002550665062362032,0.0002550193819515419,0.0007580418158395888
2019-07-08,2019-07-04,2019-07-08,1943,0,0.07799152376177014,0.00047001393925697024,0.0004699777741879998,0.0006865127259389209
2019-07-09,2019-07-05,2019-07-09,1943,0,0.06577688947091041,0.00034059408534209813,0.00034057097575982174,0.0005968770642385718
2019-07-10,2019-07-08,2019-07-10,1943,0,0.1367653496498574,0.000266590888082483,0.00026656365028994097,0.00045211967868602027
2019-07-11,2019-07-09,2019-07-11,1943,0,0.13159865454344014,0.00032732018937049187,0.00032728522649137814,-0.0005206484687886256
2019-07-12,2019-07-10,2019-07-12,1943,0,0.0011837343725718164,0.00039503630096184944,0.00039503494801594146,0.0010693475850105099
2019-07-16,2019-07-11,2019-07-16,1943,0,0.09820102521773517,0.0005639457301396747,0.0005638937306488058,0.0007407494607490115
2019-07-17,2019-07-12,2019-07-17,1943,0,0.004987848327525264,0.00028788493614995305,0.00028788149829145603,0.0008315410472693832
2019-07-18,2019-07-16,2019-07-18,1943,0,0.0177305956675706,0.0009722096502525039,0.0009717345436237423,0.00526617363138937
2019-07-19,2019-07-17,2019-07-19,1943,0,0.10136413020136215,0.0005262182365314604,0.000525645960261406,-0.0025842944495606318
2019-07-22,2019-07-18,2019-07-22,1944,0,0.03857236689732954,0.0003103071654582623,0.0003102742932103894,0.0009456979943412435
2019-07-23,2019-07-19,2019-07-23,1944,0,0.17464457208618075,0.00021643659335925707,0.00021640123181530167,0.0004941368591729838
2019-07-24,2019-07-22,2019-07-24,1944,0,0.15636166932084283,0.00024870116273337115,0.0002483910625429417,0.001503836169888821
2019-07-25,2019-07-23,2019-07-25,1944,0,0.1627071722007115,0.00025286669632361045,0.0002528551090563835,0.0002817029644144082
2019-07-26,2019-07-24,2019-07-26,1943,1,0.11455528602977735,0.0003373514450468705,0.0003373421439883432,0.00029358909106552044
2019-07-29,2019-07-25,2019-07-29,1943,1,0.061832075418244724,0.000338434136128889,0.0003384296815906448,0.00027199711305965843
2019-07-30,2019-07-26,2019-07-30,1944,0,0.08911455357152025,0.0003536333924737301,0.0003536237696829396,-0.00033675214820367704
2019-07-31,2019-07-29,2019-07-31,1945,0,0.0780136082813399,0.0005161828515264874,0.0005158499483552065,0.0021231347546969716
2019-08-01,2019-07-30,2019-08-01,1945,0,0.06271360718185011,0.000473048462843549,0.00047300339659506424,-0.0008663016968021666
2019-08-02,2019-07-31,2019-08-02,1944,1,0.03587496653857852,0.0012681786109395373,0.0012664027104637469,0.007596761367068322
2019-08-05,2019-08-01,2019-08-05,1941,4,0.04145559156020261,0.0010107709517707454,0.0010104601373543283,0.0029873102444444746
2019-08-06,2019-08-02,2019-08-06,1941,4,0.01819467872396004,0.00039943949343620576,0.00039903651989428584,-0.004876578246006307
2019-08-07,2019-08-05,2019-08-07,1942,3,0.020129120523578493,0.000617917917663418,0.0006163177052645572,-0.009783884933709878
2019-08-08,2019-08-06,2019-08-08,1941,4,0.02537602585635577,0.0006124897277191027,0.0006107613880691031,-0.009828615483079891
2019-08-09,2019-08-07,2019-08-09,1943,2,0.029882470841538687,0.0005855236160466288,0.0005850020723000285,-0.005790870915135009
2019-08-13,2019-08-08,2019-08-13,1942,3,0.031052486659366586,0.0010445510503873504,0.0010433409455023119,0.00855017466628707
2019-08-14,2019-08-09,2019-08-14,1942,4,0.03168882403161008,0.0006580452310415751,0.0006545070392647314,-0.013947162923278586
2019-08-15,2019-08-13,2019-08-15,1942,4,0.022941737655257668,0.000520959232738927,0.0005202237508778069,0.00777752672159265
2019-08-16,2019-08-14,2019-08-16,1942,4,0.02965636899371816,0.0003307615981432748,0.00032999129658045536,-0.007146914305868961
2019-08-19,2019-08-15,2019-08-19,1942,4,0.034494070114706794,0.00040839596534419736,0.00040830431859227703,0.0022852627325117077
2019-08-20,2019-08-16,2019-08-20,1942,4,0.04304414220318743,0.0004724422060228322,0.0004714236908608904,-0.006817299608028805
2019-08-21,2019-08-19,2019-08-21,1943,3,0.045947601863229624,0.00035191040861488334,0.00034457889830923885,0.016577406392438092
2019-08-22,2019-08-20,2019-08-22,1944,2,0.04121608571259534,0.00028919606846379797,0.00028833866579809696,-0.006419222273710176
2019-08-23,2019-08-21,2019-08-23,1944,2,0.051464863079894584,0.0002397584329678272,0.00023975674857981553,-0.0002545990409360923
2019-08-26,2019-08-22,2019-08-26,1944,2,0.06418202123044406,0.0006039643074009092,0.0006009257850377751,0.00967649978861347
2019-08-27,2019-08-23,2019-08-27,1944,2,0.08000224860162487,0.0003164633105619405,0.00031304073980859985,-0.009190056923754889
2019-08-28,2019-08-26,2019-08-28,1944,2,0.048392300214901124,0.00032972591797266447,0.00032958047441180194,-0.0019873283942919203
2019-08-29,2019-08-27,2019-08-29,1944,2,0.11504182213673231,0.00031826918897443905,0.00031743872031694505,0.0036393577462697333
2019-08-30,2019-08-28,2019-08-30,1945,1,0.0599126322819251,0.0006313917334169766,0.0006283352184241668,-0.010061996084446455
2019-09-02,2019-08-29,2019-09-02,1946,0,0.0729488754514978,0.000293617020582571,0.0002926523262273154,0.005059745510805843
2019-09-03,2019-08-30,2019-09-03,1946,0,0.09003860703832042,0.00029217832080869393,0.0002921149444496986,-0.0011610225309517594
2019-09-04,2019-09-02,2019-09-04,1947,0,0.11221016296131754,0.00027225144935165104,0.0002719061879426631,0.002424847485263485
2019-09-05,2019-09-03,2019-09-05,1947,0,0.09718608283789025,0.0005849262600206307,0.0005842752630769368,-0.00316335509425714
2019-09-06,2019-09-04,2019-09-06,1947,0,0.1536778531068742,0.0002530540946703193,0.00025277279690754506,0.001774379603983359
2019-09-09,2019-09-05,2019-09-09,1947,0,0.06004828560536502,0.0003377111535479945,0.0003372544056707365,-0.0029585897590470394
2019-09-10,2019-09-06,2019-09-10,1947,0,0.09826150040267645,0.00046564627518397354,0.0004655743655161915,-0.0009415479802713937
2019-09-11,2019-09-09,2019-09-11,1947,0,0.0946565459777006,0.00046186443198964683,0.00046112754876766654,-0.0029998957516235115
2019-09-12,2019-09-10,2019-09-12,1947,0,0.0438575486406858,0.0003449640248707122,0.0003449097636434132,0.001141251743389577
2019-09-13,2019-09-11,2019-09-13,1947,0,0.022872912854627506,0.00033845004908634514,0.00033843042495007293,0.0009361189508380137
2019-09-17,2019-09-12,2019-09-17,1947,0,0.028146922929093977,0.00038738172305163225,0.0003873639382760669,0.0008032741497842626
2019-09-18,2019-09-13,2019-09-18,1946,0,0.016463115269426787,0.0004973807000697662,0.0004973314883333453,0.0017375243839124923
2019-09-19,2019-09-17,2019-09-19,1945,0,0.046743542611090996,0.0002928338190157256,0.00029283343370998415,9.191278225769361e-05
2019-09-20,2019-09-18,2019-09-20,1945,0,0.08779407232136768,0.0003469157923913493,0.0003469040787245398,-0.000372126437632882
2019-09-24,2019-09-19,2019-09-24,1945,0,0.05808296565249266,0.00036049321379836116,0.0003604612409706453,0.0007492165148371313
2019-09-25,2019-09-20,2019-09-25,1946,0,0.037569408638129013,0.0002290944745139227,0.000229080715602988,0.000608219094675472
2019-09-26,2019-09-24,2019-09-26,1947,0,0.05982185160905936,0.00026463999540375573,0.0002646392944984265,0.0001089402465746631
2019-09-27,2019-09-25,2019-09-27,1947,0,0.09703178374343688,0.0005753364403770329,0.0005752356944405138,0.0010275304427709252
2019-09-30,2019-09-26,2019-09-30,1947,0,0.03198496661823251,0.0004424177461443956,0.00044241421241056166,0.000333121946919166
2019-10-01,2019-09-27,2019-10-01,1948,0,0.12558640356382023,0.0006215350549322402,0.0006214913641928167,-0.0005939533096125049
2019-10-02,2019-09-30,2019-10-02,1948,0,0.17960826156347265,0.0003177203856700943,0.0003175307749952768,-0.0011551515309085676
2019-10-03,2019-10-01,2019-10-03,1949,0,0.08125586571363133,0.0006640749939587552,0.0006635644787652409,0.0026072231000520384
2019-10-04,2019-10-02,2019-10-04,1949,0,0.09237634326295478,0.0002594479752714952,0.00025935550494753405,0.001036921581478428
2019-10-07,2019-10-03,2019-10-07,1949,0,0.13058135539614318,0.0002834821402269014,0.0002834778653526527,0.00022316374609289666
2019-10-08,2019-10-04,2019-10-08,1949,0,0.15841915355970193,0.00044164146836131967,0.0004413288058573306,-0.0017206167834347265
2019-10-09,2019-10-07,2019-10-09,1949,0,0.12991609037384944,0.00023177643038744492,0.00023170773240001536,0.0008334553869337904
2019-10-10,2019-10-08,2019-10-10,1950,0,0.09853493110146111,0.0003435850873212874,0.0003434277032012198,0.0013667672469296398
2019-10-11,2019-10-09,2019-10-11,1951,0,0.1082783550729052,0.0003234221740230317,0.00032331024824875266,0.0010885731306152944
2019-10-15,2019-10-10,2019-10-15,1951,0,0.10246417645593779,0.0006067420402852857,0.0006064710579100746,-0.0017158389111120735
2019-10-16,2019-10-11,2019-10-16,1951,0,0.04564985202742595,0.0004332798831451593,0.00043314919633178045,0.0017621770017807877
2019-10-17,2019-10-15,2019-10-17,1951,0,0.040298013593356406,0.00031596653773391414,0.00031596630175937843,7.877126424833741e-05
2019-10-18,2019-10-16,2019-10-18,1951,0,0.03918351785518095,0.00030530308170595416,0.0003053011431691067,-0.00022751623359634155
2019-10-21,2019-10-17,2019-10-21,1951,0,0.09501689272780296,0.00031668233355126385,0.0003166799642791302,0.0001651633527847024
2019-10-23,2019-10-18,2019-10-23,1951,0,0.06660436249506395,0.0003187443909203057,0.0003187440755358478,7.05344575388268e-05
2019-10-24,2019-10-21,2019-10-24,1951,0,0.05547138044525898,0.00032960908468105657,0.00032959748305760514,0.00046486714870753646
2019-10-25,2019-10-23,2019-10-25,1951,0,0.04548177933223651,0.00024562112678245244,0.0002456104679436327,-0.0004893009188555729
2019-10-28,2019-10-24,2019-10-28,1951,0,0.05743208474760425,0.0003464575797293568,0.0003464465758143778,0.00044273055853048695
2019-10-29,2019-10-25,2019-10-29,1952,0,0.05234586446843902,0.0003242899887262969,0.00032428923583161727,-0.00012222968862122914
2019-10-30,2019-10-28,2019-10-30,1953,0,0.05152804086362139,0.0006015298481955105,0.0006014139716777521,0.0015479508163720897
2019-10-31,2019-10-29,2019-10-31,1952,1,0.035550345789118656,0.000559939218468359,0.0005599228454124905,0.0007201520091997792
2019-11-01,2019-10-30,2019-11-01,1952,2,0.011104391194621987,0.0005501420809029899,0.0005501326991340746,0.0009336008637903078
2019-11-05,2019-10-31,2019-11-05,1951,3,0.027813508684495777,0.0006580486583252594,0.0006574922550638304,-0.004770601889683695
2019-11-06,2019-11-01,2019-11-06,1953,2,0.03187087127066759,0.00044422272793299093,0.00044421972687974957,0.0003994983033380188
2019-11-07,2019-11-05,2019-11-07,1953,2,0.020997865931369528,0.00043500361203653413,0.0004347895874407062,0.0036155291840119824
2019-11-08,2019-11-06,2019-11-08,1952,3,0.03283197703569821,0.0005699756667295936,0.0005690849592100111,0.006209212288555747
2019-11-11,2019-11-07,2019-11-11,1953,2,0.040448003779388474,0.0006094626007524264,0.0006093067435131036,-0.0026993677619891374
2019-11-12,2019-11-08,2019-11-12,1951,4,0.02221599908408851,0.00035930269956650567,0.0003589252333360571,-0.0048419308794820665
2019-11-13,2019-11-11,2019-11-13,1950,5,0.021277484007006253,0.0004919687276991156,0.0004908448105001631,0.009830500378510939
2019-11-14,2019-11-12,2019-11-14,1950,5,0.02031273445690837,0.0006602992136484538,0.0006602247267426426,0.002636411947522936
2019-11-15,2019-11-13,2019-11-15,1948,7,0.024611317088517538,0.0005871683201080426,0.0005800183769810879,-0.023569572338877985
2019-11-18,2019-11-14,2019-11-18,1950,5,0.018309226073965155,0.0003779414786558864,0.00037793711076989934,0.0006794466714847731
2019-11-19,2019-11-15,2019-11-19,1950,5,0.02038486578578195,0.0003126203072796431,0.0003104247313954675,0.014481116079680422
2019-11-20,2019-11-18,2019-11-20,1950,5,0.025519891141253477,0.0003466163420810214,0.00034624689003737017,0.00531526566912776
2019-11-21,2019-11-19,2019-11-21,1950,5,0.03188122999654161,0.00024799408251064743,0.00024766622999641846,-0.004480596329135786
2019-11-22,2019-11-20,2019-11-22,1950,5,0.03977523107723056,0.0002664725941095645,0.0002658295887205269,-0.005615125275443419
2019-11-25,2019-11-21,2019-11-25,1953,2,0.0253681474264916,0.00036337669373927105,0.0003633759828348837,-0.00023292314546960016
2019-11-26,2019-11-22,2019-11-26,1953,2,0.03164928903907842,0.0002916562680722556,0.0002902863609541222,0.009149803701034543
2019-11-27,2019-11-25,2019-11-27,1953,2,0.015471107638999181,0.00030408366562655276,0.00030408339994545503,-0.00014552012358919834
2019-11-28,2019-11-26,2019-11-28,1953,2,0.040906290120955,0.00025531832993864095,0.0002546739297120079,0.005125076976091842
2019-11-29,2019-11-27,2019-11-29,1953,2,0.06104834071904276,0.00022866526935662172,0.00022863655725532898,-0.0009494917052021728
2019-12-02,2019-11-28,2019-12-02,1954,1,0.04501979504832349,0.0003013146338429751,0.00030010527529650266,-0.0072832031166158
2019-12-03,2019-11-29,2019-12-03,1954,1,0.05618355982988994,0.00031473584481078016,0.0003144701570088003,0.003054782225947183
2019-12-04,2019-12-02,2019-12-04,1953,2,0.06498084553506277,0.00027096286739360857,0.0002709050419799296,-0.0012805846867168964
2019-12-05,2019-12-03,2019-12-05,1953,2,0.07201027974927807,0.0003197216452036786,0.0003196720494808563,-0.0010766493956334674
2019-12-06,2019-12-04,2019-12-06,1953,2,0.06039714371146912,0.00023198399486290352,0.00023198253233103197,-0.00018245149794860342
2019-12-09,2019-12-05,2019-12-09,1953,2,0.053267398325515775,0.00033034600944081,0.0003302577608606659,0.0014328692109397572
2019-12-10,2019-12-06,2019-12-10,1953,2,0.0632393192024523,0.00023310652523563438,0.00023310501068434555,-0.00017128995069311338
2019-12-11,2019-12-09,2019-12-11,1953,2,0.06530237086525878,0.0002665558717739598,0.00026615223300088564,0.00270058729371621
2019-12-12,2019-12-10,2019-12-12,1954,2,0.060225083472877604,0.0002873663916242891,0.0002872946681389094,0.0011608096423361442
2019-12-13,2019-12-11,2019-12-13,1955,2,0.0695336147073521,0.000480949428409749,0.000480641598523209,-0.0022644505603975056
2019-12-16,2019-12-12,2019-12-16,1957,1,0.07273213372933869,0.00034686194968589125,0.00034603716006649174,-0.0035843997685928945
2019-12-17,2019-12-13,2019-12-17,1957,1,0.020868529020125454,0.0004491170043672472,0.00044906668554235945,-0.001619652639173418
2019-12-18,2019-12-16,2019-12-18,1958,2,0.06432042663817983,0.00036400389578442516,0.00036356817499868697,0.002922249831758078
2019-12-19,2019-12-17,2019-12-19,1960,2,0.06289574705283836,0.0002849051787825549,0.00028474954616839344,-0.0017181047109505712
2019-12-20,2019-12-18,2019-12-20,1962,2,0.011842917844360382,0.0003218367808252415,0.0003218355812648237,0.0003222164934021273
2019-12-23,2019-12-19,2019-12-23,1963,2,0.10568413749533172,0.0002966862910396074,0.00029558883128226075,0.00354954180680605
2019-12-24,2019-12-20,2019-12-24,1963,2,0.054314450979769065,0.00019990808988459136,0.0001996933647832532,-0.002064383649579953
2019-12-25,2019-12-23,2019-12-25,1964,1,0.08401701121345127,0.0003284200928732591,0.00032823405528914257,-0.002101939500924164
2019-12-26,2019-12-24,2019-12-26,1964,1,0.10468462388521675,0.00026016046065493694,0.0002599350109448612,-0.002070622389870083
2019-12-27,2019-12-25,2019-12-27,1965,1,0.10643123372596625,0.00034815861856038005,0.00034807245808471263,-0.0011664468542236636
2019-12-30,2019-12-26,2019-12-30,1965,1,0.08320296163282069,0.00034549028421370856,0.0003448303819537523,0.0032641816602513372
2020-01-06,2019-12-27,2020-01-06,1966,0,0.07461985098936026,0.0006175157447976623,0.0006156380035053905,0.007076901408338411
2020-01-07,2019-12-30,2020-01-07,1966,0,0.09347883222003833,0.0004940050518855355,0.0004909110022919269,-0.00812975966057825
2020-01-08,2020-01-06,2020-01-08,1966,0,0.05170592198087225,0.0005807613082732937,0.0005785411653530389,0.00742479582813152
2020-01-09,2020-01-07,2020-01-09,1966,0,0.06807779621005977,0.0004855558818611135,0.0004854179719669111,-0.0017185942219352518
2020-01-10,2020-01-08,2020-01-10,1966,0,0.05406372377627156,0.00042940076234375705,0.00042938779017568296,0.0005477201404355328
2020-01-14,2020-01-09,2020-01-14,1966,0,0.06310694394831058,0.0005699015343769763,0.0005691075711463686,0.00393559951829109
2020-01-15,2020-01-10,2020-01-15,1966,0,0.0373456318026117,0.00042218489809366306,0.0004221520673073987,-0.000989954584793356
2020-01-16,2020-01-14,2020-01-16,1965,1,0.044647775559797674,0.00030829806095721354,0.0003082560680436267,0.001032440610936061
2020-01-17,2020-01-15,2020-01-17,1965,1,0.050399451816921875,0.00023893356908164843,0.00023890992008051507,-0.0007254465977001724
2020-01-20,2020-01-16,2020-01-20,1965,1,0.07551380379404547,0.00027517816663668676,0.00027516450832107636,-0.000455972147059743
2020-01-21,2020-01-17,2020-01-21,1965,1,0.10404337132028604,0.0002693074856175348,0.00026930748185459837,-6.498149847393205e-06
2020-01-22,2020-01-20,2020-01-22,1965,1,0.09961819129554866,0.00025284533009354063,0.0002528408545543746,-0.00022467813699973615
2020-01-23,2020-01-21,2020-01-23,1966,0,0.048206480211850526,0.00032807338779149115,0.00032795722222643455,0.0018196604449817774
2020-01-24,2020-01-22,2020-01-24,1966,0,0.058281880510639324,0.0003519729226724571,0.00035191849922617906,0.0011260544224311537
2020-01-27,2020-01-23,2020-01-27,1966,0,0.08051945321291964,0.0007944576356644684,0.0007942845735956833,0.0017418294055887226
2020-01-28,2020-01-24,2020-01-28,1966,0,0.07991480555637573,0.00034696169002414407,0.0003466157017392495,-0.002375982728070401
2020-01-29,2020-01-27,2020-01-29,1966,0,0.033074498931112827,0.0003832859834500222,0.00038318051886875666,-0.0018593963791106152
2020-01-30,2020-01-28,2020-01-30,1966,0,0.03825737142625542,0.0007183139695909078,0.0007182914459313371,0.0007966646343880418
2020-01-31,2020-01-29,2020-01-31,1966,0,0.08149774963100044,0.0005756842912892567,0.0005756410972490119,0.0007778004461752255
2020-02-03,2020-01-30,2020-02-03,1965,1,0.029894944785574317,0.0005282697596718405,0.0005282571536641058,-0.0006789204120286852
2020-02-04,2020-01-31,2020-02-04,1964,2,0.04062218355371535,0.0005513904458073577,0.0005503570906704773,-0.005396902572934309
2020-02-05,2020-02-03,2020-02-05,1964,2,0.03276236861201408,0.0005051339244597309,0.0005044568453434464,-0.004848265874691682
2020-02-06,2020-02-04,2020-02-06,1965,1,0.05342638213766928,0.0006626796494899284,0.0006593499780603411,-0.010363272363146629
2020-02-07,2020-02-05,2020-02-07,1965,1,0.045526501481928924,0.0005001669892801471,0.0004968188479060356,0.010387478561682722
2020-02-10,2020-02-06,2020-02-10,1965,1,0.03276691594325146,0.0005187182236696435,0.0005182006475071676,0.004450512176476935
2020-02-12,2020-02-07,2020-02-12,1965,2,0.04551552703294081,0.0005549034767449829,0.0005536595616385801,0.007064743036361656
2020-02-13,2020-02-10,2020-02-13,1965,2,0.03681616569110801,0.0005743503694132615,0.0005738071725692244,-0.005407627540507171
2020-02-14,2020-02-12,2020-02-14,1964,3,0.043820086703867556,0.0007058203411255004,0.0007052176668954064,0.005232732926035638
2020-02-17,2020-02-13,2020-02-17,1962,5,0.05253929713222068,0.0008457442257912721,0.0008457441787587172,4.2083222740624946e-05
2020-02-18,2020-02-14,2020-02-18,1962,5,0.03366219826552685,0.000624738563393784,0.0006247346741230718,0.00044368426601806274
2020-02-19,2020-02-17,2020-02-19,1963,4,0.028216127780250597,0.0004648933748806826,0.0004630032977394163,-0.01149139006055176
2020-02-20,2020-02-18,2020-02-20,1964,3,0.027515153387209987,0.0002576776796565264,0.000257537223815675,-0.003189416473856837
2020-02-21,2020-02-19,2020-02-21,1964,3,0.022144226387526233,0.0002770522315352671,0.000277052221204106,2.6213478446498967e-05
2020-02-25,2020-02-20,2020-02-25,1964,3,0.04279985688714503,0.0017085040663877245,0.0017060167492114614,0.010747405322362385
2020-02-26,2020-02-21,2020-02-26,1965,2,0.036760619332412856,0.00037365304488963655,0.000372586682911866,-0.007608137460051627
2020-02-27,2020-02-25,2020-02-27,1965,2,0.00821758645086908,0.0008541198430814345,0.0008540861614550379,0.0021214626013883508
2020-02-28,2020-02-26,2020-02-28,1965,2,0.017012177989161822,0.0022966356802950495,0.0022950565557355853,0.01043792957190414
2020-03-02,2020-02-27,2020-03-02,1965,2,0.010946927528402062,0.003706306231314315,0.003704589207303948,-0.013030752055123655
2020-03-03,2020-02-28,2020-03-03,1965,2,0.0048573524517508725,0.0015151463222864677,0.00151496936843329,-0.006119225803445767
2020-03-04,2020-03-02,2020-03-04,1966,2,0.015129694824265322,0.0007366384871593328,0.0007363840044908772,0.004247210710364573
2020-03-05,2020-03-03,2020-03-05,1967,1,0.019956074139133806,0.0005654635903826672,0.0005652233099321252,-0.0038002961949131836
2020-03-06,2020-03-04,2020-03-06,1967,1,0.04223264692325682,0.0012301714425837513,0.0012292396505063337,0.005542645267140093
2020-03-09,2020-03-05,2020-03-09,1967,1,0.05404566155276155,0.004694516629688915,0.0046916604089299475,0.008621003012508947
2020-03-10,2020-03-06,2020-03-10,1967,1,0.02276203650873307,0.0034597821463013888,0.0034551586403906934,-0.015001955194013919
2020-03-11,2020-03-09,2020-03-11,1969,0,0.009311008295052051,0.0034805870882629033,0.003480117631139593,-0.007217179174662674
2020-03-12,2020-03-10,2020-03-12,1970,0,0.011040943218168927,0.0057748855656111426,0.005774004700844209,0.009071012958967943
2020-03-13,2020-03-11,2020-03-13,1970,0,0.025748290186904534,0.002036164821219852,0.002034958348622304,0.007238911301220837
2020-03-16,2020-03-12,2020-03-16,1970,0,0.011053322269037732,0.0030647704135345817,0.0030628424655587947,-0.013453912240288019
2020-03-17,2020-03-13,2020-03-17,1971,0,0.005056334505381767,0.015381944708380639,0.015380872152645818,-0.014663658283891573
2020-03-18,2020-03-16,2020-03-18,1971,0,0.019298383268515452,0.002477437255344558,0.0024769599958481686,-0.005144168070451026
2020-03-19,2020-03-17,2020-03-19,1971,0,0.013143740916811543,0.004552330409696865,0.004551931353719016,-0.0056118270750327055
2020-03-23,2020-03-18,2020-03-23,1971,0,0.02176448694663909,0.00420570569270339,0.004205275992530028,-0.004553137138576873
2020-03-24,2020-03-19,2020-03-24,1971,0,0.018816761944783513,0.005156755933277448,0.00515649473002276,-0.0037887951882850024
2020-03-25,2020-03-23,2020-03-25,1971,0,0.02364840017209876,0.004557057444440925,0.004556909613257744,0.002542807217130443
2020-03-26,2020-03-24,2020-03-26,1971,0,0.07001503926411465,0.002077908117921813,0.0020778589988510125,-0.0008726345290639686
2020-03-27,2020-03-25,2020-03-27,1971,0,0.09001250177959275,0.0026718492719219025,0.0026718194731091246,-0.000600202739086644
2020-03-30,2020-03-26,2020-03-30,1972,0,0.13563372303509022,0.00151314158335761,0.0015130678508572099,0.0007762033659009513
2020-03-31,2020-03-27,2020-03-31,1972,0,0.04503936636984967,0.002861322300516941,0.002861185940027797,0.0017634408513935442
2020-04-01,2020-03-30,2020-04-01,1973,0,0.14815684230975576,0.0013706974620611681,0.0013706365257083843,-0.000664869689582291
2020-04-02,2020-03-31,2020-04-02,1974,0,0.13543890917786394,0.0009489811672936908,0.0009489811617112305,-6.590396365052344e-06
2020-04-03,2020-04-01,2020-04-03,1974,0,0.08546884834402256,0.0008567124299753379,0.0008566989851029043,0.000401983985571635
2020-04-06,2020-04-02,2020-04-06,1974,0,0.07576683661253972,0.00446673053274578,0.0044667281072424715,0.0001806762020091325
2020-04-07,2020-04-03,2020-04-07,1974,0,0.07615626824282457,0.003166604925908258,0.003166515544465377,-0.001092280314558226
2020-04-08,2020-04-06,2020-04-08,1974,0,0.1652326931212647,0.001561332857501909,0.001561330293809358,0.00012645519837648463
2020-04-09,2020-04-07,2020-04-09,1974,0,0.1437870492780342,0.0012989877018986992,0.0012989389112498522,-0.0005889141744760618
2020-04-10,2020-04-08,2020-04-10,1974,0,0.133896543118843,0.0009212840851209943,0.0009212468912745031,-0.0005318274801275614
2020-04-13,2020-04-09,2020-04-13,1974,0,0.04907608446468953,0.0012603321737411593,0.001260323056749252,-0.0004334184825979697
2020-04-14,2020-04-10,2020-04-14,1974,0,0.0815303276820737,0.0008044807331412702,0.0008044789960661064,-0.00014722954623669517
2020-04-15,2020-04-13,2020-04-15,1973,1,0.09332655011496761,0.001444708032413008,0.001444121884450557,-0.002780524518598624
2020-04-16,2020-04-14,2020-04-16,1974,0,0.09671936758684571,0.001066243680303244,0.0010659811771041414,0.001808424795414224
2020-04-17,2020-04-15,2020-04-17,1974,0,0.1202176099574882,0.000724122786754588,0.000723914041864323,-0.0014583889539670834
2020-04-20,2020-04-16,2020-04-20,1974,0,0.14957271602023262,0.0008767463985310032,0.0008767448458782811,0.00011275174033848247
2020-04-21,2020-04-17,2020-04-21,1974,0,0.1799939249842656,0.0013000801467638993,0.0013000793041731003,7.542659034632549e-05
2020-04-22,2020-04-20,2020-04-22,1974,0,0.09530583395257458,0.0009709682163467635,0.0009709659962064232,0.00015870384651636748
2020-04-23,2020-04-21,2020-04-23,1974,0,0.03504731321919592,0.001663834229955143,0.0016635915066255589,0.002671950378710986
2020-04-24,2020-04-22,2020-04-24,1974,0,0.16210809608366805,0.0006172841239308795,0.0006171356120959486,0.0010422459870035674
2020-04-27,2020-04-23,2020-04-27,1974,0,0.14936089958351695,0.001188744203379915,0.001188512972987088,0.0013237313814593865
2020-04-28,2020-04-24,2020-04-28,1974,0,0.13920255545884322,0.0007983407632530476,0.0007983066231781219,0.0005246813885738825
2020-04-30,2020-04-27,2020-04-30,1974,0,0.1424219151201202,0.001052170948244146,0.0010521334198282453,0.0005394094314721257
2020-05-01,2020-04-28,2020-05-01,1974,0,0.06383468010864984,0.0012226767763404496,0.001222670066192139,-0.00033440212990406686
2020-05-07,2020-04-30,2020-05-07,1973,1,0.05270470142042172,0.0009889942620916264,0.00098875926164063,-0.0021721700870142896
2020-05-08,2020-05-01,2020-05-08,1973,1,0.08176789976514127,0.001044499402488287,0.0010444408898187434,-0.0011905852479727468
2020-05-11,2020-05-07,2020-05-11,1974,0,0.04073357120491307,0.0015472335564429274,0.001547216538820004,0.0009117966249588301
2020-05-12,2020-05-08,2020-05-12,1973,1,0.048374960859257035,0.0008367655615324619,0.0008360728440905401,-0.005339436622519073
2020-05-13,2020-05-11,2020-05-13,1973,1,0.04837526598305072,0.0011288633048988736,0.0011288226922836827,0.0012263192478664206
2020-05-14,2020-05-12,2020-05-14,1973,1,0.03275478313220882,0.0017387488539357123,0.00173599151460465,0.012889985231550802
2020-05-15,2020-05-13,2020-05-15,1971,3,0.0364300087344782,0.0008725921523232939,0.0008707472347202331,-0.009996048384384686
2020-05-18,2020-05-14,2020-05-18,1970,4,0.03495853221347942,0.0011258580549083083,0.0011252289329364289,-0.005924680406290462
2020-05-19,2020-05-15,2020-05-19,1969,5,0.03668804877524494,0.0007161131096488524,0.0007110820999764186,0.016315518075139968
2020-05-20,2020-05-18,2020-05-20,1971,3,0.025909711018954236,0.0006500612712637229,0.0006452034434046245,-0.018513711314028274
2020-05-21,2020-05-19,2020-05-21,1971,3,0.028017543049749002,0.00045010620001772144,0.00044992857736078493,0.0033001221320943692
2020-05-22,2020-05-20,2020-05-22,1970,4,0.03154048805241413,0.0005830085752774524,0.0005829302934020701,0.0021357017014869157
2020-05-25,2020-05-21,2020-05-25,1969,5,0.03894704268509428,0.0008961074408535025,0.0008953988026468273,0.00578436374128927
2020-05-26,2020-05-22,2020-05-26,1971,3,0.02903825271190637,0.000869717917846046,0.0008649360626945988,0.0173242877476788
2020-05-27,2020-05-25,2020-05-27,1970,4,0.03133880489614158,0.000708372179493464,0.0007032670011147765,-0.017494598365070585
2020-05-28,2020-05-26,2020-05-28,1972,2,0.02278326641148068,0.0005501102075018335,0.0005499798741891378,0.0033547247842460235
2020-05-29,2020-05-27,2020-05-29,1971,3,0.027636723918512695,0.0009220845222917155,0.0009124351703572302,-0.02614265145413658
2020-06-01,2020-05-28,2020-06-01,1969,5,0.030061546353127695,0.000682512723620154,0.0006813609194310433,0.008272849849386005
2020-06-02,2020-05-29,2020-06-02,1968,6,0.030035442884834482,0.0007514864190244242,0.0007486212217266337,0.012284645557004646
2020-06-03,2020-06-01,2020-06-03,1967,7,0.027434793878455543,0.00040222157090121093,0.000401877239764615,-0.004987147970721388
2020-06-04,2020-06-02,2020-06-04,1968,6,0.02557378544951258,0.0005086672569726664,0.0005086567181788766,0.0009042887613266487
2020-06-05,2020-06-03,2020-06-05,1968,6,0.031960355961701686,0.0005526934320137452,0.0005526889537433832,0.0005274890763442135
2020-06-08,2020-06-04,2020-06-08,1969,5,0.028793754327855928,0.0008400867275374838,0.0008392115924690514,0.0077830035875198
2020-06-09,2020-06-05,2020-06-09,1969,5,0.035881631297114844,0.0004651655434268495,0.0004625148884116116,-0.012133490953092237
2020-06-10,2020-06-08,2020-06-10,1969,5,0.03152896373579377,0.000618450562060134,0.0006183671554086452,0.002297130928642302
2020-06-11,2020-06-09,2020-06-11,1969,5,0.03908784059860609,0.0013010967492223702,0.001300617592575485,-0.004945672850206381
2020-06-12,2020-06-10,2020-06-12,1969,5,0.04870343285011943,0.0007968752957448086,0.0007965230743343515,0.003797072733576161
2020-06-15,2020-06-11,2020-06-15,1969,5,0.05945979856843823,0.00133931720244024,0.001339310678012385,0.00046738533750043907
2020-06-16,2020-06-12,2020-06-16,1970,4,0.06704057963864399,0.0025886483373466747,0.0025859166826495365,0.008753458409105715
2020-06-17,2020-06-15,2020-06-17,1971,3,0.04694779556842566,0.0007325001663321868,0.0007272725528117336,-0.014848387363857645
2020-06-18,2020-06-16,2020-06-18,1973,1,0.03798398380450192,0.0007131569417918759,0.0007131316998521971,0.001149460230829947
2020-06-19,2020-06-17,2020-06-19,1972,2,0.0469977490707023,0.0005185971877596769,0.0005181377500445161,0.004407997963015454
2020-06-22,2020-06-18,2020-06-22,1972,2,0.05754243454053397,0.0004502931110898016,0.00045012524630191555,-0.0024072377765226244
2020-06-23,2020-06-19,2020-06-23,1973,1,0.04531465589716124,0.000312324491355088,0.00031222258635765733,0.002118385650036061
2020-06-24,2020-06-22,2020-06-24,1973,1,0.05645636883749989,0.0005169038726305911,0.0005154748170827154,-0.0071073853302586944
2020-06-25,2020-06-23,2020-06-25,1973,1,0.07050445703320238,0.000576816881884354,0.0005767879561506035,-0.0009048469664684767
2020-06-26,2020-06-24,2020-06-26,1973,1,0.06656866513867815,0.0006590040024224409,0.000657717287797911,0.0061260007176934025
2020-06-29,2020-06-25,2020-06-29,1973,1,0.08237442148396822,0.0008365853318889777,0.0008331006867158982,-0.009032178041054325
2020-06-30,2020-06-26,2020-06-30,1973,1,0.0866774889821879,0.0004925935675915387,0.0004904629605569722,0.006431699715214862
2020-07-01,2020-06-29,2020-07-01,1973,1,0.07804837474475611,0.0005990945730395278,0.0005982133747433925,-0.003995371546405702
2020-07-02,2020-06-30,2020-07-02,1974,1,0.09811931982813935,0.000722132427935815,0.000720894010122157,-0.0042372745762164436
2020-07-03,2020-07-01,2020-07-03,1974,1,0.10305626147635814,0.0007928123919538838,0.000791861345043662,0.0035134904447173543
2020-07-06,2020-07-02,2020-07-06,1975,0,0.06928514148951719,0.0012742114717064143,0.0012716873614920382,0.008336209412308834
2020-07-07,2020-07-03,2020-07-07,1975,0,0.08869393565866125,0.0005581623738992829,0.0005579068547129615,-0.0023727217461772935
2020-07-08,2020-07-06,2020-07-08,1975,0,0.09379286846471407,0.0005920672344904379,0.0005919071684942111,0.0017080128361984998
2020-07-09,2020-07-07,2020-07-09,1975,0,0.10624590260532628,0.0005595819679456557,0.000558961213692876,-0.003061416816558785
2020-07-10,2020-07-08,2020-07-10,1975,0,0.08713289289231078,0.0009690446293448221,0.000969037543135751,0.00032907943978044424
2020-07-13,2020-07-09,2020-07-13,1975,0,0.11013540415739255,0.001356983265665317,0.0013568335076891323,0.0013493257535076352
2020-07-14,2020-07-10,2020-07-14,1976,0,0.04978215615403057,0.0004785093775865878,0.00047850905284617493,-8.475637338192835e-05
2020-07-15,2020-07-13,2020-07-15,1975,1,0.09957751839495192,0.0006962702013326704,0.000696250484050316,0.00048223659427606947
2020-07-16,2020-07-14,2020-07-16,1975,1,0.1145567959474473,0.000690443195449954,0.0006904059408177604,0.0006323420520834014
2020-07-17,2020-07-15,2020-07-17,1976,2,0.07305621350334794,0.00047535170611708244,0.00047535135186096517,-7.335620143957652e-05
2020-07-20,2020-07-16,2020-07-20,1976,2,0.09705944332750678,0.0004725776984930519,0.0004718094974355008,-0.0030137818736725775
2020-07-21,2020-07-17,2020-07-21,1976,2,0.12560538222625828,0.0005215819119961944,0.0005215818400977227,-2.5698841431591097e-05
2020-07-22,2020-07-20,2020-07-22,1976,2,0.10541132119125884,0.00047210809215003175,0.00047195895033060037,0.001246633413843475
2020-07-27,2020-07-21,2020-07-27,1976,2,0.01866042195227354,0.0005516193738226513,0.0005516102080494335,0.0007053860683911253
2020-07-28,2020-07-22,2020-07-28,1976,2,0.13066701763170213,0.0005143149587011493,0.0005139413298842352,-0.0017560369324235497
2020-07-29,2020-07-27,2020-07-29,1977,1,0.09097981208602789,0.0008393306382984446,0.0008365576197624489,0.007278563656914502
2020-07-30,2020-07-28,2020-07-30,1977,1,0.10199954500371013,0.000692903000016823,0.00069257681026291,-0.0022906901318855747
2020-07-31,2020-07-29,2020-07-31,1977,1,0.04593384262827217,0.0017041941157816467,0.0017041925933405748,-0.00021387779060482763
2020-08-03,2020-07-30,2020-08-03,1975,3,0.03684171747191556,0.0018414595298295272,0.0018414047108820531,0.0014065301312363202
2020-08-04,2020-07-31,2020-08-04,1978,2,0.02152754763657285,0.002463345391112662,0.0024617219394177147,0.01014669374817084
2020-08-05,2020-08-03,2020-08-05,1976,5,0.028662509676062674,0.0006073028763013776,0.0006065632825392411,-0.006956890844645033
2020-08-06,2020-08-04,2020-08-06,1976,5,0.024415781931328418,0.0007419404472125522,0.0007416931763207205,-0.0044792152021932785
2020-08-07,2020-08-05,2020-08-07,1976,5,0.021218267499010564,0.0009059951330537818,0.0009047162030517368,0.010971589233380968
2020-08-11,2020-08-06,2020-08-11,1975,6,0.017001412160046848,0.001900087889741644,0.0019000777072358667,-0.0010933437908712846
2020-08-12,2020-08-07,2020-08-12,1976,5,0.0157571606948451,0.0007966801790071394,0.0007940059836311035,-0.018375999418927712
2020-08-13,2020-08-11,2020-08-13,1976,5,0.01135360586947039,0.0006896644979564702,0.0006896497431850581,-0.0016074949042924323
2020-08-14,2020-08-12,2020-08-14,1977,4,0.011999066806117661,0.0005344479945753034,0.0005340575590155723,0.008046915335761516
2020-08-17,2020-08-13,2020-08-17,1977,4,0.01319862901882815,0.0006523803367831374,0.0006518324758820377,0.009080954340660006
2020-08-18,2020-08-14,2020-08-18,1977,4,0.012522839567749343,0.0005670906777079419,0.0005614960466012726,-0.029859679609990353
2020-08-19,2020-08-17,2020-08-19,1978,3,0.013284332033392875,0.0004600116846366218,0.00045633924492620735,0.02350096217160043
2020-08-20,2020-08-18,2020-08-20,1978,3,0.01651967446304187,0.000482215628473243,0.00048106411267102536,0.011794425641129055
2020-08-21,2020-08-19,2020-08-21,1979,2,0.017514700049348603,0.0003777745147626829,0.0003766530939626383,-0.011308938787339587
2020-08-24,2020-08-20,2020-08-24,1979,2,0.021865377070284256,0.0004897366725571859,0.0004893606961085841,-0.005859535010682855
2020-08-25,2020-08-21,2020-08-25,1980,2,0.027318595143894533,0.0005483437847207828,0.0005456888651318066,0.01393117479468384
2020-08-26,2020-08-24,2020-08-26,1980,2,0.034105244145495664,0.0004411507672314071,0.00044106637306725953,0.0022226364550975964
2020-08-27,2020-08-25,2020-08-27,1980,2,0.04256066877625756,0.00043541291310535737,0.0004350796007207169,-0.003952607672094371
2020-08-28,2020-08-26,2020-08-28,1980,2,0.05305391922850455,0.0008021569452803946,0.0008011828126362281,0.00604677122498573
2020-08-31,2020-08-27,2020-08-31,1981,1,0.0398406401392357,0.0007229802915818905,0.0007192313378074694,-0.013711563955170676
2020-09-01,2020-08-28,2020-09-01,1981,1,0.04590743260739861,0.0005278321474135546,0.0005274003664929182,-0.004329284323539089
2020-09-02,2020-08-31,2020-09-02,1981,1,0.05743996287968999,0.0003756541910968722,0.0003756537259135499,-0.00012716719002845749
2020-09-03,2020-09-01,2020-09-03,1981,1,0.07158280260131429,0.00034701300882572565,0.0003463499399593291,0.00430088726580009
2020-09-04,2020-09-02,2020-09-04,1981,1,0.08917926311789812,0.0004967261198666568,0.0004966909920432531,0.0008859415430101092
2020-09-07,2020-09-03,2020-09-07,1981,1,0.04709905113501414,0.0005786436390840602,0.0005779509879644923,0.004316400758274128
2020-09-08,2020-09-04,2020-09-08,1981,1,0.05349048613423871,0.000677722373028552,0.0006773459379060019,-0.0029505299236116623
2020-09-09,2020-09-07,2020-09-09,1982,0,0.06724852088236188,0.00034864123982121124,0.00034841223583838337,-0.002609140162169087
2020-09-10,2020-09-08,2020-09-10,1982,0,0.062071591886641936,0.0003952481023247264,0.000395223002094664,0.0008010461481290343
2020-09-11,2020-09-09,2020-09-11,1982,0,0.07130188205636269,0.0005064159083050049,0.0005063948107515061,-0.0006698923227610149
2020-09-14,2020-09-10,2020-09-14,1982,0,0.06423356879432802,0.0005543108368678293,0.0005542395021556803,-0.001213664250602178
2020-09-15,2020-09-11,2020-09-15,1982,0,0.03234803383116422,0.00048417960495269514,0.0004839168558624789,0.0030052390616896255
2020-09-16,2020-09-14,2020-09-16,1981,1,0.03907999950791067,0.0006003271259172647,0.0005999871512812686,-0.00310805307018476
2020-09-17,2020-09-15,2020-09-17,1981,1,0.0772701994513329,0.0003834706470727526,0.0003827452189186188,0.003343163539813763
2020-09-18,2020-09-16,2020-09-18,1981,1,0.0371487702112944,0.0004041691827910647,0.0004037256994441615,-0.003566856561451806
2020-09-23,2020-09-17,2020-09-23,1982,1,0.03151305667179181,0.0006581813254389831,0.0006578543212781626,-0.003291362663612688
2020-09-24,2020-09-18,2020-09-24,1982,1,0.022483938877466615,0.0007809932341593406,0.000780992761500793,-0.00014676645357280567
2020-09-25,2020-09-23,2020-09-25,1982,1,0.03777105715288438,0.0004531660559563767,0.0004529768677668228,-0.002275163965948891
2020-09-28,2020-09-24,2020-09-28,1983,1,0.06292886744704018,0.000977174126900701,0.0009771646252987375,-0.0003972429613684535
2020-09-29,2020-09-25,2020-09-29,1985,1,0.036580254841827115,0.0006339185430385429,0.0006338911468705691,0.000874229511860749
2020-09-30,2020-09-28,2020-09-30,1985,1,0.012743038063778923,0.0015637494357708147,0.001563718044555311,0.001573974887686282
2020-10-01,2020-09-29,2020-10-01,1985,1,0.045990754307989955,2.4886845322208087e-05,2.488672676152026e-05,5.1261225300343326e-05
2020-10-02,2020-09-30,2020-10-02,1985,1,0.06941440046544319,0.0009015678274375998,0.000901494619662655,0.0010392257696950932
2020-10-06,2020-10-02,2020-10-06,1987,1,0.05435773077857044,0.0003528796640419007,0.0003528692017217559,0.00044423889904418644
2020-10-07,2020-10-05,2020-10-07,1988,2,0.09223407863055351,0.00041026595871404846,0.000410146084232998,-0.00116498387878553
2020-10-08,2020-10-06,2020-10-08,1988,2,0.09327430406492698,0.0004017763789482618,0.0004015405132511573,-0.001619070987583485
2020-10-09,2020-10-07,2020-10-09,1989,1,0.07152737658592968,0.0004445153422539595,0.00044450427984504446,0.0003977756114431414
2020-10-12,2020-10-08,2020-10-12,1989,1,0.04815947325278706,0.00043347702864092447,0.0004334644098058562,-0.0005151298146032682
2020-10-13,2020-10-09,2020-10-13,1989,1,0.0855847792369454,0.00034068267940077693,0.0003406112417198576,0.0009419516193207911
2020-10-14,2020-10-12,2020-10-14,1989,1,0.09056623198807746,0.00048312817746220345,0.0004830937569574375,-0.0006404126719085311
2020-10-15,2020-10-13,2020-10-15,1989,1,0.09869995839602644,0.0005056552544067679,0.0005053572844903568,0.0017965948551440932
2020-10-16,2020-10-14,2020-10-16,1989,1,0.08799867216735327,0.0007768257978235956,0.0007767162949174117,0.001163311116718537
2020-10-19,2020-10-15,2020-10-19,1988,1,0.08398114760020196,0.0008307829862039936,0.0008306446314654988,-0.0013265748965066333
2020-10-20,2020-10-16,2020-10-20,1986,3,0.08407236847410718,0.0004997189462810252,0.0004996899962070329,-0.0006083746441449663
2020-10-21,2020-10-19,2020-10-21,1986,3,0.1053507816800712,0.00050421772969762,0.0005041230327581815,-0.000983053789336752
2020-10-22,2020-10-20,2020-10-22,1986,3,0.011841151655120398,0.0005861722566348778,0.0005859812353827589,0.004029152300507642
2020-10-23,2020-10-21,2020-10-23,1986,3,0.12052983642262925,0.00045486143895277835,0.00045482087496590874,-0.0005956989188078164
2020-10-26,2020-10-22,2020-10-26,1987,2,0.07618348839620515,0.0005483010730366308,0.0005459002621385422,0.0071227015755107705
2020-10-27,2020-10-23,2020-10-27,1988,1,0.06744985013558126,0.0004324847768456588,0.0004324413575917487,-0.0009393005090243821
2020-10-28,2020-10-26,2020-10-28,1988,1,0.08399763722438867,0.0005842550921486684,0.000583626690218389,-0.0032052080996939725
2020-10-29,2020-10-27,2020-10-29,1988,1,0.08365784417508615,0.00044272714649462857,0.0004418151182778046,0.0037875841624257856
2020-10-30,2020-10-28,2020-10-30,1989,1,0.08030184346170732,0.000953640966455502,0.0009529717882698598,0.0032043481259024166
2020-11-02,2020-10-29,2020-11-02,1990,1,0.08822455758946691,0.0008215385341851214,0.0008197399639750473,-0.005500472657476523
2020-11-04,2020-10-30,2020-11-04,1990,1,0.03774715747590107,0.0010221057597210184,0.0010201490601019622,-0.008268225356699592
2020-11-05,2020-11-02,2020-11-05,1988,3,0.046052259898231834,0.0009779854129728098,0.0009779165290853564,-0.0014607592802106948
2020-11-06,2020-11-04,2020-11-06,1988,3,0.0660635527674488,0.000652945505489556,0.0006527943891079699,-0.0019801030761337456
2020-11-09,2020-11-05,2020-11-09,1989,2,0.029730653296264092,0.0009608799986304288,0.0009602405280934803,0.005688160810109968
2020-11-10,2020-11-06,2020-11-10,1987,4,0.04576542072742048,0.0021384992837161334,0.0021380648867844504,0.004206820230162574
2020-11-11,2020-11-09,2020-11-11,1984,7,0.03538794484229863,0.0008160250392355168,0.0008150762627158264,-0.00652468249420311
2020-11-12,2020-11-10,2020-11-12,1984,7,0.014961779849504668,0.000731085538815741,0.0007288546162021517,0.013245764236634535
2020-11-13,2020-11-11,2020-11-13,1985,6,0.01937367176311499,0.0012019269261658132,0.0011901928297867335,0.02873534350865834
2020-11-16,2020-11-12,2020-11-16,1986,5,0.02833999442085242,0.001069971152340523,0.0010569423217242663,-0.029970012923194546
2020-11-17,2020-11-13,2020-11-17,1983,8,0.03171927424800339,0.000742291950633751,0.0007386911763557101,0.014950683755995536
2020-11-18,2020-11-16,2020-11-18,1982,9,0.025974668176803405,0.0004973967809376688,0.0004921618499178805,0.019892689865145995
2020-11-19,2020-11-17,2020-11-19,1982,9,0.032738442331436496,0.00042728334188193014,0.0004252815104185149,-0.011014163072820018
2020-11-20,2020-11-18,2020-11-20,1983,8,0.029138770920295955,0.00034223731143798587,0.00034071688357797014,-0.01019876756072341
2020-11-24,2020-11-19,2020-11-24,1984,7,0.03634168044638955,0.0006971471294796926,0.0006956839476631474,-0.008951314936497168
2020-11-25,2020-11-20,2020-11-25,1984,7,0.04528551378649321,0.000500716136293946,0.0004965550449002779,0.01350803341263045
2020-11-26,2020-11-24,2020-11-26,1985,6,0.02735506046570234,0.0004591177726141374,0.000459117424566241,-0.00012938880433417506
2020-11-27,2020-11-25,2020-11-27,1987,4,0.030927011304144023,0.000513720873395671,0.0005134931395866724,-0.0038174319283311962
2020-11-30,2020-11-26,2020-11-30,1988,3,0.02901384639990528,0.0011297344673448196,0.001126973131537492,0.013770577949302192
2020-12-01,2020-11-27,2020-12-01,1988,3,0.031994891251179214,0.0005419061084287951,0.0005371336386419027,-0.016319514550712143
2020-12-02,2020-11-30,2020-12-02,1988,3,0.023230651667936548,0.0004251746067355586,0.0004251450076820801,-0.001308441167460189
2020-12-03,2020-12-01,2020-12-03,1988,3,0.05615656582353816,0.0005250637723824524,0.0005248921551612498,0.002460195087059857
2020-12-04,2020-12-02,2020-12-04,1988,3,0.06312416719353472,0.0004899696830243981,0.0004898118614082252,0.0021245500956378676
2020-12-07,2020-12-03,2020-12-07,1988,3,0.08626190072971564,0.0007051548981314586,0.0007040838194465333,0.004927424588285966
2020-12-08,2020-12-04,2020-12-08,1989,2,0.057954299129444296,0.00040887111763239357,0.00040450867348781064,-0.012253716504199996
2020-12-09,2020-12-07,2020-12-09,1989,2,0.06121539213469944,0.0005279506884445561,0.0005277732889917018,-0.0022400623257887763
2020-12-10,2020-12-08,2020-12-10,1990,1,0.05156550031800892,0.00037236053306747706,0.00037179073156646576,0.004694769348330214
2020-12-11,2020-12-09,2020-12-11,1990,1,0.0643727231637065,0.0005275522282092975,0.0005275521187309328,5.8233831414906603e-05
2020-12-14,2020-12-10,2020-12-14,1990,1,0.08015674836239506,0.0005344332415411441,0.0005338158730388333,-0.003914139949469313
2020-12-15,2020-12-11,2020-12-15,1990,1,0.07330528259676643,0.00045033518624378125,0.0004495626834613972,0.004135618350471639
2020-12-16,2020-12-14,2020-12-16,1989,2,0.05100173640589448,0.000520736546164691,0.0005206961489020178,0.0010071658247177823
2020-12-17,2020-12-15,2020-12-17,1988,2,0.0630925552429332,0.0004889344166236369,0.0004889229919388306,0.00048119665212153557
2020-12-18,2020-12-16,2020-12-18,1992,1,0.06569082401623452,0.00037895338937579253,0.00037888423182181664,-0.0014477182928188945
2020-12-21,2020-12-17,2020-12-21,1993,1,0.07018068797714139,0.0003609779631978501,0.00036044954375997215,0.0038723947411419394
2020-12-22,2020-12-18,2020-12-22,1994,1,0.07791970968168067,0.0009723166876052902,0.0009718291293522077,0.00334992453875591
2020-12-23,2020-12-21,2020-12-23,1995,1,0.10911935362095661,0.0003899421566536597,0.0003883414140857797,-0.005395060240278132
2020-12-24,2020-12-22,2020-12-24,1997,1,0.09367474230022359,0.0004532814697687454,0.00045328104382313326,-8.304237790810495e-05
2020-12-25,2020-12-23,2020-12-25,1998,1,0.1363949619225839,0.00037905495306166657,0.000379038469881842,-0.00044765481713314367
2020-12-28,2020-12-24,2020-12-28,1998,1,0.1580367378013453,0.00042649547341496385,0.00042609067967635703,0.0020136152537455123
2020-12-29,2020-12-25,2020-12-29,1998,1,0.11084354918915244,0.0005200299900594747,0.0005195077569749927,-0.002437229389035215
2020-12-30,2020-12-28,2020-12-30,1998,1,0.06567775780435434,0.00034383397650090757,0.0003435336758864457,0.0022520001064163632
2021-01-04,2020-12-29,2021-01-04,1998,1,0.10584960888714817,0.0006852417008410533,0.0006851141353845092,0.0011750516746983773
2021-01-05,2020-12-30,2021-01-05,1998,1,0.1696885629723942,0.00037046547196532543,0.0003703964941215158,0.0006971500615378602
2021-01-06,2021-01-04,2021-01-06,1998,1,0.11525540289895238,0.00042202870877572574,0.00042200388059457426,-0.0004862816794604131
2021-01-07,2021-01-05,2021-01-07,1998,1,0.1220711390739745,0.0005147913302152197,0.0005147236153054116,-0.0007746078906668305
2021-01-08,2021-01-06,2021-01-08,1998,1,0.08465125228122836,0.0005553881405614379,0.000555380656762702,0.0003047427584667746
2021-01-12,2021-01-07,2021-01-12,1998,1,0.04551567336469151,0.0005659500722279198,0.000565939412260989,-0.0004890376310008412
2021-01-13,2021-01-08,2021-01-13,1998,1,0.03249163042263842,0.0005484374187406009,0.00054843604168914,0.00020715043824142646
2021-01-14,2021-01-12,2021-01-14,1998,1,0.03872276003863706,0.0005145234905553644,0.0005144594383959529,0.0012996924906922593
2021-01-15,2021-01-13,2021-01-15,1998,1,0.039241979360780645,0.000710180721591808,0.0007101752200191587,0.0003778189506260796
2021-01-18,2021-01-14,2021-01-18,1999,0,0.03470560449425518,0.0004599473692448135,0.0004599397212153911,-0.00047340865125614155
2021-01-19,2021-01-15,2021-01-19,1998,1,0.05312148372096139,0.0004506348139147827,0.0004484009458157542,-0.007491911880252262
2021-01-20,2021-01-18,2021-01-20,1998,1,0.0802603370377652,0.00040655236884872486,0.0004051698150536863,0.004973857285090632
2021-01-21,2021-01-19,2021-01-21,1998,1,0.08997011484572563,0.00039909080181036637,0.00039474544642769137,-0.008148523144195938
2021-01-22,2021-01-20,2021-01-22,1998,1,0.07732150932453674,0.0004282309329687582,0.00042677541416681787,0.0048136369959160055
2021-01-25,2021-01-21,2021-01-25,1998,1,0.07944145313894466,0.000509122044307109,0.0005085024209373375,0.003036976123990617
2021-01-26,2021-01-22,2021-01-26,1998,1,0.042122959374181,0.0004781203382458682,0.00047810882572941495,-0.0005408075627122943
2021-01-27,2021-01-25,2021-01-27,1998,1,0.05653317920529601,0.0004033320988706362,0.0004033195008699725,0.0004896967200082984
2021-01-28,2021-01-26,2021-01-28,1998,1,0.012351263435562865,0.0005992693875050641,0.0005992631100856435,0.0007174330394418642
2021-01-29,2021-01-27,2021-01-29,1998,1,0.06433112216647716,0.0008045273976338788,0.000803679392481412,0.0037420342709056386
2021-02-01,2021-01-28,2021-02-01,1999,0,0.023424606776110673,0.0006816878391972146,0.0006811408118396571,-0.005256553158098983
2021-02-02,2021-01-29,2021-02-02,1998,1,0.06529845029792065,0.0007218942828548607,0.0007206097785746078,-0.006087540763096263
2021-02-03,2021-02-01,2021-02-03,1998,1,0.04562803462709462,0.000543617628293901,0.0005436168613931554,0.00017324664362507771
2021-02-04,2021-02-02,2021-02-04,1998,1,0.04251815202516326,0.00042647048318672455,0.000426282022183531,0.0025952638331021775
2021-02-05,2021-02-03,2021-02-05,1998,1,0.04732633095204831,0.0007095686249734761,0.0007093630218568423,-0.0025169595621790525
2021-02-08,2021-02-04,2021-02-08,1996,3,0.056490264654020024,0.0007384676564945976,0.0007378410046073422,-0.004500808026135706
2021-02-09,2021-02-05,2021-02-09,1995,4,0.028616011821750775,0.0005746915309543129,0.000565636995389967,0.020571311340764536
2021-02-10,2021-02-08,2021-02-10,1996,3,0.02062607024490827,0.0005895646081878364,0.0005891161084832033,0.0056607323326109986
2021-02-12,2021-02-09,2021-02-12,1995,4,0.02865871589133319,0.0008099127997830433,0.0008099125577837194,0.0001282506512980936
2021-02-15,2021-02-10,2021-02-15,1994,5,0.022563049162571968,0.00081630542423963,0.0008160536682554734,-0.0046567818219485375
2021-02-16,2021-02-12,2021-02-16,1991,8,0.023326170126632424,0.0005789497086841854,0.0005774330888721981,0.011121258348242912
2021-02-17,2021-02-15,2021-02-17,1990,9,0.024121972854545544,0.000660051603555511,0.000656892302492545,-0.015652444987638865
2021-02-18,2021-02-16,2021-02-18,1990,9,0.02250660242048553,0.0007650537247562196,0.0007578373219899635,0.024611830194170754
2021-02-19,2021-02-17,2021-02-19,1993,7,0.022254847270995845,0.0005467800821211021,0.000546482743992939,-0.005083307180522372
2021-02-22,2021-02-18,2021-02-22,1995,5,0.01890428950503598,0.0006181611451165831,0.0006038851149191443,-0.03874344173077862
2021-02-24,2021-02-19,2021-02-24,1995,5,0.02358665124247696,0.0009652156786958392,0.0009571096983982685,0.02613638245018428
2021-02-25,2021-02-22,2021-02-25,1996,4,0.02302829788594158,0.0005016506853738798,0.0004964890010140665,-0.021135845820151326
2021-02-26,2021-02-24,2021-02-26,1996,4,0.028741736208341043,0.0007995320183254353,0.0007880474545653496,0.028211566376065776
2021-03-01,2021-02-25,2021-03-01,1998,2,0.02127654994020725,0.0008792773315633507,0.0008539877527384654,-0.04871078286450199
2021-03-02,2021-02-26,2021-03-02,1998,2,0.026412762685760986,0.00038410655784634746,0.0003819233963095217,0.012807220340476003
2021-03-03,2021-03-01,2021-03-03,1998,2,0.033171192091873726,0.0004086242593788382,0.00040780650515508923,-0.007014306905791874
2021-03-04,2021-03-02,2021-03-04,1999,1,0.041378961232004366,0.0003791763969182322,0.00037699375432620024,0.01025192972785137
2021-03-05,2021-03-03,2021-03-05,1999,1,0.05160283016799771,0.0003303447180897278,0.0003300699672068983,-0.0032548556793692953
2021-03-08,2021-03-04,2021-03-08,1999,1,0.058295460366679985,0.0003774939053668151,0.00037740473176424975,-0.001667666643506597
2021-03-09,2021-03-05,2021-03-09,2000,0,0.058874074046184215,0.0006627577725796243,0.0006611212489733034,-0.006649459460542984
2021-03-10,2021-03-08,2021-03-10,2000,0,0.07293482049661712,0.00033892758917905303,0.00033496569141615377,0.009595461555292537
2021-03-11,2021-03-09,2021-03-11,2000,0,0.03499567548340471,0.0004078543783475036,0.00040753229255683537,-0.003305367574561786
2021-03-12,2021-03-10,2021-03-12,2000,0,0.07789847500596071,0.00045184366819653457,0.00045179498980639287,-0.0009323782792265702
2021-03-15,2021-03-11,2021-03-15,2000,0,0.06673610014213542,0.0005763790676244398,0.0005758082433333518,-0.003255853225068048
2021-03-16,2021-03-12,2021-03-16,2000,0,0.04662463601359009,0.00043272931488566124,0.000432726219149597,0.00027303400500232523
2021-03-17,2021-03-15,2021-03-17,2000,0,0.04034234539505338,0.00037845361643690413,0.00037803568221518195,0.003350253611401507
2021-03-18,2021-03-16,2021-03-18,2000,0,0.043864455433311154,0.00032128993433265247,0.00032128567528331926,-0.0003228592019181429
2021-03-19,2021-03-17,2021-03-19,2000,0,0.02046524762071681,0.0003776550607571923,0.0003775762190410691,-0.001988499829761399
2021-03-22,2021-03-18,2021-03-22,1999,1,0.03844954060097529,0.0004601844309641977,0.0004598920822082726,0.002821969201780473
2021-03-23,2021-03-19,2021-03-23,1999,1,0.013063183263403897,0.0006650299020863607,0.0006648532854049336,0.0036998071470809215
2021-03-24,2021-03-22,2021-03-24,1999,1,0.04141887553585074,0.0011026300465667722,0.0011012624954932272,0.005837979554170996
2021-03-25,2021-03-23,2021-03-25,2000,0,0.08214439601754692,0.0005095691455459458,0.0005070404180911145,-0.00721041096209596
2021-03-26,2021-03-24,2021-03-26,2000,0,0.11747602868049972,0.0005432164311951717,0.0005431523513413664,-0.0010117188940570359
2021-03-29,2021-03-25,2021-03-29,2000,0,0.14326931606516394,0.0004469983748805115,0.00044454535036387454,0.005610866617573182
2021-03-30,2021-03-26,2021-03-30,2000,0,0.07370082169435489,0.0007514737019465525,0.0007512954044182722,0.0017259542013284023
2021-03-31,2021-03-29,2021-03-31,2000,0,0.027132313423297524,0.0006230525399718991,0.0006230481375858848,-0.0004144530527880794
2021-04-01,2021-03-30,2021-04-01,2000,0,0.13206664713282595,0.0004306060620596679,0.0004305032445060393,-0.0009965002607388346
2021-04-02,2021-03-31,2021-04-02,2000,0,0.132321625163366,0.0003455575373686996,0.0003455547108629523,0.0001607624957414071
2021-04-05,2021-04-01,2021-04-05,2000,0,0.11238754121221754,0.00032097221672457084,0.00032050950181073377,-0.0021610659566762233
2021-04-06,2021-04-02,2021-04-06,2000,0,0.06914950064162087,0.000513331093203542,0.0005131990257909047,0.0014241808013159165
2021-04-07,2021-04-05,2021-04-07,2000,0,0.08260633232170511,0.0003366050926236833,0.0003365980460147007,-0.00030087880460680986
2021-04-08,2021-04-06,2021-04-08,2000,0,0.13463845208567904,0.0005679932724388649,0.000567782758724088,0.001305548034118131
2021-04-09,2021-04-07,2021-04-09,2000,0,0.1291381129858532,0.0002470471735118827,0.0002470416968707314,0.00021287632180229626
2021-04-12,2021-04-08,2021-04-12,2000,0,0.11265690009413473,0.00049036835863803,0.0004902130852786916,-0.0012020879995639456
2021-04-13,2021-04-09,2021-04-13,2000,0,0.11482775252584342,0.00029968944510206356,0.00029968697687459724,-0.00015141854592400943
2021-04-14,2021-04-12,2021-04-14,2000,0,0.11471454185783171,0.00030251662149261276,0.0003025143485155613,-0.0001446000678910475
2021-04-15,2021-04-13,2021-04-15,2000,0,0.122788081494529,0.00034165132657469475,0.0003416490130847288,-0.00014083666617404172
2021-04-16,2021-04-14,2021-04-16,2000,0,0.12363013881742156,0.00026028170030501174,0.0002602014937505344,0.000861088490155826
2021-04-19,2021-04-15,2021-04-19,2000,0,0.09950559810710867,0.00034722055139400345,0.00034658616393092067,-0.0026733068877988287
2021-04-20,2021-04-16,2021-04-20,2000,0,0.08770447666216483,0.00040820231210742197,0.00040819898772026156,-0.00020728385701774865
2021-04-21,2021-04-19,2021-04-21,2000,0,0.1079021199460343,0.000737109030225742,0.0007371078970744298,0.00010899812720554847
2021-04-22,2021-04-20,2021-04-22,2000,0,0.09503480832336114,0.000526009930231285,0.0005259924227162924,0.0004479380041720531
2021-04-23,2021-04-21,2021-04-23,2000,0,0.054483097808363065,0.00031910901986995674,0.0003191018057502256,0.0003753533057280116
2021-04-26,2021-04-22,2021-04-26,2000,0,0.11705474120463458,0.0003404429556832252,0.00034042325326001346,0.00043331572920854346
2021-04-27,2021-04-23,2021-04-27,2000,0,0.09781928408257055,0.00030774131331744235,0.00030766689533733927,0.0009041672054647449
2021-04-28,2021-04-26,2021-04-28,2000,0,0.13483927880743798,0.0003668325987334761,0.00036678250657029565,-0.000634321074286748
2021-04-30,2021-04-27,2021-04-30,2000,0,0.0248276973527415,0.0005099962136717915,0.0005099513182501666,0.0013558207103879798
2021-05-06,2021-04-28,2021-05-06,1997,2,0.04655759531205211,0.0007084130348368375,0.0007083520413482569,-0.0012491460696888283
2021-05-07,2021-04-30,2021-05-07,1995,4,0.04473595690262338,0.0005778348827178683,0.0005776491486997494,-0.00223292857755725
2021-05-10,2021-05-06,2021-05-10,1995,4,0.05663558021795263,0.0005617627600416269,0.0005617569363029961,0.00043554213775739444
2021-05-11,2021-05-07,2021-05-11,1995,4,0.0009036011987954249,0.0009465983686016376,0.000946598243666201,0.0003729400524135198
2021-05-12,2021-05-10,2021-05-12,1994,5,0.049403131244181116,0.0009109578537455817,0.0009109232341069384,-0.0010067010753958521
2021-05-13,2021-05-11,2021-05-13,1994,5,0.03628689543400752,0.0009825459586323305,0.0009824628389699921,-0.0021314335117525772
2021-05-14,2021-05-12,2021-05-14,1989,10,0.023833602709688834,0.0010839542787230035,0.0010834587784729014,-0.00538988595418473
2021-05-17,2021-05-13,2021-05-17,1990,9,0.028587258936065882,0.0010438497172227592,0.001038694733183886,0.018265595890041137
2021-05-18,2021-05-14,2021-05-18,1983,16,0.02131053188401001,0.0007100441259757889,0.0007054017943138119,-0.02040850415371893
2021-05-19,2021-05-17,2021-05-19,1980,19,0.01590706667063144,0.00037088321310184993,0.0003708346577769858,0.0022460721195425113
2021-05-20,2021-05-18,2021-05-20,1984,15,0.011103283821813218,0.0004331861164192824,0.0004321785068883667,-0.011515646224001277
2021-05-21,2021-05-19,2021-05-21,1988,11,0.011009690687058286,0.0003086706511187065,0.00030767949172537406,0.011769056408752598
2021-05-24,2021-05-20,2021-05-24,1987,12,0.0137253602213182,0.00035496845580656696,0.00035494564505663014,0.001599259018380499
2021-05-25,2021-05-21,2021-05-25,1990,9,0.014463105656976305,0.0003255908533923068,0.00032505675785644643,0.008514467323451848
2021-05-26,2021-05-24,2021-05-26,1992,7,0.015557793564325484,0.000337980845081815,0.0003371693850907008,0.009507057075898244
2021-05-27,2021-05-25,2021-05-27,1992,7,0.019439551415950503,0.00040212711818906873,0.0004011444145866754,-0.0093614114573699
2021-05-28,2021-05-26,2021-05-28,1992,7,0.024261001362887797,0.0006308916064321399,0.0006293977618796908,-0.010329187598658082
2021-05-31,2021-05-27,2021-05-31,1992,7,0.02252332079135264,0.0004215370445900709,0.00042097678852229725,0.006023310284168437
2021-06-01,2021-05-28,2021-06-01,1993,6,0.030922023697494548,0.00026594654269271176,0.0002659139834227785,0.0014234423909853507
2021-06-02,2021-05-31,2021-06-02,1993,6,0.039496251088815874,0.00039792609099704204,0.0003970347093100588,0.0066605396423367255
2021-06-03,2021-06-01,2021-06-03,1993,6,0.049448467644901406,0.0003196220455654217,0.0003190298989112064,-0.004857745147682987
2021-06-04,2021-06-02,2021-06-04,1994,5,0.04558678918722805,0.00030411450512854123,0.00030411156350130175,0.0003184553464036746
2021-06-07,2021-06-03,2021-06-07,1995,4,0.046446497005571755,0.00030709305229659027,0.00030704697752928874,0.0013984477991781485
2021-06-08,2021-06-04,2021-06-08,1995,4,0.0577995029022897,0.00031632760738710587,0.00031592661502622397,0.003691920754606048
2021-06-09,2021-06-07,2021-06-09,1995,4,0.07223357890841738,0.0002972642235372572,0.00029726031784685185,0.00032610395119732545
2021-06-10,2021-06-08,2021-06-10,1996,3,0.054293135339094155,0.00026774796201932296,0.0002668335189619812,-0.004978826256856515
2021-06-11,2021-06-09,2021-06-11,1998,1,0.04214526214090777,0.00031588715453311796,0.00031588096119084956,0.00048515653625922327
2021-06-14,2021-06-10,2021-06-14,1999,0,0.03699476998780887,0.0003468080674917569,0.00034669483414190386,-0.0020417165706254946
2021-06-15,2021-06-11,2021-06-15,1999,0,0.04531913174866442,0.00033532453256795915,0.00033529758457825887,-0.0008971887003269541
2021-06-16,2021-06-14,2021-06-16,1999,0,0.05438026301313935,0.0003067912861830251,0.00030670379450406044,-0.0014723369156450737
2021-06-17,2021-06-15,2021-06-17,1999,0,0.06538661293622458,0.0003004067643864631,0.0002994515806213072,0.004433310672991374
2021-06-18,2021-06-16,2021-06-18,1999,0,0.01802061997272004,0.00046749513495302164,0.00046747301393361206,0.0011407307042625723
2021-06-21,2021-06-17,2021-06-21,1999,0,0.09749937356669944,0.0006553581947314392,0.0006544474242863968,0.00351854352599664
2021-06-22,2021-06-18,2021-06-22,1999,0,0.04823859331249932,0.0008599636863315044,0.0008586412123402221,-0.005510757173650735
2021-06-23,2021-06-21,2021-06-23,1999,0,0.04703012791836305,0.000314139123282116,0.0003141375391662566,0.00019094512986218078
2021-06-24,2021-06-22,2021-06-24,1999,0,0.02793258418106755,0.0003451775176263079,0.0003451569352447416,-0.0008743878688718616
2021-06-25,2021-06-23,2021-06-25,1999,0,0.10990904049533562,0.00034708427940547277,0.00034693560324831674,-0.0012359459742986056
2021-06-28,2021-06-24,2021-06-28,1999,0,0.12224974586656862,0.0003032861164818665,0.00030307731519287284,-0.0013790829200959662
2021-06-29,2021-06-25,2021-06-29,1999,0,0.12833369931641533,0.0003681705896585502,0.00036808970370345347,0.0008302729519574051
2021-06-30,2021-06-28,2021-06-30,1999,0,0.08768920972836233,0.0003437253937165185,0.00034372126261920916,-0.0002223958023052659
2021-07-01,2021-06-29,2021-07-01,1999,0,0.08698392450417466,0.0003512193475518557,0.0003512132366370725,0.00027367119780278453
2021-07-02,2021-06-30,2021-07-02,1999,0,0.024122874267117688,0.0003643247035793684,0.0003642914007554123,-0.0012406674093660389
2021-07-05,2021-07-01,2021-07-05,1999,0,0.10725388010661727,0.00023791572506266865,0.00023791570998621083,1.4904452596878444e-05
2021-07-06,2021-07-02,2021-07-06,1999,0,0.10626407891929958,0.00023701745755350828,0.00023691156778710406,-0.0011859120664683127
2021-07-07,2021-07-05,2021-07-07,1999,0,0.10263735124742258,0.00025654944342140795,0.0002564058404685783,0.0013444281989698323
2021-07-08,2021-07-06,2021-07-08,1999,0,0.006604022976285327,0.0003517252760509588,0.0003517041172274144,0.0018012057932931856
2021-07-09,2021-07-07,2021-07-09,1999,0,0.08287334549187444,0.0002633910153733058,0.0002631673973201807,-0.0017595514279551265
2021-07-12,2021-07-08,2021-07-12,1999,0,0.056356529239658115,0.0006902629126964654,0.0006899459148569819,-0.0024597366461064163
2021-07-13,2021-07-09,2021-07-13,1999,0,0.0294369164436875,0.00036084212995661773,0.0003608414023128729,0.0001597540602667721
2021-07-14,2021-07-12,2021-07-14,1999,0,0.0912563568635799,0.0003108726948369674,0.0003108715954028283,0.00011436485978043948
2021-07-15,2021-07-13,2021-07-15,1999,0,0.07602193332127825,0.00037305192352272813,0.00037296870795955025,0.0010756375669505507
2021-07-16,2021-07-14,2021-07-16,1998,1,0.07885128727437322,0.00026659717444711364,0.0002665605122400243,0.0006995476563458817
2021-07-19,2021-07-15,2021-07-19,1998,1,0.08901142052792088,0.0004024670773949822,0.00040173822119636993,0.003270351909692278
2021-07-20,2021-07-16,2021-07-20,1997,2,0.10655403157809554,0.00027905461303581703,0.00027809806220437864,0.003407050047291724
2021-07-21,2021-07-19,2021-07-21,1997,2,0.11003242600694232,0.00031773729224450703,0.00031548072833753236,-0.005023728929903229
2021-07-26,2021-07-20,2021-07-26,1997,2,0.09425965712802169,0.0004999750548512447,0.0004999428998274415,-0.000625679463949828
2021-07-27,2021-07-21,2021-07-27,1997,2,0.12522929574672084,0.00033594925476798795,0.00033591414892680934,-0.000579942349345545
2021-07-28,2021-07-26,2021-07-28,1997,2,0.004070234723818679,0.00039495823876301516,0.00039494608070431706,0.0017320756239650507
2021-07-29,2021-07-27,2021-07-29,1997,2,0.0772457219809671,0.0003700575949369313,0.0003694028802396667,-0.0030370504055500526
2021-07-30,2021-07-28,2021-07-30,1997,2,0.10556043898978058,0.0006975091681292599,0.0006963611281277632,0.0034937113187349443
2021-08-02,2021-07-29,2021-08-02,1997,2,0.056663493504878364,0.0008945840148190374,0.0008945725492680197,0.00046176509607530146
2021-08-03,2021-07-30,2021-08-03,1996,3,0.036144843169624276,0.00033273907107107115,0.00033192043668942413,0.005353241824102392
2021-08-04,2021-08-02,2021-08-04,1995,4,0.027962634608533415,0.0004071899006815909,0.0004068751931222657,0.004203185356455579
2021-08-05,2021-08-03,2021-08-05,1996,3,0.029499201139386293,0.0004464185302574754,0.00044522111068522166,-0.00896564579989976
2021-08-06,2021-08-04,2021-08-06,1994,5,0.029419419668542463,0.0005720224615441901,0.0005719809721648619,0.0016740830870002658
2021-08-10,2021-08-05,2021-08-10,1993,6,0.03536328291241429,0.0008480806260490331,0.0008462152722461204,-0.010141811025098663
2021-08-11,2021-08-06,2021-08-11,1990,9,0.026701795899579644,0.0006633369234241811,0.0006627457748788064,-0.005993905949346442
2021-08-12,2021-08-10,2021-08-12,1987,12,0.025130322073252987,0.000554029746682108,0.00055380837424297,0.003610691934318263
2021-08-13,2021-08-11,2021-08-13,1986,13,0.011857731451388905,0.000670036725040148,0.0006685472597382383,0.012295518756435858
2021-08-16,2021-08-12,2021-08-16,1986,13,0.02140941405826479,0.0008798157471063433,0.0008725373180653509,0.022052949990393315
2021-08-17,2021-08-13,2021-08-17,1986,13,0.018439605118735825,0.0005511144589468699,0.0005508341563687571,-0.004703704662436339
2021-08-18,2021-08-16,2021-08-18,1986,13,0.017948071436233545,0.00042711288219908353,0.00042657646456365254,-0.006600417332861867
2021-08-19,2021-08-17,2021-08-19,1987,12,0.018626030966160473,0.0005273240251617605,0.0005263669439199114,0.008658283966327224
2021-08-20,2021-08-18,2021-08-20,1989,10,0.010446626680588472,0.0005161005185541722,0.0005160555855176022,-0.0022378617314607885
2021-08-23,2021-08-19,2021-08-23,1991,8,0.017413065653826228,0.0007340936435065758,0.0007281335665893654,-0.021541670785933123
2021-08-24,2021-08-20,2021-08-24,1992,7,0.01793384270035928,0.0005654658204591203,0.0005647127043576547,-0.007320107164727078
2021-08-25,2021-08-23,2021-08-25,1993,6,0.018880314555919743,0.00031227144623479367,0.00031208888815276246,0.003438616629138796
2021-08-26,2021-08-24,2021-08-26,1993,6,0.023554721891398015,0.0003303399273673938,0.0003303021071289191,0.0014010765259239437
2021-08-27,2021-08-25,2021-08-27,1995,4,0.019201507581471895,0.00025316373591409414,0.0002531436731827614,0.0010888561497962791
2021-08-30,2021-08-26,2021-08-30,1995,4,0.02397447304850983,0.00042450002474849976,0.00042395703071627174,-0.0050694362001749566
2021-08-31,2021-08-27,2021-08-31,1995,4,0.02993877402203432,0.00033721431240850094,0.0003371919424417511,0.0009207689214638236
2021-09-01,2021-08-30,2021-09-01,1995,4,0.03723128444950846,0.00031838009345127916,0.0003183358934724364,0.0011602957093340238
2021-09-02,2021-08-31,2021-09-02,1995,4,0.04626508491936003,0.00036667578884448724,0.00036638177668250053,0.0026847794119744762
2021-09-03,2021-09-01,2021-09-03,1995,4,0.05698180878307442,0.0005132769567789762,0.0005129090345438687,-0.0027037167467354245
2021-09-06,2021-09-02,2021-09-06,1995,4,0.07146375771817035,0.00041615790212679656,0.0004161105843712436,-0.0008662600081586752
2021-09-07,2021-09-03,2021-09-07,1995,4,0.03216994339875816,0.0003647765484387685,0.00036461647118307835,0.0022795533897758693
2021-09-08,2021-09-06,2021-09-08,1996,3,0.04909930052886474,0.000268734962601688,0.00026869348617741443,0.0009439083164158786
2021-09-09,2021-09-07,2021-09-09,1996,3,0.030377438732490172,0.00037481771692258873,0.00037461277381892015,0.002632542345403102
2021-09-10,2021-09-08,2021-09-10,1996,3,0.035852226914702676,0.0004912905661327099,0.0004912483778627633,-0.0010986227855262311
2021-09-13,2021-09-09,2021-09-13,1996,3,0.0498435745586185,0.00040759161259016903,0.0004073932665278938,-0.0020233485014129033
2021-09-14,2021-09-10,2021-09-14,1996,3,0.01658101326899326,0.0003179536706066602,0.0003179520333992374,-0.0003154836852496986
2021-09-15,2021-09-13,2021-09-15,1997,2,0.03172406426420539,0.0007944709372787786,0.0007940306593928522,0.003750784518138001
2021-09-16,2021-09-14,2021-09-16,1998,1,0.024364857160107223,0.0006072932098406461,0.000607108233326158,0.0029207869419897096
2021-09-17,2021-09-15,2021-09-17,1998,1,0.05345413951718369,0.00041630698259223525,0.00041629790020673553,-0.00046238073113085305
2021-09-21,2021-09-16,2021-09-21,1998,1,0.046016743141965064,0.0006728540292520783,0.0006722176718630947,0.004013633699674048
2021-09-22,2021-09-17,2021-09-22,1998,1,0.020545098301386143,0.000567192968103053,0.0005670025121188908,0.0031248243130677276
2021-09-24,2021-09-21,2021-09-24,1998,1,0.07517025883624481,0.0010752846563407137,0.0010745504339302087,-0.0033865401786961377
2021-09-27,2021-09-22,2021-09-27,1999,0,0.07165835119120871,0.00037875995938374004,0.0003787076423371531,0.0009075698680022653
2021-09-28,2021-09-24,2021-09-28,1999,0,0.04238880227363878,0.0005869286114206954,0.0005868200456893868,0.0016452592117720923
2021-09-29,2021-09-27,2021-09-29,1999,0,0.052835551702297395,0.0006405804825565448,0.0006404102110769463,0.0018454374524117156
2021-09-30,2021-09-28,2021-09-30,1999,0,0.041087726325338386,0.0004318191559356328,0.00043180561334716934,0.0005839647660901194
2021-10-01,2021-09-29,2021-10-01,1999,0,0.06829806635813022,0.0006680729243223205,0.0006679596551103046,0.0013175322215842938
2021-10-04,2021-09-30,2021-10-04,1998,0,0.07859013096204556,0.0005575690697776915,0.0005575356242869279,0.0006662079710036012
2021-10-05,2021-10-01,2021-10-05,1998,0,0.07364239245867261,0.00039006993142848956,0.00039006418141095887,0.0002840704816682108
2021-10-06,2021-10-04,2021-10-06,1998,0,0.08590623386904575,0.00043615627620158465,0.0004361243761526606,-0.000619449966028877
2021-10-07,2021-10-05,2021-10-07,1998,0,0.04817660025870351,0.0004461645390994838,0.0004461593731272962,-0.0003300714394445979
2021-10-08,2021-10-06,2021-10-08,1998,0,0.05847112541544387,0.0005017692983418017,0.0005017320756513174,-0.0008040919369422708
2021-10-11,2021-10-07,2021-10-11,1998,0,0.08599802455238156,0.0004677359101594089,0.000467664113117581,-0.0009226444980719701
2021-10-12,2021-10-08,2021-10-12,1998,0,0.11813973674259484,0.0005065296697098274,0.0005065028936906797,0.0005187511422340375
2021-10-13,2021-10-11,2021-10-13,1998,0,0.0948767042833372,0.00045294965203394454,0.0004529433566600206,-0.0002877581704226768
2021-10-14,2021-10-12,2021-10-14,1998,0,0.10353579032336091,0.0003843880682298629,0.0003842994492776356,-0.0010177674174011145
2021-10-15,2021-10-13,2021-10-15,1998,0,0.11674501221455508,0.0009729989133321073,0.0009721853390496591,-0.0028771165192701333
2021-10-18,2021-10-14,2021-10-18,1998,0,0.10480122964996946,0.0004316535801210629,0.0004316441547633927,-0.0003950527834440221
2021-10-19,2021-10-15,2021-10-19,1998,0,0.08453438117920063,0.00038783470929133475,0.0003870982996485514,0.0034734392238803162
2021-10-20,2021-10-18,2021-10-20,1998,0,0.07499180083519345,0.0003061476869356553,0.000305720482984194,-0.0027035397765486713
2021-10-21,2021-10-19,2021-10-21,1998,0,0.14466724290035954,0.0004020568335772997,0.00040116455878150183,0.0030587739781552234
2021-10-22,2021-10-20,2021-10-22,1998,0,0.11359643817159354,0.0002674813920240105,0.0002674812852634214,3.458479712488188e-05
2021-10-25,2021-10-21,2021-10-25,1998,0,0.15662359791344943,0.0002827633150423518,0.0002826854606319066,-0.0008069151146902964
2021-10-26,2021-10-22,2021-10-26,1998,0,0.1442171324853057,0.0003540271459562208,0.0003540249549338979,-0.00014442747202587843
2021-10-27,2021-10-25,2021-10-27,1998,0,0.1410867998567009,0.00028267941425314577,0.00028266634077131855,-0.00034313660183691474
2021-10-28,2021-10-26,2021-10-28,1998,0,0.15730904333042406,0.00044585885863685176,0.00044569475695771207,0.0011371595531873935
2021-10-29,2021-10-27,2021-10-29,1997,1,0.09308274325116042,0.00043854375013505163,0.00043850823974798535,-0.0006486605915718099
2021-11-01,2021-10-28,2021-11-01,1997,1,0.02458924612701653,0.0009164732971086154,0.0009163116610100883,-0.0026081701946888153
2021-11-02,2021-10-29,2021-11-02,1997,1,0.060972109680999226,0.00045941583763965715,0.00045936415098283255,0.0009736371518739987
2021-11-04,2021-11-01,2021-11-04,1997,1,0.04945770426669443,0.00077960275272752,0.0007789275892953924,-0.004916656637368587
2021-11-05,2021-11-02,2021-11-05,1996,1,0.062563530690282,0.0007319168763568188,0.0007309463612372342,0.005288274544957577
2021-11-08,2021-11-04,2021-11-08,1996,1,0.027486169120540006,0.0007042197035268352,0.0007041486921738919,-0.0017642054856351129
2021-11-09,2021-11-05,2021-11-09,1994,3,0.07315148387165964,0.0005596651383493198,0.0005596614184171797,-0.0002911831898437264
2021-11-10,2021-11-08,2021-11-10,1989,7,0.02794514851441566,0.0006478811770144437,0.0006478000529498947,-0.0018349648506393484
2021-11-11,2021-11-09,2021-11-11,1988,8,0.04650423259468387,0.0006178140827450961,0.0006175005304193637,-0.003006503261504399
2021-11-12,2021-11-10,2021-11-12,1990,6,0.02830829734478496,0.0010069648314937907,0.0010053756711807284,-0.010131108339897313
2021-11-15,2021-11-11,2021-11-15,1990,6,0.02762939375044322,0.000997992194806213,0.0009966958764090709,0.008661988072150718
2021-11-16,2021-11-12,2021-11-16,1988,8,0.027831635112770526,0.0005720918554943806,0.0005720807143910333,-0.0007794650700637153
2021-11-17,2021-11-15,2021-11-17,1987,9,0.02242819456702852,0.000547446935276429,0.0005467666390524966,0.006453718826888765
2021-11-18,2021-11-16,2021-11-18,1989,7,0.02234220227957588,0.0003767035573355766,0.0003763968405579696,-0.004886529260465508
2021-11-19,2021-11-17,2021-11-19,1992,5,0.022790327990706686,0.00036820293063580267,0.0003681337683912719,-0.002354964728440882
2021-11-22,2021-11-18,2021-11-22,1992,5,0.02864918269016402,0.0003527337626102366,0.000352492224481828,0.003935943774029364
2021-11-24,2021-11-19,2021-11-24,1994,3,0.02680435274828026,0.0005662908080091806,0.0005642201728037801,0.011915144758785842
2021-11-25,2021-11-22,2021-11-25,1995,2,0.02632463935246496,0.0003037521086234624,0.00030334096099484867,-0.004934057632490218
2021-11-26,2021-11-24,2021-11-26,1995,2,0.03286934042040071,0.0005222457316142935,0.0005202283701875647,0.009780480313580893
2021-11-29,2021-11-25,2021-11-29,1995,2,0.04102433414569987,0.0009075896934656141,0.0009057221718283611,0.008421771956800966
2021-11-30,2021-11-26,2021-11-30,1995,2,0.037923787788780514,0.00047409613664036094,0.0004691051939509354,-0.013382260670281714
2021-12-01,2021-11-29,2021-12-01,1996,1,0.022705460045753165,0.0007758230662584514,0.0007725373813097836,-0.012875125983022588
2021-12-02,2021-11-30,2021-12-02,1995,1,0.012653366785876237,0.0005284038940297918,0.0005283249153052504,0.0025723596069377355
2021-12-03,2021-12-01,2021-12-03,1995,1,0.06002929306844765,0.0013176282962764716,0.0013091264412273998,-0.01343623625446403
