Date,ValidationYear,StocksRanked,SelectedMissingTargets,AllMissingTargets,FallbackStocks,SelectedFallbackStocks,OfficialDailySpread,IllustrativeGrossOneReturn,RankIC,NormalizedHardRankMSE,AllStockForecastMSE,MaxAbsoluteScore
2017-12-29,2018,1896,0,0,42,3,-0.10945294907760139,-0.0002736323726940035,-0.04005220045873389,0.17351916281145943,0.0003131460377284182,0.011874176709955615
2018-01-04,2018,1896,0,0,41,7,0.21725764170517126,0.0005431441042629281,-0.04407075165525561,0.17419067195387516,0.00040524557610198024,0.012416184175593311
2018-01-05,2018,1896,0,0,41,10,-0.7183534468363558,-0.0017958836170908895,-0.048767344169454246,0.17497317364137746,0.0003701610373774721,0.007084124245040496
2018-01-09,2018,1896,0,0,39,16,0.3804981313416671,0.0009512453283541677,0.05031691923004715,0.15844245786869557,0.0003796616649879657,0.023522436401428017
2018-01-10,2018,1896,0,0,39,2,-1.7696485520755683,-0.004424121380188921,-0.11601754278364444,0.1861949315330411,0.0005706352073063319,0.005663066301369372
2018-01-11,2018,1896,0,0,39,7,-0.33125855004768673,-0.0008281463751192168,-0.024464015034261963,0.1709175390287501,0.0004601166389671055,0.009286064660244028
2018-01-12,2018,1896,0,0,39,4,-0.5664729645627495,-0.0014161824114068738,0.00985431665327264,0.16518900818634313,0.0003848756842751008,0.03576099031994862
2018-01-15,2018,1896,0,0,39,4,-1.1517126991102302,-0.0028792817477755754,-0.0185037051235372,0.1699275800161308,0.000381679400693177,0.013929695969678314
2018-01-16,2018,1896,0,0,39,2,-0.004571628667567662,-1.1429071668919155e-05,0.02568269914035818,0.16255560892446438,0.0003902803238262538,0.013600371299844108
2018-01-17,2018,1896,0,0,39,2,-0.6467128444627308,-0.001616782111156827,-0.06092380929761217,0.17700084557971338,0.00030336443083433135,0.009522856970003603
2018-01-18,2018,1896,0,0,40,0,-1.6785317785568983,-0.004196329446392246,-0.10003109539525731,0.18352458317540768,0.00044663300256005676,0.009636361794020068
2018-01-19,2018,1896,0,0,40,9,-0.3074024576148442,-0.0007685061440371104,-0.006810710026115629,0.1679748320333419,0.0003790932000915634,0.029742318850517372
2018-01-22,2018,1896,0,0,39,2,1.3478824203870174,0.0033697060509675436,0.04595374255096481,0.1591675658992442,0.00032525803989207134,0.03752035396555115
2018-01-23,2018,1896,0,0,39,10,0.38232460082147246,0.0009558115020536812,-0.009158973467563407,0.16836624715502493,0.00033979752046887294,0.013472002795431674
2018-01-24,2018,1896,0,0,39,13,-0.11643241326150516,-0.0002910810331537629,-0.008673698302182793,0.1682823885215242,0.00031898781248143696,0.013373411869248548
2018-01-25,2018,1896,0,0,38,6,0.7815137055460392,0.001953784263865098,0.1071395109922541,0.1489601825983361,0.0003755168959869386,0.01144314318158561
2018-01-26,2018,1896,0,0,38,6,1.1256903510819627,0.0028142258777049066,0.025654512325706702,0.16256153181585464,0.0005159659967271279,0.03451298221138053
2018-01-29,2018,1896,0,0,38,7,-0.5123468509501858,-0.0012808671273754645,-0.005485880171683878,0.16775620740725597,0.0006583818408323525,0.012413930343998174
2018-01-30,2018,1896,0,0,38,5,0.665276827605874,0.001663192069014685,0.027342856163042713,0.16228009860318374,0.0010546838312297832,0.025395750003181807
2018-01-31,2018,1896,0,0,37,2,0.06150719815993194,0.00015376799539982986,0.043710898876639516,0.15954620464809172,0.00042845635569305337,0.00850450763472867
2018-02-01,2018,1896,0,0,36,2,0.842721137642279,0.0021068028441056973,0.07564968613877174,0.15422091928843817,0.0011269490629751576,0.029234761162587573
2018-02-02,2018,1896,0,0,37,3,0.3433093394455682,0.0008582733486139205,-0.02047200259410903,0.17025816530351967,0.004429513990596623,0.031831684189705604
2018-02-05,2018,1896,0,0,36,0,-0.6370890740715787,-0.0015927226851789468,-0.06780913852009278,0.17815225734034482,0.000606761593318102,0.022593381408396826
2018-02-06,2018,1896,0,0,36,8,-1.6193961534197212,-0.004048490383549303,-0.14566080538574053,0.1911414806198893,0.0009677197184388099,0.06565148659127723
2018-02-07,2018,1896,0,0,35,2,-0.5219318257593608,-0.0013048295643984021,-0.027808584111197247,0.1714820661519693,0.000989194495818484,0.019355075114899225
2018-02-08,2018,1896,0,0,34,0,0.19263256975214205,0.0004815814243803551,-0.05957793013203139,0.17678003540354667,0.0011483339770353024,0.016871593852093605
2018-02-09,2018,1896,0,0,34,2,-1.067647838347749,-0.0026691195958693727,-0.10164257304301841,0.18379947236895122,0.0009589303043991968,0.07992339004722067
2018-02-13,2018,1896,0,0,33,0,0.061990131677935434,0.00015497532919483858,0.032755669152839374,0.161374122038367,0.0011814504957514927,0.0312099952296907
2018-02-14,2018,1896,0,0,33,7,0.5537024855952488,0.001384256213988122,0.012041805089956253,0.16483146464799125,0.0009363043834251193,0.033882300099174825
2018-02-15,2018,1896,0,0,34,0,0.3741579922961362,0.0009353949807403406,0.07552151485044885,0.15424233534394247,0.0013711088298088178,0.03545675164113986
2018-02-16,2018,1896,0,0,34,0,-0.735402437107483,-0.0018385060927687074,-0.011073692787362107,0.16868169522605833,0.0003331903698422028,0.05243973860069302
2018-02-19,2018,1896,0,0,34,1,-0.18344714467869494,-0.0004586178616967373,0.024234393753005522,0.16279496267902072,0.0005125052220104714,0.03655217807944576
2018-02-20,2018,1896,0,0,34,1,0.00822768777028604,2.05692194257151e-05,-0.03774826301492338,0.17313692720573856,0.0003458857112937505,0.018684281970588426
2018-02-21,2018,1896,0,0,33,0,1.482398955257175,0.0037059973881429374,0.16153878910959135,0.1398899524385645,0.0003663066075946313,0.04684337066816626
2018-02-22,2018,1896,0,0,34,5,-0.041988869340831236,-0.00010497217335207809,-0.015200211597441903,0.16937469878095346,0.00041174776634460454,0.02234538508401652
2018-02-23,2018,1896,0,0,33,1,0.9288334778608366,0.0023220836946520915,0.11161707900889015,0.14821241970833465,0.00029542219992716607,0.10162130536035485
2018-02-26,2018,1896,0,0,32,5,-1.1973844724932543,-0.002993461181233136,-0.15490853320255196,0.1926851430651492,0.00038396215448155353,0.023586467727601843
2018-02-27,2018,1896,0,0,30,2,-1.0191874471112807,-0.0025479686177782017,-0.09835252044470254,0.1832501664736897,0.0005589623683370821,0.006895643324999431
2018-02-28,2018,1896,0,0,32,6,0.518679047803428,0.00129669761950857,-0.0038452989799549276,0.16748363881391243,0.00048323400425980255,0.019676760473263225
2018-03-01,2018,1896,0,0,35,10,2.7613945204871735,0.006903486301217934,0.17121574883218205,0.13827529659106472,0.0007452095415059054,0.030818788365734737
2018-03-02,2018,1896,0,0,36,14,0.040059278583374436,0.00010014819645843608,-0.020617898207895186,0.17028197032880585,0.0009251632420837699,0.023889809389665832
2018-03-05,2018,1896,0,0,35,8,-0.5700318163330529,-0.0014250795408326323,-0.0524950787877331,0.17559596552786588,0.00041054793333989597,0.3225231475690269
2018-03-06,2018,1896,0,0,34,4,-0.03120417065421599,-7.801042663553997e-05,-0.019289394270019033,0.1700547056528675,0.00041853004267980806,0.033056157230646074
2018-03-07,2018,1896,0,0,35,1,0.7591338994310045,0.0018978347485775113,0.0858831525527024,0.15250976113474646,0.0004160920788710697,0.05071061181121724
2018-03-08,2018,1896,0,0,35,3,1.142909371561979,0.002857273428904947,0.17966564539204757,0.1368657715935447,0.0006124237045957354,0.015448432897340417
2018-03-09,2018,1896,0,0,36,3,-0.022132628301672952,-5.5331570754182377e-05,-0.005099117886219239,0.1676899364998599,0.0005141538753973503,0.017165554482477124
2018-03-12,2018,1896,0,0,35,7,-0.36670463440299805,-0.0009167615860074951,0.002915767922287087,0.1663471933089635,0.0003851491783699607,0.023926257699848533
2018-03-13,2018,1896,0,0,34,3,-1.1565169763716763,-0.002891292440929191,-0.08765021111657391,0.1814607341815039,0.0004344593782900835,0.355406174962866
2018-03-14,2018,1896,0,0,34,8,-0.09417011214884652,-0.0002354252803721163,-0.013941257100395283,0.1691643024450578,0.000370540951026308,0.04469036518336596
2018-03-15,2018,1896,0,0,32,3,0.5549719186368347,0.0013874297965920867,0.03203271729999319,0.1614971315472173,0.0005328758991053527,0.022890106210466388
2018-03-16,2018,1897,0,0,31,8,0.2529409815623294,0.0006323524539058235,0.03651726646751124,0.16074381140647137,0.00026037814321394094,0.016237994091635993
2018-03-19,2018,1897,0,0,31,11,-0.40876907652151073,-0.0010219226913037768,-0.019467674450037453,0.1700833822622224,0.00036148332370135024,0.013219091401994561
2018-03-20,2018,1897,0,0,29,10,-1.0254398282279382,-0.0025635995705698454,-0.1555540424066881,0.19279548586396206,0.001702711613505873,0.03475552678135674
2018-03-22,2018,1898,0,0,28,3,0.05031213261451417,0.00012578033153628544,-0.04077626815005577,0.17364064772854462,0.0003138175523530004,0.01523003271607367
2018-03-23,2018,1900,0,0,30,2,-0.6083578077473168,-0.0015208945193682921,-0.06321940696863004,0.17738973550807272,0.00222229810134378,0.05880470650594098
2018-03-26,2018,1900,0,0,28,4,-0.015502120235222572,-3.875530058805643e-05,0.0004388321793947622,0.16676825695517247,0.0005278257498478685,0.03180089769214095
2018-03-27,2018,1901,0,0,29,1,-0.833736273922843,-0.0020843406848071074,-0.07604764140449854,0.1795217367736182,0.0006372118939574353,0.10621770685693568
2018-03-28,2018,1901,0,0,31,1,-2.16249903696941,-0.0054062475924235255,-0.21960737648555678,0.20347952440835193,0.0006550808396802876,0.026328924281176704
2018-03-29,2018,1901,0,0,33,3,0.2215901733466273,0.0005539754333665683,-0.05460548354133636,0.17594781467983756,0.00032198791183396823,0.014403816231164995
2018-03-30,2018,1901,0,0,32,8,0.01740256966888111,4.3506424172202774e-05,-0.04802701363876037,0.17485084792812064,0.00031891216818465313,0.007301221678531352
2018-04-02,2018,1902,0,0,33,6,-1.862261144206919,-0.004655652860517298,-0.16658869407477217,0.1946322937428631,0.0005210063737299331,0.02532618858602882
2018-04-03,2018,1902,0,0,34,1,-0.11812975425772665,-0.00029532438564431663,-0.027975661578615436,0.17150447459561477,0.0004074368961089029,0.03389419311433855
2018-04-04,2018,1902,0,0,34,8,0.41841028720194984,0.0010460257180048746,-0.03761493068912234,0.1731132572740621,0.0003966993910759516,0.05240387683569224
2018-04-05,2018,1902,0,0,34,4,-0.34917900291649795,-0.0008729475072912448,-0.07598346595202872,0.17950840777123384,0.0003583893861839767,0.015682326122745623
2018-04-06,2018,1902,0,0,34,2,-2.2773703660142655,-0.005693425915035664,-0.16552669062096534,0.19445544556791886,0.0003747472728177923,0.0281832937305218
2018-04-09,2018,1902,0,0,36,7,-4.5092584545583465,-0.011273146136395866,-0.32056582149718993,0.22032036338658767,0.0005612737548065325,0.031005588350852337
2018-04-10,2018,1902,0,0,37,0,-0.7134374930172142,-0.0017835937325430353,-0.11120043329627279,0.18538261860063637,0.0003257471049932411,0.023343703500891193
2018-04-11,2018,1902,0,0,38,0,0.2569313510085375,0.0006423283775213437,0.04335547104116807,0.15960299150823673,0.0004292726839257223,0.01749624321591637
2018-04-12,2018,1902,0,0,40,0,-0.7399162820633675,-0.0018497907051584187,-0.10613439696504275,0.18454546849160805,0.0006234835377659964,0.019770600968741763
2018-04-13,2018,1902,0,0,40,3,-0.49871568765481467,-0.0012467892191370367,-0.07431723858449256,0.17923732816274057,0.00038256958219620805,0.027621205006516512
2018-04-16,2018,1902,0,0,40,3,-0.9584299120940565,-0.002396074780235141,-0.06539588718378929,0.17775086419773628,0.00045685899360051077,0.005723068580185615
2018-04-17,2018,1902,0,0,40,10,-0.8313449641117943,-0.0020783624102794856,-0.01858068467307555,0.169934193109316,0.00038189534303835856,0.06873690521717425
2018-04-18,2018,1902,0,0,41,8,-0.36079700335238063,-0.0009019925083809516,-0.0488165686963803,0.17496973908807514,0.0002558635594637248,0.013622468676407144
2018-04-19,2018,1902,0,0,42,7,-0.0439330309522486,-0.00010983257738062149,0.025709025004977862,0.16254661610227975,0.00035584112716345026,0.01141230593511692
2018-04-20,2018,1903,0,1,43,7,1.0609856052867686,0.0026524640132169213,0.06690568879419134,0.1556754478502605,0.0003326379122667933,0.006260782413754839
2018-04-23,2018,1903,0,0,43,3,-0.7320357230882,-0.0018300893077205,-0.09643126143462467,0.1829213377738345,0.0003195068010686506,0.019809875859072276
2018-04-24,2018,1903,0,0,45,4,-0.13321555217232467,-0.00033303888043081166,-0.019041652557477314,0.1700127808861808,0.00039425486317650545,0.019615120511448095
2018-04-25,2018,1903,0,0,45,6,-1.2475500581056194,-0.0031188751452640483,-0.09615591530723183,0.18288000510631985,0.0005443149634174937,0.008399560230824792
2018-04-26,2018,1903,0,0,44,3,-0.3443360085961942,-0.0008608400214904855,0.008974277285372614,0.16533977025696364,0.0007194296140768282,0.019998318025793767
2018-04-27,2018,1903,0,0,45,2,0.9787007078739912,0.002446751769684978,0.14330720297903196,0.1429275336800918,0.0003042150096485491,0.016839636703362
2018-05-01,2018,1903,0,0,46,0,-0.15063643117620074,-0.00037659107794050183,-0.04042987047134532,0.17357843636763132,0.00042066835861794954,0.010371940013124225
2018-05-02,2018,1903,0,0,48,0,1.8769872881639325,0.004692468220409831,0.13435804666708645,0.1444197942418321,0.0004410631815792767,0.004808653794032976
2018-05-07,2018,1903,0,0,47,1,1.4026554329959757,0.0035066385824899394,0.07518442203225363,0.15429063346052016,0.000664498670887976,0.005042065145970078
2018-05-08,2018,1903,0,0,47,4,0.9116143415260405,0.002279035853815101,0.0489872393903555,0.1586622095392661,0.0007751507930275654,0.008467589907736026
2018-05-09,2018,1903,0,0,48,4,0.38355198009539726,0.0009588799502384932,0.06218060514457784,0.15646559273073163,0.0008197651454528523,0.013276337704201162
2018-05-10,2018,1903,0,0,48,4,0.5998965415449374,0.0014997413538623437,0.04662097507351847,0.159060560037629,0.0010558066231509198,0.022343324165115676
2018-05-11,2018,1903,0,0,47,0,0.6839647394055257,0.0017099118485138143,-0.009331731266176752,0.16839389075457448,0.0007066188046214695,0.018114455957972894
2018-05-14,2018,1903,0,0,47,3,-0.7501323844833228,-0.0018753309612083069,-0.051671768295587735,0.17545927374036274,0.0006379860867733113,0.004817896498958132
2018-05-15,2018,1903,0,0,47,1,0.3515148767941302,0.0008787871919853254,0.06192591490682776,0.1565035852621941,0.00038635381561524443,0.004803091031354658
2018-05-16,2018,1903,0,0,47,3,0.40328269352688995,0.0010082067338172249,0.04938252763390883,0.15859798616527893,0.00029657948758054375,0.005203592275304271
2018-05-17,2018,1903,0,0,48,0,1.1483093879500197,0.002870773469875049,0.10708744656467714,0.14896970812202842,0.0003539129435675188,0.01062381224277083
2018-05-18,2018,1903,0,0,49,1,0.7200441096701755,0.0018001102741754388,0.06382648564931964,0.15618820209033027,0.0002351076829261363,0.0072792932986990916
2018-05-21,2018,1903,0,0,50,3,0.4450596483414432,0.001112649120853608,-0.05637550104650814,0.17624040322021903,0.00029335199211798967,0.015704022014107366
2018-05-22,2018,1903,0,0,51,0,-0.4542101267975467,-0.0011355253169938668,-0.025933948322298277,0.1711664850426925,0.00038033574815349167,0.0070112534742026176
2018-05-23,2018,1903,0,0,50,10,-1.7784227225671023,-0.004446056806417756,-0.14315501835479227,0.1907198564739217,0.00028938139291445614,0.04346411198263785
2018-05-24,2018,1903,0,0,50,2,-0.4252032940002721,-0.0010630082350006802,-0.02949452261299199,0.17175344933218759,0.0003626453092083323,0.011962374388777359
2018-05-25,2018,1903,0,0,50,10,-0.42603896517935014,-0.0010650974129483752,-0.05379880734673914,0.17581362049370136,0.00026715296136121166,0.013588130231079352
2018-05-28,2018,1903,0,0,50,13,0.6154019027332371,0.001538504756833093,0.06572802278216591,0.1558751543772695,0.00036058493347188307,0.03125239442233657
2018-05-29,2018,1903,0,0,50,13,1.4960365666445683,0.003740091416611421,0.07421543473986499,0.15445531359243653,0.0004700600266547958,0.016572645002789273
2018-05-30,2018,1903,0,0,50,8,-0.6124912417866181,-0.0015312281044665452,-0.06620484889949017,0.17788304238806946,0.0004331266381706813,0.01229064375146214
2018-05-31,2018,1904,0,0,51,10,-1.9521953950904452,-0.004880488487726113,-0.1892632713398451,0.1984180637763558,0.0006208381669913363,0.016161816325814916
2018-06-01,2018,1904,0,0,51,8,0.22309940702064468,0.0005577485175516116,-0.0302233612922879,0.1718752684853238,0.00035077366515248493,0.22258469598776973
2018-06-04,2018,1904,0,0,51,15,1.1076445779809607,0.0027691114449524016,0.0314808980910015,0.16158124262725157,0.000347729363034602,0.05718421422580335
2018-06-05,2018,1904,0,0,52,6,0.49016808203584916,0.0012254202050896229,0.09110314731738171,0.1516371865367385,0.00041247920148507596,0.027292464296338016
2018-06-06,2018,1904,0,0,52,7,-0.22825482485647414,-0.0005706370621411854,-0.01583630322935969,0.16947442377232386,0.00030926182587307253,0.02691713102075781
2018-06-07,2018,1904,0,0,51,7,-0.27522744019404466,-0.0006880686004851116,-0.021506584943029476,0.17042189241811684,0.00032579897393884925,0.03269848653800131
2018-06-08,2018,1904,0,0,51,14,-0.702730182307908,-0.0017568254557697699,-0.05054006100166758,0.17526565945868638,0.0002487617235203526,0.02255648783507734
2018-06-11,2018,1904,0,0,51,11,-0.04044318939538183,-0.00010110797348845457,-0.00974196684969386,0.16845915636413777,0.00034555302225762377,0.01580738932403734
2018-06-12,2018,1904,0,0,52,1,0.6498353536096785,0.0016245883840241963,0.0478601178029769,0.15884836564936444,0.0003264959254887582,0.0044238219612468856
2018-06-13,2018,1904,0,0,53,2,1.4712384070130293,0.003678096017532573,0.13997909607263656,0.1434859085826223,0.00039469949948023016,0.005011479850008331
2018-06-14,2018,1904,0,0,53,9,-1.854211176322846,-0.004635527940807115,-0.1792104385890188,0.19673949875285437,0.0004658544996332725,0.0105327622970102
2018-06-15,2018,1904,0,0,53,9,0.3487188599184572,0.0008717971497961429,0.007153250611558802,0.16564764940741494,0.0006055843322507089,0.015241610887135902
2018-06-18,2018,1904,0,0,51,6,0.27179650511673714,0.0006794912627918428,0.011776810990739978,0.16487303643532164,0.00031574848400179597,0.02068110104099778
2018-06-19,2018,1905,0,0,51,16,1.2345180559739066,0.0030862951399347666,0.11157457490655033,0.14822362732436653,0.00033584191130534745,0.027373097034331193
2018-06-20,2018,1905,0,0,50,17,0.05163469786923533,0.00012908674467308832,0.024942659572705767,0.16267758550849706,0.0004332679070970357,0.06090427769329314
2018-06-21,2018,1906,0,0,51,5,-0.407178065639755,-0.0010179451640993874,-0.02057389925062823,0.17027268618837113,0.0006266278244309435,0.015883467581139253
2018-06-22,2018,1907,0,0,51,8,-1.9670884052960855,-0.0049177210132402135,-0.1649199339580831,0.19435264061832086,0.00040545674066520625,0.01843784727432351
2018-06-25,2018,1907,0,0,51,8,0.8691858684147502,0.0021729646710368757,0.16353858016393594,0.13955423537863332,0.0005547948599199923,0.017785990716220633
2018-06-26,2018,1908,0,0,51,9,-0.14192043715662972,-0.0003548010928915743,-0.025120322059503205,0.17102902759952243,0.00031497716347895084,0.022487053636939626
2018-06-27,2018,1909,0,0,50,4,0.8793091949911114,0.0021982729874777786,0.121493143592465,0.1465668391355433,0.00033258665887294655,0.0075524657501063065
2018-06-28,2018,1909,0,0,50,13,-0.5913739397395332,-0.001478434849348833,-0.024996839623110192,0.17101150444304317,0.0008068728456665981,0.040335269060686435
2018-06-29,2018,1910,0,0,51,5,-0.8870707079254219,-0.0022176767698135545,-0.07266568462167622,0.17896184876612042,0.00038319772625480445,0.013788507426326412
2018-07-02,2018,1910,0,0,52,17,0.34163922675786074,0.0008540980668946519,0.027389238555211783,0.16226811714858608,0.00039949843465714754,0.027157642773660576
2018-07-03,2018,1910,0,0,52,5,0.29665964039399784,0.0007416491009849946,0.04090140616237498,0.16001697602151704,0.0005458222498419806,0.015946007507342985
2018-07-04,2018,1910,0,0,52,4,1.718003107195424,0.00429500776798856,0.11163057760241271,0.14821461115683907,0.0008008787646713137,0.017112800944707973
2018-07-05,2018,1910,0,0,51,25,0.10360720341041052,0.0002590180085260263,-0.020626483322510606,0.17028058965246284,0.0012848382088109186,0.047867288267968856
2018-07-06,2018,1910,0,0,52,8,1.028843510540926,0.002572108776352315,0.06521412667618036,0.1559587936069165,0.0004413628097868479,0.028601994070261334
2018-07-09,2018,1910,0,0,51,1,-0.5539380636350895,-0.0013848451590877237,-0.047736528598475145,0.17480422164616874,0.0004954536929811269,0.03402785635514684
2018-07-10,2018,1911,0,0,51,5,0.14142118478995813,0.00035355296197489534,0.06798915965904227,0.1554909489525748,0.00035483574472908804,0.012339767078628319
2018-07-11,2018,1911,0,0,53,8,0.10475416563623874,0.00026188541409059683,0.0297286281254381,0.16187633000962443,0.0006045557776554467,0.041901362165705794
2018-07-12,2018,1911,0,0,54,8,2.0566158570114084,0.0051415396425285205,0.1507463385295985,0.1416890579127869,0.0006530121083825003,0.008749733500767421
2018-07-13,2018,1911,0,0,55,2,0.2671145930972245,0.0006677864827430613,0.05195363386678092,0.1581694511889095,0.0004018306174268503,0.011904630247105733
2018-07-17,2018,1911,0,0,54,2,1.7457343783758263,0.004364335945939566,0.15705625039152668,0.14063532932155345,0.00027769199129010403,0.018644940164269663
2018-07-18,2018,1911,0,0,54,3,-1.0005367476605145,-0.0025013418691512863,-0.038185188526428944,0.17320592501855156,0.00032769447244065356,0.012961885011727224
2018-07-19,2018,1911,0,0,55,6,0.3810248068776774,0.0009525620171941936,0.0684200696852951,0.15541664843176,0.00033028284238655867,0.04253727187455038
2018-07-20,2018,1911,0,0,54,3,0.29949275617110827,0.0007487318904277707,0.05188130770623583,0.1581800688891464,0.00032674541491113364,0.008839223120530468
2018-07-23,2018,1912,0,0,55,4,0.7902104000692547,0.0019755260001731367,0.08478808680245743,0.15268776231988473,0.0003177883623506558,0.006131555983267819
2018-07-24,2018,1912,0,0,57,5,0.4876789072195111,0.0012191972680487778,0.0423185680448409,0.15977900697494893,0.00036997133212908316,0.011579191581779115
2018-07-25,2018,1913,0,0,58,6,0.6354375499116944,0.0015885938747792362,0.04894501488962129,0.15867199099230142,0.0003476183746030163,0.01953831800403792
2018-07-26,2018,1913,0,0,58,9,0.09143733984972302,0.00022859334962430756,0.06952018918333588,0.15523750496900074,0.0007499420414522284,0.025319900792042375
2018-07-27,2018,1913,0,0,57,5,1.1852258445834296,0.002963064611458574,0.12787997272999294,0.14550324267164705,0.0007901671308717235,0.011241842238290407
2018-07-30,2018,1913,0,0,57,2,-1.4715493144009348,-0.0036788732860023373,-0.04629689564750976,0.17456112494589554,0.0008350497637219815,0.01246756585027885
2018-07-31,2018,1913,0,0,57,7,1.1244873632001369,0.002811218408000342,0.09654881300606483,0.15072485042447514,0.000544415927413209,0.013689837113482737
2018-08-01,2018,1913,0,0,58,4,-0.5221136924653502,-0.0013052842311633756,-0.03126165729060918,0.17205407064469475,0.0007179706164901062,0.01926788518672421
2018-08-02,2018,1913,0,0,56,2,-1.0496153402349353,-0.0026240383505873382,-0.028354057016124094,0.17156723421780706,0.0008124457390485736,0.015225134074859367
2018-08-03,2018,1913,0,0,56,0,0.6355901328762641,0.0015889753321906602,-0.0017798058377016626,0.16713451353102896,0.0005910260365305068,0.01209950104126143
2018-08-06,2018,1913,0,0,57,0,0.2713131555273817,0.0006782828888184543,0.025086620627526094,0.16265233269510154,0.0007243157940415752,0.017592090372507873
2018-08-07,2018,1913,0,0,58,1,0.2106999903059799,0.0005267499757649498,0.039086807788452194,0.16031595724364175,0.0006258841388270676,0.0126970063252664
2018-08-08,2018,1913,0,0,57,2,0.4550791416179214,0.0011376978540448034,0.0657383963293866,0.1558702233584253,0.0009834352544694817,0.010589850601719979
2018-08-09,2018,1913,0,0,58,1,1.5605565299116262,0.0039013913247790653,0.08293566692575986,0.15300360286071316,0.0014505649352893456,0.006917732229976293
2018-08-10,2018,1913,0,0,58,6,0.4618057496874495,0.0011545143742186237,0.02165663294613201,0.16322685453167607,0.0008075603696985945,0.015454352229386977
2018-08-13,2018,1913,0,0,58,13,-0.7070711195721336,-0.001767677798930334,0.0022876384993825768,0.16645765447888694,0.000502616836654689,0.013712121304547183
2018-08-14,2018,1913,0,0,60,15,-0.1407204459708824,-0.000351801114927206,0.024116584839569886,0.16281417140103985,0.0004979209649659092,0.012894428439373004
2018-08-15,2018,1913,0,0,61,4,-1.3194751861691532,-0.003298687965422883,-0.08852035712364356,0.1816029317917743,0.00038606108123100634,0.024817341022118952
2018-08-16,2018,1913,0,0,62,6,0.5344738334934787,0.0013361845837336966,0.06311134247873947,0.15630808173093144,0.0002980437376703602,0.020068550485313544
2018-08-17,2018,1913,0,0,63,3,-0.5685379472941451,-0.0014213448682353627,-0.04369951308146975,0.1741281291315014,0.000358375967358719,0.02035027594798041
2018-08-20,2018,1913,0,0,64,8,-0.4465659407572491,-0.0011164148518931227,-0.03026133192961237,0.17188690458780959,0.0005851226846986916,0.020285451300361423
2018-08-21,2018,1913,0,0,64,1,-0.6012980180373955,-0.0015032450450934887,-0.07465829164960455,0.1792842600784737,0.0004392137064301587,0.008593184685174109
2018-08-22,2018,1913,0,0,65,3,0.4914822161609096,0.001228705540402274,0.05621413693519987,0.15745502457764454,0.0003087347722711238,0.022446164104164678
2018-08-23,2018,1913,0,0,64,1,0.035578217432314485,8.894554358078621e-05,0.015519244552704281,0.16425028395531965,0.0004756757120600003,0.049312922320323166
2018-08-24,2018,1913,0,0,64,6,1.5811448318409775,0.003952862079602444,0.13178734830711453,0.14484006873350436,0.0002574454161490518,0.016720791753034536
2018-08-27,2018,1913,0,0,64,4,-0.4403457358641528,-0.001100864339660382,-0.01138339489556707,0.16873625620241983,0.00037041449933564673,0.015951755534936586
2018-08-28,2018,1913,0,0,64,6,-0.28843759116137924,-0.0007210939779034481,-0.029734174554877618,0.171792634434223,0.0003659642516583408,0.030599757100805827
2018-08-29,2018,1913,0,0,63,11,-0.7944264354297847,-0.001986066088574462,-0.06446866620507614,0.17758394886709025,0.0002902265690445062,0.02660805543715099
2018-08-30,2018,1913,0,0,63,7,-0.42627085320483027,-0.0010656771330120756,-0.06682791419691328,0.17798627536095024,0.0006657308441002457,0.0448698396241736
2018-08-31,2018,1913,0,0,65,14,-0.48616831933840243,-0.001215420798346006,-0.0778887238940508,0.17982697724453442,0.00033892400193677945,0.008173684850327347
2018-09-03,2018,1913,0,0,64,11,0.25409595897043835,0.0006352398974260959,0.020610397658633955,0.16339066794582838,0.0003828869757016554,0.02996934976384542
2018-09-04,2018,1913,0,0,64,11,0.6449547994170497,0.0016123869985426242,0.04421391606736293,0.15946088134714864,0.0004499113520514588,0.02219725095422751
2018-09-05,2018,1913,0,0,65,6,0.07764718523238379,0.00019411796308095946,0.029545847761822657,0.16190646545539425,0.00034069973707213664,0.00941806196065217
2018-09-06,2018,1913,0,0,63,8,-1.080705249004187,-0.0027017631225104677,-0.0033645784872577767,0.1673917725401209,0.0004784515926203613,0.4036463784999876
2018-09-07,2018,1913,0,0,63,5,0.09649578433112094,0.00024123946082780235,0.061528227871987154,0.15656471994380963,0.0003644088498492531,0.013487825668737553
2018-09-10,2018,1913,0,0,64,6,0.20461956848209617,0.0005115489212052405,0.0769467442060645,0.15399884922298776,0.000417333403694904,0.008864142915635812
2018-09-11,2018,1913,0,0,61,6,-0.18395831668846996,-0.0004598957917211749,-0.027610208042632547,0.1714419249684914,0.00039763369688467013,0.008904108814957831
2018-09-12,2018,1913,0,0,62,0,-1.774048359989032,-0.00443512089997258,-0.21036909986506885,0.2019346569704019,0.0006648690147980523,0.016327916304840616
2018-09-13,2018,1913,0,0,63,10,0.2658492460626438,0.0006646231151566095,0.03654512916366464,0.16074225141884546,0.0007151311712534427,0.012328646462147097
2018-09-14,2018,1913,0,0,61,8,1.2239600317534096,0.003059900079383524,0.1707837067406382,0.13834588229278932,0.0005353832898494199,0.02191454227763935
2018-09-18,2018,1913,0,0,59,4,0.23773288477306637,0.0005943322119326659,-0.023139207488539176,0.17069555826058774,0.00033743848819253275,0.03201757189429644
2018-09-19,2018,1913,0,0,58,8,0.13715094683163276,0.00034287736707908187,0.03533541377126192,0.16094389286403357,0.00046287290633158375,0.023441303207142817
2018-09-20,2018,1913,0,0,57,6,-0.14274339547089987,-0.0003568584886772497,-0.034284777093945576,0.1725601933646409,0.000587217287216684,0.017560185966579777
2018-09-21,2018,1914,0,0,58,11,-2.2869535331350814,-0.005717383832837704,-0.18377881059189388,0.19749984188044403,0.0005437695586517469,0.03944258723471747
2018-09-25,2018,1915,0,0,59,21,-0.6892750444556182,-0.0017231876111390453,-0.04451290533930874,0.1742665287723856,0.0009675758547122257,0.02834094681049045
2018-09-26,2018,1915,0,0,58,12,0.6111558386342437,0.0015278895965856092,0.04764612185824658,0.15888761764337844,0.00033637156034032765,0.02908441413678172
2018-09-27,2018,1916,0,0,59,15,0.7820355935744248,0.0019550889839360618,0.1020537449290173,0.1498113435165711,0.0003718369317588416,0.06348409778142236
2018-09-28,2018,1917,0,0,60,17,-1.0250602285004413,-0.0025626505712511034,-0.0989682525944167,0.18334809767642912,0.0003936670655475404,0.013913078654900376
2018-10-01,2018,1920,0,0,63,19,0.6510786459421436,0.001627696614855359,0.052599326905428026,0.15806249161588906,0.0005265169238012062,0.016243949177998443
2018-10-02,2018,1920,0,0,63,17,-0.6650764500890666,-0.0016626911252226664,-0.03999845447835049,0.1735093342790746,0.00031630557669460154,0.021598279736210056
2018-10-03,2018,1920,0,0,63,3,-0.8556654717936094,-0.0021391636794840236,-0.06438602320863036,0.17757766980698578,0.0004335231561176016,0.016338914905824158
2018-10-04,2018,1920,0,0,62,11,-0.6589584403378619,-0.0016473961008446546,-0.03579012467023944,0.1728103347694037,0.0008259017181911481,0.02648039331933174
2018-10-05,2018,1920,0,0,65,9,0.5514603887935006,0.0013786509719837514,0.09274028556010902,0.15136371411543942,0.000529092390245383,0.037932509737208714
2018-10-09,2018,1920,0,0,65,5,-0.7024371746267501,-0.0017560929365668754,0.029073098659418522,0.16198979050064163,0.0013643713624049208,0.023954136430678757
2018-10-10,2018,1920,0,0,64,2,2.667505256216734,0.0066687631405418345,0.1869661432272932,0.13564593193432503,0.0006554946443012993,0.016887547986189886
2018-10-11,2018,1920,0,0,63,31,1.4486353685794893,0.0036215884214487234,0.05363792058899032,0.15789087234400193,0.0005206446941324884,0.1039671485393626
2018-10-12,2018,1920,0,0,63,5,-0.39462470965222746,-0.0009865617741305686,-0.0945040301345789,0.18260374391116674,0.0004883375195838439,0.024855855188004133
2018-10-15,2018,1920,0,0,63,11,0.5606724869922219,0.001401681217480555,0.09250577160431678,0.15140624410227013,0.0008916773693614262,0.03465363643211735
2018-10-16,2018,1920,0,0,64,13,-1.2117469867165436,-0.003029367466791359,-0.10435404535402727,0.18424576843397844,0.0003766793492300059,0.023292456016346934
2018-10-17,2018,1920,0,0,63,6,-1.3942158566834266,-0.0034855396417085667,-0.12757747104406833,0.18812087700595229,0.000522303243366133,0.06708958536952353
2018-10-18,2018,1920,0,0,63,16,-0.5510904542067222,-0.0013777261355168056,-0.009025578912567977,0.16834055095251646,0.00032009350238796784,0.04103161553699226
2018-10-19,2018,1921,0,0,64,10,0.9398092417297921,0.00234952310432448,0.11039502027224105,0.1484216817661338,0.0006480960276816713,0.013993355621411782
2018-10-22,2018,1921,0,0,63,13,0.19706452607959357,0.0004926613151989839,0.05511755902701502,0.15763521089321608,0.00039611851055805974,0.03243999163966185
2018-10-23,2018,1921,0,0,62,9,1.05201111189068,0.0026300277797267004,0.11758036621883024,0.14722313021240024,0.0009865110835120278,0.04049304491104566
2018-10-24,2018,1921,0,0,63,15,-0.1607320199059319,-0.00040183004976482973,-0.002785108188235705,0.1673030852433041,0.0006919275647125949,0.10197730980632273
2018-10-25,2018,1921,0,0,62,36,0.204874846351089,0.0005121871158777225,0.06543859796959146,0.15592065169858274,0.0015130710775454526,0.07599853901948471
2018-10-26,2018,1921,0,0,62,26,-1.8758411458486135,-0.004689602864621533,-0.09465127465497884,0.18263136640914202,0.0024048813104449217,0.027321722206342627
2018-10-29,2018,1921,0,0,62,14,-1.6715747616769034,-0.004178936904192259,-0.15561000305902528,0.19280165438917088,0.0023822445316335353,0.03598290725259554
2018-10-30,2018,1921,0,0,63,31,1.8246620480350195,0.004561655120087549,0.08789513364664053,0.15217350932583582,0.00181894658134657,0.13115201568075482
2018-10-31,2018,1921,0,0,62,9,3.719714518487109,0.009299286296217773,0.24275262860447386,0.12633837250936739,0.000876898795921947,0.0744573158746766
2018-11-01,2018,1921,0,0,62,12,1.2489212071516385,0.003122303017879096,0.04702772765900529,0.1589897934984627,0.0005917108318876657,0.02617668951397201
2018-11-02,2018,1921,0,0,61,6,-0.4288661234332576,-0.001072165308583144,0.0178654488268735,0.16385528513263942,0.0006396164352022889,0.04172286666170863
2018-11-05,2018,1921,0,0,61,6,0.5055886323639913,0.0012639715809099783,0.04671608341914847,0.1590429251156353,0.0006383537783024941,0.029611454893360412
2018-11-06,2018,1921,0,0,60,7,0.2292381462499269,0.0005730953656248172,0.030279729933096387,0.16178696639831958,0.0009401249405875068,0.01830901412178417
2018-11-07,2018,1921,0,0,60,12,-0.017861565510879945,-4.465391377719986e-05,-0.010224468322702464,0.16853774726987264,0.0007547762494735946,0.02563962818719849
2018-11-08,2018,1921,0,0,60,5,0.10290958600600941,0.00025727396501502354,-0.030185482315650866,0.1718715161701895,0.0011288471786059043,0.02867376059614824
2018-11-09,2018,1921,0,0,62,5,-0.6434924826146458,-0.0016087312065366144,-0.02152685864825337,0.17043120947793758,0.0009567187368287373,0.014581603352749333
2018-11-12,2018,1921,0,0,61,2,0.9142942231828699,0.002285735557957175,0.035595985575438215,0.1608983137280885,0.0007735175906070879,0.012421878638392198
2018-11-13,2018,1921,0,0,58,9,-0.7415518759300073,-0.0018538796898250182,-0.06448595495585306,0.177594643925509,0.0007382299260405958,0.013135695760513292
2018-11-14,2018,1921,0,0,59,7,-1.3061140122271937,-0.003265285030567984,-0.16817171175750925,0.19489567482338394,0.0005329887403718923,0.014177667218810018
2018-11-15,2018,1921,0,0,58,8,0.27365809038924294,0.0006841452259731073,0.018899946602127106,0.16368425155569927,0.0005343900530226131,0.02337757900304114
2018-11-16,2018,1921,0,0,58,11,0.9381839897038147,0.0023454599742595366,0.11413697825124439,0.14779373920014172,0.00045238408445025485,0.05279508283331008
2018-11-19,2018,1921,0,0,58,4,-0.33475986083535014,-0.0008368996520883754,0.008773103353349682,0.1653725658096595,0.0003398254546072782,0.012645106501118506
2018-11-20,2018,1921,0,0,59,7,-0.20401379241480622,-0.0005100344810370156,0.0012344156397736754,0.16663124205826318,0.00040667138307227567,0.019529646590143182
2018-11-21,2018,1921,0,0,59,17,0.7108819584227613,0.001777204896056903,0.029233803132158058,0.1619570506101016,0.00039104784806777415,0.012031251444028682
2018-11-22,2018,1921,0,0,59,3,1.143849012407646,0.002859622531019115,0.12604353866649015,0.14580790042959937,0.0003390429574662791,0.010361330382021989
2018-11-26,2018,1921,0,0,60,3,2.5691372734334896,0.006422843183583724,0.18243255731679972,0.13639987662912925,0.00046721200573531234,0.017842423831467273
2018-11-27,2018,1921,0,0,60,6,0.9041417708096163,0.0022603544270240407,0.09875827492205023,0.1503597781165725,0.00037760327476934265,0.00913440818146812
2018-11-28,2018,1922,0,0,61,6,0.2792629473583549,0.0006981573683958872,0.0083063959675798,0.16545195085650102,0.00037585647091520526,0.028662678998168503
2018-11-29,2018,1922,0,0,62,13,1.6721532540365505,0.004180383135091376,0.15422669022473104,0.14110648787715518,0.00040917627377278924,0.06157266467378936
2018-11-30,2018,1922,0,0,61,4,-0.750302259196368,-0.0018757556479909198,-0.07841261402335326,0.17992217741055347,0.0009165525144522317,0.011439559989075428
2018-12-03,2018,1922,0,0,62,10,-1.7189290585432642,-0.004297322646358161,-0.16113253067496008,0.19372175257773527,0.0005327842096486583,0.013350018132584993
2018-12-04,2018,1922,0,0,61,10,0.3075566186367533,0.0007688915465918833,0.025453963945780415,0.16259259159897044,0.0007548824375592918,0.06252121302258452
2018-12-05,2018,1922,0,0,62,14,-0.5305480264434401,-0.0013263700661086003,-0.0900839038176284,0.18186611687110776,0.0004228093987953181,0.025587747247244885
2018-12-06,2018,1922,0,0,62,17,1.144902725997576,0.0028622568149939396,0.10161456589326069,0.1498866257223015,0.0006887913484298336,0.015509045518052272
2018-12-07,2018,1922,0,0,62,10,-0.13895411584373818,-0.0003473852896093454,-0.05077061646161834,0.17530939588916317,0.0006349106772494233,0.009791547148421828
2018-12-10,2018,1922,0,0,60,18,-1.451700383029714,-0.0036292509575742847,-0.07767145182688702,0.17979840359661728,0.0015830032366755144,0.03875683949039632
2018-12-11,2018,1922,0,0,59,19,-2.0161279350865025,-0.005040319837716256,-0.216267447111152,0.20291887749184426,0.001115875604557386,0.027092969838202627
2018-12-12,2018,1923,0,0,58,3,-0.825318460549358,-0.0020632961513733948,-0.09734978892196994,0.18308060366389833,0.0011273121981569528,0.06015419471451046
2018-12-13,2018,1924,0,0,59,1,-1.2576679861987623,-0.0031441699654969056,-0.13712085283668385,0.18971503045024332,0.0007033080990139997,0.029072433931068686
2018-12-14,2018,1923,0,0,60,10,-0.6705219848420656,-0.001676304962105164,-0.05472667832135064,0.17597056358808758,0.000777050895043296,0.04724230185944955
2018-12-17,2018,1923,0,0,59,7,0.3709084487941389,0.0009272711219853473,0.016339375729238794,0.16411177880845487,0.0004653945107221291,0.015120470464565928
2018-12-18,2018,1923,0,0,57,11,1.9563132009753117,0.004890783002438279,0.16218266089993452,0.1397814994526451,0.0008132414345221394,0.05574261342515705
2018-12-19,2018,1925,0,0,59,17,0.6885219246249239,0.0017213048115623096,-0.010373626766201453,0.16857055254404524,0.0010197309622474867,0.0361383464180032
2018-12-20,2018,1925,0,0,59,33,4.768166729933928,0.011920416824834822,0.1972648506416948,0.13392825610081327,0.0016561975838753447,0.08869935244236953
2018-12-21,2018,1928,0,0,61,44,-2.526173247001166,-0.006315433117502916,-0.17263522754711613,0.19564163685598912,0.0028809812264149644,0.03968231633359431
2018-12-25,2018,1929,0,0,61,39,-2.693282592971727,-0.006733206482429317,-0.18018765818582969,0.1969019755950711,0.014307033294559457,0.1477202632262444
2018-12-26,2018,1929,0,0,58,1,-0.12142616536820039,-0.00030356541342050096,-0.04770796565081384,0.1747949515409465,0.001012917524890649,0.1258813656362234
2018-12-27,2018,1929,0,0,58,2,-0.26874851136174227,-0.0006718712784043557,-0.01124981383205625,0.1687146180821248,0.0010129468290296254,0.09926579850932592
2018-12-28,2019,1930,0,0,58,9,0.1610183870752202,0.0004025459676880505,-0.10136098543928602,0.18375042105640188,0.002104841301208533,0.04616932592184385
2019-01-04,2019,1930,0,0,57,42,-2.196813231955135,-0.005492033079887837,-0.15526799425381319,0.19274181161123705,0.000903702021813914,0.09077637996373789
2019-01-07,2019,1930,0,0,57,10,1.1203069876532834,0.0028007674691332084,0.03026732087931271,0.1617873697200226,0.0007634823331590348,0.08095009069929848
2019-01-08,2019,1930,0,0,56,15,-0.9605468188572462,-0.0024013670471431155,-0.07751455170192702,0.1797676621813028,0.0008150247147711234,0.038741565929586955
2019-01-09,2019,1930,0,0,57,15,-0.34740838854577416,-0.0008685209713644354,0.0484787608728917,0.15874426989317364,0.00047968800419683356,0.032861587234289814
2019-01-10,2019,1930,0,0,55,13,-0.2857658354343473,-0.0007144145885858682,0.028754195917107987,0.16203931109795724,0.000826556569401633,0.03095924739369537
2019-01-11,2019,1930,0,0,56,8,-0.13325214149251063,-0.0003331303537312766,0.0044592294439073496,0.16609185496008746,0.0004403731550978003,0.023608772722736385
2019-01-15,2019,1930,0,0,56,11,0.4125717220194105,0.0010314293050485263,0.06721151293999243,0.1556203899111396,0.00043910483283091345,0.020588285541809467
2019-01-16,2019,1930,0,0,57,6,1.398457130801642,0.003496142827004105,0.06383813338207776,0.15618517538283233,0.0005469733176283303,0.03867726340154308
2019-01-17,2019,1929,0,0,59,15,0.8102177987138992,0.002025544496784748,0.030736242617667057,0.1617082932404406,0.00046289604292067555,0.03786253093743674
2019-01-18,2019,1929,0,0,58,5,-0.828815506047436,-0.00207203876511859,-0.0448202417966898,0.17431157985609003,0.0004627605989601675,0.03451413888313379
2019-01-21,2019,1929,0,0,59,1,-0.959470142581712,-0.00239867535645428,-0.077036220193193,0.1796892563756285,0.0004640179579119665,0.04281562394607006
2019-01-22,2019,1929,0,0,61,7,-0.35625960348484886,-0.0008906490087121221,-0.05044281843465626,0.1752486800289069,0.0004996644500812499,0.014885258434534128
2019-01-23,2019,1929,0,0,61,9,-1.5922768536659286,-0.003980692134164822,-0.12884787826317687,0.1883311581163679,0.0005657275560205653,0.017959242476873725
2019-01-24,2019,1929,0,0,60,11,0.5549381101530125,0.0013873452753825313,0.010420208782205712,0.1650983075348,0.0004594159370320314,0.08764857570938793
2019-01-25,2019,1929,0,0,60,3,1.4364874325493049,0.0035912185813732622,0.09046689397872809,0.15174005455605613,0.00036524093443221354,0.023015828912433253
2019-01-28,2019,1929,0,0,60,4,0.21501864292200557,0.0005375466073050139,-0.041125650442049556,0.1736985765905713,0.0007572550374544373,0.011327238010295051
2019-01-29,2019,1929,0,0,61,4,0.14008777277934925,0.00035021943194837315,-0.02086654532107846,0.17031685062080895,0.0008036089365407697,0.021303758552684238
2019-01-30,2019,1929,0,0,62,5,0.14722728722689626,0.0003680682180672407,0.0294128085313527,0.16192989738765465,0.000912561477566408,0.22872433312553628
2019-01-31,2019,1929,0,0,62,12,1.1504030874459859,0.0028760077186149647,0.07283305018473146,0.15468747941551195,0.0009636698844922075,0.022013162327356183
2019-02-01,2019,1929,0,0,62,15,0.4584771215475284,0.001146192803868821,-0.005719343074243844,0.16778883477552387,0.0005356407247816735,0.01839574691988384
2019-02-04,2019,1929,0,0,62,24,-1.0562879921105168,-0.002640719980276292,-0.08639699846044746,0.18124702913957538,0.0005168686521659391,0.01704527918589525
2019-02-05,2019,1929,0,0,64,10,-0.07461721297653257,-0.00018654303244133142,-0.03817761286727042,0.1732049502465002,0.0007255688693685525,0.06496563379924368
2019-02-06,2019,1929,0,0,64,5,0.16894794758873388,0.0004223698689718347,0.0028569829592965234,0.16636203611645609,0.0011743827170170784,0.015105645131776419
2019-02-07,2019,1929,0,0,66,6,0.6276806119871021,0.0015692015299677553,0.018588060265915165,0.16373754268620352,0.0012714958030604479,0.025970182497040036
2019-02-08,2019,1929,0,0,65,1,0.8339115400029589,0.002084778850007397,0.039905552952897036,0.16017837382704903,0.0007858678377712765,0.03265378801499837
2019-02-12,2019,1929,0,0,64,1,1.1521920477566525,0.0028804801193916315,0.08618306258017411,0.1524568469441851,0.0006759073839675694,0.02111166738994074
2019-02-13,2019,1929,0,0,64,1,0.30263932375825164,0.0007565983093956292,0.029494208794816137,0.16191339904598118,0.0008159568282908501,0.017414704935409267
2019-02-14,2019,1929,0,0,65,4,-0.07150408786987938,-0.00017876021967469846,-0.009716678597616964,0.1684603919143497,0.0008762980709120123,0.0179472725112622
2019-02-15,2019,1929,0,0,64,0,0.780787667984153,0.0019519691699603826,0.03255827785539588,0.16139820710358477,0.00034811621529555996,0.02253645018914899
2019-02-18,2019,1929,0,0,63,4,0.45420830304795395,0.001135520757619885,0.019044229121796926,0.16365681195568757,0.00031423772327321214,0.09312684739253148
2019-02-19,2019,1929,0,0,63,2,1.365015129092223,0.0034125378227305575,0.09087637270957143,0.1516684326009727,0.0002830754967556093,0.041336382427736906
2019-02-20,2019,1929,0,0,64,8,-0.32652811583097746,-0.0008163202895774437,-0.07185703772142785,0.1788167810357559,0.0003282433310864323,0.04774951276750029
2019-02-21,2019,1929,0,0,64,2,-0.2085256609662267,-0.0005213141524155668,-0.0069106898673257705,0.16798900783483772,0.0003348477106536755,0.03279159068566143
2019-02-22,2019,1929,0,0,64,1,-0.21626738870741286,-0.0005406684717685321,0.002986789948728858,0.1663333425115605,0.00031280760427116085,0.01920572763333568
2019-02-25,2019,1929,0,0,63,6,-1.3276729603129418,-0.0033191824007823543,-0.09069386419908351,0.18196438578812935,0.00038656097448605824,0.009656474901259378
2019-02-26,2019,1929,0,0,62,13,0.6610950877966891,0.0016527377194917228,0.07155125273828643,0.15489511037710435,0.0004403535476472307,0.027387939805028946
2019-02-27,2019,1929,0,0,62,14,-0.11530637212026307,-0.0002882659303006577,-0.02603163546673809,0.17117700051033463,0.00028948437434219836,0.040158615325545884
2019-02-28,2019,1930,0,0,60,2,1.0814508699299448,0.0027036271748248617,0.022869489619404004,0.1630212270407983,0.00043006592496505484,0.018575102184003114
2019-03-01,2019,1931,0,0,61,12,0.09263544690022452,0.00023158861725056128,-0.01275656652055311,0.1689612008116081,0.0003439582072414426,0.013253450024442734
2019-03-04,2019,1931,0,0,61,18,-0.44538750295637,-0.001113468757390925,-0.007068223297628748,0.16801040686358082,0.0002672231001615972,0.021987205842271408
2019-03-05,2019,1932,0,0,63,10,0.35052130605060583,0.0008763032651265145,-9.807937027340821e-05,0.16685275505924174,0.00042084285733012594,0.01896056203044963
2019-03-06,2019,1932,0,0,64,9,1.1891910396947631,0.002972977599236908,0.09846438108979153,0.15041135030292196,0.0009206847860065514,0.010386007988474786
2019-03-07,2019,1932,0,0,63,5,-0.8461445146523319,-0.00211536128663083,-0.06475676135762537,0.177639032129658,0.00043734497565424874,0.024053335910959307
2019-03-08,2019,1932,0,0,63,1,0.6266124796522319,0.0015665311991305798,0.1288857036759628,0.14533474719003997,0.0007238069860440005,0.020289478451977587
2019-03-11,2019,1932,0,0,63,10,-0.8374670086126328,-0.002093667521531582,-0.07443625189729045,0.17925271820110134,0.0003447202246786748,0.023784955851883536
2019-03-12,2019,1932,0,0,63,15,-0.351307896887198,-0.000878269742217995,-0.060803394818461254,0.17697587556660865,0.0003640456214544748,0.03929230408426274
2019-03-13,2019,1933,0,0,66,7,-0.4969518466876073,-0.0012423796167190181,-0.03243145789252884,0.17224660457085397,0.0005403229067239765,0.022296577642734024
2019-03-14,2019,1933,0,0,65,17,-0.7392055856443891,-0.0018480139641109728,-0.053060287031980256,0.17568896897501649,0.0007137980847814384,0.0356464727643293
2019-03-15,2019,1934,0,0,65,10,0.3694360998222369,0.0009235902495555923,0.020120506954990097,0.16347817220721042,0.00030324294107812884,0.034380066600788496
2019-03-18,2019,1934,0,0,65,5,-0.43269954147582557,-0.001081748853689564,-0.05081231949035774,0.17531014915302992,0.00028930515606648386,0.013298727577548467
2019-03-19,2019,1935,0,0,66,10,0.07560534842926958,0.00018901337107317395,-0.035553914652296195,0.1727651387343381,0.0004042969177716775,0.013677741961630017
2019-03-20,2019,1936,0,0,67,6,0.34476416785297914,0.0008619104196324478,-0.027126781721514885,0.1713645649975894,0.0010303098987273745,0.019202338900410308
2019-03-22,2019,1936,0,0,66,8,0.27008530828429134,0.0006752132707107284,0.04629687754217647,0.15911456294208232,0.0009929936290226172,0.009017040933551983
2019-03-25,2019,1936,0,0,65,13,-1.0092339931842012,-0.002523084982960503,0.0068884866771890315,0.16568776156327575,0.0005013024945243787,0.018610587622719072
2019-03-26,2019,1936,0,0,63,13,-1.1856986649416297,-0.002964246662354074,-0.13289140806369193,0.18900961392390012,0.0013821625062322598,0.04992529910891365
2019-03-27,2019,1936,0,0,61,7,0.38158178170635304,0.0009539544542658826,0.06131477722347495,0.15660569094587481,0.0003493148448952118,0.01892007661777562
2019-03-28,2019,1937,0,0,63,11,-0.9067167226816355,-0.0022667918067040887,-0.1058341641860871,0.18449533218253175,0.0006471711042533882,0.061271779253934004
2019-03-29,2019,1937,0,0,64,3,-0.36991126842035604,-0.0009247781710508902,-0.09270711476445999,0.1823031399388257,0.0005432047774499992,0.021730090912819643
2019-04-01,2019,1937,0,0,63,5,-0.5506638068068208,-0.0013766595170170521,-0.07116733103304582,0.17870809658071635,0.0004258998316045719,0.0629186694387794
2019-04-02,2019,1937,0,0,63,7,0.26359118527956377,0.0006589779631989095,-0.02834113018486955,0.17155020828119788,0.0003359631379716261,0.06266067577805595
2019-04-03,2019,1937,0,0,63,8,1.0337613819111424,0.002584403454777856,0.07326117958887342,0.15460926179710924,0.00033784342251605735,0.025993234340672796
2019-04-04,2019,1937,0,0,65,7,0.7091072512677286,0.0017727681281693214,0.03297870040263274,0.16133144114250114,0.00030574952089612475,0.012730647361238377
2019-04-05,2019,1937,0,0,64,8,0.7826056791643656,0.001956514197910914,0.05466608231038267,0.15770316824701386,0.00033975347772624055,0.034691388920801175
2019-04-08,2019,1937,0,0,63,9,0.8884900663408837,0.002221225165852209,0.08571017460095012,0.15253326491173172,0.0002476796749552032,0.017192571391636245
2019-04-09,2019,1937,0,0,64,13,1.0797508310855501,0.0026993770777138755,0.13167819246524193,0.14485826394501822,0.0003312702735478038,0.024872266665196957
2019-04-10,2019,1938,0,0,63,9,0.0933198375656705,0.00023329959391417624,-0.020408723947192314,0.1702346092204354,0.0002786947850239089,0.014256841440577511
2019-04-11,2019,1938,0,0,66,8,-2.0146138086648864,-0.005036534521662216,-0.18786339930208662,0.19818004003099893,0.0008588371334496804,0.015376031538673406
2019-04-12,2019,1938,0,0,65,9,0.7914713648878993,0.001978678412219748,0.0550641763227191,0.15764502296369898,0.0003307719376013826,0.03182917263295424
2019-04-15,2019,1938,0,0,64,22,0.01847292520500954,4.6182313012523845e-05,0.013738236765017018,0.16453758801486992,0.0003977782664050841,0.026227379432336103
2019-04-16,2019,1938,0,0,65,11,-0.3400311541587877,-0.0008500778853969693,-0.046878745050649914,0.17465869343642584,0.0006588293643804665,0.011486195302854984
2019-04-17,2019,1938,0,0,65,9,2.694097524037348,0.00673524381009337,0.2328102280846598,0.12799158329569826,0.000315146046508255,0.014288054843725449
2019-04-18,2019,1938,0,0,65,14,0.7855655552910883,0.001963913888227721,0.14189093724305055,0.14315571041970193,0.0002595987438074261,0.018394263110110453
2019-04-19,2019,1938,0,0,65,16,-0.07953664668145066,-0.00019884161670362664,0.033968214729235675,0.1611567992740558,0.00021947491837706718,0.025761153474163415
2019-04-22,2019,1938,0,0,64,13,0.07965402640435465,0.00019913506601088661,0.04737983672972089,0.15893122735920645,0.00035047873705005065,0.02247060605168147
2019-04-23,2019,1938,0,0,63,5,-0.14384305337886283,-0.00035960763344715705,0.020362712292459482,0.16343633308578998,0.00037096401612100714,0.02216710093353907
2019-04-24,2019,1938,0,0,64,18,-0.08028993839989919,-0.00020072484599974798,-0.013567977090700392,0.16909668644431647,0.00042273505417403324,0.02332662191166049
2019-04-25,2019,1938,0,0,64,14,-1.445907873174089,-0.0036147696829352226,-0.10560920396824756,0.1844563494266506,0.0009408997315168997,0.0074375437929327555
2019-04-26,2019,1938,0,0,64,9,0.20278464282746755,0.0005069616070686689,-0.03890819492602352,0.1733282682969087,0.000720842051470229,0.009080817078266048
2019-05-07,2019,1938,0,0,63,11,0.026691996333275902,6.672999083318975e-05,-0.006255460468242735,0.16788120487333158,0.0009432777673325673,0.005847924571891707
2019-05-08,2019,1938,0,0,63,9,-0.24415488365895158,-0.000610387209147379,0.00445931038125332,0.16609014124197477,0.0008201337997592086,0.03441392298157055
2019-05-09,2019,1938,0,0,63,13,1.1072103426521418,0.0027680258566303547,0.01266203138748147,0.16472445178403844,0.0013809115820276002,0.033833514308656394
2019-05-10,2019,1938,0,0,64,21,0.6221087665193537,0.0015552719162983842,0.004268855649017107,0.16612442733305846,0.0009955941525013078,0.015608697624043454
2019-05-13,2019,1938,0,0,62,8,0.6862252851867559,0.0017155632129668896,0.04077044058882406,0.160034931019739,0.001262533811409185,0.024520972868141706
2019-05-14,2019,1938,0,0,61,16,0.2182857866785145,0.0005457144666962863,0.052469526432127905,0.158080914353098,0.0010179127938865459,0.028881721954333747
2019-05-15,2019,1938,0,0,61,11,-0.6378271335110861,-0.0015945678337777153,-0.011704808130029058,0.16878905911468386,0.000643715627744949,0.029691523909267107
2019-05-16,2019,1938,0,0,61,11,0.7884262176036482,0.0019710655440091204,-0.0004558071788867615,0.16690976386103448,0.0004468225588870792,0.01965022531499419
2019-05-17,2019,1938,0,0,60,5,-0.5781567271163742,-0.0014453918177909355,-0.057255046071266386,0.17638695399267237,0.0003732226175312183,0.02263234858373688
2019-05-20,2019,1938,0,0,61,8,-0.4741873974767163,-0.0011854684936917906,-0.04638878684833496,0.17456945628775006,0.00032233426146981164,0.024403458830038527
2019-05-21,2019,1938,0,0,61,9,2.4796079975675185,0.006199019993918796,0.15957451418740057,0.14021022644819697,0.00038524429571960204,0.014014605142111334
2019-05-22,2019,1938,0,0,60,7,-0.47785334983893024,-0.0011946333745973257,0.009579989592154984,0.165234403633164,0.0003072775599523899,0.008455672362480134
2019-05-23,2019,1938,0,0,61,2,0.40336570761232976,0.0010084142690308243,0.05191252208467118,0.15816954246483364,0.0003804071613859583,0.031180048073676792
2019-05-24,2019,1938,0,0,60,5,-0.1517359426093572,-0.000379339856523393,0.002642411764823786,0.16639362826188586,0.0004023205957403296,0.019861365146234877
2019-05-27,2019,1938,0,0,60,12,-0.8043052355679001,-0.0020107630889197505,-0.06425212405051607,0.17755334898788078,0.0003939618937861904,0.01004327014940062
2019-05-28,2019,1938,0,0,60,0,2.764186447553258,0.006910466118883145,0.25122874209912244,0.12492044077630436,0.0003681203973750318,0.015356376993345492
2019-05-29,2019,1938,0,0,60,7,0.44871874273177936,0.0011217968568294483,0.07780295901946012,0.1538544157619672,0.00036755990282227646,0.039604974044173735
2019-05-30,2019,1938,0,0,59,11,0.38110600274690043,0.0009527650068672511,0.10154767514945356,0.1498955223087335,0.0006575066480631285,0.0188273103301687
2019-05-31,2019,1938,0,0,59,2,-3.105311929342279,-0.0077632798233556975,-0.24416419601383052,0.20757301397583258,0.0007270389988214328,0.01564832637725528
2019-06-03,2019,1939,0,0,58,5,-1.4013000998384948,-0.003503250249596237,-0.1694446248507806,0.1951082109246932,0.0016704937310787467,0.02826436679063222
2019-06-04,2019,1939,0,0,58,3,-1.0943115809079869,-0.002735778952269967,-0.03649419238782458,0.17291865689842284,0.0004609837948223274,0.029008281794159225
2019-06-05,2019,1939,0,0,57,5,-0.2989983774423095,-0.0007474959436057737,-0.01950238979473601,0.17008729174930667,0.0005608444404654054,0.03568790521877194
2019-06-06,2019,1939,0,0,59,7,0.12054817238250726,0.00030137043095626814,-0.03762181041864607,0.17311231968089927,0.0006895237862566695,0.030963446152263128
2019-06-07,2019,1939,0,0,59,13,0.7436033221803957,0.0018590083054509893,0.06389145261608463,0.15616901410595896,0.0002834857625302155,0.04740775340093323
2019-06-10,2019,1939,0,0,59,14,-0.061752634110381344,-0.00015438158527595336,-0.023273012369191375,0.1707148046703718,0.0003684972783972519,0.049238328380965916
2019-06-11,2019,1939,0,0,61,5,-1.6227717084999291,-0.004056929271249823,-0.20794867945697834,0.2015283824527808,0.0005623802516677807,0.012590300781225057
2019-06-12,2019,1940,0,0,62,7,-0.538540468928405,-0.0013463511723210125,-0.006326617753186523,0.16788423873424235,0.0003135055962641758,0.07494430145706031
2019-06-13,2019,1940,0,0,62,15,-1.2776807039818643,-0.0031942017599546606,-0.1333075644844029,0.1890735038419458,0.000387475674730362,0.017806560653489536
2019-06-14,2019,1940,0,0,59,14,0.8337315477676519,0.00208432886941913,0.06336730283993526,0.1562652797550614,0.00044955869640629105,0.011999104454869049
2019-06-17,2019,1940,0,0,57,10,-1.1303007941086514,-0.0028257519852716282,-0.10493482010549342,0.1843444348087279,0.0008405019409123118,0.032583947696916776
2019-06-18,2019,1941,0,0,58,9,-0.6329583277212291,-0.0015823958193030728,-0.034358272565869666,0.17256032821294398,0.00038867275547364123,0.08144168865915653
2019-06-19,2019,1942,0,0,58,15,-0.5949697593981812,-0.001487424398495453,-0.07660039228858036,0.17961576432706036,0.0004863904250541443,0.0524092202615051
2019-06-20,2019,1942,0,0,57,10,-0.34558866829555307,-0.0008639716707388827,-0.007913225072245785,0.16814968388331772,0.000280087494593327,0.020835015010893746
2019-06-21,2019,1942,0,0,57,14,0.18301430807304653,0.0004575357701826163,0.05076368112252292,0.15835857459076116,0.0002743216304534628,0.017114729657740396
2019-06-24,2019,1942,0,0,57,19,0.39059205905280403,0.0009764801476320101,0.0011924434153439078,0.1666363247580103,0.0004343183392407806,0.014104759411104064
2019-06-25,2019,1942,0,0,57,14,1.0999033873982555,0.0027497584684956387,0.06866387288512805,0.1553809520892027,0.0005333546797731778,0.007836139312071968
2019-06-26,2019,1942,0,0,57,29,-0.17366285592362618,-0.00043415713980906543,-0.007556307174143751,0.16809042787631054,0.00037387586433805455,0.01539824161659184
2019-06-27,2019,1943,0,0,57,2,0.17858585943859673,0.0004464646485964918,-0.007865153019637017,0.1681502606698547,0.0008353221669435276,0.03493932697216849
2019-06-28,2019,1943,0,0,57,11,-0.5033260907352104,-0.001258315226838026,-0.035538142305059,0.17276162298766212,0.00028743189605596217,0.04649543932788113
2019-07-01,2019,1943,0,0,58,26,-2.345189397140743,-0.005862973492851857,-0.2075026452504848,0.20145337998702853,0.0006284742683332546,0.09087384453110688
2019-07-02,2019,1943,0,0,57,8,1.306778554750128,0.00326694638687532,0.09909698893211878,0.1503011466838585,0.0002455440463132065,0.17541172515233847
2019-07-03,2019,1943,0,0,57,3,0.34215213015168544,0.0008553803253792136,0.06737473991516693,0.1555846265833862,0.0002548161057789184,0.042954533527846825
2019-07-04,2019,1943,0,0,58,6,0.05025977215731481,0.000125649430393287,-0.0036100505926098163,0.16743538998360774,0.0004698684476293046,0.032862741912045045
2019-07-05,2019,1943,0,0,55,6,0.43766459738683927,0.001094161493467098,-0.017905261303955866,0.16982030602875683,0.0003405297091600684,0.06092769330889247
2019-07-08,2019,1943,0,0,54,1,0.32074346826192035,0.0008018586706548009,0.03126647653632603,0.1616155622281404,0.00026663011520693277,0.0185827514506075
2019-07-09,2019,1943,0,0,53,3,-0.21586404836356876,-0.000539660120908922,0.013538473701847442,0.16457538368164398,0.000327385868400778,0.020700840755141635
2019-07-10,2019,1943,0,0,54,6,0.29173419802091527,0.0007293354950522881,0.05270549580140879,0.15803928508495096,0.00039489674687987153,0.21990981116915137
2019-07-11,2019,1943,0,0,55,4,-0.08200090542495064,-0.0002050022635623766,-0.025822616976683525,0.17113882603592584,0.0005638494092094612,0.01033124306778025
2019-07-12,2019,1943,0,0,52,1,-0.04944922189808576,-0.0001236230547452144,0.02867286187359292,0.16204754736290738,0.0002878110951536553,0.010893755689124388
2019-07-16,2019,1943,0,0,51,4,-0.5439623794013837,-0.0013599059485034592,-0.058342760836973526,0.1765718463765045,0.0009717883122823921,0.012459415826724649
2019-07-17,2019,1943,0,0,54,3,0.6414719869951377,0.0016036799674878444,0.058222952426668695,0.1571241915544046,0.0005262017976189366,0.009019455773482727
2019-07-18,2019,1944,0,0,55,16,-0.9607994288586701,-0.0024019985721466753,-0.08595410394686913,0.18117279674879364,0.0003101709512163424,0.028663295909288417
2019-07-19,2019,1944,0,0,54,10,-0.42744471597418854,-0.0010686117899354713,-0.012653399205708838,0.16894551125713392,0.00021637903234547024,0.015288155675318528
2019-07-22,2019,1944,0,0,54,7,0.20121876888760476,0.0005030469222190119,-0.05185439077754164,0.17548021179115925,0.000248532356338408,0.03307186384126643
2019-07-23,2019,1944,0,0,54,8,0.0015876592956758362,3.9691482391895905e-06,-0.03207215445169991,0.1721805363391249,0.00025291847611032443,0.010973502346791161
2019-07-24,2019,1944,0,0,54,9,-0.6217089578733456,-0.0015542723946833639,-0.03708973800392298,0.1730147785215665,0.00033743738674717736,0.013292300929395021
2019-07-25,2019,1944,0,0,54,10,-0.7933386853487638,-0.0019833467133719097,-0.06810569740831653,0.1781928654885541,0.0003383209968235585,0.03330670255224554
2019-07-26,2019,1944,0,0,54,9,-0.3397290872648868,-0.0008493227181622171,0.021163172478992753,0.1633010353002012,0.0003535970005908002,0.038214401158414714
2019-07-29,2019,1945,0,0,54,7,-0.06625136903885975,-0.00016562842259714938,-0.023637310567118847,0.17077622659284622,0.0005165572984583817,0.026518550097217344
2019-07-30,2019,1945,0,0,55,15,-0.3159569770051223,-0.0007898924425128059,0.020636904468464293,0.16338617751439583,0.0004728414225575527,0.007054104894556719
2019-07-31,2019,1945,0,0,56,7,-1.3876287397546632,-0.003469071849386658,-0.15504446474851571,0.1927050675333426,0.0012706927459150722,0.011902672956080057
2019-08-01,2019,1945,0,0,55,8,-0.44458388056874476,-0.001111459701421862,-0.054464558117155684,0.1759240705216238,0.001013632702580911,0.01980001488019132
2019-08-02,2019,1945,0,0,56,25,0.8159701098601717,0.0020399252746504293,0.05198617803082869,0.1581584834493909,0.00039748083553146966,0.028090874103693163
2019-08-05,2019,1945,0,0,54,27,1.2324395947677027,0.003081098986919257,0.0518339579929081,0.1581847458279497,0.0006142781910632649,0.019995330351048016
2019-08-06,2019,1945,0,0,54,25,-0.19010288319763663,-0.00047525720799409155,0.018975691534945223,0.16366677864122778,0.000610883226182133,0.010064601698525473
2019-08-07,2019,1945,0,0,55,13,-0.6291851082309498,-0.0015729627705773743,-0.05503937629612705,0.1760073433196368,0.0005849790769241187,0.019447511029562024
2019-08-08,2019,1945,0,0,53,9,-2.7039629012327735,-0.006759907253081934,-0.17129610765825407,0.19541555819932302,0.0010443352382861891,0.01716494579289099
2019-08-09,2019,1946,0,0,54,4,1.991329200994243,0.004978323002485607,0.1325843391634272,0.14471558834318662,0.0006550038841883614,0.018597219446655194
2019-08-13,2019,1946,0,0,54,4,1.2103649215257508,0.003025912303814377,0.07705303221820536,0.15398062325162126,0.0005198294317639569,0.028787595270983977
2019-08-14,2019,1946,0,0,54,2,-0.04371024828556652,-0.0001092756207139163,-0.0009401782010596715,0.1669869110833607,0.0003304132413382994,0.017857388959901604
2019-08-15,2019,1946,0,0,54,8,-1.0700205857035074,-0.0026750514642587685,-0.062462104762796164,0.1772439451744915,0.0004090934857031426,0.05226649372381383
2019-08-16,2019,1946,0,0,54,23,-0.6371491642974787,-0.0015928729107436968,-0.002165722496202481,0.1671953061022384,0.0004730263099841989,0.051209815394859484
2019-08-19,2019,1946,0,0,54,2,-0.7714421157630154,-0.0019286052894075384,-0.10703465293961692,0.1846911934515066,0.00034618810269795234,0.07445235930492969
2019-08-20,2019,1946,0,0,54,1,0.2761953558362806,0.0006904883895907014,0.04282672847310114,0.15967175385815846,0.00028808423638327025,0.020338917348118504
2019-08-21,2019,1946,0,0,57,6,0.41028909215086284,0.0010257227303771572,0.03861004098947142,0.16038112726651016,0.00023953942289210177,0.02066452665355952
2019-08-22,2019,1946,0,0,57,15,-2.4131055574286924,-0.0060327638935717305,-0.18863916162574965,0.19830954584793856,0.0006041325969985384,0.007911979928875618
2019-08-23,2019,1946,0,0,57,11,-0.2768154086479899,-0.0006920385216199748,0.013471340343812158,0.1645809360854979,0.0003128136999812148,0.003212709588201138
2019-08-26,2019,1946,0,0,58,3,0.9000179434374249,0.0022500448585935622,0.043745382152671736,0.15952638807153716,0.00033006546673073527,0.10156473274019544
2019-08-27,2019,1946,0,0,54,8,-0.03731071928994012,-9.32767982248503e-05,-0.004600653527819533,0.16759281496649991,0.00031751021224279784,0.03349307068809525
2019-08-28,2019,1946,0,0,54,12,2.617922173789465,0.006544805434473663,0.25207261314328744,0.12478211204915059,0.0006293214194861674,0.026828210971155324
2019-08-29,2019,1946,0,0,53,17,-0.2059477770062721,-0.0005148694425156802,-0.035201304513983366,0.17270743361581556,0.0002926526906403103,0.012744307291073896
2019-08-30,2019,1946,0,0,53,2,0.04126706691902027,0.00010316766729755067,0.06129987423689165,0.15660288261106453,0.00029220717692131793,0.031558097608778576
2019-09-02,2019,1947,0,0,53,5,-1.1505897463780186,-0.0028764743659450464,-0.10310115931038469,0.184033221777331,0.00027206013007661486,0.013926752460811796
2019-09-03,2019,1947,0,0,53,6,1.2110025604059071,0.003027506401014768,0.1704318653308414,0.1384031413331227,0.0005844756273333511,0.033405608025806374
2019-09-04,2019,1947,0,0,54,6,-0.5625607199836103,-0.001406401799959026,-0.039824749554521484,0.1734739473547208,0.0002528766207561723,0.04022175624372334
2019-09-05,2019,1947,0,0,53,4,-0.1533233410985524,-0.000383308352746381,0.022407201057586243,0.16309579164610694,0.0003373343164946616,0.02760046803475137
2019-09-06,2019,1947,0,0,52,11,4.977980122713049,0.012444950306782623,0.323644068420133,0.11284018967483046,0.0004656841501050255,0.023484239656321838
2019-09-09,2019,1947,0,0,51,21,1.753102997368936,0.0043827574934223405,0.19223022514152474,0.1347661119383867,0.00046228830024173077,0.030943148407321798
2019-09-10,2019,1947,0,0,51,7,1.4960115221773311,0.0037400288054433278,0.13838323674248162,0.14374520159731038,0.0003446933907153867,0.018644976099131304
2019-09-11,2019,1947,0,0,51,8,0.7502545778036438,0.0018756364445091094,0.11558578635317214,0.14755085066467957,0.0003382271790069368,0.054161792943381956
2019-09-12,2019,1947,0,0,50,7,-0.16117384909349197,-0.00040293462273372995,-0.045248056586745765,0.17437691802073518,0.0003872003597693149,0.017394819827793628
2019-09-13,2019,1946,0,0,50,8,-1.984110856623047,-0.004960277141557617,-0.14128673391801505,0.19040598250964666,0.0004968893859561037,0.017202936701553654
2019-09-17,2019,1945,0,0,50,11,0.21454273942631974,0.0005363568485657993,0.002250916082072524,0.1664611756745008,0.00029277435515964576,0.01544681970930772
2019-09-18,2019,1945,0,0,49,5,0.24642025080187885,0.0006160506270046971,-0.03513062632773912,0.1726888772193509,0.0003471196887348221,0.030641313513374117
2019-09-19,2019,1945,0,0,48,12,-0.1430879424690945,-0.00035771985617273627,-0.054075663879645804,0.17585317810540424,0.0003602192764312925,0.017237599003929814
2019-09-20,2019,1946,0,0,50,11,0.16374266811798366,0.0004093566702949591,0.010683502936091778,0.16504825400843154,0.00022894328378920764,0.013376975408253299
2019-09-24,2019,1947,0,0,50,5,-1.3048369624151297,-0.0032620924060378243,-0.08752948109351184,0.1814362104251363,0.0002646234450726834,0.014075633440444754
2019-09-25,2019,1947,0,0,50,4,0.5976710349195549,0.0014941775872988872,0.0011260733287921487,0.16664898373141096,0.000575092225604779,0.01266263492823333
2019-09-26,2019,1947,0,0,51,12,0.8437195002398699,0.0021092987505996748,0.023922589881196138,0.16284481877007942,0.0004423664533962662,0.011566243602231914
2019-09-27,2019,1948,0,0,51,6,1.4519331815869372,0.003629832953967343,0.09897339854116907,0.15032460044965465,0.0006216060179254505,0.02820437222447572
2019-09-30,2019,1948,0,0,52,3,0.06572607881245007,0.0001643151970311252,-0.024485301540157326,0.17091786421475677,0.00031801318141458796,0.02689112032518387
2019-10-01,2019,1949,0,0,52,4,0.3919992225344209,0.0009799980563360523,0.023142931632980365,0.1629761890142436,0.0006631608827673619,0.03738356508142421
2019-10-02,2019,1949,0,0,52,8,-0.09274846871103903,-0.00023187117177759757,-0.03147775914153057,0.17208126276287938,0.0002595361672251726,0.023032236050101296
2019-10-03,2019,1949,0,0,52,2,-0.2903936207127258,-0.0007259840517818145,0.035960898267319345,0.16082445837544265,0.0002840628330406831,0.024816425330365315
2019-10-04,2019,1949,0,0,50,3,0.37546085000551965,0.0009386521250137991,0.08623624763142344,0.15244721747236328,0.000489561670090441,0.019749079182661146
2019-10-07,2019,1949,0,0,49,3,-0.5783138269161922,-0.0014457845672904803,-0.05361378632264881,0.17577303284691673,0.00024725529269979733,0.015817844084646912
2019-10-08,2019,1950,0,0,52,9,1.1874743135040944,0.002968685783760236,0.11228215741337624,0.14809701735063202,0.0002952554188094241,0.01999770829555074
2019-10-09,2019,1951,0,0,56,9,0.10569381034070424,0.0002642345258517606,0.0036841439833472517,0.16621394722981286,0.0003193345532022118,0.00722971253760385
2019-10-10,2019,1951,0,0,58,11,0.1686986664075225,0.00042174666601880626,-0.0034588296526580505,0.16741399440803298,0.0006176095854182176,0.061995622285046494
2019-10-11,2019,1951,0,0,58,9,-0.13999458066257298,-0.00034998645165643246,0.000991077822412111,0.16666732668996598,0.0004367696354973659,0.14139356198355665
2019-10-15,2019,1951,0,0,57,10,-0.8330361130821993,-0.0020825902827054984,-0.03434359891700343,0.17256210099441577,0.0003141673885602699,0.019659274806238643
2019-10-16,2019,1951,0,0,56,7,-1.3479072891519173,-0.003369768222879793,-0.09711186136351814,0.1830329628832093,0.000304092329346654,0.009008718750586592
2019-10-17,2019,1951,0,0,56,8,-0.3940166589201852,-0.000985041647300463,-0.0215057322859513,0.17041663045738273,0.00031847971553596033,0.013987463280405014
2019-10-18,2019,1951,0,0,56,4,-0.981696354908818,-0.0024542408872720452,-0.016574115018918603,0.16959870152058773,0.0003216061438501524,0.02709273823119594
2019-10-21,2019,1951,0,0,57,9,-0.43421699911108497,-0.0010855424977777124,-0.04507037449328575,0.17434759342214295,0.0003292020592577283,0.04927345270066881
2019-10-23,2019,1951,0,0,57,10,0.8097602885290768,0.002024400721322692,0.07207452739677649,0.15480113692770714,0.00024590293868022414,0.011504280362683385
2019-10-24,2019,1951,0,0,58,8,1.1059853041775638,0.0027649632604439096,-0.03903792721908671,0.1733452675358917,0.0003458915359096979,0.024448099347220992
2019-10-25,2019,1952,0,0,58,20,-0.02811923416439366,-7.029808541098415e-05,-0.07069803302459533,0.17862811536054013,0.00032475585074633127,0.01457593906340919
2019-10-28,2019,1953,0,0,60,14,-0.4156190096000248,-0.001039047524000062,0.040683648250933575,0.16004705824956728,0.0006024681483657308,0.032377201961242046
2019-10-29,2019,1953,0,0,59,15,-0.880613839531966,-0.002201534598829915,-0.03379644322111216,0.17247124858721408,0.0005601555553853224,0.010209493583818601
2019-10-30,2019,1954,0,0,59,2,0.7869247727814587,0.001967311931953647,0.020507657019977272,0.1634137602734011,0.0005487632539742287,0.017849984662609338
2019-10-31,2019,1954,0,0,59,5,0.23775208457714658,0.0005943802114428665,0.06668328129562892,0.15570959223687347,0.0006607486449201593,0.06566296096861302
2019-11-01,2019,1955,0,0,63,8,0.32222179592961336,0.0008055544898240334,0.03408211187231556,0.16114422900699818,0.00044297454868842754,0.01805813906079696
2019-11-05,2019,1955,0,0,63,16,-0.23523270640639798,-0.000588081766015995,-0.04243946739528496,0.1739117786105186,0.0004346321446768456,0.02538978633299119
2019-11-06,2019,1955,0,0,61,17,-0.28212484350887723,-0.0007053121087721931,0.002839575995646304,0.16635539106378786,0.0005684936776458177,0.01429163365349143
2019-11-07,2019,1955,0,0,62,17,1.1008784621451722,0.0027521961553629306,0.032200456295578626,0.16146279830317833,0.0006096338360998832,0.008561659618412844
2019-11-08,2019,1955,0,0,61,18,-0.2806852661278927,-0.0007017131653197317,-0.031214974431689947,0.17203895560076163,0.00035854393910199296,0.008499282752326963
2019-11-11,2019,1955,0,0,61,12,0.498237516967193,0.0012455937924179825,0.04485417916548862,0.15935148392129303,0.000490448043980256,0.03435008508599316
2019-11-12,2019,1955,0,0,61,15,-0.40289518235276645,-0.0010072379558819162,-0.02087343596058188,0.17031820622695723,0.0006595619446509723,0.014754362081358474
2019-11-13,2019,1955,0,0,61,8,0.6167819137273312,0.0015419547843183278,0.01290645559609989,0.1646813480181904,0.0005829268525746363,0.02377416190048743
2019-11-14,2019,1955,0,0,61,4,0.5143358036179237,0.0012858395090448093,0.03764301252820842,0.16055246408681914,0.00037959313035949415,0.02349980444205974
2019-11-15,2019,1955,0,0,61,16,-0.11372705796779689,-0.00028431764491949224,-0.07903952564304469,0.1800171018853532,0.000309271410569434,0.008487543655775904
2019-11-18,2019,1955,0,0,61,15,0.1403501111019324,0.000350875277754831,0.017904236108933474,0.1638465560064828,0.00034625010197315365,0.01088648544121645
2019-11-19,2019,1955,0,0,61,8,-0.46279557335750365,-0.001156988933393759,-0.04220204158197133,0.17386935774773282,0.0002471865971725174,0.01051212493903876
2019-11-20,2019,1955,0,0,60,5,-0.22512052804553462,-0.0005628013201138365,-0.02627843731815526,0.1712085868415295,0.00026592245955592373,0.025682200528275946
2019-11-21,2019,1955,0,0,58,1,1.8606611713066639,0.00465165292826666,0.1933331701983272,0.13458049511538658,0.00036522358166498763,0.014291253245477052
2019-11-22,2019,1955,0,0,58,6,-0.3185272948461576,-0.000796318237115394,-0.018157315453531844,0.16986074851785002,0.00029407193117236965,0.00567447762994995
2019-11-25,2019,1955,0,0,58,10,0.4175614398124967,0.0010439035995312418,0.028919464553750423,0.16200765098489048,0.0003040530367630052,0.009903195232443861
2019-11-26,2019,1955,0,0,59,1,0.02008400202538385,5.021000506345963e-05,0.019433393074806224,0.16358855004878223,0.00025530592654105205,0.014985229892554814
2019-11-27,2019,1955,0,0,58,8,-0.41672900723885004,-0.001041822518097125,-0.01938715262074336,0.17006070915027333,0.0002288717264269923,0.006182487239272191
2019-11-28,2019,1955,0,0,58,7,-0.16009630376031847,-0.00040024075940079616,0.023140567925791014,0.16297280354969676,0.0003000674162455629,0.015143339132597923
2019-11-29,2019,1955,0,0,58,1,-0.6640002643401308,-0.001660000660850327,-0.052954981316664776,0.1756685784900666,0.0003148359365821954,0.022694289922060885
2019-12-02,2019,1955,0,0,57,19,-0.4628853492875163,-0.0011572133732187908,-0.0274149770993422,0.17140062421594845,0.0002737489455173367,0.012834234968710168
2019-12-03,2019,1955,0,0,55,7,-1.24857733088646,-0.0031214433272161502,-0.06586082058547293,0.1778200682813427,0.0003210419549202913,0.027575558802020984
2019-12-04,2019,1955,0,0,55,12,0.6617773784359318,0.0016544434460898294,0.030961713812892238,0.16166379860155664,0.0002324939041715871,0.02152849099996188
2019-12-05,2019,1955,0,0,55,6,0.018183192006766324,4.545798001691581e-05,-0.014724256785666263,0.16928634751287294,0.0003324444390157036,0.010920886169005427
2019-12-06,2019,1955,0,0,54,3,0.3138661923111541,0.0007846654807778852,0.06289491046170305,0.15632933990591022,0.00023445507736941532,0.006383076699684338
2019-12-09,2019,1955,0,0,54,9,1.1078955754801212,0.002769738938700303,0.06492098274388947,0.155999139895294,0.00026723915964062625,0.01744774755940277
2019-12-10,2019,1956,0,0,54,4,0.29276479570866343,0.0007319119892716585,0.023879146049300186,0.1628455649955579,0.0002871386569863933,0.00959761239919695
2019-12-11,2019,1957,0,0,55,6,-0.1666240050202339,-0.0004165600125505847,-0.045194720996295436,0.17437445987213723,0.0004830910163664744,0.006597549739837085
2019-12-12,2019,1958,0,0,55,1,0.3635201071370774,0.0009088002678426934,0.03933490272737001,0.16026532245360214,0.00034667842912409553,0.02942875721507718
2019-12-13,2019,1958,0,0,54,6,0.7972427126556286,0.0019931067816390717,0.058835169704980234,0.15701156402267402,0.0004499610323541454,0.021901915476304195
2019-12-16,2019,1960,0,0,56,16,0.3602134132754533,0.0009005335331886332,-0.014972592008871114,0.16932813044637943,0.00036294400047199595,0.0040946968059998165
2019-12-17,2019,1962,0,0,58,11,0.789821319287531,0.0019745532982188272,0.053317491875533654,0.15793597746361157,0.00028499263644143495,0.01149465410447092
2019-12-18,2019,1964,0,0,59,6,0.20605146762306992,0.0005151286690576748,0.020259579973428938,0.1634477555242229,0.0003217185857785502,0.03395699305485976
2019-12-19,2019,1965,0,0,56,13,0.6983688971601452,0.0017459222429003628,0.06719516363679819,0.15562110323736597,0.00029576268164326156,0.008267180502588956
2019-12-20,2019,1965,0,0,56,6,-0.12431496309385123,-0.0003107874077346281,-0.008710517575977973,0.1682748538382035,0.000199366786418437,0.004542030247851322
2019-12-23,2019,1965,0,0,56,12,0.2404706611476225,0.0006011766528690563,0.017060029276672713,0.1639839694477059,0.0003279996101312403,0.00949984393047504
2019-12-24,2019,1965,0,0,56,8,0.10917458982585337,0.00027293647456463346,-0.01604231587967958,0.16950882502215187,0.0002604231215929115,0.007347652850435418
2019-12-25,2019,1966,0,0,57,12,-0.38941448556336045,-0.0009735362139084011,-0.0002827021794790276,0.1668786426663822,0.0003487517809639453,0.008476898951961997
2019-12-26,2019,1966,0,0,58,9,-0.008396877567693029,-2.099219391923257e-05,-0.024952741445721058,0.17099593648189873,0.00034455832677145404,0.04486073906513804
2019-12-27,2019,1966,0,0,57,18,0.11372894085540253,0.00028432235213850634,0.008007121911844502,0.1655001227841298,0.0006165074644833344,0.011321679337559015
2019-12-30,2020,1966,0,0,57,10,0.7686758044506052,0.0019216895111265132,0.11060415435411869,0.1483830118192544,0.0004918690795120067,0.007552487128724311
2020-01-06,2020,1966,0,0,56,11,-1.1757730000774735,-0.002939432500193684,-0.10949264740865937,0.18510334479672025,0.0005783377132551674,0.02798961500621219
2020-01-07,2020,1966,0,0,56,6,0.19992169571068175,0.0004998042392767043,0.03441938813467205,0.16109357632675872,0.0004858736792280499,0.023871568018242095
2020-01-08,2020,1966,0,0,55,11,0.5294941524743111,0.0013237353811857777,0.022804187361341304,0.1630246672766782,0.00042962848561672775,0.08709466790730265
2020-01-09,2020,1966,0,0,51,8,0.627279600270882,0.001568199000677205,0.016454292498406794,0.16408802025843627,0.0005694767366078567,0.04914183186081458
2020-01-10,2020,1966,0,0,50,6,0.3644890909129624,0.000911222727282406,0.00447554623898475,0.16607731819042057,0.00042192044929130674,0.014006428324690866
2020-01-14,2020,1966,0,0,48,3,0.5505635379244427,0.0013764088448111067,0.05467297288950747,0.157709742993646,0.00030829085645973974,0.009165955401553415
2020-01-15,2020,1966,0,0,48,4,-0.4803987247646883,-0.0012009968119117208,-0.14368269432681954,0.19079197183131896,0.00023881186177491045,0.007347099394910943
2020-01-16,2020,1966,0,0,48,5,-0.114852084730515,-0.0002871302118262875,0.0021596635028063894,0.1664682659817444,0.0002750566350352197,0.033397302176138455
2020-01-17,2020,1966,0,0,48,11,-0.27155936217579235,-0.0006788984054394809,0.037361973347200185,0.16059446402608105,0.000269166173492512,0.005530873369540295
2020-01-20,2020,1966,0,0,49,3,0.006623367693353699,1.6558419233384248e-05,-0.0023458138609120643,0.16722090895270422,0.00025277108476991407,0.013503937274862298
2020-01-21,2020,1966,0,0,50,14,0.21515944670642373,0.0005378986167660593,0.014560351118740248,0.1644055802029473,0.0003280802752511186,0.04051075724442046
2020-01-22,2020,1966,0,0,50,6,-0.08612326862282882,-0.00021530817155707203,0.06390034396164318,0.15616930976112522,0.0003521653524486872,0.026188288606957336
2020-01-23,2020,1966,0,0,50,8,-1.0323298900142182,-0.0025808247250355453,0.024651889370420323,0.16272323021264573,0.0007945842898426763,0.031488411697766755
2020-01-24,2020,1966,0,0,47,7,0.7168714489797506,0.0017921786224493765,0.05986082022045423,0.15684594789680828,0.0003463316941482039,0.012585292627919471
2020-01-27,2020,1966,0,0,46,6,-2.3347523542587494,-0.005836880885646874,-0.19736728634057268,0.19975921117597137,0.00038322099712022106,0.01866135419297012
2020-01-28,2020,1966,0,0,45,4,1.38523460157576,0.0034630865039394,0.09390873357872352,0.1511685202581497,0.0007182113278210824,0.019773751970062835
2020-01-29,2020,1966,0,0,45,4,-0.4329948149011156,-0.001082487037252789,-0.01039799367862111,0.1685688942730403,0.0005759379975203398,0.0215740783416868
2020-01-30,2020,1966,0,0,44,8,1.4786797050614253,0.0036966992626535633,0.12280447486132703,0.14634645146553757,0.000528110607986899,0.020773574783730663
2020-01-31,2020,1966,0,0,44,2,1.0946751916276998,0.0027366879790692495,0.09250631914023402,0.15140051043657857,0.0005502251916300302,0.013526655910207125
2020-02-03,2020,1966,0,0,41,3,-0.32810961270815997,-0.0008202740317704,-0.031227950238703797,0.17204067184203603,0.0005063644664305753,0.03402211695189762
2020-02-04,2020,1966,0,0,41,2,2.0627427060365267,0.005156856765091316,0.21699244532870202,0.13063312895702017,0.0006652619439716188,0.04037046438061499
2020-02-05,2020,1966,0,0,42,0,-0.36162648369612405,-0.0009040662092403101,-0.076644965268499,0.17962103158995282,0.0004960813511890134,0.01747848590347639
2020-02-06,2020,1966,0,0,39,1,-1.0690316876873287,-0.002672579219218322,-0.11511224680129835,0.18603799038391766,0.0005182648041980626,0.013499667437243444
2020-02-07,2020,1967,0,0,41,0,0.6472034613988533,0.0016180086534971333,0.06716036643571772,0.15562849034772056,0.0005535440299994012,0.015662602511601245
2020-02-10,2020,1967,0,0,39,1,0.39761581754496633,0.0009940395438624158,0.0612940979592249,0.15660629586691413,0.0005732521207548502,0.01667885222503058
2020-02-12,2020,1967,0,0,40,6,0.6162125365410451,0.0015405313413526128,-0.0013628166152032555,0.1670594830174617,0.000705340568852153,0.016935365321246197
2020-02-13,2020,1967,0,0,40,5,0.4162110118673814,0.0010405275296684535,0.0020590805630196067,0.16649168152847202,0.0008562293061900371,0.011584716178355638
2020-02-14,2020,1967,0,0,39,7,0.8649951432228202,0.0021624878580570506,0.03536775616317309,0.16093491014428266,0.0006711164366513823,0.01226352019879568
2020-02-17,2020,1967,0,0,39,11,-1.724571778767074,-0.0043114294469176855,-0.08430049907701706,0.18089450291517561,0.0004019142007880052,0.016624978883514926
2020-02-18,2020,1967,0,0,39,6,-0.10883506840002471,-0.0002720876710000618,0.00314976243374184,0.16630164177342957,0.0002719989324419368,0.013672764422572472
2020-02-19,2020,1967,0,0,40,15,-0.4343592215328348,-0.001085898053832087,-0.030736023748930082,0.17195245404880005,0.00028072489611723135,0.04456179440179987
2020-02-20,2020,1967,0,0,40,13,-0.8305826345493639,-0.00207645658637341,-0.09758251474782963,0.18311649747831668,0.0019461679390540636,0.007660001571611731
2020-02-21,2020,1967,0,0,39,10,-0.926755514942948,-0.0023168887873573703,-0.060731204880941206,0.1769659863995435,0.00040048716153357166,0.00444414188727592
2020-02-25,2020,1967,0,0,39,25,-0.8657347374333249,-0.002164336843583312,-0.05685190279176165,0.17632109608265026,0.0008664670465880284,0.038681928478930684
2020-02-26,2020,1967,0,0,39,23,-1.2640724978653495,-0.0031601812446633735,-0.012765343190963983,0.1689659293565888,0.0020985965672001717,0.017282194927426657
2020-02-27,2020,1967,0,0,40,35,-0.09996847622340876,-0.00024992119055852193,0.040486127599003933,0.16008153032964423,0.0037339117729074736,0.0821971021875999
2020-02-28,2020,1967,0,0,40,36,1.026703821580592,0.00256675955395148,-0.055293369158978596,0.17606076548983032,0.001535127535003586,0.15168968532315402
2020-03-02,2020,1968,0,0,41,9,-1.1724275288894463,-0.002931068822223616,-0.08561235910147694,0.18111069521224474,0.0007623896960222164,0.14741955783971528
2020-03-03,2020,1968,0,0,41,40,0.9523771387354292,0.002380942846838573,0.05704620433128788,0.1573117243480145,0.000549345408727981,0.025909653919978032
2020-03-04,2020,1968,0,0,43,18,1.4065561806284306,0.0035163904515710764,0.17308538064259704,0.1379591745486139,0.0012384747517476967,0.014051624562251551
2020-03-05,2020,1968,0,0,43,2,2.964891130946695,0.007412227827366737,0.1970079474901114,0.1339680816063701,0.0047515539584769275,0.022193342272503375
2020-03-06,2020,1968,0,0,43,43,0.2603406521978364,0.000650851630494591,0.054167576724872206,0.1577984915245915,0.0034771287819752223,0.08677313423470649
2020-03-09,2020,1969,0,0,43,43,-2.5979686487329956,-0.006494921621832489,-0.16981063485590742,0.19516532883332507,0.003667874902281142,0.16161984135915122
2020-03-10,2020,1970,0,0,44,7,-1.1775920894004184,-0.002943980223501046,-0.026415605238589122,0.17124299364064285,0.005820077305659088,0.1610077952684909
2020-03-11,2020,1970,0,0,43,36,3.0806356239606973,0.007701589059901743,0.14302716328398574,0.14297387229418954,0.002073302470710898,0.05306468253303389
2020-03-12,2020,1970,0,0,42,42,2.196495797778107,0.005491239494445268,0.08317580150714778,0.15295873311426167,0.003075313074547707,0.08330023111397378
2020-03-13,2020,1971,0,0,42,42,1.6246933512698067,0.0040617333781745165,0.07991406307561467,0.15350322755007517,0.015545128655234173,0.16096822611043216
2020-03-16,2020,1971,0,0,42,8,-3.0101210810386196,-0.007525302702596549,-0.05130160749339369,0.17539447592398524,0.002473171342463992,0.11050925632807902
2020-03-17,2020,1971,0,0,40,2,2.8958366341361095,0.007239591585340274,0.09922551239200667,0.15028142751281925,0.004539412734598524,0.2136136796696706
2020-03-18,2020,1971,0,0,39,1,2.9532321883286503,0.007383080470821626,-0.06290617621862724,0.17733069450080616,0.004179259547973671,0.05749119851044535
2020-03-19,2020,1971,0,0,36,0,2.183816839397279,0.0054595420984931975,-0.0416843649253671,0.17379026815935603,0.005161854018809155,0.05600903432880183
2020-03-23,2020,1971,0,0,35,2,5.6478274572206,0.014119568643051502,0.19766378075224106,0.13385842291102404,0.004482464419009418,0.11652114998705068
2020-03-24,2020,1971,0,0,35,1,0.16660158722022622,0.0004165039680505656,-0.01072079179632957,0.16862382807034293,0.0020644282758797193,0.15369409718651375
2020-03-25,2020,1971,0,0,35,3,2.3153499798161388,0.005788374949540347,0.12462764096580123,0.14604340463845764,0.0025522732030911393,0.27881671466843333
2020-03-26,2020,1972,0,0,36,8,1.3618947410635438,0.0034047368526588595,0.05718890105789221,0.15729440289476596,0.0015343863657525387,0.025929573518053438
2020-03-27,2020,1972,0,0,35,10,-0.9464075324106367,-0.002366018831026592,-0.14637472494659456,0.19125563928763137,0.0029240815487981044,0.12998096166688133
2020-03-30,2020,1973,0,0,35,2,1.3302813712680654,0.0033257034281701636,0.0296714669469934,0.16188530294431044,0.0014283933477847136,0.07550189300277613
2020-03-31,2020,1974,0,0,38,4,2.441306734211684,0.00610326683552921,0.1128553866413141,0.14800689770795794,0.0009948327334492431,0.04622685774257106
2020-04-01,2020,1974,0,0,39,25,2.656238642886969,0.0066405966072174225,0.06700924497514253,0.155654961942253,0.0008389219283312989,0.09176183819876627
2020-04-02,2020,1974,0,0,39,25,-1.3702052541177636,-0.003425513135294409,-0.03479826624532808,0.17264109307763137,0.004437629197612769,0.060018274462839964
2020-04-03,2020,1974,0,0,39,21,-3.0430425604050106,-0.007607606401012526,-0.06690220971524642,0.17799690084300293,0.0031763511904738446,0.08150620469745598
2020-04-06,2020,1974,0,0,39,8,-0.32759878724428537,-0.0008189969681107135,0.028053403451975083,0.162153550509365,0.0015493378010048105,0.08361464427047663
2020-04-07,2020,1974,0,0,38,17,1.617836605342264,0.00404459151335566,0.13717630894852578,0.14394815990146917,0.0013113594147580463,0.06667403508169356
2020-04-08,2020,1974,0,0,39,13,0.3648734343042921,0.0009121835857607302,0.08041105624233054,0.15341869703599326,0.000918744191498229,0.1395205719366407
2020-04-09,2020,1974,0,0,40,9,-1.7925686578555253,-0.004481421644638813,-0.06752334304064134,0.17809970486469442,0.0012545179596474313,0.35574114894024994
2020-04-10,2020,1974,0,0,42,6,0.3093985038150584,0.000773496259537646,0.126767750538311,0.14568537148772975,0.0008025047500417756,0.2085218056354113
2020-04-13,2020,1974,0,0,42,4,-2.7323599405284438,-0.00683089985132111,-0.13413425425913766,0.18921270311797833,0.001472400439545398,0.05687398862197774
2020-04-14,2020,1974,0,0,42,12,-2.150215317143983,-0.005375538292859957,-0.05519437782297456,0.17604238820043785,0.0010578100936691098,0.07349438227177137
2020-04-15,2020,1974,0,0,43,8,-0.37299476414202215,-0.0009324869103550554,-0.046574258526183916,0.17460315018091624,0.0007354393259262463,0.05774135650606186
2020-04-16,2020,1974,0,0,43,16,-1.5011339775980783,-0.003752834943995196,-0.017996709629191046,0.1698362653735014,0.0008836001326938354,0.028996074367437973
2020-04-17,2020,1974,0,0,44,17,-2.6797916953217173,-0.006699479238304293,-0.23374101846572334,0.2058295853883717,0.0013021255483564769,0.025962322571574326
2020-04-20,2020,1974,0,0,45,8,-4.11585057960795,-0.010289626449019875,-0.2639047341348056,0.21086314993522398,0.0009687700765449465,0.021048589945626407
2020-04-21,2020,1974,0,0,45,11,3.4624670853796693,0.008656167713449174,0.15530193800573103,0.1409251289055966,0.0016488789583941517,0.48637576420476886
2020-04-22,2020,1974,0,0,47,12,-1.2086944624967453,-0.0030217361562418633,-0.06881625435170849,0.17831296765936902,0.0006139746587490968,0.053141286076592534
2020-04-23,2020,1974,0,0,47,10,0.10098512737461007,0.00025246281843652516,0.03109540612137959,0.1616472108541316,0.0011802591931571328,0.029864984037486594
2020-04-24,2020,1974,0,0,47,17,0.21003820181353583,0.0005250955045338396,0.0360072705623341,0.1608237250314974,0.0007958204646693339,0.015579201619477026
2020-04-27,2020,1974,0,0,47,10,3.302476984087143,0.008256192460217858,0.11647644696843995,0.14740266485700906,0.0010550003048970657,0.04689320417483155
2020-04-28,2020,1974,0,0,48,7,-1.4111711686250468,-0.0035279279215626167,-0.10514832903572809,0.18437726774251864,0.001221632833200703,0.11366529457675222
2020-04-30,2020,1974,0,0,47,13,-1.1760344887680456,-0.002940086221920114,-0.057703749578226216,0.1764604135425138,0.0009808180741427831,0.04630618375512542
2020-05-01,2020,1974,0,0,46,1,3.4948542049468916,0.008737135512367229,0.1898189963649413,0.13516652012647953,0.001045391972245598,0.014172685295914592
2020-05-07,2020,1974,0,0,47,3,2.969877555875075,0.007424693889687688,0.23381089861204557,0.12782727001356742,0.001545895706215014,0.016742284969583493
2020-05-08,2020,1974,0,0,48,4,-2.055660787584081,-0.005139151968960203,-0.14245432262836938,0.19059704330593955,0.0008345071791728745,0.03330847446258284
2020-05-11,2020,1974,0,0,48,5,-0.8117286849037529,-0.0020293217122593823,-0.10270767922795364,0.18396606226186654,0.001124399130569928,0.03462327734292901
2020-05-12,2020,1974,0,0,46,5,-1.1489436756782125,-0.0028723591891955313,-0.05151426016223047,0.17542948950368767,0.0017384183539477128,0.016300677563960066
2020-05-13,2020,1974,0,0,46,2,-0.7616577923901542,-0.0019041444809753854,-0.0171896042651638,0.1697021501513032,0.0008674572077940521,0.021473574991047913
2020-05-14,2020,1974,0,0,46,0,-0.4454755574611804,-0.001113688893652951,-0.011521874503200276,0.16875525562065588,0.0011267016568619276,0.04830924774543942
2020-05-15,2020,1974,0,0,47,1,2.451039377859527,0.0061275984446488175,0.21266412611261037,0.1313543161688714,0.000712208976491533,0.02980103441069767
2020-05-18,2020,1974,0,0,46,2,-0.3988088637317755,-0.0009970221593294387,-0.050212029768202666,0.17520902314050874,0.0006449406609951601,0.03885994588176152
2020-05-19,2020,1974,0,0,46,6,0.7420353024451121,0.0018550882561127803,0.055058166601743605,0.15764116246504134,0.0004507471279161134,0.02361066064769942
2020-05-20,2020,1974,0,0,46,7,0.026376478184529373,6.594119546132343e-05,-0.047271309022649415,0.17471930541312794,0.0005865405923309129,0.02598493340252022
2020-05-21,2020,1974,0,0,47,4,-0.7555338320520546,-0.0018888345801301365,-0.029269194749516586,0.17171792312258774,0.0008902479295957489,0.015437982501886684
2020-05-22,2020,1974,0,0,49,2,3.539940368520226,0.008849850921300565,0.21857981951764693,0.13036803762334426,0.0008722132290410617,0.018732884032300112
2020-05-25,2020,1974,0,0,49,16,1.2567815074186512,0.003141953768546628,0.04800777190758254,0.15882295847519529,0.0007034381263353283,0.02199047537249754
2020-05-26,2020,1974,0,0,49,13,1.8413105774861904,0.004603276443715476,0.03255323708941477,0.16140348144397748,0.000550325353037527,0.018977887840133878
2020-05-27,2020,1974,0,0,49,24,3.6106450802203938,0.009026612700550985,0.15729405864303125,0.14059207499872978,0.0009152814999542146,0.019540297640919795
2020-05-28,2020,1974,0,0,49,29,2.1558296773676764,0.005389574193419191,0.08863766051618654,0.15204458433024723,0.0006801367068934317,0.017613572347442083
2020-05-29,2020,1974,0,0,48,23,0.5161810498519119,0.0012904526246297798,-0.04639191048900544,0.17457417460287106,0.0007457146988421406,0.04595863651739629
2020-06-01,2020,1974,0,0,48,7,2.4380794691216923,0.00609519867280423,0.1953956882314854,0.13423378417237836,0.00040442567140151986,0.020394336293753812
2020-06-02,2020,1974,0,0,48,11,0.15650045557155556,0.0003912511389288889,-0.007101108566613208,0.16801035986629834,0.0005090215458402336,0.10561124700978061
2020-06-03,2020,1974,0,0,48,14,-1.6109826147398678,-0.004027456536849669,-0.10866105781197216,0.1849612788334083,0.0005526138352190935,0.035175197998690566
2020-06-04,2020,1974,0,0,48,17,-0.20533978053737334,-0.0005133494513434333,-0.049900748515442246,0.17515979365872145,0.0008405133716976637,0.02052300949833953
2020-06-05,2020,1974,0,0,46,16,1.7161273910971597,0.0042903184777428995,0.1643285298440304,0.13941608769042171,0.00046381483309787985,0.026715920869012533
2020-06-08,2020,1974,0,0,45,15,-0.5454861124162448,-0.001363715281040612,-0.013401343607213588,0.16906559097111049,0.0006173954305621576,0.02981594698544361
2020-06-09,2020,1974,0,0,45,33,4.394427680932539,0.010986069202331347,0.2976526623989479,0.11717624311268142,0.0013097673376320932,0.022819492762154638
2020-06-10,2020,1974,0,0,45,24,0.36697344862339154,0.0009174336215584789,0.05414628293362665,0.15780163869551886,0.0007957932853997573,0.017242709504889955
2020-06-11,2020,1974,0,0,44,1,-0.5595464964324726,-0.0013988662410811814,-0.0021927931358341804,0.1672012049858294,0.0013430934581454184,0.06340290077028037
2020-06-12,2020,1974,0,0,44,0,0.0578263852114933,0.00014456596302873327,0.019038472324294578,0.1636592841786154,0.0025797821136410997,0.04034897168151321
2020-06-15,2020,1974,0,0,44,0,-1.2128398363504023,-0.0030320995908760056,-0.06810589658264368,0.17819559662814097,0.0007257710574321624,0.04152991101381632
2020-06-16,2020,1974,0,0,44,4,-0.9569374046557416,-0.002392343511639354,-0.09213746010581057,0.18219819562266582,0.0007144689562651972,0.1569489950416839
2020-06-17,2020,1974,0,0,45,17,1.3711378018588327,0.0034278445046470817,0.04981916733461709,0.15852089979773407,0.0005169101984265743,0.07130691309801239
2020-06-18,2020,1974,0,0,45,17,-0.6968492171182792,-0.001742123042795698,-0.07409413108869913,0.17918865892224986,0.00044935880081246193,0.028954907430791692
2020-06-19,2020,1974,0,0,46,5,0.2639301744798196,0.000659825436199549,0.02394303919446286,0.16283308006753017,0.0003116138924611012,0.03200322311173952
2020-06-22,2020,1974,0,0,46,18,-0.4204347046086381,-0.0010510867615215953,-0.033803137658426456,0.172472372187707,0.0005154900813476478,0.026200831720585262
2020-06-23,2020,1974,0,0,45,14,0.3117857497830472,0.0007794643744576179,0.051558393625535194,0.15823192789369359,0.0005769245555501744,0.019684082265304294
2020-06-24,2020,1974,0,0,46,16,-1.912920822233904,-0.00478230205558476,-0.11955684272872596,0.18677981510851077,0.0006594397724968525,0.03626088949191684
2020-06-25,2020,1974,0,0,45,8,-0.005614581401998109,-1.4036453504995271e-05,-0.023997777477453616,0.1708383456624229,0.0008340626298344767,0.024698357033652876
2020-06-26,2020,1974,0,0,44,14,1.6167698923789426,0.004041924730947357,0.16775930099253114,0.13884372699279302,0.0004896222358898913,0.07046827055393151
2020-06-29,2020,1974,0,0,43,18,0.8708802282989732,0.002177200570747433,0.0673787107993267,0.15559388250308473,0.000599777853433653,0.04231700128627041
2020-06-30,2020,1975,0,0,44,22,1.6357353306922795,0.004089338326730699,0.05370893156800531,0.15787252617294031,0.0007255047013497249,0.04007773746687274
2020-07-01,2020,1975,0,0,44,24,-0.03515609038265044,-8.78902259566261e-05,0.015439903378515517,0.16425693344269499,0.0007904971416157343,0.04851885955814454
2020-07-02,2020,1975,0,0,44,13,0.3721930076716107,0.0009304825191790266,-0.035838190014105,0.17281388859425284,0.001271193766734318,0.07895014948459181
2020-07-03,2020,1975,0,0,44,4,-2.0047197088309407,-0.005011799272077352,-0.1317463177727382,0.18881110490393818,0.0005577948179374976,0.02796816635993365
2020-07-06,2020,1975,0,0,44,2,-0.6962473104901681,-0.0017406182762254201,0.02520043136501746,0.16262913580183389,0.0005925887166228948,0.02691565370268591
2020-07-07,2020,1975,0,0,45,11,0.0690519927520381,0.00017262998188009526,0.0571398105591681,0.1572984349881017,0.0005596284430860137,0.044927748451336
2020-07-08,2020,1975,0,0,46,3,-0.8689827372352852,-0.002172456843088213,-0.006509586561596054,0.16792079905923324,0.0009676898224237043,0.05251593169272551
2020-07-09,2020,1975,0,0,44,2,-0.011438892942753576,-2.8597232356883938e-05,-0.007705356850464668,0.1681208767599924,0.0013601412603408748,0.030534521199325305
2020-07-10,2020,1976,0,0,45,5,0.08399102703586836,0.0002099775675896709,-0.034479740920065685,0.17258101226900338,0.00047803333732118357,0.08422711699039102
2020-07-13,2020,1976,0,0,45,1,0.4276578906770818,0.0010691447266927044,0.09023378591046476,0.15177985906182637,0.0006972041817884335,0.029319197815841136
2020-07-14,2020,1976,0,0,45,3,0.4055803322740579,0.0010139508306851446,0.0005939040930002629,0.16673324716336466,0.0006898125565085034,0.047803816180114915
2020-07-15,2020,1978,0,0,47,20,-0.6401147060473861,-0.0016002867651184651,-0.08577451189039029,0.18114282452833794,0.00047558003197645027,0.01550890928625915
2020-07-16,2020,1978,0,0,48,5,-1.1848419430537254,-0.0029621048576343135,-0.08603384793361671,0.18118419519048742,0.0004739927914710445,0.029581394147499027
2020-07-17,2020,1978,0,0,47,3,-0.23757886142202134,-0.0005939471535550534,0.04046176143855892,0.1600809580757506,0.0005265495600068963,0.014810612335095414
2020-07-20,2020,1978,0,0,47,13,0.17234091439733312,0.0004308522859933328,0.03427894673073707,0.16111372748879918,0.00047116979066792194,0.01466455896972703
2020-07-21,2020,1978,0,0,47,8,-0.83986713985581,-0.002099667849639525,-0.07338106531657053,0.17907448938827805,0.000552240585833174,0.04203432513307796
2020-07-22,2020,1978,0,0,47,8,-0.5794628662304344,-0.001448657165576086,-0.07825613482570791,0.1798866282262404,0.0005142913082936747,0.02168331141483243
2020-07-27,2020,1978,0,0,48,6,-1.5764205144229995,-0.003941051286057499,-0.08832859020334398,0.18157059136334894,0.0008347873639638508,0.01779418799421846
2020-07-28,2020,1978,0,0,49,6,2.5257253057873186,0.0063143132644682964,0.1381581648453646,0.14378317884206057,0.0006912811391265609,0.022096088812365952
2020-07-29,2020,1978,0,0,50,5,1.2196618978865192,0.0030491547447162983,0.09536676779138868,0.1509246366111394,0.001704350926978152,0.2595192508840612
2020-07-30,2020,1978,0,0,49,4,-0.9084295200120538,-0.0022710738000301343,-0.06614231181798537,0.17786959859517576,0.0018408473496486183,0.07745219152033708
2020-07-31,2020,1980,0,0,51,10,-3.6345608072319022,-0.009086402018079755,-0.2447535255315788,0.20766709559144447,0.0024599856649675017,0.04797651126737461
2020-08-03,2020,1981,0,0,52,2,0.5320501109763663,0.0013301252774409159,0.024657487021821033,0.16271592210223218,0.0006093970252143761,0.0374752667847251
2020-08-04,2020,1981,0,0,52,2,-0.18592290919533094,-0.00046480727298832733,0.0027680970475638094,0.16637039117818644,0.0007412711323139568,0.09010318675055302
2020-08-05,2020,1981,0,0,52,6,1.4440223195827293,0.0036100557989568235,0.07000479015168949,0.1551520379221418,0.0009037980545838764,0.041898913361244385
2020-08-06,2020,1981,0,0,52,11,2.40109476670624,0.0060027369167656,0.08656157203213079,0.15239321952848559,0.0018967837008785448,0.020359225571218702
2020-08-07,2020,1981,0,0,54,6,2.995176478389227,0.007487941195973068,0.20460492238512962,0.1326986158836464,0.0007946184549832608,0.018967974610940217
2020-08-11,2020,1981,0,0,55,0,0.490705638742835,0.0012267640968570874,0.05263819416841065,0.15804947911958833,0.0006902576737547425,0.0307210767346672
2020-08-12,2020,1981,0,0,55,0,1.2274511338358371,0.0030686278345895927,0.09312246398088876,0.15129660583831267,0.000533855751916282,0.02373436588681314
2020-08-13,2020,1981,0,0,54,3,-0.5690297070154628,-0.001422574267538657,-0.02591408653885398,0.17115492810976804,0.0006506240074445153,0.0656467976628924
2020-08-14,2020,1981,0,0,54,0,-1.479573038262697,-0.0036989325956567425,-0.16132176667816897,0.1937442829366483,0.0005654361737904126,0.048762021505646666
2020-08-17,2020,1981,0,0,54,0,-0.745077934258819,-0.0018626948356470475,-0.011845779135758381,0.16880486864010263,0.0004725834209386848,0.01940678862271049
2020-08-18,2020,1981,0,0,54,5,0.008261237583301106,2.0653093958252766e-05,-0.029592230361311436,0.17176773374452461,0.00048119785920552676,0.06403331550145624
2020-08-19,2020,1981,0,0,54,3,1.247648047090781,0.0031191201177269523,0.018493723245181705,0.1637402942353954,0.0003769037873609494,0.023905506852222345
2020-08-20,2020,1982,0,1,55,9,-1.1451902374342569,-0.0028629755935856423,-0.03649549842584316,0.17291866188643146,0.0004896987313403267,0.06981474531123395
2020-08-21,2020,1982,0,0,57,2,-2.676942983574873,-0.006692357458937183,-0.12883508315890224,0.18832699438407238,0.0005507648430627973,0.03963335784407518
2020-08-24,2020,1982,0,0,56,9,1.54543832194226,0.00386359580485565,0.07587195606482144,0.15416537321715165,0.0004463988626131969,0.08348752512176004
2020-08-25,2020,1982,0,0,56,4,0.421620046007529,0.0010540501150188225,0.0053760725998673745,0.16593494601441733,0.0004367699505538826,0.022040803591417142
2020-08-26,2020,1982,0,0,57,6,0.10392447299984475,0.00025981118249961187,0.13215921146648224,0.14478484786264256,0.000808720548638298,0.015151716136946795
2020-08-27,2020,1982,0,0,58,13,-2.3608560109414025,-0.005902140027353506,-0.13515856212857835,0.18938172335399028,0.0007194438391277729,0.052379776691094754
2020-08-28,2020,1982,0,0,58,2,0.2062808740157703,0.0005157021850394258,0.0022947375570801904,0.1664466098450996,0.0005282085333232446,0.025132868198047602
2020-08-31,2020,1982,0,0,58,7,-0.7054745470006221,-0.0017636863675015552,-0.049158943877362804,0.1750312244205064,0.00037616770725056676,0.008611533353254486
2020-09-01,2020,1982,0,0,58,10,0.22510046879344658,0.0005627511719836165,0.006472635125219858,0.1657487551616671,0.0003520260987646606,0.0103890255230697
2020-09-02,2020,1982,0,0,58,17,-0.05681017243462527,-0.00014202543108656317,0.06669213461628033,0.1557022087367146,0.0005000309119055555,0.02373624531174237
2020-09-03,2020,1982,0,0,58,11,-1.864314861059486,-0.004660787152648715,-0.04125003276155533,0.17371408472955735,0.0005808903295900054,0.019756778942545357
2020-09-04,2020,1982,0,0,58,4,1.4514030498911725,0.0036285076247279313,0.05206720714431971,0.15814524280739717,0.0006772669336042908,0.02090121990753712
2020-09-07,2020,1982,0,0,56,7,-1.0017318410823726,-0.0025043296027059316,-0.07351055796386487,0.1790927132167988,0.00034848284906800715,0.01681920543044674
2020-09-08,2020,1982,0,0,56,12,-1.4667076180451022,-0.0036667690451127554,-0.15492234206313976,0.19267480821138655,0.00039508023497312697,0.01179561854545066
2020-09-09,2020,1982,0,0,56,5,0.2912634766187838,0.0007281586915469596,0.03033009221813331,0.16176907880668318,0.0005063899109123737,0.009129923140235072
2020-09-10,2020,1982,0,0,58,6,0.9225005398397221,0.0023062513495993053,0.051237064032509196,0.1582811906279275,0.0005542893299919908,0.01665394030247294
2020-09-11,2020,1982,0,0,58,12,-1.8415487928195877,-0.004603871982048969,-0.14973324665655557,0.19180935620148348,0.00048427934852835234,0.028834327262031285
2020-09-14,2020,1982,0,0,57,9,-2.4611766561760096,-0.006152941640440024,-0.1624597067053561,0.1939353007861293,0.0006000221112700023,0.03501597643028875
2020-09-15,2020,1982,0,0,58,6,-0.6635410518259018,-0.0016588526295647547,-0.0322137930695857,0.17219757793235374,0.00038283507193779545,0.03317770586097387
2020-09-16,2020,1982,0,0,57,10,-0.19593060556713993,-0.0004898265139178499,0.0833439003632611,0.15292610926510983,0.0004035885405965011,0.01674455387905029
2020-09-17,2020,1983,0,0,58,6,-1.0050939162883614,-0.0025127347907209037,-0.055095104452082766,0.17602205312609354,0.0006579011956951582,0.0069050711801445005
2020-09-18,2020,1983,0,0,58,8,1.2653611135712421,0.003163402783928105,0.12503126705720938,0.1459732477017143,0.0007806329000328904,0.021476410025091888
2020-09-23,2020,1983,0,0,58,9,0.5185665580392937,0.0012964163950982344,0.009514082823913427,0.16524491245414272,0.0004533107165048416,0.00803153645659215
2020-09-24,2020,1984,0,0,58,2,1.1180336877630062,0.0027950842194075154,-0.013753450871915148,0.1691289566936467,0.0009768649683850742,0.04170629479714608
2020-09-25,2020,1986,0,0,60,6,-1.2745055055225563,-0.0031862637638063905,-0.13305387394483376,0.18902983882309693,0.0006333808250045729,0.04081562671758529
2020-09-28,2020,1986,0,0,60,12,-2.2889953519195236,-0.005722488379798809,-0.15925759267621356,0.1934039584120804,0.0015637689856605966,0.04973058786102386
2020-09-29,2020,1986,0,0,59,11,0.0,0.0,,0.08341729638958857,2.4893344980663326e-05,0.04942435879955987
2020-09-30,2020,1986,0,0,59,8,0.14561403264441442,0.00036403508161103604,0.07282937182857441,0.1546835439010137,0.0009015263036612525,0.1364655688896134
2020-10-02,2020,1989,0,1,62,3,1.5989763559341486,0.003997440889835372,0.18726713430176428,0.13558651532131932,0.0003526165841258046,0.0377610371090869
2020-10-05,2020,1990,0,0,61,1,-1.1152903330936836,-0.002788225832734209,-0.039906915021266434,0.17348906515235454,0.00041161516513098164,0.024710890568510377
2020-10-06,2020,1990,0,0,62,5,-1.0852120217308268,-0.002713030054327067,-0.07889355477847439,0.17998861662216586,0.00040333299552871,0.008943068541836904
2020-10-07,2020,1990,0,0,61,7,1.7602262348996136,0.004400565587249034,0.06625347524702602,0.1557767315496606,0.0004444227247315459,0.007623775199616142
2020-10-08,2020,1990,0,0,60,7,0.7348246164887735,0.0018370615412219337,0.07672638915413818,0.15402827294106514,0.00043338376514722007,0.04971873438364432
2020-10-09,2020,1990,0,0,57,9,0.38999076725040366,0.0009749769181260091,0.023228105546050367,0.16295041984040612,0.00034038908110287005,0.015274086006795395
2020-10-12,2020,1990,0,0,57,14,2.7693676960376568,0.006923419240094142,0.1720262692647681,0.1381317398110841,0.0004830914632092725,0.009155901067730031
2020-10-13,2020,1990,0,0,59,14,0.2501161111469521,0.0006252902778673803,-0.01954449541705852,0.1700896189263632,0.0005055333739223416,0.009305021040011147
2020-10-14,2020,1990,0,0,59,7,-2.05399709542203,-0.005134992738555075,-0.08217463583270454,0.18054155787764384,0.0007776225022648982,0.014203649659331654
2020-10-15,2020,1989,0,0,57,14,-0.10685700917557117,-0.00026714252293892794,-0.04540108433078566,0.17440704568848328,0.0008306148329651553,0.039731315333462164
2020-10-16,2020,1989,0,0,57,9,-1.1342580334045984,-0.002835645083511496,-0.03930192284232914,0.17338978207216843,0.000500191721456434,0.05519973377254777
2020-10-19,2020,1989,0,0,58,4,-0.11209245894621644,-0.00028023114736554114,0.02300105967779509,0.1629932624273775,0.0005045885380372714,0.02278609817233195
2020-10-20,2020,1989,0,0,57,4,-2.416603041705871,-0.006041507604264678,-0.07185775602690066,0.17882034139349157,0.0005852576544825526,0.03042496200928105
2020-10-21,2020,1989,0,0,58,5,0.17711909206676113,0.00044279773016690283,0.02100656790189781,0.1633242037093272,0.00045554326286738816,0.009585290903363401
2020-10-22,2020,1989,0,0,58,9,1.0490224308592189,0.0026225560771480473,0.06470543142069451,0.15603074784509707,0.0005463986556068159,0.013496619201376264
2020-10-23,2020,1989,0,0,58,5,-2.76860013425993,-0.006921500335649825,-0.20215256306225904,0.2005537978725384,0.0004327856762661897,0.016637000485708986
2020-10-26,2020,1989,0,0,57,8,-3.562064940333878,-0.008905162350834696,-0.2047060739324712,0.20098283121711596,0.0005838239336529292,0.03195683521551398
2020-10-27,2020,1989,0,0,57,1,1.1415970493208976,0.002853992623302244,0.1401240604747386,0.14345018509848,0.00044207870478380157,0.013068852585627875
2020-10-28,2020,1990,0,0,54,1,0.8004833872392414,0.0020012084680981037,0.06071894862382921,0.15670392276885395,0.0009553995602190944,0.016265346119468956
2020-10-29,2020,1991,0,0,53,6,2.9767578061816997,0.00744189451545425,0.23014512753297406,0.12843735510841692,0.0008193204754507815,0.02805817951246271
2020-10-30,2020,1991,0,0,53,9,-2.170517275775859,-0.005426293189439647,-0.18394069518533232,0.1975174657515092,0.0010219695514731356,0.0638515511673233
2020-11-02,2020,1991,0,0,53,1,-0.8534402114651389,-0.0021336005286628473,-0.040335540973472944,0.17356187703634562,0.0009790744560145902,0.09274415206265657
2020-11-04,2020,1991,0,0,53,0,0.6789735175068152,0.0016974337937670381,0.03244959317340039,0.16141561327126078,0.0006535343500595674,0.01672142473408416
2020-11-05,2020,1991,0,0,53,0,-1.9721846214757592,-0.004930461553689398,-0.18547569510061504,0.19777456693805492,0.0009609269743873585,0.019224599043518576
2020-11-06,2020,1991,0,0,53,3,5.58043872262464,0.0139510968065616,0.1983691785951833,0.13373898243720436,0.002136241554729802,0.023565148757487445
2020-11-09,2020,1991,0,0,53,10,-1.011156183420761,-0.0025278904585519023,-0.06196705426063279,0.17717008405707804,0.0008162912559338849,0.047428294304833425
2020-11-10,2020,1991,0,0,53,4,0.6977624884326046,0.0017444062210815114,-0.028132068316452766,0.1715241397581762,0.0007259531798654064,0.03290519981367735
2020-11-11,2020,1991,0,0,53,5,-1.071163257668906,-0.0026779081441722654,-0.0872654182446711,0.1813921658599781,0.0011946213131672648,0.05673111744592042
2020-11-12,2020,1991,0,0,53,0,-2.609425121636159,-0.006523562804090397,-0.21395503062458568,0.20252775472251835,0.0010593488426181234,0.03276984477731458
2020-11-13,2020,1991,0,0,53,0,-1.048988359706228,-0.00262247089926557,-0.10016687194811853,0.18354278300735927,0.0007377455026527822,0.052834647364562955
2020-11-16,2020,1991,0,0,53,5,0.9414356642544353,0.0023535891606360883,-0.025438044972697697,0.17107551676542065,0.0004955150562490973,0.06626531200311205
2020-11-17,2020,1991,0,0,52,20,0.6565134581064949,0.0016412836452662373,0.024196796570808917,0.16278730874120786,0.0004245644770175275,0.015083156720832831
2020-11-18,2020,1991,0,0,52,6,0.7390604104019113,0.0018476510260047783,0.07759019353753963,0.15388567789415136,0.00034072775132105954,0.011656813609248157
2020-11-19,2020,1991,0,0,51,2,-3.2647317029393177,-0.008161829257348294,-0.15948062007012445,0.19343859113187445,0.0006982841649246915,0.02112833525031447
2020-11-20,2020,1991,0,0,51,8,-1.1876702245495008,-0.002969175561373752,-0.05399061483118744,0.1758384436486753,0.0004964243374692542,0.03644409815493877
2020-11-24,2020,1991,0,0,51,4,0.9199867556853208,0.002299966889213302,0.03527239523972514,0.1609443049897362,0.0004584257306753454,0.11828765712513722
2020-11-25,2020,1991,0,0,51,7,-1.6658883037409762,-0.0041647207593524405,-0.09644129085553778,0.18292022473393596,0.0005129122786315641,0.06306932193298685
2020-11-26,2020,1991,0,0,50,11,-0.5700040642821063,-0.0014250101607052657,-0.007659567381273426,0.16811141024994028,0.0011286776063778063,0.019270938522251164
2020-11-27,2020,1991,0,0,50,14,0.1340098233921485,0.0003350245584803713,-0.002916705252124911,0.16731848423838944,0.0005371219997937565,0.031358862938271066
2020-11-30,2020,1991,0,0,50,2,1.2757076411387123,0.003189269102846781,0.07122927904959626,0.15494760176253863,0.00042514650947431056,0.025519882509982616
2020-12-01,2020,1991,0,0,51,10,0.14613764801611112,0.0003653441200402778,0.0064450820261474666,0.1657541138857086,0.0005244397769766186,0.03566026305887193
2020-12-02,2020,1991,0,0,52,12,-0.06773698383965171,-0.00016934245959912927,-0.03865234445444664,0.1732772859169766,0.000489892713857283,0.032650773407727575
2020-12-03,2020,1991,0,0,52,5,-0.5084762036949209,-0.0012711905092373022,-0.060969533500938734,0.1770025942858365,0.0007046513004516963,0.025179241442570027
2020-12-04,2020,1991,0,0,51,4,2.147969710374122,0.005369924275935305,0.15423713861139804,0.1410960514583498,0.0004046013743881106,0.026021136910280716
2020-12-07,2020,1991,0,0,51,2,-1.8310661621863296,-0.004577665405465824,-0.18762243694113664,0.1981309125452557,0.000528693154142514,0.04408097209287934
2020-12-08,2020,1991,0,0,51,10,-0.26997754438932386,-0.0006749438609733097,0.0021313786547817134,0.16647430488535497,0.0003717095782335326,0.017018724597734642
2020-12-09,2020,1991,0,0,52,2,-0.17188775150852575,-0.0004297193787713144,-0.03292541574774107,0.17232100904665676,0.0005273146574947997,0.025681809641312697
2020-12-10,2020,1991,0,0,49,10,0.03037171822766771,7.592929556916928e-05,0.011945426117432316,0.16483685625490463,0.0005346954597633611,0.007725670235403255
2020-12-11,2020,1991,0,0,49,13,-0.01376808600281662,-3.4420215007041555e-05,-0.02750225827474369,0.17141374855063235,0.0004493617512690657,0.005345306522556669
2020-12-14,2020,1991,0,0,50,4,-0.18127780375985406,-0.00045319450939963513,0.011244316853958785,0.16495134838928407,0.0005232325325900247,0.06340838323617606
2020-12-15,2020,1990,0,0,49,12,1.0962065598835902,0.0027405163997089753,0.06254312977743003,0.1563965120450413,0.0004885620585428658,0.022084888505551445
2020-12-16,2020,1993,0,0,50,11,-0.22285434871835996,-0.0005571358717959,-0.024263907147521174,0.17087879681553134,0.000378832016491245,0.02427140265166181
2020-12-17,2020,1994,0,0,51,10,-0.6209318288463355,-0.0015523295721158387,-0.025040989290573506,0.1710037385455361,0.0003604853603751733,0.0388731185663113
2020-12-18,2020,1995,0,0,52,11,-0.9609994620537732,-0.002402498655134433,-0.05990004088790353,0.17682696281543026,0.0009728674135601324,0.00611041536940684
2020-12-21,2020,1996,0,0,53,12,-0.23697641547798773,-0.0005924410386949693,-0.016885704259121736,0.16964749758183084,0.0003882627746199372,0.00721303824183693
2020-12-22,2020,1998,0,0,52,10,-1.1572705010350823,-0.002893176252587706,-0.049420906930593374,0.17507064246790763,0.00045333548016417504,0.03617828960619105
2020-12-23,2020,1999,0,0,54,13,-0.6662276731858131,-0.0016655691829645328,-0.05151303810849518,0.1754203640947188,0.000379941260108132,0.037749151805433
2020-12-24,2020,1999,0,0,54,5,-1.624952202417603,-0.004062380506044008,-0.15031458710172266,0.19190651845405146,0.000426072634415367,0.019414433942024915
2020-12-25,2020,1999,0,0,54,9,1.426944170336288,0.0035673604258407198,0.15487872294555569,0.14099396856647603,0.0005195203126264194,0.01414178804391253
2020-12-28,2020,1999,0,0,51,4,0.05139478449596535,0.00012848696123991338,-0.0230814084397298,0.17068088731685793,0.00034324290017825415,0.016594825469665005
2020-12-29,2020,1999,0,0,51,11,0.19350244194784727,0.00048375610486961815,0.02089984905198489,0.16334556843662748,0.0006849779487970546,0.035181610592386635
2020-12-30,2021,1999,0,0,50,12,0.24278745356271442,0.000606968633906786,0.05613219815050532,0.1574620476487576,0.0003705277965170815,0.022373334171243497
2021-01-04,2021,1999,0,0,50,4,0.18988290175861922,0.00047470725439654804,0.10406848253720614,0.14946831404822664,0.00042194087052369045,0.018316143187502527
2021-01-05,2021,1999,0,0,50,5,1.0683008773240437,0.002670752193310109,0.07187684252750312,0.15483911543778314,0.0005145664655280477,0.007666885520101794
2021-01-06,2021,1999,0,0,49,3,-1.5380525670806249,-0.003845131417701562,-0.11489071303483585,0.18599906908006153,0.0005552471783407249,0.014472657439632674
2021-01-07,2021,1999,0,0,49,11,-0.7795307638453772,-0.001948826909613443,-0.07521943533829208,0.17938019337524147,0.0005659864734795008,0.03605023106953161
2021-01-08,2021,1999,0,0,48,5,0.6975403046749586,0.0017438507616873967,0.07180679200683691,0.15484817613390658,0.0005482907754715612,0.0752817654132541
2021-01-12,2021,1999,0,0,47,14,-1.3657773411003722,-0.0034144433527509305,-0.09768952151191068,0.18312551274740577,0.0005143524538412102,0.018801506086081804
2021-01-13,2021,1999,0,0,47,7,0.03001854315824115,7.504635789560288e-05,-0.0534597172347031,0.17575160841820447,0.0007099679006030617,0.025640500049049567
2021-01-14,2021,1999,0,0,47,10,0.5049791499547661,0.0012624478748869154,0.07492830891554204,0.15433029139507,0.0004599393011587742,0.03710145333223293
2021-01-15,2021,1999,0,0,47,10,-2.859740470603654,-0.007149351176509135,-0.21564738192739974,0.2028063480463229,0.00045006411238191136,0.023618140477526244
2021-01-18,2021,1999,0,0,46,8,-0.8342330282047294,-0.0020855825705118234,0.018989403886073876,0.1636614434300189,0.0004055812679640206,0.03125656360287006
2021-01-19,2021,1999,0,0,45,9,-0.9404907213788941,-0.0023512268034472355,-0.022165517102155557,0.1705228606912682,0.000397967718457228,0.10595713103954428
2021-01-20,2021,1999,0,0,44,6,-0.5615275234292432,-0.001403818808573108,-0.05190588615477706,0.17548997648650827,0.0004259589910272475,0.03899891509714933
2021-01-21,2021,1999,0,0,43,7,-0.9168757572180426,-0.0022921893930451065,-0.07597028252360863,0.17950465264957097,0.0005084656319956439,0.05085873200619998
2021-01-22,2021,1999,0,0,43,3,1.1056096747047692,0.002764024186761923,0.07850773891235358,0.15373171521397036,0.00047826061908820197,0.03252290592819457
2021-01-25,2021,1999,0,0,43,8,0.19575239755815965,0.0004893809938953991,-0.009035376591079274,0.16833608882154424,0.0004032163757989536,0.026660972004568077
2021-01-26,2021,1999,0,0,42,5,-0.14511966848151492,-0.0003627991712037873,-0.023316611935907863,0.17071715528927117,0.0005990157658531361,0.04839885471828132
2021-01-27,2021,1999,0,0,42,4,-1.3518251218161845,-0.003379562804540461,-0.10666366825420182,0.18462744200494208,0.0008043502532483392,0.007158199584393288
2021-01-28,2021,1999,0,0,41,10,0.22953929856659294,0.0005738482464164823,0.02634057931242168,0.16243566562394646,0.0006807591236779183,0.013296729998633988
2021-01-29,2021,1999,0,0,41,1,0.21723447250198458,0.0005430861812549615,0.04977057947034575,0.15852573956419422,0.0007245514724635575,0.06756797363037617
2021-02-01,2021,1999,0,0,41,4,-1.4322456819266531,-0.003580614204816633,-0.03915432487704345,0.1733637379540912,0.0005440608318136474,0.02453779671836415
2021-02-02,2021,1999,0,0,41,2,-0.4428581297008741,-0.0011071453242521853,0.030693940324053932,0.161707339389649,0.0004269293981231685,0.0274754372592244
2021-02-03,2021,1999,0,0,41,5,-2.724804215003545,-0.006812010537508862,-0.19096740515526145,0.19868917008371373,0.0007101526297185199,0.060469832316911165
2021-02-04,2021,1999,0,0,41,6,-0.4356328656868902,-0.0010890821642172254,-0.04563102937379448,0.17444507312990104,0.0007397578047365009,0.011432418075606746
2021-02-05,2021,1999,0,0,41,2,-1.8130021842285309,-0.004532505460571327,-0.156073475771558,0.19286763826933062,0.0005653496267245271,0.03696911431650651
2021-02-08,2021,1999,0,0,41,3,0.4318872638274418,0.0010797181595686046,0.10655637375604814,0.14905364251101935,0.0005905066228728966,0.018474087275797562
2021-02-09,2021,1999,0,0,41,4,-0.9790895463120427,-0.0024477238657801066,-0.01665067663274385,0.16960971577982284,0.0008135325800013699,0.033460832754878496
2021-02-10,2021,1999,0,0,41,7,1.4255771931058527,0.003563942982764632,0.04691450635426829,0.15900317143925685,0.0008157060459561232,0.008864734100212832
2021-02-12,2021,1999,0,0,41,9,-0.6021437036808958,-0.0015053592592022395,-0.0011685275375647435,0.16702485936971798,0.0005785284589691985,0.0459996673347215
2021-02-15,2021,1999,0,0,42,12,-0.5428033297028791,-0.001357008324257198,0.02431498176583187,0.162773140511384,0.0006550983415512322,0.007448786096225669
2021-02-16,2021,1999,0,0,42,7,-0.22999562788978256,-0.0005749890697244564,0.01006315978965419,0.16515178317444565,0.0007626624445062464,0.04698990316523947
2021-02-17,2021,2000,0,0,40,0,-0.3583972946613849,-0.0008959932366534623,-0.003591664505944315,0.16742903186210414,0.000548989542907998,0.02197013065244694
2021-02-18,2021,2000,0,0,41,2,0.21847365856937984,0.0005461841464234496,-0.09726239405245822,0.1830574331688105,0.000527754036958231,0.018553826405999577
2021-02-19,2021,2000,0,0,42,1,-2.1013706342297667,-0.0052534265855744165,-0.17693067192239254,0.19635008712460283,0.0009920972645072774,0.008290107836344122
2021-02-22,2021,2000,0,0,42,4,-1.0360037924184016,-0.002590009481046004,-0.09526344025001093,0.18272090622599943,0.00046752005205052017,0.028126642260229772
2021-02-24,2021,2000,0,0,42,6,0.011369413300367892,2.842353325091973e-05,-9.905211764490963e-05,0.1668493643394984,0.0009719612856889017,0.0186298523767695
2021-02-25,2021,2000,0,0,42,4,-2.074092361590947,-0.005185230903977367,-0.09913641479856004,0.18337239724164234,0.0007425358172555379,0.029375480170650062
2021-02-26,2021,2000,0,0,42,18,0.42185045782170993,0.001054626144554275,-0.041975199696441604,0.17382862041325817,0.00036108204539102897,0.07503790160716074
2021-03-01,2021,2000,0,0,41,11,-1.0754891838068823,-0.002688722959517206,-0.08746661264793497,0.1814227945013027,0.0004094504571588113,0.02076231609969628
2021-03-02,2021,2000,0,0,41,8,-0.6539247369966663,-0.0016348118424916657,-0.07992277932434863,0.1801602886235514,0.0004041283034140684,0.020552999332985697
2021-03-03,2021,2000,0,0,41,6,0.4892453448753031,0.0012231133621882577,0.07391281038336482,0.15449804742291107,0.00032772482218422966,0.027622821080207704
2021-03-04,2021,2000,0,0,41,5,1.871114951207665,0.004677787378019163,0.20728684612164092,0.1322478258263699,0.0003748329550387531,0.08339240392223252
2021-03-05,2021,2000,0,0,38,5,0.8218547968765675,0.0020546369921914187,0.11440247363658185,0.14774617110956678,0.0006313205341563023,0.015616710167138488
2021-03-08,2021,2000,0,0,38,3,-1.1827882877425049,-0.0029569707193562622,-0.13548037844818495,0.18943066055288776,0.0003327273189999848,0.009613954748556346
2021-03-09,2021,2000,0,0,38,2,-1.6047639200612873,-0.004011909800153218,-0.10786258683310442,0.18482646813651948,0.00040016469115695784,0.048540909507971346
2021-03-10,2021,2000,0,0,38,4,2.471170654686299,0.006177926636715747,0.1282717451781472,0.1454300062737722,0.00044422602473265433,0.020488905056314937
2021-03-11,2021,2000,0,0,37,9,-0.5452976134154275,-0.0013632440335385686,-0.05317322268526317,0.1757034127368837,0.0005675135167161122,0.07259268981386019
2021-03-12,2021,2000,0,0,37,4,1.0456424833783564,0.002614106208445891,0.1719779571278028,0.1381405955604115,0.00042781745811105667,0.012248662189679224
2021-03-15,2021,2000,0,0,37,15,-0.3245555176973107,-0.0008113887942432769,-0.05192842705288498,0.17548933027043784,0.00037616242212945507,0.062043349605458424
2021-03-16,2021,2000,0,0,34,19,-0.41859744278259825,-0.0010464936069564956,-0.028995001704665735,0.17166461250885573,0.00031963512127093267,0.0540277225426015
2021-03-17,2021,2000,0,0,35,12,1.0256920964495635,0.002564230241123909,0.11928027469952092,0.14693046035273766,0.00037666069748657437,0.11868305795428297
2021-03-18,2021,2000,0,0,35,8,-0.5031584925060442,-0.0012578962312651105,-0.05099179671633182,0.17533645887476007,0.00046936375810427243,0.04373655539540026
2021-03-19,2021,2000,0,0,33,5,0.8246512287463506,0.0020616280718658763,-0.0042829820352126395,0.16754601644243833,0.0006740926905004148,0.01076598488261845
2021-03-22,2021,2000,0,0,30,9,0.752986933561278,0.0018824673339031949,0.04412335867318025,0.1594718890210488,0.001119817198044872,0.016577293379537863
2021-03-23,2021,2000,0,0,30,13,-0.5450176484659992,-0.001362544121164998,-0.1365356821880082,0.18961045549037653,0.0004900043944311731,0.043439155412260774
2021-03-24,2021,2000,0,0,29,1,1.1530659282676012,0.0028826648206690033,0.15176791078887358,0.14151259058743978,0.0005198825113315351,0.061295764962415816
2021-03-25,2021,2000,0,0,30,3,-0.7661335874276615,-0.0019153339685691537,-0.111038910673997,0.18535668747330142,0.00044696240502269146,0.03706428547513122
2021-03-26,2021,2000,0,0,29,4,-1.5496235785389136,-0.003874058946347284,-0.06759178064053216,0.1781083210439637,0.0007507954055447492,0.02371343965329048
2021-03-29,2021,2000,0,0,29,4,0.49217511597060715,0.0012304377899265179,0.02359087831286055,0.1628970144777241,0.0006244886717646246,0.02655000961650326
2021-03-30,2021,2000,0,0,29,3,1.9305519536181395,0.004826379884045349,0.161927997295773,0.13981670769101406,0.0004287627045550638,0.06436429365359381
2021-03-31,2021,2000,0,0,29,1,0.34865611635408933,0.0008716402908852234,0.04364567586148811,0.15954764844903693,0.00034490413924800835,0.03553057144021876
2021-04-01,2021,2000,0,0,29,0,0.20137708467482263,0.0005034427116870566,0.05927424748787143,0.15694236819510302,0.00032014128927795605,0.026359286319943328
2021-04-02,2021,2000,0,0,29,0,-0.5858089654673986,-0.0014645224136684964,-0.03358390294695986,0.17243563671530615,0.000514585434230753,0.06003107335789107
2021-04-05,2021,2000,0,0,30,1,-0.6090255383042296,-0.001522563845760574,-0.008824882275024981,0.16830453251888577,0.0003366068581739461,0.033768751916470774
2021-04-06,2021,2000,0,0,29,1,-0.8353886857621853,-0.0020884717144054633,-0.06540178893686796,0.17774405305454127,0.0005714634541860077,0.025585879278486563
2021-04-07,2021,2000,0,0,29,6,0.1865954980210135,0.00046648874505253376,-0.0035527953045442623,0.16741567238096286,0.00024686273614350144,0.012546209938257835
2021-04-08,2021,2000,0,0,28,6,-3.1378636518869447,-0.007844659129717362,-0.2639387197883211,0.21086228976168925,0.000489714034228341,0.03402638416592656
2021-04-09,2021,2000,0,0,27,5,-0.1581909851159472,-0.000395477462789868,-0.00908132456804819,0.1683410646043382,0.00029956606420499475,0.034134058850726144
2021-04-12,2021,2000,0,0,29,3,0.29730854020105385,0.0007432713505026346,0.06400259545674754,0.15615199702152227,0.0003022656102534396,0.023658551707612697
2021-04-13,2021,2000,0,0,29,3,0.27159212734014077,0.0006789803183503519,0.029004499422932307,0.16199086849577868,0.00034196738561680865,0.006622995253844539
2021-04-14,2021,2000,0,0,29,7,0.8924902889900361,0.0022312257224750905,0.022542697359687624,0.16305783213017214,0.0002602143650135112,0.0134951831649744
2021-04-15,2021,2000,0,0,30,1,-1.12469580802174,-0.00281173952005435,-0.0858078695998478,0.18114365956114625,0.0003466570937722832,0.018122240374102407
2021-04-16,2021,2000,0,0,29,3,0.1249734989964919,0.00031243374749122976,0.020566512623867984,0.1634016691937765,0.00040910749230925144,0.014829943451477735
2021-04-19,2021,2000,0,0,29,3,-2.0343968305576294,-0.0050859920763940735,-0.12220932801143757,0.18722166148106567,0.000738708368814286,0.0056541218306880815
2021-04-20,2021,2000,0,0,28,4,0.2264432565907435,0.0005661081414768587,0.003035912700456426,0.1663245587275879,0.0005246990765724439,0.01704715276787613
2021-04-21,2021,2000,0,0,29,5,0.3145902435158612,0.0007864756087896529,0.03222238179939414,0.16145052535021887,0.0003197791560127467,0.044523356513837695
2021-04-22,2021,2000,0,0,29,1,0.8877413752604107,0.002219353438151027,0.046972204249218406,0.1589930144537001,0.00034066638361284217,0.0326421501466919
2021-04-23,2021,2000,0,0,29,9,-1.1255980944652044,-0.002813995236163011,-0.08249606288760361,0.1805902875775056,0.00030797299454028547,0.028542968764495438
2021-04-26,2021,2000,0,0,29,11,-0.4801779439502448,-0.001200444859875612,-0.018413625278549162,0.16990208060508494,0.00036685877004792464,0.025424088053568692
2021-04-27,2021,2000,0,0,29,8,-0.3131028132535213,-0.0007827570331338032,-0.03378803063974891,0.17246465735368935,0.0005106310939743781,0.1854879638075162
2021-04-28,2021,1999,0,0,30,4,-1.2950926516073193,-0.003237731629018298,-0.06421354745494928,0.1775451564520899,0.0007086383225350703,0.019099906522954308
2021-04-30,2021,1999,0,0,30,4,-0.9551794655695881,-0.0023879486639239705,-0.07494343235889607,0.17933459891776388,0.0005761164074787064,0.009886439052751378
2021-05-06,2021,1999,0,0,30,3,0.06269800370552026,0.00015674500926380063,-0.020616239501058987,0.17026619535362647,0.0005635485184635165,0.013493412613145114
2021-05-07,2021,1999,0,0,31,3,-2.0841593444306326,-0.005210398361076582,-0.11756368105028246,0.18644663560145575,0.0009461033635875627,0.3294770594153006
2021-05-10,2021,1999,0,0,31,2,-0.25985643327790875,-0.0006496410831947719,-0.007542224211565221,0.16809083279687198,0.0009158085190256169,0.0174770164725605
2021-05-11,2021,1999,0,0,32,4,-0.09918041500726327,-0.0002479510375181582,-0.03674075415887853,0.17296228186658383,0.0009823620720799385,0.014749314813220282
2021-05-12,2021,1999,0,0,31,7,0.4989051409454168,0.001247262852363542,0.08657385786927016,0.1523891476670669,0.0010818981098711746,0.046360125060614626
2021-05-13,2021,1999,0,0,33,4,1.6082437286529616,0.004020609321632404,0.13532931063047524,0.14425461365954886,0.0010373353250672775,0.027255363820440467
2021-05-14,2021,1999,0,0,33,2,-0.6772000807449619,-0.0016930002018624047,0.002244071703100304,0.1664582804929004,0.0007136697563301089,0.04778947328259032
2021-05-17,2021,1999,0,0,33,5,0.07934015667130527,0.00019835039167826317,0.0071162216670786595,0.16564391815286783,0.00037013282824927105,0.06698840069093837
2021-05-18,2021,1999,0,0,33,2,0.13190922787134274,0.00032977306967835684,0.018986498804405443,0.16365916693082277,0.0004338624155019684,0.01095275647488519
2021-05-19,2021,1999,0,0,33,2,0.2861030867033461,0.0007152577167583653,0.010542729066117414,0.16506547407427025,0.0003086760703945879,0.008720878224580394
2021-05-20,2021,1999,0,0,33,1,-1.4149595107414512,-0.003537398776853628,-0.13400287775847336,0.18918577397047112,0.00035303671073236314,0.01687228475825726
2021-05-21,2021,1999,0,0,33,1,0.08682122315727331,0.00021705305789318326,-0.010500137314386159,0.16858223807750874,0.00032458441172841324,0.04251218255050334
2021-05-24,2021,1999,0,0,33,6,-0.1609706956474718,-0.0004024267391186795,0.001300847857437073,0.1666098388357165,0.0003380780232305448,0.06186858814804918
2021-05-25,2021,1999,0,0,32,4,0.5973784639773919,0.0014934461599434797,0.05434921363396012,0.15776499002396235,0.00040095514478370384,0.022440455314848926
2021-05-26,2021,1999,0,0,32,10,-0.6881556062946115,-0.0017203890157365287,-0.04748358392654156,0.1747541371093763,0.0006302910181581776,0.03209860526227182
2021-05-27,2021,1999,0,0,32,0,-0.7577369676284389,-0.0018943424190710973,-0.07901577271226082,0.18001399179150218,0.00042136720220860985,0.016418448701627234
2021-05-28,2021,1999,0,0,33,0,-0.3179145310210341,-0.0007947863275525853,-0.011315640900148872,0.16871436813846707,0.0002657551074813951,0.01347506710019362
2021-05-31,2021,1999,0,0,32,12,-1.0741859845305783,-0.002685464961326446,-0.09729800221410904,0.18306062484489286,0.0003978640811780151,0.04932504594457721
2021-06-01,2021,1999,0,0,33,2,0.48157105256465305,0.0012039276314116326,0.018362065713749074,0.16376157530950392,0.00031884343373241215,0.014380259433550684
2021-06-02,2021,1999,0,0,32,2,1.5171809757507584,0.003792952439376896,0.08841243895787429,0.15207640017367205,0.0003049585540203508,0.014102530032855923
2021-06-03,2021,1999,0,0,32,7,-0.4500293501611733,-0.0011250733754029332,-0.08387905297206188,0.18082038127784225,0.00030661188662348414,0.020718095918049323
2021-06-04,2021,1999,0,0,30,1,-1.0007375068192983,-0.002501843767048246,-0.0965198789655128,0.18293015988084743,0.00031618665297948763,0.010821108921751078
2021-06-07,2021,1999,0,0,31,4,0.5353519127854827,0.0013383797819637067,0.0156322690559857,0.16421850465674181,0.0002975587692746629,0.006266839479486548
2021-06-08,2021,1999,0,0,31,2,0.9684139135693774,0.002421034783923444,0.06027593800851071,0.1567660890814084,0.0002667643000381065,0.006787168033960315
2021-06-09,2021,1999,0,0,30,3,0.21382420326653062,0.0005345605081663265,0.03657654298144347,0.16072030891202238,0.0003159779382418866,0.011619213472221206
2021-06-10,2021,1999,0,0,30,2,-0.029374660606408365,-7.343665151602091e-05,-0.008072932178787472,0.16817158733424672,0.00034674946756223094,0.01552769736613411
2021-06-11,2021,1999,0,0,30,0,-0.2978676439588116,-0.000744669109897029,0.007824592002006418,0.16551773031057468,0.00033536344499592193,0.05815411481873374
2021-06-14,2021,1999,0,0,30,1,-0.5588271293558414,-0.0013970678233896036,0.00043486478213116173,0.1667545356634646,0.000307006115374743,0.006020221057121383
2021-06-15,2021,1999,0,0,30,4,-0.43038993712078727,-0.0010759748428019681,-0.07108803274495364,0.1786859945161443,0.0002998574971628655,0.008112535896849005
2021-06-16,2021,1999,0,0,31,5,-0.012422915897071674,-3.105728974267918e-05,0.020839879338453163,0.16335363132773348,0.00046753520827948956,0.04243088025710522
2021-06-17,2021,1999,0,0,33,4,0.6436606449938722,0.0016091516124846804,0.013175865180020981,0.16463511522514995,0.0006559095536533974,0.014028626291804463
2021-06-18,2021,1999,0,0,32,11,1.880522700337151,0.004701306750842877,0.1580975113391419,0.14045735936642603,0.000857807336046242,0.010238552096577367
2021-06-21,2021,1999,0,0,32,11,-0.9885091341778579,-0.002471272835444645,-0.10288696053997841,0.18398980681692356,0.0003142039987390994,0.01390235236699233
2021-06-22,2021,1999,0,0,33,10,0.11839470781671996,0.0002959867695417999,0.03358101551176245,0.1612250764465761,0.0003449832548235419,0.31646826081700463
2021-06-23,2021,1999,0,0,34,13,0.020309974896753458,5.077493724188364e-05,-0.016888643438384917,0.16964678168296743,0.000347045233633451,0.0756289818809353
2021-06-24,2021,1999,0,0,34,6,0.7981875054675122,0.0019954687636687804,0.020726936573138625,0.16337031093089052,0.00030334846569162746,0.0290751024865449
2021-06-25,2021,1999,0,0,35,12,-0.24796566878637738,-0.0006199141719659435,-0.051710283295464295,0.17545788438291748,0.00036796069719069425,0.04848714225531725
2021-06-28,2021,1999,0,0,34,5,-0.057137505993992366,-0.0001428437649849809,-0.020942730686323147,0.17032198540470192,0.0003436821971049818,0.02383827222462328
2021-06-29,2021,1999,0,0,34,7,1.303320419764534,0.003258301049411335,0.1637522932303043,0.1395053959864268,0.0003511895059997208,0.011431041410048502
2021-06-30,2021,1999,0,0,34,12,0.3481700939475414,0.0008704252348688535,0.08296963330281197,0.15298920749180916,0.0003642938512874381,0.1926336258182866
2021-07-01,2021,1999,0,0,34,5,-0.9175619316391879,-0.00229390482909797,-0.08093154333954884,0.18033063150767148,0.00023792642061716714,0.02294100566171167
2021-07-02,2021,1999,0,0,34,7,-0.28342961053480925,-0.0007085740263370232,-0.08338932780178832,0.18072703986093616,0.00023710168268764115,0.007350730692078817
2021-07-05,2021,1999,0,0,34,3,0.7460500547208946,0.0018651251368022365,0.0951851268837419,0.15095209728950523,0.0002563807012783013,0.010930373759973806
2021-07-06,2021,1999,0,0,35,0,0.6072003273835191,0.001518000818458798,-0.04757631072854772,0.1747684522435887,0.00035164566319458463,0.027259238824166365
2021-07-07,2021,1999,0,0,35,3,-0.6020396384534544,-0.001505099096133636,-0.025346771770212235,0.171052711320906,0.00026341501383581614,0.016910775269612023
2021-07-08,2021,1999,0,0,35,12,0.23744369126219178,0.0005936092281554795,0.04002694721372848,0.16015538874115312,0.000690616160699939,0.012083847608107929
2021-07-09,2021,1999,0,0,35,25,0.8727254672685487,0.002181813668171372,0.10521979781931314,0.14927636938285657,0.0003608309972443608,0.029282891939623343
2021-07-12,2021,1999,0,0,35,7,0.032003798134215763,8.00094953355394e-05,-0.0319454450585031,0.1721522903824515,0.000310864508587662,0.044578098116264786
2021-07-13,2021,1999,0,0,34,12,-0.046403904774244165,-0.00011600976193561041,0.005614252562876583,0.16589471689825921,0.0003728001136863976,0.019161250318681988
2021-07-14,2021,1999,0,0,34,9,0.9004415691447392,0.002251103922861848,0.04636009343703909,0.15908618349090337,0.0002663341912999306,0.015231827625182872
2021-07-15,2021,1999,0,0,35,5,-1.0624532229020822,-0.0026561330572552055,-0.05154100234620492,0.17543104183020736,0.0004020404983256656,0.026263802136536566
2021-07-16,2021,1999,0,0,33,5,0.16069967682821873,0.0004017491920705468,0.007492538845289342,0.165580228368254,0.00027937563235779737,0.013084183128726284
2021-07-19,2021,1999,0,0,34,6,0.4588136414750277,0.0011470341036875693,0.05631915059860529,0.15743373868294686,0.00031689929778351875,0.03366157975082207
2021-07-20,2021,1999,0,0,36,8,0.22453321445187324,0.0005613330361296831,0.045474034386048384,0.15924495585434664,0.0004999828609953237,0.02784533044293996
2021-07-21,2021,1999,0,0,35,7,-0.3732078833921102,-0.0009330197084802755,0.057160628826999106,0.1572944833856446,0.00033611540029288863,0.0129172603624141
2021-07-26,2021,1999,0,0,36,3,-1.208919908583044,-0.00302229977145761,-0.13049054021831524,0.18859870760339265,0.0003945147007832688,0.016305451525128887
2021-07-27,2021,1999,0,0,36,8,1.681906345189745,0.004204765862974362,0.12872502332458688,0.14535385638091644,0.0003703014838529181,0.01690565633944958
2021-07-28,2021,1999,0,0,36,5,-2.0662842103784174,-0.005165710525946043,-0.16060129514088764,0.19362627108448216,0.0006961257315042105,0.026319553332566012
2021-07-29,2021,1999,0,0,37,6,-0.2383286516365013,-0.0005958216290912532,-0.021286989765845036,0.17038424449042922,0.0008960407309225591,0.017451172338620168
2021-07-30,2021,1999,0,0,37,9,0.06334686882458329,0.00015836717206145823,-0.01962064875975333,0.17010273484168587,0.00033966822373228194,0.02741074119394699
2021-08-02,2021,1999,0,0,37,2,0.42135500355112865,0.0010533875088778216,0.07508570573117457,0.15430438298835714,0.0004138774205293373,0.029564816672390373
2021-08-03,2021,1999,0,0,39,1,0.32928799631205374,0.0008232199907801344,0.018298526190460032,0.16377439326626633,0.0004469995774784079,0.01709401017440142
2021-08-04,2021,1999,0,0,39,2,0.2018256233326724,0.000504564058331681,-0.04173172826816574,0.17379038352744672,0.0005717208736159703,0.023286008711613893
2021-08-05,2021,1999,0,0,39,3,-0.6835395907261341,-0.0017088489768153352,-0.08785685869523513,0.1814881215433594,0.000839924266472084,0.01468287969982957
2021-08-06,2021,1999,0,0,39,5,1.2765292431773216,0.0031913231079433043,-0.016976652295646315,0.16966311404371276,0.0006617435946684644,0.010739922145978964
2021-08-10,2021,1999,0,0,39,3,-0.6665348444491059,-0.0016663371111227648,0.012566876641686422,0.1647283565796,0.0005536646622627062,0.01447819165597773
2021-08-11,2021,1999,0,0,40,8,-0.16312517444280217,-0.0004078129361070054,-0.002654406270431513,0.16726818764136223,0.0006636955437708409,0.14516445764130023
2021-08-12,2021,1999,0,0,40,8,0.6847843856982108,0.001711960964245527,-0.020614353179202887,0.17027162084400413,0.0008796260736310564,0.04131932118220065
2021-08-13,2021,1999,0,0,40,10,0.8385582840380879,0.0020963957100952196,-0.027213009689007774,0.17136864120140544,0.0005529781973052503,0.0195558880518459
2021-08-16,2021,1999,0,0,39,9,0.8478856862100386,0.0021197142155250964,0.09042083935413706,0.1517457807236205,0.00042413558895982515,0.03284487479600953
2021-08-17,2021,1999,0,0,40,14,-0.9444354611688948,-0.002361088652922237,-0.09356401642367053,0.18244076142576193,0.000532296521079743,0.019777643664421238
2021-08-18,2021,1999,0,0,40,5,-1.3071420378931187,-0.0032678550947327968,-0.18146803776556314,0.1971045649267393,0.0005202464375961311,0.030311203164376424
2021-08-19,2021,1999,0,0,41,4,-0.5483619090585528,-0.0013709047726463818,-0.03828187748285972,0.17321828943612058,0.0007261062169170286,0.00975435294577509
2021-08-20,2021,1999,0,0,41,1,-1.7625178383995777,-0.0044062945959989445,-0.14064182333489259,0.19029317795367484,0.0005637378302558208,0.01021028361092238
2021-08-23,2021,1999,0,0,41,0,0.7197324293108198,0.0017993310732770495,0.08531639855001312,0.15259002182581588,0.0003116714013203189,0.024866576465806315
2021-08-24,2021,1999,0,0,41,4,-0.7792230874984901,-0.0019480577187462253,-0.028107832092676425,0.1715157533751891,0.00032851820851354793,0.013492548708486506
2021-08-25,2021,1999,0,0,41,8,0.0003936874255229261,9.842185638073153e-07,-0.013025145047341771,0.16899462659924222,0.00025294675400071965,0.055934771139974075
2021-08-26,2021,1999,0,0,40,3,0.5628556261640991,0.0014071390654102477,-0.00037487714727577054,0.16689480762539563,0.00042510475439832223,0.044103371281709644
2021-08-27,2021,1999,0,0,40,4,0.21073441677229876,0.0005268360419307469,0.04000068075355899,0.16015410002193184,0.00033744490297210253,0.006743566519931783
2021-08-30,2021,1999,0,0,40,6,-0.47222773008945107,-0.0011805693252236278,-0.03658548465954568,0.1729295489121473,0.00031778250375276776,0.02357808003281922
2021-08-31,2021,1999,0,0,41,7,-0.7348301143717895,-0.0018370752859294738,0.019609055125763098,0.16355640297641327,0.0003659470966183795,0.04046562843304828
2021-09-01,2021,1999,0,0,42,6,-0.3051140580065377,-0.0007627851450163442,-0.0061549382923598355,0.16785783827644352,0.0005124079270799013,0.024742997270554283
2021-09-02,2021,1999,0,0,42,8,-0.00812829982145269,-2.0320749553631723e-05,0.019552309770758173,0.1635647726338217,0.0004155293901461025,0.01007515253084617
2021-09-03,2021,1999,0,0,43,8,-0.512696145019943,-0.0012817403625498575,0.006168774247666148,0.16579818664062737,0.00036384883660984217,0.09450066252028869
2021-09-06,2021,1999,0,0,43,20,0.08835160644608275,0.00022087901611520688,0.0012158729196981373,0.16662252421129106,0.0002684805150571027,0.05286066817324851
2021-09-07,2021,1999,0,0,45,14,0.27895364664186145,0.0006973841166046537,0.01552548594416573,0.16423531709171274,0.0003740886250901658,0.012755071901578659
2021-09-08,2021,1999,0,0,45,18,1.2394822506961276,0.003098705626740319,0.12700057367217593,0.1456444019138029,0.00049067626011563,0.012910487423231667
2021-09-09,2021,1999,0,0,44,9,-0.4599951875786865,-0.0011499879689467164,-0.039701729744921775,0.1734515141565889,0.0004074654438350862,0.038586919347885384
2021-09-10,2021,1999,0,0,45,21,0.6644628109992079,0.0016611570274980198,0.06927990498598986,0.1552719510989812,0.00031752343528992845,0.06759003652541543
2021-09-13,2021,1999,0,0,46,30,-0.3084509392624666,-0.0007711273481561665,-0.03420592097985192,0.1725387554599082,0.0007935693767610858,0.01440825628348893
2021-09-14,2021,1999,0,0,45,25,1.2922995621956463,0.003230748905489116,0.1856852354380147,0.1358483581415618,0.0006066870197761816,0.020702872753982228
2021-09-15,2021,1999,0,0,45,12,-0.2957625825921366,-0.0007394064564803416,-0.011979856456358112,0.16882468715292034,0.0004161746785328133,0.030984735618860386
2021-09-16,2021,1999,0,0,46,11,0.8163274112052834,0.0020408185280132085,0.07434998378315578,0.15442916174826174,0.0006730919754187494,0.023351790512805674
2021-09-17,2021,1999,0,0,47,7,-0.547182740562747,-0.0013679568514068674,-0.07918943300718048,0.18004376936339164,0.000567925069352824,0.029034851005667116
2021-09-21,2021,1999,0,0,45,4,-0.14884748364824762,-0.00037211870912061905,-0.02781908192263498,0.1714744345357074,0.0010739177281592323,0.08224498525685126
2021-09-22,2021,1999,0,0,45,2,0.671642079204171,0.0016791051980104275,0.09430717930021473,0.15109730119643733,0.00037892013876671273,0.035239667633933616
2021-09-24,2021,1999,0,0,46,3,1.023034960212712,0.00255758740053178,0.05628219746098575,0.1574385037109893,0.0005867641663532007,0.11271890353013948
2021-09-27,2021,1999,0,0,46,7,1.2767433820050524,0.003191858455012631,0.13610997863162272,0.1441249686186719,0.0006408023904699597,0.011747077902815744
2021-09-28,2021,1999,0,0,46,6,1.522957803996583,0.0038073945099914575,0.056764058123732315,0.15735902554950215,0.00043204569705541495,0.06917789807359657
2021-09-29,2021,1999,0,0,46,3,0.09024013442771794,0.00022560033606929485,0.07299326992504723,0.15465568034182173,0.0006685990466942002,0.015108940639818064
2021-09-30,2021,1998,0,0,46,1,-2.300907669928648,-0.005752269174821621,-0.16492662401535538,0.1943465020638994,0.0005579703081094289,0.013320556137359047
2021-10-01,2021,1998,0,0,46,8,-0.3381377828814114,-0.0008453444572035284,-0.004035923464287391,0.16750618113146382,0.00039031347320134734,0.06283489885040547
2021-10-04,2021,1998,0,0,46,9,-0.4445033290967695,-0.0011112583227419236,0.050746253783778325,0.15836413950259734,0.0004359181674173894,0.04496386789945244
2021-10-05,2021,1998,0,0,45,28,-2.618541729343345,-0.006546354323358362,-0.1264801306520121,0.18793100700056023,0.00044604383872884313,0.025243117424866755
2021-10-06,2021,1998,0,0,45,1,-1.4785329205999505,-0.003696332301499876,-0.05307950904183293,0.1756852456553736,0.0005015703817730833,0.042604554016243225
2021-10-07,2021,1998,0,0,47,3,-1.1455846156096698,-0.0028639615390241746,-0.06717466474341348,0.17803908792206463,0.0004675333962228945,0.0291672693768808
2021-10-08,2021,1998,0,0,47,2,-0.33341481063204936,-0.0008335370265801234,-0.03839397650327696,0.17323717415373424,0.000506682714703723,0.03706941246301423
2021-10-11,2021,1998,0,0,46,1,-0.7401231262355333,-0.0018503078155888333,-0.06499666621458547,0.17767231588363888,0.000453115028801094,0.0245440541586114
2021-10-12,2021,1998,0,0,48,10,-0.6046191292303906,-0.0015115478230759765,-0.04818602572399573,0.17486762201399256,0.00038425931828706914,0.013146315506434095
2021-10-13,2021,1998,0,0,47,10,0.5845871686664701,0.0014614679216661752,0.0007936338362495705,0.16670089100943694,0.0009728660218779457,0.010357867993336711
2021-10-14,2021,1998,0,0,49,4,-0.16057295789983106,-0.00040143239474957766,0.03667448259893193,0.1607100784474757,0.00043201323916874733,0.039729757596964455
2021-10-15,2021,1998,0,0,48,2,0.5871201912409867,0.0014678004781024667,-0.0011115462517467664,0.1670113908167408,0.00038689735793186186,0.0293290054908662
2021-10-18,2021,1998,0,0,48,6,0.8949866014574739,0.0022374665036436845,0.1322124433136385,0.14476559782262455,0.0003063110949420961,0.01329043445307065
2021-10-19,2021,1998,0,0,48,8,-0.26477146433215015,-0.0006619286608303753,0.0362349579965174,0.1607852002906277,0.0004015322939836131,0.02141786201422261
2021-10-20,2021,1998,0,0,48,8,-0.8221797334641097,-0.0020554493336602743,-0.08321946200616277,0.18070671637432645,0.00026752918641833196,0.013550713721143366
2021-10-21,2021,1998,0,0,49,10,-0.7597688694682279,-0.0018994221736705697,-0.0595394290729602,0.17675920253453303,0.00028272153992852273,0.02940169366980005
2021-10-22,2021,1998,0,0,48,10,-0.007885334775494579,-1.971333693873645e-05,-0.021697709888679643,0.17044715220728615,0.0003540893958115867,0.014866311511452221
2021-10-25,2021,1998,0,0,48,15,0.5623298757920374,0.0014058246894800936,0.03769800414021019,0.16053832012804273,0.0002826284142811477,0.01696212071826121
2021-10-26,2021,1998,0,0,48,5,0.4341573605420188,0.001085393401355047,0.05351055317020337,0.15790035680562506,0.00044587826284338267,0.019091277851639478
2021-10-27,2021,1998,0,0,48,8,0.2056842701861738,0.0005142106754654345,-0.01031776193958026,0.1685437170805308,0.0004384523825020676,0.01641185369036151
2021-10-28,2021,1998,0,0,47,11,0.12120122519236354,0.00030300306298090883,0.046478660020362446,0.1590789125940125,0.0009161842037609919,0.008531926067719698
2021-10-29,2021,1998,0,0,47,6,-0.34148088900652596,-0.0008537022225163149,-0.05440343736551272,0.17590825703056645,0.00045952819284205554,0.006871842309896562
2021-11-01,2021,1998,0,0,46,12,0.7988997252526431,0.001997249313131608,0.004249858702666039,0.16612170009773927,0.0007784269203617861,0.06784776959275829
2021-11-02,2021,1997,0,0,46,9,-0.6000160081227013,-0.0015000400203067533,0.010919449506474409,0.16500921564645432,0.0007313988724310773,0.045388768547487746
2021-11-04,2021,1997,0,0,46,4,0.9371364246342023,0.002342841061585506,0.02638346020915022,0.1624248253281002,0.0007025692876298078,0.03929976963654214
2021-11-05,2021,1997,0,0,46,3,-0.6201159438300645,-0.0015502898595751613,-0.02247667800461529,0.1705813289569617,0.0005591990171073079,0.00810942573192729
2021-11-08,2021,1996,0,0,46,4,-0.2121875146054961,-0.0005304687865137402,-0.053445090443697725,0.17574494923603906,0.000647164351186123,0.005859897369082833
2021-11-09,2021,1996,0,0,46,10,1.5091807741051315,0.0037729519352628286,0.059069952107072665,0.15697144774785216,0.000615809469328214,0.007594602712969679
2021-11-10,2021,1996,0,0,46,11,1.5392443790775667,0.003848110947693917,0.0059208827698833035,0.16584410930893764,0.0010054174105264154,0.005640939202124655
2021-11-11,2021,1996,0,0,46,4,1.9105185777163587,0.004776296444290897,0.08992059361828801,0.15182792900956968,0.0009938322763233384,0.007909776981914113
2021-11-12,2021,1996,0,0,46,1,1.2744312080474076,0.003186078020118519,0.043430235761282784,0.15958217186252205,0.0005713063041002783,0.01867731232864504
2021-11-15,2021,1996,0,0,46,7,1.5156676365420196,0.003789169091355049,0.004467291952620327,0.16608596279373528,0.0005693219336312718,0.030787503459072635
2021-11-16,2021,1996,0,0,45,5,-0.4401928801284092,-0.0011004822003210229,-0.04967412597783019,0.1751140637189228,0.00037562325460880426,0.027205316764083522
2021-11-17,2021,1997,0,0,45,8,2.3974749960778756,0.005993687490194689,0.0801544197348505,0.15345663560018483,0.00036860173988246197,0.03973193267707569
2021-11-18,2021,1997,0,0,45,6,0.9880466958394853,0.0024701167395987135,0.0469620231481847,0.15899310843174896,0.00035102094591205535,0.003713384062494415
2021-11-19,2021,1997,0,0,45,7,-1.0123495316606885,-0.002530873829151721,-0.0898344602341442,0.18181522951342005,0.0005624120730132155,0.04059379853943748
2021-11-22,2021,1997,0,0,45,7,-1.1394666113959344,-0.0028486665284898362,-0.08754950851208199,0.18143358804949325,0.00030311059704997206,0.01776277634787377
2021-11-24,2021,1997,0,0,47,9,-0.46729576025705866,-0.0011682394006426466,-0.04238289204424991,0.17390416025824273,0.0005225851255670754,0.010420359274053251
2021-11-25,2021,1997,0,0,48,5,0.4472711008987664,0.0011181777522469162,0.029408492495184072,0.16192717422053376,0.0009052332889537458,0.010779718435198534
2021-11-26,2021,1997,0,0,47,4,-0.19418881338278804,-0.0004854720334569701,0.02726430756462318,0.16228199374434843,0.0004548131260226897,0.04260208526875463
2021-11-29,2021,1997,0,0,46,10,-2.3787958672538396,-0.0059469896681345995,-0.12347404053635232,0.18743172479370782,0.0007488362928445154,0.027786763019331254
2021-11-30,2021,1996,0,0,46,0,2.068300539923953,0.005170751349809882,0.13888942698982487,0.14365958574015764,0.0005288713408474225,0.03668999637887355
2021-12-01,2021,1996,0,0,46,4,0.059168357076804234,0.0001479208926920106,-0.017041952882251046,0.16967672834755632,0.0013053500244798377,0.029452865641242287
