Date,ValidationYear,v7_equal_OfficialDailySpread,v7_equal_SelectedMissingTargets,v7_equal_AllStockForecastMSE,v7_equal_TrainingWeightForecastMSE,v7_jpx_OfficialDailySpread,v7_jpx_SelectedMissingTargets,v7_jpx_AllStockForecastMSE,v7_jpx_TrainingWeightForecastMSE,v5_OfficialDailySpread,v5_SelectedMissingTargets
2017-12-29,2018,-0.10945294907760139,0,0.0003131460377284182,0.0003131460377284182,0.11992017735147664,0,0.0003113905258216821,0.0002914160561377046,0.8635132603216563,0
2018-01-04,2018,0.21725764170517126,0,0.0004052455761019803,0.0004052455761019803,1.1428245908870562,0,0.0004082158094040132,0.0006278687562751518,-0.1503730337655597,0
2018-01-05,2018,-0.7183534468363558,0,0.0003701610373774721,0.0003701610373774721,-0.0175703276649308,0,0.00036394326095298587,0.0003501985495336124,-0.266552758907799,0
2018-01-09,2018,0.3804981313416671,0,0.0003796616649879657,0.0003796616649879657,0.7779720025225364,0,0.0003737443092827267,0.0005776586529610065,-0.7227701517024046,0
2018-01-10,2018,-1.7696485520755683,0,0.0005706352073063319,0.0005706352073063319,-3.254830601538247,0,0.0005682983852915833,0.0009083191928477748,0.6497284839682846,0
2018-01-11,2018,-0.33125855004768673,0,0.0004601166389671055,0.0004601166389671055,0.054076382004241474,0,0.00045961492598833897,0.00038924861036896405,-0.0944578179416391,0
2018-01-12,2018,-0.5664527833353274,0,0.0003848755441777853,0.0003848755441777853,-1.3415856151561643,0,0.0003916877908265398,0.0005880209559264163,-0.900912839579732,0
2018-01-15,2018,-1.1523534461616247,0,0.00038167766736669703,0.00038167766736669703,-0.1773098824416136,0,0.00037420975150520786,0.0004478596490451538,-0.7135123185406125,0
2018-01-16,2018,-0.00953579778534741,0,0.0003902890450405592,0.0003902890450405592,-0.13813224373154176,0,0.00038789308500320635,0.0007094184595694094,-0.1490141083086718,0
2018-01-17,2018,-0.6454397229369195,0,0.000303362048449868,0.000303362048449868,-0.4648524464727155,0,0.0002920779998771781,0.0006064049620861341,-0.3143782102272827,0
2018-01-18,2018,-1.677377099307149,0,0.0004466339325650034,0.0004466339325650034,-2.046982343395087,0,0.00041743574510672677,0.0007647303736167502,1.5086512315611065,0
2018-01-19,2018,-0.3075343535176698,0,0.0003790909702849513,0.0003790909702849513,-0.5295451514105447,0,0.0003686160379341393,0.0004351043843353708,0.3512148248930031,0
2018-01-22,2018,1.3337524015430025,0,0.00032525857744446316,0.00032525857744446316,1.1958033809709292,0,0.00032770502420587837,0.0007393376895253776,0.5593196992372645,0
2018-01-23,2018,0.37281748618910404,0,0.00033980244356885585,0.00033980244356885585,0.11322580091814327,0,0.00030659089769869454,0.00029386442764739646,0.1686038163565986,0
2018-01-24,2018,-0.11663344366180162,0,0.00031898938004971283,0.00031898938004971283,-0.15323754831804703,0,0.0003172053897409881,0.0005015606742086146,-0.0983172748342394,0
2018-01-25,2018,0.7820963683895791,0,0.0003755173998020431,0.0003755173998020431,0.08955963690621288,0,0.00037222977893636226,0.0006866425472245158,-0.4391971445014084,0
2018-01-26,2018,1.1477702065423852,0,0.0005159690112966365,0.0005159690112966365,0.7174451243159741,0,0.0005230382848559158,0.0006912290404612169,-0.3025958536650979,0
2018-01-29,2018,-0.5297270829194833,0,0.0006583921523292592,0.0006583921523292592,-0.20093625517195912,0,0.0006597385414563625,0.0006792465653921155,0.4096294347299685,0
2018-01-30,2018,0.6652859680435208,0,0.0010546828592086423,0.0010546828592086423,0.2335221203529132,0,0.001016945686569057,0.0011196688971682963,-1.143141441493666,0
2018-01-31,2018,0.06393921645199191,0,0.0004284474557401926,0.0004284474557401926,-0.4391208502990379,0,0.00043343349783132873,0.0004529368656811906,-0.595111344685085,0
2018-02-01,2018,0.8431792970887955,0,0.001126933513925843,0.001126933513925843,0.3053102260123115,0,0.0011737602240496135,0.0012635182210999124,-1.208135104066428,0
2018-02-02,2018,0.3460637299389706,0,0.004429480139906854,0.004429480139906854,1.8739140408418535,0,0.0045528816015203265,0.004700499211991218,0.3534950121835436,0
2018-02-05,2018,-0.6366512735181582,0,0.0006067643485417055,0.0006067643485417055,-1.0665066585374048,0,0.0005952341759638167,0.000856420336539629,0.4699729053214466,0
2018-02-06,2018,-1.6193241714297766,0,0.0009676763051262138,0.0009676763051262138,-1.6280724335109789,0,0.0008922823755195175,0.001318176506065494,-2.2432017204176065,0
2018-02-07,2018,-0.522028285624232,0,0.000989118489520841,0.000989118489520841,-0.2108849771750645,0,0.0010090162223543317,0.0010397472678577067,1.1493134911143423,0
2018-02-08,2018,0.19386802961100447,0,0.0011483157947551517,0.0011483157947551517,0.36632904639039054,0,0.0011692336558910975,0.0009583826179014848,-1.3713934766495923,0
2018-02-09,2018,-1.0689141213941933,0,0.0009587807347903384,0.0009587807347903384,-0.9469874689755935,0,0.0010431633044862315,0.0008808322699406083,0.2724548453509836,0
2018-02-13,2018,0.06194446152822852,0,0.001181505901524433,0.001181505901524433,0.9581259995700642,0,0.0010491298531891894,0.0010299554810724505,-1.8336820979128816,0
2018-02-14,2018,0.5535901650007014,0,0.0009362725584665956,0.0009362725584665956,-0.6184349766466894,0,0.0007657124662724645,0.001056705988598585,-0.2683398471763651,0
2018-02-15,2018,0.37780165332922255,0,0.00137115620243616,0.00137115620243616,-0.44793534829906356,0,0.0012292850019529804,0.0013206724242576346,1.1656922663385425,0
2018-02-16,2018,-0.7352411008769569,0,0.0003333166139378556,0.0003333166139378556,-0.1033398951064986,0,0.0002898612031792127,0.0003619228541966132,-0.0152400775187953,0
2018-02-19,2018,-0.15783866093944687,0,0.0005127196693773631,0.0005127196693773631,0.40727405373347236,0,0.00039207323958533193,0.00045280152929125944,-0.2350785293371011,0
2018-02-20,2018,0.009221836754520263,0,0.0003458500665500103,0.0003458500665500103,-0.1556846638250925,0,0.00036771314814405,0.0004005631748102175,0.2941555236694461,0
2018-02-21,2018,1.4576335971718315,0,0.00036640794579975076,0.00036640794579975076,-0.18566802343956978,0,0.0003623166513509992,0.0004998516801233886,0.8442395997438854,0
2018-02-22,2018,-0.04179959507391451,0,0.00041146930373253465,0.00041146930373253465,-0.43232511685791297,0,0.00035608125511815263,0.0006595127454802326,0.3379107242715204,0
2018-02-23,2018,0.8610538149628755,0,0.00029558536005977514,0.00029558536005977514,-0.07337836347480303,0,0.00029639330146919254,0.0002981503989454811,0.8558288077311127,0
2018-02-26,2018,-1.1985011296747703,0,0.0003839771196333798,0.0003839771196333798,0.6383187744527188,0,0.0003544270156708145,0.0003661697016313525,-1.8671598550847128,0
2018-02-27,2018,-0.9902826049860838,0,0.00055897396481802,0.00055897396481802,-0.7862392245162457,0,0.0005124726794398818,0.0005402116436021968,-1.3234553521638572,0
2018-02-28,2018,0.5216210903563958,0,0.000483210941617269,0.000483210941617269,-0.28896709624994354,0,0.0004951744547890413,0.0005345833302524489,0.8419323432822741,0
2018-03-01,2018,2.7615162536125473,0,0.0007452618832398292,0.0007452618832398292,2.5738205648618093,0,0.0008206727008899857,0.0007718787289865537,0.6592868238253833,0
2018-03-02,2018,0.04119427906912776,0,0.0009250229842866807,0.0009250229842866807,-0.852953848089792,0,0.000748808426434998,0.0007213549512479474,-0.3223453421787403,0
2018-03-05,2018,-0.5784799455681884,0,0.0004106441725006658,0.0004106441725006658,-0.09255154507230727,0,0.0003894307027270985,0.0007662915668282305,1.2747416506693137,0
2018-03-06,2018,-0.031338140872037235,0,0.0004184932369259022,0.0004184932369259022,-0.7398878208332395,0,0.0003485483801613663,0.0004941086742535343,1.8686525480297227,0
2018-03-07,2018,0.7446490229901236,0,0.0004161132721072586,0.0004161132721072586,0.535002798276926,0,0.0003658593314453598,0.00040185745268972727,0.2725623764134466,0
2018-03-08,2018,1.143050984035515,0,0.000612415787662797,0.000612415787662797,-1.5727725122460012,0,0.0005691638164847302,0.0008415656110900309,0.5034350341469551,0
2018-03-09,2018,-0.022021787496533607,0,0.0005141309853651095,0.0005141309853651095,1.2899670423006582,0,0.00042924087402213646,0.0005064747723813724,0.1824126334749682,0
2018-03-12,2018,-0.36695377356322645,0,0.00038515110077969364,0.00038515110077969364,-0.702510617692808,0,0.00033230213545428606,0.0006068333920560886,-1.1659061544601672,0
2018-03-13,2018,-1.155996300244176,0,0.0004344186511814951,0.0004344186511814951,0.25929597322340536,0,0.0003374671061253026,0.0005890336095948801,-0.4362123494600391,0
2018-03-14,2018,-0.09191188397112415,0,0.0003705431297471146,0.0003705431297471146,0.6790764735382073,0,0.00035811281928341054,0.0005549071331525161,0.1536560957001154,0
2018-03-15,2018,0.5549970274394376,0,0.0005328975266355224,0.0005328975266355224,-0.5924648058545463,0,0.0005048731053027638,0.000712255360648036,0.0565182869452183,0
2018-03-16,2018,0.25340449504911206,0,0.00026039176785520526,0.00026039176785520526,0.22147610270110552,0,0.00025327178851049475,0.00027861646563197295,0.4198518332539247,0
2018-03-19,2018,-0.41015830883255,0,0.00036146516879742357,0.00036146516879742357,-1.0013063425505828,0,0.00035295616965070513,0.0005600037892780325,-0.173429761494312,0
2018-03-20,2018,-1.0223376422668702,0,0.0017027559628693743,0.0017027559628693743,-0.9046843670659523,0,0.0017396762323203495,0.0015044212784107412,-0.9947461305062976,0
2018-03-22,2018,0.041463566067988566,0,0.0003138176188767041,0.0003138176188767041,-0.13265584478730555,0,0.00030605369125382033,0.0004395609398848262,-0.4758124257189082,0
2018-03-23,2018,-0.6086924061158117,0,0.002222309515157574,0.002222309515157574,-2.6460094191591113,0,0.0012863674511097445,0.0014035211096000949,-1.981522887512483,0
2018-03-26,2018,-0.014794982127108502,0,0.0005278200285540921,0.0005278200285540921,1.2461370536940646,0,0.00046763881729644947,0.0006107516259340321,1.4861569220174995,0
2018-03-27,2018,-0.8335295545845236,0,0.0006372089760504934,0.0006372089760504934,-0.6608838489164267,0,0.00044126104255147875,0.0005790727983566319,0.2215782165493445,0
2018-03-28,2018,-2.162507238812331,0,0.000655089616438665,0.000655089616438665,-1.9263029595016967,0,0.0004214221018550689,0.0004888905323022967,0.1808718414261367,0
2018-03-29,2018,0.20410823512676285,0,0.00032199212933298763,0.00032199212933298763,0.007231057898238927,0,0.000315734023639099,0.0005031638180702909,0.060613248716889,0
2018-03-30,2018,0.01776503724857942,0,0.000318906520798306,0.000318906520798306,2.2831436436068633,0,0.00030826139551381457,0.0003011321829319576,-0.897219623582941,0
2018-04-02,2018,-1.8622351239537294,0,0.0005209990827803063,0.0005209990827803063,-0.21929603130761,0,0.0004713117695612643,0.0004599344200123924,0.9142231347130142,0
2018-04-03,2018,-0.13159206164725812,0,0.0004074271951133746,0.0004074271951133746,-0.06592338555055721,0,0.0003745844277328741,0.0007498090025288649,0.5246703848259837,0
2018-04-04,2018,0.41908041686671926,0,0.00039669708459445037,0.00039669708459445037,2.4359723212726214,0,0.0003772291276967074,0.0006970541257115386,0.1979443886752468,0
2018-04-05,2018,-0.3494672014070583,0,0.0003583882405870619,0.0003583882405870619,1.2367400481860997,0,0.00034807840199780466,0.0003541721638601474,0.0900583752362493,0
2018-04-06,2018,-2.2772638037748094,0,0.0003747490481345992,0.0003747490481345992,-3.0501836672579037,0,0.0003878364703503548,0.0007235462552301591,0.1404279990139955,0
2018-04-09,2018,-4.508950350312671,0,0.000561276091740862,0.000561276091740862,-4.987920388821241,0,0.0005540965771191515,0.0010328887180293567,-0.6780254517493274,0
2018-04-10,2018,-0.7133062974980326,0,0.0003257467331701046,0.0003257467331701046,0.05248750471782371,0,0.000317139041635649,0.0004711580558237363,-0.7325229333964123,0
2018-04-11,2018,0.25645150196033595,0,0.00042927697149790597,0.00042927697149790597,-1.001726197617016,0,0.00042428668684634733,0.0005020473261776709,3.6478010089417414,0
2018-04-12,2018,-0.7399057175147261,0,0.0006234868548637708,0.0006234868548637708,-0.2907912476030756,0,0.0006216494742430735,0.0005607506402856497,0.5641476039201848,0
2018-04-13,2018,-0.49858562740143153,0,0.00038256548835108745,0.00038256548835108745,-0.0152088845744629,0,0.00035740906709003616,0.00033451496731651563,-0.2910150625596421,0
2018-04-16,2018,-0.9607275728904514,0,0.000456863514135211,0.000456863514135211,0.7270482665021789,0,0.0004573509207884154,0.0005116173005025689,-0.7056799127112714,0
2018-04-17,2018,-0.8319931330810177,0,0.0003819023746768987,0.0003819023746768987,-1.266959658245593,0,0.00036996070417989497,0.0007098591620389986,0.8228559211340426,0
2018-04-18,2018,-0.3607801330158662,0,0.00025586683389467596,0.00025586683389467596,-0.026881829304610805,0,0.0002505994633135186,0.00034721888007531655,-0.300063202448869,0
2018-04-19,2018,-0.0438628556044906,0,0.000355839768484096,0.000355839768484096,-0.3328552912135134,0,0.0003556335970509236,0.0005152483892514893,-0.1464587581787663,0
2018-04-20,2018,1.0613231269979166,0,0.0003326335807394352,0.0003326335807394352,-0.787492914271247,0,0.0003517823036857606,0.00046271970547468567,0.7381659778643335,0
2018-04-23,2018,-0.7246887987649474,0,0.00031950704419296256,0.00031950704419296256,0.2218173380313797,0,0.00031509390624251697,0.0005269465170219933,-0.3948246857815983,0
2018-04-24,2018,-0.1334683882037162,0,0.0003942535061179283,0.0003942535061179283,1.0758120488567984,0,0.000385201416030249,0.000575233751072802,0.294017890278556,0
2018-04-25,2018,-1.2471749082222865,0,0.0005443145689918972,0.0005443145689918972,0.7917116129832787,0,0.0005354025778203171,0.000537681441557263,-0.4111116272902538,0
2018-04-26,2018,-0.3441035961613621,0,0.0007194275596719984,0.0007194275596719984,0.23584467703477419,0,0.0007152963858112782,0.0008165667369611709,-0.3116806537600282,0
2018-04-27,2018,0.9765658567749784,0,0.0003042160706352352,0.0003042160706352352,1.1298132035459418,0,0.00030770938232732803,0.00038429158910137704,0.2612815014616508,0
2018-05-01,2018,-0.15113332634504006,0,0.0004206687743930031,0.0004206687743930031,-0.06327498707171553,0,0.000414755039642886,0.0004129734012000395,0.1246357289466277,0
2018-05-02,2018,1.8767550705194793,0,0.0004410655163424279,0.0004410655163424279,1.1517834529139632,0,0.00044393974111982634,0.00043605283300110525,0.7341800772047038,0
2018-05-07,2018,1.4010966981482753,0,0.0006645112054163701,0.0006645112054163701,0.08292536309543919,0,0.0006638349463067598,0.0006669054341371729,1.0141656149086211,0
2018-05-08,2018,0.9125695248939464,0,0.0007751568402945953,0.0007751568402945953,-1.1455788334578267,0,0.0007791239788402269,0.0007645634065597519,0.871279470155346,0
2018-05-09,2018,0.3834671472371032,0,0.0008197699958926756,0.0008197699958926756,1.0855712122051187,0,0.0008138866971929425,0.0007996240176596326,-0.4096248068905825,0
2018-05-10,2018,0.6012305131968199,0,0.0010557994126548346,0.0010557994126548346,0.8361513142365268,0,0.0010586513360163576,0.0007254059151113849,0.4114672512846152,0
2018-05-11,2018,0.684252916978078,0,0.0007066093490465819,0.0007066093490465819,0.7894731878333878,0,0.0007038034767858187,0.0006780817424805736,-1.0428137823623422,0
2018-05-14,2018,-0.7450747633899274,0,0.0006379859478373854,0.0006379859478373854,-0.9128190774008993,0,0.0006348483808228927,0.00035455767694119215,0.175030499359455,0
2018-05-15,2018,0.3611876822526935,0,0.0003863659641263601,0.0003863659641263601,0.49279863143022407,0,0.0003896063092794924,0.00037633997174219263,0.5111993480729999,0
2018-05-16,2018,0.3920892398544519,0,0.0002965894427636978,0.0002965894427636978,0.05158392573451209,0,0.0002995839231040352,0.00048736096684096915,0.2625634305939915,0
2018-05-17,2018,1.1351502372275624,0,0.00035393894672008995,0.00035393894672008995,0.8299455598251158,0,0.0003585445525475736,0.0005737974876028574,2.24662381666833,0
2018-05-18,2018,0.717340770175648,0,0.00023512806250510938,0.00023512806250510938,0.9568095498662712,0,0.00022952514850246774,0.00031759975229053597,0.3414852250278362,0
2018-05-21,2018,0.44483244701535346,0,0.00029343440293788794,0.00029343440293788794,0.5332032107248631,0,0.0002846178256786792,0.0003985861579975218,-0.6889993978724327,0
2018-05-22,2018,-0.45495145106998014,0,0.0003803385145197378,0.0003803385145197378,0.08486966967452148,0,0.00037667708076691547,0.0004676863133192501,0.0927149059169591,0
2018-05-23,2018,-1.7785746205390995,0,0.0002893656380094558,0.0002893656380094558,-1.8062456786583607,0,0.0002905285896010633,0.00045851056190359703,-0.0516112440422364,0
2018-05-24,2018,-0.40658518370733177,0,0.00036263771594695517,0.00036263771594695517,-0.19339464274193466,0,0.00035071678459099964,0.0004383077691806529,-0.3287838292031618,0
2018-05-25,2018,-0.44033939900613306,0,0.00026713758235012524,0.00026713758235012524,-0.30597076440177706,0,0.00030735286088768275,0.00044856174630451357,0.9615311693975614,0
2018-05-28,2018,0.5927346653871672,0,0.00036060486446811986,0.00036060486446811986,-0.46133727205566233,0,0.00041949904306804483,0.00044752074631873215,-0.3134052111140808,0
2018-05-29,2018,1.495077464909154,0,0.0004700452638146873,0.0004700452638146873,-0.14665905285879743,0,0.0004045230022217003,0.00042405469441601264,0.0164761595330809,0
2018-05-30,2018,-0.6125423642113983,0,0.00043311790195664295,0.00043311790195664295,-0.44073767436940714,0,0.0003764484096453107,0.0002800998496133977,0.2523151794739928,0
2018-05-31,2018,-1.9443930884076932,0,0.0006208128357424325,0.0006208128357424325,-1.8502584891389964,0,0.0005884357747780055,0.0006736165150396865,-1.8319021693849376,0
2018-06-01,2018,0.22263059864482676,0,0.0003507644181813036,0.0003507644181813036,0.33506169204714087,0,0.00034024921051893544,0.0005463326747563839,-0.3880036189666062,0
2018-06-04,2018,1.1089406651280913,0,0.0003477210249037094,0.0003477210249037094,1.0825022780669586,0,0.00034374648609198185,0.00044369912072197965,-0.3417610702157544,0
2018-06-05,2018,0.4898995818101215,0,0.00041247829194157197,0.00041247829194157197,0.24519774303833985,0,0.00039912716823017343,0.0006200472531359846,-0.8953128873250227,0
2018-06-06,2018,-0.22800636875395103,0,0.0003092671245411673,0.0003092671245411673,-0.3150404155212979,0,0.00030789039544730355,0.0004510289050715538,-1.2773486892000665,0
2018-06-07,2018,-0.2752565422833507,0,0.0003257970303892481,0.0003257970303892481,-0.03557043167434648,0,0.0003322963291301655,0.0003963291048094189,-0.918808083727194,0
2018-06-08,2018,-0.7032959611554536,0,0.0002487664881597399,0.0002487664881597399,-0.7510538428240674,0,0.0002542260376031065,0.00030041109991940337,1.1441489919756436,0
2018-06-11,2018,-0.04224643940969619,0,0.0003455571619781095,0.0003455571619781095,0.06335203056578603,0,0.00035138661097000953,0.00028732424340039504,0.3654818289244858,0
2018-06-12,2018,0.6513897465806663,0,0.00032649931238712166,0.00032649931238712166,0.35417057820123066,0,0.00030604793608643644,0.00038723924758909354,-0.1083904021362911,0
2018-06-13,2018,1.4708177103717373,0,0.00039469609440610104,0.00039469609440610104,1.731807470037354,0,0.00038294289674633804,0.0004094342283453668,-0.5292358220244804,0
2018-06-14,2018,-1.8540780478614618,0,0.00046585498080149956,0.00046585498080149956,1.3877004781951237,0,0.0004537838456725822,0.0005484470777869453,0.3370860416736043,0
2018-06-15,2018,0.34755164260612137,0,0.0006055829544538917,0.0006055829544538917,0.7876061283293945,0,0.0005912604512796974,0.0007281661186804954,-0.9087474300827068,0
2018-06-18,2018,0.2546647229818496,0,0.0003157500321222835,0.0003157500321222835,0.25994462251959805,0,0.00029368274326739194,0.0002868021291978974,-0.2770275233038604,0
2018-06-19,2018,1.2320564020561389,0,0.0003358468036765149,0.0003358468036765149,1.4265947556144902,0,0.00032571499330014684,0.0004057281605240845,-1.209096261227125,0
2018-06-20,2018,0.05170737980069248,0,0.0004332605382366654,0.0004332605382366654,1.3177106685394133,0,0.0004244989223763988,0.0003754814391079337,-0.4698710726777901,0
2018-06-21,2018,-0.40790057773615773,0,0.0006266191239610611,0.0006266191239610611,-0.29803322947039224,0,0.0006612588858392974,0.0008841616698507052,-1.635807029616568,0
2018-06-22,2018,-1.967493868100794,0,0.0004054592545289518,0.0004054592545289518,-2.1112274706774814,0,0.0004064967240303514,0.00044982894416759306,-0.7142597782190945,0
2018-06-25,2018,0.868818006404883,0,0.0005547925148587034,0.0005547925148587034,0.5267283877981015,0,0.0004549286654619219,0.0005100567790400628,-0.5785296888059039,0
2018-06-26,2018,-0.14196629947201778,0,0.00031497634169188525,0.00031497634169188525,0.4523811141129539,0,0.00031426681407462363,0.0002933423706037662,0.2346330535319414,0
2018-06-27,2018,0.8791196350241993,0,0.00033258613898425683,0.00033258613898425683,-1.1674577036121279,0,0.000330491878824589,0.0003591129905962632,0.1277802615075755,0
2018-06-28,2018,-0.5914829007666258,0,0.0008068761257758978,0.0008068761257758978,-0.5194148443132738,0,0.0008745160189573523,0.00074764606478403,1.018115286610564,0
2018-06-29,2018,-0.8870896305729217,0,0.0003831742983553553,0.0003831742983553553,-1.1253881299974882,0,0.00036745914680954704,0.000402712246739501,-1.0747279230840652,0
2018-07-02,2018,0.34167504686237055,0,0.00039950290740709124,0.00039950290740709124,0.4534610132194096,0,0.0003993566289625075,0.00046609422677520274,-2.3224964048556704,0
2018-07-03,2018,0.28489514741066824,0,0.0005457525398164363,0.0005457525398164363,0.546448956616278,0,0.0006509147027633597,0.0008436195596443482,1.4013942094044711,0
2018-07-04,2018,1.718667429870826,0,0.0008008657192830654,0.0008008657192830654,1.2630277930703175,0,0.0007498818459431056,0.0007193532315284874,-2.7807554855606096,0
2018-07-05,2018,0.10435614354965095,0,0.0012848191051293525,0.0012848191051293525,0.1619738173646028,0,0.0009916096740011126,0.0013696295981401273,-1.3055712154176442,0
2018-07-06,2018,1.029670595846073,0,0.0004413690547885367,0.0004413690547885367,1.030788218683674,0,0.0003785581947419035,0.00047620842998199466,0.46155065495572,0
2018-07-09,2018,-0.5520700402780305,0,0.0004954499221090872,0.0004954499221090872,-0.47659029636466177,0,0.0003790344322190636,0.0005084591655674647,-0.4103789503596355,0
2018-07-10,2018,0.14137738197839245,0,0.00035483633713965,0.00035483633713965,0.15065681998332742,0,0.00033411592373505563,0.00031427211025170034,-0.9258989587579576,0
2018-07-11,2018,0.10512242925697368,0,0.0006045506944567827,0.0006045506944567827,0.6220230792359129,0,0.00053885994360708,0.0006343043652762334,-0.1646435831862709,0
2018-07-12,2018,2.0564225896146726,0,0.0006530112546883721,0.0006530112546883721,1.4693274559483605,0,0.0006466348533354455,0.0007244742189895083,-0.8025441979193129,0
2018-07-13,2018,0.2677211061897422,0,0.0004018318595158087,0.0004018318595158087,-0.19889780354297493,0,0.0003853258073655259,0.0004411448594225618,-0.3459725248428867,0
2018-07-17,2018,1.7454679819803398,0,0.000277694174717624,0.000277694174717624,1.6083633784952127,0,0.0002741295612022671,0.0003958280654085286,-0.6019147031259319,0
2018-07-18,2018,-1.0002420710600768,0,0.00032769099211622414,0.00032769099211622414,-0.5635427705746803,0,0.000307822613003083,0.0005318999489882135,0.0443169457089125,0
2018-07-19,2018,0.3810933991247409,0,0.0003302756945879701,0.0003302756945879701,0.42599480886262003,0,0.0003221363788922531,0.0002558678363772653,0.3176968301845563,0
2018-07-20,2018,0.2987773111701597,0,0.0003267487397421557,0.0003267487397421557,0.18301138399418004,0,0.00032069451939526074,0.0004015396933374863,-0.5957807664896757,0
2018-07-23,2018,0.7901087039887944,0,0.0003177889697123866,0.0003177889697123866,1.089703783429378,0,0.000318387524088665,0.0002934851952236037,0.1416031178614669,0
2018-07-24,2018,0.489376139027738,0,0.0003699667361050433,0.0003699667361050433,0.3301427211068295,0,0.0003921713792250413,0.00048423351296726267,0.7562422668181779,0
2018-07-25,2018,0.6352625145175916,0,0.0003476188753980849,0.0003476188753980849,0.13583156339595515,0,0.0003577085375222827,0.00030242687228665595,0.9679945123200026,0
2018-07-26,2018,0.09106683049046094,0,0.0007499413316349113,0.0007499413316349113,-0.2058791752054414,0,0.0007190040549801449,0.0006896658540332115,2.209412061408498,0
2018-07-27,2018,1.1854111864296069,0,0.0007901633809076745,0.0007901633809076745,0.7066097601620978,0,0.0007354239896148988,0.0006896539850846953,0.6852938165566318,0
2018-07-30,2018,-1.472311379243253,0,0.0008350596343919868,0.0008350596343919868,-1.193748746415088,0,0.000838883233082046,0.0009036456462224611,1.503025559917631,0
2018-07-31,2018,1.1238689062484428,0,0.000544418532547345,0.000544418532547345,1.1655414682550962,0,0.000510521824102391,0.00041395637692063825,0.7915757564200062,0
2018-08-01,2018,-0.5222120877646774,0,0.0007179646357120223,0.0007179646357120223,-0.37733214537313353,0,0.0006850431280472629,0.0005389577807023735,0.1107926821559188,0
2018-08-02,2018,-1.0509249117686568,0,0.000812451256373889,0.000812451256373889,-0.41337613188927147,0,0.0007736189151394878,0.0006715359100682928,0.1460108981575525,0
2018-08-03,2018,0.6357792905418903,0,0.0005910335383674242,0.0005910335383674242,0.97315740013875,0,0.0005902617235920846,0.000627797882193535,-0.0632883192802068,0
2018-08-06,2018,0.2616373196836508,0,0.0007243224674478249,0.0007243224674478249,0.08570531887765995,0,0.0007240411577695878,0.0007047170801111914,-1.4168776286319833,0
2018-08-07,2018,0.16537883474272386,0,0.0006258753999512497,0.0006258753999512497,-0.04945797360794643,0,0.0006257589645326682,0.0006259886973311017,-0.5711499327819037,0
2018-08-08,2018,0.45485341988383765,0,0.0009834140234932563,0.0009834140234932563,0.17021060419751421,0,0.0009880480594585677,0.0009359896319275661,-1.0722798248128924,0
2018-08-09,2018,1.5595962396163845,0,0.0014505536663095907,0.0014505536663095907,0.8467833528568951,0,0.0014716689431055149,0.0010679206625351964,0.649111246724976,0
2018-08-10,2018,0.46691963227710076,0,0.00080754060663822,0.00080754060663822,0.524211644059188,0,0.0007826957027043524,0.000799269394692669,-0.7214056883032569,0
2018-08-13,2018,-0.7330997789340511,0,0.0005026665172460456,0.0005026665172460456,-1.2750610510947962,0,0.0005933446984591698,0.0009531081854082502,0.7408060222009378,0
2018-08-14,2018,-0.1777019314913706,0,0.0004978707473730152,0.0004978707473730152,0.1399475480511838,0,0.0005447993202983446,0.0006654510371011497,-0.4162465361957044,0
2018-08-15,2018,-1.3157736513201943,0,0.00038603885862212794,0.00038603885862212794,-0.6569308635558453,0,0.00032006468697159577,0.00042488489118413576,-0.8343109618870136,0
2018-08-16,2018,0.5598513520875823,0,0.0002980087824543856,0.0002980087824543856,-0.9405114199942287,0,0.0003561588074253553,0.000458256166822881,0.8705397704267912,0
2018-08-17,2018,-0.5682640759913383,0,0.0003583898900419015,0.0003583898900419015,-0.31275944033246894,0,0.0003515727990185452,0.0007560508139015598,-1.2121480907305715,0
2018-08-20,2018,-0.4462474270907686,0,0.0005851136358141952,0.0005851136358141952,-0.287965220605384,0,0.0005046894106897421,0.00042599845625870527,-1.0870530456694911,0
2018-08-21,2018,-0.5969938325709814,0,0.0004392517310013541,0.0004392517310013541,-1.0669081798544202,0,0.000372102443127758,0.0005021214876529921,-1.0030254628242343,0
2018-08-22,2018,0.49084583411104954,0,0.0003087310866901213,0.0003087310866901213,0.5779483169398187,0,0.0002984488634302078,0.00038102248534513513,-0.8593978106292697,0
2018-08-23,2018,0.034082723816743155,0,0.0004756403696409569,0.0004756403696409569,-0.5668358048947533,0,0.0004708498056804447,0.0006527633370517566,-0.6356067953178743,0
2018-08-24,2018,1.5826390169416809,0,0.0002574511667621409,0.0002574511667621409,1.7512095707301638,0,0.0002486783467646869,0.0004452447488846604,-0.7230791764442184,0
2018-08-27,2018,-0.43970838845292637,0,0.00037040700304551556,0.00037040700304551556,-0.8412758857369339,0,0.00037548578679500697,0.0002816596136878768,2.116861568018363,0
2018-08-28,2018,-0.30439909445014346,0,0.000365948830982986,0.000365948830982986,-0.42959374669212813,0,0.00036233733680455344,0.0003552182436523242,-0.4802441384265963,0
2018-08-29,2018,-0.8008540137975688,0,0.0002902357559589189,0.0002902357559589189,-0.16000883896661827,0,0.0002585980830965513,0.00023650898913747879,-0.3825318697385528,0
2018-08-30,2018,-0.4262980933541447,0,0.0006657497812880801,0.0006657497812880801,-0.09593296626456005,0,0.0006027306494956544,0.0005238935139472916,-0.3100011899005606,0
2018-08-31,2018,-0.5135498828440661,0,0.000338915536640441,0.000338915536640441,-0.11951642236697022,0,0.0003356668141747582,0.00039137202030179103,0.7036516770311664,0
2018-09-03,2018,0.254469368446292,0,0.00038288934297622747,0.00038288934297622747,0.034718761353482175,0,0.0003820287264079846,0.0006400316919129135,0.6829750000476229,0
2018-09-04,2018,0.6480003030678552,0,0.00044992252186160277,0.00044992252186160277,0.31245402354760055,0,0.0004630827147393623,0.0007970812306800196,-0.7123444469810849,0
2018-09-05,2018,0.07601007854924269,0,0.00034069871019718406,0.00034069871019718406,-0.4349269350809879,0,0.00036198453392398953,0.0003924481243773105,-0.2938598115999007,0
2018-09-06,2018,-1.0799765667136103,0,0.0004784536102969296,0.0004784536102969296,0.344961180029785,0,0.0004336612576446205,0.0007067641825939583,0.4188822821388535,0
2018-09-07,2018,0.09744075327781676,0,0.00036441704345083605,0.00036441704345083605,0.1165899883852737,0,0.000340112806765922,0.0004951095203391105,0.1633129973040745,0
2018-09-10,2018,0.20305379865712392,0,0.00041734144389317016,0.00041734144389317016,-0.6605829261466949,0,0.0004723468839996985,0.0006812297838008735,-0.5995633602503541,0
2018-09-11,2018,-0.18018502435117623,0,0.0003976315357812497,0.0003976315357812497,0.38112365837133444,0,0.00035731041585417895,0.0004881810225664989,0.1616373638708013,0
2018-09-12,2018,-1.7746102391828216,0,0.0006648690375618168,0.0006648690375618168,-1.712193927148858,0,0.0005495238449798516,0.0008474638054166308,-1.151976638837547,0
2018-09-13,2018,0.2625863435806348,0,0.0007151476784303903,0.0007151476784303903,-1.5123485980744582,0,0.0006673631380174557,0.0009802896415160654,-0.9714590306338996,0
2018-09-14,2018,1.2241290321543312,0,0.0005353884669678699,0.0005353884669678699,0.6430050236324885,0,0.0005261982085113093,0.0006792972018443623,0.1117336823984129,0
2018-09-18,2018,0.26507915450476505,0,0.00033735922654309767,0.00033735922654309767,-0.23767002447421484,0,0.00032996383325146323,0.00036326220545917565,-0.9012991031512408,0
2018-09-19,2018,0.13744960266332074,0,0.00046288738474920346,0.00046288738474920346,0.009046098350932397,0,0.00047284601011103594,0.0005657846367813672,1.8702489406082736,0
2018-09-20,2018,-0.14300650598808762,0,0.0005872345725131899,0.0005872345725131899,-0.08683439496920586,0,0.0005737139020693285,0.0006432638609627963,0.3019964838565774,0
2018-09-21,2018,-2.287236231036519,0,0.0005437572046735266,0.0005437572046735266,-2.455643742860389,0,0.0005174797169064129,0.0006102824251592848,1.1247720178459248,0
2018-09-25,2018,-0.6903380543442861,0,0.0009675541513089732,0.0009675541513089732,-0.8832950276068439,0,0.0006703173023725916,0.0008188053066414967,-0.2028652515791935,0
2018-09-26,2018,0.6109147937844392,0,0.00033637232404616516,0.00033637232404616516,0.6092493785508165,0,0.0003463632167355515,0.000489389467214275,1.111487094692163,0
2018-09-27,2018,0.7817909481915293,0,0.00037185475425793044,0.00037185475425793044,0.5533448537173051,0,0.0003638098897752387,0.0004790816884444988,0.0497087034160127,0
2018-09-28,2018,-1.0245564867030272,0,0.00039366370331441115,0.00039366370331441115,-0.6136299248647941,0,0.00037614330486816224,0.0005405527589820713,-1.032146905817442,0
2018-10-01,2018,0.669156075393962,0,0.0005265151010077297,0.0005265151010077297,0.2351802400526446,0,0.0005124044142502329,0.0005215430553257376,0.0929331490963054,0
2018-10-02,2018,-0.6683109156283856,0,0.0003163175762417308,0.0003163175762417308,-0.13262905350022408,0,0.00030777355614390877,0.0004361120858282587,0.2621167245434038,0
2018-10-03,2018,-0.8592480384349259,0,0.00043351466858673233,0.00043351466858673233,-0.5186227684261882,0,0.00043257073220909713,0.00047649804554379373,0.5708427329561292,0
2018-10-04,2018,-0.6550882253449175,0,0.0008258792233045998,0.0008258792233045998,-1.042112712973661,0,0.0007927997559447868,0.0008877727352976398,-0.6434189996348367,0
2018-10-05,2018,0.5519940532192215,0,0.0005290982635777534,0.0005290982635777534,-0.023060452188464753,0,0.0005272985837687293,0.0006070547398595805,0.1708562355239922,0
2018-10-09,2018,-0.7010301079153463,0,0.0013643655284019168,0.0013643655284019168,0.47769926048272016,0,0.0015387940838077437,0.001518912199869598,1.7949886488648763,0
2018-10-10,2018,2.665292087223438,0,0.0006555065444924445,0.0006555065444924445,2.1292246742482304,0,0.0006254493323583955,0.0006856865993760103,-0.3529285583480079,0
2018-10-11,2018,1.4504821170230946,0,0.0005206748766273545,0.0005206748766273545,0.21219194686199705,0,0.0004946303261818716,0.000673405643135526,1.1655750783748848,0
2018-10-12,2018,-0.40517313349923356,0,0.0004883379110689114,0.0004883379110689114,-0.5745254286542445,0,0.0004544939004577121,0.0004539769359621091,-0.3569229984137407,0
2018-10-15,2018,0.5603428040563352,0,0.0008916707778201918,0.0008916707778201918,0.7996132436945773,0,0.000881641648090005,0.0008798995056327574,-0.9311585522551008,0
2018-10-16,2018,-1.2111593642472238,0,0.00037666878434410646,0.00037666878434410646,-1.3051056412043913,0,0.00034202895936267564,0.00051306350188744,-1.4465329630759067,0
2018-10-17,2018,-1.3944370694519153,0,0.0005222935518603769,0.0005222935518603769,-1.708891785281676,0,0.00032829116645728256,0.0005662205363072373,-0.5461703330496143,0
2018-10-18,2018,-0.5406867133821999,0,0.0003200946436991158,0.0003200946436991158,-0.13648205144607978,0,0.00029380598074262243,0.00040632794835201926,0.2335558356347166,0
2018-10-19,2018,0.940514062487857,0,0.0006480899554513528,0.0006480899554513528,-0.525961267461228,0,0.000865422270953473,0.0008629778816856278,-0.2240491553523842,0
2018-10-22,2018,0.1627263143372561,0,0.0003961190165784077,0.0003961190165784077,0.17148901757214213,0,0.0003852211332627171,0.0005818494454546165,-0.2932800599591187,0
2018-10-23,2018,1.0426094604452718,0,0.0009865064150743565,0.0009865064150743565,-0.6441733530439899,0,0.0016398896585384823,0.0015764871351711875,0.7295288895741292,0
2018-10-24,2018,-0.16082759490059217,0,0.0006919246321772474,0.0006919246321772474,-0.3427016904304354,0,0.0006798556526586519,0.0008529224409682636,1.3425386203280618,0
2018-10-25,2018,0.20532143350439513,0,0.001513066364263959,0.001513066364263959,0.7031893010920105,0,0.0009826181940374083,0.001444642618974508,4.324539853964632,0
2018-10-26,2018,-1.8771913426597582,0,0.0024048758467287213,0.0024048758467287213,-3.449287889125182,0,0.0021856098710386533,0.0022607575005100552,-2.360990226818817,0
2018-10-29,2018,-1.6720320092229257,0,0.002382270898066516,0.002382270898066516,-5.630422683845799,0,0.0021250182691701204,0.00252313739005382,-4.998082140726435,0
2018-10-30,2018,1.8242638873648667,0,0.0018189407813477751,0.0018189407813477751,1.0118902913465235,0,0.0013209997553833308,0.0019096391766580667,-2.2491253165614875,0
2018-10-31,2018,3.7189270685134694,0,0.0008768993898829307,0.0008768993898829307,2.536769835153322,0,0.001002781172342296,0.0011083135997263394,3.0301516410226723,0
2018-11-01,2018,1.2496794926828154,0,0.0005917044967180173,0.0005917044967180173,0.3209929325496742,0,0.0005472931968933028,0.0006788403922139502,-0.3280927696933948,0
2018-11-02,2018,-0.42877669597472723,0,0.0006396388220037524,0.0006396388220037524,0.5000946983562123,0,0.0006128025013221372,0.0008272917366246792,-0.3573422704411736,0
2018-11-05,2018,0.5070932925613357,0,0.000638372365591714,0.000638372365591714,0.7484112153890541,0,0.0006235393579597403,0.000827116101442123,0.4621499110260751,0
2018-11-06,2018,0.23048615435628106,0,0.0009401484156410483,0.0009401484156410483,-0.666359500074067,0,0.0009880899137720716,0.0014038372890332175,-0.0599223489484148,0
2018-11-07,2018,0.009577690563227409,0,0.000754740895532866,0.000754740895532866,-0.22151813178475466,0,0.0007417971571199472,0.0008466879116598164,-0.9386609330696764,0
2018-11-08,2018,0.10594572415184911,0,0.0011287855031182985,0.0011287855031182985,-0.4766083683853959,0,0.0010467768263303764,0.001309997780564053,0.96201613285822,0
2018-11-09,2018,-0.6466334152517748,0,0.000956763573404889,0.000956763573404889,-0.2785606485369807,0,0.0008463226256021734,0.0010680435301293966,-1.1323895026667352,0
2018-11-12,2018,0.9461028003484807,0,0.0007735290224749712,0.0007735290224749712,0.7574005449328356,0,0.0007588721452801359,0.000816387170989266,0.9700668096000808,0
2018-11-13,2018,-0.7609213516727968,0,0.0007382219518648158,0.0007382219518648158,0.12118689917071374,0,0.000721361681864278,0.0006998403823231947,0.6659233063701053,0
2018-11-14,2018,-1.2335698270716133,0,0.0005329898451460179,0.0005329898451460179,-0.48806069078803227,0,0.0005357273871407136,0.0007282454590391694,0.6537801806013936,0
2018-11-15,2018,0.26484774845346326,0,0.0005344621927654605,0.0005344621927654605,0.5821799706821646,0,0.0005339103066665799,0.0008852546106374509,0.188557185139099,0
2018-11-16,2018,0.9546288367601174,0,0.00045227170215117425,0.00045227170215117425,1.3965133810625443,0,0.00046345806559766633,0.000561683840949208,2.1676743564819203,0
2018-11-19,2018,-0.40653932839156126,0,0.000339902143354606,0.000339902143354606,0.25165732931460916,0,0.0003212288388558665,0.00033883388931153514,0.8449665333065781,0
2018-11-20,2018,-0.21003559333957922,0,0.0004066530172724198,0.0004066530172724198,-0.17500617051568623,0,0.00039133969993090527,0.00039101408630197465,-0.2856556192882493,0
2018-11-21,2018,0.7288403604312931,0,0.00039099052020493834,0.00039099052020493834,0.5131945357566403,0,0.00037019566775375103,0.0003571547453227769,0.2591391057833819,0
2018-11-22,2018,1.187931843658891,0,0.0003390161173689563,0.0003390161173689563,0.6796254021599306,0,0.0003998888671923249,0.0004914691187028351,0.364430538863551,0
2018-11-26,2018,2.5798390873233052,0,0.000467243685967325,0.000467243685967325,1.0854666256413275,0,0.0005354878791737666,0.0006282417494800609,1.3108262172248666,0
2018-11-27,2018,0.8925566491502487,0,0.0003776209001530228,0.0003776209001530228,1.0668088112506904,0,0.0004179687306245965,0.0004463291841518387,1.0409997383440095,0
2018-11-28,2018,0.28014995560183664,0,0.0003758530468464084,0.0003758530468464084,0.2173196229648634,0,0.00040055284654866324,0.0004208759854912555,0.1457828104982856,0
2018-11-29,2018,1.6722844388427274,0,0.0004091985294011477,0.0004091985294011477,1.8665160882995535,0,0.0004984793793084817,0.000511830976828771,0.815026383540119,0
2018-11-30,2018,-0.7500060362688892,0,0.0009165246440012785,0.0009165246440012785,-0.36020087258366074,0,0.000737878373795049,0.0007644953319159253,-0.5909100174232691,0
2018-12-03,2018,-1.718333744715018,0,0.0005327697745704746,0.0005327697745704746,-1.634988603471315,0,0.0003965275517495373,0.0004880065217169897,-0.9569094169782664,0
2018-12-04,2018,0.30909118244299316,0,0.0007548867088240139,0.0007548867088240139,-0.09249998668871617,0,0.000642273891260761,0.0006025380834103491,-0.0322280749438586,0
2018-12-05,2018,-0.5198511492995793,0,0.00042282467503891715,0.00042282467503891715,0.44536709826203497,0,0.00041345229715293596,0.0007581512487874206,2.299981943587963,0
2018-12-06,2018,1.140051126397231,0,0.0006887929582805271,0.0006887929582805271,0.08477395392124576,0,0.0008831301185297369,0.0007117354036610084,0.7639826929422355,0
2018-12-07,2018,-0.13808512603215206,0,0.0006349281371360771,0.0006349281371360771,0.1766348277889569,0,0.0006532193967203627,0.0005350449575477129,0.7351833878005412,0
2018-12-10,2018,-1.4538606072699047,0,0.0015830249801768446,0.0015830249801768446,0.02433619611625648,0,0.000989452937230296,0.0010223023115347812,-1.6296048703642692,0
2018-12-11,2018,-2.0561688453869396,0,0.0011157867368398807,0.0011157867368398807,-2.275162071272226,0,0.0007101863133612254,0.0007761232862817359,-1.85928181598494,0
2018-12-12,2018,-0.8260887541166633,0,0.0011273309242824403,0.0011273309242824403,-0.9896218017306411,0,0.0007336099298740919,0.0008606605739442312,-1.172858546891263,0
2018-12-13,2018,-1.2580625863460475,0,0.0007033169246129739,0.0007033169246129739,-0.3264114694280804,0,0.0005925811564455858,0.0009244430109314239,-0.732866960781225,0
2018-12-14,2018,-0.6702203645935887,0,0.0007770388018847533,0.0007770388018847533,-1.0137382098694445,0,0.0009239281693330206,0.0010221601440668165,-0.1022139711600589,0
2018-12-17,2018,0.4112111291312538,0,0.0004653285381699019,0.0004653285381699019,0.6035466107087383,0,0.00042282956867949596,0.00043822297859816896,0.143220754915577,0
2018-12-18,2018,1.9562499797820525,0,0.000813230697584957,0.000813230697584957,1.6351513769234813,0,0.0011945186648382434,0.0011029388238263543,1.6576535435986912,0
2018-12-19,2018,0.6864664986434397,0,0.0010200509295498557,0.0010200509295498557,0.32891387339461975,0,0.0010119201430794358,0.0009833283982333628,1.0619503757447832,0
2018-12-20,2018,4.767983511536445,0,0.001656431778988807,0.001656431778988807,4.4190025700621005,0,0.0025291191473226227,0.0021546116482607787,4.818523601296537,0
2018-12-21,2018,-2.5274981283960662,0,0.002880892513282989,0.002880892513282989,-2.574772324750572,0,0.0022001274519153056,0.00278942098834254,-2.4962940265792493,0
2018-12-25,2018,-2.693321188761482,0,0.014307121671674647,0.014307121671674647,-2.1919408334275268,0,0.009454556847224281,0.012790765184520278,-5.27069979870188,0
2018-12-26,2018,-0.12139733958769766,0,0.0010128761359640653,0.0010128761359640653,-0.04123494913641712,0,0.0006190094971887423,0.0006073968035550599,-1.0054499836590038,0
2018-12-27,2018,-0.2679527190904114,0,0.0010129459627920842,0.0010129459627920842,-0.29825079346347527,0,0.0009325886694792866,0.0010066990330078467,-0.9033735971829842,0
2018-12-28,2019,0.1612752696961639,0,0.0021047967355903308,0.0021047967355903308,-1.3563641844611634,0,0.0017460950176160946,0.001445619488977918,3.644689806007629,0
2019-01-04,2019,-2.1966889256118867,0,0.0009037193970072006,0.0009037193970072006,-2.37885755687022,0,0.0007103140639427567,0.0009074802000720753,2.2629960016650337,0
2019-01-07,2019,1.1204320200963753,0,0.0007634848752160424,0.0007634848752160424,0.9422730175589729,0,0.0004874451928663633,0.0006462271836020254,1.098728871598708,0
2019-01-08,2019,-0.9605882113645517,0,0.0008150239143147254,0.0008150239143147254,-0.9892511587004821,0,0.0005926158813206599,0.0007146203539363233,-0.0677962990041216,0
2019-01-09,2019,-0.34731860527437786,0,0.00047969362226167416,0.00047969362226167416,0.10909893229080012,0,0.00046021248473946937,0.0005747739094237369,0.8406326247608888,0
2019-01-10,2019,-0.30176944507698855,0,0.0008265562632801507,0.0008265562632801507,1.0027580928936346,0,0.0007161360747312044,0.000983916331884735,1.510361886346388,0
2019-01-11,2019,-0.13295624362390707,0,0.000440372027918687,0.000440372027918687,0.4150452603342975,0,0.00043255228114753825,0.000612981643290674,-0.4857082717650848,0
2019-01-15,2019,0.4130000897088977,0,0.00043909504456232304,0.00043909504456232304,-0.496273196411924,0,0.00045273068782016626,0.0007661535155820507,-0.1283239814127323,0
2019-01-16,2019,1.3993643764291162,0,0.0005469945974531726,0.0005469945974531726,1.2297532905746447,0,0.0004908078397914234,0.0004970794966828279,1.3284065781899266,0
2019-01-17,2019,0.8100369368868656,0,0.0004628816291502548,0.0004628816291502548,-1.6935668805999593,0,0.0004955766315271346,0.0006973449770770864,0.215304396243893,0
2019-01-18,2019,-0.8288539874901959,0,0.00046276481276212117,0.00046276481276212117,-1.2619238980459828,0,0.00033451536389573507,0.0004792694956092931,-0.6320700111464359,0
2019-01-21,2019,-0.9594139108853913,0,0.0004640179254831,0.0004640179254831,-1.1565524393282924,0,0.0003686994389064085,0.0004630282396856609,-0.594184872766333,0
2019-01-22,2019,-0.3563007192200587,0,0.0004996733089877056,0.0004996733089877056,-0.052776951243105996,0,0.00039397111540720605,0.0005881074572873407,-0.4715234038708624,0
2019-01-23,2019,-1.5919610833632292,0,0.0005656362873367544,0.0005656362873367544,0.3919304241626469,0,0.0004664210802218025,0.0006372588794227071,1.0087984736956892,0
2019-01-24,2019,0.5636613578425921,0,0.0004593599230676981,0.0004593599230676981,0.8619965041298622,0,0.0004020482984666439,0.0005042161623762401,1.203109851892297,0
2019-01-25,2019,1.46226132474079,0,0.00036511117847342234,0.00036511117847342234,-2.3730891581791735,0,0.00038010549285555134,0.0006386534442609863,-1.105938785049243,0
2019-01-28,2019,0.2738905614396576,0,0.0007572082715996745,0.0007572082715996745,0.7794226964483988,0,0.0007423604033626689,0.0010975198716189742,-0.2319854731963349,0
2019-01-29,2019,0.14079449485428008,0,0.0008035181687827794,0.0008035181687827794,1.1170965834301492,0,0.0008083663545886105,0.0011763420474101155,0.2189019089921653,0
2019-01-30,2019,0.14630853769522933,0,0.0009124655188272516,0.0009124655188272516,0.2421771118426132,0,0.0008716673695874816,0.0007834646660210899,1.1283786197809962,0
2019-01-31,2019,1.2230510522279805,0,0.0009636604696580332,0.0009636604696580332,1.326926812330354,0,0.0010136613690511363,0.0014117515455622316,0.7805844506177038,0
2019-02-01,2019,0.4893808302595556,0,0.0005356110171542589,0.0005356110171542589,1.2475860857436576,0,0.000541086667288831,0.0006293328119443852,0.4264368014217825,0
2019-02-04,2019,-1.053920044136103,0,0.0005169411740107129,0.0005169411740107129,-1.2438560276413493,0,0.0004692016227935744,0.0005525216890205401,-0.9921044978168044,0
2019-02-05,2019,-0.07651514571188378,0,0.0007256621030215711,0.0007256621030215711,-0.4948939072007189,0,0.0005885310605234979,0.0008549317350587271,-1.2885409891147537,0
2019-02-06,2019,0.16385378702612297,0,0.0011745533423193882,0.0011745533423193882,-0.9647869131812992,0,0.0010462104679422953,0.0012058397901834885,0.4684312946066153,0
2019-02-07,2019,0.6513917077410323,0,0.0012713493720288183,0.0012713493720288183,-1.000733010523955,0,0.0014066420423618198,0.0013276679759819444,0.6438131081587217,0
2019-02-08,2019,0.8360186268769778,0,0.0007858997910564925,0.0007858997910564925,0.6136004109434738,0,0.0008265125704999705,0.0010011834605118234,0.0427213459686615,0
2019-02-12,2019,1.1776916029094897,0,0.0006757530925817448,0.0006757530925817448,1.4046442267903025,0,0.0006719263525273751,0.0006571083133399566,0.3113505076939892,0
2019-02-13,2019,0.2782204408288753,0,0.000816174929601491,0.000816174929601491,0.5187677292915676,0,0.0007887087860629057,0.0006610302379489127,1.365319910912401,0
2019-02-14,2019,0.07067872871973391,0,0.000875081052113588,0.000875081052113588,0.3122306429517656,0,0.0008913429905343078,0.0008819453674664536,0.748312230101321,0
2019-02-15,2019,0.7973473668978965,0,0.0003477411666844896,0.0003477411666844896,0.4410487358498395,0,0.0003432503490349285,0.00036775075599592387,0.7104970934735022,0
2019-02-18,2019,0.40768605127507673,0,0.000315856101540999,0.000315856101540999,0.29994921170575795,0,0.0003209340463069861,0.00039463465094111594,0.1600483337349216,0
2019-02-19,2019,1.18066283460641,0,0.00028209282113423353,0.00028209282113423353,1.0389304509951334,0,0.00027800835494049426,0.00035335719225750494,0.6741767778467646,0
2019-02-20,2019,-0.32050274746366114,0,0.0003268673532546337,0.0003268673532546337,-1.1166111995292018,0,0.0003041885569152178,0.00033525240089160753,-0.964408708543663,0
2019-02-21,2019,-0.2901273510205895,0,0.0003334756996374597,0.0003334756996374597,-0.08357394277237051,0,0.0003713566709211862,0.0003702183020265298,-0.0795014508270739,0
2019-02-22,2019,-0.2075831650234306,0,0.0003131431809023964,0.0003131431809023964,-0.2756427507744045,0,0.0003008241242248141,0.0006287133415278024,0.5040050232203324,0
2019-02-25,2019,-1.3039401500390864,0,0.00038648078330784575,0.00038648078330784575,-1.8456904038578634,0,0.0004075699173522403,0.000914598917457667,-0.3794129743519485,0
2019-02-26,2019,0.4945498408136302,0,0.0004410969685159531,0.0004410969685159531,-0.03009545921669554,0,0.0004133728589309351,0.0006359194936418394,0.5213431077282105,0
2019-02-27,2019,-0.06382725373573928,0,0.000289358563365427,0.000289358563365427,0.10220917207270641,0,0.00029148344801456554,0.0004787437062996719,-0.1719457438487953,0
2019-02-28,2019,1.0205542440702016,0,0.00042962278860496714,0.00042962278860496714,0.014161970738008511,0,0.00043005119263481807,0.0006196492855378523,-1.7830332636338868,0
2019-03-01,2019,0.14601299525054312,0,0.0003435548773221711,0.0003435548773221711,1.1455942310810374,0,0.0003380426723865188,0.000526383419010202,-0.2231145750332137,0
2019-03-04,2019,-0.46262409265447246,0,0.0002674913295740042,0.0002674913295740042,0.26021140214713434,0,0.0002576128372758142,0.00023104238637908198,-0.2089471119296682,0
2019-03-05,2019,0.32748882110542166,0,0.00042101237528852233,0.00042101237528852233,0.5020958223282468,0,0.00043649740223688425,0.00042728740631569045,0.0265664220254986,0
2019-03-06,2019,1.171429399858475,0,0.0009208515912959377,0.0009208515912959377,-0.4692977759471333,0,0.0009532768521735007,0.0010355359040120043,-0.4098525621660949,0
2019-03-07,2019,-0.8906926611407504,0,0.00043742215751404226,0.00043742215751404226,-0.166293134965127,0,0.0004084746011146631,0.0004571241834683463,-0.0763288166263501,0
2019-03-08,2019,0.6258714661615374,0,0.0007236456185097337,0.0007236456185097337,0.6172111427839546,0,0.0006196691694123305,0.0005073056420544846,1.292389984209677,0
2019-03-11,2019,-0.8722878542305668,0,0.0003447437506960287,0.0003447437506960287,0.089139405292465,0,0.0003537191301795333,0.0003827498138155532,-0.4811612932958029,0
2019-03-12,2019,-0.3870159828186913,0,0.00036405846710879555,0.00036405846710879555,-0.2121434635531917,0,0.0003331712757727728,0.00047318773944917493,1.2731145989270916,0
2019-03-13,2019,-0.4791627447579112,0,0.0005400866491929162,0.0005400866491929162,-0.35547819557899585,0,0.0004629848596117821,0.0003720181609342392,0.1141777325570754,0
2019-03-14,2019,-0.7758050452513068,0,0.0007138676561105629,0.0007138676561105629,-1.1548172733772937,0,0.0006232133989031064,0.0006743404330308733,-0.3854981087773053,0
2019-03-15,2019,0.39993307894130026,0,0.0003032200126709681,0.0003032200126709681,-0.6689336303164004,0,0.0002985650729481788,0.0002978159421730919,0.0083514458744309,0
2019-03-18,2019,-0.4599034259053707,0,0.00028933459881985967,0.00028933459881985967,-0.701705244420622,0,0.0002905218495342948,0.00034019815589077137,0.2928874439019738,0
2019-03-19,2019,0.07380183971205645,0,0.0004043752458037916,0.0004043752458037916,-0.6704821033780336,0,0.00041091573974983315,0.0004294790907440098,1.4035959187175693,0
2019-03-20,2019,0.3322512234891999,0,0.0010305027077076503,0.0010305027077076503,0.3660146478826496,0,0.0008658491646162114,0.0007674763659439948,-1.333563876279226,0
2019-03-22,2019,0.24791802809876984,0,0.00099294900721956,0.00099294900721956,0.6765591544237175,0,0.0011456139845607922,0.0012088849735114773,1.0564814367191795,0
2019-03-25,2019,-1.0110403762718696,0,0.0005012884329046941,0.0005012884329046941,0.013643347193824873,0,0.0004679303156973443,0.0005809009805715879,-0.4169485723089157,0
2019-03-26,2019,-1.1991117222134995,0,0.001382231923141282,0.001382231923141282,-2.8193204075622305,0,0.0010791330446248317,0.0016407040134577182,0.1324314480909372,0
2019-03-27,2019,0.380619754450779,0,0.0003493129041629483,0.0003493129041629483,0.2062030928686963,0,0.000353823080758418,0.000477632463274473,-0.2138063577212622,0
2019-03-28,2019,-0.8947979593434918,0,0.0006472029851636832,0.0006472029851636832,2.5195138458944175,0,0.0006699132106327699,0.0005751398097007199,3.2103659392722,0
2019-03-29,2019,-0.3493358474445565,0,0.0005432292214087756,0.0005432292214087756,-2.0649236725164255,0,0.0004986676505225953,0.0006802944649126508,0.8849808227760109,0
2019-04-01,2019,-0.5473045530642997,0,0.00042585093268742666,0.00042585093268742666,0.4258352332789206,0,0.0004188973940275284,0.0005183030859579914,0.6002106276852783,0
2019-04-02,2019,0.26776880270500736,0,0.000335957825250741,0.000335957825250741,-0.23797221289261222,0,0.00033094399717264756,0.0006322041662928199,0.7168725383727467,0
2019-04-03,2019,1.0678959849052536,0,0.00033781843174585075,0.00033781843174585075,1.473932229523673,0,0.00034949695960019046,0.0004908165464392844,0.5188318104922109,0
2019-04-04,2019,0.7084733809235999,0,0.00030573082785148836,0.00030573082785148836,0.6247188130182472,0,0.00028599007049862546,0.0003197830379596157,-0.1887398062284638,0
2019-04-05,2019,0.7717709847657572,0,0.0003397962317946356,0.0003397962317946356,0.11732388826624784,0,0.00031463340775003456,0.0005393244964090877,-0.7163580282923238,0
2019-04-08,2019,0.8944697368523942,0,0.0002476884129977505,0.0002476884129977505,0.5557277994818249,0,0.00023895843776958761,0.0003000896930270529,0.7700591268221708,0
2019-04-09,2019,1.0893952784870942,0,0.00033128440511135716,0.00033128440511135716,0.24383660067925925,0,0.000330475130269351,0.0006996381428412337,-0.1030502767550705,0
2019-04-10,2019,0.11181238755357203,0,0.0002786931078917602,0.0002786931078917602,-0.2242249050394683,0,0.00027396176289649335,0.0002477586525148052,0.6032956508529972,0
2019-04-11,2019,-2.050830910571269,0,0.0008588924528647725,0.0008588924528647725,-1.537230238753641,0,0.0008046168565216334,0.0006798878235710136,-1.6581124501623008,0
2019-04-12,2019,0.7895239215396128,0,0.0003307583463032425,0.0003307583463032425,0.07281037692934417,0,0.0003316760653056755,0.0005372923327704381,0.5601342412656453,0
2019-04-15,2019,0.030222239052101862,0,0.00039781125991997083,0.00039781125991997083,-0.36549894585076126,0,0.00039770694430540156,0.0006311175213985407,-1.6443523774132114,0
2019-04-16,2019,-0.35118342368789524,0,0.000658856124683504,0.000658856124683504,-0.7408893042096301,0,0.0005827326887135442,0.0006085475889638712,0.0674315680818891,0
2019-04-17,2019,2.700883368964688,0,0.00031513290516786707,0.00031513290516786707,2.714106137287347,0,0.0003199754221066966,0.0004971072466915162,-1.5293123657082006,0
2019-04-18,2019,0.7963127982814753,0,0.0002595911915444546,0.0002595911915444546,-0.9888220470928457,0,0.000260666799004815,0.0004928120194620064,0.1082986733333259,0
2019-04-19,2019,-0.0982881663670902,0,0.0002194944314290281,0.0002194944314290281,-1.0686205542247724,0,0.0002213564174786024,0.0003764845973342399,0.587450432978404,0
2019-04-22,2019,0.0728878995243386,0,0.00035048011328187083,0.00035048011328187083,0.2928459437432367,0,0.00035117785696182934,0.0004282775097887779,-0.1191570921883792,0
2019-04-23,2019,-0.1443848065048119,0,0.0003709750874235866,0.0003709750874235866,0.2780914960755946,0,0.0003708102436126268,0.0005073553073925099,-0.132570224470589,0
2019-04-24,2019,-0.08568496650695376,0,0.0004227201155185946,0.0004227201155185946,-0.25836899561937743,0,0.0004217905403495411,0.0005581502636098938,0.8958531543323932,0
2019-04-25,2019,-1.4474871211080753,0,0.0009408768373945108,0.0009408768373945108,-0.6777967754557297,0,0.0009170244668648463,0.0011039276603599293,4.3738319645746255,0
2019-04-26,2019,0.29342857834675184,0,0.0007205925031708018,0.0007205925031708018,-0.39817138939241703,0,0.0007073031444997338,0.0009852525035505197,0.1526773557455834,0
2019-05-07,2019,-0.048711224403827025,0,0.0009431797967533499,0.0009431797967533499,0.5974470105505225,0,0.0009582741939737686,0.000955084833800938,-0.8770971259899323,0
2019-05-08,2019,-0.27883451215299165,0,0.0008201762853527477,0.0008201762853527477,-0.044697525726864154,0,0.0008142970051428309,0.0007891057219925769,-0.4463489208839907,0
2019-05-09,2019,1.0829804843701822,0,0.0013809231949749368,0.0013809231949749368,0.8358880622516391,0,0.001419723409619897,0.0015028856865601733,-0.1958003473568181,0
2019-05-10,2019,0.6358887451736664,0,0.0009955785190366598,0.0009955785190366598,0.03425144171349115,0,0.0010017716929769762,0.00079296995894836,1.083595219887017,0
2019-05-13,2019,0.6880437818367862,0,0.0012625071066961024,0.0012625071066961024,1.2684538240436443,0,0.0012083646913830521,0.0012356246754957124,0.5249649039720861,0
2019-05-14,2019,0.21358866732876192,0,0.0010179164981072091,0.0010179164981072091,1.3081857462968842,0,0.001024660848599531,0.0010274960105518878,-0.0484093180197269,0
2019-05-15,2019,-0.6294613592380716,0,0.0006437821677027967,0.0006437821677027967,0.07230059221436536,0,0.000614640955133425,0.0008235270328931072,-0.8529566187192452,0
2019-05-16,2019,0.7950645429295194,0,0.00044680177351633007,0.00044680177351633007,0.5910405705114427,0,0.00045355504746242707,0.0005629524419151491,-1.3866220646531928,0
2019-05-17,2019,-0.5750051018408378,0,0.00037321847361635526,0.00037321847361635526,0.06361487732789395,0,0.00037004690113483734,0.000518247604970981,-0.1561951483490643,0
2019-05-20,2019,-0.47162722959417996,0,0.00032229628288109796,0.00032229628288109796,0.10099955741306432,0,0.00031805482923274986,0.00045740964523567667,-0.3790667357670226,0
2019-05-21,2019,2.4928929009460163,0,0.0003852428562966252,0.0003852428562966252,3.113784413537652,0,0.00039727379819944335,0.000500649174305359,-1.766278343652994,0
2019-05-22,2019,-0.47841635576233454,0,0.00030726602811748354,0.00030726602811748354,0.23955448895654646,0,0.00029700881997602965,0.00026368624561934215,-0.896466574150037,0
2019-05-23,2019,0.394511016940107,0,0.0003804572081129469,0.0003804572081129469,0.3642731702940686,0,0.00034578464392266727,0.00046292659859458563,-0.3666069865856408,0
2019-05-24,2019,-0.16402791728612987,0,0.0004023190633593444,0.0004023190633593444,-0.5843397172805249,0,0.0003908953184523674,0.0006147382446568827,0.2149915212335019,0
2019-05-27,2019,-0.8007422686317165,0,0.00039398221311357835,0.00039398221311357835,-0.46102079071516333,0,0.00036980641326222585,0.0005326998411202866,-0.3762557359501004,0
2019-05-28,2019,2.7885071907005563,0,0.0003680947656102514,0.0003680947656102514,1.4849751789316301,0,0.000381188464077733,0.00047367334839354966,1.8067280739726248,0
2019-05-29,2019,0.44773154977678886,0,0.0003675585632956064,0.0003675585632956064,-0.13750504353709658,0,0.00040223975337057457,0.0005363043279044008,-0.2047623606641047,0
2019-05-30,2019,0.3950399754503149,0,0.0006574888706732729,0.0006574888706732729,-0.10620988996964087,0,0.0007142178170059536,0.000742380640909456,-0.7420629473779448,0
2019-05-31,2019,-3.101184615901237,0,0.0007270200947776225,0.0007270200947776225,1.907304590251569,0,0.0005227747496902404,0.0005839543521642863,3.2348656389737513,0
2019-06-03,2019,-1.3999554762525936,0,0.0016704873448343213,0.0016704873448343213,0.3580581711187696,0,0.0009143764160598314,0.0010297547659550517,1.076021536919344,0
2019-06-04,2019,-1.0944433814815389,0,0.00046098771059122973,0.00046098771059122973,-0.3844603704738352,0,0.0003842376919333289,0.0005900698989580584,-1.2359946716312455,0
2019-06-05,2019,-0.2991458114140979,0,0.0005608081932061814,0.0005608081932061814,-0.401760171165807,0,0.0004318919762410585,0.0005980706042260389,-0.8600065816229949,0
2019-06-06,2019,0.12544987500410398,0,0.0006895217278859081,0.0006895217278859081,-0.08551520302706228,0,0.0005212528897730524,0.0004704863338926964,0.6103954394465334,0
2019-06-07,2019,0.7458420965550567,0,0.00028349047734903455,0.00028349047734903455,-0.3450297015296665,0,0.00030883660274961725,0.00032173990690914005,0.8115054461631678,0
2019-06-10,2019,-0.06201668264010973,0,0.00036843564389458567,0.00036843564389458567,-0.2685255529793932,0,0.00028395474043714226,0.0005656033933515144,0.546512904211901,0
2019-06-11,2019,-1.6226598094425597,0,0.0005624097574840227,0.0005624097574840227,0.7320190259528931,0,0.0004243251987940231,0.00040640503892579573,-1.2750531654826356,0
2019-06-12,2019,-0.5331701980480026,0,0.0003135177971681003,0.0003135177971681003,-0.41673667321084884,0,0.00031495553991732657,0.00040389512148516734,-0.0322490969393514,0
2019-06-13,2019,-1.2711265277507435,0,0.00038744362781593613,0.00038744362781593613,0.6151851879976409,0,0.00037440890812693033,0.000387763628014446,-0.1523673306786017,0
2019-06-14,2019,0.8313137805293596,0,0.0004495710107698184,0.0004495710107698184,0.5833021134165048,0,0.00046256331099925866,0.0005238115133471735,-0.5110975180264596,0
2019-06-17,2019,-1.1298465672898979,0,0.0008405155718433794,0.0008405155718433794,-0.27406625479233737,0,0.0007365029700744448,0.0006594626237219908,-0.0824007407192906,0
2019-06-18,2019,-0.6873997772788348,0,0.00038869957724825283,0.00038869957724825283,0.8215098332678823,0,0.0003102844372233136,0.00047906175799759495,-0.1213737705436543,0
2019-06-19,2019,-0.5953974520795114,0,0.00048639748897383106,0.00048639748897383106,-0.11600029336438222,0,0.00043680169809475334,0.0004951920280450926,0.787681057800587,0
2019-06-20,2019,-0.3458191584974367,0,0.0002801117146003534,0.0002801117146003534,-1.6153045120050349,0,0.0002680472685484613,0.000450902224345958,1.3920632009765788,0
2019-06-21,2019,0.18882963789607599,0,0.00027431591037173825,0.00027431591037173825,0.5253770211354597,0,0.00026788274357685476,0.0002976540902102543,-0.8225668282546938,0
2019-06-24,2019,0.3883102048723994,0,0.00043432146755652767,0.00043432146755652767,0.5590215117736378,0,0.00041922223844741705,0.0007650507916731738,-0.0739327446266571,0
2019-06-25,2019,1.0810239081252342,0,0.0005333571223729083,0.0005333571223729083,0.5827211182399603,0,0.0005608906037950246,0.0007929716940457649,1.33674159965539,0
2019-06-26,2019,-0.17413209585305492,0,0.00037387964228424535,0.00037387964228424535,-0.6386580245978413,0,0.0003663970633061217,0.0011098414237186377,-0.9180473054351476,0
2019-06-27,2019,0.1664441148786091,0,0.0008353346163457701,0.0008353346163457701,1.7769326806396006,0,0.0009028196338054685,0.0010784446571338985,0.0427681362768428,0
2019-06-28,2019,-0.5036464722124014,0,0.0002874419326199945,0.0002874419326199945,-0.28264166463001117,0,0.00030457597872593603,0.0004584469782243495,0.1041165480552732,0
2019-07-01,2019,-2.345243765197017,0,0.0006284734017373926,0.0006284734017373926,-2.542341501774132,0,0.0005071301106839315,0.0011030099882766524,1.487519772379546,0
2019-07-02,2019,1.3071674995705638,0,0.0002453183591907357,0.0002453183591907357,-0.1996884457443644,0,0.00025010982300575425,0.00038892188655223877,1.5072902757007984,0
2019-07-03,2019,0.3423096143669506,0,0.00025485442192057736,0.00025485442192057736,-0.386677120014724,0,0.00023516848489138703,0.0004058819524501441,0.4756824024159097,0
2019-07-04,2019,0.05559154217013673,0,0.0004698560916338977,0.0004698560916338977,-0.14829621221261635,0,0.00035745648850683766,0.00046289795473277866,-0.4665737935661358,0
2019-07-05,2019,0.4668853254023445,0,0.00034048570755129155,0.00034048570755129155,-0.22532404882288137,0,0.00030051722906209496,0.0003325408860053445,-0.2639713422497602,0
2019-07-08,2019,0.32027728733385374,0,0.0002665250456697208,0.0002665250456697208,-0.4170170384782182,0,0.00024171534924889433,0.0002637043016615406,-0.3359015540383496,0
2019-07-09,2019,-0.21579879739155716,0,0.00032737039936162483,0.00032737039936162483,-0.5086269662811171,0,0.00032043887196713764,0.0004236102953734384,-0.5799727861865057,0
2019-07-10,2019,0.292513235399979,0,0.00039487349856141753,0.00039487349856141753,0.14539028327999248,0,0.00034782938215745387,0.00043082256706130305,-0.5822403321619136,0
2019-07-11,2019,-0.004122949673802001,0,0.0005638356205356896,0.0005638356205356896,0.3610344577558339,0,0.000533152133770105,0.000795072326060112,-0.3128290633049825,0
2019-07-12,2019,-0.05350575926561624,0,0.00028781645444209597,0.00028781645444209597,0.2778280067779193,0,0.00025346368883755736,0.0004218007680029294,0.3208809344295002,0
2019-07-16,2019,-0.5321562122883474,0,0.0009717795585378337,0.0009717795585378337,-0.0010614564980508945,0,0.0008736790070786034,0.0008145542835184002,0.2085346073405869,0
2019-07-17,2019,0.6272255904921358,0,0.0005261947567166094,0.0005261947567166094,0.06593111444954802,0,0.0006011905448550916,0.0005431525527423566,-0.2588279126433539,0
2019-07-18,2019,-0.9588856327787283,0,0.000310146120047769,0.000310146120047769,-0.3723589915955555,0,0.00027885718746362316,0.0003598362999921594,-0.6220287718195555,0
2019-07-19,2019,-0.40529026433146753,0,0.000216375452903156,0.000216375452903156,-0.15929618942229906,0,0.0002588685640626756,0.000360250114646956,0.3549647723247435,0
2019-07-22,2019,0.20075703205853862,0,0.0002485189076350056,0.0002485189076350056,0.7024555391371855,0,0.00022821341954308938,0.00039851543578793547,-0.8145421735110437,0
2019-07-23,2019,0.00156068770307638,0,0.0002529032673432888,0.0002529032673432888,0.4351683710429908,0,0.0002661779699135543,0.0004174639013932526,0.0793130982004696,0
2019-07-24,2019,-0.6307321820962648,0,0.00033744337054882344,0.00033744337054882344,-0.5333009299803664,0,0.0002977718939996251,0.0003353603907781733,-0.0027456959387448,0
2019-07-25,2019,-0.7986289387109355,0,0.0003383395309999459,0.0003383395309999459,-1.1330039271120247,0,0.00032304290044599105,0.0004651133426771332,-0.5667360792444881,0
2019-07-26,2019,-0.34004331141993893,0,0.00035358732601138096,0.00035358732601138096,-0.11321481339247075,0,0.00035462977769603807,0.0005182544222919037,-0.805224659627775,0
2019-07-29,2019,-0.06404598457809763,0,0.0005165667843909464,0.0005165667843909464,-1.190423190814055,0,0.0005053425571709685,0.0006515666852995952,-0.3793478974343561,0
2019-07-30,2019,-0.3143087231364011,0,0.0004728334298725745,0.0004728334298725745,-0.44126250085370733,0,0.0004681103082907921,0.0003988950987973635,0.1469535522598816,0
2019-07-31,2019,-1.4005772871934017,0,0.0012707894122470727,0.0012707894122470727,0.4844976683507003,0,0.0011997749386712,0.000986017148638723,-0.9810675223452217,0
2019-08-01,2019,-0.47187831222274923,0,0.0010137093993097892,0.0010137093993097892,-0.8212294645926295,0,0.0010144261080009868,0.0008684988718637141,-0.7399241497347324,0
2019-08-02,2019,0.8084196034399401,0,0.00039755513039744426,0.00039755513039744426,0.325062333933378,0,0.000393812208463288,0.0004110359811892357,-0.4915851762612405,0
2019-08-05,2019,1.2293546809588753,0,0.0006143122131260754,0.0006143122131260754,0.6826807441626281,0,0.0005924161373312297,0.0006159707887493656,-0.8768096196875661,0
2019-08-06,2019,-0.14990377218022283,0,0.0006108809079967888,0.0006108809079967888,0.3246140895832544,0,0.000597287189748435,0.00048276758701485696,-1.351806012987099,0
2019-08-07,2019,-0.633366521676539,0,0.0005848946783476008,0.0005848946783476008,-1.3505480826885905,0,0.0005818215589749705,0.0006060247629980422,0.1716276369996074,0
2019-08-08,2019,-2.7054778458676236,0,0.0010443382142861944,0.0010443382142861944,0.03387904459059099,0,0.0010876740994537396,0.0013098787725743354,-2.4411233296354737,0
2019-08-09,2019,1.9792643628100106,0,0.0006548365701876281,0.0006548365701876281,-0.21568041441139174,0,0.0006061012755468047,0.0008373018877346368,1.9963980855753305,0
2019-08-13,2019,1.210838434538594,0,0.0005198441020658927,0.0005198441020658927,0.500947739188323,0,0.0005921747709597066,0.0009149213581774862,-0.8470894735723127,0
2019-08-14,2019,-0.08841279292635526,0,0.0003303865842728033,0.0003303865842728033,0.3270503591047677,0,0.0003208384774616749,0.0006569787244587537,-0.2563404085938606,0
2019-08-15,2019,-1.066546058728337,0,0.0004089850572060979,0.0004089850572060979,-0.9001241339107121,0,0.0003551250748861145,0.0007370155247303417,0.4962946681904849,0
2019-08-16,2019,-0.5868119235410036,0,0.0004729852440317729,0.0004729852440317729,-0.943450637211178,0,0.0004354917212183075,0.0010468304748118072,0.6929502385525192,0
2019-08-19,2019,-0.7767601395899877,0,0.000346261970488103,0.000346261970488103,-0.4153821408249252,0,0.0003481422973381708,0.0005756185354168393,-0.7292980444798168,0
2019-08-20,2019,0.28293924862186803,0,0.00028807328348738614,0.00028807328348738614,-0.20967417604820415,0,0.0002626408926812193,0.0004527686078241685,0.5824084042841665,0
2019-08-21,2019,0.4076569739655511,0,0.0002395488594598642,0.0002395488594598642,-0.19493653362669555,0,0.0002135774041572455,0.00036525143560477824,0.0072547822882562,0
2019-08-22,2019,-2.5019406946509393,0,0.0006041737054345572,0.0006041737054345572,-1.5923764918678742,0,0.0006826832614130912,0.0006436630816450788,-1.405502786026409,0
2019-08-23,2019,-0.28971131048784726,0,0.00031279200042626395,0.00031279200042626395,-0.22495839513240057,0,0.00029318780853037534,0.000501910338660155,0.5192089858106357,0
2019-08-26,2019,0.9103902969528322,0,0.0003300766103055484,0.0003300766103055484,0.2702605238381633,0,0.00025735194130563187,0.0004418053248411887,-0.0152552004002741,0
2019-08-27,2019,-0.024414638977818703,0,0.00031748617099148043,0.00031748617099148043,0.510950710824466,0,0.0002863567989123448,0.000344567435952221,0.3756754151313168,0
2019-08-28,2019,2.6321800666062045,0,0.000629308514532406,0.000629308514532406,-2.925302337544727,0,0.0007219246161696898,0.0007449870019080477,0.5774664615420111,0
2019-08-29,2019,-0.20784349274957625,0,0.00029265331524723915,0.00029265331524723915,-0.3436885254620696,0,0.0003060481955161993,0.00040151564472534464,-0.0624730173195604,0
2019-08-30,2019,0.04137766722924785,0,0.0002921727154920601,0.0002921727154920601,0.16930001174202203,0,0.0002418152554181688,0.00041721787899678844,0.4424908459667137,0
2019-09-02,2019,-1.1527533556868863,0,0.00027205208261787516,0.00027205208261787516,-0.8513911260010881,0,0.00030902961385008757,0.0003962634504053622,-1.0152248261174537,0
2019-09-03,2019,1.2114459745467698,0,0.0005844818166430267,0.0005844818166430267,1.3624095252723492,0,0.0005815381846900771,0.0005375111653223395,1.2960347465846138,0
2019-09-04,2019,-0.5623096817301831,0,0.00025286426162163955,0.00025286426162163955,-0.44220605341424146,0,0.00023459960391786637,0.0002484225465860059,1.230919995764085,0
2019-09-05,2019,-0.15487413032633923,0,0.00033734502627046103,0.00033734502627046103,-0.5399512342705826,0,0.0003390450516784895,0.000544223291252205,-0.5175460134897265,0
2019-09-06,2019,4.979025214669695,0,0.0004656866856664104,0.0004656866856664104,2.971898735875574,0,0.0004971365799081211,0.0006485621146397015,2.9177787607234524,0
2019-09-09,2019,1.752932051765929,0,0.00046228672111630486,0.00046228672111630486,0.879589096668338,0,0.0005563656455610085,0.0005553382168405457,1.2439995467603415,0
2019-09-10,2019,1.4959918301175292,0,0.0003446868387872556,0.0003446868387872556,1.5169102846669453,0,0.00033792462229007486,0.0003372516871913772,0.3456053332208003,0
2019-09-11,2019,0.7502972358525071,0,0.0003382300056780662,0.0003382300056780662,1.1520987955976998,0,0.00030695148154010935,0.0003944367410519933,0.1585239915156551,0
2019-09-12,2019,-0.1601303944560325,0,0.00038719239559164263,0.00038719239559164263,-0.44029139065819856,0,0.0003827567942459459,0.0006313062135899586,0.4162370318880792,0
2019-09-13,2019,-2.00405567633847,0,0.0004968829103342038,0.0004968829103342038,-2.3236141369131382,0,0.0004348197346560813,0.00046701152416950997,1.7348216155804002,0
2019-09-17,2019,0.1775007638395334,0,0.00029285160458648066,0.00029285160458648066,-0.3566386804040751,0,0.000316472889012657,0.0004003084568493008,0.9953883367822592,0
2019-09-18,2019,0.24615601068905785,0,0.00034705832648043196,0.00034705832648043196,0.3789247654116266,0,0.00032875400681589085,0.0003890399495263859,1.0105093739948632,0
2019-09-19,2019,-0.14527520257991067,0,0.0003602864468705454,0.0003602864468705454,0.18551993814035006,0,0.00035014660579001084,0.0005722312560007185,0.7696298812132097,0
2019-09-20,2019,0.16399067837415016,0,0.00022894572448073716,0.00022894572448073716,0.918085370016577,0,0.0002128913980034507,0.00024338633540800338,0.2344972487631728,0
2019-09-24,2019,-1.3050335884779607,0,0.00026462608532156596,0.00026462608532156596,-1.3007247647975602,0,0.00026250159368375217,0.00042947543683104233,-0.7253505535392233,0
2019-09-25,2019,0.5978989153817533,0,0.000575091009784607,0.000575091009784607,0.6252229609276843,0,0.0005504070676111971,0.0006610533999910007,0.5605007130231319,0
2019-09-26,2019,0.8550101089179996,0,0.0004423710245606188,0.0004423710245606188,0.9355845946783423,0,0.00041614831261062237,0.0005245566793489828,0.1964921082006583,0
2019-09-27,2019,1.451615019532818,0,0.0006216196487071475,0.0006216196487071475,0.9058428246078296,0,0.0004832136849023374,0.000684989514908425,-0.0844692965497366,0
2019-09-30,2019,0.06539394441018143,0,0.00031801991083478526,0.00031801991083478526,0.35139702936946465,0,0.00027580749227578734,0.000358165554271951,0.2900132637218737,0
2019-10-01,2019,0.3919115682068788,0,0.0006631427065780243,0.0006631427065780243,-0.566674298349942,0,0.0005654172046470876,0.0005276703460425832,-0.518648357816164,0
2019-10-02,2019,-0.09864314042315292,0,0.00025926384229967383,0.00025926384229967383,0.23935151043094527,0,0.00025837159157207114,0.00036629848248413005,0.3528730807848554,0
2019-10-03,2019,-0.27133121276310496,0,0.0002834905304773151,0.0002834905304773151,0.054977516821848205,0,0.00021392197713923335,0.00019715240268624063,0.5863604130092366,0
2019-10-04,2019,0.3422461538244024,0,0.00044180112135880145,0.00044180112135880145,0.7664580178312139,0,0.00042200711862825876,0.0004339841006135566,-0.8416274931149685,0
2019-10-07,2019,-0.5446550002075007,0,0.00023171298344505363,0.00023171298344505363,-0.23204818484955728,0,0.00022963954936063369,0.0002503153547210841,-0.6402772614949798,0
2019-10-08,2019,0.469822963353124,0,0.0003433363422889081,0.0003433363422889081,0.5803915706415889,0,0.00029398678807396187,0.00046244074420933684,0.4525971640132749,0
2019-10-09,2019,-0.14128370789468414,0,0.0003233136011471469,0.0003233136011471469,-0.06372973750068744,0,0.0003191971081450972,0.00031559628076882834,-0.6682525706273292,0
2019-10-10,2019,0.004648047499756558,0,0.000606735001875363,0.000606735001875363,-0.16520657238155945,0,0.000561985392300375,0.0007099984963573906,0.378242407042757,0
2019-10-11,2019,-0.2950244470088046,0,0.0004330277413945073,0.0004330277413945073,-0.32819520004239033,0,0.0004221950767152888,0.0009016401820060118,0.8923777984941376,0
2019-10-15,2019,-0.16881046159729388,0,0.00031597097872353814,0.00031597097872353814,-0.25733738171527226,0,0.0002944884271706096,0.0003682057601524372,-0.5002228560895436,0
2019-10-16,2019,-1.1956908328485776,0,0.00030533188306000185,0.00030533188306000185,-0.5611052375811401,0,0.00029426599478076155,0.0004997173682939241,-1.262377898133992,0
2019-10-17,2019,-0.3054943007898443,0,0.00031667482033845284,0.00031667482033845284,-0.6703151780661676,0,0.000318857796101587,0.000341496248162823,-0.3109176719833009,0
2019-10-18,2019,-0.7550907877318941,0,0.0003187434422883751,0.0003187434422883751,-0.8581893758423446,0,0.00034324928592688623,0.0005367908809832304,0.5877622259640727,0
2019-10-21,2019,-0.5462056507719252,0,0.0003295768779086468,0.0003295768779086468,-0.2384893877368558,0,0.0003314589508946677,0.0003727447249822018,-0.1681022830345238,0
2019-10-23,2019,0.9063313607008032,0,0.0002456471933092779,0.0002456471933092779,0.7868819526485966,0,0.00024678119724896375,0.0003921010885355724,-0.8679255944541622,0
2019-10-24,2019,1.009432610251906,0,0.00034642732028879083,0.00034642732028879083,1.63630428430962,0,0.0003377056793894089,0.0007020968477857368,-1.1764277336684523,0
2019-10-25,2019,0.011074667340304822,0,0.0003242974295775809,0.0003242974295775809,0.7527251938840755,0,0.0003327050908334412,0.0006067114119765573,-0.3272992813481582,0
2019-10-28,2019,-0.3828614697288911,0,0.0006014496746641445,0.0006014496746641445,-0.5195438315008988,0,0.0006084371002837295,0.0007319929564261564,0.3203828598252208,0
2019-10-29,2019,-0.8099462530946089,0,0.0005609526508026672,0.0005609526508026672,-0.7210560323208661,0,0.0005408635184012068,0.0009450970030935871,0.6618040945052693,0
2019-10-30,2019,0.8631109201745412,0,0.0005498276605227773,0.0005498276605227773,1.538803843821589,0,0.0005327305718655318,0.0006049006106094649,0.9571645201900764,0
2019-10-31,2019,0.3159642586370395,0,0.0006568103703286608,0.0006568103703286608,0.2733705120883063,0,0.0006845175860968747,0.0007820234212898775,-0.6568329294025608,0
2019-11-01,2019,0.42017883318014754,0,0.0004440360278468874,0.0004440360278468874,0.6711170530698932,0,0.0004351485271241316,0.0006691810224377998,-1.667611552242919,0
2019-11-05,2019,-0.16460614875523533,0,0.0004352901576887667,0.0004352901576887667,-0.5142255670982361,0,0.0004083138427277309,0.0004337767915092683,-0.6853769103540324,0
2019-11-06,2019,-0.012072511963970585,0,0.0005695871129902064,0.0005695871129902064,-0.39411231482152426,0,0.0005608849050873202,0.0007218594675704915,-0.2371426483103444,0
2019-11-07,2019,1.2077192639181793,0,0.0006089969982327872,0.0006089969982327872,0.0415139685435324,0,0.0006154760555241665,0.0007749367680470048,1.108181632082046,0
2019-11-08,2019,-0.3176633044759466,0,0.0003584274576264345,0.0003584274576264345,-0.3625274651354188,0,0.0003580842121874979,0.0004506997621278447,0.4802049919558697,0
2019-11-11,2019,0.6996416552357778,0,0.0004923030835728249,0.0004923030835728249,0.009552505137019773,0,0.00048244947263494483,0.0005069896881952722,0.2425372305017552,0
2019-11-12,2019,-0.5122631167563039,0,0.0006614221915654338,0.0006614221915654338,-1.0188160911503545,0,0.000636597212311941,0.0005862192771221856,1.089793090154073,0
2019-11-13,2019,0.6267515864403326,0,0.0005811251727808753,0.0005811251727808753,1.2353535043549628,0,0.0005675054733384673,0.0006160795873491894,0.2788797807501719,0
2019-11-14,2019,0.5393837263211552,0,0.00037963669771651866,0.00037963669771651866,-0.12139737080961543,0,0.0003685098742191947,0.0006282308786936817,1.4711700105640046,0
2019-11-15,2019,-0.1817882392856668,0,0.0003098657046172698,0.0003098657046172698,-0.7378295920211763,0,0.00030247249308684027,0.0005266805872952525,0.0351506633758237,0
2019-11-18,2019,0.21553537271079215,0,0.00034619555678908087,0.00034619555678908087,0.09693563546037876,0,0.0003410331251060056,0.0003283518735566204,0.7928077456575738,0
2019-11-19,2019,-0.35199293151749833,0,0.0002473864524728663,0.0002473864524728663,-0.41246437940608066,0,0.00024469789676103977,0.0002865039721463229,0.2353204879371446,0
2019-11-20,2019,-0.33724030648038433,0,0.0002660922470560678,0.0002660922470560678,-0.2067888782755653,0,0.0002498410060497148,0.0002522097003386963,0.0763968468021727,0
2019-11-21,2019,1.943638827019527,0,0.00036439289130416465,0.00036439289130416465,2.098892407872246,0,0.0003607283902805573,0.0005122876418660599,0.446021848627818,0
2019-11-22,2019,-0.4247696792759396,0,0.0002939612855858053,0.0002939612855858053,0.20575329002174997,0,0.00029336893059961057,0.00030921224406495207,0.5875588907819853,0
2019-11-25,2019,0.38332876360969537,0,0.00030397000340802953,0.00030397000340802953,-0.13331681375475712,0,0.0003094412190233257,0.00040701441670316224,-0.3451048633737505,0
2019-11-26,2019,0.05766992678053556,0,0.00025534520614410323,0.00025534520614410323,0.40556556406524463,0,0.0002567907453757874,0.0004450132468746872,0.379803192766721,0
2019-11-27,2019,-0.4291928891605875,0,0.00022887653416881038,0.00022887653416881038,-0.4673012277929216,0,0.00022901551828242666,0.00027794838247208414,0.4388298076890622,0
2019-11-28,2019,-0.24624258890921946,0,0.0003002211875403676,0.0003002211875403676,0.28555576233970736,0,0.000288999551363815,0.00048250503676576723,-0.2969894082189929,0
2019-11-29,2019,-0.6870067355135394,0,0.00031466287813706177,0.00031466287813706177,-0.02266510723406001,0,0.0003240875839308109,0.0002961223053686458,-0.2333406209541555,0
2019-12-02,2019,-0.42670412912598815,0,0.0002735579587153641,0.0002735579587153641,0.6972167402882092,0,0.00027248153091773554,0.00032277172546407517,-0.5129454782108469,0
2019-12-03,2019,-1.22840676760789,0,0.000321394507204683,0.000321394507204683,0.15239776389904788,0,0.0003090401044099918,0.0003387555935801192,-0.2800170184330293,0
2019-12-04,2019,0.5505813462910294,0,0.00023254567219551324,0.00023254567219551324,-0.4875159460346481,0,0.0002302978336683542,0.0003020154928821253,-0.4058025951630189,0
2019-12-05,2019,0.18829343473536275,0,0.00033192024708207754,0.00033192024708207754,0.05586756730812037,0,0.0003301791494576818,0.00045386280153483153,1.1912109968905376,0
2019-12-06,2019,0.4678477983187291,0,0.00023425371888566708,0.00023425371888566708,-0.6889725139394676,0,0.00023645173615156862,0.0003053320122215153,-0.3296440964617163,0
2019-12-09,2019,1.0898127542187246,0,0.00026747239442954197,0.00026747239442954197,-0.09243063298919474,0,0.0002575443101243579,0.00024208325743460887,0.0845670528627308,0
2019-12-10,2019,0.1902018961825278,0,0.0002876003896371282,0.0002876003896371282,-0.569562485779404,0,0.0002799336055270098,0.00030734902232497694,-0.412534729545135,0
2019-12-11,2019,-0.12763624181163036,0,0.0004825840617988628,0.0004825840617988628,0.1945830594151896,0,0.0004677522153306048,0.00035396517710941516,0.5257751191043609,0
2019-12-12,2019,0.3503057156299447,0,0.00034675283940282565,0.00034675283940282565,0.47565416236726377,0,0.00034767558710598,0.0004069145130340737,0.404555362897847,0
2019-12-13,2019,0.787261553985677,0,0.00044950163875360946,0.00044950163875360946,0.9902519626005908,0,0.00044704478839002423,0.00038166143453172467,-0.5735373881662651,0
2019-12-16,2019,0.40176304645452054,0,0.00036331591978888916,0.00036331591978888916,0.5670301305049068,0,0.0003614128336272444,0.00039010723602676324,0.2921788655250346,0
2019-12-17,2019,0.6964176595328884,0,0.0002850839031355751,0.0002850839031355751,0.34961535324482973,0,0.00028343111179321624,0.0002421421796676872,-0.6069280264955244,0
2019-12-18,2019,0.1920967126637836,0,0.00032162360648174134,0.00032162360648174134,0.43205251616912405,0,0.00030981284767323084,0.00040391954001469575,0.7246721950039632,0
2019-12-19,2019,0.7636235934386792,0,0.00029597035329822385,0.00029597035329822385,0.49562719225216434,0,0.0003090983584661808,0.00036502048866726824,0.0625149436751462,0
2019-12-20,2019,-0.13825243889715477,0,0.00019943893997076794,0.00019943893997076794,0.004843118143214975,0,0.0001980821865615368,0.00030268042168291986,0.3008707855816219,0
2019-12-23,2019,0.23558033753936825,0,0.00032815319696419054,0.00032815319696419054,-0.23482356559744966,0,0.0003466157593648677,0.0005405058169095222,0.38198984423374,0
2019-12-24,2019,0.10968049337693175,0,0.0002603158485403445,0.0002603158485403445,1.0235129391019804,0,0.0002205701001838457,0.000275127808671099,-0.3703068557952411,0
2019-12-25,2019,-0.3419341518508634,0,0.000348773273650773,0.000348773273650773,0.6755042377036459,0,0.00030606152182534075,0.00045014494059133093,-0.5303721007701889,0
2019-12-26,2019,-0.016050997596363636,0,0.0003444864215639408,0.0003444864215639408,-0.47582837617137286,0,0.0003181459640372341,0.000313082094071904,-0.4762946458804827,0
2019-12-27,2019,0.11577495346719235,0,0.0006165062351339234,0.0006165062351339234,0.18604186573201353,0,0.0005801566547447429,0.0006530571245998388,-0.9790056252798708,0
2019-12-30,2020,0.7238505774250839,0,0.0004917779272814701,0.0004917779272814701,0.7534741913431269,0,0.00046785717862600566,0.0006006490129236865,1.0773491662524148,0
2020-01-06,2020,-1.1788808225996035,0,0.0005784688160473185,0.0005784688160473185,-0.589674532830796,0,0.0005655626770585684,0.0006143360358353817,-1.383535673051992,0
2020-01-07,2020,0.18449660124541767,0,0.0004855879298274504,0.0004855879298274504,0.2075629344349066,0,0.00048358869621751167,0.0007582751310692189,-1.4987099791836038,0
2020-01-08,2020,0.5371888269656684,0,0.00042939421084424564,0.00042939421084424564,1.1041559023452503,0,0.00031875998117607426,0.0004136326896281245,0.6064440026463891,0
2020-01-09,2020,0.6395802017445495,0,0.0005695204851636039,0.0005695204851636039,1.183747516520377,0,0.0005199094807465661,0.0008841774471227367,-1.2545479619644002,0
2020-01-10,2020,0.40002802311336044,0,0.00042209967626078424,0.00042209967626078424,0.4934032663088919,0,0.00039743092971203045,0.0006683536913236472,0.0831143784380817,0
2020-01-14,2020,0.6028186993533295,0,0.00030833677560306933,0.00030833677560306933,0.12524960878200742,0,0.0003004433003645879,0.0003483532764186821,0.1099618997185986,0
2020-01-15,2020,-0.4623596438344645,0,0.0002387574752140949,0.0002387574752140949,-1.2032302761227054,0,0.00023590164840915209,0.000378793591712691,0.8565746727157316,0
2020-01-16,2020,-0.09467702407555678,0,0.000275057610453987,0.000275057610453987,-0.42810470106972565,0,0.00028617845777839776,0.0005500327367114088,1.0002690480119194,0
2020-01-17,2020,-0.30271977779273995,0,0.0002692585568688101,0.0002692585568688101,0.6882660033585126,0,0.00026485096027196726,0.0005797121189765614,-0.112817014826613,0
2020-01-20,2020,0.06116400172627667,0,0.00025273700042113036,0.00025273700042113036,-0.46457877486380694,0,0.00025775087496299204,0.00028387481832939187,-1.3129312568108171,0
2020-01-21,2020,0.17155286703517736,0,0.00032819855263294096,0.00032819855263294096,-0.013594720905414803,0,0.0003278520088490878,0.00044337648119575977,-1.292823375552549,0
2020-01-22,2020,-0.10050204690596654,0,0.00035223365644024637,0.00035223365644024637,1.0397971271887119,0,0.0003387922743193812,0.00045305940032507773,-1.0064924160143114,0
2020-01-23,2020,-1.2705037691124548,0,0.0007949883510629674,0.0007949883510629674,-0.5197167820858439,0,0.0007890741393731719,0.0010473803883102703,-0.1567253635680456,0
2020-01-24,2020,0.7288000142166441,0,0.00034648677771187197,0.00034648677771187197,0.40950008666307586,0,0.0003502211068386175,0.00034186339896501795,0.6661194781764206,0
2020-01-27,2020,-2.3536646420921734,0,0.00038304644560069394,0.00038304644560069394,-2.3874188342762994,0,0.00033227994366349104,0.0006336704103749251,-0.2836251312401696,0
2020-01-28,2020,1.3644804426119763,0,0.0007184131154408992,0.0007184131154408992,-1.3961552110622608,0,0.00079200018412846,0.0009975040792117142,0.8285448009051684,0
2020-01-29,2020,-0.4384944391345885,0,0.0005758122259710658,0.0005758122259710658,0.49475637519937754,0,0.0005353659512528443,0.0005924181954264275,0.386740713219134,0
2020-01-30,2020,1.485363487588842,0,0.0005281597340278347,0.0005281597340278347,1.7444902135074292,0,0.0005666565507070208,0.000679735384009797,0.353508889960672,0
2020-01-31,2020,1.0797500774975588,0,0.0005500433584962785,0.0005500433584962785,0.7654866496916863,0,0.0005685487889254361,0.0005570064888023194,0.5376714471749746,0
2020-02-03,2020,-0.2858532052438425,0,0.0005064089450910995,0.0005064089450910995,-0.2846380435081075,0,0.0004659304693669175,0.000544552018694932,0.0043298369309201,0
2020-02-04,2020,2.135563025428922,0,0.0006653008913553086,0.0006653008913553086,1.242416839845426,0,0.0006965694907753021,0.0007969131899742078,0.977770325238744,0
2020-02-05,2020,-0.38959433810500266,0,0.0004960594777823913,0.0004960594777823913,-0.5745770554640904,0,0.0004762399266789078,0.00043597372351348733,-0.710397100926259,0
2020-02-06,2020,-1.0521567184880927,0,0.0005178259577628928,0.0005178259577628928,-1.3656836507154622,0,0.0005050839967694603,0.0005658588805810887,0.4199093226508077,0
2020-02-07,2020,0.6137182217342381,0,0.0005536143777152692,0.0005536143777152692,0.2584900711490977,0,0.0005488492746096254,0.0006337174076643626,-1.0851475219122784,0
2020-02-10,2020,0.40206437374799653,0,0.0005732539675885076,0.0005732539675885076,0.5225154022525957,0,0.000559258389388142,0.0006248035367363035,0.1315128060227084,0
2020-02-12,2020,0.5803301844257152,0,0.0007053886171179843,0.0007053886171179843,-0.4291151082283404,0,0.0006943395489229936,0.0005123439692643949,0.592630685446766,0
2020-02-13,2020,0.011178946551194446,0,0.0008452854373681005,0.0008452854373681005,-0.7428811317711341,0,0.0008335703643458448,0.0008389131431145463,-0.1137295664391153,0
2020-02-14,2020,-0.15296683017459634,0,0.000624681790048502,0.000624681790048502,1.0328279732463503,0,0.0006504186039271926,0.0007372782121272552,0.101932584389786,0
2020-02-17,2020,0.1168716342634677,0,0.00046277690753864084,0.00046277690753864084,-1.3338101480641646,0,0.0004184520068550005,0.0005331709970666087,-0.0796627840691075,0
2020-02-18,2020,0.7282044400461367,0,0.0002577606854414288,0.0002577606854414288,0.29762903478850333,0,0.0002622807257099884,0.00040814678405613444,0.4445846917660573,0
2020-02-19,2020,-0.734510913848774,0,0.00027755497244387126,0.00027755497244387126,-0.8795839143933445,0,0.00027587641003096327,0.0004845190150878002,-0.4657757016114338,0
2020-02-20,2020,2.350504013390764,0,0.0017058907597708218,0.0017058907597708218,-1.224692950326193,0,0.0019338737262559649,0.002028589127499159,-2.0016359706567037,0
2020-02-21,2020,-1.698209544010501,0,0.0003725342743796881,0.0003725342743796881,0.031089073196397532,0,0.0004013642584897388,0.0004252844991936818,0.3591724684609287,0
2020-02-25,2020,-0.212446499718566,0,0.0008537439653011147,0.0008537439653011147,-0.27646742791150913,0,0.0008380124377885963,0.0012013018674873748,-2.2623246849857868,0
2020-02-26,2020,0.841994297139582,0,0.0022959555701907814,0.0022959555701907814,-0.09822102630670848,0,0.0022769762487133303,0.002980714314170812,-2.2445665397239463,0
2020-02-27,2020,0.6017810995888349,0,0.003703439004393607,0.003703439004393607,0.4533590600195705,0,0.0031785177506173114,0.003205653609117682,5.576902459820915,0
2020-02-28,2020,1.0186552826553212,0,0.0015160189741835512,0.0015160189741835512,0.8306845521840147,0,0.00063978857264888,0.001270744727120103,-0.4976311438260712,0
2020-03-02,2020,-1.382671886660151,0,0.0007375541725360209,0.0007375541725360209,-0.3888542370746852,0,0.0003779305286423438,0.0005097637251215676,-2.253268410166254,0
2020-03-03,2020,1.0682579419114255,0,0.0005659121153261241,0.0005659121153261241,0.702372296869904,0,0.0005442514873346614,0.0008138604064192417,-0.680415821933523,0
2020-03-04,2020,0.9671145056023631,0,0.0012296862956843245,0.0012296862956843245,2.659457018578311,0,0.0011214504773803713,0.0011910804428356939,-1.2097484032787778,0
2020-03-05,2020,3.078387722252783,0,0.004695579367279251,0.004695579367279251,2.2277437116622565,0,0.0045181106634806754,0.004529130509565698,-3.885893402807626,0
2020-03-06,2020,0.4880689525825339,0,0.0034496682589923045,0.0034496682589923045,0.522214639819643,0,0.002748050728092608,0.0026202885407099717,4.5895090772271665,0
2020-03-09,2020,-2.7161795204661927,0,0.003478394953307215,0.003478394953307215,-3.0952904694084853,0,0.0019490382832387232,0.003021541176405827,-6.05193598304086,0
2020-03-10,2020,-1.3590652117223918,0,0.00577786785828085,0.00577786785828085,-1.0680826762577738,0,0.003980522274603167,0.006003704567700443,1.520214061639546,0
2020-03-11,2020,2.5811535129800305,0,0.002039732514442116,0.002039732514442116,4.142643113799565,0,0.00255794329794658,0.002946715497521562,-5.210829398577312,0
2020-03-12,2020,2.1405316160090084,0,0.003057999712754634,0.003057999712754634,2.5657635677914126,0,0.002310927124079186,0.0028391250299097167,2.893963654044377,0
2020-03-13,2020,1.402576879617623,0,0.015376020985377114,0.015376020985377114,1.386930244687246,0,0.014233940914853709,0.013088491590621941,-3.841605498417314,0
2020-03-16,2020,-2.8309571020080226,0,0.0024760116794271315,0.0024760116794271315,-2.821336121119441,0,0.0025626239749012617,0.003174790107945429,-0.312643849729014,0
2020-03-17,2020,2.5405935707516476,0,0.004551032606538808,0.004551032606538808,5.013723848728393,0,0.0041363518124169305,0.00432881203383235,-13.826128156944089,0
2020-03-18,2020,3.127058175348142,0,0.00420491264750237,0.00420491264750237,-6.863252220778107,0,0.004591681529392694,0.004232887354231108,9.280480767180524,0
2020-03-19,2020,3.2368889283598534,0,0.005156419488912691,0.005156419488912691,-14.406622171590369,0,0.006051674723338394,0.00639863553322142,18.657436371643776,0
2020-03-23,2020,6.466726258242884,0,0.004557112738849414,0.004557112738849414,9.89457827550814,0,0.0047381270871509696,0.0064259936732251055,-1.6669332551006075,0
2020-03-24,2020,-0.1570738138537937,0,0.0020778443805019938,0.0020778443805019938,-6.316434761354746,0,0.0022314655993834597,0.0033813621954495244,11.045393281940145,0
2020-03-25,2020,2.2266072809141813,0,0.002671837331315329,0.002671837331315329,1.4224950359196127,0,0.0026205216329717733,0.0025822582438369567,0.666533992066678,0
2020-03-26,2020,0.6095968913286338,0,0.001513116389459921,0.001513116389459921,1.9719404598518877,0,0.0018020057247611708,0.001969201167491571,-2.230687333210901,0
2020-03-27,2020,-0.7156942022328687,0,0.0028614519016309345,0.0028614519016309345,0.2013042781636143,0,0.0017004770406425817,0.0022286781433965334,7.719830431212268,0
2020-03-30,2020,1.3887946187956528,0,0.001370607667341711,0.001370607667341711,1.4257201235610903,0,0.0021437582666487508,0.0020119137516968737,-1.4777590821493938,0
2020-03-31,2020,2.4094971633021447,0,0.0009489818660660779,0.0009489818660660779,-0.8334723896851051,0,0.001637706482219836,0.0015059708714449606,-1.9980583405658137,0
2020-04-01,2020,2.438207717134901,0,0.0008567340878439233,0.0008567340878439233,2.4906982340528723,0,0.0009682142417097707,0.0010619032387038008,-2.3357786126270432,0
2020-04-02,2020,-1.6102654186290462,0,0.004466747995008681,0.004466747995008681,-2.0861021733252407,0,0.00387049448309714,0.003432243917186937,2.0918088996270736,0
2020-04-03,2020,-2.5354349528981652,0,0.0031664979894140684,0.0031664979894140684,-4.476911082374826,0,0.0032006413446470077,0.0028247876397253903,5.4360660184760174,0
2020-04-06,2020,-0.25833017598824926,0,0.0015613350153468365,0.0015613350153468365,-1.3027540219197222,0,0.0013160167748713328,0.0024662793884054706,-1.6461975784406495,0
2020-04-07,2020,2.029139523992467,0,0.0012989657923174233,0.0012989657923174233,1.789997921705888,0,0.0009187669346096044,0.0012116035240039664,-2.258388290200414,0
2020-04-08,2020,0.3275136002237955,0,0.000921309438663754,0.000921309438663754,-0.784679900583626,0,0.0008566895893187281,0.0013851670467320938,2.798598563947499,0
2020-04-09,2020,-1.9749024028920068,0,0.0012603866151452805,0.0012603866151452805,-0.4444024248312708,0,0.0009819495354860257,0.0015090151529860234,-1.9264986600037175,0
2020-04-10,2020,0.353235258940817,0,0.0008045053727197927,0.0008045053727197927,2.8709925632240294,0,0.0009514328096570192,0.0009688553623043076,5.443930886721096,0
2020-04-13,2020,-2.606568346492191,0,0.0014459725694281305,0.0014459725694281305,-1.986033024264001,0,0.0011024812538370026,0.001211766369701501,-4.547293168477895,0
2020-04-14,2020,-2.107310879272774,0,0.0010657974822226106,0.0010657974822226106,-1.5769883921948171,0,0.0010779410738290228,0.0012248831868659456,0.1483932165597585,0
2020-04-15,2020,-0.0019857217467947885,0,0.0007245524340487277,0.0007245524340487277,-0.7669432893794338,0,0.0007049256239582845,0.0007235905989520151,0.9411048607624511,0
2020-04-16,2020,-1.3542325584844457,0,0.0008769077106641517,0.0008769077106641517,2.1795505132521207,0,0.0008150444265287638,0.0008901332221275982,-0.3043999946782669,0
2020-04-17,2020,-3.0837056667613667,0,0.001300203681810166,0.001300203681810166,-0.3519715605683813,0,0.00107173016787449,0.0013533062626169586,3.2698728007647593,0
2020-04-20,2020,-4.500911914532903,0,0.000971022194390865,0.000971022194390865,-1.171714720206582,0,0.0009031474754161898,0.0014294339111171942,2.0634230028949525,0
2020-04-21,2020,3.638936905256732,0,0.0016629708345248999,0.0016629708345248999,1.4444133320688737,0,0.0011451794408514954,0.0014719586721792025,4.767811764405153,0
2020-04-22,2020,-1.3882487433155501,0,0.0006170719645424728,0.0006170719645424728,-0.9328401577815876,0,0.0005650402342084087,0.00096373299907373,-2.9494786887733775,0
2020-04-23,2020,0.4906463761926063,0,0.0011886157355527399,0.0011886157355527399,0.19558659252540966,0,0.000882713674279979,0.0011618942006291876,-1.6046062059935728,0
2020-04-24,2020,0.5848739905223652,0,0.0007983972585401576,0.0007983972585401576,-1.4668925518248304,0,0.0006773935992684724,0.0008341593982026535,2.572531623277762,0
2020-04-27,2020,3.6622359454195257,0,0.0010522798216425465,0.0010522798216425465,-1.4401621602536794,0,0.0011590148675620273,0.001246272782999666,-0.942068552575277,0
2020-04-28,2020,-1.708379387514026,0,0.0012226511514229774,0.0012226511514229774,-0.1998238765792273,0,0.0010572593956356706,0.001493800372097545,-1.953206524807112,0
2020-04-30,2020,-1.3687320860802057,0,0.000988210530141889,0.000988210530141889,-1.0858064952724011,0,0.0009197533494878711,0.001171600880948,1.0449360881792973,0
2020-05-01,2020,3.7478063437752764,0,0.001046658269262008,0.001046658269262008,2.345572364464027,0,0.0010688802089792015,0.0017124702461109027,6.769872085778998,0
2020-05-07,2020,3.6933781725218493,0,0.001547245123426925,0.001547245123426925,-2.4209351117134656,0,0.0016167848412244842,0.001875646918320122,7.380306653679425,0
2020-05-08,2020,-2.133494138384729,0,0.0008363054065086304,0.0008363054065086304,-1.1528539547786756,0,0.0007113452694160773,0.0009258929516840994,2.447664394281476,0
2020-05-11,2020,-0.9085211913077057,0,0.0011286872049722288,0.0011286872049722288,-0.4935022474992705,0,0.0008526551327891328,0.0009240690116443823,2.0362976585930057,0
2020-05-12,2020,-1.20340164493431,0,0.0017372226693317414,0.0017372226693317414,-0.6325324190682711,0,0.0016264866882638178,0.0016606220773333498,-1.460922741872707,0
2020-05-13,2020,-0.8179318265330431,0,0.0008703327502772651,0.0008703327502772651,-0.6121697338797945,0,0.0008415804620106343,0.001076457561528911,-1.1702282151673824,0
2020-05-14,2020,-0.4350942448275894,0,0.0011263930462145754,0.0011263930462145754,0.11953842843532736,0,0.0010595006104219737,0.0013698749765088444,-0.4252192781201005,0
2020-05-15,2020,2.4962322345439927,0,0.000714813274184496,0.000714813274184496,0.14965400573863485,0,0.0007838358156218409,0.0009610955376916926,1.5096196688314891,0
2020-05-18,2020,-0.3435688254560838,0,0.0006487750206208326,0.0006487750206208326,0.3396836413594515,0,0.0006207625512736987,0.0006461601172315871,-1.9479613514369696,0
2020-05-19,2020,0.7378184098714392,0,0.0004496487191260362,0.0004496487191260362,0.725142607277244,0,0.0004420458211902318,0.0004253196939450512,0.6995871031092824,0
2020-05-20,2020,0.0376829889447966,0,0.0005819429050502451,0.0005819429050502451,0.46383282535525594,0,0.0005377642868333731,0.0007338665858958816,-1.8681494807054289,0
2020-05-21,2020,-0.5864517837738021,0,0.0008949895044462713,0.0008949895044462713,0.6663548478152164,0,0.0009349852147114853,0.0007759005244246786,1.5969469052764982,0
2020-05-22,2020,3.595811269966424,0,0.0008729892433312643,0.0008729892433312643,3.7664952224792896,0,0.0009014435923967431,0.0009467588543036688,4.654304853000896,0
2020-05-25,2020,1.3600019639882326,0,0.0007025064528617731,0.0007025064528617731,-3.435546392728652,0,0.0007424804238415936,0.0009422600386198163,4.128136275044393,0
2020-05-26,2020,1.9259355717014395,0,0.0005506377471740819,0.0005506377471740819,2.927485706607029,0,0.000572021250330153,0.000736095882942919,0.739729677699869,0
2020-05-27,2020,3.3485404633144187,0,0.0009159514877642293,0.0009159514877642293,3.2880752541396188,0,0.0008620430509439322,0.000946821870221824,-0.5527475229947694,0
2020-05-28,2020,1.8009539206662455,0,0.0006805481770343221,0.0006805481770343221,1.4666469009960752,0,0.0006687617072286887,0.0008311560559885344,2.178379224525349,0
2020-05-29,2020,0.49989198045782945,0,0.0007473941910720972,0.0007473941910720972,-0.17465296511176298,0,0.0006179472422530731,0.0007299975216168449,0.9418380395142996,0
2020-06-01,2020,2.410446223344975,0,0.0004032702527259549,0.0004032702527259549,1.6259882816954767,0,0.00038928189015008873,0.0006070938346943753,1.6321462746902653,0
2020-06-02,2020,0.08659840253458984,0,0.0005084080271618611,0.0005084080271618611,0.18997407657574594,0,0.0004561506374401772,0.000828248872986795,0.8717282504406831,0
2020-06-03,2020,-1.497759720553922,0,0.0005523777345195367,0.0005523777345195367,-1.9141378853328133,0,0.000539176094543287,0.0006094544647366654,-1.5102020803937375,0
2020-06-04,2020,-0.3626958408821217,0,0.000841523389734747,0.000841523389734747,-0.2245759275163679,0,0.0008412466419106964,0.000844036306458029,2.25860260156049,0
2020-06-05,2020,1.7484513509553823,0,0.0004635146956988081,0.0004635146956988081,1.572108578199864,0,0.0004304706835424058,0.0006582819464681988,2.122229339516601,0
2020-06-08,2020,-0.5281800200806211,0,0.0006173339700496758,0.0006173339700496758,-0.3370045571509051,0,0.0004918856924274463,0.0005992857332924643,0.9247106294381048,0
2020-06-09,2020,4.207712322947443,0,0.0013080085637916091,0.0013080085637916091,3.5177961335149264,0,0.0014287005533712826,0.001820935869347687,-2.210790862869024,0
2020-06-10,2020,0.3106498102883335,0,0.0007950013846070501,0.0007950013846070501,-0.3465215187645323,0,0.0007940695037096722,0.0012282159188320748,-0.2779300236362818,0
2020-06-11,2020,-0.5575232719159842,0,0.0013415119230207198,0.0013415119230207198,0.5036878073085287,0,0.0015056275780389677,0.0020153777861648668,-4.689605275192115,0
2020-06-12,2020,0.10563997948959969,0,0.0025847265205806817,0.0025847265205806817,-0.33543541637894325,0,0.002483515853348037,0.002251868451945962,0.2716421635454029,0
2020-06-15,2020,-1.2680103571750285,0,0.0007275049269093627,0.0007275049269093627,-1.3119738187195922,0,0.0005017528333487696,0.0007630740063782864,-1.3228848629591197,0
2020-06-16,2020,-0.9888056878351145,0,0.0007131819935447056,0.0007131819935447056,-0.5809571961089456,0,0.00041528985088545585,0.0006545491343046909,0.7109414728940279,0
2020-06-17,2020,1.3541887191420015,0,0.0005190064497319044,0.0005190064497319044,1.1458010954539966,0,0.0004471861660222395,0.000565609753734493,-1.1773047057145671,0
2020-06-18,2020,-0.7156523503246534,0,0.00044980363888124557,0.00044980363888124557,-0.09976819580750673,0,0.0004250983382288551,0.00048303834220679874,-0.8970449939171866,0
2020-06-19,2020,0.30462325307397287,0,0.0003121134337663847,0.0003121134337663847,0.5385461200064358,0,0.0002958050368124919,0.00036392256224665454,-0.4144412443666591,0
2020-06-22,2020,-0.44421574436948474,0,0.0005165899181328237,0.0005165899181328237,0.3559969985000736,0,0.0005132774661306341,0.0005032423029527864,-2.072609709847133,0
2020-06-23,2020,0.3021527892335445,0,0.0005779613993922866,0.0005779613993922866,-0.3364736869614555,0,0.000567773007691356,0.0006647347133445171,-0.7569192570601593,0
2020-06-24,2020,-1.905217533542905,0,0.0006589892003283286,0.0006589892003283286,-0.6116606756526106,0,0.0005660304263043335,0.0004743716168928828,3.261810965363887,0
2020-06-25,2020,-0.13156677096998814,0,0.0008366101880416471,0.0008366101880416471,0.572082825096349,0,0.0008602496160166184,0.0011595334824274046,-1.1384150060972993,0
2020-06-26,2020,1.5912022226668112,0,0.0004901852309721955,0.0004901852309721955,2.397925612551732,0,0.0004645378675672786,0.0006379064714752682,1.245892045535747,0
2020-06-29,2020,0.8913456250004197,0,0.0006000014793411566,0.0006000014793411566,1.3992353280750494,0,0.0007862232956732602,0.0008351329853363013,1.1006193599242642,0
2020-06-30,2020,1.5296512689583763,0,0.0007260267214789736,0.0007260267214789736,0.8610029063981552,0,0.0008400530870288968,0.0008937257931400084,-0.2674494869406567,0
2020-07-01,2020,-0.06970125623452361,0,0.0007912952140286361,0.0007912952140286361,-3.43577821448587,0,0.0006097004760167251,0.0010871111794369403,-1.620371356849876,0
2020-07-02,2020,0.3559532461722301,0,0.0012716821080585533,0.0012716821080585533,1.8232467633750464,0,0.0008068185935409542,0.0010059741414144856,1.4230740307220595,0
2020-07-03,2020,-2.0070775901564604,0,0.0005582104232232266,0.0005582104232232266,-0.7049636283336436,0,0.0005364379514097244,0.0006664550213040291,-3.272673596654335,0
2020-07-06,2020,-0.5594290739862127,0,0.0005919084048764663,0.0005919084048764663,1.5790363698784202,0,0.0005513808371569312,0.0008171697869288531,-0.3123632512357734,0
2020-07-07,2020,0.13433649085408805,0,0.0005598123057489791,0.0005598123057489791,-0.44796618919461817,0,0.0005734872294744382,0.0007980527199158,-1.576496897216377,0
2020-07-08,2020,-0.8708755352963595,0,0.0009693603318076271,0.0009693603318076271,-0.4116293396160744,0,0.0009923639135042141,0.0010319587963991525,-1.056630150118862,0
2020-07-09,2020,-0.09035043996474013,0,0.0013567973951008302,0.0013567973951008302,2.136667608012411,0,0.0012413844000675172,0.0012043171400847312,1.801328581231294,0
2020-07-10,2020,0.10294883857871695,0,0.0004786152676440867,0.0004786152676440867,1.2731572425431754,0,0.0004747176590315961,0.0006537626724088148,0.6476875110159307,0
2020-07-13,2020,0.46936203179022096,0,0.0006965693828556884,0.0006965693828556884,1.281238590012173,0,0.0006789100793909849,0.0005890132945560101,-2.3400926491408898,0
2020-07-14,2020,0.4188921794933449,0,0.0006903076583536115,0.0006903076583536115,2.5897942726431533,0,0.0006432668872640618,0.0004891505907802646,0.5234775627308715,0
2020-07-15,2020,-0.5842658412176432,0,0.0004756364407199924,0.0004756364407199924,-1.3656020845672212,0,0.00045575427136409775,0.0006245089047246669,0.3856385056769151,0
2020-07-16,2020,-1.1547505150151187,0,0.000473737881959307,0.000473737881959307,-1.36425810888985,0,0.0004676984410316541,0.0005687765779398809,0.5180104596325603,0
2020-07-17,2020,-0.15717367127550297,0,0.0005264051491047633,0.0005264051491047633,0.585011811504087,0,0.0005236169980539341,0.000563913840952758,-1.2941408116522062,0
2020-07-20,2020,0.11729212550025281,0,0.0004723226780177747,0.0004723226780177747,0.7973158167084526,0,0.0004566042236569168,0.0006112904490209782,-0.5000570597412256,0
2020-07-21,2020,-0.8433291588379834,0,0.0005521385763726423,0.0005521385763726423,-0.12535493712259904,0,0.0005425488996352888,0.0012151736596014136,-0.0396945559100936,0
2020-07-22,2020,-0.586425942218896,0,0.0005155125942904755,0.0005155125942904755,-1.0374948361135494,0,0.0005091859029394749,0.0005792146015618913,-1.8659137798311511,0
2020-07-27,2020,-1.6603820489189292,0,0.0008365805189894774,0.0008365805189894774,-2.7562189959424837,0,0.0008033143775306067,0.0009137664893967046,-2.196543930182244,0
2020-07-28,2020,2.5190471793869205,0,0.000692296568888983,0.000692296568888983,-0.10777198402154886,0,0.0007416762162243925,0.0009300897895375478,-4.2231505344356135,0
2020-07-29,2020,1.2214262883733555,0,0.0017054823606316152,0.0017054823606316152,0.3305670783193486,0,0.002008548239676776,0.001966640743729566,-3.4334883949229527,0
2020-07-30,2020,-0.902217258996147,0,0.0018412436221932511,0.0018412436221932511,-0.5220349586098609,0,0.0014844295480236067,0.0015799136808117798,0.9952468828106364,0
2020-07-31,2020,-3.5811433966834416,0,0.002462266333527122,0.002462266333527122,-4.1690979601458755,0,0.0015612562240730034,0.0015297130512699783,0.2091187065656115,0
2020-08-03,2020,0.5559104166783642,0,0.0006098360351958784,0.0006098360351958784,1.0450894880703603,0,0.0005391752896102722,0.0005323275747504367,0.2387923965849261,0
2020-08-04,2020,-0.1864250225307813,0,0.0007415896331711728,0.0007415896331711728,-0.3784251913587483,0,0.0006792919103202687,0.0007814137383301748,1.1133406517327655,0
2020-08-05,2020,1.5239765344046468,0,0.0009034349285655999,0.0009034349285655999,0.8190945395448705,0,0.00090569094826859,0.0005707212835486779,-0.0320860426883287,0
2020-08-06,2020,2.453146533709364,0,0.0018971758911282646,0.0018971758911282646,-1.6273276731979154,0,0.00172143795942615,0.001342314741180515,4.572433360756336,0
2020-08-07,2020,3.0007484527364277,0,0.0007941794392164895,0.0007941794392164895,-0.38743133857483336,0,0.0007669497251787107,0.0007464751726274014,0.839873457801233,0
2020-08-11,2020,0.5109797334099955,0,0.00069027029918932,0.00069027029918932,1.479472385631422,0,0.0006229036929214655,0.0005213640993666185,1.7850118415888645,0
2020-08-12,2020,1.2558808213973596,0,0.0005337458480977322,0.0005337458480977322,1.6580153275029947,0,0.0004993644406654886,0.0005705187701880648,1.961037565170992,0
2020-08-13,2020,-0.5390165864731012,0,0.0006509041137420753,0.0006509041137420753,-0.8283478195068703,0,0.0006105607329219878,0.0005862404862588465,-1.2344648275658547,0
2020-08-14,2020,-1.528740054788815,0,0.0005658531981501041,0.0005658531981501041,-2.5785582845798265,0,0.0005159413657675867,0.0007901799446531441,-4.659114022531897,0
2020-08-17,2020,-0.7321784621495064,0,0.0004726854088304392,0.0004726854088304392,-0.33944409637671624,0,0.000442135621084393,0.0007059746726459041,-1.3145558942394846,0
2020-08-18,2020,0.012841668050224797,0,0.0004818860867318163,0.0004818860867318163,0.2612950703314443,0,0.00046808170247429094,0.0006605700789288362,0.3792714709849762,0
2020-08-19,2020,1.14006239004453,0,0.0003767672283887985,0.0003767672283887985,1.78280048459295,0,0.000385739838689592,0.0006905120085168654,-2.76676228940066,0
2020-08-20,2020,-1.1348341658171708,0,0.0004897996446049173,0.0004897996446049173,-3.3695162588898286,0,0.0004886325785073964,0.0013182146894404672,-2.0103552716653383,0
2020-08-21,2020,-2.6996520929601444,0,0.0005503501493379977,0.0005503501493379977,-2.4755209725871645,0,0.0005528355390057173,0.0007563576968539043,3.520270663194178,0
2020-08-24,2020,1.508919142810683,0,0.00044653228291746964,0.00044653228291746964,1.774274290184942,0,0.0004500469681934442,0.0005940537441805586,-0.6046308455243163,0
2020-08-25,2020,0.43703978709532953,0,0.000436905662777158,0.000436905662777158,0.7586841561920357,0,0.00039456790393576106,0.00046945557700022806,-0.6215296885763232,0
2020-08-26,2020,0.19179281295126627,0,0.0008085929409064669,0.0008085929409064669,-3.083755882675554,0,0.0007557819904828592,0.0013619421636031884,5.023088850994127,0
2020-08-27,2020,-2.338460796052347,0,0.0007192734208425479,0.0007192734208425479,-1.8946881395233093,0,0.000686984816998686,0.0008544221389793598,-0.0976514764048812,0
2020-08-28,2020,0.14087927039428552,0,0.000528205166168086,0.000528205166168086,0.06961593967449782,0,0.0005368742424502783,0.0008412809693444899,2.617564630005767,0
2020-08-31,2020,-0.7681351752848626,0,0.0003763646001972161,0.0003763646001972161,-0.8149139953562661,0,0.00037389719934765334,0.00032567671460825414,-1.0295913556551417,0
2020-09-01,2020,0.20519481016308827,0,0.0003519964772483802,0.0003519964772483802,0.10870694884469623,0,0.0003527901732008908,0.0005028542617977296,0.2159152123431725,0
2020-09-02,2020,0.058649025574254665,0,0.0004998557080838405,0.0004998557080838405,-0.8536495380002032,0,0.0005004802771141713,0.0008273315838360963,1.1578785865734909,0
2020-09-03,2020,-1.9160213284296714,0,0.0005808093639169207,0.0005808093639169207,-0.36903533616194706,0,0.0005835515623504724,0.000841257868760727,1.2820323571667618,0
2020-09-04,2020,1.4838286804817362,0,0.0006772228429295649,0.0006772228429295649,1.789615365163734,0,0.000646833461794657,0.000887432594129849,1.1721355884187088,0
2020-09-07,2020,-0.952208580852011,0,0.000348442641473184,0.000348442641473184,-1.1397907519300317,0,0.0003614472909740387,0.00035851125721764453,-1.198408314381643,0
2020-09-08,2020,-1.457272740128814,0,0.0003952212432049853,0.0003952212432049853,-1.0566855096404986,0,0.0003876325173112118,0.0003455233214847887,0.0599822757443193,0
2020-09-09,2020,0.315292866857807,0,0.0005064263536272512,0.0005064263536272512,0.5269747458243763,0,0.0004959085627728669,0.0004500402525000144,0.583958440676533,0
2020-09-10,2020,0.9115168027570366,0,0.0005544006850888763,0.0005544006850888763,1.1615776245163152,0,0.0005628906278071716,0.0006209960701311577,0.2819253968136495,0
2020-09-11,2020,-1.7825818371058149,0,0.00048382009417178835,0.00048382009417178835,-0.4670680929339176,0,0.00046400417463277093,0.0006240025736468069,-0.0925564709966715,0
2020-09-14,2020,-2.471006080101338,0,0.0006001637425617792,0.0006001637425617792,-0.6583144059447421,0,0.0005896111385401689,0.0007574341492916903,2.6685660010098093,0
2020-09-15,2020,-0.6372887118049411,0,0.00038278697264782603,0.00038278697264782603,-0.7654872995791334,0,0.00037039012357070506,0.0003771407805855376,0.0898109038332651,0
2020-09-16,2020,-0.11132285339997772,0,0.0004036451060472744,0.0004036451060472744,0.48876670988995463,0,0.00042688789250054323,0.0005164734391528515,-0.021376784637453,0
2020-09-17,2020,-1.1778984651296318,0,0.0006579783729793283,0.0006579783729793283,0.0969016269659061,0,0.0006485943147285126,0.0008195976343264614,1.229741581283744,0
2020-09-18,2020,1.21529386943897,0,0.0007806423139432694,0.0007806423139432694,1.77001306579789,0,0.0006901001601815361,0.0006999180486283671,1.3465691641706776,0
2020-09-23,2020,0.4721342207703607,0,0.0004533057497371731,0.0004533057497371731,1.4069172347155572,0,0.00046884969989655897,0.0006423231140017676,0.0822589097221184,0
2020-09-24,2020,1.1095829109720374,0,0.000976911306328669,0.000976911306328669,0.6109388252429437,0,0.0009499493181676561,0.0010959226564435881,-2.236433137341863,0
2020-09-25,2020,-1.2102870341746035,0,0.000633429963836365,0.000633429963836365,-0.8816924307851777,0,0.0006169335209865444,0.0007066638746498101,0.0636360572108583,0
2020-09-28,2020,-2.300467018279297,0,0.0015633231479961378,0.0015633231479961378,-2.3735713784073735,0,0.0012209961988930854,0.0016105354438697833,2.5013243053648697,0
2020-09-29,2020,0.0,0,2.489059193834406e-05,2.489059193834406e-05,0.0,0,4.221068035563143e-06,1.2381878793648468e-05,0.0,0
2020-09-30,2020,0.14306823283850179,0,0.0009016125092744315,0.0009016125092744315,0.5346586403520599,0,0.0007837855974055676,0.0012221516447037414,-1.8008004226560483,0
2020-10-02,2020,1.5766563817448649,0,0.0003526523389496209,0.0003526523389496209,0.37687256989484663,0,0.00035436018589653245,0.0004137797034166638,-0.5923078424313999,0
2020-10-05,2020,-1.123001836629898,0,0.0004115726927539843,0.0004115726927539843,0.5317136252356055,0,0.00040107347233479237,0.0005251494673886787,-0.3411051056041798,0
2020-10-06,2020,-1.071054163306333,0,0.00040327640391044767,0.00040327640391044767,-0.8579083532528263,0,0.00038404712784595907,0.0006464676789761753,0.382206050531563,0
2020-10-07,2020,1.71253251622865,0,0.000444481761621242,0.000444481761621242,1.7973935230053262,0,0.0004480457121885671,0.0007259387595105068,-1.7109227444831956,0
2020-10-08,2020,0.7181153513175694,0,0.0004334639757178726,0.0004334639757178726,0.940503325859029,0,0.00042509352818782586,0.0005882887552328317,-1.606447787427208,0
2020-10-09,2020,0.36278710601441333,0,0.00034039360729480297,0.00034039360729480297,0.5799513058865317,0,0.0003401190686275861,0.0005020441008919102,0.8887937072015937,0
2020-10-12,2020,2.747409382481607,0,0.0004832250549004407,0.0004832250549004407,2.869648708948347,0,0.000496242189426341,0.0009668128612709255,-2.878076687345877,0
2020-10-13,2020,0.23431843573293043,0,0.0005056747353730514,0.0005056747353730514,0.042404858482047336,0,0.0005195618908977871,0.0007757845961997889,-0.2623562248095767,0
2020-10-14,2020,-2.09123149030962,0,0.0007776440208920916,0.0007776440208920916,-1.0391354162697515,0,0.0007962007112325326,0.001207217017253072,0.8625825562604668,0
2020-10-15,2020,-0.08572189300601352,0,0.0008304455939976648,0.0008304455939976648,-0.6891233746870054,0,0.0006944855119276517,0.000860696045481268,-0.4724974260849688,0
2020-10-16,2020,-1.1316237919595376,0,0.0005002643330092324,0.0005002643330092324,-1.6426371140389646,0,0.0005397751364319193,0.0007355241946061326,-0.7954948155660364,0
2020-10-19,2020,-0.06482876572901874,0,0.0005046114173029878,0.0005046114173029878,0.5559458568458312,0,0.0004955418435554774,0.000769747453627657,0.0150657532576483,0
2020-10-20,2020,-2.42963099035179,0,0.0005851324141991533,0.0005851324141991533,-2.1369477257454124,0,0.0006458686140694608,0.0010168262864653102,2.7233745238883498,0
2020-10-21,2020,0.25500649540403,0,0.0004555611338761086,0.0004555611338761086,0.6798204092924186,0,0.00045324102801972066,0.0006070503941393922,-1.2156355593925932,0
2020-10-22,2020,1.0836462478624083,0,0.0005464038629652016,0.0005464038629652016,1.7370004059733326,0,0.0005499022994151521,0.00041286262298032147,-0.7759399562280851,0
2020-10-23,2020,-2.7398470581391576,0,0.0004328172572413033,0.0004328172572413033,-2.158636387359036,0,0.00042789702544769294,0.0004888728445454398,0.6207707263592883,0
2020-10-26,2020,-3.586069418066756,0,0.0005838293804228216,0.0005838293804228216,-2.8504272462449847,0,0.0005818424046063201,0.0006360656041193511,0.9464660605069176,0
2020-10-27,2020,1.1337537299853127,0,0.00044203956492774014,0.00044203956492774014,0.5300528792974593,0,0.00045101928626255076,0.0003219115750259394,2.220367739699683,0
2020-10-28,2020,0.7625466335420246,0,0.0009552434297830528,0.0009552434297830528,0.012299957526862748,0,0.0010126704570590508,0.0008818893420060398,0.0861846454671217,0
2020-10-29,2020,2.9968380108400607,0,0.000819460939856934,0.000819460939856934,1.6964717261984563,0,0.0007929395614911238,0.0008958629206762644,0.6919400646937848,0
2020-10-30,2020,-2.1315913970927944,0,0.0010223547531260863,0.0010223547531260863,-0.10228675593832759,0,0.0008312575695067381,0.0007337152666072409,3.6652889155385937,0
2020-11-02,2020,-0.9001676396361229,0,0.0009797565339654552,0.0009797565339654552,-1.075065755602872,0,0.0009736522691184548,0.0009874099859942843,1.479008016190658,0
2020-11-04,2020,0.5926651799238913,0,0.0006542501982262723,0.0006542501982262723,1.3142418758272907,0,0.0006395247284071418,0.0006996507041293924,0.5463135747678811,0
2020-11-05,2020,-1.9413407560922487,0,0.0009611182526714772,0.0009611182526714772,-0.250937632866568,0,0.0009146583989017669,0.0009741063039933776,-1.8640423656625136,0
2020-11-06,2020,5.594787763838615,0,0.002136501115474072,0.002136501115474072,3.4523878473959035,0,0.0021887864157668375,0.0024101118933332636,-2.190050597447722,0
2020-11-09,2020,-1.0899750201151104,0,0.0008172566709650278,0.0008172566709650278,-1.22076125642251,0,0.0008169273362844,0.0008772340503432143,-0.6884428310060708,0
2020-11-10,2020,0.6651743437302873,0,0.0007268590282724996,0.0007268590282724996,0.6273794472701644,0,0.0007042821091232386,0.000628653349541371,6.655883636918141,0
2020-11-11,2020,-1.069913343850676,0,0.0011954195357259622,0.0011954195357259622,-0.887388599765691,0,0.0010462029133812359,0.0010196784707370164,-1.2003570574931857,0
2020-11-12,2020,-2.731747303080022,0,0.0010599033558534123,0.0010599033558534123,-1.9507089509242646,0,0.0010172563532672683,0.000942538061319927,2.6226487878258427,0
2020-11-13,2020,-1.042505345370704,0,0.000737405975127664,0.000737405975127664,-1.0061941714906968,0,0.0006729419466021838,0.0009103449890117924,2.2715348050326867,0
2020-11-16,2020,1.0128503661323436,0,0.0004954331805897653,0.0004954331805897653,0.4314784739274246,0,0.0004297534675217049,0.0006200652964371074,1.1616432083733153,0
2020-11-17,2020,0.6660948624066733,0,0.0004246488122403617,0.0004246488122403617,0.8397150023707414,0,0.00041358125285289075,0.0006238837054316734,1.0195106015038156,0
2020-11-18,2020,0.7989064177988237,0,0.000340716321848042,0.000340716321848042,0.6475370961462987,0,0.00034838290534857297,0.0004341471333752201,0.4973853051993269,0
2020-11-19,2020,-3.2626833145202596,0,0.0006980047304763181,0.0006980047304763181,-1.1768617959944094,0,0.0006949012078695699,0.0005229152303152379,-1.202769370583098,0
2020-11-20,2020,-1.30883208167846,0,0.0004966022320580083,0.0004966022320580083,-0.31267319543419514,0,0.0004762148464928242,0.000664048186254413,-0.6464360628784801,0
2020-11-24,2020,0.9737879977822358,0,0.0004585315108573363,0.0004585315108573363,0.0701558233567614,0,0.0004613466853915318,0.0005956375682678376,-0.3882696306809772,0
2020-11-25,2020,-1.6596624649769267,0,0.0005125873058326589,0.0005125873058326589,-1.3187006617224628,0,0.0005463135602100453,0.0008364170975550764,0.6343310336329948,0
2020-11-26,2020,-0.5333415115092048,0,0.001129223681855947,0.001129223681855947,-2.2339540713239274,0,0.0010863650302575213,0.0013212121931459326,-2.181725732595228,0
2020-11-27,2020,-0.027609567593371853,0,0.0005370814154435356,0.0005370814154435356,-0.038400928508337095,0,0.000564187464919675,0.0006304621401849144,-0.3407412754870615,0
2020-11-30,2020,1.1897101952127582,0,0.00042515184369392654,0.00042515184369392654,-0.5286835601162142,0,0.0004146177218262749,0.00048370060109397613,1.1603730527580487,0
2020-12-01,2020,0.14014261710918924,0,0.0005242358086704337,0.0005242358086704337,-0.5978410052695029,0,0.0005181357279467514,0.0006551556671976877,-1.4180934891171546,0
2020-12-02,2020,-0.1639632693737093,0,0.0004898878642208481,0.0004898878642208481,1.588528968714384,0,0.00047245079814639665,0.0005415308451013043,-1.5387187649730047,0
2020-12-03,2020,-0.4951479277876416,0,0.0007048056764886374,0.0007048056764886374,-0.8107175312683741,0,0.0007269693538540681,0.0008797314666237353,-2.2104319213287806,0
2020-12-04,2020,2.1809661106938667,0,0.00040450458301866305,0.00040450458301866305,2.0450654258186143,0,0.0004038337988326033,0.0006273980295553814,-0.5805569558381556,0
2020-12-07,2020,-1.8690548815573926,0,0.0005282929202628854,0.0005282929202628854,-1.4862375508189793,0,0.00048196472260669636,0.0011237442988284976,-2.274957021020115,0
2020-12-08,2020,-0.2858047706921608,0,0.00037174401491459557,0.00037174401491459557,-0.9809604572800075,0,0.0003852533396014575,0.0005678108554026083,0.743109613090213,0
2020-12-09,2020,-0.16709698278725127,0,0.0005273399941895191,0.0005273399941895191,-0.8564439522659022,0,0.0005386453179622355,0.0004887290864596751,3.630539149506033,0
2020-12-10,2020,0.07995254366016935,0,0.0005345297877866923,0.0005345297877866923,-0.07021045708806262,0,0.0005218643745538735,0.0006339000649190892,-1.2343559882852402,0
2020-12-11,2020,-0.011469523778689289,0,0.00044938158596399754,0.00044938158596399754,0.6137153113625693,0,0.00044644142876854796,0.00039960681217099874,1.4396142816871629,0
2020-12-14,2020,-0.22485835910584492,0,0.0005231253026544862,0.0005231253026544862,-0.21332776844424622,0,0.0005089917309584446,0.0006366839536150874,-1.6670906619316153,0
2020-12-15,2020,1.1079175801518055,0,0.0004886279554436337,0.0004886279554436337,-2.7194864344848897,0,0.0004944703979259695,0.0008835299114893739,1.8654983419711268,0
2020-12-16,2020,-0.19525126697378845,0,0.00037878210871706034,0.00037878210871706034,-0.2193107602581319,0,0.0003753669855016819,0.0004685462975562758,-0.1703247596773327,0
2020-12-17,2020,-0.6289274798809334,0,0.0003604662190095384,0.0003604662190095384,-0.1103400897303915,0,0.00035959854504542696,0.000510829368827221,-0.1870762961012382,0
2020-12-18,2020,-0.991048628825566,0,0.000972884938455053,0.000972884938455053,-0.6235232901572765,0,0.0009696929502949826,0.001025801150206613,-2.5835197995886015,0
2020-12-21,2020,-0.24253822850225842,0,0.0003883131181380416,0.0003883131181380416,-0.4159993287697621,0,0.00038552845517675235,0.0003848074619604397,2.1449750675528483,0
2020-12-22,2020,-1.1743047852762265,0,0.00045327103064433623,0.00045327103064433623,-1.0715143652325714,0,0.0003711374259598419,0.0005351672003026892,0.6903674025461333,0
2020-12-23,2020,-0.6511801560699649,0,0.0003798400121561325,0.0003798400121561325,-0.6562189433157789,0,0.00035982161523407063,0.00035738323173291857,0.0324199022421225,0
2020-12-24,2020,-1.6290350970846736,0,0.0004260458562124246,0.0004260458562124246,-1.652061702305459,0,0.00040972954943240366,0.00035371832367722217,-0.6092424837941708,0
2020-12-25,2020,1.4162522580813666,0,0.0005195920461637006,0.0005195920461637006,-1.68807069033619,0,0.0005685021961688607,0.0007096096836730837,1.0463140609779482,0
2020-12-28,2020,0.03976524189990027,0,0.00034330164522853587,0.00034330164522853587,0.2222575530926525,0,0.00034521789653590415,0.00032848633562399893,-0.8495509842463468,0
2020-12-29,2020,0.19495151970508284,0,0.0006850041400980345,0.0006850041400980345,-1.2406779234882945,0,0.0006498629251149292,0.0007102031846649321,0.7994203487225633,0
2020-12-30,2021,0.25045468621908684,0,0.0003705219223950327,0.0003705219223950327,-0.6861309425929882,0,0.00035698266439118507,0.0003915505015948678,-0.6240757958840353,0
2021-01-04,2021,0.1907649431441636,0,0.0004219224195780086,0.0004219224195780086,-1.698167416295431,0,0.0004337102113527092,0.0006203686345738977,-1.476081932594158,0
2021-01-05,2021,1.0743157155080605,0,0.0005145937745580305,0.0005145937745580305,0.17884613941054806,0,0.0005157617449310711,0.0006315200013251013,-0.1979142341507314,0
2021-01-06,2021,-1.530635311306502,0,0.0005553015159392923,0.0005553015159392923,-1.534486002522938,0,0.0005627315844587938,0.0009422400578860783,0.4610910795753153,0
2021-01-07,2021,-0.7693874391884719,0,0.0005659292958016939,0.0005659292958016939,0.48318849354860494,0,0.0005587735090699695,0.0007087297583051545,-1.7883862417716996,0
2021-01-08,2021,0.6965388708994062,0,0.0005482827197781163,0.0005482827197781163,0.22353482688787008,0,0.0005585493902103954,0.0007874951503204251,1.4502220429035442,0
2021-01-12,2021,-1.3652669475716201,0,0.000514364059717873,0.000514364059717873,-0.224509874873971,0,0.0004895135002785299,0.0005020397551856765,0.1596147745907883,0
2021-01-13,2021,0.0415058178344494,0,0.0007098852373781745,0.0007098852373781745,0.9840963223777983,0,0.0006287146582165715,0.0006669914114819565,-1.166247957366952,0
2021-01-14,2021,0.5028663365077488,0,0.0004598931521693666,0.0004598931521693666,1.1114388925943235,0,0.0004401089124831434,0.0007340248994256053,0.2509234939751941,0
2021-01-15,2021,-2.8938192270207086,0,0.0004500165467850423,0.0004500165467850423,-0.6046458267742014,0,0.0004120173706539578,0.0005088709496233229,0.5381370914622502,0
2021-01-18,2021,-0.8426765651418342,0,0.00040555779163539165,0.00040555779163539165,-0.9847636110106097,0,0.00039668372753606145,0.0005568892901745193,-0.2476322458356454,0
2021-01-19,2021,-0.9373823700580207,0,0.00039798716239199334,0.00039798716239199334,-0.1949167091880174,0,0.0003972251923049039,0.0004883717819648823,-0.5875795202896734,0
2021-01-20,2021,-0.5539988199399779,0,0.0004259804581300452,0.0004259804581300452,-0.07856956149290562,0,0.0004083909393434772,0.0004938506674431877,0.1700537765493137,0
2021-01-21,2021,-0.9114320168278349,0,0.0005084429450093003,0.0005084429450093003,-0.01810290920367197,0,0.00051771246180402,0.000815310538559686,-0.076758026474873,0
2021-01-22,2021,1.1040409599052303,0,0.00047825867057858145,0.00047825867057858145,0.8377906847531796,0,0.0004703943956133019,0.0005040143809126561,0.1753170496492621,0
2021-01-25,2021,0.21667843237712192,0,0.0004032346001970302,0.0004032346001970302,-0.3900158197595853,0,0.0004132471911459786,0.0006370398012899699,0.771500212590492,0
2021-01-26,2021,-0.0937160942022297,0,0.0005989832649397385,0.0005989832649397385,0.3357320134888904,0,0.0005882727427061722,0.0006981157140364426,0.720202376491131,0
2021-01-27,2021,-1.467295053102743,0,0.0008042199534345385,0.0008042199534345385,-1.4882394751826231,0,0.0007622366062734507,0.0010529045064739185,-0.7097351849733236,0
2021-01-28,2021,0.22528648538898377,0,0.000680783035230008,0.000680783035230008,0.23838682377093123,0,0.0006846075268080854,0.0006676837337389911,0.1428778291714529,0
2021-01-29,2021,0.21753813209631012,0,0.0007245983339776699,0.0007245983339776699,0.3201838650169062,0,0.0007080463729623551,0.0009562514864328332,-0.3218551460957588,0
2021-02-01,2021,-1.3825075172443146,0,0.0005442924765728863,0.0005442924765728863,-0.12675040937194026,0,0.000513461134264344,0.00047963233477860877,0.8839682748818294,0
2021-02-02,2021,-0.45141204621565234,0,0.0004263129396709352,0.0004263129396709352,-0.0744988235232058,0,0.00041415122799162143,0.0006063368705213372,0.1204021927806334,0
2021-02-03,2021,-2.6652984334504746,0,0.0007097523319243495,0.0007097523319243495,-3.514711148599837,0,0.0006973364801602575,0.0008715167673478556,2.3350612460149662,0
2021-02-04,2021,-0.48533982389223906,0,0.000739708127703096,0.000739708127703096,-0.045017763627636764,0,0.0007456776175857116,0.0007252927084588233,0.5951925547788011,0
2021-02-05,2021,-1.8005279503603595,0,0.000566184456896192,0.000566184456896192,-1.6172076437854868,0,0.0005281582131976434,0.0006646936541424852,-1.5042346902405084,0
2021-02-08,2021,0.6202359015024526,0,0.0005902229004850863,0.0005902229004850863,0.5127584484757293,0,0.0005684137380080491,0.00046993700817752503,0.7055124824886547,0
2021-02-09,2021,-0.972343833022208,0,0.0008133726888095333,0.0008133726888095333,-0.9561991414454855,0,0.0007918337260191235,0.0011108828264097135,-0.404343477249856,0
2021-02-10,2021,1.4667846859299973,0,0.0008155896720913542,0.0008155896720913542,-2.3633331153812,0,0.0008293357440235449,0.000691015342943077,-0.433411335077658,0
2021-02-12,2021,-0.5851937448290844,0,0.0005787716321983309,0.0005787716321983309,-0.575919762678987,0,0.000574132274358047,0.0006738271583906986,-0.257563987893189,0
2021-02-15,2021,-0.5316843315551354,0,0.0006550594493101541,0.0006550594493101541,-0.6652884847981649,0,0.0006557738784238519,0.0009177978276585341,0.1004829657357704,0
2021-02-16,2021,-0.29234946414607865,0,0.0007628073114653409,0.0007628073114653409,0.7330940545823581,0,0.0007157734409375442,0.0011310631320074485,1.4993487395485123,0
2021-02-17,2021,-0.3362165193497082,0,0.0005486655341490433,0.0005486655341490433,-1.2589991009696104,0,0.0005128039288531238,0.0010369216071209324,-1.2388219480645022,0
2021-02-18,2021,-2.1781884893069448,0,0.0006055012762493458,0.0006055012762493458,-1.522152360968396,0,0.0005639782402803465,0.0011752130462071115,0.2186453545437034,0
2021-02-19,2021,-1.7069717830488247,0,0.0009574563836472068,0.0009574563836472068,-1.576069295966145,0,0.000953076237695397,0.001288447416808367,1.4389183375793926,0
2021-02-22,2021,-0.8802395013277718,0,0.0004965287227289554,0.0004965287227289554,-0.7087619827776015,0,0.0005026458389450284,0.0009073377739684741,1.0488294051398577,0
2021-02-24,2021,0.22985412736771238,0,0.0007935567021536392,0.0007935567021536392,0.4517980256825167,0,0.0008765789211746895,0.0008957318340337704,-1.127448759404596,0
2021-02-25,2021,-0.9275901161971758,0,0.0008589013668835259,0.0008589013668835259,-2.4483186878965637,0,0.0007899268564630014,0.0012030949810319248,-1.8940237494895915,0
2021-02-26,2021,-0.1550726980248489,0,0.00038240745356408367,0.00038240745356408367,0.8936020046517996,0,0.0003593511895447689,0.0005261842222558699,-0.2304063092856743,0
2021-03-01,2021,0.2742528951135591,0,0.00040910687514351095,0.00040910687514351095,-0.6681806838341164,0,0.00042753511712056015,0.0007101063663824638,2.730237171091109,0
2021-03-02,2021,0.008957109081003889,0,0.00037738874866722716,0.00037738874866722716,-1.1936259597975598,0,0.00038987428990652843,0.0005089703271287097,0.8670098528140875,0
2021-03-03,2021,0.6815764767230158,0,0.00033001970737771237,0.00033001970737771237,-0.6189899094840322,0,0.00032996902849670375,0.00041218982598000665,0.0362696427784619,0
2021-03-04,2021,1.8237472076552834,0,0.0003774973056916526,0.0003774973056916526,0.07917525509218293,0,0.00039146684099645285,0.000583798406323187,1.8166185738987997,0
2021-03-05,2021,0.949462170148855,0,0.0006639891010093193,0.0006639891010093193,-0.5114722126873534,0,0.000646045322337361,0.0008902190252934587,0.0867013158593175,0
2021-03-08,2021,-1.3908334528126818,0,0.0003353432960307132,0.0003353432960307132,0.18590484596408186,0,0.0003111141892740833,0.00031331394769267993,-0.1948710243567821,0
2021-03-09,2021,-1.7015289047418152,0,0.00040746446690114824,0.00040746446690114824,-1.352662877525385,0,0.0004068274574866068,0.0005744389911316353,-0.7079248808645466,0
2021-03-10,2021,2.404889980507642,0,0.0004518175264640667,0.0004518175264640667,0.8678713695967128,0,0.00045450808523588216,0.0003757709096234326,-2.427265469009367,0
2021-03-11,2021,-0.48379202693986056,0,0.0005765161240170471,0.0005765161240170471,3.1902143982913427,0,0.0005836641258499126,0.0006369736016404195,2.538167351551501,0
2021-03-12,2021,1.038336051499056,0,0.0004328148801276748,0.0004328148801276748,-0.3059867672015668,0,0.00044649862975279573,0.0005875632177836159,-0.8078878257325404,0
2021-03-15,2021,-0.33960764779676866,0,0.00037774696698620713,0.00037774696698620713,-0.0031069343671368266,0,0.00033906196274019706,0.0005594906995729205,-1.104546552641266,0
2021-03-16,2021,-0.5476952218489992,0,0.00032134436608536796,0.00032134436608536796,-1.06151916453133,0,0.00034591338559180766,0.0004199610290435431,-0.1791304261906248,0
2021-03-17,2021,1.1979383281517935,0,0.00037792137986316407,0.00037792137986316407,2.0025599125236435,0,0.0003892601814540615,0.0005424630769554444,2.0664644198032516,0
2021-03-18,2021,-0.4392389856272702,0,0.0004658081154672116,0.0004658081154672116,0.09316568094986949,0,0.0004236244712082208,0.0005008883619613707,0.2404387749474268,0
2021-03-19,2021,0.3518222076073467,0,0.0006645071550247298,0.0006645071550247298,0.5679911275174145,0,0.000595198923150243,0.0006868058527963746,0.8887583389986666,0
2021-03-22,2021,0.353438174808141,0,0.001102833171876028,0.001102833171876028,-1.2380401001145254,0,0.0011107954641917362,0.0011181708346295993,-0.8145669196059284,0
2021-03-23,2021,-0.5612887785078717,0,0.0005081549929100127,0.0005081549929100127,-0.23980528127176948,0,0.00048241559219428746,0.0006265861724610798,-0.3049742285517647,0
2021-03-24,2021,1.1015618354603607,0,0.0005440902946937745,0.0005440902946937745,1.0821287817747156,0,0.00045279795562156464,0.0006278900598380208,-1.1107988674881493,0
2021-03-25,2021,-0.648212798960263,0,0.00044504538629741905,0.00044504538629741905,-0.3771028124253391,0,0.0004052901725130856,0.00045275916387718624,0.0879363793959148,0
2021-03-26,2021,-1.756249990598698,0,0.0007523089045660896,0.0007523089045660896,-2.8979269234595977,0,0.0006466418772424958,0.0010353918140476057,0.1719132151639852,0
2021-03-29,2021,0.5171447364854391,0,0.000623284727547345,0.000623284727547345,0.7983938320273405,0,0.0005481912118715715,0.0006032259501601659,0.4316707592635891,0
2021-03-30,2021,1.8939927669197507,0,0.0004304853202261479,0.0004304853202261479,1.8187328756282817,0,0.00041521183437752396,0.0004869840607050413,0.4586437663118509,0
2021-03-31,2021,0.3325079645801984,0,0.0003457341779230264,0.0003457341779230264,0.4043457039604629,0,0.0003185714210448619,0.0004574620466805233,0.4952687464879571,0
2021-04-01,2021,0.2369398301422707,0,0.00032037074116842036,0.00032037074116842036,0.21647580072277517,0,0.00031764883564617283,0.0004473099366466844,-1.1742504100732618,0
2021-04-02,2021,-0.5832819807952476,0,0.000513464884591657,0.000513464884591657,-0.14061629501460038,0,0.0004307146510936655,0.0004588634329883991,-0.2243356124891602,0
2021-04-05,2021,-0.5939361597400636,0,0.0003365732314460495,0.0003365732314460495,-0.005898273407323185,0,0.0003851574430551393,0.0004787505064742983,0.3948698082820461,0
2021-04-06,2021,-0.8525935713206247,0,0.0005682221654530945,0.0005682221654530945,-1.5001910979378217,0,0.0005730916245008791,0.0006155821904101369,3.2500679625874556,0
2021-04-07,2021,0.17165856548714686,0,0.00024717622358733397,0.00024717622358733397,0.45033874535797036,0,0.0002549023373036582,0.00039645307426910113,0.2636868833079319,0
2021-04-08,2021,-3.0620302490550984,0,0.0004899831984036575,0.0004899831984036575,-1.945565123070908,0,0.00034260617407220274,0.0005061774458893047,-2.6538309645083906,0
2021-04-09,2021,-0.1034282276402888,0,0.0002996834720402311,0.0002996834720402311,-0.25040740907904496,0,0.00027230486524917836,0.00039057735038306655,0.3844278457499892,0
2021-04-12,2021,0.2750581919511075,0,0.0003025065484366002,0.0003025065484366002,0.05603157532752863,0,0.00029848279011070845,0.0005065981520938382,0.4616489640372669,0
2021-04-13,2021,0.4775660962274978,0,0.0003416394096371888,0.0003416394096371888,0.0708935776532425,0,0.0003424807124922552,0.00039322751470012893,-0.9419806095994188,0
2021-04-14,2021,0.8505885399216991,0,0.00026046876257058673,0.00026046876257058673,0.024654703880931272,0,0.0002499165088856204,0.00038033858860507226,0.2771927104821989,0
2021-04-15,2021,-1.1161067901629973,0,0.0003465449290478014,0.0003465449290478014,-0.7152325521579671,0,0.0003436423097882058,0.0005244241187809661,0.3476210872200297,0
2021-04-16,2021,0.2093809411792642,0,0.00040819872312533714,0.00040819872312533714,0.15964823398380013,0,0.0004007215831436598,0.0004532861108894718,-0.5308651758101615,0
2021-04-19,2021,-2.078102902140143,0,0.0007371092179926093,0.0007371092179926093,-1.5039508288262198,0,0.0007428945454656509,0.001079106226840485,-1.5485362587093547,0
2021-04-20,2021,0.1879978797981665,0,0.0005260161134052496,0.0005260161134052496,-1.7259438389557364,0,0.00043843182143520016,0.0007332751872042931,0.3505946399534014,0
2021-04-21,2021,0.3135358430770354,0,0.0003191335165734759,0.0003191335165734759,0.9038240486472385,0,0.0003370102828086943,0.0005561576649430602,-0.0395333522410874,0
2021-04-22,2021,0.8751197040310849,0,0.0003404812679636987,0.0003404812679636987,0.4027198572599293,0,0.0003208190093364119,0.0004995326617516978,-0.4847591623268381,0
2021-04-23,2021,-1.0631247141768996,0,0.00030786780205669425,0.00030786780205669425,-0.5474878306270498,0,0.0003149945156770846,0.0003137864676424637,-0.5597523264911405,0
2021-04-26,2021,-0.479967614231951,0,0.00036672226928055287,0.00036672226928055287,0.820022893012665,0,0.00037348339685029116,0.0004686264003841508,0.1178676101030943,0
2021-04-27,2021,-0.3155520617698259,0,0.0005101837372708791,0.0005101837372708791,-0.36553384253774174,0,0.0005000365399582145,0.0007386609549980945,0.480742146259642,0
2021-04-28,2021,-1.1128279826471903,0,0.0007089477456817618,0.0007089477456817618,-0.2728098589348771,0,0.0006405198282954498,0.0005893802647046403,-0.4066234487314033,0
2021-04-30,2021,-0.9372265512437028,0,0.0005765326940582042,0.0005765326940582042,0.39402369299949336,0,0.0005307979816107451,0.000578424683680022,0.5820021566311826,0
2021-05-06,2021,0.08768163357486403,0,0.0005641902333797846,0.0005641902333797846,-0.6805640539204278,0,0.0005478353288835638,0.0008246597234096932,0.2622691772268829,0
2021-05-07,2021,-2.076700674882544,0,0.0009459730140440114,0.0009459730140440114,-0.017392571045805383,0,0.0009610864134778366,0.0014283547439719467,1.0923656550881522,0
2021-05-10,2021,-0.447404770899114,0,0.0009153998505607711,0.0009153998505607711,-1.3989008958456934,0,0.0009404530425870513,0.0011382930769079703,0.3779181190150233,0
2021-05-11,2021,-0.06779169927595197,0,0.0009816502356678179,0.0009816502356678179,-0.03445541274073083,0,0.000929742223611502,0.0012347560489817649,1.266238937932361,0
2021-05-12,2021,0.4828796682699945,0,0.0010827586971650306,0.0010827586971650306,0.6369802817178574,0,0.0011320263414387518,0.0010920829877550141,0.8748528588118822,0
2021-05-13,2021,1.5611305638609978,0,0.0010376297193349236,0.0010376297193349236,1.4456326673923638,0,0.001041912531390941,0.0008499877123916479,1.831157737156841,0
2021-05-14,2021,-0.6774186493292156,0,0.0007139207335724528,0.0007139207335724528,-0.8380913153042915,0,0.0006891749544377094,0.000733361389018813,-0.4025312085992412,0
2021-05-17,2021,0.035568168935017644,0,0.00037008720438703704,0.00037008720438703704,-0.14029992650227574,0,0.00036738136245927647,0.0006167253067670353,0.3187572484960613,0
2021-05-18,2021,0.04049365223072865,0,0.00043386057844820746,0.00043386057844820746,-1.1891703053679796,0,0.00040817256996476315,0.0006512709836850981,0.4011531508848369,0
2021-05-19,2021,0.32988451856993234,0,0.0003084729343216581,0.0003084729343216581,-0.7918409030781264,0,0.0002958345833070164,0.000310042297324894,-1.5490303390988984,0
2021-05-20,2021,-1.4087978042980427,0,0.0003532595737263822,0.0003532595737263822,0.13359629686945562,0,0.00033798975314926167,0.0003948251735056921,1.7115332222500368,0
2021-05-21,2021,0.10617304559861956,0,0.00032429208826485463,0.00032429208826485463,0.11361405677375047,0,0.0003169314171549898,0.0003157744409664857,-0.3713878175292941,0
2021-05-24,2021,-0.09762199281321632,0,0.0003379325403467098,0.0003379325403467098,-0.47681683628439575,0,0.00032260338717708616,0.000544586393841168,-0.2495185300750825,0
2021-05-25,2021,0.6795563882487877,0,0.0004005173783867678,0.0004005173783867678,-0.4083699119113265,0,0.00040940924638630893,0.0005150976100315645,-0.7674582113904957,0
2021-05-26,2021,-0.7414770760970386,0,0.0006308683493343772,0.0006308683493343772,-0.4612615625265519,0,0.0006098903946238802,0.0006635488166096647,0.1031994188092269,0
2021-05-27,2021,-0.7589563575103357,0,0.00042136553878437436,0.00042136553878437436,-1.375818315658521,0,0.00040445661521992983,0.0004413758486319001,-0.5660857611834933,0
2021-05-28,2021,-0.35985333839897776,0,0.000265741369358135,0.000265741369358135,0.6139542024035513,0,0.0002638108088349833,0.0002965105261833995,0.5030127881215555,0
2021-05-31,2021,-1.0325410445029315,0,0.00039792715357498185,0.00039792715357498185,1.5538334269136993,0,0.00038914508967044704,0.0005219767290976365,0.7387784367155308,0
2021-06-01,2021,0.49144185326706724,0,0.00031886433352518363,0.00031886433352518363,0.6046060454223463,0,0.0003350429860807351,0.00047597346342615783,-0.4646846297848312,0
2021-06-02,2021,1.4969057482997699,0,0.00030488668282356075,0.00030488668282356075,1.1491688506227378,0,0.0003012262454183474,0.0004006839292225553,-0.0419023069300153,0
2021-06-03,2021,-0.5306051928774979,0,0.000306570490084595,0.000306570490084595,0.22186986159228073,0,0.0003024081251784311,0.0003474592507928596,0.2073581161644631,0
2021-06-04,2021,-0.9275578502985391,0,0.00031616201591984393,0.00031616201591984393,-0.003950635865448193,0,0.0003295742012945238,0.0004987715936564229,-1.1121981265815444,0
2021-06-07,2021,0.5464163067217711,0,0.0002975437262904157,0.0002975437262904157,0.2688585242718377,0,0.00029106127770905834,0.0002506222057363747,-0.1688247079339971,0
2021-06-08,2021,0.9179017420883849,0,0.00026670938023480367,0.00026670938023480367,-1.0339878011102166,0,0.0002656750092022486,0.00029041601137488594,-0.8435897235913172,0
2021-06-09,2021,0.21652567530452893,0,0.00031591528829935525,0.00031591528829935525,0.36983231179039844,0,0.00030620364192957195,0.000289293685712271,-0.0927443516005972,0
2021-06-10,2021,-0.00800402151439572,0,0.00034675426383245735,0.00034675426383245735,-0.3158119063585716,0,0.00034747820892136114,0.00044408814200322573,1.4137443334379227,0
2021-06-11,2021,-0.31896613550138886,0,0.00033537820472898143,0.00033537820472898143,-0.003768635777104956,0,0.0003337528894541418,0.0005388090324400154,-0.179500118982606,0
2021-06-14,2021,-0.449392221307772,0,0.0003069548074015374,0.0003069548074015374,-1.107885543537791,0,0.000308652848322035,0.0004139395258848817,-0.3907314312754139,0
2021-06-15,2021,-0.48316767457307663,0,0.00029977632145283443,0.00029977632145283443,-0.05211428468305801,0,0.0002868474423020945,0.0005500050028411687,-0.7890440950385637,0
2021-06-16,2021,0.01385481079807116,0,0.00046768303440184383,0.00046768303440184383,-0.030844093684106788,0,0.00044843311715304717,0.0006159730753392839,1.527396918259616,0
2021-06-17,2021,0.6352560009405006,0,0.0006559152394772797,0.0006559152394772797,1.3396914832460127,0,0.0006678520677422635,0.000708800373413879,-0.1575343341676842,0
2021-06-18,2021,1.906742929750461,0,0.0008577593924743795,0.0008577593924743795,1.32239078267812,0,0.0008839135596414657,0.0008512272089464982,0.7921143779303907,0
2021-06-21,2021,-1.0506646522215206,0,0.0003142602342511744,0.0003142602342511744,-1.5444642249046328,0,0.0003039187706596284,0.0003054800101472685,0.7868395556174016,0
2021-06-22,2021,0.11568988503894106,0,0.00034504507343868643,0.00034504507343868643,0.46533440812443516,0,0.00026519939297121165,0.00040064539137647836,-0.2857111134069958,0
2021-06-23,2021,0.018329632593683698,0,0.00034687439235594694,0.00034687439235594694,0.023895503676415686,0,0.00025118986858788713,0.0003113594053102376,-0.393479140868394,0
2021-06-24,2021,0.8240720853180629,0,0.0003031942880811531,0.0003031942880811531,0.8574248783977524,0,0.0002415224396452549,0.0003722104575333364,-0.1907938578358925,0
2021-06-25,2021,-0.18285457404284422,0,0.000368094878276126,0.000368094878276126,0.2769992447863694,0,0.00036822478782162305,0.0005681504340330972,0.7246540963703272,0
2021-06-28,2021,-0.036892452696870914,0,0.0003437237632070762,0.0003437237632070762,-0.7190196323906833,0,0.0003361800319878098,0.0005562348641381228,0.6930887479900839,0
2021-06-29,2021,1.3034725609743767,0,0.0003512161573063871,0.0003512161573063871,-0.4722343452129052,0,0.0003669038333167155,0.00038773830495475583,-0.7186686421205082,0
2021-06-30,2021,0.37189488227186684,0,0.00036431069228803285,0.00036431069228803285,-0.17758234185695687,0,0.00033820434486741673,0.0006026412304315569,-0.487780014482545,0
2021-07-01,2021,-0.9459654924525631,0,0.00023791658328355586,0.00023791658328355586,-0.8300424021302852,0,0.00023922096281362297,0.00034719498386973356,-0.1998657222899661,0
2021-07-02,2021,-0.2690220435694431,0,0.00023703784746521937,0.00023703784746521937,-0.4447785823713947,0,0.00022044644631092185,0.0003069703088883899,0.2726860260907022,0
2021-07-05,2021,0.7026937748493041,0,0.0002564025038652311,0.0002564025038652311,-0.23535547971552306,0,0.0002959603667191597,0.00034982051513412116,0.8172807268544134,0
2021-07-06,2021,0.6418629066702355,0,0.0003517170472764575,0.0003517170472764575,0.2580393950840447,0,0.0003843947761996068,0.0006274288003749155,-0.1565946288653781,0
2021-07-07,2021,-0.5954880123116548,0,0.00026337824516333363,0.00026337824516333363,-0.010654137212534415,0,0.00025110054132415003,0.00028531427762728466,-0.7020546722136005,0
2021-07-08,2021,0.113760198343269,0,0.0006906275630799078,0.0006906275630799078,0.02222546043003426,0,0.0006286454916693814,0.0005622808753262435,0.7028834584041599,0
2021-07-09,2021,1.0050574356025355,0,0.000360879910061611,0.000360879910061611,0.21313781149341016,0,0.000360751340778846,0.0004410970285527685,0.8498508138580538,0
2021-07-12,2021,0.02835166350072567,0,0.00031090568457559125,0.00031090568457559125,0.6018712044896473,0,0.0002811191037364892,0.0003557658534681457,0.2546644294641946,0
2021-07-13,2021,-0.04773533436505595,0,0.0003728187832145652,0.0003728187832145652,0.5379430755307504,0,0.00042913595727477326,0.000479327576484773,0.3558455804363429,0
2021-07-14,2021,0.9169366233359535,0,0.00026636723941612776,0.00026636723941612776,0.558666430457637,0,0.0002603913346049714,0.00039840300787764236,-0.6234255297222169,0
2021-07-15,2021,-1.0627659377061276,0,0.00040197266106466195,0.00040197266106466195,-0.4088645915637894,0,0.0004020043929533029,0.0005658457193481424,0.801905263502515,0
2021-07-16,2021,0.16980480068694925,0,0.0002795585646134115,0.0002795585646134115,0.4600240920412011,0,0.00028180858681399446,0.00032485037306344267,-0.548979793674923,0
2021-07-19,2021,0.451123220673344,0,0.000316890839961758,0.000316890839961758,0.5321806644485414,0,0.000281858520947859,0.00034320960316393023,0.3669297825163724,0
2021-07-20,2021,0.27634812435037137,0,0.0004997744380647935,0.0004997744380647935,-0.014851682432234892,0,0.0004381320406447281,0.0005474045459920995,0.2203683678698116,0
2021-07-21,2021,-0.3778257634422759,0,0.00033590072762679793,0.00033590072762679793,0.32516146125753864,0,0.0003145605205164172,0.0003318369802757005,-0.092758901936004,0
2021-07-26,2021,-1.2272039810727438,0,0.0003944431565551096,0.0003944431565551096,-1.3731269069891594,0,0.0004063778222388811,0.0004768351095975089,1.0714229098335395,0
2021-07-27,2021,1.6771936675406107,0,0.0003703009768280764,0.0003703009768280764,1.6076895376971208,0,0.00033860386602886015,0.00037322453803489655,-1.3805709591094184,0
2021-07-28,2021,-2.103048447233074,0,0.0006961439284556954,0.0006961439284556954,-1.91464897915362,0,0.000662282366279946,0.00084949418122181,0.0652222859577746,0
2021-07-29,2021,-0.13925246134722302,0,0.0008937322011625057,0.0008937322011625057,-0.7089363218919296,0,0.000901014025191807,0.0012095606010426622,1.0491640234697712,0
2021-07-30,2021,0.12179507890129948,0,0.00033282612806114897,0.00033282612806114897,0.2926804763809304,0,0.00032439925576305603,0.0003706536555052121,-0.2077708204944636,0
2021-08-02,2021,0.7986757474380146,0,0.0004078791796553188,0.0004078791796553188,0.42511872538159734,0,0.0004257135386579599,0.0004807454472645061,1.082169701198717,0
2021-08-03,2021,0.302444717064418,0,0.0004446834109698602,0.0004446834109698602,0.07277758305999465,0,0.0004447759842587664,0.0006198766625283988,0.4186939458103222,0
2021-08-04,2021,0.19990883972033546,0,0.0005714794300010953,0.0005714794300010953,0.340965336395467,0,0.0005654498615411737,0.0005107341101328016,-0.3535455403392523,0
2021-08-05,2021,-0.8692758980300134,0,0.0008453386695069921,0.0008453386695069921,-1.7498579123659317,0,0.00081450513848672,0.0007702678898582948,-1.6078884045337103,0
2021-08-06,2021,1.3688751798272158,0,0.0006640036123178444,0.0006640036123178444,1.372409016982326,0,0.0006463639939426886,0.0009606766428031727,0.8089810467473999,0
2021-08-10,2021,-0.813580821165796,0,0.0005534403656188732,0.0005534403656188732,-0.379179039768085,0,0.0005456659020439057,0.0006852137817856242,1.1546434388130429,0
2021-08-11,2021,-0.21138647390429266,0,0.0006640148487631957,0.0006640148487631957,-0.25853247356790143,0,0.0006598803900780837,0.0010152587789459167,0.1528340053295856,0
2021-08-12,2021,0.6724425400912848,0,0.0008750415249190638,0.0008750415249190638,0.40282835498306735,0,0.0008952903777248741,0.0008465425205828451,0.057629029602789,0
2021-08-13,2021,0.8687294429091874,0,0.0005504843879980751,0.0005504843879980751,1.0870181311842189,0,0.0005586393327898773,0.0009153668728589529,0.8987857424335826,0
2021-08-16,2021,0.7704650279612477,0,0.00042580020868037826,0.00042580020868037826,0.30348886645973727,0,0.00042892523514405123,0.0007326012862218815,-0.6804579206230676,0
2021-08-17,2021,-0.9733699789291042,0,0.0005296200971873666,0.0005296200971873666,-0.06623843100667504,0,0.0005432422609543081,0.0004940797327489737,1.1746086737594073,0
2021-08-18,2021,-1.338664515667274,0,0.0005191179463079773,0.0005191179463079773,-0.809632462819182,0,0.0005190911764811676,0.0007891188401373438,1.6605759825570092,0
2021-08-19,2021,-0.46793944829320333,0,0.0007282033408939981,0.0007282033408939981,0.41207567902628517,0,0.0006083703477972619,0.0009033165150185111,-1.6971300451342648,0
2021-08-20,2021,-1.6418422705731184,0,0.0005656197528358544,0.0005656197528358544,-1.0019147960141879,0,0.00048743939530939686,0.0004795190851549509,-1.476170415041671,0
2021-08-23,2021,0.7137231413817247,0,0.0003120383969467205,0.0003120383969467205,0.26992894155185604,0,0.00029400662841407195,0.00030060246036269184,-0.6222227113221417,0
2021-08-24,2021,-0.7571093325692155,0,0.0003297670340239501,0.0003297670340239501,-0.8801835035431541,0,0.0002938627712524549,0.00021136685622833088,0.3913269870214878,0
2021-08-25,2021,-0.014010383115853009,0,0.0002528139870095452,0.0002528139870095452,0.5918776419269687,0,0.00024320144800353034,0.00035860867981529103,-0.0913288990151268,0
2021-08-26,2021,0.5452875182479064,0,0.0004262144844817047,0.0004262144844817047,0.7093900108448743,0,0.00044893346449369393,0.0005132917867859164,-1.283283122009188,0
2021-08-27,2021,0.1519692777419933,0,0.0003375372373218065,0.0003375372373218065,0.7306825689663697,0,0.00034100043289570533,0.000289331749725556,-0.7383599770205539,0
2021-08-30,2021,-0.45925068646296374,0,0.00031787616219398494,0.00031787616219398494,-0.2844026410062275,0,0.00032372441192862105,0.00044773449250814454,-0.9614401359022288,0
2021-08-31,2021,-0.7109678121219913,0,0.00036566337880967526,0.00036566337880967526,-0.6120119215783175,0,0.00034038226976658496,0.0005853577231962611,0.0350850454493548,0
2021-09-01,2021,-0.3060959857027459,0,0.0005126245968683766,0.0005126245968683766,-0.0013296603513146543,0,0.0005533899223942281,0.0004849501323551153,-0.7333985398716873,0
2021-09-02,2021,-0.018248671953758677,0,0.00041567993900717395,0.00041567993900717395,-0.7186522657742174,0,0.00043580370823583387,0.0006496367747304953,0.3980391579510194,0
2021-09-03,2021,-0.5096648303547211,0,0.0003638232997707749,0.0003638232997707749,0.34181236002863535,0,0.00033188895610367086,0.00040082817227622924,-0.9859512129577054,0
2021-09-06,2021,0.10525713126364877,0,0.0002685461985649084,0.0002685461985649084,0.49737504586568404,0,0.00028368829982847285,0.00038137478081692145,-0.2136462322404013,0
2021-09-07,2021,0.18487565325574257,0,0.000374009434433633,0.000374009434433633,-0.4640895161629303,0,0.0003265318257398558,0.00042017538746486456,0.5981334018517251,0
2021-09-08,2021,1.2660154036700506,0,0.0004907225457635475,0.0004907225457635475,-0.10203329123998683,0,0.0005529934148520181,0.0006361937583498025,1.673724659826599,0
2021-09-09,2021,-0.4561355470646069,0,0.0004075079801598802,0.0004075079801598802,-0.36310567955797524,0,0.0004062200710511594,0.0005613277716871568,0.8495454200268439,0
2021-09-10,2021,0.6724699350484236,0,0.00031761671461999355,0.00031761671461999355,0.7180570080032898,0,0.0003101783726199525,0.0004065503567113464,0.2014285466765712,0
2021-09-13,2021,-0.38510704159599385,0,0.0007935568710245692,0.0007935568710245692,0.2954326724223617,0,0.0006550116015180689,0.0006709447872979504,-0.332924719107603,0
2021-09-14,2021,1.2398725780173019,0,0.0006066988481150896,0.0006066988481150896,1.503718515795751,0,0.0005136786757460074,0.0007311928983903014,0.7885514235283251,0
2021-09-15,2021,-0.2955041807299912,0,0.000416266887004924,0.000416266887004924,-0.1324068939712606,0,0.0003832602468971219,0.00048584773326367745,-0.1893125049558843,0
2021-09-16,2021,0.8057247811895891,0,0.000672523342667158,0.000672523342667158,0.21803237380996388,0,0.0006925421391239234,0.0007774556817538874,-0.0061302136696728,0
2021-09-17,2021,-0.6086591940377644,0,0.0005675420568516612,0.0005675420568516612,-0.27287943541632087,0,0.0005094383499023517,0.0006108929038501916,0.1832431192399282,0
2021-09-21,2021,-0.15085847889706105,0,0.0010745905353370638,0.0010745905353370638,-0.16646741709425683,0,0.000900971686511434,0.0010113105353071548,-0.8158662732557689,0
2021-09-22,2021,0.6710286162311829,0,0.000378693913468344,0.000378693913468344,0.9321390928434359,0,0.00037051464630341916,0.00040403838384781026,0.518199350756694,0
2021-09-24,2021,1.0217945977659075,0,0.0005868953716556091,0.0005868953716556091,0.8255292809601722,0,0.0004120853463084448,0.000680166297421921,-0.7792781513353575,0
2021-09-27,2021,1.2352779867919774,0,0.0006406737628060986,0.0006406737628060986,-1.3434732097487563,0,0.0006855622995275372,0.0007787305351276195,-0.2926684633415362,0
2021-09-28,2021,1.5216162512651583,0,0.00043192236707989215,0.00043192236707989215,-0.12253320930619072,0,0.00044086323570283865,0.00040903066276508945,-1.1805622587626854,0
2021-09-29,2021,0.09057176848171489,0,0.0006683168752074599,0.0006683168752074599,1.5397537635262846,0,0.0006840576542465927,0.0007256284563290146,-0.8667563928891879,0
2021-09-30,2021,-2.298190040447986,0,0.0005577783336873155,0.0005577783336873155,-0.561640782506884,0,0.0005442387845655417,0.0006532918808581661,0.4891745101987278,0
2021-10-01,2021,-0.3333682334739869,0,0.00039020199797807395,0.00039020199797807395,0.9643590498338575,0,0.0004682192889708314,0.0004766256221662118,0.5297022147734118,0
2021-10-04,2021,-0.4458762643952363,0,0.00043599129523410696,0.00043599129523410696,-0.9068164295781704,0,0.00040549976989364154,0.0005458270537534375,-2.1176992268583925,0
2021-10-05,2021,-2.639656626832037,0,0.00044609765863373133,0.00044609765863373133,-1.2295168553571867,0,0.00037150250807117525,0.0005723700586380765,0.6490446088966887,0
2021-10-06,2021,-1.475150372791302,0,0.0005015748187872912,0.0005015748187872912,-1.3338139362488186,0,0.00047710058825132997,0.0007831475950960065,0.6132924212570989,0
2021-10-07,2021,-1.1436141628830954,0,0.00046754555491410586,0.00046754555491410586,-0.8345932166945342,0,0.00046268021492781495,0.000533442896947226,-0.3489341553829233,0
2021-10-08,2021,-0.3649432772169221,0,0.0005066271282677888,0.0005066271282677888,0.681137299324077,0,0.0004140275304963608,0.0005576380927233216,0.2827150030877472,0
2021-10-11,2021,-0.7390491783332543,0,0.00045297574215682763,0.00045297574215682763,-0.04202021397954403,0,0.00031978807793396754,0.0004510720523991955,0.756813787102194,0
2021-10-12,2021,-0.6246834136588826,0,0.0003842624338678749,0.0003842624338678749,0.16947769818814562,0,0.0003239766767303795,0.00040592445583708027,-0.701011110516091,0
2021-10-13,2021,0.5735318415258996,0,0.0009728119506354534,0.0009728119506354534,1.0501256154064316,0,0.0008293505876189453,0.0010621581730304475,-0.4227706241795443,0
2021-10-14,2021,-0.16209213016724067,0,0.0004320518735441901,0.0004320518735441901,-0.12795934428003577,0,0.00042722874923417463,0.0005746853503856721,0.2180869282945157,0
2021-10-15,2021,0.5780300672317211,0,0.0003870736517460438,0.0003870736517460438,1.6304932324747208,0,0.0003265654722983204,0.00041332032288053715,-0.2848747777721808,0
2021-10-18,2021,0.8930586429753,0,0.0003061932740567122,0.0003061932740567122,-0.7425450441898038,0,0.000309631335733133,0.0005208959762726515,-0.4914359313122258,0
2021-10-19,2021,-0.23687446372757215,0,0.0004014993162895544,0.0004014993162895544,-0.2816816622953642,0,0.0003667513164589071,0.00047177817969598586,-0.6962772127807957,0
2021-10-20,2021,-0.827902125603891,0,0.00026758307639144184,0.00026758307639144184,-0.6155650701649731,0,0.0002608458673818886,0.0004476313892427521,0.0480171110832428,0
2021-10-21,2021,-0.7357727864011189,0,0.000282657960675761,0.000282657960675761,-0.781255586960476,0,0.00026904761036147747,0.0004795371488340928,0.4379573675056583,0
2021-10-22,2021,-0.00771339025224993,0,0.0003540317145005102,0.0003540317145005102,-0.15836732556019184,0,0.00032760110317587226,0.0003352820048391153,-0.1233404590916591,0
2021-10-25,2021,0.5337676829091873,0,0.0002826616343861133,0.0002826616343861133,-0.5772655221367919,0,0.00029682432955566444,0.0002919011072610823,0.1254944980989411,0
2021-10-26,2021,0.39408804550457177,0,0.00044589590249972185,0.00044589590249972185,0.6307001911230008,0,0.0004354868928836732,0.0004110854197724573,-0.8654193878382703,0
2021-10-27,2021,0.23800909556530278,0,0.0004383145629372836,0.0004383145629372836,0.5622190086062941,0,0.0004288682893671187,0.0005160695708476001,-0.364900333295525,0
2021-10-28,2021,0.190608980201612,0,0.0009162788713364035,0.0009162788713364035,0.00043816639380311884,0,0.0008721095972965524,0.0008639433882582244,0.9374737593069882,0
2021-10-29,2021,-0.3201128296336795,0,0.0004594785829918765,0.0004594785829918765,-1.0660868069056768,0,0.0004614496875427804,0.0006564853211205276,-0.1988384681716396,0
2021-11-01,2021,0.7760232826390756,0,0.0007787607798357471,0.0007787607798357471,0.19580410047677788,0,0.0007920544590999088,0.0007055066156075438,0.5258351454224139,0
2021-11-02,2021,-0.6196292167061486,0,0.000731124911212863,0.000731124911212863,-0.7153377688666072,0,0.0007224654626711515,0.0007216145627142831,0.5607769800183904,0
2021-11-04,2021,0.9929880845869764,0,0.0007037950193575222,0.0007037950193575222,0.37531365659514915,0,0.0006632296905332249,0.0005353212620388767,-0.7773270987261693,0
2021-11-05,2021,-0.6391957152382528,0,0.0005592901667053309,0.0005592901667053309,-0.8802625765850434,0,0.0005616227789919658,0.0005939163060009014,-0.2572882520331245,0
2021-11-08,2021,-0.25215481336940393,0,0.0006471998413065156,0.0006471998413065156,1.146438670363776,0,0.0006455091905929703,0.000768649200987636,-0.0575911585389844,0
2021-11-09,2021,1.583631576620119,0,0.0006157736002999899,0.0006157736002999899,0.6104634831108248,0,0.0006163368042386334,0.0005356210717782548,0.4253580011017628,0
2021-11-10,2021,1.5836179812035192,0,0.0010056740856146831,0.0010056740856146831,1.1967254553942754,0,0.0009566037650901726,0.001044863728763619,-0.9738472348910124,0
2021-11-11,2021,1.9014809810012683,0,0.000993848894273605,0.000993848894273605,1.2305654197419724,0,0.0009813269920420863,0.0009690331161432016,-0.0185436219666413,0
2021-11-12,2021,1.2522023973705685,0,0.0005713526015038535,0.0005713526015038535,1.1869788680001265,0,0.0005688533032264109,0.0006234555906031645,0.7732917358128427,0
2021-11-15,2021,1.5395196982800796,0,0.0005694481247561661,0.0005694481247561661,1.8934779098013372,0,0.0005620078739113985,0.0009602956173504977,0.6018010574053084,0
2021-11-16,2021,-0.464351228259844,0,0.00037549984149589223,0.00037549984149589223,-1.1468892753024171,0,0.0003759637713479315,0.0006776527793195939,0.1753563574990797,0
2021-11-17,2021,2.455455214179198,0,0.00036875384654715327,0.00036875384654715327,2.4951664442033477,0,0.00036822005998051653,0.0007614878754223642,0.4874727224374269,0
2021-11-18,2021,1.409875596417859,0,0.00035202793054343255,0.00035202793054343255,0.26730085917098345,0,0.00035235264398335753,0.0005703485015505675,-0.8487482450341528,0
2021-11-19,2021,-1.3456412194513514,0,0.0005662498054885015,0.0005662498054885015,-1.4917743289564571,0,0.0005746312226566667,0.0006938150163967711,-1.453813438294358,0
2021-11-22,2021,-0.8993790947447282,0,0.0003032817446361664,0.0003032817446361664,-1.0783400525935363,0,0.0003010360975656272,0.0003909159261659886,0.7683164291480684,0
2021-11-24,2021,-0.3509009998636605,0,0.0005252355550021795,0.0005252355550021795,0.02409604761869888,0,0.0005689918754054068,0.0005847829554874471,1.30737334778591,0
2021-11-25,2021,0.5140345629317,0,0.0009144827832444414,0.0009144827832444414,0.47675669080836425,0,0.0009583506600438581,0.001269090939342205,-0.4209907367558854,0
2021-11-26,2021,-0.15733753298463227,0,0.00046731656764071575,0.00046731656764071575,-1.547662822363001,0,0.00042157824770175015,0.0005480426915319247,-0.2510119656428542,0
2021-11-29,2021,-2.469485812235055,0,0.0007717265975329554,0.0007717265975329554,-0.5328512026219185,0,0.0004692742974239249,0.00045122934390510056,-0.1985955226798221,0
2021-11-30,2021,2.0692545132732443,0,0.0005283363953968739,0.0005283363953968739,1.2691318161196359,0,0.0005481421883636094,0.0006931327216614012,0.1480132956565985,0
2021-12-01,2021,0.0731839569429038,0,0.0013165182597492451,0.0013165182597492451,1.825960706777766,0,0.00102527616389606,0.0012339276998667467,-0.2949600232564169,0
