Date,ValidationYear,StocksRanked,SelectedMissingTargets,AllMissingTargets,FallbackStocks,SelectedFallbackStocks,OfficialDailySpread,IllustrativeGrossOneReturn,RankIC,NormalizedHardRankMSE,AllStockForecastMSE,MaxAbsoluteScore
2017-12-29,2018,1896,0,0,42,3,-0.10945294907760139,-0.0002736323726940035,-0.04005220045873389,0.17351916281145943,0.0003131460377284182,0.011874176709955615
2018-01-04,2018,1896,0,0,41,7,0.21725764170517126,0.0005431441042629281,-0.04407075165525561,0.17419067195387516,0.00040524557610198024,0.012416184175593311
2018-01-05,2018,1896,0,0,41,10,-0.7183534468363558,-0.0017958836170908895,-0.048767344169454246,0.17497317364137746,0.0003701610373774721,0.007084124245040496
2018-01-09,2018,1896,0,0,39,16,0.3804981313416671,0.0009512453283541677,0.05031691923004715,0.15844245786869557,0.0003796616649879657,0.023522436401428017
2018-01-10,2018,1896,0,0,39,2,-1.7696485520755683,-0.004424121380188921,-0.11601754278364444,0.1861949315330411,0.0005706352073063319,0.005663066301369372
2018-01-11,2018,1896,0,0,39,7,-0.33125855004768673,-0.0008281463751192168,-0.024463034328997272,0.17091737541174865,0.00046011663783730126,0.009286063315476047
2018-01-12,2018,1896,0,0,39,4,-0.5664527833353274,-0.0014161319583383186,0.00985558173318571,0.16518879712922366,0.0003848755731989325,0.03576100118042093
2018-01-15,2018,1896,0,0,39,4,-1.1523534461616247,-0.002880883615404062,-0.01843607872151887,0.16991629719920887,0.00038167770231793625,0.013917941492720493
2018-01-16,2018,1896,0,0,39,2,-0.009537356870281677,-2.3843392175704192e-05,0.025673128276530444,0.16255720573239948,0.00039028908530420005,0.013608393717493592
2018-01-17,2018,1896,0,0,39,2,-0.6454877715569847,-0.0016137194288924617,-0.0608703680538675,0.17699192962812205,0.0003033620152993372,0.009521669764523233
2018-01-18,2018,1896,0,0,40,0,-1.6770436638360389,-0.004192609159590097,-0.10006059934907166,0.1835295054915535,0.0004466338901238537,0.009637915222681658
2018-01-19,2018,1896,0,0,40,9,-0.3075343535176698,-0.0007688358837941744,-0.0070209739777922905,0.1680099121646949,0.0003790909579550239,0.029742196864426657
2018-01-22,2018,1896,0,0,39,2,1.3337524015430025,0.0033343810038575063,0.04587966679564505,0.1591799242702968,0.00032525877164512766,0.03752302996837143
2018-01-23,2018,1896,0,0,39,10,0.37281748618910404,0.00093204371547276,-0.009217999025122471,0.16837609487165864,0.000339802453905697,0.013471310049451237
2018-01-24,2018,1896,0,0,39,13,-0.11660458774234872,-0.0002915114693558718,-0.008660443755659634,0.16828017719515634,0.0003189894668371411,0.013374363437799828
2018-01-25,2018,1896,0,0,38,6,0.7820963683895791,0.0019552409209739477,0.10710388136210233,0.1489661268598105,0.00037551741323473134,0.011442532739769314
2018-01-26,2018,1896,0,0,38,6,1.1477702065423852,0.002869425516355963,0.025745035186278565,0.1625464288210085,0.0005159688668006836,0.03451340531267826
2018-01-29,2018,1896,0,0,38,7,-0.5297270829194833,-0.0013243177072987083,-0.005648031611888119,0.16778326090563858,0.0006583920209595748,0.012415796586500997
2018-01-30,2018,1896,0,0,38,5,0.6652859680435208,0.001663214920108802,0.02739418993078119,0.1622715339728379,0.0010546829459143954,0.025394478040321668
2018-01-31,2018,1896,0,0,37,2,0.06393921645199191,0.00015984804112997977,0.04380451414942563,0.15953058598063147,0.0004284475832803244,0.008502273386686094
2018-02-01,2018,1896,0,0,36,2,0.8431792970887955,0.0021079482427219885,0.07574727134734822,0.15420463792806002,0.0011269352531393041,0.029249294621045346
2018-02-02,2018,1896,0,0,37,3,0.3460637299389706,0.0008651593248474265,-0.020147636850699608,0.1702040472912471,0.0044294818768126415,0.03185181865713056
2018-02-05,2018,1896,0,0,36,0,-0.6366512735181582,-0.0015916281837953954,-0.06783053582305053,0.17815582724594373,0.0006067644130983843,0.022618568626001936
2018-02-06,2018,1896,0,0,36,8,-1.6193241714297766,-0.004048310428574442,-0.14567338086637882,0.19114357870684232,0.0009676766526666304,0.06563988668693675
2018-02-07,2018,1896,0,0,35,2,-0.522042801480826,-0.0013051070037020651,-0.027187044011443375,0.17137836690081523,0.0009891180629338298,0.01936016461610829
2018-02-08,2018,1896,0,0,34,0,0.19386802961100447,0.00048467007402751115,-0.059480045059346946,0.17676370425307564,0.0011483154321005834,0.016872364804787633
2018-02-09,2018,1896,0,0,34,2,-1.0688136737179716,-0.002672034184294929,-0.10147145326676676,0.18377092252405983,0.0009587801258591011,0.07993326045198139
2018-02-13,2018,1896,0,0,33,0,0.06194446152822852,0.0001548611538205713,0.03233789619123089,0.16144382288098283,0.001181506889495995,0.03117458721866521
2018-02-14,2018,1896,0,0,33,7,0.5536386721935558,0.0013840966804838895,0.013293699946322984,0.1646225978519996,0.0009362730062163284,0.033911481465164345
2018-02-15,2018,1896,0,0,34,0,0.37780165332922255,0.0009445041333230564,0.07554714952601814,0.15423805838964974,0.0013711584627790893,0.03549862530114977
2018-02-16,2018,1896,0,0,34,0,-0.7352411008769569,-0.0018381027521923922,-0.011066143738763001,0.16868043578639283,0.0003333168251880302,0.05242192326422853
2018-02-19,2018,1896,0,0,34,1,-0.15783866093944687,-0.00039459665234861717,0.024029347093247683,0.1628291722915519,0.0005127196425543356,0.036551772732086776
2018-02-20,2018,1896,0,0,34,1,0.009221836754520263,2.3054591886300656e-05,-0.03666021815567883,0.1729553988425845,0.0003458500385603922,0.018676366799992992
2018-02-21,2018,1896,0,0,33,0,1.4576335971718315,0.0036440839929295786,0.1617942284072879,0.13984733461589088,0.0003664078037857275,0.04694709185165381
2018-02-22,2018,1896,0,0,34,5,-0.04179959507391451,-0.00010449898768478627,-0.013252311932842467,0.16904971370402835,0.0004114690582065812,0.022256250993658147
2018-02-23,2018,1896,0,0,33,1,0.8610538149628755,0.0021526345374071887,0.11013443097996115,0.14845977571487187,0.0002955853525319818,0.10153914021940756
2018-02-26,2018,1896,0,0,32,5,-1.1985541845123648,-0.002996385461280912,-0.15563244485018712,0.19280592061191465,0.0003839763391022229,0.02365747930131147
2018-02-27,2018,1896,0,0,30,2,-0.990184043194859,-0.0024754601079871475,-0.09684447139395429,0.18299856215317858,0.0005589739984586966,0.006901878730616651
2018-02-28,2018,1896,0,0,32,6,0.5216596541528244,0.0013041491353820611,-0.002462256041567174,0.16725288905178134,0.0004832117350438117,0.019683702760227656
2018-03-01,2018,1896,0,0,35,10,2.7612490714086775,0.006903122678521694,0.1712188704437459,0.1382747757778806,0.0007452637550151896,0.030819398501579116
2018-03-02,2018,1896,0,0,36,14,0.042035592119277876,0.00010508898029819469,-0.020279173516309246,0.17022545681088377,0.0009250215350965885,0.023903532440179405
2018-03-05,2018,1896,0,0,35,8,-0.5785121579119585,-0.0014462803947798964,-0.05310351465487905,0.1756974756305401,0.00041064441387846914,0.32265204165448064
2018-03-06,2018,1896,0,0,34,4,-0.031436472605142096,-7.859118151285524e-05,-0.019134842951429292,0.17002892084717652,0.0004184931134189655,0.03306491127736277
2018-03-07,2018,1896,0,0,35,1,0.7447176062873513,0.0018617940157183782,0.08585561659594705,0.15251435518877537,0.0004161131051811127,0.050742840016567536
2018-03-08,2018,1896,0,0,35,3,1.143050984035515,0.0028576274600887876,0.17962469742800763,0.13687260341115892,0.0006124160254922202,0.015445219867899004
2018-03-09,2018,1896,0,0,36,3,-0.022021787496533607,-5.5054468741334015e-05,-0.005045681020662488,0.16768102113576225,0.0005141306712194736,0.017168149372541682
2018-03-12,2018,1896,0,0,35,7,-0.36695377356322645,-0.0009173844339080661,0.002871426900820197,0.16635459088303156,0.0003851513331474753,0.023928582660715243
2018-03-13,2018,1896,0,0,34,3,-1.155996300244176,-0.00288999075061044,-0.08740919109065087,0.1814205230268605,0.00043441782388004604,0.35536913186675473
2018-03-14,2018,1896,0,0,34,8,-0.09191188397112415,-0.00022977970992781038,-0.013937808833421972,0.169163727141831,0.0003705427596874506,0.044682018439303986
2018-03-15,2018,1896,0,0,32,3,0.5549970274394376,0.001387492568598594,0.03188237235590467,0.16152221532602506,0.0005328981132806412,0.02289090495374934
2018-03-16,2018,1897,0,0,31,8,0.25326186716567584,0.0006331546679141896,0.03644004604724147,0.16075669456901437,0.0002603916258206567,0.016249909712024377
2018-03-19,2018,1897,0,0,31,11,-0.4100080747358593,-0.0010250201868396483,-0.019469163403024993,0.17008363067241358,0.0003614650688090197,0.013220126298254227
2018-03-20,2018,1897,0,0,29,10,-1.0223376422668702,-0.0025558441056671754,-0.1554091787935518,0.19277131646153367,0.001702755815264318,0.03478213601506084
2018-03-22,2018,1898,0,0,28,3,0.041463566067988566,0.00010365891516997141,-0.040811597699352074,0.17364654202687665,0.0003138176739117684,0.015216912249520775
2018-03-23,2018,1900,0,0,30,2,-0.6086924061158117,-0.001521731015289529,-0.06323428320441914,0.1773922174901685,0.0022223106185127396,0.05880600779739444
2018-03-26,2018,1900,0,0,28,4,-0.014794982127108502,-3.6987455317771256e-05,0.0004521408865114157,0.16676603651088193,0.0005278195367320721,0.0318019812964747
2018-03-27,2018,1901,0,0,29,1,-0.8335485030220358,-0.0020838712575550894,-0.07607000280672926,0.17952546742420158,0.000637209112181186,0.10622051377105259
2018-03-28,2018,1901,0,0,31,1,-2.162507238812331,-0.0054062680970308275,-0.21961852710176574,0.20348138477926034,0.0006550899474903594,0.026321018643260093
2018-03-29,2018,1901,0,0,33,3,0.20416328823276345,0.0005104082205819086,-0.054613638545520544,0.1759491752409069,0.00032199225331306204,0.014399183646302997
2018-03-30,2018,1901,0,0,32,8,0.01776503724857942,4.441259312144854e-05,-0.04795032173810764,0.17483805279623935,0.00031890658472025413,0.007301721470348312
2018-04-02,2018,1902,0,0,33,6,-1.8623743386751277,-0.00465593584668782,-0.16651332422426735,0.19461971912512932,0.0005209998282211138,0.02532611470208787
2018-04-03,2018,1902,0,0,34,1,-0.13159206164725812,-0.0003289801541181453,-0.0279829683382566,0.17150569363417725,0.0004074273895962038,0.033899458648761094
2018-04-04,2018,1902,0,0,34,8,0.41908041686671926,0.001047701042166798,-0.03756587380196206,0.17310507273731912,0.0003966978504235075,0.052399852111298335
2018-04-05,2018,1902,0,0,34,4,-0.3498832832834487,-0.0008747082082086218,-0.07600347535448733,0.17951174597863512,0.0003583889413341306,0.01568321245941208
2018-04-06,2018,1902,0,0,34,2,-2.2772638037748094,-0.0056931595094370235,-0.16558106554345706,0.19446451743205082,0.00037474757352096426,0.028182813461628167
2018-04-09,2018,1902,0,0,36,7,-4.508950350312671,-0.011272375875781677,-0.3205988207988048,0.22032586891914288,0.0005612759830704915,0.03100426621093616
2018-04-10,2018,1902,0,0,37,0,-0.7132742681253262,-0.0017831856703133156,-0.11119944699124021,0.18538245405443585,0.0003257468920023887,0.023344610500982615
2018-04-11,2018,1902,0,0,38,0,0.25673586730150566,0.0006418396682537641,0.043311925010898554,0.15961025656488487,0.00042927669157699725,0.017492619344694718
2018-04-12,2018,1902,0,0,40,0,-0.7399223276174953,-0.0018498058190437384,-0.10613585150552235,0.18454571116451915,0.0006234872772516264,0.01977115819292955
2018-04-13,2018,1902,0,0,40,3,-0.49847695611195064,-0.0012461923902798767,-0.07426749997661378,0.17922902985488462,0.0003825651689564881,0.027622688356514078
2018-04-16,2018,1902,0,0,40,3,-0.9599937534640071,-0.002399984383660018,-0.06536885119380116,0.17774635350772672,0.00045685828195692437,0.0057181252040615855
2018-04-17,2018,1902,0,0,40,10,-0.832719229179992,-0.00208179807294998,-0.018635982920550336,0.16994341875358407,0.0003819019554448859,0.0687384823952878
2018-04-18,2018,1902,0,0,41,8,-0.3609550272965609,-0.0009023875682414023,-0.04884017881854161,0.1749736778672852,0.00025586470351103926,0.013622741309936116
2018-04-19,2018,1902,0,0,42,7,-0.04356679024836291,-0.00010891697562090728,0.025741574739633028,0.16254118564120063,0.00035583974960632313,0.011412832925961855
2018-04-20,2018,1903,0,1,43,7,1.0612979784769507,0.002653244946192377,0.06699314627505251,0.1556608566322744,0.0003326331947107563,0.006260107849937755
2018-04-23,2018,1903,0,0,43,3,-0.7247710040283877,-0.0018119275100709693,-0.0964070452865475,0.18291729771190582,0.00031950638568239444,0.019809921328276265
2018-04-24,2018,1903,0,0,45,4,-0.13330160476029523,-0.0003332540119007381,-0.019025300618258557,0.17001005279488954,0.00039425217068315554,0.01961528191186166
2018-04-25,2018,1903,0,0,45,6,-1.297831324443734,-0.003244578311109335,-0.09621006833122024,0.18288903986603075,0.000544312639508592,0.008399304934405688
2018-04-26,2018,1903,0,0,44,3,-0.3442633689807151,-0.0008606584224517877,0.008993926303668806,0.16533649207346646,0.0007194286009680993,0.019995374615686352
2018-04-27,2018,1903,0,0,45,2,0.9768113346279721,0.00244202833656993,0.14329355361675436,0.14292981089041992,0.0003042112066265218,0.01681488042281248
2018-05-01,2018,1903,0,0,46,0,-0.15150307062231827,-0.00037875767655579567,-0.04044277390909714,0.1735805890918172,0.0004206595671976813,0.010368242641324776
2018-05-02,2018,1903,0,0,48,0,1.8873876462537515,0.004718469115634379,0.13428622627031006,0.14443177643247795,0.00044106142547692374,0.0048231537079211975
2018-05-07,2018,1903,0,0,47,1,1.409832839062512,0.0035245820976562803,0.07533605345689764,0.1542653361914329,0.0006645140911010595,0.005036646292930669
2018-05-08,2018,1903,0,0,47,4,0.9129769355409522,0.0022824423388523806,0.04890553146718656,0.1586758412802396,0.000775157288791015,0.00846414757359924
2018-05-09,2018,1903,0,0,48,4,0.3842760220823145,0.0009606900552057862,0.06224118715702896,0.15645548524037883,0.0008197601986150749,0.013276049424512418
2018-05-10,2018,1903,0,0,48,4,0.6010912196977067,0.001502728049244267,0.046722541542249016,0.1590436148154541,0.0010557935022949502,0.022342032984417462
2018-05-11,2018,1903,0,0,47,0,0.6985411979899564,0.001746352994974891,-0.009167863782729171,0.1683665515931875,0.0007066230502166947,0.018119959218119062
2018-05-14,2018,1903,0,0,47,3,-0.7486686703436582,-0.0018716716758591457,-0.051578359638500375,0.1754436895860436,0.0006380034892416784,0.004815970678415448
2018-05-15,2018,1903,0,0,47,1,0.37712592722679816,0.0009428148180669954,0.062478161038503635,0.15641145128168182,0.00038631989750834383,0.0048043578023990105
2018-05-16,2018,1903,0,0,47,3,0.4272480473312321,0.0010681201183280803,0.04967214552966722,0.15854966723959402,0.00029655401789551795,0.005204691492248467
2018-05-17,2018,1903,0,0,48,0,1.1505733755037886,0.0028764334387594713,0.10707913519539673,0.14897109475529957,0.0003538815689562556,0.010601574010508201
2018-05-18,2018,1903,0,0,49,1,0.7446648595954839,0.0018616621489887096,0.06268455572339916,0.1563787180355255,0.00023514752558341861,0.007272843604817081
2018-05-21,2018,1903,0,0,50,3,0.46472584323545413,0.0011618146080886354,-0.05763882855431602,0.1764511704606304,0.00029349798765340306,0.01568576417836793
2018-05-22,2018,1903,0,0,51,0,-0.4226266107526482,-0.0010565665268816205,-0.026360210639971928,0.1712376025086222,0.00038037037975714846,0.007013679325074315
2018-05-23,2018,1903,0,0,50,10,-1.7562927249732563,-0.004390731812433141,-0.14348589850384494,0.19077505932348615,0.00028937838232537835,0.043443092609672544
2018-05-24,2018,1903,0,0,50,2,-0.4018553154896176,-0.001004638288724044,-0.02930876817734028,0.17172245940042513,0.00036263434006367077,0.01196010473247573
2018-05-25,2018,1903,0,0,50,10,-0.4377149992479292,-0.0010942874981198232,-0.05334701825770889,0.17573824493352166,0.00026712721644995543,0.013559791642526615
2018-05-28,2018,1903,0,0,50,15,0.6004346923876549,0.0015010867309691372,0.06511293326067308,0.15597777671472135,0.0003606091581266126,0.031198721874358234
2018-05-29,2018,1903,0,0,50,13,1.4959636872796493,0.0037399092181991233,0.07448703020461155,0.1544100013629678,0.0004700594436569661,0.016565244003133726
2018-05-30,2018,1903,0,0,50,8,-0.6124364814871909,-0.0015310912037179772,-0.06609563214649773,0.17786482092873548,0.00043312747741695574,0.012291700367832874
2018-05-31,2018,1904,0,0,51,10,-1.9342771552835838,-0.0048356928882089594,-0.18905412353211967,0.19838316931349653,0.0006208312290848974,0.016160634628826883
2018-06-01,2018,1904,0,0,51,8,0.2105875843968574,0.0005264689609921435,-0.029926805692449623,0.1718257932208433,0.0003507705007778932,0.22261442424778322
2018-06-04,2018,1904,0,0,51,15,1.1082334224976749,0.002770583556244187,0.03137843385035438,0.16159833707512947,0.00034772974907711427,0.05718748879110629
2018-06-05,2018,1904,0,0,52,6,0.4900695703526534,0.0012251739258816335,0.09112230036972994,0.15163399110816866,0.0004124878647173538,0.027287387135710526
2018-06-06,2018,1904,0,0,52,7,-0.22869486054469707,-0.0005717371513617427,-0.015838443472392643,0.16947478083423728,0.0003092643033036105,0.02691470596835537
2018-06-07,2018,1904,0,0,51,7,-0.27471433735417683,-0.0006867858433854421,-0.02143293496995231,0.17040960510841235,0.00032579320165010395,0.032698765049672854
2018-06-08,2018,1904,0,0,51,14,-0.7033795615392545,-0.0017584489038481362,-0.05055950992164982,0.1752689041971873,0.00024876281212492945,0.022567904518695666
2018-06-11,2018,1904,0,0,51,11,-0.036335808611755505,-9.083952152938876e-05,-0.00984690825952496,0.16847666414526233,0.0003455549074643694,0.015844265659581747
2018-06-12,2018,1904,0,0,52,1,0.64796482217044,0.0016199120554261002,0.047877379644366315,0.1588454858043542,0.0003264904634872393,0.004421671938911299
2018-06-13,2018,1904,0,0,53,2,1.468937682396949,0.0036723442059923726,0.14022053437853574,0.14344562700978142,0.0003946908816278252,0.005012715808882882
2018-06-14,2018,1904,0,0,53,9,-1.8525729194833,-0.00463143229870825,-0.1791472530123772,0.19672895686968453,0.00046585657439178154,0.010538543807711952
2018-06-15,2018,1904,0,0,53,9,0.37804181876357745,0.0009451045469089436,0.007061259725679304,0.16566299726852454,0.0006055819981559069,0.015250281938515731
2018-06-18,2018,1904,0,0,51,6,0.2541205041849004,0.000635301260462251,0.011839657499976503,0.16486255125857266,0.0003157493366517729,0.020765617445765515
2018-06-19,2018,1905,0,0,51,16,1.240052801842015,0.0031001320046050375,0.11153872501763165,0.14822960846856112,0.000335847578730223,0.027373997818645204
2018-06-20,2018,1905,0,0,50,17,0.052506786475072204,0.0001312669661876805,0.025147150791072173,0.16264346839940236,0.00043326246179082315,0.060894721264128336
2018-06-21,2018,1906,0,0,51,5,-0.4078032576852393,-0.0010195081442130982,-0.020496601639209164,0.17025978984451848,0.0006266177680582073,0.015881620759657142
2018-06-22,2018,1907,0,0,51,8,-1.9669142079556758,-0.004917285519889189,-0.1649859078000454,0.1943636475467977,0.0004054605606860645,0.018437341777851248
2018-06-25,2018,1907,0,0,51,8,0.8700281863330002,0.0021750704658325005,0.1635738985367019,0.13954834290303492,0.0005547943462512655,0.017785214763947538
2018-06-26,2018,1908,0,0,51,9,-0.1421390097926749,-0.00035534752448168725,-0.025114293431888618,0.17102802179532922,0.0003149792393517644,0.022485741656290074
2018-06-27,2018,1909,0,0,50,4,0.8789281457562339,0.0021973203643905845,0.12147571813756698,0.1465697463340756,0.0003325874865473637,0.007553439005861477
2018-06-28,2018,1909,0,0,50,13,-0.5918286730758275,-0.0014795716826895688,-0.0250723377384943,0.17102410062460716,0.000806869055051938,0.040336383782254265
2018-06-29,2018,1910,0,0,51,5,-0.8867884215522529,-0.0022169710538806325,-0.07252905916383313,0.178939054390509,0.00038316928327371784,0.013788774938760509
2018-07-02,2018,1910,0,0,52,17,0.32222276402548355,0.0008055569100637089,0.02684786565616788,0.16235843854380852,0.00039951139600079863,0.027158166793857404
2018-07-03,2018,1910,0,0,52,5,0.2815093377435489,0.0007037733443588722,0.0409007749784264,0.16001708132888315,0.0005457583397239882,0.015950056307856987
2018-07-04,2018,1910,0,0,52,4,1.718646326087847,0.004296615815219618,0.11147168088463717,0.14824112131651232,0.0008008660382703797,0.017108680367239466
2018-07-05,2018,1910,0,0,51,25,0.10402880347865029,0.00026007200869662575,-0.020632628172783732,0.17028161485487028,0.0012848180069425245,0.04787453138068825
2018-07-06,2018,1910,0,0,52,8,1.0295479746472422,0.0025738699366181055,0.06519475435513025,0.1559620256666922,0.0004413673925889797,0.028602169786539414
2018-07-09,2018,1910,0,0,51,1,-0.5521000457725105,-0.0013802501144312763,-0.0477014739691765,0.17479837313652707,0.0004954491290551805,0.034026456990091374
2018-07-10,2018,1911,0,0,51,5,0.14123693628837897,0.00035309234072094744,0.06796399125592634,0.15549514789395041,0.00035483321287356446,0.012339926664851595
2018-07-11,2018,1911,0,0,53,8,0.10371245621082625,0.0002592811405270656,0.029725763370746866,0.16187680795423773,0.0006045517018739067,0.04187901694127237
2018-07-12,2018,1911,0,0,54,8,2.0558839546390177,0.005139709886597545,0.15071608984022902,0.14169410458905576,0.0006530166680011236,0.008749513862430837
2018-07-13,2018,1911,0,0,55,2,0.26874436434376325,0.0006718609108594081,0.051930674713469176,0.15817328163097194,0.0004018259975065399,0.011904487468362434
2018-07-17,2018,1911,0,0,54,2,1.7458093160677817,0.004364523290169454,0.1571002795104894,0.14062798357677886,0.0002776932969671042,0.018645474604316672
2018-07-18,2018,1911,0,0,54,3,-0.9765048938424019,-0.002441262234606005,-0.03806753007779293,0.17318629543738895,0.00032768407304552245,0.01296128468907437
2018-07-19,2018,1911,0,0,55,6,0.38099152083704846,0.0009524788020926211,0.0685243259072805,0.15539925523549095,0.0003302830300686778,0.04254889846983646
2018-07-20,2018,1911,0,0,54,3,0.29984139174274693,0.0007496034793568673,0.051843040953816324,0.1581864531505049,0.0003267307449515366,0.00884055169982906
2018-07-23,2018,1912,0,0,55,4,0.8370886763498282,0.0020927216908745703,0.08478150001923103,0.15268886121422387,0.0003177768708041795,0.006131892832538828
2018-07-24,2018,1912,0,0,57,5,0.48847055192692745,0.0012211763798173187,0.04229756116499355,0.15978251175043007,0.0003699721926012246,0.011579658372258642
2018-07-25,2018,1913,0,0,58,6,0.6354272108036938,0.0015885680270092345,0.048900119165948205,0.1586794812993525,0.0003476253465054519,0.01954184216860545
2018-07-26,2018,1913,0,0,58,10,0.08788600939525304,0.0002197150234881326,0.06940069558670467,0.15525744079950032,0.0007499573752364268,0.02531998226964053
2018-07-27,2018,1913,0,0,57,5,1.1690378068536882,0.0029225945171342206,0.12784956755635032,0.14550831542679554,0.0007901703529186677,0.011236002022344694
2018-07-30,2018,1913,0,0,57,2,-1.4703288940276356,-0.003675822235069089,-0.046224330897873075,0.174549018454538,0.0008350544019635359,0.012466211434939173
2018-07-31,2018,1913,0,0,57,7,1.1251357511106859,0.0028128393777767146,0.09658415447142038,0.1507189543261046,0.0005444178389038407,0.013688485322336845
2018-08-01,2018,1913,0,0,58,4,-0.5214440575367154,-0.0013036101438417885,-0.03119664814120708,0.17204322462060048,0.0007179933248832956,0.01932606792020701
2018-08-02,2018,1913,0,0,56,2,-1.05128832154742,-0.00262822080386855,-0.028356344542675212,0.17156761586127003,0.0008124680264269686,0.015203217411901008
2018-08-03,2018,1913,0,0,56,0,0.6322020934881267,0.0015805052337203168,-0.0017815362584121918,0.16713480223022406,0.0005910187588525526,0.012098773114161252
2018-08-06,2018,1913,0,0,57,0,0.2745300938120183,0.0006863252345300458,0.02529620446717833,0.16261736620358633,0.0007243005584371622,0.017595926532101396
2018-08-07,2018,1913,0,0,58,1,0.20622314779109305,0.0005155578694777326,0.039047517952609696,0.16032251224537583,0.0006258754763677774,0.01268353964210855
2018-08-08,2018,1913,0,0,57,2,0.4081447266887892,0.001020361816721973,0.06580627857938195,0.15585889802789127,0.000983458562918131,0.010588601435208154
2018-08-09,2018,1913,0,0,58,1,1.5559702584957722,0.0038899256462394307,0.08255693116387593,0.15306679137869425,0.0014507028484214252,0.006919719681819675
2018-08-10,2018,1913,0,0,58,6,0.47524803050359044,0.001188120076258976,0.02219844715060915,0.16313645822367817,0.0008074615475986836,0.01549138760329688
2018-08-13,2018,1913,0,0,58,13,-0.7337750064928084,-0.0018344375162320208,0.0014064993331313086,0.166604663140437,0.000502682598769761,0.013725326035077881
2018-08-14,2018,1913,0,0,60,15,-0.16593858827613372,-0.00041484647069033433,0.024610439087933585,0.16273177788048687,0.0004979106891370756,0.012845485979885064
2018-08-15,2018,1913,0,0,61,4,-1.3148258617485613,-0.003287064654371403,-0.0884906146243577,0.18159796971180014,0.00038601474971683967,0.024898426803457843
2018-08-16,2018,1913,0,0,62,6,0.5599174147051456,0.0013997935367628638,0.0629705388932018,0.15633157303715453,0.0002979840686819807,0.02007814544065572
2018-08-17,2018,1913,0,0,63,3,-0.5684270433980939,-0.0014210676084952347,-0.04371421781478012,0.17413058243119933,0.0003583861040291947,0.020221967326901222
2018-08-20,2018,1913,0,0,64,8,-0.44644972421264617,-0.0011161243105316154,-0.030545319627884798,0.1719342845727487,0.000585114381061942,0.02030105286693539
2018-08-21,2018,1913,0,0,64,1,-0.5971254132379133,-0.0014928135330947833,-0.07471812576886099,0.17929424214985049,0.00043923529465678666,0.008601763690730622
2018-08-22,2018,1913,0,0,65,3,0.4927997295628883,0.0012319993239072208,0.056207459350542555,0.1574561386219382,0.000308696930886162,0.022439880759497974
2018-08-23,2018,1913,0,0,64,1,0.0346681209054327,8.667030226358174e-05,0.015949440672151278,0.16417851024681213,0.00047551410435970096,0.0493203195831732
2018-08-24,2018,1913,0,0,64,6,1.6128154037510112,0.004032038509377528,0.1316903494879674,0.1448562506165208,0.0002574344607092947,0.016722740881346464
2018-08-27,2018,1913,0,0,64,4,-0.4378780741193459,-0.0010946951852983647,-0.011027246009882717,0.16867683736095182,0.000370286086012726,0.01596093879356865
2018-08-28,2018,1913,0,0,64,6,-0.29081558137507635,-0.0007270389534376908,-0.02901310849879923,0.17167233752628167,0.000365868764804441,0.030610729514858267
2018-08-29,2018,1913,0,0,63,11,-0.7783882541579548,-0.0019459706353948869,-0.06387543039746993,0.17748498009478106,0.00029020235655910595,0.026597049440915902
2018-08-30,2018,1913,0,0,63,7,-0.42258482249982876,-0.0010564620562495718,-0.06750564357330886,0.17809934563757884,0.0006657449960984137,0.04488538125926149
2018-08-31,2018,1913,0,0,65,14,-0.48100758394651355,-0.001202518959866284,-0.07615053515418606,0.17953699069984438,0.00033883860577009,0.008176616940036619
2018-09-03,2018,1913,0,0,64,11,0.25246618955284694,0.0006311654738821174,0.020022208084637064,0.16348879507204436,0.000383046874289442,0.02998846450152425
2018-09-04,2018,1913,0,0,64,11,0.6281996537559278,0.0015704991343898195,0.04379523442294239,0.15953073311118804,0.000449917884682725,0.022217589412718463
2018-09-05,2018,1913,0,0,65,6,0.06349137397725668,0.0001587284349431417,0.02886132483227744,0.16202066836517007,0.00034071163974456326,0.009426526639253157
2018-09-06,2018,1913,0,0,63,8,-1.0939441735130857,-0.002734860433782714,-0.0038027647297353678,0.1674648753516588,0.0004784723345927375,0.40361622275725423
2018-09-07,2018,1913,0,0,63,5,0.0819089711795219,0.00020477242794880474,0.061348569901241636,0.15659469218233488,0.00036443734046033625,0.013489786799964319
2018-09-10,2018,1913,0,0,64,7,0.2092168497519591,0.0005230421243798977,0.0767421442558234,0.15403298393480122,0.0004173298634446275,0.008853857083326592
2018-09-11,2018,1913,0,0,61,6,-0.18070333850839249,-0.0004517583462709812,-0.02799929599515137,0.1715068386750751,0.0003976586930636316,0.008899897392066362
2018-09-12,2018,1913,0,0,62,0,-1.7436140120985835,-0.004359035030246459,-0.21016518237654652,0.20190063593657753,0.0006648725115162494,0.016318723021437886
2018-09-13,2018,1913,0,0,63,10,0.2789249536995495,0.0006973123842488738,0.03652773944199795,0.1607451527099144,0.0007151646182425464,0.012367781492743478
2018-09-14,2018,1913,0,0,61,8,1.2252636772624075,0.0030631591931560187,0.17076119865076056,0.13834963752719315,0.0005354099605108623,0.021939919982713257
2018-09-18,2018,1913,0,0,59,4,0.26103253362779366,0.0006525813340694842,-0.022615911669367172,0.17060825413688588,0.0003373506674293918,0.03198730634352651
2018-09-19,2018,1913,0,0,58,8,0.1838291600604478,0.0004595729001511195,0.03516560795592582,0.16097222313482373,0.00046293382161002915,0.023438860010588355
2018-09-20,2018,1913,0,0,57,6,-0.14741139326146913,-0.0003685284831536728,-0.03442144482198984,0.1725829950243965,0.0005873107872156525,0.01756170713370214
2018-09-21,2018,1914,0,0,58,11,-2.2853623087871777,-0.005713405771967944,-0.18358250317489597,0.19746709025195852,0.0005436938013056909,0.039459415383783954
2018-09-25,2018,1915,0,0,59,21,-0.6914045786901517,-0.0017285114467253792,-0.044565070751838326,0.17427523204959444,0.0009675414191131815,0.028333158457503636
2018-09-26,2018,1915,0,0,58,12,0.6087177205962359,0.0015217943014905896,0.04753891825088497,0.1589055031438862,0.00033636049010483975,0.029065163758482032
2018-09-27,2018,1916,0,0,59,15,0.7583218349190881,0.0018958045872977203,0.10198929387185703,0.1498220963866989,0.00037184141783765877,0.06348238646378355
2018-09-28,2018,1917,0,0,60,17,-1.0271894500197878,-0.0025679736250494695,-0.09910163412398963,0.18337035059378867,0.00039366718978098026,0.01390113608421827
2018-10-01,2018,1920,0,0,63,19,0.6647890393804308,0.001661972598451077,0.052948529216306356,0.15800423137933084,0.000526468336726107,0.016198401484416636
2018-10-02,2018,1920,0,0,63,17,-0.7098663906571773,-0.001774665976642943,-0.04026966095927427,0.17355458132318333,0.00031632636334542863,0.021589471603656315
2018-10-03,2018,1920,0,0,63,3,-0.858904986022688,-0.00214726246505672,-0.06441154848116212,0.17758192833567452,0.0004335027844596872,0.016339525179285552
2018-10-04,2018,1920,0,0,62,11,-0.6553934280762164,-0.0016384835701905409,-0.035697790490308315,0.17279492981412936,0.0008258319338055863,0.026469921775154323
2018-10-05,2018,1920,0,0,65,9,0.5523539896154239,0.0013808849740385599,0.09262493548905679,0.15138295867671983,0.000529125545660537,0.03793118566446674
2018-10-09,2018,1920,0,0,65,5,-0.6895536272886948,-0.001723884068221737,0.029272776088846906,0.16195647624710088,0.0013642944368203829,0.023954289175920514
2018-10-10,2018,1920,0,0,64,2,2.685515256517761,0.0067137881412944024,0.18698189041055244,0.1356433046866026,0.0006555063366703381,0.01689014142014671
2018-10-11,2018,1920,0,0,63,31,1.45053283398199,0.0036263320849549753,0.05364219136987899,0.15789015980771712,0.0005207146650069123,0.1039799996208758
2018-10-12,2018,1920,0,0,63,5,-0.40454198075018166,-0.0010113549518754542,-0.09452951707581024,0.18260799607539877,0.0004883383948178713,0.024823487391254985
2018-10-15,2018,1920,0,0,63,11,0.5626910352670076,0.001406727588167519,0.09275316565957281,0.15136496890343432,0.0008915971516581869,0.034654481525613096
2018-10-16,2018,1920,0,0,64,13,-1.2097223494387253,-0.003024305873596813,-0.10431601261371357,0.1842394232120889,0.0003766625940483733,0.023143022135053398
2018-10-17,2018,1920,0,0,63,6,-1.3926782413924563,-0.003481695603481141,-0.12755909392499765,0.18811781103501524,0.0005222608857627495,0.06712658265423159
2018-10-18,2018,1920,0,0,63,16,-0.5528728491167234,-0.0013821821227918084,-0.009182892176073444,0.16836679627472564,0.00032008632902922246,0.041003611663467145
2018-10-19,2018,1921,0,0,64,10,0.9741845940316356,0.002435461485079089,0.11084999585823853,0.1483457736460412,0.0006480768600205716,0.013965361796360426
2018-10-22,2018,1921,0,0,63,13,0.21142108023063927,0.0005285527005765982,0.0549417802670239,0.15766453615173487,0.00039610884679524086,0.03244673126195535
2018-10-23,2018,1921,0,0,62,9,1.0596053683039681,0.0026490134207599204,0.11756468434934635,0.1472257465797436,0.0009865412202847846,0.04049431644415547
2018-10-24,2018,1921,0,0,63,15,-0.1601773430652158,-0.0004004433576630395,-0.002802007350285503,0.1673059046728366,0.0006919206902017037,0.10195888420049398
2018-10-25,2018,1921,0,0,62,36,0.19411970868442063,0.00048529927171105157,0.06529410775792682,0.1559447582023568,0.0015130800226388287,0.0759935641492733
2018-10-26,2018,1921,0,0,62,26,-1.8536612350050596,-0.004634153087512649,-0.09454753854001181,0.18261405909962622,0.0024047853381276435,0.027320733797754897
2018-10-29,2018,1921,0,0,62,14,-1.6699591912531937,-0.004174897978132985,-0.15555668639037326,0.19279275905086868,0.002382217597826076,0.03595525136728246
2018-10-30,2018,1921,0,0,63,31,1.8261758549869045,0.004565439637467261,0.08789202481772417,0.1521740279958084,0.0018188970466151563,0.13114334209768735
2018-10-31,2018,1921,0,0,62,9,3.734292836845934,0.009335732092114834,0.24281567650778396,0.1263278536620331,0.0008768245748160272,0.07443992935212418
2018-11-01,2018,1921,0,0,62,12,1.2713865755143992,0.003178466438785998,0.04716944645163483,0.15896614974489287,0.0005917173276093347,0.02619539562298308
2018-11-02,2018,1921,0,0,61,6,-0.443667636895437,-0.0011091690922385925,0.017676915262795228,0.1638867392962785,0.0006396642261768997,0.04169328240374129
2018-11-05,2018,1921,0,0,61,6,0.5149050898136095,0.0012872627245340237,0.04702933273657192,0.15899066357334324,0.0006383098302374788,0.029604777003343595
2018-11-06,2018,1921,0,0,60,7,0.24033972975421136,0.0006008493243855284,0.030516143308344335,0.1617475234744409,0.0009399337431707018,0.018310315789888343
2018-11-07,2018,1921,0,0,60,12,0.004234559739411697,1.0586399348529243e-05,-0.010297012423738353,0.16854984994579736,0.0007548205942160328,0.02563860421162935
2018-11-08,2018,1921,0,0,60,5,0.03318651718972965,8.296629297432411e-05,-0.030187206456431227,0.17187180381808884,0.0011289296729427374,0.028155839410829345
2018-11-09,2018,1921,0,0,62,5,-0.6265566999953158,-0.0015663917499882897,-0.021592753543564814,0.17044220336087976,0.0009568820276227626,0.014584197788744561
2018-11-12,2018,1921,0,0,61,2,0.9099313710884441,0.0022748284277211103,0.034803729447484145,0.1610304913975062,0.0007737115385370685,0.012382701095774643
2018-11-13,2018,1921,0,0,58,9,-0.6543588065693404,-0.001635897016423351,-0.06383143452833412,0.1774854463154408,0.0007380763946638682,0.013139734928316282
2018-11-14,2018,1921,0,0,59,7,-1.2127592418240025,-0.0030318981045600064,-0.16803291686364222,0.19487251853203716,0.0005331193304610975,0.014182872544652139
2018-11-15,2018,1921,0,0,58,8,0.26403014111611456,0.0006600753527902864,0.020189058022928644,0.16346917946664516,0.0005340478986146178,0.023388056769108087
2018-11-16,2018,1921,0,0,58,11,0.956036567916561,0.0023900914197914026,0.11298641608522168,0.14798569425465613,0.0004524611815260719,0.05285755784959158
2018-11-19,2018,1921,0,0,58,4,-0.40592817857641017,-0.0010148204464410255,0.008780813284383208,0.1653712795137759,0.0003398483059709504,0.01258092104549028
2018-11-20,2018,1921,0,0,59,7,-0.20785750917359458,-0.0005196437729339864,0.0010028617208299906,0.16666987386307766,0.00040667197465641417,0.01963625982912259
2018-11-21,2018,1921,0,0,59,17,0.7266458252344403,0.0018166145630861008,0.030572656347862395,0.16173368403783206,0.0003909085658828482,0.012025725351242732
2018-11-22,2018,1921,0,0,59,3,1.1722970246155224,0.002930742561538806,0.12638429255733497,0.14575105021843732,0.0003390419109296299,0.010395870904958976
2018-11-26,2018,1921,0,0,60,3,2.583542619124727,0.006458856547811817,0.18327916935848812,0.13625863106091213,0.00046717270500037353,0.01784135661432733
2018-11-27,2018,1921,0,0,60,6,0.9052543570720776,0.002263135892680194,0.09932645257304126,0.15026498549531586,0.0003775581116480005,0.009191751776187649
2018-11-28,2018,1922,0,0,61,6,0.3313409676857094,0.0008283524192142735,0.008196075924516814,0.1654703564066298,0.00037586217955245957,0.02863651729737346
2018-11-29,2018,1922,0,0,62,13,1.7182406793620308,0.004295601698405077,0.15488441336387218,0.14099675516146173,0.0004091386942229396,0.06160266595016914
2018-11-30,2018,1922,0,0,61,4,-0.7939845516147903,-0.0019849613790369758,-0.07901736142426849,0.1800230733642366,0.0009164401332329707,0.011455756617720846
2018-12-03,2018,1922,0,0,62,10,-1.6783766752924816,-0.004195941688231204,-0.1607936665578146,0.19366521695503724,0.0005326581695042293,0.013340550184354013
2018-12-04,2018,1922,0,0,61,10,0.3041464381023218,0.0007603660952558045,0.024993040783123054,0.16266949170298894,0.0007547738410195982,0.06252848910939697
2018-12-05,2018,1922,0,0,62,14,-0.5273049789381044,-0.0013182624473452608,-0.09022161368035514,0.18188909194476635,0.00042280822350062593,0.02563190452965086
2018-12-06,2018,1922,0,0,62,17,1.0926571841387012,0.002731642960346753,0.10096005642749153,0.14999582408149453,0.0006887635120906574,0.015515397932490887
2018-12-07,2018,1922,0,0,62,10,-0.1556919618089272,-0.000389229904522318,-0.051034087640993216,0.1753533531264188,0.0006348736062285319,0.009800563319967938
2018-12-10,2018,1922,0,0,60,18,-1.4533371524802896,-0.003633342881200724,-0.07763206989747742,0.1797918331265298,0.0015830678507142424,0.038767978650207306
2018-12-11,2018,1922,0,0,59,19,-2.0336913795757363,-0.005084228448939341,-0.21596505925633727,0.20286842789360432,0.001115762285724794,0.027098917100897936
2018-12-12,2018,1923,0,0,58,3,-0.8261436580448493,-0.0020653591451121234,-0.0974242410774248,0.18309302517771464,0.0011273178764274357,0.06014941600680946
2018-12-13,2018,1924,0,0,59,1,-1.2604588421152223,-0.0031511471052880556,-0.13731191248707503,0.18974690647054424,0.0007033581434065573,0.029042665077840528
2018-12-14,2018,1923,0,0,60,10,-0.6754328368502014,-0.0016885820921255035,-0.05497597948625058,0.17601215698606668,0.0007770706378709415,0.04726525855281564
2018-12-17,2018,1923,0,0,59,7,0.41452394757317546,0.0010363098689329386,0.016885010699856134,0.16402074626797286,0.00046527494917237704,0.01512082068831312
2018-12-18,2018,1923,0,0,57,11,1.954477478750536,0.00488619369687634,0.1622884510729997,0.13976384941327696,0.0008132595206659973,0.055771034389956585
2018-12-19,2018,1925,0,0,59,17,0.7077308735056658,0.0017693271837641645,-0.011063324778161372,0.16868562163520584,0.0010200403308905381,0.03618458056687556
2018-12-20,2018,1925,0,0,59,32,4.770922983179298,0.011927307457948243,0.1972551760518974,0.1339298702084565,0.0016564762321213081,0.08872117011535548
2018-12-21,2018,1928,0,0,61,44,-2.5263531837605875,-0.006315882959401469,-0.17246349862951807,0.19561298572412386,0.002880886414000572,0.039667523235136726
2018-12-25,2018,1929,0,0,61,39,-2.692696968189871,-0.006731742420474678,-0.18019766308175464,0.19690364480738626,0.014307383889632997,0.14776120450748526
2018-12-26,2018,1929,0,0,58,1,-0.12157311736771365,-0.00030393279341928413,-0.047732755714763014,0.17479908740529762,0.0010129568466507313,0.12586687697786275
2018-12-27,2018,1929,0,0,58,2,-0.2680709739343321,-0.0006701774348358302,-0.011271493990522732,0.1687182351504351,0.0010129439962836496,0.09925818955569816
2018-12-28,2019,1930,0,0,58,9,0.1627640717589358,0.00040691017939733956,-0.10125839862753554,0.18373330553287853,0.002104951433430511,0.04619266528606431
2019-01-04,2019,1930,0,0,57,42,-2.1961282010503593,-0.005490320502625898,-0.15513188392921362,0.1927191033299803,0.0009036732808289637,0.09077473047911278
2019-01-07,2019,1930,0,0,57,10,1.1206178625419445,0.002801544656354861,0.030227983018820223,0.1617939327338468,0.0007635114230023173,0.08096902606695358
2019-01-08,2019,1930,0,0,56,15,-0.9603669267191385,-0.002400917316797846,-0.07756186725565711,0.17977555609462695,0.0008150099645269243,0.038749465111810016
2019-01-09,2019,1930,0,0,57,15,-0.3477369450406532,-0.000869342362601633,0.0484162823025515,0.15875469332316616,0.00047971771260265793,0.03286749296950637
2019-01-10,2019,1930,0,0,55,13,-0.3122235030188145,-0.0007805587575470363,0.028900122782238937,0.1620149651614359,0.0008265745163269118,0.030966789811680915
2019-01-11,2019,1930,0,0,56,8,-0.12993153345074476,-0.0003248288336268619,0.004539112623389821,0.16607852758480607,0.00044036119521745197,0.023575183424906002
2019-01-15,2019,1930,0,0,56,11,0.3793329307236535,0.0009483323268091337,0.06723660697890926,0.15561620338421286,0.00043898396681606356,0.02059351568446012
2019-01-16,2019,1930,0,0,57,6,1.3983911122520025,0.0034959777806300063,0.06368279703676176,0.15621109102327324,0.0005469499147541144,0.03863675217529631
2019-01-17,2019,1929,0,0,59,15,0.8106711221533237,0.0020266778053833093,0.030407385167638103,0.16176315857152052,0.0004629632311662755,0.037834113967152375
2019-01-18,2019,1929,0,0,58,5,-0.8269203919854856,-0.002067300979963714,-0.04468492505977536,0.17428900441848214,0.0004627600166633579,0.03447480680838523
2019-01-21,2019,1929,0,0,59,1,-0.9490215152439186,-0.0023725537881097965,-0.07710469162988921,0.17970067992973987,0.0004640060158888792,0.04277891170323462
2019-01-22,2019,1929,0,0,61,7,-0.3609262038579173,-0.0009023155096447933,-0.05072002796710618,0.17529492776725744,0.0004997334258641046,0.014888830652629638
2019-01-23,2019,1929,0,0,61,9,-1.6004509884272107,-0.004001127471068027,-0.12901563489817097,0.18835914576815638,0.0005656684596643236,0.017959513642483785
2019-01-24,2019,1929,0,0,60,11,0.5636907328085362,0.0014092268320213405,0.010765337857922653,0.16504072731056782,0.00045930970311637196,0.0876059912253737
2019-01-25,2019,1929,0,0,60,3,1.4620678415922566,0.0036551696039806413,0.09047957844123201,0.15173793837027033,0.00036509257691162933,0.023009705300901226
2019-01-28,2019,1929,0,0,60,4,0.16675595639910012,0.00041688989099775034,-0.03879374664298195,0.17330952809249991,0.0007572175598441636,0.01131143849751866
2019-01-29,2019,1929,0,0,61,4,0.13558000726263675,0.00033895001815659187,-0.020439679920145483,0.1702456342889204,0.0008034952094526636,0.021317547649983712
2019-01-30,2019,1929,0,0,62,5,0.1451537889407819,0.00036288447235195475,0.02942335274155229,0.16192813822280017,0.0009125256882546764,0.228725481416969
2019-01-31,2019,1929,0,0,62,12,1.2160121583359529,0.003040030395839882,0.07351108883809725,0.15457435621773685,0.0009635733097273617,0.021983567734861764
2019-02-01,2019,1929,0,0,62,15,0.48761384031005695,0.0012190346007751424,-0.005906653030944837,0.16782008456661082,0.0005356104657089058,0.018407836884542117
2019-02-04,2019,1929,0,0,62,25,-0.9872520834954843,-0.002468130208738711,-0.08663458561318083,0.1812866665517059,0.0005167633534396311,0.017029735530734558
2019-02-05,2019,1929,0,0,64,10,-0.12697476355217563,-0.00031743690888043905,-0.03764793590392003,0.17311658129024313,0.0007256173731721184,0.06454081673294682
2019-02-06,2019,1929,0,0,64,5,0.18707168488651327,0.00046767921221628315,0.0019936184494231844,0.16650607872149537,0.001174709561014241,0.015182109874256606
2019-02-07,2019,1929,0,0,66,6,0.6546057097726723,0.0016365142744316807,0.019870319730054122,0.16352361211817046,0.001271200798148735,0.02591926068660357
2019-02-08,2019,1929,0,0,65,1,0.8124793098989698,0.0020311982747474246,0.04023594712121966,0.16012325216609732,0.0007858271135446943,0.032686513879945776
2019-02-12,2019,1929,0,0,64,1,1.19696494299208,0.0029924123574802,0.08711737643351235,0.15230097048988603,0.000675817924934924,0.021135284403002025
2019-02-13,2019,1929,0,0,64,1,0.31384182327133603,0.0007846045581783401,0.02849326651576944,0.16208039028707064,0.0008163701120296931,0.017301821112753486
2019-02-14,2019,1929,0,0,65,4,0.08433777203500403,0.00021084443008751008,-0.0066157290890585104,0.16794303176710215,0.0008746093301400212,0.018004762350804292
2019-02-15,2019,1929,0,0,64,0,0.846838470314156,0.0021170961757853903,0.035299426759736,0.1609409015029769,0.0003475940377821309,0.022550615296198034
2019-02-18,2019,1929,0,0,63,2,0.371964771684649,0.0009299119292116224,0.022870994574958295,0.16301837722457177,0.00031589849924668783,0.035189897851774656
2019-02-19,2019,1929,0,0,63,1,1.224790835994557,0.0030619770899863925,0.09963024627230016,0.15020803025324414,0.00028195841341039176,0.019369908129309565
2019-02-20,2019,1929,0,0,64,8,-0.35332090566829566,-0.0008833022641707392,-0.0709881171895279,0.17867181993858633,0.00032678326244519083,0.012578225802901974
2019-02-21,2019,1929,0,0,64,2,-0.25079106474767876,-0.000626977661869197,-0.006278169764139671,0.16788348067576012,0.0003333977266287882,0.008483030238308644
2019-02-22,2019,1929,0,0,64,1,-0.17062047188469526,-0.00042655117971173817,0.0019854278182567394,0.1665004013913811,0.00031308540391536497,0.019774627600244055
2019-02-25,2019,1929,0,0,63,7,-1.2268878110514003,-0.0030672195276285007,-0.09073125369989032,0.18197062361321353,0.00038643620555053974,0.009622784454604195
2019-02-26,2019,1929,0,0,62,13,0.6650140396695519,0.0016625350991738798,0.06935932530768008,0.15526079436552512,0.0004410799513276114,0.02737230290097495
2019-02-27,2019,1929,0,0,62,13,-0.10892350301093001,-0.000272308757527325,-0.02540556609513114,0.1710725508292708,0.0002892803961182692,0.03999532996604837
2019-02-28,2019,1930,0,0,60,2,1.0144634828913974,0.0025361587072284934,0.021620663034410292,0.163229577143528,0.0004296883064924514,0.018178751296038655
2019-03-01,2019,1931,0,0,61,12,0.10199631570825174,0.00025499078927062935,-0.011954075354665436,0.16882731881526952,0.0003435506850934992,0.01272974521115022
2019-03-04,2019,1931,0,0,61,17,-0.4268287368978191,-0.0010670718422445477,-0.00871479507903572,0.16828510642036848,0.0002675075187535647,0.02202790851963351
2019-03-05,2019,1932,0,0,63,10,0.32734403750713525,0.0008183600937678382,-0.002459514935324725,0.16724672844844413,0.0004209548015642322,0.018787920375687953
2019-03-06,2019,1932,0,0,64,8,1.124835399132114,0.002812088497830285,0.09576157793489327,0.15086228342592184,0.000920687999318299,0.01044777092120724
2019-03-07,2019,1932,0,0,63,5,-0.8823661140251353,-0.0022059152850628385,-0.06542008686143012,0.1777496982505298,0.0004374514777302134,0.024256901595169442
2019-03-08,2019,1932,0,0,63,1,0.6267485400173638,0.0015668713500434095,0.12945251096609445,0.1452401823383778,0.000723784918314164,0.020345977750141596
2019-03-11,2019,1932,0,0,63,9,-0.8419476769354888,-0.002104869192338722,-0.07485793132196214,0.17932306875276574,0.00034470311900703293,0.02361634101599712
2019-03-12,2019,1932,0,0,63,15,-0.38971274070082773,-0.0009742818517520693,-0.06144797857097303,0.1770834127166869,0.000364083858609627,0.03943834061143521
2019-03-13,2019,1933,0,0,66,7,-0.47926679119816984,-0.0011981669779954245,-0.03088078850745452,0.17198789728883757,0.0005401315569288542,0.022552367398687018
2019-03-14,2019,1933,0,0,65,17,-0.7615449266638463,-0.0019038623166596157,-0.05457261315314658,0.17594128028161723,0.0007139254480818149,0.0356856518396685
2019-03-15,2019,1934,0,0,65,10,0.3811284394333444,0.0009528210985833611,0.020910813134727205,0.16334632149431763,0.0003032265637997718,0.03442957965864418
2019-03-18,2019,1934,0,0,65,5,-0.4591549072513794,-0.0011478872681284485,-0.05115006342362988,0.17536649597936724,0.0002893035940336586,0.013302505737735785
2019-03-19,2019,1935,0,0,66,10,0.04309158136256397,0.00010772895340640993,-0.035964799316822185,0.17283368808269112,0.00040435287053074056,0.01366975716963616
2019-03-20,2019,1936,0,0,67,6,0.33006714611458765,0.0008251678652864691,-0.028385617501406724,0.17157458760596,0.0010304176812208853,0.01917128406147667
2019-03-22,2019,1936,0,0,66,8,0.24408342494811563,0.0006102085623702891,0.04529306769961456,0.15928203724369136,0.0009930543138476928,0.009028000648956487
2019-03-25,2019,1936,0,0,65,13,-0.9760078559870161,-0.00244001963996754,0.007200815867274232,0.16563565349315632,0.0005012122027149068,0.018624633553607772
2019-03-26,2019,1936,0,0,63,13,-1.1975591198875684,-0.002993897799718921,-0.132855247396426,0.18900358094164738,0.00138212551901551,0.049900021456384565
2019-03-27,2019,1936,0,0,61,7,0.3791175469398255,0.0009477938673495639,0.06148173524134658,0.15657783647974904,0.00034930558281473945,0.018917969005582083
2019-03-28,2019,1937,0,0,63,11,-0.8958143164009582,-0.0022395357910023955,-0.10605989280825073,0.18453299232948475,0.0006473006092968885,0.06127280286941037
2019-03-29,2019,1937,0,0,64,3,-0.430039593566405,-0.0010750989839160125,-0.09291600541257966,0.1823379904678808,0.0005432312574913034,0.021752085394962904
2019-04-01,2019,1937,0,0,63,5,-0.5500873535845614,-0.0013752183839614036,-0.07082636572302085,0.17865121166668524,0.0004258422140153703,0.06295132495016559
2019-04-02,2019,1937,0,0,63,7,0.26772313965123284,0.0006693078491280821,-0.02851604059175903,0.1715793872333061,0.0003359457202501271,0.06257636514092493
2019-04-03,2019,1937,0,0,63,8,1.0683210629812314,0.0026708026574530784,0.07313604328817894,0.1546301384784657,0.0003378370669534325,0.025999606543629924
2019-04-04,2019,1937,0,0,65,7,0.7091523391733416,0.001772880847933354,0.033242912357297774,0.16128736176657904,0.0003057093571278685,0.012730023030216229
2019-04-05,2019,1937,0,0,64,8,0.7763511047784444,0.001940877761946111,0.054153459204115885,0.15778868542360341,0.0003398076240311535,0.03466550422410924
2019-04-08,2019,1937,0,0,63,9,0.9106095050958829,0.0022765237627397072,0.08583181533332156,0.15251297128325111,0.00024765709477660787,0.017048547040756798
2019-04-09,2019,1937,0,0,64,13,1.0791624829100375,0.0026979062072750937,0.1317825078326614,0.14484086147643938,0.00033128054325561696,0.024877255979983238
2019-04-10,2019,1938,0,0,63,9,0.11297484722406206,0.00028243711806015515,-0.0204974540206944,0.17024941204308192,0.00027867848462436644,0.014216834678461888
2019-04-11,2019,1938,0,0,66,8,-2.0436882630530255,-0.005109220657632564,-0.18815100552507183,0.1982280235052067,0.0008589062383696219,0.015391703542192745
2019-04-12,2019,1938,0,0,65,9,0.79479742759669,0.001986993568991725,0.05494892216780282,0.15766425098260228,0.0003307462806522497,0.03185874632134126
2019-04-15,2019,1938,0,0,64,22,0.007135801442402223,1.7839503606005557e-05,0.013409812250986234,0.1645923789226332,0.00039782208781359525,0.02620492603153361
2019-04-16,2019,1938,0,0,65,11,-0.3298865186653277,-0.0008247162966633192,-0.047642961643808664,0.17478619346667412,0.0006589070501646758,0.011558571908724214
2019-04-17,2019,1938,0,0,65,9,2.6984578790281173,0.006746144697570293,0.23249088553760103,0.12804485975956745,0.0003151856265656626,0.014201114387147558
2019-04-18,2019,1938,0,0,65,14,0.780601695619304,0.00195150423904826,0.14209618081438458,0.1431214702625322,0.00025959387102268054,0.01835881530030183
2019-04-19,2019,1938,0,0,65,16,-0.10760813040047229,-0.0002690203260011807,0.03355031366178698,0.1612265149906383,0.00021947684795363602,0.025746321655247952
2019-04-22,2019,1938,0,0,64,13,0.1103079777155852,0.00027576994428896303,0.04746326895286078,0.1589173078704804,0.0003504537268427133,0.022461938259505262
2019-04-23,2019,1938,0,0,63,5,-0.14617620312430102,-0.00036544050781075257,0.020219243398949108,0.1634602685057149,0.0003709758117134966,0.02221338525003749
2019-04-24,2019,1938,0,0,64,18,-0.0852716585323837,-0.00021317914633095926,-0.013730382187172837,0.16912378098980363,0.00042271519562767974,0.023314713758039615
2019-04-25,2019,1938,0,0,64,14,-1.403814830778796,-0.00350953707694699,-0.10491765683968791,0.18434097388678966,0.0009408206762203478,0.007416995519910798
2019-04-26,2019,1938,0,0,64,8,0.32924178828897155,0.0008231044707224289,-0.037870063730670485,0.17315506966085584,0.0007206083975888919,0.009067558620570829
2019-05-07,2019,1938,0,0,63,10,-0.019472093498941412,-4.868023374735353e-05,-0.006822193459302081,0.16797575722222896,0.0009432810155050691,0.00583079032218382
2019-05-08,2019,1938,0,0,63,8,-0.23088879584417676,-0.0005772219896104419,0.004406412173995043,0.16609896646710437,0.0008201435588462582,0.03397386386076508
2019-05-09,2019,1938,0,0,63,12,1.148061038908177,0.0028701525972704423,0.012395475815776994,0.1647689231016746,0.001380878219352481,0.03371345918194126
2019-05-10,2019,1938,0,0,64,20,0.6021790753756047,0.0015054476884390116,0.003465034489803359,0.1662585341454237,0.0009956018837178702,0.015565700487727135
2019-05-13,2019,1938,0,0,62,7,0.6969425105261375,0.001742356276315344,0.04073874473966827,0.16004021905843963,0.0012622601607010094,0.02429480393779273
2019-05-14,2019,1938,0,0,61,16,0.2241975471310268,0.000560493867827567,0.052486661765139664,0.15807805558582358,0.0010179492388865737,0.028786484592607995
2019-05-15,2019,1938,0,0,61,10,-0.5851294427143998,-0.0014628236067859995,-0.012067556476378702,0.16884957869665781,0.0006434127299656719,0.02977969934529038
2019-05-16,2019,1938,0,0,61,11,0.8189777389033069,0.0020474443472582675,-0.002384998245133053,0.16723161798277864,0.0004469099481335803,0.01953732057086361
2019-05-17,2019,1938,0,0,60,5,-0.630111452954841,-0.0015752786323871024,-0.05941895855247438,0.17674796993918868,0.0003734568763415547,0.02244079789323612
2019-05-20,2019,1938,0,0,61,9,-0.3722112925248167,-0.0009305282313120418,-0.04137641795618791,0.17373324079866598,0.0003221580540054256,0.024555219068775076
2019-05-21,2019,1938,0,0,61,9,2.507027767893197,0.006267569419732992,0.160997436757084,0.13997283681769315,0.0003852204179310751,0.014046968258714333
2019-05-22,2019,1938,0,0,60,7,-0.3682747084423238,-0.0009206867711058095,0.011170359870591581,0.16496907793136595,0.00030710177986699563,0.00846793748241101
2019-05-23,2019,1938,0,0,61,2,0.4229982947013397,0.0010574957367533492,0.05331713494887265,0.15793521074024924,0.00038031293976420466,0.03116960037291161
2019-05-24,2019,1938,0,0,60,5,-0.25244211393727656,-0.0006311052848431914,0.0018818015006067208,0.16652052427491817,0.00040242795954821586,0.01992362560150549
2019-05-27,2019,1938,0,0,60,11,-0.7901020141611566,-0.0019752550354028915,-0.06356667886342562,0.17743899348346867,0.00039390947627720177,0.010086531927460755
2019-05-28,2019,1938,0,0,60,0,2.768748778159572,0.00692187194539893,0.2501480424662827,0.12510073812743905,0.00036821592114254627,0.015399968858071678
2019-05-29,2019,1938,0,0,60,7,0.4601576511954619,0.0011503941279886547,0.07735357094704305,0.1539293892613789,0.00036751672903615005,0.03959136947415669
2019-05-30,2019,1938,0,0,59,11,0.4237628582234989,0.0010594071455587472,0.10122312243069723,0.14994966986664784,0.0006574263587464589,0.01880386125861195
2019-05-31,2019,1938,0,0,59,2,-3.1772701741089855,-0.007943175435272464,-0.24491470616734112,0.20769822707477736,0.0007271292803547847,0.01563288675794527
2019-06-03,2019,1939,0,0,58,5,-1.382117286237421,-0.0034552932155935525,-0.16985982586906734,0.19517748237725324,0.0016707048875552232,0.028297206817687683
2019-06-04,2019,1939,0,0,58,3,-1.097774555584576,-0.0027444363889614397,-0.0365035696868006,0.17292022131620174,0.0004609688254899342,0.02903098149637131
2019-06-05,2019,1939,0,0,57,5,-0.2994466238841629,-0.0007486165597104072,-0.019317080504650808,0.17005637592646206,0.0005608739990693581,0.03570933434643676
2019-06-06,2019,1939,0,0,59,7,0.1219099756780504,0.000304774939195126,-0.03753750878819376,0.173098255162737,0.0006896428362930391,0.030937895963315705
2019-06-07,2019,1939,0,0,59,13,0.7429565506661844,0.0018573913766654609,0.0631851908922333,0.15628683825912704,0.0002835340967658454,0.04744241126528745
2019-06-10,2019,1939,0,0,59,14,-0.06247150916871602,-0.00015617877292179006,-0.02333405675002341,0.17072498883375356,0.00036842231307638603,0.04921025260551305
2019-06-11,2019,1939,0,0,61,5,-1.639054862202018,-0.004097637155505045,-0.20822124112839865,0.20157385533890948,0.0005623959246438281,0.012602911506869065
2019-06-12,2019,1940,0,0,62,7,-0.5230045505465306,-0.0013075113763663265,-0.005905901728234448,0.1678140511945259,0.0003135223355976271,0.07491038436263765
2019-06-13,2019,1940,0,0,62,15,-1.2738026343860864,-0.003184506585965216,-0.13329909185067063,0.18907209032403058,0.0003874157206983104,0.017786512193548838
2019-06-14,2019,1940,0,0,59,14,0.8203162670372577,0.002050790667593144,0.0634045338821276,0.15625906822812968,0.0004495169848533838,0.01198553210350707
2019-06-17,2019,1940,0,0,57,10,-1.1243505857374219,-0.002810876464343555,-0.10592502766122265,0.18450963844687784,0.0008406729530130062,0.032563847671690675
2019-06-18,2019,1941,0,0,58,9,-0.6560809902068753,-0.0016402024755171882,-0.03452606774760608,0.17258832121338658,0.00038871964960915866,0.08145802425953949
2019-06-19,2019,1942,0,0,58,15,-0.5820654214378155,-0.0014551635535945387,-0.07662508656244543,0.1796198842223401,0.00048642716760825117,0.052439231581641405
2019-06-20,2019,1942,0,0,57,10,-0.3846216553079718,-0.0009615541382699296,-0.007998701918105705,0.16816394394483192,0.0002801155256806056,0.02083827957508777
2019-06-21,2019,1942,0,0,57,14,0.1782696520541912,0.00044567413013547804,0.050799928537081644,0.15835252753085133,0.0002743180431423434,0.0171221181491463
2019-06-24,2019,1942,0,0,57,19,0.3947564994372008,0.000986891248593002,0.0012837077167900499,0.16662109865397087,0.0004343034014393813,0.014104242905416696
2019-06-25,2019,1942,0,0,57,14,1.097956655661076,0.00274489163915269,0.0684431161499152,0.15541778239213705,0.0005334254257144314,0.007829838450358369
2019-06-26,2019,1942,0,0,57,29,-0.15465876421392832,-0.0003866469105348208,-0.007492402623433479,0.16807976669223423,0.0003738621940212404,0.01539222557582359
2019-06-27,2019,1943,0,0,57,2,0.16471105893797677,0.0004117776473449419,-0.007975393158390428,0.16816865292006006,0.0008353720147948292,0.03494500166922262
2019-06-28,2019,1943,0,0,57,11,-0.5032745646622052,-0.001258186411655513,-0.03574405636402791,0.17279597618582132,0.0002874567525462814,0.046497674390133234
2019-07-01,2019,1943,0,0,58,26,-2.3451388895981182,-0.005862847223995295,-0.20745704290793915,0.20144577193244123,0.0006284697524670562,0.09088085599689043
2019-07-02,2019,1943,0,0,57,8,1.3071452074260885,0.003267863018565221,0.09912076116583582,0.15029718066982414,0.0002453426319811629,0.17545015638880257
2019-07-03,2019,1943,0,0,57,3,0.3417354716805449,0.0008543386792013623,0.06714166271146806,0.15562350954218965,0.00025483469002743765,0.042955787775618585
2019-07-04,2019,1943,0,0,58,6,0.05564244772367033,0.00013910611930917583,-0.0036108031408069847,0.16743551553356686,0.0004698426860563455,0.032844492715151566
2019-07-05,2019,1943,0,0,55,6,0.4664155511391338,0.0011660388778478345,-0.017815560831609237,0.16980534101950034,0.0003404808711644836,0.060958549461369346
2019-07-08,2019,1943,0,0,54,1,0.3240672938746621,0.0008101682346866552,0.031695605789290884,0.16154396982037073,0.0002665092090029905,0.018579378946128704
2019-07-09,2019,1943,0,0,53,3,-0.21886878403449206,-0.0005471719600862302,0.013427911912315807,0.16459382915411463,0.0003273745496804737,0.02072532729962612
2019-07-10,2019,1943,0,0,54,6,0.29247623518487853,0.0007311905879621963,0.05239462718768177,0.1580911479989834,0.0003948656495549914,0.21978463348544192
2019-07-11,2019,1943,0,0,55,4,-0.002829850184457916,-7.07462546114479e-06,-0.02563787775723897,0.17110800584090943,0.0005638303956350142,0.010330908605810228
2019-07-12,2019,1943,0,0,52,1,-0.08254502520858276,-0.0002063625630214569,0.02844900630991965,0.1620848934264505,0.0002878192199818121,0.010893125866737827
2019-07-16,2019,1943,0,0,51,4,-0.5592418389796361,-0.0013981045974490903,-0.05819748489102259,0.17654760882043116,0.0009718232800665746,0.01245656995149299
2019-07-17,2019,1943,0,0,54,3,0.6253244335947676,0.0015633110839869192,0.058221791736811204,0.15712438520156977,0.0005261861351329568,0.009024664398302348
2019-07-18,2019,1944,0,0,55,16,-0.9726406098493177,-0.0024316015246232943,-0.08586797034196629,0.18115842683570973,0.0003101654841030689,0.028687624076398566
2019-07-19,2019,1944,0,0,54,10,-0.37372949018412704,-0.0009343237254603176,-0.01232374310031733,0.16889051324962776,0.00021636240996807368,0.015297383931970342
2019-07-22,2019,1944,0,0,54,7,0.20858400200282962,0.000521460005007074,-0.05191838997058464,0.17549088873659308,0.0002485339168375658,0.03307329274416883
2019-07-23,2019,1944,0,0,54,8,-0.035430689637347856,-8.857672409336964e-05,-0.03202195430763982,0.17217216145207753,0.0002529200105802,0.010972188517771066
2019-07-24,2019,1944,0,0,54,9,-0.6294115682611059,-0.0015735289206527648,-0.03680581960878508,0.17296741321039857,0.0003374136554386288,0.013280111492889577
2019-07-25,2019,1944,0,0,54,10,-0.7839371391809663,-0.0019598428479524156,-0.06821827965876444,0.1782116476688573,0.00033832377968583897,0.033312001804917696
2019-07-26,2019,1944,0,0,54,9,-0.34638814083520153,-0.0008659703520880038,0.021297702101971676,0.16327859149130855,0.00035351294257994677,0.03828495598993068
2019-07-29,2019,1945,0,0,54,7,-0.058246282126084514,-0.00014561570531521127,-0.024255508196096093,0.17087936220271682,0.000516586747619278,0.02633221993760575
2019-07-30,2019,1945,0,0,55,15,-0.3298311780874531,-0.0008245779452186328,0.020195631347362283,0.1634597946730529,0.00047284657267056686,0.007060913354638096
2019-07-31,2019,1945,0,0,56,6,-1.3526932183960918,-0.0033817330459902295,-0.1524320766846435,0.19226922247833822,0.0012707179412731453,0.01202594599976025
2019-08-01,2019,1945,0,0,55,8,-0.4892387493545174,-0.0012230968733862935,-0.055275425061435964,0.1760593534122526,0.0010140038695091757,0.01983723511415816
2019-08-02,2019,1945,0,0,56,25,0.8012099801533237,0.0020030249503833093,0.05239387582431273,0.15809046665135107,0.0003973570013219202,0.028081451932648854
2019-08-05,2019,1945,0,0,54,27,1.1252015905166295,0.0028130039762915737,0.051033962939060554,0.15831821086315356,0.0006142143613042638,0.019782171728734015
2019-08-06,2019,1945,0,0,54,24,-0.21295406621881963,-0.0005323851655470491,0.01810844258009125,0.16381146398838467,0.0006109230852714124,0.010278668156294439
2019-08-07,2019,1945,0,0,55,13,-0.5633134961735898,-0.0014082837404339745,-0.051469887094839295,0.1754118619341063,0.0005849064571299907,0.019735136687268555
2019-08-08,2019,1945,0,0,53,9,-2.6915947698450564,-0.006728986924612641,-0.16592605369132388,0.19451963437047465,0.0010442851995729784,0.017821931073346498
2019-08-09,2019,1946,0,0,54,4,1.9983435278733643,0.004995858819683411,0.1358174899260417,0.14417618453038036,0.0006547104253788958,0.0195781947332892
2019-08-13,2019,1946,0,0,54,4,1.233823431547252,0.00308455857886813,0.07595295901608257,0.15416415487714488,0.0005203549489369314,0.028889333548237948
2019-08-14,2019,1946,0,0,54,2,-0.04676365551801176,-0.0001169091387950294,0.00504280870303203,0.16598876901375298,0.0003301411313669162,0.017987891789261096
2019-08-15,2019,1946,0,0,54,9,-0.9998802839748705,-0.0024997007099371764,-0.05896241751256056,0.1766601141181241,0.0004089964191985358,0.0528959625118774
2019-08-16,2019,1946,0,0,54,24,-0.5705578709017196,-0.001426394677254299,-0.0033746392683216228,0.16739699451082168,0.00047267919900804105,0.051286868381654235
2019-08-19,2019,1946,0,0,54,2,-0.8011287311005946,-0.0020028218277514864,-0.10637951058307812,0.18458189332855313,0.00034642904322132174,0.07435194077247091
2019-08-20,2019,1946,0,0,54,1,0.2416690650267392,0.000604172662566848,0.041908710603411295,0.15982489386565926,0.00028833534125901526,0.020325045580580996
2019-08-21,2019,1946,0,0,57,6,0.40314910099164225,0.0010078727524791057,0.03829780644846965,0.1604332148995785,0.00023948427429783844,0.020626818666426697
2019-08-22,2019,1946,0,0,57,15,-2.3767149698894503,-0.005941787424723626,-0.19137959178248715,0.1987667522713451,0.000604212412373065,0.007888987197088648
2019-08-23,2019,1946,0,0,57,11,-0.3395370452319273,-0.0008488426130798182,0.011662912488920646,0.16488263309731502,0.0003128676982779962,0.0031995576565867125
2019-08-26,2019,1946,0,0,58,3,0.888478172729796,0.00222119543182449,0.04332496335947371,0.15959652408977126,0.00033014291826637034,0.10159089069838309
2019-08-27,2019,1946,0,0,54,8,-0.02359602678134587,-5.8990066953364676e-05,-0.005915065942724465,0.16781209222381427,0.00031776161679562646,0.03354030400440476
2019-08-28,2019,1946,0,0,54,13,2.718565312742249,0.0067964132818556225,0.25358344444382475,0.12453004918323511,0.0006292860300608827,0.026841594873817425
2019-08-29,2019,1946,0,0,53,17,-0.17341872503488753,-0.00043354681258721885,-0.03253975003147861,0.17226339414058986,0.0002924618639518042,0.012749432865711735
2019-08-30,2019,1946,0,0,53,2,0.041750057835787,0.0001043751445894675,0.061230546946361375,0.156614448449001,0.0002923112183943316,0.031577056737900414
2019-09-02,2019,1947,0,0,53,5,-1.1146170623644835,-0.002786542655911209,-0.10364184227047714,0.18412342531507492,0.00027196140056274284,0.013907274432303263
2019-09-03,2019,1947,0,0,53,6,1.276112643126758,0.003190281607816895,0.16927378688057687,0.1385963523410289,0.0005846762026209108,0.033396333605913806
2019-09-04,2019,1947,0,0,54,6,-0.5669580936964117,-0.0014173952342410292,-0.03995107770211486,0.17349502267766378,0.0002528746673387241,0.04019171428989013
2019-09-05,2019,1947,0,0,53,4,-0.15389470365523428,-0.00038473675913808567,0.022089840171387987,0.16314873825640694,0.0003374941065721286,0.0276274420128332
2019-09-06,2019,1947,0,0,52,11,4.97125635105027,0.012428140877625676,0.32350282777601436,0.11286375363032408,0.0004657285517275762,0.023369551497667722
2019-09-09,2019,1947,0,0,51,21,1.7454040612849422,0.004363510153212355,0.19236025718313973,0.1347444177462776,0.00046231740227925777,0.030980831340410388
2019-09-10,2019,1947,0,0,51,7,1.4918907504505845,0.0037297268761264614,0.13837949224886892,0.14374582629846727,0.00034473120157563143,0.01851207682184898
2019-09-11,2019,1947,0,0,51,8,0.7428243919326979,0.0018570609798317448,0.11544534483598136,0.14757428116252266,0.0003383007649909061,0.05415956644806999
2019-09-12,2019,1947,0,0,50,7,-0.13662969640657863,-0.0003415742410164466,-0.04520650853736529,0.17436998663182385,0.000387265546651175,0.01740524479995458
2019-09-13,2019,1946,0,0,50,8,-2.0009008554747054,-0.005002252138686764,-0.14112441217685703,0.1903789016458434,0.0004968176901726278,0.017204750372801246
2019-09-17,2019,1945,0,0,50,11,0.16208412763713764,0.0004052103190928441,0.002137245082094383,0.16648014017028515,0.0002928724855237579,0.015449490454611815
2019-09-18,2019,1945,0,0,49,5,0.2346398839028792,0.000586599709757198,-0.03454788284668197,0.17259165923090058,0.0003470927149420803,0.030645112782375795
2019-09-19,2019,1945,0,0,48,12,-0.15409692848652612,-0.0003852423212163153,-0.053740432829043214,0.17579725095745283,0.00036024223454167074,0.017237702889455808
2019-09-20,2019,1946,0,0,50,11,0.16734354753599134,0.00041835886883997834,0.0105856026381351,0.16506458677279592,0.0002289506950759361,0.01337844817114917
2019-09-24,2019,1947,0,0,50,5,-1.3171719966424582,-0.0032929299916061457,-0.08782015407199271,0.18148470437825395,0.00026464235857894333,0.01408219915086724
2019-09-25,2019,1947,0,0,50,4,0.5986692814120016,0.001496673203530004,0.0012933454896767755,0.16662107657028374,0.0005750256042411195,0.012666643885682713
2019-09-26,2019,1947,0,0,51,12,0.8383102099936,0.002095775524984,0.024234386658325332,0.16279279985320397,0.00044228564698547984,0.011574172242361938
2019-09-27,2019,1948,0,0,51,6,1.4505675085922265,0.0036264187714805662,0.09874614259277423,0.1503625151567082,0.0006217663576303833,0.0281771785105177
2019-09-30,2019,1948,0,0,52,3,0.08421513570459016,0.0002105378392614754,-0.024605945843241297,0.1709379916549191,0.00031802700325073857,0.026887800707878683
2019-10-01,2019,1949,0,0,52,4,0.3880541168426954,0.0009701352921067385,0.023518406055956745,0.16291354587789303,0.0006629986528845179,0.037362433818907845
2019-10-02,2019,1949,0,0,52,8,-0.09269952570135698,-0.00023174881425339243,-0.03131609484093586,0.17205429233456634,0.00025926911661434715,0.023081996598179836
2019-10-03,2019,1949,0,0,52,2,-0.2699920029307327,-0.0006749800073268318,0.037057133028668254,0.16064158056398553,0.0002834841639473627,0.024825420720446134
2019-10-04,2019,1949,0,0,50,3,0.34330397693274284,0.0008582599423318571,0.07053513150525048,0.15506670358997218,0.00044186859231655934,0.015468460235943178
2019-10-07,2019,1949,0,0,49,5,-0.5704039983698207,-0.0014260099959245518,-0.06822219135144425,0.17821013426557697,0.0002317144374611974,0.011380822504407716
2019-10-08,2019,1950,0,0,52,12,0.4311448459825479,0.0010778621149563697,0.06972713324167905,0.15519642646575166,0.0003433188293793882,0.02074800414343477
2019-10-09,2019,1951,0,0,56,8,-0.1259625783296412,-0.000314906445824103,-0.04695835003763772,0.17466256195932495,0.0003233491877706559,0.014785478074759367
2019-10-10,2019,1951,0,0,58,14,-0.009432166891996108,-2.358041722999027e-05,-0.03325638049683714,0.17238532642778986,0.0006067931203646926,0.053323609525731744
2019-10-11,2019,1951,0,0,58,9,-0.2990188644520422,-0.0007475471611301055,-0.026072931498386,0.17118248764688856,0.0004330533603562957,0.12483719408017245
2019-10-15,2019,1951,0,0,57,11,-0.15565129249301166,-0.00038912823123252914,-0.011799656183381139,0.1688010392687915,0.00031594077924098854,0.018546102473838554
2019-10-16,2019,1951,0,0,56,7,-1.159833375150298,-0.002899583437875745,-0.09325939366159552,0.1823902494076606,0.0003053309313215217,0.008153240168372818
2019-10-17,2019,1951,0,0,56,7,-0.30558742145447115,-0.0007639685536361779,-0.01865705654422874,0.16994138914921159,0.00031669568614932,0.014206743384525853
2019-10-18,2019,1951,0,0,56,5,-0.7600180671165283,-0.0019000451677913207,-0.021133931996872288,0.17035943212250432,0.000318713049962633,0.02778882349286618
2019-10-21,2019,1951,0,0,57,10,-0.5519669175317394,-0.0013799172938293485,-0.0515368458024565,0.17542638556535176,0.0003296167175930419,0.049599203876017746
2019-10-23,2019,1951,0,0,57,10,0.8732233239047109,0.0021830583097617773,0.07565911777338208,0.1542031377560219,0.000245665148543224,0.01168079507752455
2019-10-24,2019,1951,0,0,58,7,1.0001664291867614,0.0025004160729669034,-0.03724635460126949,0.1730463750446087,0.00034642791657897804,0.024589610512535238
2019-10-25,2019,1952,0,0,58,17,0.018162999088785048,4.540749772196262e-05,-0.06759027562924166,0.17810963785405035,0.0003243276378308383,0.015334594056466165
2019-10-28,2019,1953,0,0,60,12,-0.38131624683107695,-0.0009532906170776924,0.047506160210731396,0.1589088279182789,0.0006014525208408619,0.03291178930173731
2019-10-29,2019,1953,0,0,59,14,-0.7962587147100118,-0.0019906467867750292,-0.02581158974227544,0.1711391124033282,0.0005608967359588957,0.010213619014967892
2019-10-30,2019,1954,0,0,59,2,0.8668049342131612,0.002167012335532903,0.030613790448850223,0.1617277019012982,0.0005498092127495447,0.018499512831184582
2019-10-31,2019,1954,0,0,59,6,0.3150325828666283,0.0007875814571665706,0.06691896969859362,0.15567027123856703,0.0006568255074030373,0.06843368347085649
2019-11-01,2019,1955,0,0,63,8,0.44654793946979854,0.0011163698486744964,0.04406225471226219,0.1594792402521768,0.0004441067649502239,0.018484775232386286
2019-11-05,2019,1955,0,0,63,18,-0.14404194457661992,-0.0003601048614415498,-0.044464309400736805,0.17424958611434876,0.00043527883341209545,0.025397192021514498
2019-11-06,2019,1955,0,0,61,17,0.03496801876043702,8.742004690109256e-05,-0.009198604488866897,0.16836371005800135,0.0005696879945665461,0.014474191439845418
2019-11-07,2019,1955,0,0,62,14,1.3255416303914724,0.003313854075978681,0.04635671946546331,0.15910103870164655,0.0006089903244634782,0.008562860940955055
2019-11-08,2019,1955,0,0,61,16,-0.4197170661987563,-0.0010492926654968907,-0.03329960312845291,0.1723867369581686,0.0003584525213595436,0.008557382448057909
2019-11-11,2019,1955,0,0,61,11,0.7069623961084082,0.0017674059902710205,0.047180824521746115,0.1589633186988254,0.0004923427813797238,0.03514056309985148
2019-11-12,2019,1955,0,0,61,16,-0.4032751483783661,-0.0010081878709459152,-0.005337817120922339,0.1677263092884264,0.0006614094376186763,0.0155011549275502
2019-11-13,2019,1955,0,0,61,8,0.6324019115372541,0.0015810047788431354,0.013735392397535639,0.16454305268575853,0.0005809993804864283,0.02378193392266555
2019-11-14,2019,1955,0,0,61,4,0.5756163834096542,0.0014390409585241354,0.036002904543248726,0.16082608747364185,0.00037954035240005373,0.02348853334788431
2019-11-15,2019,1955,0,0,61,15,-0.18008537222217302,-0.00045021343055543254,-0.07437957329719865,0.1792396779859337,0.00030975671624306286,0.008523568208607734
2019-11-18,2019,1955,0,0,61,13,0.3358255693457145,0.0008395639233642863,0.026451625771775112,0.16242056435653635,0.00034609337261461495,0.010750834010291045
2019-11-19,2019,1955,0,0,61,7,-0.3174964219444286,-0.0007937410548610716,-0.03864631112075172,0.17327615935990112,0.00024723118854330694,0.010614307403721714
2019-11-20,2019,1955,0,0,60,5,-0.330772103977916,-0.00082693025994479,-0.026182079083319924,0.17119251190847895,0.0002659738429034651,0.02436162455313969
2019-11-21,2019,1955,0,0,58,1,1.9535955489488952,0.004883988872372238,0.19666018165329976,0.13402543219190394,0.00036443266594224485,0.014930382863648856
2019-11-22,2019,1955,0,0,58,6,-0.4032676896823774,-0.0010081692242059435,-0.013531387184264531,0.16908899780111153,0.0002939222513555398,0.005808156890115515
2019-11-25,2019,1955,0,0,58,10,0.28968355138542035,0.0007242088784635509,0.0263923535852714,0.16242925485465726,0.00030402182650123157,0.010150909868188935
2019-11-26,2019,1955,0,0,59,1,0.07426109220143945,0.00018565273050359863,0.025440040216701938,0.16258645729050517,0.0002552523199885188,0.015493888065359859
2019-11-27,2019,1955,0,0,58,6,-0.4030094528181062,-0.0010075236320452655,-0.017457732832789088,0.1697388309552565,0.00022886621387558831,0.006378080886976519
2019-11-28,2019,1955,0,0,58,7,-0.20784711612162288,-0.0005196177903040572,0.01835061855747108,0.16377192720206063,0.000300254552143727,0.015232748368666239
2019-11-29,2019,1955,0,0,58,1,-0.5899656699067011,-0.0014749141747667526,-0.046597019051784094,0.17460785489526215,0.00031459341328586495,0.0155802766154125
2019-12-02,2019,1955,0,0,57,17,-0.38655820878657393,-0.0009663955219664348,-0.023672322716877713,0.17077624817460954,0.0002734212481706762,0.011863570428703491
2019-12-03,2019,1955,0,0,55,9,-1.2027709602049224,-0.003006927400512306,-0.07461220068405154,0.17928008161141293,0.00032139179121676114,0.028831516281204526
2019-12-04,2019,1955,0,0,55,14,0.5436621613288889,0.0013591554033222223,0.023238962078173244,0.16295217842860055,0.00023252641433180255,0.021655634031093145
2019-12-05,2019,1955,0,0,55,5,0.14279030858507147,0.00035697577146267867,-0.019756131692380195,0.1701258147056467,0.0003319694485212234,0.010612600774791967
2019-12-06,2019,1955,0,0,54,3,0.4718078209710241,0.0011795195524275603,0.06812584971407419,0.1554567064246914,0.00023421363982439877,0.003972818040585826
2019-12-09,2019,1955,0,0,54,8,1.0330048915777286,0.0025825122289443213,0.07000068193847148,0.15515169418232835,0.0002674513830376668,0.01785658223809871
2019-12-10,2019,1956,0,0,54,6,0.18838232025389545,0.00047095580063473863,0.019644438032277223,0.16355203839590327,0.00028762016015404897,0.009874489649890206
2019-12-11,2019,1957,0,0,55,7,-0.21059625794475378,-0.0005264906448618845,-0.044259055887207625,0.17421835872206348,0.0004826774026855978,0.006961355491023259
2019-12-12,2019,1958,0,0,55,1,0.33963967793514077,0.0008490991948378519,0.038183647076678394,0.16045738351452238,0.000346761297701245,0.029477929449096964
2019-12-13,2019,1958,0,0,54,6,0.7779094513320367,0.0019447736283300919,0.06060160923108092,0.15671687448129726,0.0004495791465308444,0.0219950460121982
2019-12-16,2019,1960,0,0,56,14,0.39011655515591426,0.0009752913878897856,-0.01415872313216096,0.1691923524989733,0.0003632660989518189,0.004282985567395084
2019-12-17,2019,1962,0,0,58,10,0.6862603443222837,0.0017156508608057093,0.05364399047592057,0.1578815073797992,0.0002850649811069615,0.010899691966295323
2019-12-18,2019,1964,0,0,59,6,0.19386210411598181,0.00048465526028995453,0.01801500458248962,0.16382221267810423,0.00032158769625114606,0.0333248237260939
2019-12-19,2019,1965,0,0,56,13,0.7716251754890702,0.0019290629387226754,0.06772816180971632,0.1555321824251883,0.0002959259831260222,0.00828796705416717
2019-12-20,2019,1965,0,0,56,5,-0.13492447136693142,-0.00033731117841732857,-0.009274569689671424,0.1683689499985714,0.00019938639253627764,0.004565967206729403
2019-12-23,2019,1965,0,0,56,12,0.22790406993363044,0.0005697601748340761,0.016958946097421893,0.1640008331641684,0.00032816607756386946,0.009557607017581066
2019-12-24,2019,1965,0,0,56,8,0.1028041572100904,0.000257010393025226,-0.015994449532698952,0.16950083936239566,0.000260334675276577,0.007408018507935731
2019-12-25,2019,1966,0,0,57,12,-0.3516757087397222,-0.0008791892718493055,-0.000517808956174306,0.16691786587765506,0.0003487770653566662,0.008222495120327522
2019-12-26,2019,1966,0,0,58,9,-0.02758613610593641,-6.896534026484103e-05,-0.02478359481106424,0.1709677172421028,0.0003444961949468036,0.044847399209548555
2019-12-27,2019,1966,0,0,57,18,0.14335236486177472,0.0003583809121544368,0.007773658324726165,0.16553907291490907,0.0006164940633731713,0.011362656199750328
2019-12-30,2020,1966,0,0,57,10,0.7242985391922119,0.0018107463479805296,0.1108627509945976,0.14833986865803073,0.0004917819432759083,0.0075336036261478894
2020-01-06,2020,1966,0,0,56,10,-1.189168181734619,-0.002972920454336547,-0.10912857386048187,0.18504260421256502,0.0005784882551482785,0.02787763409176354
2020-01-07,2020,1966,0,0,56,6,0.17729552916918312,0.0004432388229229578,0.03433911208904816,0.1611069692585595,0.00048560356835227234,0.02393136107656616
2020-01-08,2020,1966,0,0,55,11,0.5370001699853957,0.0013425004249634893,0.022927336925405006,0.16300412234962489,0.0004294183329815024,0.08704614981808911
2020-01-09,2020,1966,0,0,51,8,0.6389922214127716,0.001597480553531929,0.016906191251007882,0.16401262856988277,0.0005694949414408283,0.04909404494425388
2020-01-10,2020,1966,0,0,50,6,0.3838099619277693,0.0009595249048194232,0.004441514822410694,0.16608299544562202,0.0004221037734420373,0.01392780236984623
2020-01-14,2020,1966,0,0,48,3,0.6023026881723685,0.0015057567204309213,0.05619676239973303,0.15745552784374753,0.0003083391285220652,0.009185140250301406
2020-01-15,2020,1966,0,0,48,5,-0.49711987222420145,-0.0012427996805605037,-0.1436704507417776,0.19078992932622818,0.00023880009501763786,0.007324379311890395
2020-01-16,2020,1966,0,0,48,5,-0.09035313378126086,-0.00022588283445315217,0.0001877760214246146,0.16679723312946945,0.00027507139309540827,0.033356495336890425
2020-01-17,2020,1966,0,0,48,13,-0.2628001297679054,-0.0006570003244197635,0.03583538419074061,0.16084914102846895,0.0002692185998957164,0.0055316169631591606
2020-01-20,2020,1966,0,0,49,2,0.0576971244131671,0.00014424281103291774,-0.0022064553297479754,0.16719765983058457,0.0002527343523290731,0.013439355990592901
2020-01-21,2020,1966,0,0,50,12,0.17019686486951557,0.0004254921621737889,0.013579608330962164,0.1645692021834821,0.0003282354705929048,0.04051865940295373
2020-01-22,2020,1966,0,0,50,6,-0.10777501263338651,-0.0002694375315834663,0.06425937597555384,0.15610941252541188,0.00035225724715356993,0.026325151631603965
2020-01-23,2020,1966,0,0,50,9,-1.2567891095868133,-0.0031419727739670335,0.02359604135549335,0.1628993837292516,0.0007950067027978398,0.031544735960979425
2020-01-24,2020,1966,0,0,47,7,0.7362288857182958,0.0018405722142957395,0.057302088234240045,0.1572728280357529,0.00034647991446365873,0.012568671742219322
2020-01-27,2020,1966,0,0,46,6,-2.3558768721118204,-0.005889692180279551,-0.19629393247833074,0.19958014137573435,0.00038308241228007567,0.01868869091270098
2020-01-28,2020,1966,0,0,45,4,1.358236489497728,0.00339559122374432,0.09572807345568107,0.1508649891159376,0.0007183851639821812,0.019822996949529166
2020-01-29,2020,1966,0,0,45,4,-0.4552460952991938,-0.0011381152382479846,-0.010323467407108145,0.1685564607455979,0.0005758426350378211,0.021551782128759123
2020-01-30,2020,1966,0,0,44,8,1.4847379152761186,0.0037118447881902966,0.12246622406321035,0.14640288335852805,0.0005281724281331664,0.02072483956093936
2020-01-31,2020,1966,0,0,44,2,1.080232478380622,0.0027005811959515554,0.09450837596876717,0.15106649992816984,0.0005499980791020811,0.013519792754545963
2020-02-03,2020,1966,0,0,41,3,-0.2850303264093119,-0.0007125758160232798,-0.029342251364722353,0.17172607902971881,0.0005064460497257299,0.03393911028259484
2020-02-04,2020,1966,0,0,41,2,2.1602375851067475,0.005400593962766868,0.2174983620793195,0.13054872429485773,0.0006654323639398951,0.040582215545200084
2020-02-05,2020,1966,0,0,42,0,-0.3876829222900793,-0.0009692073057251982,-0.0774152966777521,0.17974954909279545,0.00049605402401469,0.017701898856132728
2020-02-06,2020,1966,0,0,39,1,-1.050574460124218,-0.002626436150310545,-0.11421911280511113,0.18588898578438193,0.0005177282448902657,0.013525669220352686
2020-02-07,2020,1967,0,0,41,0,0.6502485284911756,0.001625621321227939,0.0671117757800547,0.15563659687547976,0.0005535683303505955,0.01553820148514859
2020-02-10,2020,1967,0,0,39,1,0.40306588940176735,0.0010076647235044184,0.060811282364113615,0.1566868450162787,0.0005732000882291524,0.011114621814346207
2020-02-12,2020,1967,0,0,40,6,0.5710700609540258,0.0014276751523850644,-0.0015450365408465902,0.1670898831542146,0.0007054307285602072,0.012854749104986983
2020-02-13,2020,1967,0,0,40,5,0.02804816197557569,7.012040493893923e-05,0.004160419598697795,0.16614110419198752,0.0008454230650826519,0.008654763381397484
2020-02-14,2020,1967,0,0,39,8,-0.14067602734722717,-0.0003516900683680679,0.006073567815189214,0.1658222209299316,0.0006246964291389568,0.009336631765154278
2020-02-17,2020,1967,0,0,39,4,0.12433629612759578,0.00031084074031898943,0.008894945053402391,0.1653466510554065,0.00046219169238785216,0.0270162429291562
2020-02-18,2020,1967,0,0,39,10,0.7047976944653402,0.0017619942361633506,0.06438233464030121,0.15608638888088114,0.00025783545266999604,0.014656062996365838
2020-02-19,2020,1967,0,0,40,16,-0.6017436224017346,-0.0015043590560043366,-0.06450850220994667,0.17758654503229332,0.0002774320378137999,0.03210375000154225
2020-02-20,2020,1967,0,0,40,8,2.3107071200958993,0.005776767800239748,0.1099153228650284,0.1484983464532699,0.0017063116973885862,0.00795485430718237
2020-02-21,2020,1967,0,0,39,6,-1.927479718966245,-0.004818699297415612,-0.14301994176193494,0.19069454215754647,0.0003728785639972108,0.005651376749942309
2020-02-25,2020,1967,0,0,39,26,-0.21635426851199302,-0.0005408856712799825,-0.030563899539954045,0.1719353069905944,0.0008539491061903496,0.0777986899928222
2020-02-26,2020,1967,0,0,39,1,0.8077196919321317,0.0020192992298303293,0.0752629210261505,0.15427962756605887,0.002296532104814223,0.01585472536771032
2020-02-27,2020,1967,0,0,40,32,0.603829688593513,0.0015095742214837826,0.0662829898091576,0.1557776830387558,0.0037027224226799374,0.08388322434998306
2020-02-28,2020,1967,0,0,40,36,1.0180790941409725,0.002545197735352431,-0.05981523227274704,0.17681517436277053,0.0015160335914052188,0.1493719608508612
2020-03-02,2020,1968,0,0,41,22,-1.3830367169307514,-0.0034575917923268785,-0.08719977443596076,0.18137552076632513,0.0007373521950738318,0.14036687982218143
2020-03-03,2020,1968,0,0,41,37,1.0651619204372214,0.0026629048010930532,0.052915278705267105,0.1580008811610822,0.0005659211138903605,0.025750015629956467
2020-03-04,2020,1968,0,0,43,0,0.9714059897618794,0.0024285149744046985,0.15711399389375913,0.14062377773821327,0.001229800868293284,0.013400319533486995
2020-03-05,2020,1968,0,0,43,4,3.0623238434580173,0.007655809608645044,0.21949575575028538,0.13021630284002883,0.004695834484145605,0.023200707614807844
2020-03-06,2020,1968,0,0,43,43,0.47210857339376355,0.0011802714334844088,0.05406759855232808,0.15781517144000207,0.0034493953932117367,0.08151716575893334
2020-03-09,2020,1969,0,0,43,43,-2.713528938954196,-0.006783822347385489,-0.17163229861246523,0.1954692460618686,0.003478240325775717,0.154622535370395
2020-03-10,2020,1970,0,0,44,8,-1.3593446791109365,-0.003398361697777341,-0.03401527753073522,0.1725108919728125,0.00577779028610825,0.1601279937830308
2020-03-11,2020,1970,0,0,43,34,2.5817907826856334,0.006454476956714084,0.1344121222398999,0.14441117080036667,0.0020397603694810224,0.0510250333113533
2020-03-12,2020,1970,0,0,42,42,2.1290451481538906,0.005322612870384726,0.08912498819816705,0.15196619816502174,0.0030579591628563524,0.0827827474566293
2020-03-13,2020,1971,0,0,42,42,1.4029983923021767,0.003507495980755442,0.0774017649651442,0.15392236869010192,0.015375561393088134,0.15687643274194624
2020-03-16,2020,1971,0,0,42,7,-2.8324775623198453,-0.007081193905799613,-0.05323466104620245,0.17571697796565494,0.0024760351335017237,0.10217956720807811
2020-03-17,2020,1971,0,0,40,2,2.5393609507540917,0.006348402376885229,0.08828296079279882,0.15210703680524973,0.004551074202039635,0.20744498883513332
2020-03-18,2020,1971,0,0,39,1,3.131578651395558,0.007828946628488896,-0.05187030619655964,0.1754895174155482,0.004205022862320078,0.05748852983347394
2020-03-19,2020,1971,0,0,36,0,3.2394184879375025,0.008098546219843756,0.011754581342691401,0.1648747375871521,0.00515645688667804,0.058850717166533575
2020-03-23,2020,1971,0,0,35,3,6.469017810402548,0.01617254452600637,0.22440533841771657,0.12939697314793017,0.004557264828155591,0.11968301701028511
2020-03-24,2020,1971,0,0,35,3,-0.158615367586334,-0.000396538418965835,-0.041374136584270756,0.17373788566490125,0.002077902908583854,0.15375885456605964
2020-03-25,2020,1971,0,0,35,4,2.22542651360118,0.0055635662840029495,0.12251025136844869,0.14639666092140044,0.002672177887580008,0.2808345008616529
2020-03-26,2020,1972,0,0,36,8,0.6062267939669264,0.001515566984917316,0.028993594892171713,0.1619983821465413,0.0015131166873187316,0.02751047449237287
2020-03-27,2020,1972,0,0,35,10,-0.7149411901798652,-0.0017873529754496632,-0.1312902377497521,0.18873901607590077,0.0028612864835642106,0.13148896854681233
2020-03-30,2020,1973,0,0,35,2,1.3891127098248095,0.0034727817745620238,0.027185289061853895,0.16230008582083041,0.0013704951204159713,0.07287864527050449
2020-03-31,2020,1974,0,0,38,4,2.4083776431648234,0.006020944107912058,0.12759061590876083,0.14554854363801253,0.0009488971096229662,0.04559681287045339
2020-04-01,2020,1974,0,0,39,22,2.4370996229043613,0.006092749057260903,0.051134945074310406,0.15830334139676228,0.000856787087806722,0.08701855339561398
2020-04-02,2020,1974,0,0,39,22,-1.5578364660281547,-0.003894591165070387,-0.033156110723093275,0.17236712322900505,0.004466756127599229,0.05823268156845565
2020-04-03,2020,1974,0,0,39,18,-2.534052994648712,-0.00633513248662178,-0.05296528855179184,0.1756717310647485,0.0031664415460804806,0.08060628855522103
2020-04-06,2020,1974,0,0,39,7,-0.258764443848047,-0.0006469111096201175,0.026009688186166408,0.162494511306736,0.0015612662088189404,0.08458453389597298
2020-04-07,2020,1974,0,0,38,16,2.02934672164923,0.005073366804123075,0.14548532064733224,0.1425619358594474,0.0012988278722782054,0.06934604608043249
2020-04-08,2020,1974,0,0,39,9,0.3282327487743488,0.000820581871935872,0.07588407977561992,0.15417395060413838,0.0009212790963353715,0.14349135862932264
2020-04-09,2020,1974,0,0,40,9,-1.9748144908061598,-0.004937036227015399,-0.08206102327470943,0.1805250912283072,0.0012603680775114324,0.36799389127114973
2020-04-10,2020,1974,0,0,42,7,0.35356481391904326,0.0008839120347976082,0.13525388017978318,0.14426959126425776,0.0008044673801675,0.2114326604889258
2020-04-13,2020,1974,0,0,42,4,-2.606416216366456,-0.006516040540916141,-0.13686005153814335,0.18966746010055335,0.0014458803815363464,0.05534490563596827
2020-04-14,2020,1974,0,0,42,12,-2.1063742063900808,-0.005265935515975202,-0.07095629864134785,0.17867201383311695,0.0010656960079255316,0.07181597829791175
2020-04-15,2020,1974,0,0,43,9,-0.036918456565273705,-9.229614141318426e-05,-0.026466997383504384,0.17124859496611242,0.0007245933939603058,0.05781397106846169
2020-04-16,2020,1974,0,0,43,18,-1.328538611417706,-0.003321346528544265,0.0021146634460879315,0.16648100846340227,0.0008768510799522476,0.027813455941924428
2020-04-17,2020,1974,0,0,44,15,-3.081350754851728,-0.007703376887129319,-0.2571328897761828,0.20973213795083914,0.0013001981659496696,0.02372295198190021
2020-04-20,2020,1974,0,0,45,8,-4.5282904058260876,-0.011320726014565219,-0.2866970999878519,0.21466570714415836,0.0009709971913327937,0.02164016196851826
2020-04-21,2020,1974,0,0,45,10,3.6665681618399995,0.009166420404599999,0.17709982940543353,0.1372884795588598,0.0016629821180412466,0.47529201632478213
2020-04-22,2020,1974,0,0,47,12,-1.446906272142184,-0.0036172656803554596,-0.0788942255953067,0.17999429777833303,0.0006170132217922941,0.05207393301825469
2020-04-23,2020,1974,0,0,47,9,0.4906005571474781,0.001226501392868695,0.052052368238731356,0.15815085579954166,0.0011886306400256683,0.0304849278023721
2020-04-24,2020,1974,0,0,47,16,0.5675508756977836,0.001418877189244459,0.06596010435716605,0.15582666835565975,0.0007983367517883462,0.016752755868560537
2020-04-27,2020,1974,0,0,47,11,3.6616189555997254,0.009154047388999314,0.14002045198996532,0.14347470043586105,0.001052325567870359,0.04800167508501395
2020-04-28,2020,1974,0,0,48,7,-1.6962709301806767,-0.004240677325451692,-0.12927258806587855,0.18840203514196074,0.0012225861720430193,0.12247211035718117
2020-04-30,2020,1974,0,0,47,12,-1.3647284761335439,-0.0034118211903338596,-0.06362993872507662,0.1774491003916638,0.0009881371471905922,0.047607163493070204
2020-05-01,2020,1974,0,0,46,1,3.750551663702341,0.009376379159255852,0.22042498350795706,0.1300603713047255,0.0010467673399529292,0.014582998614149996
2020-05-07,2020,1974,0,0,47,3,3.6197036507088693,0.009049259126772173,0.27798411296776926,0.1204576253807236,0.0015471732528099923,0.01741605813145701
2020-05-08,2020,1974,0,0,48,4,-2.1314916595415734,-0.0053287291488539335,-0.1496974683533636,0.19180542611097098,0.0008360507568580117,0.03263665835145976
2020-05-11,2020,1974,0,0,48,5,-0.9218689015989201,-0.0023046722539973004,-0.10999926360655234,0.18518252614493047,0.0011282473334439532,0.03541826060745845
2020-05-12,2020,1974,0,0,46,4,-1.140420965475358,-0.0028510524136883954,-0.07308311409805161,0.17902793146351423,0.0017372077754006085,0.015741877566666656
2020-05-13,2020,1974,0,0,46,2,-0.7995882180959766,-0.0019989705452399414,-0.01713340831242488,0.16969277473695632,0.0008698476669894396,0.022107675566495837
2020-05-14,2020,1974,0,0,46,0,-0.4202331454881898,-0.0010505828637204745,-0.01117797532291263,0.1686978818796295,0.0011259950012797917,0.04657103086274948
2020-05-15,2020,1974,0,0,47,1,2.5512666490775295,0.006378166622693824,0.2211882332508739,0.1299322061124686,0.0007146550936031625,0.03039452618462535
2020-05-18,2020,1974,0,0,46,2,-0.3059321091134617,-0.0007648302727836543,-0.05049505631870719,0.17525624103939047,0.0006481824488832659,0.039657290957988985
2020-05-19,2020,1974,0,0,46,6,0.7467742858657552,0.0018669357146643881,0.05569928588928803,0.1575342068980118,0.0004500130414567539,0.025834714601851043
2020-05-20,2020,1974,0,0,46,8,0.027683782981873795,6.920945745468449e-05,-0.05290844201434554,0.17565976463531832,0.0005818681926434407,0.026598102132368868
2020-05-21,2020,1974,0,0,47,7,-0.5401116915042268,-0.001350279228760567,-0.01713451851264856,0.16969343680572763,0.000894926718833596,0.01572461639693741
2020-05-22,2020,1974,0,0,49,2,3.546869574195403,0.008867173935488507,0.22460963431935108,0.12936205500022907,0.0008736369325551112,0.018303848335458547
2020-05-25,2020,1974,0,0,49,15,1.4241541924578247,0.003560385481144562,0.05291269769357544,0.15800465891215962,0.0007025616697166725,0.022351974499380096
2020-05-26,2020,1974,0,0,49,13,1.9089377841555184,0.004772344460388796,0.03645373488852846,0.1607527439065108,0.000550764926375629,0.019725051358054402
2020-05-27,2020,1974,0,0,49,24,3.4025096636687318,0.00850627415917183,0.14660647547567796,0.14237512816164605,0.0009155188419135073,0.01981790512007158
2020-05-28,2020,1974,0,0,49,28,1.7471752871415274,0.004367938217853818,0.08378951954104846,0.15285341035611466,0.0006804267728626995,0.017660375653519036
2020-05-29,2020,1974,0,0,48,23,0.5053339881387111,0.0012633349703467778,-0.04465622831550266,0.17428460309551583,0.0007476032864823752,0.04546687341019434
2020-06-01,2020,1974,0,0,48,7,2.385659831712151,0.005964149579280378,0.19735502505513886,0.13390690399986913,0.0004033164778069058,0.020848694441943046
2020-06-02,2020,1974,0,0,48,11,0.07378305996932821,0.00018445764992332052,-0.005254267454184478,0.16770225928262014,0.0005082824867782289,0.10672029768935914
2020-06-03,2020,1974,0,0,48,17,-1.4156976526170912,-0.003539244131542728,-0.10639169326401063,0.18458267387932703,0.0005524712321281601,0.0360358777163583
2020-06-04,2020,1974,0,0,48,18,-0.3407574862717273,-0.0008518937156793183,-0.049604557828559846,0.17511037879767824,0.0008415987722427932,0.020545286873884936
2020-06-05,2020,1974,0,0,46,15,1.756150742188424,0.00439037685547106,0.16364970081326355,0.1395293375631536,0.0004634070446059404,0.026845903064191545
2020-06-08,2020,1974,0,0,45,14,-0.5281183357231038,-0.0013202958393077596,-0.009854127027358939,0.1684738093726301,0.0006173059241962246,0.029417317786248627
2020-06-09,2020,1974,0,0,45,35,4.2537710712884635,0.010634427678221158,0.29704739067410973,0.11727722372865523,0.0013079030897031128,0.02247997729005162
2020-06-10,2020,1974,0,0,45,27,0.277031370125171,0.0006925784253129275,0.05383831316168326,0.1578530188759889,0.0007949679087399342,0.017227062690835786
2020-06-11,2020,1974,0,0,44,1,-0.5563825616628901,-0.0013909564041572253,-0.0026761722091444493,0.16728184971214943,0.0013414325176924174,0.06356073493826707
2020-06-12,2020,1974,0,0,44,0,0.09688221702157129,0.00024220554255392822,0.018436651335501427,0.16375968933157073,0.0025848303118877333,0.039817179899019325
2020-06-15,2020,1974,0,0,44,0,-1.266937599324786,-0.003167343998311965,-0.06827615714114396,0.17822400175341788,0.0007273236289473304,0.04166904519295254
2020-06-16,2020,1974,0,0,44,4,-0.988679474982715,-0.0024716986874567877,-0.09232931836793036,0.18223020279246757,0.0007130601223416398,0.1562723123496514
2020-06-17,2020,1974,0,0,45,19,1.3553406322216166,0.0033883515805540414,0.04893576031298285,0.15866828066579056,0.0005189283803066342,0.07151487740127922
2020-06-18,2020,1974,0,0,45,17,-0.7145360515173131,-0.0017863401287932829,-0.07228204362864094,0.1788863525302125,0.00044980152265683356,0.02936229799699009
2020-06-19,2020,1974,0,0,46,5,0.28463117229870327,0.0007115779307467582,0.021168561419723977,0.16329593908009293,0.0003121289573587239,0.03241322460536829
2020-06-22,2020,1974,0,0,46,18,-0.44728847544589945,-0.0011182211886147486,-0.03506493304198817,0.17268288116670216,0.0005165135893308234,0.02642194288929177
2020-06-23,2020,1974,0,0,45,15,0.3016091885914456,0.0007540229714786139,0.05426240487093788,0.1577808079623264,0.0005779358896985929,0.02006682827468937
2020-06-24,2020,1974,0,0,46,16,-1.9061823258287556,-0.004765455814571889,-0.11786427209004534,0.18649743727929594,0.0006589954328521667,0.03757745240301752
2020-06-25,2020,1974,0,0,45,8,-0.13213416268992884,-0.0003303354067248221,-0.02398239836942966,0.17083577989379495,0.0008365612863217957,0.024905608233133925
2020-06-26,2020,1974,0,0,44,15,1.5901174214399216,0.003975293553599804,0.16412784334954558,0.13944956748336174,0.0004902287958051344,0.07046108326576042
2020-06-29,2020,1974,0,0,43,18,0.8974691857113783,0.0022436729642784457,0.06884515767467349,0.15534922782335545,0.0006000125659845163,0.04279739679434071
2020-06-30,2020,1975,0,0,44,22,1.5114760006496566,0.0037786900016241413,0.050829444287364134,0.15835291951721372,0.0007260410842285073,0.040353265745315926
2020-07-01,2020,1975,0,0,44,24,-0.06854766034122761,-0.00017136915085306904,0.016956994759024978,0.16400383281558598,0.0007912056853332331,0.048649641819571265
2020-07-02,2020,1975,0,0,44,13,0.3550214479313478,0.0008875536198283695,-0.036841486851151274,0.17298127345174727,0.0012716550769731215,0.07949060461969942
2020-07-03,2020,1975,0,0,44,4,-2.015088138864346,-0.005037720347160864,-0.1278954309243422,0.18816865509949532,0.0005581999925463601,0.0284939468596369
2020-07-06,2020,1975,0,0,44,2,-0.5586782352000734,-0.0013966955880001836,0.02552679809234524,0.16257468692790822,0.0005919476914357065,0.027099405539261327
2020-07-07,2020,1975,0,0,45,10,0.058790359271694514,0.0001469758981792363,0.05819904425262624,0.15712172182948891,0.0005598208202380778,0.04493394261020786
2020-07-08,2020,1975,0,0,46,3,-0.8865004736993805,-0.002216251184248451,-0.005708560565232742,0.16778716006843666,0.0009693439966813017,0.05248755670289474
2020-07-09,2020,1975,0,0,44,2,-0.08886393573424822,-0.00022215983933562055,-0.006803904017494454,0.1679704825603324,0.0013567929076506598,0.030328648983077456
2020-07-10,2020,1976,0,0,45,5,0.10194428371985942,0.00025486070929964857,-0.03441636210267893,0.17257043885705536,0.00047861920962603095,0.08470195525760256
2020-07-13,2020,1976,0,0,45,1,0.4706688394418963,0.0011766720986047408,0.09026242899739205,0.15177508042350213,0.0006965567492521428,0.029296256879257337
2020-07-14,2020,1976,0,0,45,3,0.3775754158159088,0.000943938539539772,-0.0015237532914408303,0.16708654087797362,0.0006903860832820249,0.047523013617533694
2020-07-15,2020,1978,0,0,47,20,-0.600078781295543,-0.0015001969532388575,-0.08256316520136703,0.18060706650182212,0.0004756274170120343,0.015700199373619717
2020-07-16,2020,1978,0,0,48,5,-1.153607192086736,-0.0028840179802168396,-0.08446687943057853,0.18092277614947933,0.0004737338941023232,0.029523451523312597
2020-07-17,2020,1978,0,0,47,3,-0.15306041996317488,-0.0003826510499079372,0.03880477169663828,0.16035739573572907,0.0005264024991323665,0.014856181740472046
2020-07-20,2020,1978,0,0,47,13,0.11858564813170536,0.0002964641203292634,0.03414733350162163,0.16113568486236474,0.0004722925424747075,0.014653851197883889
2020-07-21,2020,1978,0,0,47,9,-0.8608367417290748,-0.002152091854322687,-0.06948254832462969,0.1784240913496423,0.0005521340902029001,0.04212206987737789
2020-07-22,2020,1978,0,0,47,8,-0.5845849351657262,-0.0014614623379143154,-0.0806182062390307,0.18028069513513503,0.0005154700813618268,0.021848746177570814
2020-07-27,2020,1978,0,0,48,6,-1.6616353365794776,-0.004154088341448694,-0.08889462945142024,0.18166502615255853,0.0008366100148022633,0.01816265812227523
2020-07-28,2020,1978,0,0,49,5,2.5198631110848653,0.006299657777712163,0.13505621368123852,0.14430068493276504,0.0006922106504299436,0.022440241508619188
2020-07-29,2020,1978,0,0,50,5,1.217723645193571,0.003044309112983927,0.09459767730292332,0.15105294795142624,0.0017055441614114435,0.2601786710895304
2020-07-30,2020,1978,0,0,49,4,-0.9649570641385248,-0.002412392660346312,-0.06583335654246324,0.17781805411538953,0.0018411664606037585,0.07751547211213387
2020-07-31,2020,1980,0,0,51,10,-3.5898161316185,-0.00897454032904625,-0.2438240873564696,0.20751203378812857,0.0024621026689262164,0.04803789051148609
2020-08-03,2020,1981,0,0,52,3,0.5799506050244847,0.0014498765125612117,0.023129863237704006,0.16297077484289713,0.0006098534909765612,0.037595345292305626
2020-08-04,2020,1981,0,0,52,2,-0.18317558627395247,-0.0004579389656848812,0.003299910303701845,0.1662816676032759,0.0007414003081888137,0.09030547676155783
2020-08-05,2020,1981,0,0,52,6,1.5536243745957168,0.003884060936489292,0.07304911100420804,0.15464415080701618,0.0009034105023698132,0.04201489844785194
2020-08-06,2020,1981,0,0,52,11,2.324691836057872,0.0058117295901446795,0.08612700292167492,0.15246572073253195,0.0018974118618068825,0.020388480000752787
2020-08-07,2020,1981,0,0,54,6,2.993943127459084,0.00748485781864771,0.20413809633903343,0.13277649814859366,0.0007943717112812849,0.01917076301871586
2020-08-11,2020,1981,0,0,55,0,0.5358503470957803,0.0013396258677394507,0.05261368162134724,0.15805356857650998,0.0006900802068225884,0.030823850801961747
2020-08-12,2020,1981,0,0,55,0,1.2896020113040212,0.003224005028260053,0.09379635085179598,0.15118417963717246,0.0005337302963760021,0.02367264728842712
2020-08-13,2020,1981,0,0,54,3,-0.5584091212042391,-0.001396022803010598,-0.025264082915315657,0.1710464869401854,0.0006506964936950437,0.06571013620769608
2020-08-14,2020,1981,0,0,54,0,-1.5249429858698673,-0.0038123574646746683,-0.16117126196276654,0.19371917410893746,0.0005654447252601286,0.048271896186734865
2020-08-17,2020,1981,0,0,54,0,-0.7304709534108996,-0.001826177383527249,-0.011227469362577059,0.16870171685341942,0.0004724986578359312,0.019177336236284703
2020-08-18,2020,1981,0,0,54,5,-0.013943281428839605,-3.485820357209901e-05,-0.030087397150733212,0.1718503428345221,0.00048179201043504723,0.06402188626289324
2020-08-19,2020,1981,0,0,54,3,1.1243187104480532,0.002810796776120133,0.019654959602518573,0.16354657037746767,0.0003766587630421212,0.023827135396964662
2020-08-20,2020,1982,0,1,55,9,-1.1480606642428575,-0.0028701516606071437,-0.037304690052986,0.17305365941756345,0.0004896809348205991,0.06996975634996873
2020-08-21,2020,1982,0,0,57,2,-2.7680675164433883,-0.006920168791108471,-0.12807482995372999,0.18820015902678336,0.0005507308053279392,0.040392090104727746
2020-08-24,2020,1982,0,0,56,9,1.5089687010344641,0.0037724217525861603,0.07602608541048914,0.15413966097069035,0.00044641365798460484,0.08344914498704403
2020-08-25,2020,1982,0,0,56,4,0.42427186876015366,0.0010606796719003842,0.0047992233985355934,0.16603118283159826,0.0004370210705255399,0.022157754478520943
2020-08-26,2020,1982,0,0,57,7,0.21427911390720267,0.0005356977847680067,0.13194251879960864,0.144820999441618,0.0008087693293454292,0.015139718448973702
2020-08-27,2020,1982,0,0,58,13,-2.3215259306725695,-0.005803814826681424,-0.13380693197258978,0.18915622706052046,0.0007192463350987616,0.05271109565342919
2020-08-28,2020,1982,0,0,58,2,0.15030908872047608,0.0003757727218011902,0.0022076985301091073,0.1664611305171869,0.0005281517541353385,0.025236606851565042
2020-08-31,2020,1982,0,0,58,7,-0.7565074434470043,-0.0018912686086175108,-0.052055561482507576,0.1755144672397733,0.0003763406397840355,0.008511070511582777
2020-09-01,2020,1982,0,0,58,11,0.2014051615734434,0.0005035129039336085,0.006854861913691651,0.16568498881101368,0.00035198683370197555,0.010812603106293792
2020-09-02,2020,1982,0,0,58,17,0.0034448500498840406,8.612125124710101e-06,0.06654616875840738,0.15572655997953053,0.0004999496712250613,0.023502854321506707
2020-09-03,2020,1982,0,0,58,10,-1.9565247646868755,-0.0048913119117171885,-0.04066334320387949,0.17361620599120176,0.0005808894699428157,0.01954570953104791
2020-09-04,2020,1982,0,0,58,3,1.482679068008744,0.00370669767002186,0.05244739922492456,0.15808181471487626,0.000677256116982623,0.02088550879934535
2020-09-07,2020,1982,0,0,56,7,-0.9278196940260449,-0.002319549235065112,-0.07314984481749157,0.1790325357965024,0.0003484274030337172,0.016798334720391203
2020-09-08,2020,1982,0,0,56,12,-1.4895858378129305,-0.0037239645945323263,-0.1565433262114519,0.19294523575301156,0.0003952079687936776,0.011862276065067902
2020-09-09,2020,1982,0,0,56,5,0.31630699358307846,0.0007907674839576961,0.03209436649136536,0.1614747466618288,0.0005063959585063605,0.009175873471555327
2020-09-10,2020,1982,0,0,58,6,0.9096323058978824,0.002274080764744706,0.05183183285582888,0.15818196592819245,0.0005543594667917531,0.016713988811082502
2020-09-11,2020,1982,0,0,58,11,-1.7843128129153845,-0.004460782032288461,-0.14805220967320482,0.19152890973939046,0.00048374424861637096,0.028251944457680107
2020-09-14,2020,1982,0,0,57,9,-2.438857070405864,-0.00609714267601466,-0.16202102148377312,0.19386211412004972,0.0006000764426974903,0.03499989313843246
2020-09-15,2020,1982,0,0,58,6,-0.5711652617288289,-0.001427913154322072,-0.03383821021633348,0.17246856898040025,0.0003828002421784025,0.03316320773284281
2020-09-16,2020,1982,0,0,57,11,-0.058991193550941734,-0.00014747798387735434,0.08112709793694392,0.15329593931376648,0.00040370185946647755,0.01664548053831225
2020-09-17,2020,1983,0,0,58,6,-1.2302539995754012,-0.003075634998938503,-0.05663922762175,0.17627965998008274,0.0006579689576839846,0.007004370905071298
2020-09-18,2020,1983,0,0,58,7,1.2227049330495188,0.0030567623326237968,0.12537945335101905,0.14591515890128814,0.0007806014363520856,0.021641380322489693
2020-09-23,2020,1983,0,0,58,9,0.48508294967719445,0.0012127073741929862,0.010656260912866158,0.16505436040790109,0.0004533327751533911,0.008037955151650957
2020-09-24,2020,1984,0,0,58,2,1.0562836975445657,0.0026407092438614143,-0.01471641407800256,0.1692896120899262,0.0009770260900382602,0.041590570825487234
2020-09-25,2020,1986,0,0,60,6,-1.1957570162300888,-0.002989392540575222,-0.13229623723454928,0.18890344064511833,0.0006333829381786338,0.04084546724406169
2020-09-28,2020,1986,0,0,60,12,-2.243134413162376,-0.00560783603290594,-0.1586044768405533,0.19329499627224528,0.0015632491948660437,0.04961249212212222
2020-09-29,2020,1986,0,0,59,11,0.0,0.0,,0.08341729638958857,2.488887470962449e-05,0.049287670198065466
2020-09-30,2020,1986,0,0,59,8,0.14290829816061934,0.00035727074540154835,0.07195788621754964,0.15482893729320607,0.0009015962209630188,0.13646192665196147
2020-10-02,2020,1989,0,1,62,3,1.5775078853241602,0.0039437697133104,0.18703251003145335,0.13562565719503197,0.00035264682668924275,0.03780988860436407
2020-10-05,2020,1990,0,0,61,1,-1.082317741248276,-0.0027057943531206903,-0.03994378622213605,0.17349521642423915,0.0004115000446614631,0.024668748780478464
2020-10-06,2020,1990,0,0,62,5,-1.0579235636710849,-0.002644808909177712,-0.078857280322976,0.1799825650621864,0.0004032703879076626,0.009566938677567697
2020-10-07,2020,1990,0,0,61,7,1.6950736746090418,0.004237684186522605,0.06835916351443677,0.15542544002981226,0.00044445677280059975,0.0076837481879742184
2020-10-08,2020,1990,0,0,60,7,0.7122064979824959,0.0017805162449562398,0.07685236193914252,0.15400725710104649,0.00043341855868787,0.0495861817782163
2020-10-09,2020,1990,0,0,57,9,0.3600697746842024,0.0009001744367105061,0.023914830843975735,0.16283585657738828,0.0003403716415336679,0.015393611329194447
2020-10-12,2020,1990,0,0,57,13,2.791144947711576,0.0069778623692789395,0.17108919163355776,0.13828807347084118,0.00048320520506292514,0.009139190866296639
2020-10-13,2020,1990,0,0,59,14,0.20826787399996305,0.0005206696849999076,-0.020705606762326516,0.17028332600539747,0.0005056944350762421,0.008715752612086673
2020-10-14,2020,1990,0,0,59,7,-2.0787812676804496,-0.005196953169201124,-0.08185618164042217,0.18048842946927104,0.0007776317310903901,0.014320794265004337
2020-10-15,2020,1989,0,0,57,14,-0.08649934559824146,-0.00021624836399560364,-0.045152923642832715,0.1743656443803265,0.0008304603546512527,0.039943661059222896
2020-10-16,2020,1989,0,0,57,9,-1.1683696536442711,-0.002920924134110678,-0.03997292815105298,0.17350172785201143,0.0005002790207479799,0.05505574919367157
2020-10-19,2020,1989,0,0,58,4,-0.09880390930810967,-0.00024700977327027417,0.0229590381782024,0.16300027289691454,0.0005046300962517307,0.022786878850260876
2020-10-20,2020,1989,0,0,57,4,-2.4263959328732567,-0.006065989832183142,-0.07210741734786066,0.1788619929301738,0.0005851149405657267,0.029776551897604375
2020-10-21,2020,1989,0,0,58,5,0.24856025740143767,0.0006214006435035942,0.020438193935427482,0.16341902480044507,0.00045557606018702427,0.009521548568399273
2020-10-22,2020,1989,0,0,58,10,1.1001372110256096,0.002750343027564024,0.06369747211555256,0.15619890090533334,0.0005464317074955067,0.013312122855438124
2020-10-23,2020,1989,0,0,58,5,-2.7433065706555517,-0.00685826642663888,-0.20152621864914486,0.20044930551888,0.0004328207898728041,0.0165835921362621
2020-10-26,2020,1989,0,0,57,8,-3.5851487956343524,-0.008962871989085882,-0.20450124270135084,0.20094865893091451,0.0005837946668434789,0.03198645427448892
2020-10-27,2020,1989,0,0,57,1,1.1350665338216546,0.0028376663345541365,0.14033842260843013,0.14341442379117478,0.00044203198318170316,0.013073018483554726
2020-10-28,2020,1990,0,0,54,1,0.7878526037380817,0.0019696315093452044,0.06121346981875399,0.1566214198683394,0.0009551259655842389,0.016247501552173086
2020-10-29,2020,1991,0,0,53,6,2.9135719749074,0.0072839299372684995,0.2294118498903067,0.12855969016707605,0.0008196174166225213,0.028002415865481634
2020-10-30,2020,1991,0,0,53,9,-2.126249569848808,-0.005315623924622021,-0.18312184762947017,0.19738085697144436,0.0010222389955426533,0.06391955902390843
2020-11-02,2020,1991,0,0,53,1,-0.8373334014557117,-0.0020933335036392793,-0.040025404474354376,0.17351013615967442,0.0009795031954431491,0.09322154382637397
2020-11-04,2020,1991,0,0,53,0,0.5898662074376979,0.0014746655185942448,0.029858492684000645,0.16184788436679992,0.0006544305303968469,0.016732819649109935
2020-11-05,2020,1991,0,0,53,0,-1.960477269322353,-0.0049011931733058825,-0.18441818601897564,0.1975981412200969,0.0009610544671550846,0.019184389974897676
2020-11-06,2020,1991,0,0,53,3,5.413459147211129,0.013533647868027823,0.1964996362690808,0.13405088497592718,0.0021373681976972385,0.02370471942434481
2020-11-09,2020,1991,0,0,53,10,-1.0928762060936343,-0.0027321905152340857,-0.061739474252646476,0.17713211642994722,0.0008173883686928994,0.047129268743491576
2020-11-10,2020,1991,0,0,53,4,0.6844538665262857,0.0017111346663157142,-0.030087691068541658,0.17185039795059687,0.0007268435898125811,0.03292067397918341
2020-11-11,2020,1991,0,0,53,5,-0.9966061798668959,-0.0024915154496672398,-0.08750171761490405,0.1814315884828614,0.001211399380482639,0.19711078837166196
2020-11-12,2020,1991,0,0,53,0,-2.6606651213107266,-0.006651662803276817,-0.21350107980783725,0.20245202074774227,0.0010716802825438796,0.1753168873839544
2020-11-13,2020,1991,0,0,53,0,-1.0741745117078578,-0.0026854362792696445,-0.09855038859410166,0.18327310223345272,0.0007349582824589779,0.051013508131027334
2020-11-16,2020,1991,0,0,53,3,0.5343948266919877,0.0013359870667299693,0.046750103268998644,0.15903224918435832,0.0004348304283611898,0.014106768051066424
2020-11-17,2020,1991,0,0,52,7,1.3496273578709685,0.0033740683946774214,0.05499788726828811,0.15764895027548212,0.0004193903386393477,0.027003005017673918
2020-11-18,2020,1991,0,0,52,3,1.0887512895626457,0.0027218782239066142,0.08062327347733506,0.1533796690039396,0.00034084836373771756,0.018113551558509522
2020-11-19,2020,1991,0,0,51,1,-1.989432193046953,-0.004973580482617383,-0.14749306724428207,0.1914386824749655,0.0006851839351267206,0.01751327353350024
2020-11-20,2020,1991,0,0,51,4,-1.5266309151673711,-0.003816577287918428,-0.07983669530696265,0.18015037441979476,0.0004925778184233263,0.02470722352715679
2020-11-24,2020,1991,0,0,51,4,0.8456359238561857,0.002114089809640464,0.04410155252521644,0.1594713476749765,0.0004470149348000713,0.08787473409917519
2020-11-25,2020,1991,0,0,51,8,-0.6358007065993514,-0.0015895017664983785,-0.061955348755775845,0.17716690594658616,0.000489996994337805,0.03549931895160906
2020-11-26,2020,1991,0,0,50,12,0.7008247476055001,0.0017520618690137501,0.03863707058844337,0.16038757836186424,0.0011425102350222547,0.02583703665094378
2020-11-27,2020,1991,0,0,50,12,0.265675724564463,0.0006641893114111574,0.004665680657966902,0.16605350050581777,0.0005373096015638688,0.035810537292855056
2020-11-30,2020,1991,0,0,50,2,0.9287483272680259,0.002321870818170065,0.06465758279683129,0.15604396338407814,0.00041958951455907417,0.021518779750010368
2020-12-01,2020,1991,0,0,51,8,0.05581784499556054,0.00013954461248890136,-0.003648322371621739,0.16743798990611916,0.0005225169928750133,0.03785706977278662
2020-12-02,2020,1991,0,0,52,12,-0.5442619083182161,-0.0013606547707955402,-0.05339901596230464,0.17573745772290553,0.0004904485849028599,0.03806384461921346
2020-12-03,2020,1991,0,0,52,5,-0.45439657064022,-0.00113599142660055,-0.05179127059717507,0.1754713756283468,0.000709751068956649,0.027068266314198737
2020-12-04,2020,1991,0,0,51,3,2.211195391752654,0.005527988479381634,0.15502846214436125,0.14096403735498667,0.00040289714991235406,0.026979110650645174
2020-12-07,2020,1991,0,0,51,2,-1.7862749952065449,-0.004465687488016362,-0.18532173309160496,0.1977470863906645,0.000525287409820761,0.04709479445856446
2020-12-08,2020,1991,0,0,51,9,-0.31504605699529464,-0.0007876151424882366,0.01044147036544322,0.16508793326186114,0.0003723641131431328,0.01726332806600268
2020-12-09,2020,1991,0,0,52,3,-0.24492241680563098,-0.0006123060420140775,-0.024597160848939186,0.17093162190895367,0.0005255045073556516,0.02688537437521191
2020-12-10,2020,1991,0,0,49,10,0.08400517674337227,0.00021001294185843067,0.008460170485307726,0.16541830043483344,0.0005337782162985769,0.008229327291569598
2020-12-11,2020,1991,0,0,49,13,0.23548022377588995,0.0005887005594397248,-0.029807495913151964,0.17179832135445594,0.00044985650386115993,0.005232527897267168
2020-12-14,2020,1991,0,0,50,4,-0.15741612879939285,-0.00039354032199848213,0.008914031299034151,0.16534010341808458,0.0005234448497308421,0.0637723245897635
2020-12-15,2020,1990,0,0,49,11,1.0697762575157168,0.002674440643789292,0.06539150800248918,0.1559213153363481,0.0004887477839247692,0.022447620527249756
2020-12-16,2020,1993,0,0,50,11,-0.09904132182851745,-0.00024760330457129364,-0.02350341463692902,0.17075192321951038,0.0003790165040140339,0.024264542608824668
2020-12-17,2020,1994,0,0,51,9,-0.5810341883317075,-0.0014525854708292687,-0.022354901327065118,0.17055562857905968,0.000360421245996978,0.03861482903472508
2020-12-18,2020,1995,0,0,52,12,-0.9734491953404381,-0.0024336229883510953,-0.06073815002503144,0.1769667875984371,0.000973348114125014,0.006268064764279147
2020-12-21,2020,1996,0,0,53,13,-0.27099520695355717,-0.0006774880173838929,-0.005077886877984206,0.1676775941188978,0.00038801965361995875,0.007157262742353647
2020-12-22,2020,1998,0,0,52,11,-1.162722445645684,-0.00290680611411421,-0.05026997803129855,0.17521228956295928,0.0004535770522625592,0.036135191999428065
2020-12-23,2020,1999,0,0,54,13,-0.6892259617317412,-0.001723064904329353,-0.0511651005446658,0.17536231884766262,0.00037984389859762815,0.03768988542603781
2020-12-24,2020,1999,0,0,54,5,-1.6334735698989138,-0.004083683924747284,-0.150325521503324,0.19190834263585854,0.0004261890632303334,0.019455509299026622
2020-12-25,2020,1999,0,0,54,9,1.423511507364927,0.003558778768412317,0.15380608768278634,0.14117291933558676,0.0005190448571936151,0.014129062074721371
2020-12-28,2020,1999,0,0,51,4,0.08962504207855859,0.0002240626051963965,-0.023265082725030473,0.1707115297366379,0.00034339908390494553,0.016549838039273596
2020-12-29,2020,1999,0,0,51,11,0.19785053838363775,0.0004946263459590943,0.020937501773881637,0.16333928674495854,0.0006853789650906449,0.035200646382020265
2020-12-30,2021,1999,0,0,50,12,0.18281443262582778,0.00045703608156456946,0.055581433053996,0.1575539297954059,0.0003705756531040917,0.02241910405101505
2021-01-04,2021,1999,0,0,50,4,0.17422425054025936,0.0004355606263506484,0.10403429431924435,0.14947401767087887,0.0004219161190136282,0.01832188956387463
2021-01-05,2021,1999,0,0,50,5,1.0555320968221582,0.0026388302420553957,0.07070121604244808,0.1550352456210791,0.0005145119573161302,0.007673859115750078
2021-01-06,2021,1999,0,0,49,3,-1.530641230991692,-0.0038266030774792297,-0.11477858591573638,0.1859803627265812,0.0005550746684354679,0.014424331984908603
2021-01-07,2021,1999,0,0,49,11,-0.7682306883590472,-0.0019205767208976179,-0.07552473401059209,0.17943112673179157,0.0005660744981988917,0.03602780644801847
2021-01-08,2021,1999,0,0,48,5,0.7001898030389769,0.0017504745075974423,0.07178996166791157,0.15485098389770197,0.0005483035421296579,0.07537614534618163
2021-01-12,2021,1999,0,0,47,14,-1.363977430081104,-0.0034099435752027603,-0.09717422182115201,0.18303954625305993,0.0005143416852610079,0.01876267527211905
2021-01-13,2021,1999,0,0,47,7,0.01864564538850222,4.661411347125555e-05,-0.05362889414931416,0.1757798326724056,0.0007101424298398499,0.02561002185110569
2021-01-14,2021,1999,0,0,47,10,0.4955301329972185,0.0012388253324930462,0.07461713596305747,0.15438220457421753,0.00045998039954616777,0.037046053823080356
2021-01-15,2021,1999,0,0,47,10,-2.861950986044016,-0.00715487746511004,-0.21553262914253293,0.20278720384910867,0.0004500737626185778,0.0235817898989273
2021-01-18,2021,1999,0,0,46,7,-0.8248271844465926,-0.0020620679611164814,0.018922394274772887,0.1636726226056051,0.00040563915382523934,0.031265769127055816
2021-01-19,2021,1999,0,0,45,9,-0.9404472820874006,-0.0023511182052185016,-0.02189322385227651,0.17047743534372733,0.0003979492667440055,0.10594123232329657
2021-01-20,2021,1999,0,0,44,6,-0.5355219004962625,-0.0013388047512406561,-0.05176325521170944,0.1754661812961108,0.0004259537357168983,0.03898295639832879
2021-01-21,2021,1999,0,0,43,7,-0.9345526699675645,-0.0023363816749189113,-0.07608877784004836,0.17952442128162371,0.0005084483094441459,0.05081572130003259
2021-01-22,2021,1999,0,0,43,3,1.101797598491581,0.002754493996228953,0.07833282100578044,0.15376089660911002,0.0004782783160719854,0.03251751462387966
2021-01-25,2021,1999,0,0,43,7,0.1813971750475698,0.0004534929376189245,-0.00870045030385682,0.16828021349495048,0.0004031615856775274,0.02669387305749609
2021-01-26,2021,1999,0,0,42,5,-0.15285793537754555,-0.0003821448384438639,-0.021773678872532825,0.17045975192052734,0.0005990156063049206,0.04833459324443318
2021-01-27,2021,1999,0,0,42,4,-1.3439202417529867,-0.003359800604382467,-0.10538337462087817,0.18441384744562608,0.0008042116033701344,0.0067057417152763445
2021-01-28,2021,1999,0,0,41,11,0.19028532324937975,0.00047571330812344934,0.024949397142539933,0.16266775663741415,0.0006808776718469021,0.013352541631720366
2021-01-29,2021,1999,0,0,41,1,0.219191617988296,0.00054797904497074,0.04940892173136411,0.15858607453097143,0.0007246754728200917,0.06735629878863425
2021-02-01,2021,1999,0,0,41,4,-1.3184109760662934,-0.0032960274401657337,-0.038201480026455535,0.1732047733604568,0.0005441840161841425,0.024660816654465404
2021-02-02,2021,1999,0,0,41,2,-0.44340353676184163,-0.001108508841904604,0.0317621811593016,0.16152912696492294,0.00042630401514595097,0.026372184034724303
2021-02-03,2021,1999,0,0,41,5,-2.670639360544122,-0.006676598401360305,-0.1868638515184496,0.19800457396226,0.0007096282957762789,0.06088353942542376
2021-02-04,2021,1999,0,0,41,6,-0.4990494271058141,-0.0012476235677645353,-0.04564953800582288,0.17444816096832294,0.0007397372194712374,0.011449410042131755
2021-02-05,2021,1999,0,0,41,2,-1.8211136955672549,-0.004552784238918137,-0.15738116296782576,0.19308579961147238,0.0005661536016252497,0.03739855047600293
2021-02-08,2021,1999,0,0,41,3,0.613075317462656,0.00153268829365664,0.11010439632898746,0.14846172414865422,0.0005901132654146032,0.015403148456708348
2021-02-09,2021,1999,0,0,41,4,-0.9556976069823786,-0.0023892440174559464,-0.01589370508938133,0.1694834288149214,0.0008133874066789988,0.03328640808975906
2021-02-10,2021,1999,0,0,41,7,1.4607186428845846,0.003651796607211462,0.048757124904033014,0.15869576754417322,0.0008156258617938261,0.00803457699048862
2021-02-12,2021,1999,0,0,41,9,-0.646273619429852,-0.0016156840485746298,-0.0008494392159202957,0.1669716258924652,0.0005787933305394254,0.04621305248966408
2021-02-15,2021,1999,0,0,42,12,-0.47173740088730914,-0.0011793435022182728,0.027669995941697865,0.16221342484136042,0.0006550334802023532,0.007482120163993489
2021-02-16,2021,1999,0,0,42,7,-0.34844349881538994,-0.0008711087470384748,0.0036065523061629143,0.16622894304534175,0.0007627462916358535,0.015850477265102303
2021-02-17,2021,2000,0,0,40,0,-0.35435550991802,-0.00088588877479505,-0.0013512780978758617,0.1670552685672501,0.0005486079785574241,0.021860639972625176
2021-02-18,2021,2000,0,0,41,1,-2.1525301915603343,-0.005381325478900836,-0.15665795184397516,0.19296645621460057,0.0006055053869015719,0.02469268541651729
2021-02-19,2021,2000,0,0,42,0,-1.7069398879367665,-0.004267349719841916,-0.17725299410105555,0.1964038608849197,0.0009572423145904135,0.019921635698786654
2021-02-22,2021,2000,0,0,42,0,-0.8220279656525628,-0.002055069914131407,-0.03983787191802151,0.17347435448589726,0.000496577084331423,0.11584279866461232
2021-02-24,2021,2000,0,0,42,8,0.20734069784155684,0.0005183517446038921,-0.011181457001442336,0.168698273411343,0.0007934460701249428,0.012438242632158949
2021-02-25,2021,2000,0,0,42,3,-0.9218851784507591,-0.0023047129461268977,-0.11076490685922691,0.18531241527467085,0.0008590213047430626,0.013770739253495484
2021-02-26,2021,2000,0,0,42,19,-0.1319717584840916,-0.000329929396210229,-0.0626782654317001,0.17728243136075292,0.0003824478524297412,0.08721255499553122
2021-03-01,2021,2000,0,0,41,12,0.26409664717844006,0.0006602416179461001,0.0806026513371738,0.15338368490148024,0.0004090370920142869,0.01762894015465166
2021-03-02,2021,2000,0,0,41,10,-0.01877168351543279,-4.6929208788581975e-05,-0.006018711877651719,0.16783109401123772,0.00037734352439560944,0.026066925449544958
2021-03-03,2021,2000,0,0,41,7,0.6806806995552012,0.001701701748888003,0.1006213587306323,0.15004229140583294,0.00032999026014282417,0.029614851683600826
2021-03-04,2021,2000,0,0,41,5,1.822943390364554,0.004557358475911385,0.20958649190537643,0.1318641773988545,0.00037743714557420574,0.09330101298581207
2021-03-05,2021,2000,0,0,38,5,0.9647677357441902,0.0024119193393604753,0.11784667540818564,0.14717156739950765,0.0006640557118023423,0.016176981393980903
2021-03-08,2021,2000,0,0,38,5,-1.398198375843572,-0.00349549593960893,-0.13451486662994735,0.18926958551812173,0.0003353522175913537,0.0075878625660591534
2021-03-09,2021,2000,0,0,38,1,-1.7037464408079848,-0.004259366102019962,-0.10616847378015955,0.18454383657561646,0.00040756648877401914,0.05185686083587981
2021-03-10,2021,2000,0,0,38,3,2.4076070468709276,0.0060190176171773194,0.12263108551614572,0.14637103481705832,0.00045184480551687387,0.019575568580522316
2021-03-11,2021,2000,0,0,37,9,-0.4110536727900169,-0.0010276341819750424,-0.0568290054534749,0.17631331573740847,0.0005765484668908226,0.0787918783636234
2021-03-12,2021,2000,0,0,37,5,1.0563230370622012,0.002640807592655503,0.16816355264340474,0.13877696039115106,0.0004328162936091067,0.012802356184047734
2021-03-15,2021,2000,0,0,37,16,-0.3392101672014858,-0.0008480254180037144,-0.05005212932512782,0.17517631445787923,0.0003777779835537719,0.0640180915770471
2021-03-16,2021,2000,0,0,34,19,-0.6292475719022885,-0.0015731189297557213,-0.0335792365479277,0.17242938871887167,0.0003213859803202497,0.05482437167580701
2021-03-17,2021,2000,0,0,35,12,1.154696482382089,0.002886741205955223,0.12264524596687161,0.1463690822399694,0.00037799406793704514,0.1240907361888542
2021-03-18,2021,2000,0,0,35,11,-0.36912535168046756,-0.0009228133792011689,-0.051565625506552325,0.17543219045740976,0.00046600528447201096,0.045169896624077874
2021-03-19,2021,2000,0,0,33,5,0.3543456801499323,0.0008858642003748308,-0.014585896201423572,0.16926486686314643,0.0006642908628751167,0.011128156427027046
2021-03-22,2021,2000,0,0,30,9,0.34889604795683216,0.0008722401198920804,0.0135521999282417,0.16457217102798524,0.0011028668390000611,0.015661141912198688
2021-03-23,2021,2000,0,0,30,15,-0.5833497560454042,-0.0014583743901135104,-0.13185431889886237,0.18882945455969605,0.0005082812151436223,0.042712476515096166
2021-03-24,2021,2000,0,0,29,1,1.107642147659074,0.002769105369147685,0.15049455341896809,0.14172502784658964,0.0005440906710956776,0.06113304587578819
2021-03-25,2021,2000,0,0,30,2,-0.6474935195937146,-0.0016187337989842865,-0.10488221341948152,0.18432955422183328,0.0004450152576182035,0.0374996573019269
2021-03-26,2021,2000,0,0,29,3,-1.7812991159073532,-0.004453247789768383,-0.07786640591436197,0.1798224558752613,0.0007522415309689603,0.02484321106308835
2021-03-29,2021,2000,0,0,29,4,0.4983528251285567,0.0012458820628213918,0.013972807961161312,0.16450162356065476,0.0006233240039064226,0.028220058182295296
2021-03-30,2021,2000,0,0,29,3,1.8956105448196099,0.004739026362049025,0.1549220084612207,0.14098552646758597,0.000430397666203068,0.06401109348670196
2021-03-31,2021,2000,0,0,29,1,0.3431246553501005,0.0008578116383752513,0.04006948458022524,0.1601442609123471,0.00034576042586133683,0.03537839703955073
2021-04-01,2021,2000,0,0,29,0,0.20530272037217978,0.0005132568009304495,0.06196021524773125,0.15649426507901273,0.00032043024969757394,0.025431880502776213
2021-04-02,2021,2000,0,0,29,0,-0.5642776785496313,-0.0014106941963740781,-0.033159649375370644,0.17236485732861428,0.0005134279577743807,0.06472070883914752
2021-04-05,2021,2000,0,0,30,1,-0.5970469785943666,-0.0014926174464859165,-0.0052336201736869585,0.16770539415530675,0.00033657441764501186,0.03460822074038752
2021-04-06,2021,2000,0,0,29,1,-0.8361443506160491,-0.002090360876540123,-0.07080981155739341,0.17864628906499275,0.0005681116969739326,0.02543241879591411
2021-04-07,2021,2000,0,0,29,6,0.2347241000198501,0.0005868102500496253,-0.012316461012280126,0.168877653246333,0.0002471307015995191,0.012970778855602055
2021-04-08,2021,2000,0,0,28,6,-3.056242565347339,-0.007640606413368347,-0.263070145283103,0.21071738589404757,0.0004900931420460605,0.033595425609700726
2021-04-09,2021,2000,0,0,27,5,-0.10311623838101813,-0.0002577905959525453,-0.008997293843031568,0.1683270460893278,0.0002996601650729907,0.03259192777827931
2021-04-12,2021,2000,0,0,29,3,0.2615188148981749,0.0006537970372454373,0.059705111736075143,0.15686894416442837,0.0003025792127256281,0.023601815004382576
2021-04-13,2021,2000,0,0,29,3,0.4756995474170749,0.0011892488685426872,0.03759356870676988,0.16055795681732812,0.000341638602776218,0.006356626390718842
2021-04-14,2021,2000,0,0,29,7,0.8486577864626176,0.002121644466156544,0.020570004668895366,0.1633869135042759,0.0002604549610487033,0.014259446314268641
2021-04-15,2021,2000,0,0,30,1,-1.1209707239643745,-0.0028024268099109363,-0.08725536792971961,0.1813851434846988,0.0003465664387732226,0.018497178268536585
2021-04-16,2021,2000,0,0,29,3,0.21167362016637048,0.0005291840504159262,0.02463400647853081,0.16272307764687746,0.00040822795485145213,0.01508672667218018
2021-04-19,2021,2000,0,0,29,4,-2.0760896095510755,-0.005190224023877688,-0.12428956247562446,0.1875687134462679,0.0007371672253337944,0.005336786786602385
2021-04-20,2021,2000,0,0,28,4,0.18783099070642884,0.0004695774767660721,0.0033156607503273174,0.16627788806859659,0.0005259927255785239,0.017121064006299983
2021-04-21,2021,2000,0,0,29,5,0.33096810859038084,0.0008274202714759521,0.0322493154941014,0.16144603210810007,0.00031922946336651945,0.04463426765088374
2021-04-22,2021,2000,0,0,29,1,0.8754658377559135,0.002188664594389784,0.047833616175885864,0.15884930565582941,0.00034045884026622555,0.03270219021720646
2021-04-23,2021,2000,0,0,29,9,-1.0880985111100496,-0.002720246277775124,-0.08250110531279117,0.1805911287935113,0.0003078548354689187,0.028707683876672368
2021-04-26,2021,2000,0,0,29,11,-0.4795430417040297,-0.0011988576042600743,-0.01811331929271701,0.16985198051752237,0.00036670044459267916,0.02530164813375861
2021-04-27,2021,2000,0,0,29,7,-0.3138826898096281,-0.0007847067245240702,-0.032556635656577446,0.17225922634904245,0.000510172848555683,0.18379172192377016
2021-04-28,2021,1999,0,0,30,4,-1.1125450860075172,-0.002781362715018793,-0.06382733647627013,0.17748072399979184,0.0007089260496419866,0.01883588943414304
2021-04-30,2021,1999,0,0,30,4,-0.9040049434255263,-0.002260012358563816,-0.0743350508962263,0.179233101627482,0.0005764869208661623,0.009864673246833346
2021-05-06,2021,1999,0,0,30,3,0.05425380359171861,0.00013563450897929652,-0.0220760147600033,0.17050972506596965,0.0005640984491949733,0.013537103576663665
2021-05-07,2021,1999,0,0,31,3,-2.0663554005776277,-0.005165888501444069,-0.11765171550830791,0.18646132266474721,0.0009460264431670801,0.3306454250410388
2021-05-10,2021,1999,0,0,31,2,-0.4458494914670452,-0.0011146237286676131,-0.008154793763899678,0.16819302933387253,0.0009154078834424096,0.01758980680130092
2021-05-11,2021,1999,0,0,32,4,-0.07287102883842689,-0.00018217757209606722,-0.03835132896828284,0.17323097844577304,0.0009816029521013815,0.014984414351598129
2021-05-12,2021,1999,0,0,31,7,0.48606978125214795,0.0012151744531303699,0.08699332617568889,0.15231916672965026,0.0010827787331658604,0.0465449302002614
2021-05-13,2021,1999,0,0,33,4,1.5781456765826023,0.003945364191456506,0.13385241647115803,0.1445010066493606,0.0010373807540436251,0.027047269367607606
2021-05-14,2021,1999,0,0,33,2,-0.6807785297572102,-0.0017019463243930254,0.00250982377676627,0.16641394436623383,0.0007140581252480031,0.04745106985927881
2021-05-17,2021,1999,0,0,33,5,0.07510848080283616,0.0001877712020070904,0.007726018724797751,0.1655421850234597,0.0003701430158088085,0.06678756642289731
2021-05-18,2021,1999,0,0,33,2,0.04671321551262997,0.00011678303878157493,0.019840817032507604,0.16351664390824114,0.000434057932062174,0.010982940865628685
2021-05-19,2021,1999,0,0,33,2,0.35281648205632643,0.0008820412051408161,0.012315615338533372,0.16476971363955648,0.0003086914208459822,0.0087059299694464
2021-05-20,2021,1999,0,0,33,1,-1.4100470692962686,-0.0035251176732406715,-0.13568176751969063,0.18946586325865303,0.0003532446715807183,0.016744061380149586
2021-05-21,2021,1999,0,0,33,1,0.019459213141169773,4.8648032852924434e-05,-0.00798373771249769,0.16816242588644556,0.00032432236680651224,0.0423461635401612
2021-05-24,2021,1999,0,0,33,6,-0.1015075356783568,-0.000253768839195892,-0.0004186854704203475,0.16689670317297445,0.00033792503570170753,0.061646455952425086
2021-05-25,2021,1999,0,0,32,4,0.682813333157387,0.0017070333328934675,0.058289881606846866,0.15710755976284133,0.00040051244695280696,0.02245701086327591
2021-05-26,2021,1999,0,0,32,10,-0.7481043583537876,-0.0018702608958844691,-0.050293159899339364,0.17522286524248717,0.0006308960277261452,0.032014686655211656
2021-05-27,2021,1999,0,0,32,1,-0.7719426850567415,-0.0019298567126418537,-0.07824215064253909,0.17988492713793303,0.00042137924627360523,0.016472740014247884
2021-05-28,2021,1999,0,0,33,0,-0.3550100500289957,-0.0008875251250724893,-0.011606194553394789,0.16876284022175533,0.0002657326571297971,0.013184054608551588
2021-05-31,2021,1999,0,0,32,12,-1.0157355844058165,-0.0025393389610145413,-0.09715577372106152,0.18303689707290657,0.0003979134492934915,0.04926493323980944
2021-06-01,2021,1999,0,0,33,2,0.49371096285256244,0.001234277407131406,0.018158926557522142,0.16379546396337824,0.000318855654564026,0.01436407430891675
2021-06-02,2021,1999,0,0,32,2,1.5376942155511089,0.003844235538877772,0.08897411404505338,0.15198269823117283,0.00030486506605235237,0.013256591880746566
2021-06-03,2021,1999,0,0,32,7,-0.5491112720303496,-0.001372778180075874,-0.08355711386045711,0.1807666731148242,0.0003065882347667765,0.02065730825075529
2021-06-04,2021,1999,0,0,30,1,-0.93231036029224,-0.0023307759007306,-0.09621064198614976,0.18287857051057468,0.00031617485077277077,0.010861284429484083
2021-06-07,2021,1999,0,0,31,5,0.5604481054097386,0.0014011202635243463,0.015578305838327804,0.1642275071449619,0.00029753743152737027,0.006286433794561988
2021-06-08,2021,1999,0,0,31,2,0.9217097827394091,0.002304274456848523,0.06335740322593471,0.156252034723365,0.0002667139605717182,0.006665806976292193
2021-06-09,2021,1999,0,0,30,2,0.23433072820127487,0.0005858268205031872,0.036510526478916554,0.16073132192252815,0.0003159214282982133,0.011545741075726606
2021-06-10,2021,1999,0,0,30,2,0.00035878918389009584,8.969729597252396e-07,-0.008085267065637908,0.1681736450995455,0.000346751806603663,0.015453183334186679
2021-06-11,2021,1999,0,0,30,0,-0.3141158444715143,-0.0007852896111787857,0.0077777082681803385,0.165525551598155,0.0003354027747840364,0.05809429455243085
2021-06-14,2021,1999,0,0,30,1,-0.504068224518157,-0.0012601705612953927,0.0009001678755920898,0.1666769105057819,0.0003069651484345541,0.005983933398483348
2021-06-15,2021,1999,0,0,30,4,-0.4361063087480788,-0.001090265771870197,-0.06940524960077901,0.17840526149491692,0.00029979163956571657,0.007838668739268551
2021-06-16,2021,1999,0,0,31,5,0.020616325096400878,5.1540812741002195e-05,0.01672158044626711,0.16404068859713597,0.0004677031192002405,0.042295798583728776
2021-06-17,2021,1999,0,0,33,4,0.6293617710104442,0.0015734044275261105,0.014474325368821116,0.16441848884233742,0.000655947450571284,0.014039397118405097
2021-06-18,2021,1999,0,0,32,11,1.8936276870458508,0.004734069217614627,0.15948654021155348,0.140225623114152,0.0008577384779951546,0.010265343533880953
2021-06-21,2021,1999,0,0,32,11,-1.0867682089904371,-0.002716920522476093,-0.10338526999144025,0.18407293760266794,0.00031426559789877377,0.013941295953081221
2021-06-22,2021,1999,0,0,33,10,0.11899817250476025,0.0002974954312619006,0.033475631582195096,0.16124265736371587,0.0003450462376158043,0.31649529459777664
2021-06-23,2021,1999,0,0,34,13,0.019531330866869645,4.882832716717411e-05,-0.016934453542710306,0.16965442414885104,0.0003468471490639932,0.07567828055561594
2021-06-24,2021,1999,0,0,34,5,0.8073161821985274,0.0020182904554963185,0.02087232398936612,0.1633460562176046,0.00030317639056291664,0.029112954914844807
2021-06-25,2021,1999,0,0,35,12,-0.17195604683926624,-0.00042989011709816563,-0.052219945893212015,0.17554291190671442,0.00036810690055165277,0.048380115466132474
2021-06-28,2021,1999,0,0,34,5,-0.0635021345444029,-0.00015875533636100725,-0.021571269312565443,0.17042684333987643,0.0003437231105010705,0.023871912333633664
2021-06-29,2021,1999,0,0,34,7,1.3109089781830061,0.0032772724454575154,0.16412040047314275,0.13944398721227827,0.00035121379694899227,0.011451789954941755
2021-06-30,2021,1999,0,0,34,12,0.37154260689763796,0.0009288565172440949,0.08287415777988018,0.1530051357806827,0.0003643008203421481,0.1930029930958626
2021-07-01,2021,1999,0,0,34,5,-0.9188814579585738,-0.0022972036448964343,-0.0808506801137782,0.1803171411838358,0.00023792418915656588,0.022963780323735198
2021-07-02,2021,1999,0,0,34,7,-0.26801822136029657,-0.0006700455534007414,-0.08284715486982834,0.1806365965585215,0.0002370386238589244,0.007369325491117035
2021-07-05,2021,1999,0,0,34,3,0.7739863421440689,0.0019349658553601723,0.0947307635536553,0.15102789964382424,0.0002564151118584822,0.010893019832658203
2021-07-06,2021,1999,0,0,35,0,0.6483620385272544,0.001620905096318136,-0.047773394674928124,0.17480133200224227,0.0003517232976353879,0.027420213071228536
2021-07-07,2021,1999,0,0,35,3,-0.5957976410579505,-0.0014894941026448764,-0.024823438323624172,0.17096540660869122,0.00026338746752208134,0.0168793950731078
2021-07-08,2021,1999,0,0,35,11,0.10797067349748612,0.0002699266837437153,0.04003617706976374,0.16015384889461567,0.0006906262796760747,0.012101871304462237
2021-07-09,2021,1999,0,0,35,25,0.9687731001059698,0.0024219327502649247,0.1049904969678514,0.1493146236921403,0.00036085473949598303,0.029258133121093127
2021-07-12,2021,1999,0,0,35,7,0.029435432976076495,7.358858244019124e-05,-0.03205631298689108,0.17217078570878594,0.00031089525267076164,0.044619194798941955
2021-07-13,2021,1999,0,0,34,12,-0.12725501863459376,-0.00031813754658648443,0.005611142108726948,0.16589523581952478,0.0003728336698011551,0.019239109970948576
2021-07-14,2021,1999,0,0,34,9,0.9163656775515359,0.00229091419387884,0.04630779503131604,0.1590949079095054,0.0002663690881137583,0.01522690353751039
2021-07-15,2021,1999,0,0,35,5,-1.0634367542669487,-0.002658591885667372,-0.051292175747014064,0.17538952950740425,0.0004019619351779924,0.02630419333261523
2021-07-16,2021,1999,0,0,33,5,0.1727649675100018,0.00043191241877500454,0.007617417559870431,0.16555939482605517,0.0002795360628447377,0.013460430235184732
2021-07-19,2021,1999,0,0,34,6,0.46316281647542157,0.001157907041188554,0.05609986969580144,0.15747032119107043,0.0003169009076581859,0.033709626745804196
2021-07-20,2021,1999,0,0,36,9,0.2799002959332517,0.0006997507398331293,0.0461833294052219,0.15912662313415243,0.0004997822416249462,0.027857963206425588
2021-07-21,2021,1999,0,0,35,7,-0.38741956307040404,-0.00096854890767601,0.05801535468673877,0.15715188893463464,0.0003358957183480786,0.012930791752280828
2021-07-26,2021,1999,0,0,36,3,-1.2267275328707468,-0.0030668188321768667,-0.1297373839789238,0.18847305923370233,0.0003944276382202307,0.01629749325605466
2021-07-27,2021,1999,0,0,36,8,1.6587507785710014,0.004146876946427503,0.12774993089659728,0.14551652998967246,0.00037030611375557683,0.016904254431682
2021-07-28,2021,1999,0,0,36,5,-2.10323070152845,-0.005258076753821125,-0.16103197195133048,0.19369812206827558,0.0006961242103025615,0.026278957597607917
2021-07-29,2021,1999,0,0,37,6,-0.1380238939199181,-0.0003450597347997952,-0.01770154697449006,0.1697860747621489,0.0008937425717237928,0.018725182958126543
2021-07-30,2021,1999,0,0,37,8,0.12430330233664666,0.00031075825584161667,-0.009334138498045978,0.1683866421663248,0.00033278143708693163,0.031198508937011007
2021-08-02,2021,1999,0,0,37,2,0.8023834831298253,0.0020059587078245632,0.08720086695375771,0.1522831984433531,0.0004077784450301419,0.008201530050381425
2021-08-03,2021,1999,0,0,39,1,0.30468221082014063,0.0007617055270503516,0.021033694125710434,0.16331809317841872,0.00044456964140842796,0.012344718913600011
2021-08-04,2021,1999,0,0,39,2,0.2654938461623589,0.0006637346154058972,-0.03955903281659537,0.17342791633421684,0.0005715240484305687,0.0236588355002589
2021-08-05,2021,1999,0,0,39,2,-0.836118241239338,-0.002090295603098345,-0.09440709232838011,0.18258090281151362,0.0008455082221606971,0.015579250950676997
2021-08-06,2021,1999,0,0,39,5,1.1800406155940686,0.0029501015389851713,-0.013535896009251314,0.16908908963044136,0.0006642126664050221,0.01005506493771463
2021-08-10,2021,1999,0,0,39,4,-0.907768822399851,-0.0022694220559996274,0.013444661464249916,0.1645819202816545,0.0005535393624153956,0.014892450362356341
2021-08-11,2021,1999,0,0,40,8,-0.19021768001722833,-0.0004755442000430708,-0.0040921719522758904,0.16750804342623277,0.0006640460767514749,0.14611425991603333
2021-08-12,2021,1999,0,0,40,8,0.6664805352238452,0.001666201338059613,-0.02066483443490563,0.1702800427569469,0.000874948253456223,0.041284945026410086
2021-08-13,2021,1999,0,0,40,10,0.8879955148874437,0.0022199887872186093,-0.027849242386709,0.17147478309390596,0.000550429261221118,0.019451177341637566
2021-08-16,2021,1999,0,0,39,9,0.7741430049729314,0.0019353575124323285,0.08701439097557408,0.1523140810882154,0.0004261870675107275,0.03274777710217448
2021-08-17,2021,1999,0,0,40,13,-0.963262605510472,-0.0024081565137761803,-0.09150184916902183,0.18209672727828954,0.000529008761538371,0.01980125576321101
2021-08-18,2021,1999,0,0,40,4,-1.3417456343617487,-0.0033543640859043716,-0.18542042962542316,0.19776394330425603,0.0005189924911802085,0.03254191591708282
2021-08-19,2021,1999,0,0,41,4,-0.5164842554327338,-0.0012912106385818344,-0.03600544540503531,0.1728385084931351,0.0007289023163806602,0.01121653507760154
2021-08-20,2021,1999,0,0,41,1,-1.6257013997483778,-0.004064253499370944,-0.14161778723693008,0.19045599792805226,0.0005660424512187426,0.010263533950833344
2021-08-23,2021,1999,0,0,41,0,0.7128414294060319,0.0017821035735150798,0.08541465521560981,0.15257363037997598,0.00031211976423744375,0.025060569470723774
2021-08-24,2021,1999,0,0,41,4,-0.7450728651250539,-0.0018626821628126347,-0.028085612859815996,0.17151204661570205,0.000329723371674908,0.013719970112315655
2021-08-25,2021,1999,0,0,41,8,-0.01364033206721632,-3.41008301680408e-05,-0.012994747077617863,0.16898955555677564,0.0002528512028412287,0.05640264285783113
2021-08-26,2021,1999,0,0,40,3,0.5517774819696091,0.0013794437049240227,-1.4344365329064284e-05,0.1668346591244101,0.00042602715766557384,0.04435795616643726
2021-08-27,2021,1999,0,0,40,4,0.15319160181375008,0.0003829790045343752,0.040549546876939783,0.16006253416537639,0.000337514398362747,0.006834524076915698
2021-08-30,2021,1999,0,0,40,6,-0.4504996712794149,-0.0011262491781985373,-0.03521009737845184,0.17270009836957725,0.00031785990546017866,0.023662549428637197
2021-08-31,2021,1999,0,0,41,8,-0.7177060561196997,-0.0017942651402992494,0.017293713160647373,0.16394266623723194,0.00036577369471204756,0.04063411181870151
2021-09-01,2021,1999,0,0,42,6,-0.37621829812139596,-0.0009405457453034899,-0.007293743946603309,0.16804782636678814,0.0005125932546418162,0.024879412084550932
2021-09-02,2021,1999,0,0,42,8,-0.03577508393934359,-8.943770984835897e-05,0.021160395580231885,0.16329650111643712,0.00041557856545442406,0.010094493018638642
2021-09-03,2021,1999,0,0,43,8,-0.5379193780583746,-0.0013447984451459365,0.006643578817679444,0.16571897627308965,0.0003637929998607695,0.09452946192042919
2021-09-06,2021,1999,0,0,43,20,0.09546979940756506,0.00023867449851891265,0.001698534177939786,0.16654200407194272,0.0002685242852747829,0.052917129681599326
2021-09-07,2021,1999,0,0,45,14,0.19793512097953359,0.000494837802448834,0.01568732024746035,0.16420831902552996,0.00037404999233260036,0.012697395411417874
2021-09-08,2021,1999,0,0,45,18,1.2696466507670947,0.0031741166269177367,0.12671167920116377,0.14569259880967286,0.000490683026328848,0.012925049198971833
2021-09-09,2021,1999,0,0,44,9,-0.4569384085207189,-0.0011423460213017972,-0.03967837347403059,0.17344761767317138,0.0004075027015926567,0.038556705129950464
2021-09-10,2021,1999,0,0,45,21,0.6713346396228281,0.0016783365990570703,0.06905351890766462,0.1553097190683877,0.00031758549827776795,0.0676029924824105
2021-09-13,2021,1999,0,0,46,30,-0.3742008632141762,-0.0009355021580354406,-0.03325934821551552,0.17238083672883908,0.0007935681251007935,0.014331360152190106
2021-09-14,2021,1999,0,0,45,25,1.2362926619198762,0.0030907316547996904,0.18542045425691797,0.1358925303587825,0.0006067450756087553,0.020720480222494998
2021-09-15,2021,1999,0,0,45,12,-0.28617674342601385,-0.0007154418585650346,-0.011571899489093793,0.168756629269293,0.0004162151964633065,0.030836952191740045
2021-09-16,2021,1999,0,0,46,9,0.7901968712140186,0.0019754921780350465,0.07463467993275258,0.15438166497630162,0.0006726905640532197,0.023263695315121857
2021-09-17,2021,1999,0,0,47,7,-0.6087380738984254,-0.0015218451847460635,-0.07833835924741993,0.17990178268058699,0.0005675575278179034,0.0290135679674869
2021-09-21,2021,1999,0,0,45,4,-0.14835306867419895,-0.0003708826716854974,-0.02783408493891615,0.17147693753820895,0.0010744218818593745,0.08222629758490882
2021-09-22,2021,1999,0,0,45,2,0.6695741698341664,0.001673935424585416,0.0943094477407489,0.15109692275108066,0.00037875535409682536,0.035171359948907285
2021-09-24,2021,1999,0,0,46,3,1.0218257004318019,0.002554564251079505,0.056095806773398704,0.15746959888675394,0.0005869273868157981,0.11277430512370792
2021-09-27,2021,1999,0,0,46,7,1.2352905195872772,0.003088226298968193,0.13625257101628105,0.14410117956861299,0.0006405885600185394,0.011725432514915368
2021-09-28,2021,1999,0,0,46,6,1.4469283523512286,0.0036173208808780717,0.057507058157387575,0.1572350716626308,0.00043191371552023727,0.06903050277840982
2021-09-29,2021,1999,0,0,46,3,0.09066008092256261,0.00022665020230640652,0.07321768482589924,0.15461824044193306,0.0006682525303881385,0.01510173606627458
2021-09-30,2021,1998,0,0,46,1,-2.2988845089371024,-0.005747211272342756,-0.164609920155477,0.1942936658714005,0.0005577800794523089,0.013309058391803168
2021-10-01,2021,1998,0,0,46,8,-0.333686976987861,-0.0008342174424696524,-0.003900638894578256,0.16748361122026026,0.0003901731473659405,0.06280654725076273
2021-10-04,2021,1998,0,0,46,9,-0.4462677995748552,-0.001115669498937138,0.050837647090931276,0.1583488923439761,0.00043597937625520366,0.04490884441030795
2021-10-05,2021,1998,0,0,45,28,-2.640005481457589,-0.006600013703643972,-0.12675415762318032,0.18797672299965046,0.00044608409652223147,0.02522292936837694
2021-10-06,2021,1998,0,0,45,1,-1.473066013414245,-0.0036826650335356126,-0.05297131894650087,0.17566719630268135,0.0005015708038110058,0.04260457576212676
2021-10-07,2021,1998,0,0,47,3,-1.1436074038201727,-0.002859018509550432,-0.06708422792912136,0.1780240001501538,0.0004675322811350854,0.029154007198064647
2021-10-08,2021,1998,0,0,47,2,-0.36531590379620393,-0.0009132897594905098,-0.038471023236113525,0.17325002800167225,0.0005065897913456116,0.03670267361051436
2021-10-11,2021,1998,0,0,46,1,-0.7382212735077955,-0.0018455531837694888,-0.06485026589517817,0.17764789206654058,0.00045295044625492866,0.024523302427735896
2021-10-12,2021,1998,0,0,48,10,-0.6232967314720792,-0.001558241828680198,-0.04844700765554718,0.17491116131772408,0.00038429185860569683,0.01328004518820937
2021-10-13,2021,1998,0,0,47,10,0.6457747097781885,0.0016144367744454712,0.0005293113904369723,0.16674498879416172,0.0009728099670631142,0.010325290678918887
2021-10-14,2021,1998,0,0,49,4,-0.1636045307446592,-0.00040901132686164797,0.03638616906183453,0.16075817734063744,0.00043204964723120705,0.0396822596192402
2021-10-15,2021,1998,0,0,48,2,0.62443043397156,0.0015610760849288999,-0.0014692213480186728,0.16707106030656957,0.00038705931789724085,0.02933146155593234
2021-10-18,2021,1998,0,0,48,6,0.9086800934576911,0.002271700233644228,0.13349575736568223,0.14455151348373002,0.00030623580640931993,0.013805515661527783
2021-10-19,2021,1998,0,0,48,8,-0.23760391827175953,-0.0005940097956793988,0.03642488424288144,0.16075351484010292,0.00040150047933201386,0.021399813039833723
2021-10-20,2021,1998,0,0,48,8,-0.8220117567784,-0.002055029391946,-0.08393779405728992,0.18082655120980512,0.0002675750000760571,0.013584235463086078
2021-10-21,2021,1998,0,0,49,10,-0.7367268163970436,-0.001841817040992609,-0.05990965200533574,0.17682096551232754,0.00028264156479935825,0.02933671383271035
2021-10-22,2021,1998,0,0,48,10,-0.033803199186967614,-8.450799796741904e-05,-0.021429313486952012,0.17040237633878472,0.0003540103979069001,0.014907713085167296
2021-10-25,2021,1998,0,0,48,15,0.5317521476611906,0.0013293803691529764,0.036946451181411724,0.1606636997385238,0.000282670160724228,0.015559722548373461
2021-10-26,2021,1998,0,0,48,5,0.4571303931328292,0.001142825982832073,0.05306996002348857,0.15797385980690481,0.0004458900681363294,0.019091618409009897
2021-10-27,2021,1998,0,0,48,8,0.23874973024487145,0.0005968743256121787,-0.010096591864135345,0.16850682093958877,0.0004383256671413328,0.016375322093896
2021-10-28,2021,1998,0,0,47,11,0.1910956963439303,0.00047773924085982576,0.046622280910969156,0.15905495187688384,0.0009162789125782829,0.008536853309654967
2021-10-29,2021,1998,0,0,47,6,-0.3555209209170713,-0.0008888023022926784,-0.05369392666052926,0.1757898879253169,0.0004594981980701244,0.0068500569168114655
2021-11-01,2021,1998,0,0,46,12,0.7747920410193969,0.0019369801025484923,0.002653861160606307,0.1663879614960593,0.0007786538465744343,0.06792287481263634
2021-11-02,2021,1997,0,0,46,8,-0.5987201886902418,-0.0014968004717256045,0.012717785845126539,0.16470919754527877,0.0007311747661990675,0.04564556415803159
2021-11-04,2021,1997,0,0,46,3,0.9962985253734583,0.0024907463134336456,0.027715851800048003,0.16220254739591888,0.0007038077753415787,0.04061313573490112
2021-11-05,2021,1997,0,0,46,3,-0.6378295665194451,-0.0015945739162986127,-0.022216743141632744,0.17053796363106233,0.0005593416325564325,0.008002068887726982
2021-11-08,2021,1996,0,0,46,3,-0.19006548315153218,-0.00047516370787883044,-0.052929815302709717,0.17565898651783124,0.0006470994531339915,0.005905632485689483
2021-11-09,2021,1996,0,0,46,9,1.5365408125916533,0.0038413520314791332,0.06198027375411134,0.1564859308884161,0.0006157180059052142,0.007352017871990874
2021-11-10,2021,1996,0,0,46,11,1.5797858837097243,0.003949464709274311,0.0045053244423958515,0.1660802695962965,0.0010053649959332214,0.005576375357032365
2021-11-11,2021,1996,0,0,46,4,1.8761916518914683,0.0046904791297286705,0.08976919475633179,0.1518531867788315,0.0009937847371706964,0.007962752531153893
2021-11-12,2021,1996,0,0,46,1,1.258531265906445,0.0031463281647661125,0.04349203461909585,0.15957186211167065,0.0005712309016953577,0.01871769703412378
2021-11-15,2021,1996,0,0,46,6,1.5014567706142818,0.0037536419265357048,0.004974796090734629,0.16600129524568827,0.0005695009756588652,0.030810066684113176
2021-11-16,2021,1996,0,0,45,5,-0.4683390809776341,-0.0011708477024440854,-0.050183778180250646,0.1751990875048506,0.00037554892996137957,0.026982962665171837
2021-11-17,2021,1997,0,0,45,6,2.4616629297521095,0.006154157324380274,0.07551110716056167,0.1542312733661679,0.0003687761863530959,0.040740476200160726
2021-11-18,2021,1997,0,0,45,6,1.3838668863918109,0.0034596672159795273,0.04266541088430354,0.15970990225916223,0.00035191689708925116,0.010314122716810765
2021-11-19,2021,1997,0,0,45,6,-1.3710107988247597,-0.0034275269970618994,-0.10005406566508739,0.18352014890611545,0.0005663531674090571,0.05269896768866084
2021-11-22,2021,1997,0,0,45,6,-0.9673848376686441,-0.0024184620941716103,-0.08789455362175717,0.18149115119651577,0.0003033179096589605,0.01653494322838729
2021-11-24,2021,1997,0,0,47,9,-0.34925165645558565,-0.0008731291411389641,-0.05115562871995602,0.17536774472072322,0.0005252596924936024,0.010488615402390964
2021-11-25,2021,1997,0,0,48,10,0.4266603286210646,0.0010666508215526616,0.0037582191651628323,0.16620649898918965,0.000914568539600184,0.013367332776621426
2021-11-26,2021,1997,0,0,47,3,-0.16258949861521343,-0.00040647374653803356,0.024531685822387378,0.1627378784290025,0.00046737765904961734,0.04449002325539881
2021-11-29,2021,1997,0,0,46,11,-2.466242469102477,-0.006165606172756193,-0.12615960903411788,0.18787976428319333,0.000771920579880024,0.027641627197065255
2021-11-30,2021,1996,0,0,46,0,2.0258066127136614,0.005064516531784153,0.140193149060493,0.14344208501676187,0.0005282587461530587,0.03749335814693736
2021-12-01,2021,1996,0,0,46,5,0.07421139238223695,0.00018552848095559237,-0.019205047528899948,0.1700376051252636,0.001316735566843814,0.03093976828563914
