Date,StocksRanked,FallbackStocks,SelectedFallbackStocks,SelectedMissingTargets,AllMissingTargets,LongWeightedScore,ShortWeightedScore,OfficialDailySpread,IllustrativeGrossOneReturn,ValidationYear,AllStockForecastMSE,FinancialFallbackStocks
2017-12-29,1896,42,16,0,0,1.666726349669874,1.3621449749296655,0.30458137474020863,0.0007614534368505216,2018,0.0569810535014637,1894
2018-01-04,1896,41,15,0,0,1.1303255980213154,1.4229335209930036,-0.29260792297168825,-0.0007315198074292206,2018,0.01410225800908698,1893
2018-01-05,1896,41,17,0,0,1.861386307052867,0.06300524741827183,1.798381059634595,0.004495952649086488,2018,3.287036288469249,1893
2018-01-09,1896,39,11,0,0,-0.2040593443381351,0.8088215208787352,-1.0128808652168702,-0.0025322021630421756,2018,0.014750390600934917,1884
2018-01-10,1896,39,8,0,0,-0.1953997607610701,-0.441643958174233,0.24624419741316292,0.0006156104935329073,2018,0.002305063729993418,1871
2018-01-11,1896,39,14,0,0,1.2578206131822371,0.26441774031049486,0.9934028728717423,0.002483507182179356,2018,0.03131589692356277,1840
2018-01-12,1896,39,15,0,0,-0.4301327653030165,0.7451925316709791,-1.1753252969739956,-0.002938313242434989,2018,0.043662453552504796,1807
2018-01-15,1896,39,19,0,0,-1.8130159486238562,-0.4578366655522705,-1.3551792830715856,-0.0033879482076789643,2018,0.08721424406952422,1775
2018-01-16,1896,39,11,0,0,-1.1163150321409623,-1.4203586081171327,0.3040435759761704,0.000760108939940426,2018,0.0069763097274491885,1769
2018-01-17,1896,39,13,0,0,1.2242664032939514,1.646687660011425,-0.42242125671747366,-0.0010560531417936842,2018,0.061513212005617914,1767
2018-01-18,1896,40,11,0,0,1.213618669790056,0.5258902651467231,0.6877284046433328,0.0017193210116083321,2018,0.070336891581546,1767
2018-01-19,1896,40,13,0,0,2.163646544581824,1.6405768464646517,0.5230696981171723,0.0013076742452929307,2018,0.05280198563034104,1766
2018-01-22,1896,39,16,0,0,-0.3549487209347011,1.4715580103271932,-1.8265067312618943,-0.004566266828154736,2018,0.15664689839374016,1766
2018-01-23,1896,39,8,0,0,-0.9025708900004424,-0.9201262356241715,0.01755534562372907,4.388836405932267e-05,2018,0.078034543147185,1766
2018-01-24,1896,39,11,0,0,0.2640260553825882,0.4604809025475129,-0.19645484716492467,-0.0004911371179123116,2018,0.014070408259018998,1765
2018-01-25,1896,38,11,0,0,0.7185734275919075,-0.792341138405038,1.5109145659969454,0.0037772864149923633,2018,0.036086792889900805,1760
2018-01-26,1896,38,17,0,0,-2.462617739452257,-2.1568995079784017,-0.30571823147385535,-0.0007642955786846384,2018,0.10975408314767321,1740
2018-01-29,1896,38,16,0,0,-0.8003876419409236,-1.7341434213129279,0.9337557793720043,0.0023343894484300107,2018,0.13471335018872496,1710
2018-01-30,1896,38,16,0,0,3.486259580596166,2.990983102285046,0.49527647831111965,0.0012381911957777992,2018,0.04810637803491888,1662
2018-01-31,1896,37,15,0,0,-0.3854173858053948,-0.6781210368965644,0.29270365109116964,0.0007317591277279241,2018,0.02312670969499899,1518
2018-02-01,1896,36,11,0,0,-4.892335877063709,-4.7206563254887035,-0.17167955157500536,-0.0004291988789375134,2018,0.058265459343931396,1344
2018-02-02,1896,37,15,0,0,-12.249034338761168,-10.656977809886701,-1.5920565288744672,-0.003980141322186168,2018,0.20746612033008366,1263
2018-02-05,1896,36,14,0,0,0.6248973968557162,1.063247258542049,-0.4383498616863327,-0.0010958746542158318,2018,0.039542959078560244,1177
2018-02-06,1896,36,16,0,0,3.1053187562183084,1.9497197627211307,1.1555989934971778,0.0028889974837429445,2018,1.2629204601301411,1093
2018-02-07,1896,35,12,0,0,-3.7866685307217267,-3.198814223357909,-0.5878543073638176,-0.001469635768409544,2018,0.5798672450547099,997
2018-02-08,1896,34,14,0,0,-2.5417510073880214,-1.2661534530058054,-1.275597554382216,-0.00318899388595554,2018,0.006954643522037584,884
2018-02-09,1896,34,13,0,0,-2.050590062701428,-3.4012936927783897,1.3507036300769615,0.0033767590751924035,2018,0.16055289014135732,742
2018-02-13,1896,33,13,0,0,2.904199454191117,1.867220458116033,1.036978996075084,0.0025924474901877098,2018,0.30352379632631543,573
2018-02-14,1896,33,7,0,0,3.18765445957219,2.1016384191546185,1.0860160404175714,0.0027150401010439286,2018,0.11604061912693862,455
2018-02-15,1896,34,6,0,0,5.386531411010396,5.083242781836697,0.30328862917369914,0.0007582215729342479,2018,0.14374417183979085,359
2018-02-16,1896,34,12,0,0,0.6866805859996123,-0.24589555348755873,0.9325761394871711,0.002331440348717928,2018,0.015629073130632307,354
2018-02-19,1896,34,10,0,0,0.3230909622207064,0.9979523629418855,-0.6748614007211791,-0.0016871535018029475,2018,0.3378721965188791,352
2018-02-20,1896,34,9,0,0,-1.023804242536782,-1.472012129651129,0.4482078871143471,0.0011205197177858678,2018,0.002627627045943823,351
2018-02-21,1896,33,8,0,0,1.7429446387284615,2.4819203929712237,-0.7389757542427622,-0.0018474393856069055,2018,0.15045914847631361,350
2018-02-22,1896,34,12,0,0,1.5263927092557543,0.9270238825341238,0.5993688267216305,0.0014984220668040763,2018,0.007498762215956417,350
2018-02-23,1896,33,11,0,0,0.2900799808976245,1.1396201361443357,-0.8495401552467112,-0.002123850388116778,2018,0.010054004832728544,350
2018-02-26,1896,32,9,0,0,-1.118542915844348,0.2052878461296395,-1.3238307619739875,-0.003309576904934969,2018,0.849654811445954,350
2018-02-27,1896,30,9,0,0,-1.631718630758856,-2.734650075529174,1.1029314447703178,0.0027573286119257946,2018,0.05759093711744457,348
2018-02-28,1896,32,9,0,0,-2.839285955891422,-2.278682749623785,-0.5606032062676367,-0.0014015080156690918,2018,0.0034535441941902193,347
2018-03-01,1896,35,11,0,0,-4.0600385834915524,-2.963839805329819,-1.0961987781617335,-0.0027404969454043336,2018,0.0015361693209308602,345
2018-03-02,1896,36,3,0,0,3.378702937261082,4.6605327340986,-1.2818297968375174,-0.0032045744920937936,2018,0.001463064233452669,342
2018-03-05,1896,35,11,0,0,-0.5530686165107102,-0.8421740758008068,0.2891054592900967,0.0007227636482252417,2018,0.05185022742279442,337
2018-03-06,1896,34,10,0,0,0.865852611483318,1.0804000827706652,-0.2145474712873472,-0.0005363686782183679,2018,1.0817022826858351,332
2018-03-07,1896,35,10,0,0,0.1609657756406442,0.8241666489380938,-0.6632008732974496,-0.001658002183243624,2018,0.2640819686391319,331
2018-03-08,1896,35,12,0,0,2.7698267747784313,1.893042223697651,0.8767845510807803,0.002191961377701951,2018,0.1299655295933784,331
2018-03-09,1896,36,12,0,0,1.0344901335700507,2.5925486659726045,-1.5580585324025538,-0.0038951463310063846,2018,0.1889034383045721,326
2018-03-12,1896,35,11,0,0,-0.8999508673866057,0.10273450125390471,-1.0026853686405104,-0.002506713421601276,2018,0.038300883553844096,315
2018-03-13,1896,34,9,0,0,0.1446885470985206,-0.3344464880159121,0.4791350351144327,0.0011978375877860817,2018,0.01578169855404517,308
2018-03-14,1896,34,10,0,0,-0.8739044421109264,-0.9125377596670253,0.03863331755609889,9.658329389024723e-05,2018,0.23570980663514746,297
2018-03-15,1896,32,12,0,0,-2.3783782588102587,-1.9859609232136186,-0.39241733559664005,-0.0009810433389916002,2018,0.16425238193191685,290
2018-03-16,1897,31,11,0,0,-0.5084575153204552,-0.36992631928050984,-0.1385311960399454,-0.0003463279900998635,2018,0.020954746571350717,283
2018-03-19,1897,31,11,0,0,1.3749070686814695,0.8061268851596776,0.5687801835217919,0.0014219504588044798,2018,1.5482479647039276,279
2018-03-20,1897,29,12,0,0,-7.519249282856987,-7.1926694159657005,-0.3265798668912865,-0.0008164496672282162,2018,0.0767389673533572,279
2018-03-22,1898,28,11,0,0,0.4785348093509838,0.2771165498145835,0.2014182595364003,0.0005035456488410008,2018,0.007464807225705953,280
2018-03-23,1900,30,11,0,0,5.244854478891553,3.2094254866622953,2.035428992229258,0.005088572480573145,2018,0.004603674528475507,283
2018-03-26,1900,28,14,0,0,-1.2056271634545939,-1.802178657293726,0.5965514938391321,0.0014913787345978303,2018,0.16709204680562204,284
2018-03-27,1901,29,10,0,0,0.8788479227078098,1.2784841010718575,-0.39963617836404774,-0.0009990904459101194,2018,0.010685212472952978,285
2018-03-28,1901,31,10,0,0,1.6240580795086048,2.3477476840788314,-0.7236896045702266,-0.0018092240114255663,2018,0.06970044663253173,284
2018-03-29,1901,33,15,0,0,-0.7378613247719995,-0.5095124106712104,-0.22834891410078906,-0.0005708722852519727,2018,0.13436187329772017,284
2018-03-30,1901,32,16,0,0,-0.384477648981304,-0.3458538940724705,-0.03862375490883346,-9.655938727208366e-05,2018,10.046105972272658,283
2018-04-02,1902,33,14,0,0,0.893152922865725,0.5123370926691578,0.3808158301965672,0.000952039575491418,2018,0.2155037233003221,281
2018-04-03,1902,34,10,0,0,0.9868007456741127,-0.16409519298884126,1.150895938662954,0.002877239846657385,2018,0.4713504368450544,277
2018-04-04,1902,34,14,0,0,-0.65496752559603,-0.8726342473945176,0.21766672179848756,0.0005441668044962189,2018,0.06147865584385064,274
2018-04-05,1902,34,9,0,0,0.29560838205258955,-0.07854924571696666,0.3741576277695562,0.0009353940694238904,2018,0.05049708433546924,273
2018-04-06,1902,34,15,0,0,0.8474600286111502,-0.3358525541251174,1.1833125827362676,0.002958281456840669,2018,0.04966250851143523,270
2018-04-09,1902,36,14,0,0,-1.923811098794986,-0.3723600858937924,-1.5514510129011936,-0.003878627532252984,2018,0.09258815011728443,270
2018-04-10,1902,37,13,0,0,-1.29304305378746,-0.15020357089036726,-1.1428394828970927,-0.0028570987072427316,2018,0.148129800804469,270
2018-04-11,1902,38,11,0,0,1.962587859640881,0.9112631574078532,1.0513247022330279,0.0026283117555825695,2018,0.008407095182805092,267
2018-04-12,1902,40,17,0,0,-2.3712233392582647,0.7138196279396355,-3.0850429671979,-0.00771260741799475,2018,0.1392111028157706,267
2018-04-13,1902,40,11,0,0,-1.4628516726062086,-1.2370763593322394,-0.22577531327396927,-0.0005644382831849232,2018,0.059744141934646666,264
2018-04-16,1902,40,14,0,0,2.6699762223561123,2.849212820882381,-0.1792365985262685,-0.00044809149631567125,2018,0.06389610902785861,262
2018-04-17,1902,40,14,0,0,0.24460492731207548,-0.15541450653287775,0.4000194338449532,0.001000048584612383,2018,0.253398331593476,259
2018-04-18,1902,41,15,0,0,0.2653455768030665,1.2620752367316246,-0.9967296599285581,-0.0024918241498213954,2018,0.014930034411931305,259
2018-04-19,1902,42,13,0,0,0.1822277363079351,0.42839044188785386,-0.24616270557991876,-0.0006154067639497969,2018,0.1272600092473872,260
2018-04-20,1903,43,15,0,1,1.3217609836208413,1.9191174501731945,-0.5973564665523532,-0.001493391166380883,2018,0.4763405166449142,263
2018-04-23,1903,43,14,0,0,-0.06991893166624347,-0.6755268904670862,0.6056079588008427,0.0015140198970021068,2018,0.005001075739436718,263
2018-04-24,1903,45,15,0,0,0.9989560859820759,0.36296457589971504,0.6359915100823608,0.001589978775205902,2018,0.09795634003620024,263
2018-04-25,1903,45,15,0,0,-0.6070562342988302,0.6846008559914069,-1.291657090290237,-0.0032291427257255924,2018,0.028421364976575218,263
2018-04-26,1903,44,15,0,0,-0.2135424416897851,-0.12490657702517934,-0.08863586466460575,-0.00022158966166151438,2018,0.9305349356733467,265
2018-04-27,1903,45,15,0,0,1.0515107661968799,0.12801570610751856,0.9234950600893613,0.0023087376502234033,2018,1.5725045537814706,271
2018-05-01,1903,46,11,0,0,0.3464896280794261,0.9788157653205057,-0.6323261372410796,-0.001580815343102699,2018,0.015075056835244835,273
2018-05-02,1903,48,18,0,0,1.1625256772161918,1.131468446765985,0.031057230450206808,7.764307612551702e-05,2018,0.7499856319330956,274
2018-05-07,1903,47,18,0,0,-0.9213916458230379,-1.0234908333689798,0.10209918754594194,0.00025524796886485483,2018,0.08571828015224439,274
2018-05-08,1903,47,12,0,0,-0.7451294501766208,0.4683258063170625,-1.2134552564936834,-0.0030336381412342083,2018,2.4930469162919584,273
2018-05-09,1903,48,19,0,0,2.0029248506777724,0.41994164474226187,1.5829832059355105,0.0039574580148387765,2018,0.018227187260954472,274
2018-05-10,1903,48,13,0,0,0.8509291951950421,0.8985876448008053,-0.047658449605763265,-0.00011914612401440816,2018,0.799355334385872,274
2018-05-11,1903,47,9,0,0,0.31806573694656065,-0.0023172635734540017,0.32038300052001467,0.0008009575013000367,2018,0.17705737376031558,275
2018-05-14,1903,47,14,0,0,-0.5047810746240408,0.19584837117807277,-0.7006294458021135,-0.0017515736145052837,2018,0.11016502737352707,272
2018-05-15,1903,47,9,0,0,0.5716036866677999,1.1167860056747374,-0.5451823190069375,-0.0013629557975173437,2018,0.13917162110795672,271
2018-05-16,1903,47,13,0,0,0.5559459325227772,1.0831311293096857,-0.5271851967869084,-0.0013179629919672711,2018,0.6628953927318307,269
2018-05-17,1903,48,11,0,0,0.5436670838713203,0.6735771990362113,-0.12991011516489093,-0.00032477528791222734,2018,0.09984794976944464,267
2018-05-18,1903,49,13,0,0,-0.618206240649341,-0.014066605596791773,-0.6041396350525493,-0.0015103490876313733,2018,1.0255426010882045,268
2018-05-21,1903,50,13,0,0,-0.6550473768058527,-0.6208269740507312,-0.034220402755121504,-8.555100688780376e-05,2018,0.024625496122837313,268
2018-05-22,1903,51,9,0,0,-1.8533991414157043,-2.2467436848489846,0.3933445434332803,0.0009833613585832008,2018,0.0018988164967242425,268
2018-05-23,1903,50,16,0,0,-0.548048171240907,-1.2205610673931149,0.6725128961522079,0.0016812822403805196,2018,0.029816579078306652,268
2018-05-24,1903,50,13,0,0,-0.25441444427081444,0.1103890369225045,-0.36480348119331896,-0.0009120087029832974,2018,0.007599110061061229,268
2018-05-25,1903,50,15,0,0,-0.9353246314769335,-2.9523998609503597,2.017075229473426,0.005042688073683565,2018,0.18501462894610482,268
2018-05-28,1903,50,17,0,0,-2.1901370596421987,-2.488714745733298,0.29857768609109936,0.0007464442152277484,2018,0.39849566635807726,268
2018-05-29,1903,50,15,0,0,1.159223164737215,1.2192086143004215,-0.059985449563206394,-0.000149963623908016,2018,0.0033165104856420716,267
2018-05-30,1903,50,12,0,0,0.7327429657780362,0.3243650090007995,0.4083779567772367,0.0010209448919430918,2018,0.2918173361692665,267
2018-05-31,1904,51,14,0,0,2.7994416472038757,1.5072170212030034,1.2922246260008723,0.0032305615650021807,2018,0.21575683443469323,268
2018-06-01,1904,51,11,0,0,-0.6380177469910169,-0.10822110631656283,-0.5297966406744541,-0.0013244916016861353,2018,0.12174632272268865,269
2018-06-04,1904,51,18,0,0,-0.057719623887034076,0.3323111479874778,-0.39003077187451185,-0.0009750769296862796,2018,0.757325691864219,269
2018-06-05,1904,52,13,0,0,1.2730449848086012,3.005349401611093,-1.732304416802492,-0.00433076104200623,2018,0.00803802718480464,268
2018-06-06,1904,52,13,0,0,-0.9153602498670681,0.7139072971482158,-1.6292675470152838,-0.004073168867538209,2018,0.007164175215226731,268
2018-06-07,1904,51,12,0,0,0.2172365159453642,0.46938041869432184,-0.25214390274895765,-0.0006303597568723941,2018,0.014943597484041482,268
2018-06-08,1904,51,15,0,0,1.8288410579327594,0.447455105724412,1.3813859522083474,0.0034534648805208683,2018,0.7783934127968848,268
2018-06-11,1904,51,13,0,0,0.18445431441089943,0.59197785968434,-0.4075235452734406,-0.0010188088631836014,2018,0.009695705795631454,268
2018-06-12,1904,52,13,0,0,-1.183709278077915,-1.2573667053327693,0.07365742725485425,0.00018414356813713562,2018,0.07871435424379161,268
2018-06-13,1904,53,14,0,0,0.08906125430589147,-0.5857735513752308,0.6748348056811223,0.0016870870142028057,2018,0.7455736014167733,268
2018-06-14,1904,53,15,0,0,-2.3982044140574392,-2.305091258461135,-0.09311315559630406,-0.00023278288899076016,2018,0.0028829183381008892,268
2018-06-15,1904,53,16,0,0,-3.247970071704976,-2.911546485753565,-0.3364235859514113,-0.0008410589648785283,2018,0.006265176689005972,270
2018-06-18,1904,51,12,0,0,0.42384236134852227,1.1815136977607432,-0.757671336412221,-0.0018941783410305524,2018,0.13284829850633242,270
2018-06-19,1905,51,17,0,0,0.09723963197784019,-0.6357625883199631,0.7330022202978033,0.001832505550744508,2018,0.06334082276396587,270
2018-06-20,1905,50,15,0,0,0.0970986555419756,0.2386072974175761,-0.14150864187560053,-0.0003537716046890013,2018,0.009922609579255703,270
2018-06-21,1906,51,19,0,0,-2.611467545167963,-3.910585108062161,1.2991175628941982,0.0032477939072354956,2018,0.5804526754968127,271
2018-06-22,1907,51,15,0,0,0.21541539870650483,0.5938035327836734,-0.37838813407716854,-0.0009459703351929213,2018,0.05895380268541398,272
2018-06-25,1907,51,18,0,0,0.204991445145321,0.6853617509137934,-0.4803703057684724,-0.001200925764421181,2018,0.24989229798930468,272
2018-06-26,1908,51,18,0,0,-1.2215529221823276,-0.12479587489127018,-1.0967570472910575,-0.0027418926182276437,2018,0.8151229237495758,272
2018-06-27,1909,50,5,0,0,0.7666944255013443,0.8382378597840772,-0.07154343428273291,-0.00017885858570683227,2018,0.0043279101907687054,273
2018-06-28,1909,50,18,0,0,-3.789393521211688,-4.157068581482206,0.3676750602705181,0.0009191876506762953,2018,0.0804693926561066,272
2018-06-29,1910,51,13,0,0,-0.9881929534225301,-1.4455715791133796,0.4573786256908495,0.0011434465642271238,2018,0.024534659093762404,272
2018-07-02,1910,52,20,0,0,-1.4532810195941857,-0.8134020639555607,-0.639878955638625,-0.0015996973890965624,2018,17.248396045560174,273
2018-07-03,1910,52,20,0,0,-5.432664498838764,-3.2337253155969115,-2.1989391832418526,-0.005497347958104632,2018,0.14093690899178649,274
2018-07-04,1910,52,18,0,0,2.5399362521833813,4.713148671546895,-2.1732124193635136,-0.005433031048408784,2018,0.1415664807587321,274
2018-07-05,1910,51,21,0,0,2.099954781026394,3.3078880246197913,-1.2079332435933972,-0.0030198331089834928,2018,0.2545379645184239,275
2018-07-06,1910,52,12,0,0,0.17127034479383643,0.4102640381540236,-0.2389936933601872,-0.000597484233400468,2018,0.003584556697709748,275
2018-07-09,1910,51,18,0,0,-2.2823891754382193,-1.4834402179933341,-0.7989489574448851,-0.001997372393612213,2018,0.002669562876699879,275
2018-07-10,1911,51,15,0,0,0.18835441093354524,0.40033372900436454,-0.2119793180708193,-0.0005299482951770482,2018,0.016782162449170315,276
2018-07-11,1911,53,22,0,0,2.0768166008827564,1.5151687503883622,0.5616478504943943,0.0014041196262359857,2018,0.04823477323772271,274
2018-07-12,1911,54,17,0,0,0.5581108290351048,1.8116685428730932,-1.2535577138379885,-0.003133894284594971,2018,0.03368746259264025,272
2018-07-13,1911,55,22,0,0,2.126586504744708,0.7240347126558332,1.4025517920888748,0.003506379480222187,2018,0.29220464262678975,272
2018-07-17,1911,54,22,0,0,0.36085949932806427,-0.5957662680815677,0.956625767409632,0.00239156441852408,2018,0.6690237162778164,271
2018-07-18,1911,54,14,0,0,-1.2106746739251242,0.23799442437945775,-1.448669098304582,-0.003621672745761455,2018,0.02939098237308886,271
2018-07-19,1911,55,24,0,0,-0.5851144005958216,-0.41248525669357344,-0.1726291439022482,-0.0004315728597556205,2018,0.8066586641794222,271
2018-07-20,1911,54,23,0,0,1.9679906574752473,1.4124242933764102,0.5555663640988371,0.0013889159102470927,2018,0.3240760372245973,271
2018-07-23,1912,55,23,0,0,1.446583468299932,1.4123144872768914,0.034268981023040546,8.567245255760137e-05,2018,1.0981273658204203,272
2018-07-24,1912,57,13,0,0,1.7493399686309117,1.9220607186845118,-0.1727207500536001,-0.00043180187513400025,2018,0.06672518111826858,272
2018-07-25,1913,58,17,0,0,1.1487182509848206,0.20069840269199157,0.948019848292829,0.0023700496207320725,2018,0.0580347319449978,272
2018-07-26,1913,58,12,0,0,0.05590127630856793,-0.34776414942343153,0.4036654257319995,0.0010091635643299987,2018,0.005973969750602367,271
2018-07-27,1913,57,10,0,0,-1.2897803884976453,-0.3184812605432255,-0.9712991279544199,-0.00242824781988605,2018,0.019121946171275408,270
2018-07-30,1913,57,16,0,0,1.5841936822389389,1.1814261363907836,0.4027675458481552,0.001006918864620388,2018,0.20789216047872666,271
2018-07-31,1913,57,18,0,0,-1.9924068964328712,-1.4697708630337214,-0.5226360333991498,-0.0013065900834978745,2018,0.3080426293261337,270
2018-08-01,1913,58,19,0,0,-2.6747500718348465,-1.019349336967134,-1.6554007348677124,-0.004138501837169281,2018,0.18240244501133138,271
2018-08-02,1913,56,15,0,0,-1.4687998743285837,-2.155123906181132,0.6863240318525483,0.0017158100796313708,2018,0.10059660408451007,270
2018-08-03,1913,56,12,0,0,0.849199503212084,1.1481251103374257,-0.29892560712534166,-0.0007473140178133542,2018,0.004393820876325055,270
2018-08-06,1913,57,21,0,0,0.3724677258237641,0.2502852899048656,0.12218243591889849,0.0003054560897972462,2018,0.21890546261922475,274
2018-08-07,1913,58,19,0,0,-0.17363971011585178,-0.4312345093824023,0.25759479926655054,0.0006439869981663764,2018,0.017203303560555466,273
2018-08-08,1913,57,21,0,0,-1.6012508197160233,-2.2580921761879864,0.6568413564719631,0.0016421033911799077,2018,0.022662667289240542,273
2018-08-09,1913,58,19,0,0,-3.6782504923056636,-4.8134504988932525,1.135200006587589,0.0028380000164689723,2018,0.002134781242098405,274
2018-08-10,1913,58,26,0,0,3.36387336440432,2.829096273421973,0.534777090982347,0.0013369427274558677,2018,0.14614448354291584,273
2018-08-13,1913,58,16,0,0,-2.4456096772009803,-2.1329449886334397,-0.3126646885675406,-0.0007816617214188515,2018,0.3165442546108079,270
2018-08-14,1913,60,20,0,0,-2.4625584927063033,-2.264557807891569,-0.1980006848147342,-0.0004950017120368355,2018,1.642149874466088,272
2018-08-15,1913,61,24,0,0,1.013394530757455,0.7508221265511205,0.26257240420633454,0.0006564310105158363,2018,0.012486923472619562,272
2018-08-16,1913,62,14,0,0,-1.389596106969427,-1.497344895126502,0.10774878815707511,0.0002693719703926878,2018,0.4788679347449523,272
2018-08-17,1913,63,27,0,0,-0.699212775859138,-0.7599413244527148,0.06072854859357679,0.00015182137148394198,2018,0.012787803528398494,272
2018-08-20,1913,64,17,0,0,3.460092582924828,2.3657187792406362,1.0943738036841917,0.002735934509210479,2018,0.12286320723258921,272
2018-08-21,1913,64,25,0,0,1.2428818030167625,1.4233312527446402,-0.1804494497278777,-0.0004511236243196942,2018,0.02812105978147958,272
2018-08-22,1913,65,21,0,0,1.7477201737528116,0.6205176605536414,1.1272025131991703,0.002818006282997926,2018,0.03555878448521144,272
2018-08-23,1913,64,17,0,0,3.198969018749969,2.9938836122241717,0.20508540652579743,0.0005127135163144936,2018,0.0020330248830811247,272
2018-08-24,1913,64,18,0,0,0.14059396711183378,0.09701275180444562,0.04358121530738816,0.00010895303826847041,2018,0.002041122458374106,272
2018-08-27,1913,64,16,0,0,1.7413150899324716,1.0576298457484807,0.6836852441839909,0.0017092131104599773,2018,0.0071327528726756245,272
2018-08-28,1913,64,9,0,0,1.2213276672512463,0.642952646122485,0.5783750211287613,0.0014459375528219033,2018,0.0016678605773702269,271
2018-08-29,1913,63,23,0,0,-0.12534898049221974,-0.10880402750029323,-0.0165449529919265,-4.136238247981625e-05,2018,0.010195426302747878,270
2018-08-30,1913,63,22,0,0,-1.853365818539242,-2.5126744482161203,0.6593086296768782,0.0016482715741921955,2018,0.020998714887480795,270
2018-08-31,1913,65,21,0,0,0.654543273458389,-0.03595605493013468,0.6904993283885237,0.001726248320971309,2018,0.01151802886400394,270
2018-09-03,1913,64,23,0,0,-1.1387824215224789,-1.4791444976669004,0.3403620761444215,0.0008509051903610537,2018,0.10565348888152624,270
2018-09-04,1913,64,16,0,0,-2.5892760435686495,-1.386875184894401,-1.2024008586742485,-0.0030060021466856214,2018,2.879632683495697,270
2018-09-05,1913,65,21,0,0,-0.3843606048142795,-1.8037392698136323,1.4193786649993527,0.003548446662498382,2018,0.08067572005666859,270
2018-09-06,1913,63,14,0,0,0.16360511396696853,0.18603163098613806,-0.022426517019169534,-5.6066292547923835e-05,2018,0.005523950596735171,270
2018-09-07,1913,63,20,0,0,0.05506876044589284,0.18791889564110317,-0.13285013519521033,-0.0003321253379880258,2018,0.04278940970563614,270
2018-09-10,1913,64,14,0,0,-2.0015996581348663,-1.7696016327051496,-0.2319980254297167,-0.0005799950635742918,2018,0.00883219471873661,271
2018-09-11,1913,61,20,0,0,0.9051890850379719,1.7001876277747765,-0.7949985427368046,-0.0019874963568420113,2018,0.05187051994657628,271
2018-09-12,1913,62,17,0,0,2.9979024962066183,2.6688878551452917,0.3290146410613266,0.0008225366026533165,2018,0.3703485824676675,271
2018-09-13,1913,63,8,0,0,3.2070694840303275,2.8420326992910177,0.3650367847393099,0.0009125919618482748,2018,0.003972016534644446,270
2018-09-14,1913,61,18,0,0,1.5427286371804516,2.7502450641685185,-1.207516426988067,-0.0030187910674701673,2018,0.19863150971681404,270
2018-09-18,1913,59,14,0,0,0.357418885108796,0.24141773793145985,0.11600114717733614,0.0002900028679433404,2018,0.2172159696238321,271
2018-09-19,1913,58,14,0,0,2.701884351879038,1.5075173286710843,1.1943670232079537,0.0029859175580198845,2018,0.1272126685252482,270
2018-09-20,1913,57,15,0,0,2.994684934864091,2.2823517044785535,0.7123332303855374,0.0017808330759638436,2018,0.3050201074954882,271
2018-09-21,1914,58,14,0,0,0.4199438192253276,0.7360814998539635,-0.31613768062863595,-0.0007903442015715898,2018,0.01622419628034596,272
2018-09-25,1915,59,17,0,0,-3.1132461212437104,-1.8824298972990274,-1.230816223944683,-0.0030770405598617074,2018,0.16407972006578647,272
2018-09-26,1915,58,17,0,0,1.5458961428235785,1.2664095795143748,0.27948656330920363,0.0006987164082730091,2018,0.0075574963840849335,273
2018-09-27,1916,59,20,0,0,-0.014141972218701023,0.787490545116801,-0.8016325173355021,-0.002004081293338755,2018,0.04946374786311345,274
2018-09-28,1917,60,17,0,0,0.25733168483331187,-1.69510591164582,1.9524375964791318,0.00488109399119783,2018,0.7594467726856565,275
2018-10-01,1920,63,14,0,0,-2.133228086814993,-2.201452733297093,0.06822464648210014,0.00017056161620525035,2018,0.5988126606732563,278
2018-10-02,1920,63,18,0,0,-0.06998320248861996,0.6455260800810046,-0.7155092825696246,-0.0017887732064240617,2018,0.09723945754652044,278
2018-10-03,1920,63,17,0,0,-2.058670728172465,-1.9761100988641445,-0.08256062930832075,-0.0002064015732708019,2018,0.26202901818683977,279
2018-10-04,1920,62,11,0,0,-4.4302203654825805,-2.9173594539060588,-1.5128609115765217,-0.003782152278941304,2018,0.006436166541709352,279
2018-10-05,1920,65,19,0,0,0.5086840438192815,1.410110255007283,-0.9014262111880016,-0.002253565527970004,2018,0.02746877601555242,279
2018-10-09,1920,65,21,0,0,-6.731326988180112,-6.7319851817943395,0.0006581936142273648,1.645484035568412e-06,2018,0.046107069071610225,279
2018-10-10,1920,64,13,0,0,1.185709106329831,1.9497509635977197,-0.7640418572678886,-0.0019101046431697216,2018,0.012360024493082041,279
2018-10-11,1920,63,19,0,0,-2.8703667991523076,-2.365649161830399,-0.5047176373219084,-0.0012617940933047711,2018,0.016096309635791183,279
2018-10-12,1920,63,17,0,0,0.7197258568014382,-0.3008132961553824,1.0205391529568206,0.0025513478823920516,2018,0.027228585527973987,280
2018-10-15,1920,63,19,0,0,3.152190022488695,4.039101917701678,-0.8869118952129829,-0.002217279738032457,2018,0.03321779345854708,280
2018-10-16,1920,64,19,0,0,-0.8962283173703912,-2.055605400989726,1.1593770836193351,0.0028984427090483376,2018,4.713727305678735,280
2018-10-17,1920,63,19,0,0,-1.063990224556069,-0.6797755139835386,-0.3842147105725304,-0.000960536776431326,2018,0.024801892372630602,280
2018-10-18,1920,63,18,0,0,-0.17381551822233274,0.820289354707036,-0.9941048729293688,-0.002485262182323422,2018,0.013578835430007789,280
2018-10-19,1921,64,11,0,0,-4.182060790144228,-5.14304045305257,0.9609796629083416,0.002402449157270854,2018,0.001868947642850754,281
2018-10-22,1921,63,21,0,0,-0.21439370551951967,0.1104697808637129,-0.3248634863832326,-0.0008121587159580814,2018,0.07100716176803658,282
2018-10-23,1921,62,16,0,0,-8.390396402838277,-7.039668732795694,-1.3507276700425832,-0.003376819175106458,2018,0.03669732232283918,282
2018-10-24,1921,63,22,0,0,-3.116008408227458,-2.360368948728365,-0.755639459499093,-0.0018890986487477323,2018,0.007505420432431323,282
2018-10-25,1921,62,24,0,0,-4.178692235889115,-1.2821792389460935,-2.896512996943022,-0.007241282492357555,2018,0.11735487301898972,283
2018-10-26,1921,62,15,0,0,3.651463140423253,6.2140054689087405,-2.5625423284854874,-0.006406355821213718,2018,0.019336661151111278,284
2018-10-29,1921,62,25,0,0,4.735015337328456,5.100307939779855,-0.36529260245139916,-0.0009132315061284979,2018,0.07644133222691431,285
2018-10-30,1921,63,20,0,0,-0.8361218725341292,0.008049224970113364,-0.8441710975042426,-0.0021104277437606063,2018,0.4987943937838599,286
2018-10-31,1921,62,19,0,0,3.2198503175479156,4.094230787781503,-0.8743804702335871,-0.0021859511755839677,2018,0.020419854100929318,285
2018-11-01,1921,62,17,0,0,-1.2679301793303746,-1.3135130910468276,0.04558291171645301,0.00011395727929113253,2018,0.013376349684611311,285
2018-11-02,1921,61,20,0,0,1.1677146680097945,1.7351259709548577,-0.5674113029450631,-0.001418528257362658,2018,0.023680834308327462,285
2018-11-05,1921,61,24,0,0,0.8693481597266178,-0.4910806063327901,1.3604287660594079,0.0034010719151485198,2018,0.1647466461550137,286
2018-11-06,1921,60,18,0,0,2.652238486807577,3.2154877186245643,-0.5632492318169873,-0.0014081230795424682,2018,0.2588799474722727,285
2018-11-07,1921,60,25,0,0,-0.5510020407163926,-0.6667624233925924,0.11576038267619981,0.00028940095669049954,2018,2.0259612633422877,284
2018-11-08,1921,60,22,0,0,-0.4485832952835167,-1.8025093767803366,1.35392608149682,0.00338481520374205,2018,0.4808367907702279,284
2018-11-09,1921,62,22,0,0,-2.945205176619073,-3.9461234247983987,1.0009182481793255,0.0025022956204483137,2018,0.09152867565725556,279
2018-11-12,1921,61,22,0,0,-1.764731821667645,-0.4078195468320363,-1.3569122748356088,-0.003392280687089022,2018,0.017037628663527277,279
2018-11-13,1921,58,17,0,0,0.42877035158979,-0.4218355274059065,0.8506058789956965,0.002126514697489241,2018,0.019323616437211637,279
2018-11-14,1921,59,16,0,0,-2.5301433263145263,-2.3405161159436276,-0.1896272103708987,-0.00047406802592724675,2018,0.05712689733880223,275
2018-11-15,1921,58,20,0,0,2.039562551308903,1.5164431795132238,0.5231193717956792,0.001307798429489198,2018,1.937521429020525,275
2018-11-16,1921,58,15,0,0,-1.6124871220527375,-3.026648758459982,1.4141616364072447,0.0035354040910181117,2018,0.023493173529426186,275
2018-11-19,1921,58,19,0,0,-0.4417197878704155,-1.6437506731653233,1.2020308852949078,0.0030050772132372695,2018,0.024817985401874444,275
2018-11-20,1921,59,19,0,0,0.8546805149164046,1.481365979008846,-0.6266854640924414,-0.0015667136602311035,2018,0.008723372267345469,275
2018-11-21,1921,59,24,0,0,0.7279050649905613,0.5141697170318477,0.21373534795871363,0.0005343383698967841,2018,0.006861022453775819,275
2018-11-22,1921,59,15,0,0,1.223160023926968,2.0368748941546704,-0.8137148702277024,-0.002034287175569256,2018,0.30087457987816074,275
2018-11-26,1921,60,18,0,0,1.5550641358572606,1.9207734878697191,-0.3657093520124586,-0.0009142733800311465,2018,0.023906088845236456,275
2018-11-27,1921,60,26,0,0,1.1938859382002305,0.9669908918450569,0.22689504635517355,0.0005672376158879339,2018,0.10300262387794051,275
2018-11-28,1922,61,16,0,0,0.7183100154761224,1.145827745930818,-0.42751773045469554,-0.0010687943261367388,2018,0.38050454865449906,276
2018-11-29,1922,62,20,0,0,3.1017583820004706,2.186870668517348,0.9148877134831226,0.0022872192837078064,2018,0.03508025073128863,276
2018-11-30,1922,61,14,0,0,-4.471163791993669,-4.289251374214288,-0.1819124177793805,-0.00045478104444845124,2018,0.002833849755223966,276
2018-12-03,1922,62,20,0,0,-1.8006356506426062,-1.4470329028610547,-0.35360274778155154,-0.0008840068694538788,2018,4.230851969558929,276
2018-12-04,1922,61,18,0,0,-3.9416373112790524,-3.4686969514312884,-0.47294035984776395,-0.0011823508996194098,2018,0.08996743861306511,276
2018-12-05,1922,62,21,0,0,-0.5123047185783474,-0.2155001431034471,-0.29680457547490025,-0.0007420114386872506,2018,0.017257417910728053,276
2018-12-06,1922,62,13,0,0,-5.6225597991389735,-4.2660384621042375,-1.356521337034736,-0.00339130334258684,2018,0.1958557367146388,276
2018-12-07,1922,62,17,0,0,-3.247265353899832,-3.1217703093156306,-0.12549504458420158,-0.00031373761146050394,2018,2.1033577340349594,276
2018-12-10,1922,60,15,0,0,3.7870253256090556,4.504236646861944,-0.7172113212528886,-0.0017930283031322215,2018,0.05827265918619707,276
2018-12-11,1922,59,19,0,0,0.9588462251748355,1.6830341052924087,-0.7241878801175732,-0.001810469700293933,2018,0.1312869575527106,276
2018-12-12,1923,58,26,0,0,-2.5290916860275967,-3.556059691902751,1.0269680058751542,0.0025674200146878854,2018,0.05990298057712539,277
2018-12-13,1924,59,24,0,0,-1.3147088812525258,-1.1013281895608407,-0.21338069169168516,-0.0005334517292292129,2018,0.0053271619714203786,277
2018-12-14,1923,60,19,0,0,-6.198366860754509,-3.9395937227749998,-2.258773137979509,-0.005646932844948772,2018,1.252699772776021,277
2018-12-17,1923,59,24,0,0,-0.34288811741735925,-0.11713363435117942,-0.22575448306617985,-0.0005643862076654496,2018,0.6827366509012732,276
2018-12-18,1923,57,20,0,0,-6.148263481985016,-8.157497244044958,2.0092337620599414,0.0050230844051498535,2018,0.07862916986074228,276
2018-12-19,1925,59,17,0,0,-4.088187369979701,-6.319248470354734,2.231061100375033,0.005577652750937583,2018,0.13188154332213958,278
2018-12-20,1925,59,24,0,0,-9.791232355581561,-12.25781271977256,2.466580364190998,0.006166450910477494,2018,0.025757875544270205,278
2018-12-21,1928,61,15,0,0,6.489252224862194,2.9469554099663093,3.542296814895885,0.008855742037239713,2018,0.03607673796030163,282
2018-12-25,1929,61,21,0,0,12.466005407898718,10.639887001202075,1.8261184066966436,0.004565296016741609,2018,2.257765234061229,284
2018-12-26,1929,58,19,0,0,0.10074271281559517,-1.0292089497583168,1.1299516625739119,0.00282487915643478,2018,0.4144263783528669,284
2018-12-27,1929,58,22,0,0,0.08532779075269459,-3.8954972327665836,3.9808250235192784,0.009952062558798196,2018,1.308455599638212,284
2018-12-28,1930,58,25,0,0,5.054058851253822,6.326653180309056,-1.2725943290552344,-0.003181485822638086,2019,0.02482925342265647,284
2019-01-04,1930,57,19,0,0,2.149867703073966,1.9275890472961459,0.22227865577782024,0.0005556966394445506,2019,0.0886932887159908,284
2019-01-07,1930,57,21,0,0,0.9442226754110742,0.8849912934671855,0.05923138194388866,0.00014807845485972167,2019,1.628013845790073,284
2019-01-08,1930,56,19,0,0,-1.4596159411405083,-1.8522751358020917,0.3926591946615834,0.0009816479866539584,2019,0.028629530170817423,284
2019-01-09,1930,57,20,0,0,1.0839450615456372,0.8919805750421216,0.1919644865035156,0.000479911216258789,2019,1.539714250861516,284
2019-01-10,1930,55,16,0,0,2.6635636577715944,2.7628047192631016,-0.09924106149150713,-0.00024810265372876783,2019,3.1862317685092294,285
2019-01-11,1930,56,16,0,0,-0.890654559041117,-1.6883169849896096,0.7976624259484926,0.0019941560648712316,2019,0.01863171235773969,284
2019-01-15,1930,56,22,0,0,0.3874249509901257,1.857024862020524,-1.4695999110303983,-0.0036739997775759956,2019,0.03462633467429426,285
2019-01-16,1930,57,17,0,0,2.390817594891368,2.085675279874915,0.30514231501645295,0.0007628557875411324,2019,0.7195189634051725,285
2019-01-17,1929,59,20,0,0,1.6979230108710859,-0.11667590748364554,1.8145989183547315,0.0045364972958868285,2019,0.019817945808959108,285
2019-01-18,1929,58,14,0,0,-1.5385936615279536,-1.4810709837593252,-0.057522677768628405,-0.000143806694421571,2019,0.011150975454587384,285
2019-01-21,1929,59,15,0,0,-1.0659400418572598,-0.8632718913478495,-0.20266815050941023,-0.0005066703762735255,2019,0.003686154521669483,285
2019-01-22,1929,61,28,0,0,0.8032040576793902,1.6820873503554203,-0.8788832926760302,-0.0021972082316900755,2019,0.011663380354424862,285
2019-01-23,1929,61,19,0,0,2.4937823203202956,1.361423925720166,1.1323583946001297,0.002830895986500324,2019,0.02451084316395255,285
2019-01-24,1929,60,16,0,0,-1.2642017604701887,-1.5849105652417108,0.3207088047715221,0.0008017720119288052,2019,0.5010849734612177,285
2019-01-25,1929,60,19,0,0,-0.3246973472312888,0.5622388588746393,-0.886936206105928,-0.0022173405152648203,2019,0.7533057220758891,287
2019-01-28,1929,60,20,0,0,-3.4647523862728753,-2.1064176051656602,-1.358334781107215,-0.003395836952768038,2019,0.013347899304331941,286
2019-01-29,1929,61,14,0,0,2.260654468355638,3.4137176917472485,-1.1530632233916105,-0.002882658058479026,2019,0.014265518291421201,286
2019-01-30,1929,62,23,0,0,-0.4166477254932808,-0.2596919394862755,-0.15695578600700527,-0.0003923894650175132,2019,0.2993463758289266,287
2019-01-31,1929,62,19,0,0,3.5909244412979766,3.1375142601601476,0.45341018113782905,0.0011335254528445726,2019,1.3285383077723407,288
2019-02-01,1929,62,11,0,0,0.6985872722996197,1.1820186540173954,-0.48343138171777567,-0.0012085784542944392,2019,0.004943386999343591,285
2019-02-04,1929,62,21,0,0,0.1837395515169048,0.37507030933318236,-0.19133075781627756,-0.0004783268945406939,2019,1.0178709164556172,284
2019-02-05,1929,64,18,0,0,-1.0840048736694834,-1.0562081270022996,-0.02779674666718379,-6.949186666795947e-05,2019,0.011542815264041852,284
2019-02-06,1929,64,9,0,0,-3.745165425138945,-3.6143176512445265,-0.13084777389441848,-0.0003271194347360462,2019,0.0029878167839098887,283
2019-02-07,1929,66,18,0,0,3.992163385936486,5.238060998257457,-1.245897612320971,-0.0031147440308024275,2019,0.5037520006010314,284
2019-02-08,1929,65,20,0,0,2.2274694156370205,2.065499451802145,0.1619699638348755,0.00040492490958718875,2019,0.003682844743134445,285
2019-02-12,1929,64,17,0,0,-0.017045652453543725,-0.9157599825744356,0.8987143301208919,0.0022467858253022296,2019,5.6384784121456635,283
2019-02-13,1929,64,20,0,0,-1.4958720302202402,-1.060670921110668,-0.4352011091095722,-0.0010880027727739306,2019,0.2213389624161426,281
2019-02-14,1929,65,19,0,0,3.926957957975526,3.8324109132266115,0.09454704474891429,0.00023636761187228572,2019,0.006718075714096379,277
2019-02-15,1929,64,17,0,0,0.23319191587005253,0.6035045472668426,-0.37031263139679005,-0.0009257815784919751,2019,0.2882372987304351,273
2019-02-18,1929,63,19,0,0,0.35140161471137393,0.7822684197871418,-0.43086680507576786,-0.0010771670126894196,2019,0.02754712762992236,273
2019-02-19,1929,63,19,0,0,1.449027041505434,0.3178770005480756,1.1311500409573585,0.0028278751023933964,2019,0.0511147136147024,273
2019-02-20,1929,64,18,0,0,-0.20826067421153152,-0.00841591613898309,-0.19984475807254842,-0.000499611895181371,2019,0.05066749182153028,273
2019-02-21,1929,64,15,0,0,1.5091089483509392,1.7632347689396057,-0.2541258205886665,-0.0006353145514716663,2019,0.030757980732616725,273
2019-02-22,1929,64,17,0,0,-0.6121378583515779,-0.4813336518407731,-0.13080420651080477,-0.0003270105162770119,2019,0.621327565825117,273
2019-02-25,1929,63,17,0,0,0.6733925230827816,1.5967145396819316,-0.9233220165991499,-0.0023083050414978747,2019,0.05132955249998216,273
2019-02-26,1929,62,12,0,0,-2.4363214780815796,-1.2552573464094279,-1.1810641316721517,-0.0029526603291803793,2019,9.07775157097172,272
2019-02-27,1929,62,19,0,0,0.46230431229850244,0.6308280280588009,-0.16852371576029845,-0.0004213092894007461,2019,0.03421293283352238,272
2019-02-28,1930,60,15,0,0,2.4357399952675096,1.7218538920354851,0.7138861032320245,0.0017847152580800613,2019,0.9018208705291122,273
2019-03-01,1931,61,14,0,0,-1.7345351650483447,-0.6243308061345623,-1.1102043589137824,-0.002775510897284456,2019,0.3697363264991261,274
2019-03-04,1931,61,12,0,0,-0.9080111657902702,-0.41077320641510334,-0.49723795937516685,-0.001243094898437917,2019,0.009536300869551024,274
2019-03-05,1932,63,17,0,0,-1.8826806580945579,-2.729470039300361,0.8467893812058029,0.0021169734530145073,2019,1.3459172020472479,275
2019-03-06,1932,64,16,0,0,-5.398211604906092,-4.652005021582326,-0.7462065833237661,-0.0018655164583094152,2019,1.0364150447928802,275
2019-03-07,1932,63,16,0,0,0.5580850285655886,0.6518629233278649,-0.09377789476227627,-0.00023444473690569068,2019,0.23423870375483902,275
2019-03-08,1932,63,14,0,0,3.7588155767815326,2.673612688822639,1.0852028879588937,0.0027130072198972345,2019,0.13862084787629234,275
2019-03-11,1932,63,15,0,0,-2.0045769054454188,-1.376164303468814,-0.6284126019766048,-0.0015710315049415119,2019,0.02872012518611835,276
2019-03-12,1932,63,18,0,0,-0.5470612899035897,-0.9181732795871728,0.37111198968358305,0.0009277799742089576,2019,0.5717893020190483,276
2019-03-13,1933,66,18,0,0,1.4956472631209319,0.9481345054236927,0.5475127576972392,0.0013687818942430979,2019,0.07195623062078418,277
2019-03-14,1933,65,20,0,0,2.6843048794653424,2.307015197032809,0.37728968243253336,0.0009432242060813334,2019,0.010721074727466239,277
2019-03-15,1934,65,9,0,0,-0.5250801370527852,-0.96135007579146,0.4362699387386748,0.001090674846846687,2019,0.723330556887249,277
2019-03-18,1934,65,15,0,0,0.7828854989018414,0.5241191943192706,0.2587663045825709,0.0006469157614564272,2019,0.7811389015990778,277
2019-03-19,1935,66,17,0,0,0.9591053041071573,0.4507351091628353,0.508370194944322,0.001270925487360805,2019,0.010275991350187929,278
2019-03-20,1936,67,18,0,0,-4.435698042127157,-4.167334849395527,-0.26836319273163056,-0.0006709079818290764,2019,0.0433143516880473,279
2019-03-22,1936,66,20,0,0,4.143091792523653,4.9786415857151844,-0.8355497931915314,-0.0020888744829788285,2019,0.614495655714296,279
2019-03-25,1936,65,14,0,0,-0.4822283796514621,-1.8396065714881533,1.3573781918366912,0.003393445479591728,2019,0.00691055799893705,279
2019-03-26,1936,63,14,0,0,-3.668090737493543,-3.3954765851163207,-0.2726141523772223,-0.0006815353809430558,2019,0.25212012797564104,279
2019-03-27,1936,61,20,0,0,0.400696954972426,0.39326026449556156,0.00743669047686446,1.8591726192161152e-05,2019,0.011666927851240214,279
2019-03-28,1937,63,16,0,0,3.0686624224736394,2.7379418041842065,0.3307206182894329,0.0008268015457235823,2019,0.33352314892642915,279
2019-03-29,1937,64,19,0,0,-1.555054086042591,0.24120843190143448,-1.7962625179440255,-0.0044906562948600634,2019,11.293247363185714,280
2019-04-01,1937,63,18,0,0,1.9124038571046604,2.1619643866326137,-0.24956052952795327,-0.0006239013238198832,2019,2.433279071397203,277
2019-04-02,1937,63,10,0,0,-0.4683791356692257,-0.13906826274521436,-0.3293108729240113,-0.0008232771823100283,2019,0.035177666204790174,277
2019-04-03,1937,63,19,0,0,2.2920881312728776,1.0289549284005057,1.2631332028723719,0.0031578330071809295,2019,1.245937857569587,277
2019-04-04,1937,65,18,0,0,0.26017946900135397,-1.065808517558472,1.3259879865598259,0.0033149699663995646,2019,0.04116569400802822,277
2019-04-05,1937,64,22,0,0,-0.49465096688162574,-0.6032544069845241,0.10860344010289841,0.00027150860025724604,2019,8.39765910513459,277
2019-04-08,1937,63,14,0,0,-1.19324668177663,0.14369091151519017,-1.3369375932918202,-0.0033423439832295505,2019,0.8381014182385073,276
2019-04-09,1937,64,17,0,0,-1.3802918903217514,-0.40874832259608523,-0.9715435677256661,-0.002428858919314165,2019,2.020651361747646,275
2019-04-10,1938,63,16,0,0,-0.38697119309571776,-0.645233127601282,0.2582619345055643,0.0006456548362639107,2019,0.040666009389004665,275
2019-04-11,1938,66,18,0,0,3.5361509145659302,4.037127254642968,-0.5009763400770377,-0.0012524408501925943,2019,0.00985707791988286,275
2019-04-12,1938,65,14,0,0,-0.6327739241099558,-0.2600488169018209,-0.3727251072081349,-0.0009318127680203373,2019,0.020369324564410124,276
2019-04-15,1938,64,15,0,0,0.850093317679186,1.519007477266176,-0.66891415958699,-0.0016722853989674749,2019,0.04146297677777545,275
2019-04-16,1938,65,15,0,0,-2.3362592928777346,-2.989204315587795,0.6529450227100604,0.001632362556775151,2019,0.012785937839565789,272
2019-04-17,1938,65,17,0,0,1.2479467294071005,0.3506228110385603,0.8973239183685402,0.0022433097959213503,2019,0.008284072501888961,272
2019-04-18,1938,65,16,0,0,0.0700900441407144,-0.30074746903974575,0.37083751318046015,0.0009270937829511503,2019,8.929909014987576,272
2019-04-19,1938,65,15,0,0,0.21342603231099297,-0.39000678209102285,0.6034328144020158,0.0015085820360050395,2019,0.18600857283888214,273
2019-04-22,1938,64,15,0,0,-1.5101175604482566,-0.6922512052870946,-0.817866355161162,-0.002044665887902905,2019,5.0137650319370906,274
2019-04-23,1938,63,18,0,0,1.0121642608785741,1.628705089034562,-0.6165408281559879,-0.0015413520703899696,2019,0.04329629477775745,274
2019-04-24,1938,64,13,0,0,-1.1730938725105542,-0.35837760943956765,-0.8147162630709865,-0.0020367906576774664,2019,0.0047099269877973506,274
2019-04-25,1938,64,17,0,0,-3.1294971056318004,-0.6768595201099981,-2.4526375855218023,-0.006131593963804506,2019,4.048540981173957,274
2019-04-26,1938,64,18,0,0,-3.3601413347962903,-1.9908853393567985,-1.3692559954394918,-0.0034231399885987297,2019,2.0336779265716545,280
2019-05-07,1938,63,22,0,0,-3.4739773502840166,-3.519421349020348,0.04544399873633154,0.00011360999684082884,2019,0.018256082849475035,283
2019-05-08,1938,63,12,0,0,0.0489737988482053,-1.1920793329718922,1.2410531318200975,0.0031026328295502437,2019,0.09368876018126727,282
2019-05-09,1938,63,15,0,0,-2.736285435928354,-2.8654182142209517,0.12913277829259773,0.0003228319457314943,2019,0.11346143551904077,285
2019-05-10,1938,64,14,0,0,-1.3599446386314968,-0.4557496239347449,-0.9041950146967519,-0.00226048753674188,2019,0.064345577840526,283
2019-05-13,1938,62,15,0,0,3.094916940793604,1.5683168003259993,1.5266001404676046,0.0038165003511690114,2019,0.17262498880624655,285
2019-05-14,1938,61,17,0,0,-1.3141233015079943,-1.2280525690892146,-0.08607073241877972,-0.0002151768310469493,2019,2.585765345136853,284
2019-05-15,1938,61,14,0,0,1.69411175447542,2.660689815851477,-0.9665780613760571,-0.0024164451534401427,2019,0.13188834969605162,282
2019-05-16,1938,61,16,0,0,-1.4791186063490216,-1.0450582013126748,-0.4340604050363468,-0.001085151012590867,2019,0.33931678505775525,280
2019-05-17,1938,60,14,0,0,-0.7760874403476525,-1.309494250088038,0.5334068097403855,0.0013335170243509637,2019,0.18818806315320233,281
2019-05-20,1938,61,14,0,0,0.5038617531965887,0.05517543080586301,0.44868632239072564,0.001121715805976814,2019,0.45130693120855886,281
2019-05-21,1938,61,15,0,0,-0.644519003741238,-1.6237372278752815,0.9792182241340435,0.002448045560335109,2019,0.030546832288599137,281
2019-05-22,1938,60,17,0,0,0.6357566303024479,0.26495624464835604,0.37080038565409185,0.0009270009641352296,2019,0.0017380529399551195,281
2019-05-23,1938,61,12,0,0,0.690781085070754,0.9745661675259963,-0.28378508245524237,-0.0007094627061381059,2019,0.07444802054856951,281
2019-05-24,1938,60,15,0,0,0.043506234067987704,0.6242397193011995,-0.5807334852332118,-0.0014518337130830295,2019,0.0015819408723060533,281
2019-05-27,1938,60,16,0,0,-1.6757808534223726,-1.712976004024971,0.03719515060259848,9.29878765064962e-05,2019,0.07512205244175867,281
2019-05-28,1938,60,16,0,0,-0.0795804457342355,0.5371574007108872,-0.6167378464451228,-0.001541844616112807,2019,0.27579810691739876,282
2019-05-29,1938,60,14,0,0,-2.3323406988643023,-2.646699209473937,0.31435851060963493,0.0007858962765240874,2019,0.12744821964396466,282
2019-05-30,1938,59,14,0,0,-2.8833631847294505,-4.000509915818846,1.1171467310893952,0.002792866827723488,2019,0.06288247600294689,282
2019-05-31,1938,59,17,0,0,1.6652554307037757,1.304923608781391,0.3603318219223848,0.0009008295548059619,2019,0.08321189129208353,282
2019-06-03,1939,58,11,0,0,4.173142991869844,4.787032084796607,-0.6138890929267626,-0.0015347227323169066,2019,0.026077825874081022,282
2019-06-04,1939,58,15,0,0,-2.094291989112531,-0.9262836653420342,-1.168008323770497,-0.0029200208094262423,2019,0.029662030164130694,282
2019-06-05,1939,57,15,0,0,2.19650837472102,1.3591042423421584,0.8374041323788617,0.002093510330947154,2019,0.03854412930413028,282
2019-06-06,1939,59,15,0,0,2.5261851787128635,2.60270291312087,-0.07651773440800635,-0.00019129433602001588,2019,0.4581049792547284,282
2019-06-07,1939,59,15,0,0,0.9595900724846352,1.2504405340169102,-0.290850461532275,-0.0007271261538306875,2019,0.24412847269801013,281
2019-06-10,1939,59,13,0,0,-0.682678882793342,-0.7130539009856235,0.0303750181922815,7.593754548070375e-05,2019,0.38360771294112683,281
2019-06-11,1939,61,11,0,0,-1.9803086772073808,-1.753712905060399,-0.2265957721469818,-0.0005664894303674544,2019,0.007024837646581812,281
2019-06-12,1940,62,17,0,0,1.6124875685066051,0.9149168763221204,0.6975706921844848,0.001743926730461212,2019,0.04762746339612004,282
2019-06-13,1940,62,16,0,0,-0.9931465272748143,-1.155922610934112,0.16277608365929774,0.00040694020914824435,2019,0.10318527367485944,281
2019-06-14,1940,59,12,0,0,-2.1493211002624952,-2.5516186267718983,0.4022975265094031,0.0010057438162735077,2019,0.007711432095683661,280
2019-06-17,1940,57,14,0,0,3.4804875848826993,4.000075892178033,-0.5195883072953333,-0.0012989707682383334,2019,0.1982496184811555,281
2019-06-18,1941,58,13,0,0,0.6062224393412033,1.607710109789786,-1.0014876704485824,-0.002503719176121456,2019,0.0030168814545772837,281
2019-06-19,1942,58,13,0,0,-0.6819353986839815,-1.6285732532893833,0.9466378546054018,0.0023665946365135047,2019,0.0017862470069082384,282
2019-06-20,1942,57,14,0,0,0.5319148447326608,-0.7262921111187577,1.2582069558514184,0.003145517389628546,2019,0.07360669868762267,284
2019-06-21,1942,57,14,0,0,-1.1763838831970035,-0.4173266087629192,-0.7590572744340842,-0.0018976431860852105,2019,0.9089753223594597,285
2019-06-24,1942,57,13,0,0,-0.2102854375545418,-0.8368880537377535,0.6266026161832118,0.0015665065404580295,2019,0.3379902027091682,285
2019-06-25,1942,57,13,0,0,3.5825534726225783,3.328297892517814,0.25425558010476434,0.0006356389502619108,2019,0.02212108876133228,287
2019-06-26,1942,57,19,0,0,0.2192484798812405,-0.44663569980978385,0.6658841796910243,0.0016647104492275608,2019,0.008838981981536096,287
2019-06-27,1943,57,16,0,0,4.451785338116729,4.513358383237563,-0.06157304512083339,-0.00015393261280208348,2019,0.3014201483909851,288
2019-06-28,1943,57,16,0,0,0.9136481532387002,1.278135201797906,-0.3644870485592058,-0.0009112176213980144,2019,0.0037944860655969477,288
2019-07-01,1943,58,10,0,0,-0.660569418750127,-1.449743605570698,0.789174186820571,0.001972935467051428,2019,0.22383332492138153,289
2019-07-02,1943,57,12,0,0,1.0595017191837817,1.5405437869755556,-0.48104206779177394,-0.0012026051694794349,2019,0.01851154939190822,289
2019-07-03,1943,57,13,0,0,0.32141333231383956,1.1155676638334648,-0.7941543315196253,-0.0019853858287990633,2019,0.08745188239401407,289
2019-07-04,1943,58,16,0,0,-1.4410952031470174,-1.6380988946865573,0.1970036915395399,0.0004925092288488497,2019,0.31080110144316014,289
2019-07-05,1943,55,16,0,0,-1.631554655319288,-1.1998486375892101,-0.4317060177300778,-0.0010792650443251944,2019,0.012356975456929943,289
2019-07-08,1943,54,11,0,0,-0.5758860528802612,0.26695980812981207,-0.8428458610100733,-0.0021071146525251834,2019,0.164653117126738,288
2019-07-09,1943,53,15,0,0,0.9210705333541402,1.3186626130811563,-0.39759207972701605,-0.0009939801993175401,2019,0.03806723561468582,288
2019-07-10,1943,54,16,0,0,-1.3589044257230654,-0.886956218642824,-0.4719482070802413,-0.0011798705177006033,2019,0.01674118413118661,288
2019-07-11,1943,55,13,0,0,-0.8051295893938301,-0.7108133831234666,-0.09431620627036341,-0.00023579051567590854,2019,0.14468787239735384,286
2019-07-12,1943,52,13,0,0,-0.22792618328590955,-0.4471661424416858,0.21923995915577624,0.0005480998978894406,2019,5.471605455746523,286
2019-07-16,1943,51,14,0,0,-4.515824642069759,-4.090738927840859,-0.4250857142289002,-0.0010627142855722505,2019,0.08202225677736974,287
2019-07-17,1943,54,13,0,0,4.109787056427005,3.7791906933337223,0.3305963630932829,0.0008264909077332072,2019,0.39459502376424294,287
2019-07-18,1944,55,20,0,0,-0.49017470538726354,-0.5690788715911769,0.07890416620391333,0.0001972604155097833,2019,0.035853718573624946,288
2019-07-19,1944,54,14,0,0,1.8219874492478656,1.5715755518531422,0.25041189739472336,0.0006260297434868084,2019,0.18467353925579758,288
2019-07-22,1944,54,14,0,0,0.872404854999666,0.04168270086089482,0.8307221541387713,0.002076805385346928,2019,5.371791345758668,288
2019-07-23,1944,54,12,0,0,0.8854314140960277,1.59821838881448,-0.7127869747184524,-0.0017819674367961311,2019,0.07023107466259085,288
2019-07-24,1944,54,15,0,0,-0.9778316969037837,-1.3270033677943545,0.3491716708905708,0.0008729291772264269,2019,1.39450603558013,287
2019-07-25,1944,54,15,0,0,-0.6308827442804424,-0.14339842262841385,-0.4874843216520286,-0.0012187108041300716,2019,0.11462912413381164,287
2019-07-26,1944,54,15,0,0,1.2380230344479213,1.1605277234134626,0.07749531103445872,0.00019373827758614683,2019,0.12174895756695017,287
2019-07-29,1945,54,16,0,0,-1.8991606100176053,-0.48062086447797153,-1.4185397455396338,-0.0035463493638490844,2019,0.09165018688305945,288
2019-07-30,1945,55,17,0,0,0.31434165153240823,-0.5116767217722075,0.8260183733046157,0.0020650459332615394,2019,0.3696283803343126,288
2019-07-31,1945,56,14,0,0,-5.014436112716804,-4.328343965643135,-0.6860921470736692,-0.001715230367684173,2019,0.011688554783652322,285
2019-08-01,1945,55,17,0,0,-3.453708239233705,-4.904726250276375,1.4510180110426698,0.0036275450276066746,2019,0.054922149992333996,283
2019-08-02,1945,56,17,0,0,-1.134177310283147,-0.9432441843827576,-0.19093312590038936,-0.0004773328147509734,2019,0.039677886625626796,285
2019-08-05,1945,54,22,0,0,0.2977529462577266,-0.7853350214693965,1.083087967727123,0.0027077199193178076,2019,0.10679046835341482,283
2019-08-06,1945,54,19,0,0,0.6193293854977244,0.14899551240563164,0.4703338730920928,0.0011758346827302319,2019,0.04690033034575815,284
2019-08-07,1945,55,21,0,0,-0.16014652732360174,-0.14239670764079881,-0.017749819682802925,-4.437454920700731e-05,2019,0.44652978077053124,282
2019-08-08,1945,53,19,0,0,-2.1026877568960582,-2.5670165871927826,0.46432883029672434,0.0011608220757418108,2019,0.10288465539828269,280
2019-08-09,1946,54,19,0,0,2.693797762062586,1.5283578820844035,1.1654398799781824,0.002913599699945456,2019,0.012289205029198625,280
2019-08-13,1946,54,15,0,0,-2.23197978933164,-2.9604471727807944,0.7284673834491544,0.001821168458622886,2019,0.014370920404096944,277
2019-08-14,1946,54,17,0,0,0.02721185343758037,0.301427302064426,-0.2742154486268456,-0.000685538621567114,2019,0.466644135388722,277
2019-08-15,1946,54,22,0,0,0.874462584493564,1.0467760607558922,-0.1723134762623283,-0.00043078369065582074,2019,0.024385161874123696,276
2019-08-16,1946,54,17,0,0,3.047070813956786,2.3864907536372857,0.6605800603195005,0.0016514501507987511,2019,0.12352410453874525,276
2019-08-19,1946,54,16,0,0,-1.5360770639488937,-1.4785794058129398,-0.057497658135953866,-0.00014374414533988467,2019,0.08783999143049634,276
2019-08-20,1946,54,19,0,0,-0.8074641891875002,-0.1746707539888237,-0.6327934351986765,-0.0015819835879966912,2019,0.1279986413358758,276
2019-08-21,1946,57,16,0,0,0.14044739557015753,0.42356706079470574,-0.28311966522454823,-0.0007077991630613706,2019,0.13399915589760497,276
2019-08-22,1946,57,15,0,0,-3.721517185789827,-3.731603731721671,0.010086545931843993,2.5216364829609984e-05,2019,0.16993273043370175,276
2019-08-23,1946,57,20,0,0,1.4523280906824594,1.1737593475499255,0.2785687431325339,0.0006964218578313347,2019,0.11011514090226257,276
2019-08-26,1946,58,18,0,0,-0.7293847577798814,-0.380257912553784,-0.34912684522609744,-0.0008728171130652436,2019,0.01733395119119809,276
2019-08-27,1946,54,23,0,0,-0.6209403304282747,-0.18371910369074765,-0.43722122673752706,-0.0010930530668438177,2019,0.044614287690251705,276
2019-08-28,1946,54,19,0,0,3.28666306958494,4.0109097873210695,-0.7242467177361296,-0.001810616794340324,2019,1.2945441779858153,276
2019-08-29,1946,53,18,0,0,-1.181081250867915,-0.9415362802838403,-0.23954497058407465,-0.0005988624264601866,2019,0.02829473825392464,276
2019-08-30,1946,53,22,0,0,1.1268982655506472,0.8893678927067974,0.2375303728438498,0.0005938259321096245,2019,0.01712450041329771,275
2019-09-02,1947,53,22,0,0,-1.461620988697561,-0.821417642025008,-0.6402033466725531,-0.0016005083666813828,2019,0.036877369132480874,276
2019-09-03,1947,53,19,0,0,4.172610657544861,4.054844450973129,0.11776620657173176,0.0002944155164293294,2019,0.24632467423173107,277
2019-09-04,1947,54,19,0,0,-0.554616299305406,0.4443089540170814,-0.9989252533224875,-0.0024973131333062186,2019,0.09089485593744816,277
2019-09-05,1947,53,13,0,0,2.1804646339430307,1.732780078305088,0.44768455563794274,0.0011192113890948568,2019,0.003919118192841699,277
2019-09-06,1947,52,22,0,0,0.35675950626666514,1.3152474112116044,-0.9584879049449393,-0.0023962197623623484,2019,0.010626274987336922,277
2019-09-09,1947,51,14,0,0,3.3170322828584133,3.0373824370129188,0.27964984584549457,0.0006991246146137364,2019,0.28980124513538785,276
2019-09-10,1947,51,16,0,0,1.3505207919944588,-0.1324296049744396,1.4829503969688984,0.003707375992422246,2019,0.02642924655100729,276
2019-09-11,1947,51,16,0,0,0.22843058795143042,1.6391738830919251,-1.4107432951404948,-0.003526858237851237,2019,0.14514277741113804,276
2019-09-12,1947,50,22,0,0,0.8691484303073874,0.6637532975867543,0.20539513272063314,0.0005134878318015829,2019,0.04006527549756125,275
2019-09-13,1946,50,22,0,0,-0.7879185644775134,-0.6303870547473164,-0.15753150973019703,-0.00039382877432549254,2019,0.0034729432935061626,274
2019-09-17,1945,50,11,0,0,1.4084418690389662,2.2260227449674908,-0.8175808759285246,-0.0020439521898213114,2019,0.09444635648572108,273
2019-09-18,1945,49,16,0,0,-0.10283898995717196,0.997940270464869,-1.100779260422041,-0.0027519481510551026,2019,0.01634378038389406,273
2019-09-19,1945,48,18,0,0,1.7748016144449295,1.3097915985667667,0.4650100158781627,0.0011625250396954069,2019,0.5427667247671331,273
2019-09-20,1946,50,12,0,0,-0.030475061788246893,-0.35807019990537975,0.32759513811713287,0.0008189878452928321,2019,0.12189646817426529,274
2019-09-24,1947,50,15,0,0,1.2906224584309898,1.0495640051955453,0.2410584532354445,0.0006026461330886113,2019,0.047262668445787866,275
2019-09-25,1947,50,13,0,0,-2.1506409409083997,-2.1495148129582593,-0.001126127950140443,-2.8153198753511076e-06,2019,0.35811435957714566,275
2019-09-26,1947,51,16,0,0,-1.726306552108131,-1.9761363353975476,0.24982978328941652,0.0006245744582235413,2019,0.10801628578544559,275
2019-09-27,1948,51,19,0,0,1.5435610770643098,2.182451448871134,-0.6388903718068242,-0.0015972259295170604,2019,0.018534340251272024,275
2019-09-30,1948,52,18,0,0,-0.38186344871565286,0.603933774222194,-0.9857972229378469,-0.0024644930573446172,2019,0.05161411044444149,274
2019-10-01,1949,52,15,0,0,-3.407960442676617,-3.136634961602166,-0.271325481074451,-0.0006783137026861274,2019,0.007231640135413486,275
2019-10-02,1949,52,14,0,0,0.24389599109049862,1.2781290504892284,-1.03423305939873,-0.0025855826484968247,2019,0.04818067640959656,275
2019-10-03,1949,52,16,0,0,0.040576771933021526,0.3752636171353765,-0.334686845202355,-0.0008367171130058875,2019,0.6173427796994727,275
2019-10-04,1949,50,15,0,0,2.119596555775475,2.1610722811268883,-0.041475725351413306,-0.00010368931337853326,2019,0.11274277563625307,275
2019-10-07,1949,49,12,0,0,-0.4860298420596901,-0.33211274044280586,-0.1539171016168842,-0.0003847927540422105,2019,0.009784996802454714,275
2019-10-08,1950,52,15,0,0,-0.3601781195923441,-2.18753901581924,1.8273608962268957,0.004568402240567239,2019,0.023158057373856233,276
2019-10-09,1951,56,11,0,0,-0.41705796947422663,1.8506418602513264,-2.267699829725553,-0.005669249574313882,2019,0.0017382023548888769,277
2019-10-10,1951,58,16,0,0,3.337250580960125,2.953157354109486,0.38409322685063874,0.0009602330671265968,2019,0.03955503171665955,277
2019-10-11,1951,58,11,0,0,1.1958266765992296,0.6610132265388277,0.5348134500604019,0.0013370336251510048,2019,0.0038042587994582284,276
2019-10-15,1951,57,20,0,0,-0.18206704205167704,-0.5265070786271372,0.3444400365754602,0.0008611000914386504,2019,0.18975557011820368,277
2019-10-16,1951,56,17,0,0,0.5737324071787517,0.3491534517709387,0.22457895540781303,0.0005614473885195326,2019,0.3198640210016963,277
2019-10-17,1951,56,18,0,0,1.376874061793249,1.0899294363592087,0.2869446254340402,0.0007173615635851005,2019,0.001035424836949679,277
2019-10-18,1951,56,18,0,0,1.6413801283797451,1.0198879956325932,0.6214921327471519,0.0015537303318678797,2019,0.12077479149399381,277
2019-10-21,1951,57,17,0,0,1.1726512709137387,0.03263206915115693,1.1400192017625816,0.002850048004406454,2019,0.14169491808287527,277
2019-10-23,1951,57,16,0,0,0.9917914806172964,0.5286036386428713,0.4631878419744251,0.0011579696049360626,2019,0.019610939614689463,276
2019-10-24,1951,58,15,0,0,0.3551975922912642,0.5548361916124757,-0.19963859932121147,-0.0004990964983030287,2019,0.010737033077962014,276
2019-10-25,1952,58,20,0,0,1.4146545550797545,1.2378673976535115,0.17678715742624296,0.0004419678935656074,2019,0.01524855325307292,278
2019-10-28,1953,60,15,0,0,1.0452189847075086,0.5033229713778976,0.541896013329611,0.0013547400333240275,2019,0.030027066860837105,280
2019-10-29,1953,59,22,0,0,-0.22611825810263927,-0.2681449582612729,0.042026700158633606,0.00010506675039658402,2019,3.306703524641074,281
2019-10-30,1954,59,21,0,0,-0.32361685836255116,0.35219618754807797,-0.6758130459106291,-0.0016895326147765726,2019,0.19925153375787447,281
2019-10-31,1954,59,18,0,0,3.1027293081021163,2.9322341559845753,0.17049515211754107,0.00042623788029385267,2019,0.010658416821084165,278
2019-11-01,1955,63,15,0,0,-0.6911398931085602,0.1114799436352083,-0.8026198367437685,-0.002006549591859421,2019,0.018884630518019273,280
2019-11-05,1955,63,24,0,0,0.5928980515998745,0.39861181821958663,0.1942862333802879,0.0004857155834507197,2019,3.3285301879312663,279
2019-11-06,1955,61,20,0,0,-0.4352307991889062,0.22612436712568984,-0.661355166314596,-0.0016533879157864901,2019,0.0038666178234543465,280
2019-11-07,1955,62,23,0,0,0.9070307405729103,0.5401925239490603,0.3668382166238501,0.0009170955415596252,2019,0.15699553649922543,278
2019-11-08,1955,61,11,0,0,0.3966079927994948,1.032091961755943,-0.6354839689564482,-0.0015887099223911205,2019,0.006234214138753051,277
2019-11-11,1955,61,23,0,0,-1.2585516803541092,-1.1070829267460145,-0.15146875360809475,-0.00037867188402023686,2019,0.6129823201731313,275
2019-11-12,1955,61,22,0,0,-2.5380050930814355,-1.665127534228775,-0.8728775588526605,-0.0021821938971316513,2019,0.3273780939022252,274
2019-11-13,1955,61,19,0,0,1.98550718725611,2.028141503430086,-0.04263431617397573,-0.00010658579043493931,2019,0.016054830076468154,274
2019-11-14,1955,61,23,0,0,0.8295876411140203,1.754918517313939,-0.9253308761999187,-0.002313327190499797,2019,0.04187116533921669,272
2019-11-15,1955,61,21,0,0,0.06789286539534897,-0.4815846867550457,0.5494775521503946,0.0013736938803759866,2019,0.19072149344673955,270
2019-11-18,1955,61,21,0,0,-1.006954366288803,-0.7828163964102738,-0.2241379698785292,-0.0005603449246963229,2019,0.03361020332787447,270
2019-11-19,1955,61,22,0,0,-0.8983228425775384,-0.3785435566565119,-0.5197792859210264,-0.001299448214802566,2019,0.9645503105000146,270
2019-11-20,1955,60,25,0,0,1.124204321098823,0.4382268410790681,0.6859774800197549,0.0017149437000493872,2019,0.01167363133921414,270
2019-11-21,1955,58,21,0,0,2.6708377734813253,1.570840713163306,1.0999970603180194,0.002749992650795048,2019,0.6810314048746805,270
2019-11-22,1955,58,19,0,0,1.2600341355398512,-0.045202873706568336,1.3052370092464196,0.003263092523116049,2019,0.21456273420833877,270
2019-11-25,1955,58,21,0,0,1.7305107593032316,0.9008525984432918,0.8296581608599398,0.0020741454021498493,2019,0.07578034281534878,270
2019-11-26,1955,59,18,0,0,-0.22251930818575957,-0.8044407153818498,0.5819214071960902,0.0014548035179902255,2019,0.0013878349608193446,270
2019-11-27,1955,58,23,0,0,-0.36657067888406414,0.4829932243574013,-0.8495639032414655,-0.002123909758103664,2019,0.0358595551900513,270
2019-11-28,1955,58,19,0,0,1.003355022284059,1.411498470965581,-0.40814344868152186,-0.0010203586217038046,2019,0.8062035184387082,270
2019-11-29,1955,58,16,0,0,-0.08966621524442141,-1.2004744233968558,1.1108082081524344,0.002777020520381086,2019,0.10307717849006284,269
2019-12-02,1955,57,21,0,0,0.32991046221106984,-0.1537883297724391,0.48369879198350896,0.0012092469799587723,2019,0.30745463987677035,269
2019-12-03,1955,55,16,0,0,1.4050109114185971,0.03628911493056929,1.3687217964880278,0.0034218044912200695,2019,0.034842266128034205,269
2019-12-04,1955,55,16,0,0,0.7519337600617092,1.1613459503407637,-0.4094121902790545,-0.0010235304756976364,2019,0.04077640544566746,269
2019-12-05,1955,55,21,0,0,1.4748382997284384,1.0219269756107507,0.45291132411768764,0.0011322783102942192,2019,0.0017385291295889064,269
2019-12-06,1955,54,16,0,0,0.23292829046249822,0.5667518902512634,-0.3338235997887652,-0.000834558999471913,2019,0.0832747083893779,269
2019-12-09,1955,54,17,0,0,-0.9489114961372973,-0.5999815913754313,-0.348929904761866,-0.0008723247619046651,2019,0.003891679335889247,269
2019-12-10,1956,54,19,0,0,-0.5433488440358585,-0.46470761562988444,-0.07864122840597404,-0.0001966030710149351,2019,0.008921884259445548,270
2019-12-11,1957,55,22,0,0,0.9804615690217059,2.371359431725534,-1.3908978627038282,-0.0034772446567595703,2019,2.7505576335359723,271
2019-12-12,1958,55,18,0,0,0.2509016988824492,0.32776048117808226,-0.07685878229563309,-0.0001921469557390827,2019,0.015282402085576534,272
2019-12-13,1958,54,14,0,0,0.9619566137715966,0.9063618493947797,0.055594764376816874,0.0001389869109420422,2019,0.41469099793843955,272
2019-12-16,1960,56,19,0,0,-1.4428099258938734,-1.523834147334355,0.08102422144048171,0.00020256055360120428,2019,0.2679133900261105,274
2019-12-17,1962,58,16,0,0,0.3553359727889283,-0.09842108784880817,0.45375706063773646,0.0011343926515943411,2019,0.06437424600834618,276
2019-12-18,1964,59,16,0,0,0.8306891881042687,0.5146206585243296,0.31606852957993914,0.0007901713239498478,2019,0.13127105027672384,278
2019-12-19,1965,56,26,0,0,-1.0641820448069568,-1.5647581000927928,0.500576055285836,0.00125144013821459,2019,1.65250202282806,279
2019-12-20,1965,56,18,0,0,0.115952334818813,0.6282491961382649,-0.512296861319452,-0.00128074215329863,2019,0.10372968787836943,279
2019-12-23,1965,56,16,0,0,-0.9873380410457644,-0.6136189968453377,-0.3737190442004267,-0.0009342976105010666,2019,0.010604624145874377,279
2019-12-24,1965,56,17,0,0,1.1207162950267318,1.3655082158736376,-0.24479192084690582,-0.0006119798021172646,2019,0.22203571286196494,279
2019-12-25,1966,57,20,0,0,0.7065762423770586,1.5327294473101993,-0.8261532049331407,-0.002065383012332852,2019,0.09268804148676402,280
2019-12-26,1966,58,22,0,0,-0.7093340676306529,-0.9851013609390448,0.2757672933083919,0.0006894182332709797,2019,0.0357056964758401,279
2019-12-27,1966,57,16,0,0,-2.5968976560123944,-1.878645287702251,-0.7182523683101434,-0.0017956309207753584,2019,0.0039582514431470185,279
2019-12-30,1966,57,24,0,0,3.4244173579297517,2.8720420232077744,0.5523753347219773,0.0013809383368049433,2020,0.6532007241672986,278
2020-01-06,1966,56,24,0,0,-3.5388845343528086,-2.96277085004237,-0.5761136843104384,-0.001440284210776096,2020,0.3032226637920215,278
2020-01-07,1966,56,24,0,0,2.5384012037725436,4.147440810165738,-1.609039606393194,-0.004022599015982985,2020,0.052024035220293065,278
2020-01-08,1966,55,21,0,0,0.28882247104071607,0.4967890136239643,-0.20796654258324826,-0.0005199163564581207,2020,2.2623951274395586,278
2020-01-09,1966,51,16,0,0,-0.1465716312859959,-0.04127091267269042,-0.10530071861330548,-0.0002632517965332637,2020,0.011423756755598391,278
2020-01-10,1966,50,22,0,0,-0.8230372763297336,0.7271539611319242,-1.5501912374616578,-0.0038754780936541442,2020,0.1528575620069357,279
2020-01-14,1966,48,21,0,0,-0.7365193701376427,-0.5044629085125149,-0.23205646162512783,-0.0005801411540628195,2020,0.011247143463948036,278
2020-01-15,1966,48,14,0,0,0.7647776362502948,0.31240050387508367,0.45237713237521116,0.0011309428309380278,2020,0.048384285272465626,276
2020-01-16,1966,48,17,0,0,0.8804190645974899,1.4059030365715168,-0.525483971974027,-0.0013137099299350675,2020,0.1925629755888002,276
2020-01-17,1966,48,23,0,0,-0.4085337159207503,0.305287222386422,-0.7138209383071723,-0.0017845523457679308,2020,0.14896757434414207,276
2020-01-20,1966,49,23,0,0,0.7469885649117911,0.6575913674994834,0.08939719741230767,0.00022349299353076918,2020,0.5656942811322007,276
2020-01-21,1966,50,21,0,0,-1.2642566844595597,-1.9886790240336782,0.7244223395741185,0.0018110558489352962,2020,0.027174223413246115,276
2020-01-22,1966,50,22,0,0,-1.5550526436680299,-1.0377161676148037,-0.5173364760532262,-0.0012933411901330655,2020,3.8337879983111405,276
2020-01-23,1966,50,14,0,0,-3.9522302669669216,-3.477808530177016,-0.4744217367899055,-0.0011860543419747638,2020,0.004259436969990944,276
2020-01-24,1966,47,14,0,0,0.577055882671565,-1.2033162514685458,1.7803721341401109,0.004450930335350278,2020,0.036517981784799355,275
2020-01-27,1966,46,15,0,0,-0.08993271067150804,0.13793531900934794,-0.22786802968085598,-0.00056967007420214,2020,0.027157016683004083,275
2020-01-28,1966,45,16,0,0,-3.0099529625559405,-4.131568192957002,1.1216152304010616,0.002804038076002654,2020,0.1035676296094125,274
2020-01-29,1966,45,20,0,0,1.373311135477893,2.351018854987187,-0.977707719509294,-0.002444269298773235,2020,0.27739951235984467,275
2020-01-30,1966,44,15,0,0,-2.548022495044931,-2.028535155963417,-0.5194873390815138,-0.0012987183477037845,2020,0.04497895704484712,274
2020-01-31,1966,44,21,0,0,2.2066916350995163,1.9593942212418163,0.2472974138577,0.00061824353464425,2020,0.20587010860713745,274
2020-02-03,1966,41,20,0,0,2.013355047416017,1.4477450262956875,0.5656100211203297,0.0014140250528008242,2020,0.3191275283560893,275
2020-02-04,1966,41,22,0,0,2.395124720767796,3.551426826136835,-1.156302105369039,-0.0028907552634225976,2020,0.11450725248721,275
2020-02-05,1966,42,16,0,0,-0.7104777258215065,-1.0304532965289905,0.31997557070748406,0.0007999389267687101,2020,0.12205198721350076,275
2020-02-06,1966,39,18,0,0,-1.0986515722747558,-1.6980257591435919,0.599374186868836,0.00149843546717209,2020,0.10628192846203609,274
2020-02-07,1967,41,20,0,0,-0.736093601061303,1.5879777140717624,-2.3240713151330654,-0.005810178287832663,2020,0.41646553031188116,274
2020-02-10,1967,39,11,0,0,-1.0345143446284648,-0.07152557718350111,-0.9629887674449638,-0.0024074719186124092,2020,0.0016915063482042336,271
2020-02-12,1967,40,11,0,0,-1.9435610527618898,-1.1409614928820204,-0.8025995598798694,-0.0020064988996996735,2020,0.08797710103139722,273
2020-02-13,1967,40,14,0,0,-2.3810652334717957,-2.5196597080628798,0.1385944745910841,0.00034648618647771024,2020,0.04098427044136198,274
2020-02-14,1967,39,13,0,0,-2.518200620163388,-3.792216625774673,1.2740160056112848,0.003185040014028212,2020,0.2519833566097343,274
2020-02-17,1967,39,13,0,0,2.27588528566316,0.7842058824909789,1.491679403172181,0.0037291985079304524,2020,0.3051465094131019,273
2020-02-18,1967,39,16,0,0,-0.36775752817474777,-0.45987160146745376,0.09211407329270599,0.00023028518323176496,2020,0.3791425172956443,274
2020-02-19,1967,40,16,0,0,0.48409317395814,0.29018354157130366,0.19390963238683634,0.0004847740809670908,2020,0.004158135183553132,274
2020-02-20,1967,40,10,0,0,-7.333305663457068,-8.773850726037528,1.4405450625804601,0.0036013626564511503,2020,0.002194271775607492,274
2020-02-21,1967,39,7,0,0,-1.431680410248356,-2.0865468592349403,0.6548664489865843,0.0016371661224664608,2020,0.002787650049338377,274
2020-02-25,1967,39,12,0,0,-5.7285112402248535,-6.862323497405266,1.1338122571804128,0.002834530642951032,2020,0.005415485259418511,274
2020-02-26,1967,39,10,0,0,-9.418584888351514,-8.688536678255097,-0.7300482100964167,-0.0018251205252410418,2020,0.004831718950846521,274
2020-02-27,1967,40,14,0,0,8.989535489446677,3.9525406268308223,5.036994862615854,0.012592487156539635,2020,0.1051156125058802,274
2020-02-28,1967,40,19,0,0,-3.638174260846069,-3.396493926298867,-0.24168033454720206,-0.0006042008363680052,2020,0.0072798458695945084,274
2020-03-02,1968,41,13,0,0,0.12595414759103377,-0.37487438716007015,0.5008285347511039,0.0012520713368777596,2020,0.09964259447050337,275
2020-03-03,1968,41,9,0,0,0.6925272372056802,0.23717293793047078,0.45535429927520943,0.0011383857481880235,2020,0.1440898454559182,275
2020-03-04,1968,43,19,0,0,-6.495757532996805,-7.646601792486037,1.150844259489232,0.00287711064872308,2020,0.045653864076600464,275
2020-03-05,1968,43,20,0,0,-11.561006942153353,-16.075248589298806,4.514241647145452,0.01128560411786363,2020,0.04379819285356396,275
2020-03-06,1968,43,15,0,0,2.263312515110797,4.43812387791658,-2.1748113628057832,-0.005437028407014458,2020,0.29937241433066647,275
2020-03-09,1969,43,19,0,0,-2.943469578435797,-7.122596336392338,4.17912675795654,0.01044781689489135,2020,0.4288794871783292,277
2020-03-10,1970,44,20,0,0,-9.019976562772195,-10.44542246609999,1.4254459033277946,0.0035636147583194867,2020,0.12965327955663578,280
2020-03-11,1970,43,14,0,0,-13.57562646772424,-9.388441997024037,-4.187184470700203,-0.010467961176750506,2020,0.04223692391510916,280
2020-03-12,1970,42,22,0,0,1.0299423615286034,-2.142291729362005,3.1722340908906084,0.007930585227226521,2020,1.4040399144717093,280
2020-03-13,1971,42,19,0,0,7.691496975067774,7.807900249566399,-0.11640327449862475,-0.0002910081862465619,2020,0.1410205509649916,281
2020-03-16,1971,42,16,0,0,-0.7476909784821052,-0.3535536928020045,-0.3941372856801007,-0.0009853432142002518,2020,0.544410463659639,281
2020-03-17,1971,40,13,0,0,-4.650088738328626,1.141149524267299,-5.791238262595925,-0.014478095656489814,2020,0.18349606139874583,282
2020-03-18,1971,39,11,0,0,4.152769398164633,2.866794283889098,1.285975114275535,0.003214937785688837,2020,0.10337018961448602,282
2020-03-19,1971,36,12,0,0,6.7506579262241715,7.933770659527169,-1.1831127333029974,-0.0029577818332574934,2020,0.1212191414484815,282
2020-03-23,1971,35,16,0,0,12.774824062949335,11.393779067368792,1.3810449955805435,0.003452612488951359,2020,0.9460962535708424,282
2020-03-24,1971,35,12,0,0,-2.894895028159356,-4.483115444682551,1.5882204165231948,0.003970551041307987,2020,0.5358620345380617,284
2020-03-25,1971,35,15,0,0,5.587278317265728,9.36885993719135,-3.781581619925623,-0.009453954049814058,2020,3.1796141526791293,284
2020-03-26,1972,36,14,0,0,-4.964350927293778,-4.717033698364129,-0.24731722892964925,-0.0006182930723241232,2020,7.390152588760081,288
2020-03-27,1972,35,14,0,0,-2.4642059047462817,-1.1247504378870523,-1.3394554668592293,-0.0033486386671480735,2020,0.09782697200956429,290
2020-03-30,1973,35,11,0,0,-6.164865727473014,-7.2154465922387745,1.0505808647657604,0.002626452161914401,2020,0.12208436663863007,291
2020-03-31,1974,38,13,0,0,-3.391917617630931,-3.5331250238203964,0.14120740618946526,0.00035301851547366313,2020,0.9753063544376818,292
2020-04-01,1974,39,10,0,0,-2.584387597514152,-4.38549259993015,1.8011050024159982,0.004502762506039996,2020,0.016425736678318262,293
2020-04-02,1974,39,16,0,0,7.935631248669864,6.665681400430041,1.2699498482398228,0.0031748746205995573,2020,2.8462891766217537,294
2020-04-03,1974,39,12,0,0,6.67165192349414,5.450387652684562,1.221264270809578,0.003053160677023945,2020,0.04017714403840309,294
2020-04-06,1974,39,15,0,0,3.036532374189331,3.3152704533071558,-0.2787380791178249,-0.0006968451977945622,2020,0.4154328661714847,298
2020-04-07,1974,38,16,0,0,0.02575563939233792,2.8162200534273567,-2.7904644140350188,-0.006976161035087547,2020,0.7009557796555661,299
2020-04-08,1974,39,11,0,0,2.21555540031912,1.1401069578732117,1.075448442445908,0.00268862110611477,2020,0.21956339464934488,303
2020-04-09,1974,40,14,0,0,-2.3782523324981715,-3.5838538293220883,1.2056014968239168,0.003014003742059792,2020,0.012152646617867587,308
2020-04-10,1974,42,16,0,0,3.4401148966946806,4.690337131683214,-1.2502222349885335,-0.0031255555874713336,2020,0.036226010063772414,317
2020-04-13,1974,42,15,0,0,-1.8713716811972023,-1.7607981925669849,-0.11057348863021743,-0.0002764337215755436,2020,0.05858507946494387,350
2020-04-14,1974,42,16,0,0,2.88397417148583,0.8344533613161736,2.049520810169656,0.0051238020254241404,2020,0.12684725601304336,361
2020-04-15,1974,43,14,0,0,1.255258387764217,2.1147589772033473,-0.8595005894391303,-0.002148751473597826,2020,0.16045222353634894,384
2020-04-16,1974,43,19,0,0,3.0597629792935606,-0.4665116271494539,3.5262746064430144,0.008815686516107537,2020,4.229341399824496,386
2020-04-17,1974,44,14,0,0,-3.580588171184963,-2.159051060945288,-1.421537110239675,-0.0035538427755991875,2020,0.20051418019447245,386
2020-04-20,1974,45,17,0,0,-4.283190732483695,-1.743906081884097,-2.5392846505995985,-0.006348211626498996,2020,0.3589412581500944,387
2020-04-21,1974,45,19,0,0,5.987338408990934,4.236894034892903,1.7504443740980307,0.004376110935245077,2020,11.483386820918495,388
2020-04-22,1974,47,14,0,0,-0.44979850792517334,-0.23395471283799787,-0.21584379508717547,-0.0005396094877179387,2020,0.05402817456517911,390
2020-04-23,1974,47,17,0,0,2.8810321426954886,3.473314906522029,-0.5922827638265402,-0.0014807069095663504,2020,0.05946130760635833,394
2020-04-24,1974,47,19,0,0,1.1195325910813707,1.6076760614425736,-0.48814347036120287,-0.0012203586759030071,2020,14.711436808400325,402
2020-04-27,1974,47,13,0,0,2.779044478480028,3.204112305449734,-0.4250678269697059,-0.0010626695674242647,2020,0.010289522019827533,414
2020-04-28,1974,48,15,0,0,-4.035774669902059,-3.514752086654031,-0.521022583248028,-0.00130255645812007,2020,1.5262266785222744,447
2020-04-30,1974,47,16,0,0,0.9910290056739269,0.5117657829457242,0.47926322272820276,0.001198158056820507,2020,0.5994471396425773,490
2020-05-01,1974,46,20,0,0,3.7141776568511777,3.550712797581904,0.1634648592692738,0.00040866214817318445,2020,0.030611942040719757,517
2020-05-07,1974,47,21,0,0,6.755453253915415,3.174567735048998,3.5808855188664173,0.008952213797166044,2020,0.07024604512904291,526
2020-05-08,1974,48,15,0,0,-0.8033080007761363,-1.0159190264083866,0.21261102563225032,0.0005315275640806258,2020,0.12312647118627736,547
2020-05-11,1974,48,15,0,0,-1.2427874284154423,0.09745054714750591,-1.3402379755629483,-0.003350594938907371,2020,0.21018327088105035,595
2020-05-12,1974,46,21,0,0,-3.7940366665531955,-4.526424685058467,0.7323880185052718,0.0018309700462631794,2020,1.759962313396201,659
2020-05-13,1974,46,17,0,0,1.5769018283512644,1.5908322575081233,-0.013930429156858937,-3.4826072892147344e-05,2020,0.031059237544343962,719
2020-05-14,1974,46,20,0,0,0.75196319194082,1.258723817120287,-0.5067606251794671,-0.0012669015629486677,2020,0.02526008398006102,790
2020-05-15,1974,47,14,0,0,3.4680690214400793,3.0263934976628826,0.44167552377719677,0.0011041888094429919,2020,0.6682544011549957,871
2020-05-18,1974,46,10,0,0,1.811127361996957,1.695888000565178,0.11523936143177904,0.0002880984035794476,2020,0.02506895802359241,945
2020-05-19,1974,46,13,0,0,0.40032154329029107,1.5457899584060038,-1.1454684151157126,-0.0028636710377892816,2020,4.081468182012016,961
2020-05-20,1974,46,13,0,0,-1.1784418240817984,-1.4473608803688771,0.2689190562870787,0.0006722976407176968,2020,0.056500077615996215,984
2020-05-21,1974,47,12,0,0,5.267340148697111,2.5220890319016767,2.7452511167954348,0.006863127791988587,2020,1.524686885466979,1006
2020-05-22,1974,49,11,0,0,3.097320452334776,2.7743283599812147,0.3229920923535614,0.0008074802308839035,2020,0.035640124103140665,1028
2020-05-25,1974,49,15,0,0,2.2625050746285864,2.348399815838942,-0.08589474121035545,-0.00021473685302588863,2020,0.104754051373367,1053
2020-05-26,1974,49,14,0,0,2.0791999611206076,2.113978295104243,-0.03477833398363561,-8.694583495908903e-05,2020,0.3885238627682492,1066
2020-05-27,1974,49,12,0,0,-3.0862321520542815,0.38455801713380905,-3.4707901691880907,-0.008676975422970227,2020,0.004071130402382093,1080
2020-05-28,1974,49,7,0,0,0.26768832709437784,0.795299533989836,-0.5276112068954582,-0.0013190280172386453,2020,0.03944912998072186,1091
2020-05-29,1974,48,14,0,0,2.1143221324712957,3.396470491391939,-1.2821483589206433,-0.0032053708973016084,2020,0.08783933656261254,1107
2020-06-01,1974,48,10,0,0,1.323347815386878,0.2998103000780006,1.0235375153088775,0.002558843788272194,2020,0.07918295782532503,1119
2020-06-02,1974,48,12,0,0,0.6873870961570377,-1.2156083405903462,1.9029954367473838,0.0047574885918684594,2020,0.15995274755394798,1119
2020-06-03,1974,48,13,0,0,2.825617724129883,0.9702647429449535,1.8553529811849296,0.004638382452962324,2020,3.224015653739332,1120
2020-06-04,1974,48,17,0,0,2.354427826945415,1.8050891186626918,0.5493387082827232,0.0013733467707068082,2020,0.947684057137609,1119
2020-06-05,1974,46,10,0,0,-1.2422392879161275,0.5962321528524401,-1.8384714407685676,-0.004596178601921419,2020,0.010998331300772645,1121
2020-06-08,1974,45,13,0,0,0.15121683561834165,0.3853626342793051,-0.23414579866096347,-0.0005853644966524087,2020,0.9070665792984602,1122
2020-06-09,1974,45,9,0,0,-7.461983445225435,-3.4137178643960144,-4.048265580829421,-0.010120663952073552,2020,0.47451955981313165,1123
2020-06-10,1974,45,16,0,0,-3.466178319815653,-2.8174857746447173,-0.6486925451709356,-0.001621731362927339,2020,0.040443451460943164,1126
2020-06-11,1974,44,20,0,0,-3.4414820833572453,-6.287015864323333,2.845533780966088,0.007113834452415219,2020,0.00205285838535319,1129
2020-06-12,1974,44,17,0,0,7.696691838099885,8.552306249420413,-0.855614411320528,-0.00213903602830132,2020,0.008808750226326515,1128
2020-06-15,1974,44,11,0,0,-0.28149898926540534,-0.5629586075189583,0.281459618253553,0.0007036490456338824,2020,0.1373814762171923,1132
2020-06-16,1974,44,9,0,0,-0.23384015335893962,-0.01737047649487472,-0.2164696768640649,-0.0005411741921601623,2020,0.18645832888892622,1129
2020-06-17,1974,45,12,0,0,0.0445966069975528,0.45062211916956424,-0.40602551217201144,-0.0010150637804300286,2020,0.49999804604003206,1130
2020-06-18,1974,45,8,0,0,-0.01886211246499257,-0.11486017237882734,0.09599805991383477,0.00023999514978458692,2020,1.6300263175047505,1130
2020-06-19,1974,46,16,0,0,1.2644171557327624,1.1794230641163301,0.08499409161643223,0.00021248522904108059,2020,0.0698885917913638,1129
2020-06-22,1974,46,12,0,0,-1.2892935633929739,-1.0244721219943924,-0.26482144139858144,-0.0006620536034964536,2020,0.06963476727963726,1133
2020-06-23,1974,45,7,0,0,-2.8895506473263155,-1.9305823890062515,-0.958968258320064,-0.0023974206458001602,2020,0.25355126486437507,1131
2020-06-24,1974,46,13,0,0,2.3345265499941052,0.1983300010596277,2.1361965489344774,0.005340491372336193,2020,4.032077819249606,1128
2020-06-25,1974,45,14,0,0,-2.1395677015593866,-5.526934130155287,3.3873664285959006,0.008468416071489751,2020,0.059221837387618825,1130
2020-06-26,1974,44,16,0,0,0.8301318606445922,0.8732043691888469,-0.043072508544254706,-0.00010768127136063676,2020,0.09319437913548374,1131
2020-06-29,1974,43,8,0,0,-3.3222501080787485,-2.9162174685139313,-0.4060326395648173,-0.0010150815989120431,2020,0.1961978103495965,1130
2020-06-30,1975,44,9,0,0,-1.4799687683249185,-3.4572235677147725,1.977254799389854,0.0049431369984746345,2020,0.354666714404391,1131
2020-07-01,1975,44,14,0,0,1.394496745467792,1.1899847312877185,0.20451201418007336,0.0005112800354501834,2020,0.0177012425962,1131
2020-07-02,1975,44,13,0,0,5.396602570443929,2.9570773051760586,2.4395252652678705,0.006098813163169676,2020,7.205588300941056,1132
2020-07-03,1975,44,14,0,0,-0.5507796194260278,-0.72781437727529,0.17703475784926215,0.00044258689462315536,2020,1.2499356631108556,1131
2020-07-06,1975,44,10,0,0,-1.379091238672095,-1.7193104437593025,0.3402192050872075,0.0008505480127180187,2020,0.042108607553078506,1131
2020-07-07,1975,45,10,0,0,0.02067779113403401,-2.394903633202889,2.415581424336923,0.006038953560842307,2020,1.2712481487206118,1131
2020-07-08,1975,46,10,0,0,-3.2045920270912105,-4.0861366166861535,0.881544589594943,0.0022038614739873573,2020,0.7822610205103814,1130
2020-07-09,1975,44,10,0,0,4.718906993294035,6.458807431855317,-1.739900438561282,-0.004349751096403205,2020,0.032705305694997334,1129
2020-07-10,1976,45,13,0,0,-0.5122878041799231,-1.0261930081429922,0.513905203963069,0.0012847630099076725,2020,0.026112683298020533,1133
2020-07-13,1976,45,11,0,0,2.4885922227312083,4.343911344935327,-1.8553191222041185,-0.004638297805510296,2020,0.46735699558994837,1130
2020-07-14,1976,45,9,0,0,-0.8510449420781813,-2.00057046131156,1.1495255192333786,0.002873813798083447,2020,0.041321065440683695,1132
2020-07-15,1978,47,16,0,0,-2.4263837067327243,0.11830596168698097,-2.5446896684197053,-0.006361724171049263,2020,0.0860389237571825,1136
2020-07-16,1978,48,15,0,0,1.0710983382023744,0.975686087629418,0.09541225057295644,0.0002385306264323911,2020,0.03548386103348633,1135
2020-07-17,1978,47,16,0,0,1.306116692821913,0.9012834597049632,0.40483323311694985,0.0010120830827923747,2020,0.08064491748522533,1135
2020-07-20,1978,47,12,0,0,-1.4405893588564733,-1.470772718647596,0.030183359791122744,7.545839947780685e-05,2020,0.17581932361000577,1134
2020-07-21,1978,47,12,0,0,0.8766350129426318,0.7489529044691224,0.12768210847350936,0.0003192052711837734,2020,0.04981639789347797,1133
2020-07-22,1978,47,14,0,0,-0.8546809349246249,-1.1754695678865337,0.32078863296190874,0.0008019715824047718,2020,0.005615227622342596,1131
2020-07-27,1978,48,15,0,0,-3.0344689955940276,-2.0562641232994725,-0.9782048722945551,-0.0024455121807363876,2020,0.01018703031125441,1124
2020-07-28,1978,49,16,0,0,-1.6523006917240946,-0.9044429155493519,-0.7478577761747427,-0.0018696444404368566,2020,0.019431504902310538,1116
2020-07-29,1978,50,13,0,0,-6.32449605071114,-6.294748206467351,-0.029747844243789068,-7.436961060947267e-05,2020,0.9423358092566749,1105
2020-07-30,1978,49,19,0,0,3.1128955157117346,2.753510504237475,0.35938501147425983,0.0008984625286856496,2020,0.9530222496373626,1082
2020-07-31,1980,51,19,0,0,4.3232811977226495,4.536127157421029,-0.21284595969837916,-0.0005321148992459479,2020,0.06075987149592017,1035
2020-08-03,1981,52,11,0,0,0.4224839880293745,-0.07531774590895106,0.49780173393832555,0.0012445043348458138,2020,0.42603620375985946,992
2020-08-04,1981,52,15,0,0,0.16671268635417,-0.4224629867043728,0.5891756730585428,0.001472939182646357,2020,0.03648177231970737,980
2020-08-05,1981,52,18,0,0,-0.7335311933625976,-0.27770348425796365,-0.455827709104634,-0.001139569272761585,2020,0.6908999289608769,953
2020-08-06,1981,52,20,0,0,3.4363021693904865,4.576005207203759,-1.1397030378132729,-0.0028492575945331822,2020,0.01554306015993223,923
2020-08-07,1981,54,13,0,0,4.030806225258339,2.080366211811806,1.9504400134465332,0.004876100033616333,2020,0.21956673124630266,866
2020-08-11,1981,55,13,0,0,0.8912351173732644,1.4259938441818119,-0.5347587268085474,-0.0013368968170213685,2020,0.5338237093035216,810
2020-08-12,1981,55,16,0,0,-0.22671295340644604,-0.2136770808580948,-0.01303587254835123,-3.258968137087807e-05,2020,2.2141799619108635,790
2020-08-13,1981,54,12,0,0,-1.2005395009878361,-1.1734371650285986,-0.0271023359592375,-6.775583989809375e-05,2020,0.6611757677359331,774
2020-08-14,1981,54,17,0,0,-0.5756129247896983,0.38173389312604344,-0.9573468179157417,-0.0023933670447893545,2020,0.05327082927462085,767
2020-08-17,1981,54,17,0,0,0.3538604492910144,2.0079246165555245,-1.65406416726451,-0.004135160418161275,2020,0.14659485427652164,764
2020-08-18,1981,54,14,0,0,-1.651139680058429,-1.3132812564543113,-0.3378584236041178,-0.0008446460590102945,2020,0.20190627665012525,763
2020-08-19,1981,54,17,0,0,2.3113327555118293,0.7378197986460536,1.5735129568657755,0.003933782392164439,2020,0.015600419033402061,763
2020-08-20,1982,55,17,0,1,-0.8719007712597109,0.7718059310400106,-1.6437067022997214,-0.004109266755749304,2020,0.09616887711801561,763
2020-08-21,1982,57,16,0,0,1.46394444087466,3.978485806514889,-2.514541365640229,-0.006286353414100573,2020,0.011829988868049151,763
2020-08-24,1982,56,24,0,0,0.9844017585199358,0.44743399299035264,0.5369677655295833,0.001342419413823958,2020,0.3254330976466788,760
2020-08-25,1982,56,15,0,0,-0.7734232266826789,-1.31221023383301,0.538787007150331,0.0013469675178758274,2020,5.7158089090064355,758
2020-08-26,1982,57,10,0,0,-2.5539221020309544,-2.151605352376451,-0.40231674965450326,-0.0010057918741362582,2020,0.00971189957718115,757
2020-08-27,1982,58,15,0,0,2.4195674347757037,2.87457930905939,-0.45501187428368617,-0.0011375296857092155,2020,0.7009868139716463,756
2020-08-28,1982,58,24,0,0,-0.4863054912579458,-0.19786921102605126,-0.28843628023189455,-0.0007210907005797363,2020,0.20051480002991381,753
2020-08-31,1982,58,25,0,0,-0.37364091655443926,1.4101403954054914,-1.7837813119599306,-0.004459453279899827,2020,0.07431516011290423,751
2020-09-01,1982,58,20,0,0,0.3571972101933038,-0.007261521692548363,0.36445873188585215,0.0009111468297146304,2020,0.06054176574144074,749
2020-09-02,1982,58,22,0,0,-1.6025689522158515,-0.20181750070900847,-1.400751451506843,-0.0035018786287671078,2020,0.3387419884869026,749
2020-09-03,1982,58,22,0,0,-1.2138597368039479,2.1923748477119434,-3.4062345845158912,-0.008515586461289727,2020,0.24756621965877124,749
2020-09-04,1982,58,15,0,0,1.6044725208563875,3.3536531895080723,-1.7491806686516849,-0.004372951671629212,2020,0.15500834727174911,749
2020-09-07,1982,56,17,0,0,-1.7502599149018636,-1.094107036422716,-0.6561528784791477,-0.0016403821961978693,2020,0.010206551996483277,748
2020-09-08,1982,56,17,0,0,1.8223560768797078,2.139842635139702,-0.31748655825999417,-0.0007937163956499854,2020,0.5898990719123023,747
2020-09-09,1982,56,16,0,0,1.447212327672408,1.4794101309416476,-0.0321978032692396,-8.0494508173099e-05,2020,0.03998070880393698,747
2020-09-10,1982,58,27,0,0,1.7666267497056463,2.5457039726154833,-0.779077222909837,-0.0019476930572745925,2020,0.0382489624620093,745
2020-09-11,1982,58,21,0,0,-0.8126463634707332,-0.705147544653292,-0.10749881881744117,-0.0002687470470436029,2020,0.009918588674889952,745
2020-09-14,1982,57,23,0,0,1.7017253767856773,0.6925756886175806,1.0091496881680966,0.0025228742204202416,2020,0.03851816515601822,742
2020-09-15,1982,58,22,0,0,-0.1958484071911799,0.010489492174955298,-0.2063378993661352,-0.000515844748415338,2020,0.016609085542615785,739
2020-09-16,1982,57,27,0,0,1.925409314331817,1.6311469035089547,0.2942624108228622,0.0007356560270571555,2020,0.009210417817670527,734
2020-09-17,1983,58,17,0,0,-1.7687273986783856,0.44869144731281246,-2.217418845991198,-0.005543547114977994,2020,0.013072923250953949,732
2020-09-18,1983,58,20,0,0,-4.1381637393059085,-1.8157735171050373,-2.3223902222008714,-0.005805975555502179,2020,0.2142538967479461,728
2020-09-23,1983,58,17,0,0,1.8298911451240212,1.8203325301032238,0.009558615020797356,2.389653755199339e-05,2020,0.19831690776440333,725
2020-09-24,1984,58,17,0,0,3.353157786834725,3.9796834263426413,-0.6265256395079164,-0.001566314098769791,2020,0.3675404971425944,723
2020-09-25,1986,60,16,0,0,-0.18248691351713742,-0.16546230371896456,-0.017024609798172857,-4.256152449543214e-05,2020,0.10009704119926184,721
2020-09-28,1986,60,13,0,0,-4.220796932675519,-4.284383534555594,0.06358660188007459,0.00015896650470018648,2020,0.43575861852351555,716
2020-09-29,1986,59,24,0,0,0.0,0.0,0.0,0.0,2020,0.7391717635015811,714
2020-09-30,1986,59,14,0,0,-2.1156471183972996,-2.7243137548369063,0.6086666364396067,0.0015216665910990168,2020,0.39328965715248665,713
2020-10-02,1989,62,12,0,1,1.0074069823025082,0.00739838249830536,1.000008599804203,0.0025000214995105075,2020,0.024755465539113567,712
2020-10-05,1990,61,13,0,0,0.7525475173626509,-0.2583026933129545,1.0108502106756054,0.0025271255266890134,2020,0.024390841434345667,713
2020-10-06,1990,62,15,0,0,1.3966637014333247,-0.2310250185682122,1.6276887200015369,0.004069221800003842,2020,2.1222537281593543,710
2020-10-07,1990,61,14,0,0,-1.0098071967304934,-0.4196230466926401,-0.5901841500378533,-0.0014754603750946331,2020,0.18505832202769298,710
2020-10-08,1990,60,17,0,0,-0.4262082986818682,-0.43331968519565556,0.007111386513787343,1.7778466284468358e-05,2020,0.25317674435982235,708
2020-10-09,1990,57,22,0,0,-0.25243374060443396,0.1877169396310777,-0.4401506802355116,-0.001100376700588779,2020,0.010505457523448617,706
2020-10-12,1990,57,15,0,0,0.49580839439485497,-2.345128997663245,2.8409373920580996,0.007102343480145249,2020,0.024053571899799488,705
2020-10-13,1990,59,15,0,0,-2.209059789181976,-1.6451473379870893,-0.5639124511948868,-0.0014097811279872169,2020,0.0918578955473448,705
2020-10-14,1990,59,18,0,0,-2.7401900146771148,-1.6181877634149189,-1.1220022512621959,-0.0028050056281554896,2020,0.07594110495726653,705
2020-10-15,1989,57,20,0,0,2.376756529098784,3.8860346950185902,-1.509278165919806,-0.003773195414799515,2020,0.005599800446305136,703
2020-10-16,1989,57,20,0,0,-1.309094844409888,-1.607330919691761,0.2982360752818729,0.0007455901882046823,2020,0.03234123890492545,700
2020-10-19,1989,58,17,0,0,1.7092946030696936,2.3204775536331326,-0.611182950563439,-0.0015279573764085974,2020,0.045208997380136826,699
2020-10-20,1989,57,16,0,0,-2.0605227817686322,-3.2477293798107074,1.1872065980420752,0.002968016495105188,2020,0.018190185502992107,696
2020-10-21,1989,58,14,0,0,-0.13412027051279232,1.2840675954231735,-1.418187865935966,-0.0035454696648399148,2020,0.026952230663482596,692
2020-10-22,1989,58,21,0,0,-0.11451326567306186,-1.242308096353246,1.1277948306801842,0.0028194870767004605,2020,0.008319951324637902,692
2020-10-23,1989,58,19,0,0,0.6859327843163133,-0.7598332545760397,1.445766038892353,0.0036144150972308824,2020,0.11662561569288216,692
2020-10-26,1989,57,15,0,0,-0.36760583093849436,-3.3906090908307767,3.0230032598922825,0.007557508149730706,2020,0.010527099914911978,691
2020-10-27,1989,57,20,0,0,-0.9356783661099858,-1.039192915578131,0.1035145494681452,0.000258786373670363,2020,0.014718673970337664,687
2020-10-28,1990,54,7,0,0,-4.939264048061053,-4.2826703043856655,-0.656593743675387,-0.0016414843591884675,2020,0.00928271551611151,681
2020-10-29,1991,53,13,0,0,2.7272007548890222,0.20789539714520214,2.51930535774382,0.00629826339435955,2020,0.01154385096058912,660
2020-10-30,1991,53,16,0,0,2.377382337788229,1.5456383155718931,0.8317440222163357,0.0020793600555408394,2020,0.40755311730808613,631
2020-11-02,1991,53,18,0,0,1.7494081540891342,2.5631835702303802,-0.813775416141246,-0.002034438540353115,2020,0.03656479252791567,605
2020-11-04,1991,53,16,0,0,1.1903654093897933,1.937288961185556,-0.7469235517957626,-0.0018673088794894067,2020,1.396537696915592,595
2020-11-05,1991,53,18,0,0,1.8050992774896943,1.8035903758164764,0.0015089016732179328,3.772254183044832e-06,2020,5.917348774855512,579
2020-11-06,1991,53,19,0,0,-0.9151405278398856,5.0462017077955865,-5.961342235635472,-0.01490335558908868,2020,0.025944236428259503,561
2020-11-09,1991,53,20,0,0,1.8634038718037111,2.3230487322889677,-0.45964486048525655,-0.0011491121512131413,2020,0.2645159126347302,531
2020-11-10,1991,53,15,0,0,-1.8247197600569276,-0.6002118885088351,-1.2245078715480924,-0.003061269678870231,2020,0.12404263092913988,523
2020-11-11,1991,53,18,0,0,-2.017210674930794,-3.26533117899718,1.248120504066386,0.0031203012601659654,2020,0.1925063629252937,505
2020-11-12,1991,53,21,0,0,2.0037696996124814,3.958670953846939,-1.9549012542344575,-0.004887253135586144,2020,0.13317568540658978,498
2020-11-13,1991,53,18,0,0,0.9967667452114579,-0.8275270415117829,1.8242937867232407,0.004560734466808102,2020,1.8730417727671773,481
2020-11-16,1991,53,16,0,0,-1.5937989004475976,-1.5066154645884444,-0.08718343585915322,-0.00021795858964788307,2020,0.0658995115789872,465
2020-11-17,1991,52,16,0,0,0.2122372504729115,-2.4638730850080823,2.6761103354809936,0.006690275838702484,2020,1.4203853964862483,465
2020-11-18,1991,52,14,0,0,0.9389965173708535,0.9559696386062346,-0.016973121235381083,-4.243280308845271e-05,2020,0.3507071013933524,465
2020-11-19,1991,51,14,0,0,3.3362334455908376,2.7456170875992925,0.5906163579915451,0.0014765408949788629,2020,0.49474562843116265,465
2020-11-20,1991,51,16,0,0,-0.11307698621050873,-1.1240941161033755,1.0110171298928667,0.002527542824732167,2020,0.005971462126666904,464
2020-11-24,1991,51,14,0,0,-0.7741399740680254,1.745092372250762,-2.5192323463187876,-0.006298080865796969,2020,0.06692087177797308,463
2020-11-25,1991,51,13,0,0,1.3762130761880789,1.8548169226505722,-0.4786038464624933,-0.0011965096161562334,2020,0.05172495120027892,462
2020-11-26,1991,50,15,0,0,-2.071294630614062,-4.109606892195454,2.038312261581392,0.00509578065395348,2020,0.0046531061815811925,461
2020-11-27,1991,50,14,0,0,2.256712077896201,1.524709086508169,0.7320029913880319,0.0018300074784700798,2020,0.011279865155067927,460
2020-11-30,1991,50,15,0,0,0.21416113160801942,2.2453499057976307,-2.0311887741896113,-0.005077971935474029,2020,0.3603763439584272,459
2020-12-01,1991,51,18,0,0,1.4228811389556875,1.241867845667086,0.1810132932886015,0.0004525332332215037,2020,0.13328699626939466,459
2020-12-02,1991,52,12,0,0,-0.004560777666217726,0.7730028612794985,-0.7775636389457162,-0.0019439090973642906,2020,0.016316110680438423,459
2020-12-03,1991,52,16,0,0,-2.620200137291245,-2.2064725860515453,-0.41372755123969984,-0.0010343188780992496,2020,0.06424345237724134,459
2020-12-04,1991,51,17,0,0,0.7536210061630526,0.7369291107973224,0.016691895365730236,4.172973841432559e-05,2020,0.05561601213569069,459
2020-12-07,1991,51,18,0,0,1.83918458567588,1.9735778829726363,-0.1343932972967563,-0.00033598324324189075,2020,0.04301131487036476,457
2020-12-08,1991,51,13,0,0,-0.2754519874088442,-0.2769406387861026,0.0014886513772583987,3.7216284431459967e-06,2020,0.036086173191909376,457
2020-12-09,1991,52,16,0,0,1.2616861185579291,0.5496222499042457,0.7120638686536834,0.0017801596716342087,2020,0.2746839314609659,456
2020-12-10,1991,49,11,0,0,1.5447615807975643,1.2872787460559685,0.25748283474159583,0.0006437070868539896,2020,0.014154983830775817,457
2020-12-11,1991,49,18,0,0,-0.44085831258967145,-0.5595327299396927,0.11867441735002127,0.00029668604337505317,2020,1.5096704014829796,453
2020-12-14,1991,50,13,0,0,0.8790500133346061,0.1045696737802483,0.7744803395543578,0.0019362008488858944,2020,0.03488900996317724,455
2020-12-15,1990,49,14,0,0,-2.75107782575976,-0.07922763658658379,-2.6718501891731763,-0.006679625472932941,2020,1.338368658047689,451
2020-12-16,1993,50,17,0,0,0.20960965383791885,0.04684667069911216,0.1627629831388067,0.00040690745784701673,2020,1.7483087072584795,452
2020-12-17,1994,51,17,0,0,-0.07946595940579475,-1.1445472659052596,1.0650813064994649,0.002662703266248662,2020,0.14452168449890837,453
2020-12-18,1995,52,16,0,0,-4.228362519280057,-3.4856424068338536,-0.7427201124462033,-0.0018568002811155083,2020,0.2222448217770479,452
2020-12-21,1996,53,19,0,0,1.147793786377024,-0.5984896977293149,1.746283484106339,0.004365708710265847,2020,0.2599243053169689,451
2020-12-22,1998,52,15,0,0,1.289672190573247,1.7362737450630412,-0.44660155448979433,-0.0011165038862244858,2020,0.424349500638105,453
2020-12-23,1999,54,15,0,0,1.2287210761171357,0.8206388016114706,0.40808227450566503,0.0010202056862641626,2020,0.08447584410291561,453
2020-12-24,1999,54,19,0,0,-0.5634513371803549,-0.6245634421258651,0.061112104945510226,0.00015278026236377557,2020,0.32771389811280754,452
2020-12-25,1999,54,17,0,0,3.386544089721228,2.769785287811328,0.6167588019099002,0.0015418970047747504,2020,0.10284102405907188,451
2020-12-28,1999,51,15,0,0,-0.5343762455053936,-0.8902397417492208,0.3558634962438272,0.0008896587406095679,2020,0.10429449081558578,451
2020-12-29,1999,51,15,0,0,-1.762258044109337,-1.765612892728643,0.0033548486193060167,8.387121548265042e-06,2020,0.054751762679278754,451
2020-12-30,1999,50,16,0,0,-0.08248829476712971,-0.5506006950415913,0.46811240027446155,0.0011702810006861538,2021,2.5867247682423944,451
2021-01-04,1999,50,15,0,0,1.9155013568039039,0.9461338595706789,0.969367497233225,0.0024234187430830626,2021,0.17036222094019546,451
2021-01-05,1999,50,17,0,0,2.3289670621269205,1.8062543481647617,0.5227127139621588,0.0013067817849053969,2021,1.650657878678324,451
2021-01-06,1999,49,13,0,0,2.6572130550817423,2.4520796272717864,0.20513342780995591,0.0005128335695248898,2021,0.255920996174378,452
2021-01-07,1999,49,14,0,0,0.5664931439378579,0.465155383048738,0.10133776088911989,0.00025334440222279974,2021,0.5022628128804021,452
2021-01-08,1999,48,6,0,0,1.108192217315702,0.493096917594731,0.6150952997209709,0.001537738249302427,2021,0.0040383140409536574,452
2021-01-12,1999,47,10,0,0,0.7632088596960535,-0.5364171456162787,1.2996260053123323,0.0032490650132808306,2021,0.05202606989858305,451
2021-01-13,1999,47,13,0,0,-0.153495755914817,-2.0046440334993245,1.8511482775845076,0.004627870693961269,2021,0.021425436826741525,450
2021-01-14,1999,47,16,0,0,-0.370559994130158,-1.7428946679083162,1.372334673778158,0.0034308366844453954,2021,0.0030174906002796266,450
2021-01-15,1999,47,15,0,0,-0.33938207823042094,2.389413993474716,-2.728796071705137,-0.006821990179262842,2021,0.014501356930695077,449
2021-01-18,1999,46,10,0,0,0.4957148619343144,0.785131426979213,-0.2894165650448986,-0.0007235414126122465,2021,0.047506324944652525,450
2021-01-19,1999,45,18,0,0,1.250197731155884,0.46020307116004977,0.7899946599958343,0.0019749866499895858,2021,0.02159812219454765,450
2021-01-20,1999,44,12,0,0,-1.5367609023757598,-0.6217985815158025,-0.9149623208599573,-0.002287405802149893,2021,0.6659797483569907,450
2021-01-21,1999,43,14,0,0,0.9672230352424621,1.5634893320079006,-0.5962662967654385,-0.0014906657419135963,2021,0.16580350884893064,450
2021-01-22,1999,43,12,0,0,-1.0633022408160573,-0.6861935455705983,-0.377108695245459,-0.0009427717381136475,2021,0.003225322858912452,450
2021-01-25,1999,43,13,0,0,1.1320781047127253,0.7722411706710858,0.3598369340416395,0.0008995923351040988,2021,0.1432291481155919,450
2021-01-26,1999,42,16,0,0,-1.5755853410175977,1.4689803714506813,-3.044565712468279,-0.007611414281170697,2021,0.006794895941071842,449
2021-01-27,1999,42,13,0,0,-2.9600755193701604,-3.622148597149799,0.6620730777796386,0.0016551826944490966,2021,0.09759929753364788,446
2021-01-28,1999,41,12,0,0,1.1702894743251038,1.674251826506682,-0.5039623521815781,-0.0012599058804539454,2021,1.9157014557582892,445
2021-01-29,1999,41,14,0,0,4.146160992491598,2.0520089237795722,2.094152068712026,0.005235380171780065,2021,0.6912430388874816,443
2021-02-01,1999,41,14,0,0,3.3982684732774047,1.2213722187147706,2.1768962545626342,0.0054422406364065855,2021,7.525334052821587,441
2021-02-02,1999,41,12,0,0,0.4288207012140283,0.14078025551125184,0.2880404457027765,0.0007201011142569412,2021,0.08466815854101865,442
2021-02-03,1999,41,12,0,0,5.677676185205743,0.7379156614315466,4.939760523774196,0.01234940130943549,2021,0.015524250087185668,440
2021-02-04,1999,41,14,0,0,3.178320401460995,2.632443234360231,0.5458771671007638,0.0013646929177519097,2021,0.04422736716178217,440
2021-02-05,1999,41,13,0,0,-1.6384998992897037,0.5441869902532243,-2.182686889542928,-0.0054567172238573205,2021,0.16620207365479436,437
2021-02-08,1999,41,12,0,0,-0.12619591954914522,0.5831119463059516,-0.7093078658550969,-0.0017732696646377423,2021,0.005804528039527713,434
2021-02-09,1999,41,14,0,0,0.9583259879166888,0.3520023700857145,0.6063236178309743,0.0015158090445774358,2021,0.030616034732422342,431
2021-02-10,1999,41,10,0,0,0.4993523264863249,0.8295385462910438,-0.33018621980471896,-0.0008254655495117974,2021,0.005530455311403867,432
2021-02-12,1999,41,10,0,0,-0.07590332178559171,0.1764900076585433,-0.252393329444135,-0.0006309833236103375,2021,0.026689875505995237,425
2021-02-15,1999,42,19,0,0,2.7028391862404413,-0.39434147277767745,3.0971806590181186,0.0077429516475452966,2021,0.1823370224193318,424
2021-02-16,1999,42,12,0,0,-2.492296025362579,-1.4307875330147493,-1.06150849234783,-0.002653771230869575,2021,0.04401861507120549,424
2021-02-17,2000,40,10,0,0,-0.6419770212152469,-3.0021368677567555,2.3601598465415083,0.005900399616353771,2021,0.1516500144643673,425
2021-02-18,2000,41,10,0,0,1.545554515482533,3.6274825171219462,-2.0819280016394135,-0.005204820004098534,2021,0.023267639958136223,425
2021-02-19,2000,42,15,0,0,-2.3094167151793017,-1.4082929220375606,-0.9011237931417411,-0.0022528094828543526,2021,0.43503197836305235,425
2021-02-22,2000,42,12,0,0,1.716060937171208,2.24163693798798,-0.525576000816772,-0.00131394000204193,2021,0.1487758167951781,425
2021-02-24,2000,42,11,0,0,-4.2684987572073,-4.48225624235175,0.21375748514445014,0.0005343937128611254,2021,5.8913688529306985,425
2021-02-25,2000,42,9,0,0,3.695482747344446,2.7042866783245114,0.9911960690199346,0.0024779901725498366,2021,1.4412598398598995,424
2021-02-26,2000,42,12,0,0,-0.5077486399463974,-2.344612056187635,1.8368634162412376,0.004592158540603094,2021,0.024900596220053535,425
2021-03-01,2000,41,10,0,0,2.854872537169328,0.7998738476644264,2.0549986895049015,0.005137496723762253,2021,0.16772408794032634,425
2021-03-02,2000,41,11,0,0,-0.8197913470415132,-1.6772036756596933,0.8574123286181801,0.00214353082154545,2021,0.02589858902339334,425
2021-03-03,2000,41,13,0,0,0.8796585800647386,0.5049237668744202,0.3747348131903184,0.0009368370329757961,2021,0.11091886455732262,425
2021-03-04,2000,41,12,0,0,-0.11827914785822502,-0.05076469480299145,-0.06751445305523357,-0.00016878613263808393,2021,0.38625707457991804,425
2021-03-05,2000,38,12,0,0,4.215830176167027,2.351482560029505,1.8643476161375223,0.004660869040343806,2021,0.025137138266716638,425
2021-03-08,2000,38,12,0,0,-0.26389383432533586,0.046574944345094904,-0.31046877867043077,-0.0007761719466760769,2021,0.10762606931524676,425
2021-03-09,2000,38,14,0,0,2.070769801139266,0.6478179751238918,1.4229518260153742,0.0035573795650384356,2021,0.029286239092041467,426
2021-03-10,2000,38,12,0,0,1.7611997233097252,2.005184707034814,-0.24398498372508892,-0.0006099624593127223,2021,0.016283280191739094,426
2021-03-11,2000,37,11,0,0,1.909949559301861,3.686995201660513,-1.7770456423586523,-0.004442614105896631,2021,0.02892636190283174,425
2021-03-12,2000,37,13,0,0,1.9934568180307808,2.0134926302959566,-0.020035812265175812,-5.008953066293953e-05,2021,0.07520352364815082,425
2021-03-15,2000,37,11,0,0,0.3772607716390303,1.5136595444675827,-1.1363987728285523,-0.0028409969320713807,2021,1.5690997607304422,425
2021-03-16,2000,34,12,0,0,1.4518727217500873,1.7816603640340183,-0.329787642283931,-0.0008244691057098275,2021,0.08063698662318786,425
2021-03-17,2000,35,12,0,0,1.5376054284177798,0.9150229564686673,0.6225824719491125,0.0015564561798727813,2021,0.04007120486249966,426
2021-03-18,2000,35,12,0,0,0.08743619267875029,-0.7088087767553439,0.7962449694340942,0.0019906124235852356,2021,0.016774633056765836,427
2021-03-19,2000,33,13,0,0,-4.680734696372596,-1.619690890656165,-3.061043805716431,-0.007652609514291078,2021,6.7889229206572335,427
2021-03-22,2000,30,9,0,0,-5.181801742941965,-4.996322863178533,-0.1854788797634317,-0.0004636971994085792,2021,0.003543861684235618,427
2021-03-23,2000,30,11,0,0,2.6325247791742172,2.880350065193285,-0.24782528601906773,-0.0006195632150476693,2021,0.12724127514974942,426
2021-03-24,2000,29,12,0,0,2.147151303608911,3.0033006319676847,-0.8561493283587738,-0.0021403733208969346,2021,0.02590224999673009,427
2021-03-25,2000,30,14,0,0,1.0634918715760657,-1.5789770460393513,2.642468917615417,0.006606172294038542,2021,0.014591446483934626,427
2021-03-26,2000,29,7,0,0,-0.7460781623161051,-1.9482055322906149,1.2021273699745096,0.003005318424936274,2021,0.000757067498970056,426
2021-03-29,2000,29,11,0,0,-2.273772610518954,-1.9371694162196718,-0.3366031942992824,-0.0008415079857482061,2021,0.028739165901203505,428
2021-03-30,2000,29,12,0,0,-0.36389796677497177,0.032418216779376174,-0.39631618355434794,-0.00099079045888587,2021,0.004861540492333163,428
2021-03-31,2000,29,10,0,0,1.2947322318549037,0.8208878063116501,0.47384442554325357,0.001184611063858134,2021,0.05549453605472498,430
2021-04-01,2000,29,10,0,0,1.7534783828830498,1.3913863525911243,0.3620920302919255,0.0009052300757298137,2021,0.02011578062952304,432
2021-04-02,2000,29,9,0,0,-2.239042889365475,-2.773698098881003,0.5346552095155279,0.0013366380237888199,2021,0.006518843247184021,430
2021-04-05,2000,30,12,0,0,1.902473790866065,2.424106014298554,-0.521632223432489,-0.0013040805585812227,2021,0.017540571659010375,436
2021-04-06,2000,29,11,0,0,-2.276128831307318,-3.905522259447752,1.629393428140434,0.004073483570351085,2021,0.04533108441794741,444
2021-04-07,2000,29,9,0,0,0.5387808801397319,0.47245089280276736,0.06632998733696455,0.00016582496834241137,2021,0.013522861414689365,444
2021-04-08,2000,28,9,0,0,-0.4613486425963482,0.5700620964104943,-1.0314107390068425,-0.0025785268475171062,2021,0.08037683288866662,447
2021-04-09,2000,27,10,0,0,0.006878359157883577,0.6509308492637947,-0.6440524901059111,-0.0016101312252647779,2021,0.07423573541771689,455
2021-04-12,2000,29,12,0,0,-0.743716842026719,-0.6542701731550467,-0.0894466688716723,-0.00022361667217918075,2021,0.5147544198178997,463
2021-04-13,2000,29,12,0,0,0.24448368925259575,0.5327437215099952,-0.2882600322573994,-0.0007206500806434985,2021,0.09629303980458,473
2021-04-14,2000,29,9,0,0,0.2818518443517179,0.7909825627978381,-0.5091307184461202,-0.0012728267961153005,2021,0.18686437988321947,480
2021-04-15,2000,30,12,0,0,-1.2169097764867993,0.5870160973941064,-1.8039258738809059,-0.0045098146847022645,2021,6.24238645700256,488
2021-04-16,2000,29,11,0,0,-2.6770061068776414,-2.4523927185067618,-0.22461338837087963,-0.0005615334709271991,2021,0.0249954888834227,486
2021-04-19,2000,29,11,0,0,-4.6112316456206734,-3.4818891538501124,-1.129342491770561,-0.0028233562294264023,2021,0.19983762305673247,485
2021-04-20,2000,28,11,0,0,2.747452461595963,2.536064880279408,0.21138758131655466,0.0005284689532913866,2021,0.014548994934534187,486
2021-04-21,2000,29,13,0,0,-0.9443053165842653,-0.47684523777257853,-0.4674600788116868,-0.001168650197029217,2021,0.22082274645030756,485
2021-04-22,2000,29,13,0,0,-0.0023924803664196748,2.129234517703329,-2.1316269980697484,-0.005329067495174371,2021,0.042755394162800935,485
2021-04-23,2000,29,11,0,0,0.5553817061572989,-0.9636511801817244,1.5190328863390232,0.003797582215847558,2021,0.5257579322004365,487
2021-04-26,2000,29,9,0,0,-0.7519305012692294,-0.26718122279417816,-0.4847492784750513,-0.0012118731961876282,2021,0.0029529987314560915,485
2021-04-27,2000,29,14,0,0,-0.09040183282580457,-0.23734349651583309,0.14694166369002853,0.00036735415922507135,2021,0.03216218846809871,486
2021-04-28,1999,30,11,0,0,2.407521287719896,2.1489470181632546,0.2585742695566413,0.0006464356738916033,2021,0.2994900856314055,489
2021-04-30,1999,30,10,0,0,0.43813706350360543,1.9371453413940272,-1.4990082778904217,-0.0037475206947260543,2021,0.028239577051509226,495
2021-05-06,1999,30,11,0,0,1.1951626207015291,0.8642528980545982,0.33090972264693097,0.0008272743066173275,2021,0.06192337317984845,498
2021-05-07,1999,31,13,0,0,-3.6571094316708916,-3.7253558589298845,0.06824642725899288,0.0001706160681474822,2021,0.13873682903350748,499
2021-05-10,1999,31,12,0,0,-3.2227034086132034,-4.2704512976532385,1.0477478890400351,0.0026193697226000877,2021,0.12953333994272143,502
2021-05-11,1999,32,16,0,0,-3.962345333342365,-3.468309980597674,-0.494035352744691,-0.0012350883818617276,2021,0.14520199972932618,506
2021-05-12,1999,31,11,0,0,3.8955786760033604,3.6235905362634075,0.27198813973995284,0.0006799703493498821,2021,0.08673532629255185,506
2021-05-13,1999,33,10,0,0,0.15451596314226956,-2.0203523252197866,2.174868288362056,0.00543717072090514,2021,0.0026597923712187235,507
2021-05-14,1999,33,12,0,0,3.1584133875424754,3.525561334468853,-0.3671479469263774,-0.0009178698673159435,2021,0.41778020915189795,508
2021-05-17,1999,33,9,0,0,-0.5343416313572517,-1.1380303486828562,0.6036887173256046,0.0015092217933140115,2021,0.17862877413909367,511
2021-05-18,1999,33,14,0,0,1.099372045240761,-0.06661402836587157,1.1659860736066325,0.0029149651840165813,2021,0.15016394094450367,511
2021-05-19,1999,33,15,0,0,-0.14527915872338254,0.21726857298358507,-0.36254773170696764,-0.0009063693292674191,2021,0.35359779081052145,513
2021-05-20,1999,33,13,0,0,-0.07867316415424598,1.0887663011266595,-1.1674394652809055,-0.0029185986632022636,2021,0.26231981459341713,513
2021-05-21,1999,33,17,0,0,-0.7868321537709025,0.078258265271048,-0.8650904190419505,-0.0021627260476048764,2021,0.007816809551329353,513
2021-05-24,1999,33,11,0,0,0.21645603491026888,-0.11967137187785538,0.33612740678812425,0.0008403185169703106,2021,0.024151237523303185,513
2021-05-25,1999,32,6,0,0,-0.6338035025402528,-0.8547466401514585,0.22094313761120576,0.0005523578440280144,2021,0.008741351245426618,513
2021-05-26,1999,32,13,0,0,3.2890848940174338,3.5499466633902745,-0.2608617693728408,-0.0006521544234321019,2021,0.020775269556812415,513
2021-05-27,1999,32,13,0,0,-1.0018126793516782,-1.463570643233265,0.46175796388158674,0.0011543949097039669,2021,0.558986666380347,512
2021-05-28,1999,33,15,0,0,0.965008187621179,0.8286345540221172,0.13637363359906185,0.00034093408399765463,2021,0.9688922755195193,512
2021-05-31,1999,32,13,0,0,0.48272554108923166,3.346745086552179,-2.8640195454629476,-0.007160048863657369,2021,0.017373467167425844,512
2021-06-01,1999,33,15,0,0,0.9181850362662773,2.0759687517578285,-1.1577837154915511,-0.002894459288728878,2021,0.09644934654960252,512
2021-06-02,1999,32,11,0,0,0.9655732538511718,-0.17320635174190283,1.1387796055930746,0.002846949013982686,2021,0.0027682218466887672,512
2021-06-03,1999,32,12,0,0,0.29740042617213575,-0.6572160949261251,0.9546165210982609,0.002386541302745652,2021,0.027211912153756224,512
2021-06-04,1999,30,9,0,0,2.148920144500502,0.29439951406315884,1.8545206304373434,0.004636301576093359,2021,0.2911843427319423,512
2021-06-07,1999,31,14,0,0,1.452535262192885,-0.6771639599410926,2.1296992221339774,0.005324248055334943,2021,0.033632688247539455,512
2021-06-08,1999,31,12,0,0,0.1070263044509332,-0.31978092513756984,0.42680722958850303,0.0010670180739712576,2021,0.01392519499381929,511
2021-06-09,1999,30,12,0,0,-0.22966615948678268,-1.5733080246520306,1.343641865165248,0.00335910466291312,2021,0.13321908170165647,511
2021-06-10,1999,30,14,0,0,0.45076748029090297,0.6703342296353849,-0.21956674934448195,-0.0005489168733612048,2021,5.43059687207203,511
2021-06-11,1999,30,9,0,0,0.9677232541777944,0.6271399284889497,0.34058332568884464,0.0008514583142221116,2021,0.022775192674647372,511
2021-06-14,1999,30,9,0,0,-0.07282119380512177,1.002140017829899,-1.0749612116350207,-0.0026874030290875515,2021,0.0715008504196794,512
2021-06-15,1999,30,12,0,0,-0.9726747908685219,0.19941947463190368,-1.1720942655004256,-0.002930235663751064,2021,0.012161670779919483,513
2021-06-16,1999,31,13,0,0,-1.63337832009739,-3.8426057834879637,2.2092274633905737,0.005523068658476435,2021,0.017939226646504866,512
2021-06-17,1999,33,13,0,0,-4.039754082803693,-4.236112898404742,0.19635881560104895,0.0004908970390026224,2021,0.09991417625364783,512
2021-06-18,1999,32,13,0,0,5.157171626166488,5.249109502012842,-0.09193787584635338,-0.00022984468961588346,2021,0.15461705805412856,512
2021-06-21,1999,32,9,0,0,-0.07283599581535305,-0.4371582736693363,0.36432227785398325,0.0009108056946349582,2021,0.0557424475911995,512
2021-06-22,1999,33,15,0,0,-1.3961963479114645,0.24912587395753127,-1.6453222218689958,-0.00411330555467249,2021,0.10586104071796396,512
2021-06-23,1999,34,12,0,0,1.5364125034440193,1.324415757327664,0.21199674611635522,0.000529991865290888,2021,0.08195911476689137,512
2021-06-24,1999,34,12,0,0,0.7213757498031432,1.3515345244403196,-0.6301587746371764,-0.001575396936592941,2021,0.2093525830507604,511
2021-06-25,1999,35,13,0,0,-2.1921824524617546,-1.2936255145519697,-0.8985569379097849,-0.0022463923447744623,2021,0.005666770082403251,510
2021-06-28,1999,34,14,0,0,-0.6997671174032689,-0.14185873670238203,-0.5579083807008869,-0.0013947709517522172,2021,0.004391345962912577,507
2021-06-29,1999,34,10,0,0,-1.4800256125595312,-0.697901337252166,-0.7821242753073653,-0.0019553106882684132,2021,0.010686716211690298,506
2021-06-30,1999,34,12,0,0,2.798659219038017,1.6988130584440773,1.0998461605939396,0.002749615401484849,2021,0.05546081638094438,501
2021-07-01,1999,34,14,0,0,0.08030188787020025,-0.4807726658066371,0.5610745536768373,0.0014026863841920933,2021,0.3749882748020632,494
2021-07-02,1999,34,11,0,0,0.8679491972213592,0.10182657263747062,0.7661226245838886,0.0019153065614597215,2021,0.10410997132997485,492
2021-07-05,1999,34,12,0,0,-2.6637082306851623,-1.4316069251665902,-1.232101305518572,-0.0030802532637964303,2021,0.5052062201194605,487
2021-07-06,1999,35,9,0,0,-2.7951945540080345,-2.1507897031179715,-0.644404850890063,-0.0016110121272251577,2021,0.004909682467253059,480
2021-07-07,1999,35,14,0,0,-0.04873929822287551,-0.05645221883538252,0.0077129206125070085,1.928230153126752e-05,2021,0.0011944630989007188,471
2021-07-08,1999,35,12,0,0,4.089688664323885,2.2847794752796275,1.804909189044257,0.0045122729726106425,2021,0.03529186319421965,457
2021-07-09,1999,35,13,0,0,0.20776703247691142,1.9929265542831291,-1.7851595218062177,-0.004462898804515544,2021,0.05799332378153191,445
2021-07-12,1999,35,14,0,0,-0.8654098107216166,0.03590850725378703,-0.9013183179754036,-0.002253295794938509,2021,0.03812249982299477,427
2021-07-13,1999,34,13,0,0,-1.5752684467291378,-2.3409991713336047,0.7657307246044669,0.0019143268115111673,2021,0.043443102106599484,412
2021-07-14,1999,34,13,0,0,0.029170293896645865,-0.2099868041735684,0.23915709807021426,0.0005978927451755357,2021,0.07258786530407879,394
2021-07-15,1999,35,15,0,0,-2.4601809613914143,-3.548710192925245,1.0885292315338306,0.0027213230788345768,2021,0.01974110722902995,372
2021-07-16,1999,33,11,0,0,-1.8311186310021803,-2.098073022418193,0.2669543914160126,0.0006673859785400316,2021,0.7401069288641774,356
2021-07-19,1999,34,8,0,0,0.9667725159100303,1.8445746104955074,-0.8778020945854771,-0.0021945052364636926,2021,0.008358300801362538,356
2021-07-20,1999,36,14,0,0,2.6972704908977065,2.1694378230775153,0.5278326678201912,0.001319581669550478,2021,0.09639463566867626,356
2021-07-21,1999,35,11,0,0,1.3853205022996875,1.8400797343023532,-0.45475923200266566,-0.0011368980800066642,2021,0.2451605418755347,355
2021-07-26,1999,36,14,0,0,-2.5721136155514803,-1.2848432099902787,-1.2872704055612016,-0.0032181760139030043,2021,0.10278557814269737,353
2021-07-27,1999,36,13,0,0,0.8570614756947559,0.3035296523726709,0.553531823322085,0.0013838295583052124,2021,0.308851060479824,352
2021-07-28,1999,36,14,0,0,-2.874639714020327,-2.2276436078811765,-0.6469961061391505,-0.0016174902653478761,2021,0.028903348923339497,350
2021-07-29,1999,37,14,0,0,3.9088080503729365,3.3951386854974417,0.5136693648754949,0.0012841734121887371,2021,0.10735148352334024,347
2021-07-30,1999,37,17,0,0,-1.4750362460360746,-0.5330046276946007,-0.942031618341474,-0.002355079045853685,2021,0.020135017420337093,349
2021-08-02,1999,37,16,0,0,-1.2155977514682794,-1.5343163924344745,0.31871864096619507,0.0007967966024154876,2021,0.03121601970295641,345
2021-08-03,1999,39,19,0,0,0.08466173010794288,-0.17901039296577947,0.26367212307372234,0.0006591803076843059,2021,0.006857636774313232,345
2021-08-04,1999,39,20,0,0,-0.018349994230335846,0.2043393989625691,-0.22268939319290496,-0.0005567234829822624,2021,0.038840305209340106,344
2021-08-05,1999,39,18,0,0,4.281441946571899,0.7790290853765786,3.5024128611953205,0.008756032152988301,2021,0.02633544501808113,342
2021-08-06,1999,39,12,0,0,1.781634998344457,2.3251188012253077,-0.5434838028808506,-0.0013587095072021265,2021,0.01907347983824186,339
2021-08-10,1999,39,14,0,0,0.7327151640212112,-0.219793195580522,0.9525083596017332,0.002381270899004333,2021,1.0958294321599926,338
2021-08-11,1999,40,19,0,0,0.7191123888195924,0.49045869315546836,0.22865369566412402,0.0005716342391603101,2021,0.42464224118851773,335
2021-08-12,1999,40,14,0,0,-3.1481694723397227,-2.4002996839225736,-0.747869788417149,-0.0018696744710428724,2021,0.030109165963967045,333
2021-08-13,1999,40,17,0,0,-1.4908628789533254,-1.8812130778002885,0.3903501988469631,0.0009758754971174077,2021,0.10580395047404144,335
2021-08-16,1999,39,10,0,0,1.5219130659601874,2.5240418146337658,-1.0021287486735784,-0.002505321871683946,2021,0.0049847221594411404,332
2021-08-17,1999,40,15,0,0,-2.6634748428813553,-3.352447022005005,0.6889721791236498,0.0017224304478091245,2021,0.03026333351638092,330
2021-08-18,1999,40,16,0,0,-2.5826654724510156,-2.235015871790875,-0.34764960066014083,-0.000869124001650352,2021,0.06093792960509477,330
2021-08-19,1999,41,11,0,0,3.094934089118476,3.4771101481373825,-0.3821760590189065,-0.0009554401475472663,2021,0.33132731809129823,330
2021-08-20,1999,41,12,0,0,3.0234715553938165,2.5978846756520046,0.42558687974181186,0.0010639671993545297,2021,0.5585417762189793,330
2021-08-23,1999,41,12,0,0,0.6994811424062136,0.26287808134621166,0.43660306106000196,0.0010915076526500048,2021,0.0045190194154708,330
2021-08-24,1999,41,18,0,0,0.47759939752775643,0.5715198259763885,-0.09392042844863208,-0.0002348010711215802,2021,0.2259033332039978,330
2021-08-25,1999,41,20,0,0,-0.4067807331841647,-0.2868844979592688,-0.1198962352248959,-0.00029974058806223975,2021,0.023146792779432292,330
2021-08-26,1999,40,17,0,0,3.0151580929157955,2.7107183902954564,0.30443970262033915,0.0007610992565508478,2021,0.1965256322617045,330
2021-08-27,1999,40,20,0,0,0.219436935661753,1.2475898490588497,-1.0281529133970968,-0.002570382283492742,2021,0.013515569507236437,330
2021-08-30,1999,40,12,0,0,1.9088272338978658,1.39751181167657,0.5113154222212959,0.0012782885555532397,2021,0.3052282669150665,330
2021-08-31,1999,41,17,0,0,-0.00784816113998025,-1.380828225659396,1.3729800645194157,0.0034324501612985393,2021,0.01711880262226803,330
2021-09-01,1999,42,14,0,0,2.4404083818190494,1.7086913456357677,0.7317170361832817,0.0018292925904582042,2021,0.011826814032118318,329
2021-09-02,1999,42,17,0,0,2.3775364723623964,1.4224514059215618,0.9550850664408346,0.0023877126661020864,2021,0.04048841718467566,329
2021-09-03,1999,43,16,0,0,1.652879026642802,1.6229599993908497,0.02991902725195228,7.47975681298807e-05,2021,0.07234437230954419,329
2021-09-06,1999,43,16,0,0,1.8365127797811815,1.5285918988509668,0.30792088093021475,0.0007698022023255368,2021,0.0069032868852185805,328
2021-09-07,1999,45,12,0,0,-0.8924010157816591,-0.9936799107131549,0.10127889493149578,0.00025319723732873943,2021,0.11918453719133208,327
2021-09-08,1999,45,18,0,0,3.175853964312868,2.6652373008531645,0.5106166634597034,0.0012765416586492584,2021,0.012379831480688778,327
2021-09-09,1999,44,16,0,0,0.8940581650405711,1.603458122115233,-0.709399957074662,-0.0017734998926866548,2021,0.13806222730303042,327
2021-09-10,1999,45,10,0,0,2.3029216244112725,2.304633678308966,-0.0017120538976933553,-4.280134744233388e-06,2021,0.030942969226203317,327
2021-09-13,1999,46,12,0,0,-1.9204606548703926,-2.68233120309347,0.7618705482230774,0.0019046763705576936,2021,0.4748802138089418,327
2021-09-14,1999,45,20,0,0,-1.6814868934752256,-0.5819563974716336,-1.099530496003592,-0.0027488262400089804,2021,0.013840487755884345,327
2021-09-15,1999,45,12,0,0,1.084457391674445,1.6629908636103803,-0.5785334719359352,-0.001446333679839838,2021,0.023983506017595135,327
2021-09-16,1999,46,8,0,0,-2.802993367929055,-3.7099733993551527,0.9069800314260976,0.002267450078565244,2021,0.007003470147630778,327
2021-09-17,1999,47,14,0,0,-1.9029564012984308,-2.405940811037824,0.5029844097393934,0.0012574610243484836,2021,0.2256114144925154,327
2021-09-21,1999,45,12,0,0,5.235748236657371,5.221092084416717,0.014656152240654308,3.664038060163577e-05,2021,0.016739426089644825,327
2021-09-22,1999,45,12,0,0,-0.21490809637579444,-0.770610102836613,0.5557020064608186,0.0013892550161520465,2021,0.6257660537410128,327
2021-09-24,1999,46,11,0,0,-0.9866334138518073,-0.8932396750698691,-0.09339373878193813,-0.00023348434695484534,2021,0.039097149284416925,327
2021-09-27,1999,46,19,0,0,-0.5571538978957732,-3.048064128428571,2.4909102305327977,0.006227275576331994,2021,0.44861725746920506,326
2021-09-28,1999,46,21,0,0,-0.7732750451244885,-1.513549637550599,0.7402745924261105,0.0018506864810652762,2021,0.12455609076456853,326
2021-09-29,1999,46,19,0,0,-4.08030924536915,-2.8642267651110314,-1.2160824802581183,-0.0030402062006452957,2021,0.048484961293588646,327
2021-09-30,1998,46,12,0,0,-0.6083184113722223,-2.473746663656156,1.8654282522839338,0.004663570630709835,2021,0.5481190306066771,326
2021-10-01,1998,46,16,0,0,-3.1215557478553233,-2.633352721253414,-0.4882030266019095,-0.0012205075665047737,2021,0.02993890423625628,324
2021-10-04,1998,46,13,0,0,-0.006059591716727042,-0.6546942592852755,0.6486346675685484,0.001621586668921371,2021,0.006695475456088785,324
2021-10-05,1998,45,22,0,0,-0.3248883388403718,-0.050678672450647465,-0.2742096663897244,-0.000685524165974311,2021,0.02752216107425136,324
2021-10-06,1998,45,17,0,0,1.9043285565828671,3.0444939086039313,-1.1401653520210642,-0.0028504133800526603,2021,0.012314055904748773,324
2021-10-07,1998,47,19,0,0,2.6558013844579484,2.9507387505010816,-0.29493736604313314,-0.0007373434151078329,2021,0.3562372391413101,323
2021-10-08,1998,47,17,0,0,-1.802547825109497,-1.100762116466627,-0.70178570864287,-0.0017544642716071752,2021,0.008999293893114836,323
2021-10-11,1998,46,19,0,0,-1.2280491870722796,-0.6624414481042501,-0.5656077389680295,-0.0014140193474200737,2021,0.03831761753858609,322
2021-10-12,1998,48,20,0,0,0.4301970963940229,0.3870035891209023,0.0431935072731206,0.00010798376818280151,2021,0.03618818322820888,323
2021-10-13,1998,47,23,0,0,3.764566797477581,3.3787413157406903,0.3858254817368909,0.0009645637043422272,2021,0.08563657239365624,324
2021-10-14,1998,49,21,0,0,0.3831691731051888,0.6435154180769497,-0.2603462449717609,-0.0006508656124294023,2021,0.054090489325305365,324
2021-10-15,1998,48,11,0,0,0.9071938892118171,1.4046566581767532,-0.49746276896493613,-0.0012436569224123404,2021,0.09095728807476958,327
2021-10-18,1998,48,20,0,0,0.6933730273190138,-1.0784938322076272,1.7718668595266411,0.004429667148816603,2021,0.5506758804386658,329
2021-10-19,1998,48,14,0,0,-2.339013426765976,-3.0633459363368587,0.7243325095708828,0.001810831273927207,2021,0.11276557117878043,329
2021-10-20,1998,48,20,0,0,-0.3983755513511196,-0.09936118376034109,-0.2990143675907785,-0.0007475359189769462,2021,0.010887608743130824,329
2021-10-21,1998,49,23,0,0,-0.39307938664943637,-0.6908917465281516,0.2978123598787152,0.000744530899696788,2021,0.025250668611085342,329
2021-10-22,1998,48,18,0,0,2.3972785844202265,2.1411256397853755,0.25615294463485094,0.0006403823615871273,2021,0.007591784102579778,330
2021-10-25,1998,48,16,0,0,-0.45818402987974666,-0.9452953201692215,0.4871112902894748,0.001217778225723687,2021,3.5531486140511546,332
2021-10-26,1998,48,17,0,0,0.232500737376783,-0.8003510059980182,1.0328517433748012,0.002582129358437003,2021,0.4012244643285365,331
2021-10-27,1998,48,14,0,0,-0.09779025026856641,-0.3637476526252879,0.2659574023567215,0.0006648935058918038,2021,0.007979859721516097,331
2021-10-28,1998,47,13,0,0,2.971122990251961,3.450069473770276,-0.4789464835183148,-0.0011973662087957871,2021,0.364898044181799,332
2021-10-29,1998,47,21,0,0,-0.72642232668862,-1.6195975654955046,0.8931752388068847,0.002232938097017212,2021,0.9783060769126989,331
2021-11-01,1998,46,12,0,0,2.568369486224219,1.7428773100670931,0.8254921761571257,0.002063730440392814,2021,0.04147597018567609,326
2021-11-02,1997,46,11,0,0,-2.5176149694995433,-1.02922083886869,-1.4883941306308532,-0.003720985326577133,2021,0.0556895748612902,325
2021-11-04,1997,46,14,0,0,-0.43061363224395666,-0.47428222229709904,0.043668590053142387,0.00010917147513285597,2021,0.27038381273178647,324
2021-11-05,1997,46,12,0,0,-1.9912185899422459,-1.7401216644097641,-0.25109692553248175,-0.0006277423138312043,2021,2.852878012817966,321
2021-11-08,1996,46,13,0,0,-0.5397371094946544,-0.6266546113764436,0.08691750188178926,0.00021729375470447315,2021,0.07822018809719326,319
2021-11-09,1996,46,11,0,0,0.3138520902840303,-0.30412678894569395,0.6179788792297243,0.0015449471980743107,2021,0.03267279758027202,319
2021-11-10,1996,46,20,0,0,1.8331083164525055,3.176060103069561,-1.3429517866170555,-0.003357379466542639,2021,0.006603534119645118,317
2021-11-11,1996,46,16,0,0,0.4738675675457353,1.1425331248615709,-0.6686655573158355,-0.0016716638932895889,2021,0.008095848631457955,315
2021-11-12,1996,46,11,0,0,-0.23704195974816308,0.2456968378116108,-0.4827387975597739,-0.0012068469938994347,2021,0.04059028584146746,309
2021-11-15,1996,46,15,0,0,-1.910571299196885,-0.7356394813037618,-1.1749318178931234,-0.0029373295447328086,2021,0.14507593571100696,302
2021-11-16,1996,45,15,0,0,-0.8689694202578999,-0.4819550482495423,-0.38701437200835764,-0.0009675359300208941,2021,0.1379719607182664,303
2021-11-17,1997,45,17,0,0,-0.5346660160929115,1.1408760702817697,-1.6755420863746813,-0.004188855215936703,2021,0.039922902965458834,303
2021-11-18,1997,45,14,0,0,-0.6183209737139903,0.4398298859834929,-1.0581508596974831,-0.0026453771492437076,2021,0.029000977374057563,303
2021-11-19,1997,45,17,0,0,-2.449483202831297,-1.6230398182153785,-0.8264433846159185,-0.002066108461539796,2021,0.005976981015522454,303
2021-11-22,1997,45,18,0,0,-0.042784485608943684,0.14082873644302873,-0.18361322205197242,-0.000459033055129931,2021,0.0465731321635111,303
2021-11-24,1997,47,14,0,0,-3.5030601153497885,-3.888266949375913,0.38520683402612477,0.0009630170850653119,2021,3.2444393044009767,303
2021-11-25,1997,48,18,0,0,-5.110917966449104,-3.4179062988662667,-1.6930116675828368,-0.004232529168957092,2021,71.53534214477831,303
2021-11-26,1997,47,10,0,0,-1.3918310960526856,-1.5557086157263473,0.1638775196736617,0.0004096937991841543,2021,0.2282551116743245,303
2021-11-29,1997,46,14,0,0,0.43210270512714827,1.4874125156372113,-1.0553098105100631,-0.002638274526275158,2021,0.9477919182796083,303
2021-11-30,1996,46,9,0,0,-0.9343856367205753,-2.7495159743014184,1.8151303375808432,0.004537825843952108,2021,0.007367777649003996,303
2021-12-01,1996,46,10,0,0,5.428792479422337,4.0475826010960665,1.3812098783262705,0.003453024695815676,2021,0.14533579724942755,304
