Date,StocksRanked,FallbackStocks,SelectedFallbackStocks,SelectedMissingTargets,AllMissingTargets,LongWeightedScore,ShortWeightedScore,OfficialDailySpread,IllustrativeGrossOneReturn,ValidationYear
2017-12-29,1896,42,11,0,0,1.5659575292962717,0.7024442689746154,0.8635132603216563,0.002158783150804141,2018
2018-01-04,1896,41,13,0,0,1.3261444927434147,1.4765175265089745,-0.15037303376555977,-0.0003759325844138994,2018
2018-01-05,1896,41,13,0,0,-0.06294916929587442,0.20360358961192462,-0.26655275890779906,-0.0006663818972694976,2018
2018-01-09,1896,39,12,0,0,-0.35962378105736376,0.3631463706450408,-0.7227701517024046,-0.0018069253792560114,2018
2018-01-10,1896,39,8,0,0,0.04468395045323199,-0.6050445335150526,0.6497284839682846,0.0016243212099207116,2018
2018-01-11,1896,39,8,0,0,1.0235917384813644,1.1180495564230035,-0.0944578179416391,-0.00023614454485409775,2018
2018-01-12,1896,39,17,0,0,-0.18002775739170454,0.7208850821880276,-0.9009128395797321,-0.0022522820989493305,2018
2018-01-15,1896,39,7,0,0,-1.1124980166835399,-0.39898569814292745,-0.7135123185406125,-0.0017837807963515312,2018
2018-01-16,1896,39,12,0,0,-1.2572380704164445,-1.1082239621077727,-0.1490141083086718,-0.00037253527077167945,2018
2018-01-17,1896,39,13,0,0,1.1410331971932783,1.455411407420561,-0.31437821022728274,-0.0007859455255682068,2018
2018-01-18,1896,40,26,0,0,1.9090874398252373,0.40043620826413084,1.5086512315611065,0.0037716280789027662,2018
2018-01-19,1896,40,14,0,0,2.160337604957322,1.809122780064319,0.35121482489300315,0.0008780370622325079,2018
2018-01-22,1896,39,9,0,0,0.5424791458321877,-0.01684055340507684,0.5593196992372645,0.0013982992480931614,2018
2018-01-23,1896,39,8,0,0,-1.0172665911157368,-1.1858704074723354,0.1686038163565986,0.0004215095408914965,2018
2018-01-24,1896,39,12,0,0,0.44027359727519794,0.5385908721094373,-0.09831727483423941,-0.00024579318708559854,2018
2018-01-25,1896,38,15,0,0,0.43645742315206276,0.8756545676534712,-0.4391971445014084,-0.001097992861253521,2018
2018-01-26,1896,38,11,0,0,-2.608694179892701,-2.306098326227603,-0.3025958536650979,-0.0007564896341627447,2018
2018-01-29,1896,38,9,0,0,-0.9755062804028514,-1.3851357151328199,0.4096294347299685,0.0010240735868249212,2018
2018-01-30,1896,38,23,0,0,2.455521677861411,3.598663119355077,-1.143141441493666,-0.002857853603734165,2018
2018-01-31,1896,37,19,0,0,-0.7091262633315193,-0.11401491864643432,-0.595111344685085,-0.0014877783617127124,2018
2018-02-01,1896,36,11,0,0,-5.5478460079008585,-4.339710903834431,-1.2081351040664279,-0.0030203377601660695,2018
2018-02-02,1896,37,20,0,0,-11.691685425054537,-12.04518043723808,0.3534950121835436,0.000883737530458859,2018
2018-02-05,1896,36,22,0,0,1.2058296962077568,0.7358567908863102,0.46997290532144664,0.0011749322633036166,2018
2018-02-06,1896,36,19,0,0,1.7980025763527063,4.041204296770313,-2.2432017204176065,-0.005608004301044016,2018
2018-02-07,1896,35,19,0,0,-2.775703161958566,-3.9250166530729085,1.1493134911143423,0.002873283727785856,2018
2018-02-08,1896,34,12,0,0,-2.542694533287091,-1.1713010566374986,-1.3713934766495923,-0.0034284836916239807,2018
2018-02-09,1896,34,8,0,0,-2.9067763882065734,-3.179231233557557,0.27245484535098363,0.0006811371133774591,2018
2018-02-13,1896,33,9,0,0,1.9087754900278646,3.7424575879407462,-1.8336820979128816,-0.004584205244782204,2018
2018-02-14,1896,33,12,0,0,2.7928703123544936,3.0612101595308587,-0.26833984717636516,-0.0006708496179409129,2018
2018-02-15,1896,34,9,0,0,6.585540608185728,5.419848341847186,1.1656922663385423,0.0029142306658463558,2018
2018-02-16,1896,34,6,0,0,0.2728274647027759,0.28806754222157127,-0.015240077518795359,-3.81001937969884e-05,2018
2018-02-19,1896,34,13,0,0,0.5266419986465379,0.7617205279836391,-0.23507852933710116,-0.0005876963233427529,2018
2018-02-20,1896,34,9,0,0,-0.9019910542333159,-1.196146577902762,0.2941555236694461,0.0007353888091736152,2018
2018-02-21,1896,33,8,0,0,2.118514449963669,1.2742748502197838,0.8442395997438854,0.0021105989993597135,2018
2018-02-22,1896,34,6,0,0,1.3644732766007033,1.0265625523291828,0.33791072427152047,0.0008447768106788012,2018
2018-02-23,1896,33,13,0,0,0.537437561331742,-0.3183912463993707,0.8558288077311127,0.0021395720193277817,2018
2018-02-26,1896,32,11,0,0,-1.289105415163368,0.5780544399213449,-1.8671598550847128,-0.004667899637711782,2018
2018-02-27,1896,30,8,0,0,-3.4031625377296044,-2.079707185565747,-1.3234553521638572,-0.003308638380409643,2018
2018-02-28,1896,32,5,0,0,-2.2682162667029324,-3.1101486099852065,0.8419323432822741,0.002104830858205685,2018
2018-03-01,1896,35,7,0,0,-3.235123713528084,-3.894410537353467,0.6592868238253833,0.0016482170595634581,2018
2018-03-02,1896,36,7,0,0,3.806215551477669,4.1285608936564095,-0.32234534217874034,-0.0008058633554468509,2018
2018-03-05,1896,35,8,0,0,-0.16996033862643303,-1.4447019892957467,1.2747416506693137,0.003186854126673284,2018
2018-03-06,1896,34,11,0,0,2.1768549950782377,0.3082024470485149,1.8686525480297227,0.004671631370074307,2018
2018-03-07,1896,35,4,0,0,0.44364264041984053,0.1710802640063939,0.2725623764134466,0.0006814059410336165,2018
2018-03-08,1896,35,8,0,0,2.6171507522418866,2.1137157180949315,0.5034350341469551,0.0012585875853673878,2018
2018-03-09,1896,36,4,0,0,2.368581672332683,2.186169038857715,0.18241263347496828,0.0004560315836874207,2018
2018-03-12,1896,35,9,0,0,-0.46252780512433417,0.7033783493358331,-1.1659061544601672,-0.002914765386150418,2018
2018-03-13,1896,34,7,0,0,-0.5326913293146233,-0.09647897985458413,-0.4362123494600391,-0.0010905308736500977,2018
2018-03-14,1896,34,5,0,0,-0.8066166011535004,-0.9602726968536158,0.1536560957001154,0.0003841402392502885,2018
2018-03-15,1896,32,9,0,0,-2.7924070523985445,-2.848925339343763,0.05651828694521832,0.0001412957173630458,2018
2018-03-16,1897,31,7,0,0,-0.030662881720946927,-0.45051471497487167,0.4198518332539247,0.0010496295831348118,2018
2018-03-19,1897,31,4,0,0,0.9970179456482425,1.1704477071425545,-0.173429761494312,-0.00043357440373578,2018
2018-03-20,1897,29,11,0,0,-7.306290058473675,-6.311543927967378,-0.9947461305062975,-0.0024868653262657436,2018
2018-03-22,1898,28,10,0,0,-0.1649393623837287,0.3108730633351795,-0.4758124257189082,-0.0011895310642972704,2018
2018-03-23,1900,30,16,0,0,3.2397322972999483,5.221255184812431,-1.981522887512483,-0.004953807218781208,2018
2018-03-26,1900,28,4,0,0,-0.44735780619225746,-1.933514728209757,1.4861569220174995,0.0037153923050437486,2018
2018-03-27,1901,29,5,0,0,1.1557564830679057,0.9341782665185612,0.2215782165493445,0.0005539455413733613,2018
2018-03-28,1901,31,8,0,0,2.1268224499982757,1.945950608572139,0.18087184142613677,0.00045217960356534195,2018
2018-03-29,1901,33,4,0,0,-0.27769797012786995,-0.33831121884475895,0.060613248716889,0.0001515331217922225,2018
2018-03-30,1901,32,6,0,0,-0.34621707138057284,0.5510025522023682,-0.897219623582941,-0.0022430490589573525,2018
2018-04-02,1902,33,6,0,0,1.5430202871910856,0.6287971524780714,0.9142231347130142,0.0022855578367825353,2018
2018-04-03,1902,34,6,0,0,0.9977839026901599,0.47311351786417616,0.5246703848259837,0.0013116759620649594,2018
2018-04-04,1902,34,9,0,0,0.015251264599723998,-0.18269312407552288,0.19794438867524689,0.0004948609716881172,2018
2018-04-05,1902,34,4,0,0,0.5577298116308785,0.4676714363946292,0.09005837523624932,0.0002251459380906233,2018
2018-04-06,1902,34,3,0,0,0.5002177689400501,0.3597897699260546,0.1404279990139955,0.0003510699975349887,2018
2018-04-09,1902,36,10,0,0,-1.6718017648209116,-0.9937763130715842,-0.6780254517493274,-0.0016950636293733183,2018
2018-04-10,1902,37,5,0,0,-1.2174013584338088,-0.48487842503739653,-0.7325229333964123,-0.0018313073334910307,2018
2018-04-11,1902,38,4,0,0,3.045617188014712,-0.6021838209270297,3.6478010089417414,0.009119502522354354,2018
2018-04-12,1902,40,7,0,0,0.2705096953160389,-0.2936379086041459,0.5641476039201848,0.001410369009800462,2018
2018-04-13,1902,40,4,0,0,-1.6878235261196155,-1.3968084635599733,-0.29101506255964216,-0.0007275376563991054,2018
2018-04-16,1902,40,12,0,0,2.2506278665398622,2.9563077792511336,-0.7056799127112714,-0.0017641997817781786,2018
2018-04-17,1902,40,11,0,0,0.7758348510669538,-0.04702107006708881,0.8228559211340426,0.0020571398028351065,2018
2018-04-18,1902,41,9,0,0,0.29774952918772507,0.5978127316365941,-0.300063202448869,-0.0007501580061221725,2018
2018-04-19,1902,42,5,0,0,0.12508650465600715,0.2715452628347735,-0.14645875817876633,-0.0003661468954469158,2018
2018-04-20,1903,43,11,0,1,2.000888206234571,1.2627222283702375,0.7381659778643335,0.0018454149446608336,2018
2018-04-23,1903,43,10,0,0,-0.4214944817395853,-0.026669795957987037,-0.3948246857815983,-0.0009870617144539958,2018
2018-04-24,1903,45,6,0,0,0.27836518470946814,-0.015652705569087932,0.29401789027855607,0.0007350447256963902,2018
2018-04-25,1903,45,8,0,0,-0.7032934618172243,-0.2921818345269705,-0.4111116272902538,-0.0010277790682256345,2018
2018-04-26,1903,44,6,0,0,-1.1728948779252966,-0.8612142241652684,-0.3116806537600282,-0.0007792016344000704,2018
2018-04-27,1903,45,9,0,0,0.8303493000200302,0.5690677985583793,0.26128150146165086,0.0006532037536541272,2018
2018-05-01,1903,46,6,0,0,0.6963141801126342,0.5716784511660065,0.12463572894662778,0.00031158932236656945,2018
2018-05-02,1903,48,9,0,0,1.767961360471168,1.0337812832664641,0.7341800772047038,0.0018354501930117595,2018
2018-05-07,1903,47,7,0,0,0.09861935055199994,-0.9155462643566213,1.0141656149086213,0.002535414037271553,2018
2018-05-08,1903,47,8,0,0,0.06907859782104682,-0.8022008723342992,0.871279470155346,0.002178198675388365,2018
2018-05-09,1903,48,8,0,0,1.7571465047189319,2.1667713116095144,-0.40962480689058256,-0.0010240620172264564,2018
2018-05-10,1903,48,9,0,0,1.1815900997677302,0.770122848483115,0.41146725128461525,0.0010286681282115381,2018
2018-05-11,1903,47,7,0,0,-0.012118617712061575,1.0306951646502807,-1.0428137823623422,-0.0026070344559058554,2018
2018-05-14,1903,47,6,0,0,-0.5785906715822149,-0.7536211709416699,0.17503049935945503,0.00043757624839863756,2018
2018-05-15,1903,47,13,0,0,1.5468862173442082,1.0356868692712082,0.5111993480729999,0.0012779983701825,2018
2018-05-16,1903,47,11,0,0,1.1290981191159088,0.8665346885219173,0.26256343059399156,0.0006564085764849789,2018
2018-05-17,1903,48,12,0,0,2.4431397649920323,0.19651594832370245,2.24662381666833,0.005616559541670825,2018
2018-05-18,1903,49,7,0,0,-0.17662201484232817,-0.5181072398701644,0.3414852250278362,0.0008537130625695904,2018
2018-05-21,1903,50,13,0,0,-0.7472581935592656,-0.05825879568683289,-0.6889993978724327,-0.0017224984946810817,2018
2018-05-22,1903,51,14,0,0,-1.752496359474477,-1.845211265391436,0.09271490591695919,0.00023178726479239798,2018
2018-05-23,1903,50,10,0,0,-1.2019387984543854,-1.150327554412149,-0.05161124404223649,-0.00012902811010559123,2018
2018-05-24,1903,50,16,0,0,-0.4215306145896691,-0.09274678538650734,-0.3287838292031618,-0.0008219595730079045,2018
2018-05-25,1903,50,19,0,0,-1.588867810472592,-2.5503989798701534,0.9615311693975614,0.0024038279234939036,2018
2018-05-28,1903,50,14,0,0,-2.611448306011434,-2.2980430948973534,-0.3134052111140808,-0.0007835130277852021,2018
2018-05-29,1903,50,13,0,0,1.1837874269855566,1.1673112674524757,0.016476159533080903,4.119039883270226e-05,2018
2018-05-30,1903,50,20,0,0,0.5569422470712547,0.30462706759726194,0.2523151794739928,0.000630787948684982,2018
2018-05-31,1904,51,16,0,0,1.22944667429145,3.0613488436763876,-1.8319021693849376,-0.004579755423462344,2018
2018-06-01,1904,51,19,0,0,-0.7888520988663869,-0.4008484798997807,-0.3880036189666062,-0.0009700090474165155,2018
2018-06-04,1904,51,13,0,0,-0.9719011842576757,-0.6301401140419213,-0.3417610702157544,-0.000854402675539386,2018
2018-06-05,1904,52,14,0,0,1.8143975857464614,2.709710473071484,-0.8953128873250227,-0.0022382822183125567,2018
2018-06-06,1904,52,11,0,0,-0.4853766245307696,0.7919720646692968,-1.2773486892000663,-0.0031933717230001658,2018
2018-06-07,1904,51,14,0,0,-0.08291001240805797,0.8358980713191362,-0.9188080837271941,-0.002297020209317985,2018
2018-06-08,1904,51,12,0,0,1.3293996569213522,0.18525066494570866,1.1441489919756436,0.0028603724799391088,2018
2018-06-11,1904,51,11,0,0,0.8944374780102984,0.5289556490858126,0.3654818289244858,0.0009137045723112145,2018
2018-06-12,1904,52,8,0,0,-1.1883926659131538,-1.0800022637768627,-0.10839040213629114,-0.00027097600534072784,2018
2018-06-13,1904,53,10,0,0,-0.8187251765297227,-0.2894893545052423,-0.5292358220244804,-0.001323089555061201,2018
2018-06-14,1904,53,13,0,0,-1.5733962034526625,-1.9104822451262669,0.33708604167360434,0.0008427151041840109,2018
2018-06-15,1904,53,11,0,0,-3.8830223602880274,-2.9742749302053206,-0.9087474300827068,-0.002271868575206767,2018
2018-06-18,1904,51,16,0,0,0.7614656157515309,1.0384931390553913,-0.2770275233038604,-0.0006925688082596509,2018
2018-06-19,1905,51,20,0,0,-0.4797903423694838,0.7293059188576411,-1.209096261227125,-0.0030227406530678124,2018
2018-06-20,1905,50,7,0,0,-0.38943320767165684,0.0804378650061333,-0.46987107267779016,-0.0011746776816944754,2018
2018-06-21,1906,51,9,0,0,-4.620188734110134,-2.984381704493566,-1.635807029616568,-0.00408951757404142,2018
2018-06-22,1907,51,7,0,0,-0.03392032649445106,0.6803394517246434,-0.7142597782190945,-0.0017856494455477361,2018
2018-06-25,1907,51,19,0,0,0.5900785527193153,1.1686082415252192,-0.5785296888059039,-0.0014463242220147598,2018
2018-06-26,1908,51,12,0,0,-0.6820838754602082,-0.9167169289921496,0.23463305353194142,0.0005865826338298535,2018
2018-06-27,1909,50,11,0,0,1.012687076312364,0.8849068148047886,0.1277802615075755,0.0003194506537689387,2018
2018-06-28,1909,50,12,0,0,-3.5602822106311387,-4.578397497241703,1.018115286610564,0.0025452882165264102,2018
2018-06-29,1910,51,12,0,0,-1.9366548352583124,-0.8619269121742472,-1.0747279230840652,-0.002686819807710163,2018
2018-07-02,1910,52,20,0,0,-1.5423609328934191,0.7801354719622514,-2.3224964048556704,-0.005806241012139176,2018
2018-07-03,1910,52,14,0,0,-3.0530072593636497,-4.454401468768121,1.4013942094044713,0.003503485523511178,2018
2018-07-04,1910,52,9,0,0,2.1019006488864864,4.882656134447096,-2.7807554855606096,-0.006951888713901524,2018
2018-07-05,1910,51,15,0,0,2.081737542015493,3.387308757433137,-1.3055712154176442,-0.0032639280385441103,2018
2018-07-06,1910,52,6,0,0,-0.15888651779895116,-0.6204371727546711,0.46155065495572,0.0011538766373893,2018
2018-07-09,1910,51,7,0,0,-1.96810257464656,-1.5577236242869243,-0.41037895035963556,-0.001025947375899089,2018
2018-07-10,1911,51,8,0,0,0.38418778453121855,1.310086743289176,-0.9258989587579576,-0.002314747396894894,2018
2018-07-11,1911,53,12,0,0,1.898687992267987,2.063331575454258,-0.16464358318627093,-0.0004116089579656773,2018
2018-07-12,1911,54,10,0,0,0.6291970898840398,1.4317412878033526,-0.8025441979193129,-0.002006360494798282,2018
2018-07-13,1911,55,14,0,0,0.9977752482015964,1.3437477730444831,-0.34597252484288676,-0.0008649313121072169,2018
2018-07-17,1911,54,13,0,0,-0.17219517258595687,0.429719530539975,-0.6019147031259319,-0.0015047867578148297,2018
2018-07-18,1911,54,11,0,0,-0.9028076863567797,-0.9471246320656922,0.044316945708912536,0.00011079236427228134,2018
2018-07-19,1911,55,10,0,0,-0.2960851979956453,-0.6137820281802017,0.31769683018455636,0.0007942420754613908,2018
2018-07-20,1911,54,6,0,0,1.1792804747689198,1.7750612412585955,-0.5957807664896757,-0.0014894519162241893,2018
2018-07-23,1912,55,9,0,0,1.1672086007616016,1.0256054829001346,0.14160311786146695,0.0003540077946536674,2018
2018-07-24,1912,57,13,0,0,1.8919171503564183,1.1356748835382404,0.7562422668181779,0.0018906056670454446,2018
2018-07-25,1913,58,13,0,0,1.2112649931654003,0.24327048084539774,0.9679945123200026,0.0024199862808000063,2018
2018-07-26,1913,58,11,0,0,0.8499559516683295,-1.3594561097401687,2.209412061408498,0.005523530153521246,2018
2018-07-27,1913,57,6,0,0,-1.3538847964441487,-2.0391786130007805,0.6852938165566318,0.0017132345413915795,2018
2018-07-30,1913,57,5,0,0,2.0088950052660586,0.5058694453484277,1.503025559917631,0.0037575638997940776,2018
2018-07-31,1913,57,6,0,0,-0.779994368283298,-1.5715701247033043,0.7915757564200062,0.0019789393910500156,2018
2018-08-01,1913,58,6,0,0,-1.7425094422224905,-1.8533021243784094,0.11079268215591886,0.0002769817053897972,2018
2018-08-02,1913,56,5,0,0,-1.1480976584281646,-1.294108556585717,0.14601089815755253,0.0003650272453938813,2018
2018-08-03,1913,56,9,0,0,0.9614812570659567,1.0247695763461635,-0.06328831928020684,-0.0001582207982005171,2018
2018-08-06,1913,57,3,0,0,-0.10718307561800727,1.309694553013976,-1.4168776286319833,-0.0035421940715799584,2018
2018-08-07,1913,58,9,0,0,-0.615059191433262,-0.04390925865135833,-0.5711499327819037,-0.0014278748319547594,2018
2018-08-08,1913,57,4,0,0,-2.6949897758918175,-1.6227099510789251,-1.0722798248128924,-0.002680699562032231,2018
2018-08-09,1913,58,10,0,0,-4.116288651194741,-4.765399897919717,0.649111246724976,0.00162277811681244,2018
2018-08-10,1913,58,11,0,0,2.7184613548645937,3.4398670431678506,-0.7214056883032569,-0.0018035142207581422,2018
2018-08-13,1913,58,28,0,0,-1.568725184781038,-2.309531206981976,0.7408060222009378,0.0018520150555023445,2018
2018-08-14,1913,60,13,0,0,-2.9796057609918414,-2.563359224796137,-0.4162465361957044,-0.001040616340489261,2018
2018-08-15,1913,61,17,0,0,0.6978714821216113,1.532182444008625,-0.8343109618870136,-0.002085777404717534,2018
2018-08-16,1913,62,24,0,0,-1.2821690781383603,-2.1527088485651515,0.8705397704267912,0.002176349426066978,2018
2018-08-17,1913,63,17,0,0,-1.4940222703596138,-0.28187417962904227,-1.2121480907305715,-0.003030370226826429,2018
2018-08-20,1913,64,13,0,0,1.9863713875088154,3.0734244331783067,-1.0870530456694913,-0.0027176326141737286,2018
2018-08-21,1913,64,21,0,0,1.4570994817403442,2.4601249445645785,-1.0030254628242343,-0.0025075636570605856,2018
2018-08-22,1913,65,17,0,0,1.8263029226192298,2.6857007332484994,-0.8593978106292697,-0.0021484945265731743,2018
2018-08-23,1913,64,14,0,0,2.7064780438613845,3.342084839179259,-0.6356067953178743,-0.0015890169882946858,2018
2018-08-24,1913,64,19,0,0,-0.2930870953851897,0.42999208105902875,-0.7230791764442184,-0.0018076979411105459,2018
2018-08-27,1913,64,20,0,0,2.196023815375504,0.07916224735714077,2.116861568018363,0.0052921539200459075,2018
2018-08-28,1913,64,15,0,0,0.6654793490510347,1.145723487477631,-0.4802441384265963,-0.0012006103460664907,2018
2018-08-29,1913,63,17,0,0,-0.44025022064811486,-0.05771835090956209,-0.3825318697385528,-0.000956329674346382,2018
2018-08-30,1913,63,9,0,0,-2.028705160979927,-1.7187039710793666,-0.3100011899005606,-0.0007750029747514015,2018
2018-08-31,1913,65,7,0,0,0.7270100957795073,0.02335841874834092,0.7036516770311664,0.001759129192577916,2018
2018-09-03,1913,64,12,0,0,-1.1386934222945728,-1.8216684223421957,0.6829750000476229,0.0017074375001190573,2018
2018-09-04,1913,64,9,0,0,-2.5155728895820237,-1.8032284426009388,-0.7123444469810849,-0.0017808611174527122,2018
2018-09-05,1913,65,6,0,0,-1.220819837942669,-0.9269600263427682,-0.2938598115999007,-0.0007346495289997518,2018
2018-09-06,1913,63,11,0,0,0.739788209596667,0.3209059274578135,0.41888228213885353,0.0010472057053471338,2018
2018-09-07,1913,63,13,0,0,0.5155329416912826,0.3522199443872081,0.1633129973040745,0.00040828249326018627,2018
2018-09-10,1913,64,12,0,0,-2.1070684030777924,-1.5075050428274384,-0.5995633602503541,-0.001498908400625885,2018
2018-09-11,1913,61,7,0,0,1.3047313735099808,1.1430940096391795,0.1616373638708013,0.00040409340967700327,2018
2018-09-12,1913,62,9,0,0,1.7236725607527859,2.875649199590333,-1.151976638837547,-0.0028799415970938674,2018
2018-09-13,1913,63,14,0,0,2.483690341985402,3.4551493726193017,-0.9714590306338997,-0.0024286475765847495,2018
2018-09-14,1913,61,9,0,0,2.7925380660266392,2.6808043836282263,0.11173368239841297,0.0002793342059960324,2018
2018-09-18,1913,59,10,0,0,-0.27320293262914536,0.6280961705220954,-0.9012991031512407,-0.0022532477578781017,2018
2018-09-19,1913,58,9,0,0,3.315168020302012,1.4449190796937381,1.8702489406082738,0.004675622351520685,2018
2018-09-20,1913,57,10,0,0,3.4809085012107452,3.178912017354168,0.3019964838565774,0.0007549912096414435,2018
2018-09-21,1914,58,7,0,0,1.5325169841681563,0.4077449663222315,1.1247720178459248,0.002811930044614812,2018
2018-09-25,1915,59,14,0,0,-2.9947964375438985,-2.791931185964705,-0.20286525157919355,-0.0005071631289479838,2018
2018-09-26,1915,58,8,0,0,1.5464417129822863,0.4349546182901234,1.111487094692163,0.002778717736730407,2018
2018-09-27,1916,59,15,0,0,0.4895678545087316,0.43985915109271884,0.049708703416012745,0.00012427175854003186,2018
2018-09-28,1917,60,19,0,0,-1.3451437783059716,-0.31299687248852964,-1.032146905817442,-0.002580367264543605,2018
2018-10-01,1920,63,15,0,0,-1.9652549980140055,-2.058188147110311,0.09293314909630546,0.00023233287274076363,2018
2018-10-02,1920,63,13,0,0,0.3510843697749741,0.08896764523157026,0.26211672454340385,0.0006552918113585096,2018
2018-10-03,1920,63,13,0,0,-1.9361061310694356,-2.506948864025565,0.5708427329561292,0.001427106832390323,2018
2018-10-04,1920,62,10,0,0,-4.657067583173407,-4.01364858353857,-0.6434189996348367,-0.0016085474990870919,2018
2018-10-05,1920,65,18,0,0,1.257741049033512,1.0868848135095197,0.1708562355239922,0.0004271405888099805,2018
2018-10-09,1920,65,32,0,0,-5.997184396685932,-7.7921730455508085,1.7949886488648765,0.004487471622162191,2018
2018-10-10,1920,64,14,0,0,1.7942985881515028,2.1472271464995107,-0.35292855834800796,-0.0008823213958700199,2018
2018-10-11,1920,63,30,0,0,-1.6960161739087711,-2.861591252283656,1.1655750783748848,0.002913937695937212,2018
2018-10-12,1920,63,15,0,0,-0.08895277817353846,0.2679702202402023,-0.35692299841374076,-0.0008923074960343519,2018
2018-10-15,1920,63,26,0,0,3.4247718820106647,4.355930434265765,-0.9311585522551007,-0.0023278963806377517,2018
2018-10-16,1920,64,8,0,0,-2.0518961066090964,-0.6053631435331897,-1.4465329630759067,-0.003616332407689767,2018
2018-10-17,1920,63,18,0,0,-1.2175468981840867,-0.6713765651344724,-0.5461703330496143,-0.0013654258326240357,2018
2018-10-18,1920,63,17,0,0,0.8555933184870628,0.6220374828523462,0.2335558356347166,0.0005838895890867915,2018
2018-10-19,1921,64,10,0,0,-4.593500487112814,-4.3694513317604295,-0.22404915535238423,-0.0005601228883809606,2018
2018-10-22,1921,63,13,0,0,0.12842442251035546,0.4217044824694742,-0.2932800599591187,-0.0007332001498977968,2018
2018-10-23,1921,62,18,0,0,-6.822701884610531,-7.55223077418466,0.7295288895741292,0.001823822223935323,2018
2018-10-24,1921,63,10,0,0,-1.9669201234737328,-3.3094587438017946,1.3425386203280618,0.0033563465508201547,2018
2018-10-25,1921,62,23,0,0,-1.026165494175009,-5.350705348139641,4.324539853964632,0.01081134963491158,2018
2018-10-26,1921,62,14,0,0,4.096389729392395,6.457379956211212,-2.360990226818817,-0.005902475567047043,2018
2018-10-29,1921,62,7,0,0,3.072498354490841,8.070580495217277,-4.998082140726435,-0.012495205351816087,2018
2018-10-30,1921,63,7,0,0,-1.7277366802604242,0.5213886363010634,-2.2491253165614875,-0.005622813291403719,2018
2018-10-31,1921,62,6,0,0,4.994327696687602,1.9641760556649295,3.0301516410226723,0.007575379102556681,2018
2018-11-01,1921,62,6,0,0,-1.1512766645144,-0.8231838948210051,-0.32809276969339485,-0.0008202319242334871,2018
2018-11-02,1921,61,9,0,0,0.6236836722916208,0.9810259427327944,-0.3573422704411736,-0.000893355676102934,2018
2018-11-05,1921,61,8,0,0,0.2736687626261867,-0.18848114839988847,0.46214991102607517,0.0011553747775651878,2018
2018-11-06,1921,60,15,0,0,3.3666506582601485,3.4265730072085634,-0.05992234894841486,-0.00014980587237103715,2018
2018-11-07,1921,60,9,0,0,-0.8628527977727384,0.07580813529693813,-0.9386609330696765,-0.002346652332674191,2018
2018-11-08,1921,60,7,0,0,-0.9968092400531617,-1.9588253729113818,0.9620161328582201,0.00240504033214555,2018
2018-11-09,1921,62,8,0,0,-4.244036415246309,-3.1116469125795736,-1.1323895026667352,-0.002830973756666838,2018
2018-11-12,1921,61,13,0,0,-0.41963206351984755,-1.3896988731199285,0.9700668096000808,0.002425167024000202,2018
2018-11-13,1921,58,8,0,0,0.8479417400320125,0.1820184336619072,0.6659233063701053,0.0016648082659252634,2018
2018-11-14,1921,59,9,0,0,-2.123259623395128,-2.7770398039965216,0.6537801806013936,0.001634450451503484,2018
2018-11-15,1921,58,17,0,0,2.4754063607549095,2.2868491756158105,0.18855718513909903,0.00047139296284774755,2018
2018-11-16,1921,58,11,0,0,-0.5560508352905367,-2.723725191772457,2.1676743564819203,0.005419185891204801,2018
2018-11-19,1921,58,21,0,0,-0.29890731159449463,-1.1438738449010728,0.8449665333065781,0.0021124163332664455,2018
2018-11-20,1921,59,13,0,0,1.2387620374648762,1.5244176567531256,-0.28565561928824934,-0.0007141390482206234,2018
2018-11-21,1921,59,18,0,0,1.0457695620667578,0.7866304562833758,0.25913910578338195,0.0006478477644584549,2018
2018-11-22,1921,59,28,0,0,1.2664476551519825,0.9020171162884315,0.36443053886355103,0.0009110763471588776,2018
2018-11-26,1921,60,23,0,0,2.738314539783232,1.4274883225583652,1.3108262172248666,0.0032770655430621664,2018
2018-11-27,1921,60,19,0,0,2.0875070322435034,1.046507293899494,1.0409997383440095,0.0026024993458600237,2018
2018-11-28,1922,61,17,0,0,1.2061425603069136,1.060359749808628,0.14578281049828568,0.0003644570262457142,2018
2018-11-29,1922,62,26,0,0,2.6973668865355864,1.8823405029954674,0.815026383540119,0.0020375659588502976,2018
2018-11-30,1922,61,7,0,0,-4.558285855595816,-3.967375838172547,-0.5909100174232691,-0.0014772750435581728,2018
2018-12-03,1922,62,19,0,0,-1.635645189658474,-0.6787357726802078,-0.9569094169782663,-0.0023922735424456655,2018
2018-12-04,1922,61,14,0,0,-3.5579326641788067,-3.525704589234948,-0.0322280749438586,-8.05701873596465e-05,2018
2018-12-05,1922,62,13,0,0,1.7145584493474288,-0.5854234942405343,2.299981943587963,0.005749954858969908,2018
2018-12-06,1922,62,23,0,0,-4.56810512773436,-5.332087820676596,0.7639826929422355,0.001909956732355589,2018
2018-12-07,1922,62,13,0,0,-2.761786316945967,-3.4969697047465083,0.7351833878005412,0.001837958469501353,2018
2018-12-10,1922,60,27,0,0,3.622749016661052,5.252353887025321,-1.6296048703642692,-0.004074012175910673,2018
2018-12-11,1922,59,13,0,0,0.7207918347429046,2.5800736507278446,-1.8592818159849398,-0.0046482045399623495,2018
2018-12-12,1923,58,8,0,0,-4.196254139620294,-3.023395592729031,-1.1728585468912627,-0.002932146367228157,2018
2018-12-13,1924,59,7,0,0,-2.483897518511757,-1.7510305577305318,-0.732866960781225,-0.0018321674019530626,2018
2018-12-14,1923,60,31,0,0,-5.586163775614861,-5.483949804454802,-0.10221397116005893,-0.0002555349279001473,2018
2018-12-17,1923,59,14,0,0,-0.24469877625139191,-0.3879195311669689,0.143220754915577,0.00035805188728894253,2018
2018-12-18,1923,57,18,0,0,-6.243228872189998,-7.900882415788689,1.6576535435986912,0.004144133858996728,2018
2018-12-19,1925,59,15,0,0,-4.1889470197862675,-5.250897395531051,1.0619503757447832,0.002654875939361958,2018
2018-12-20,1925,59,28,0,0,-8.651539179052056,-13.470062780348593,4.818523601296537,0.012046309003241343,2018
2018-12-21,1928,61,33,0,0,3.4291480987270737,5.925442125306323,-2.4962940265792493,-0.006240735066448123,2018
2018-12-25,1929,61,32,0,0,8.715881071081167,13.986580869783047,-5.27069979870188,-0.013176749496754701,2018
2018-12-26,1929,58,21,0,0,-1.5620623334272021,-0.5566123497681983,-1.0054499836590038,-0.0025136249591475096,2018
2018-12-27,1929,58,28,0,0,-2.9688137870457005,-2.0654401898627164,-0.9033735971829842,-0.0022584339929574604,2018
2018-12-28,1930,58,36,0,0,6.975185559782147,3.3304957537745175,3.644689806007629,0.009111724515019072,2019
2019-01-04,1930,57,36,0,0,2.135873633391379,-0.12712236827365483,2.2629960016650337,0.005657490004162585,2019
2019-01-07,1930,57,22,0,0,0.9903545137725441,-0.10837435782616396,1.098728871598708,0.00274682217899677,2019
2019-01-08,1930,56,23,0,0,-1.336555171704337,-1.2687588727002153,-0.06779629900412165,-0.00016949074751030412,2019
2019-01-09,1930,57,20,0,0,0.43665986811735236,-0.40397275664353643,0.8406326247608888,0.002101581561902222,2019
2019-01-10,1930,55,21,0,0,2.509963086972959,0.9996012006265712,1.510361886346388,0.00377590471586597,2019
2019-01-11,1930,56,14,0,0,-0.7093537498938792,-0.22364547812879443,-0.4857082717650848,-0.001214270679412712,2019
2019-01-15,1930,56,9,0,0,1.4310864239275938,1.5594104053403262,-0.12832398141273238,-0.00032080995353183094,2019
2019-01-16,1930,57,14,0,0,2.6150623962576853,1.2866558180677587,1.3284065781899266,0.0033210164454748163,2019
2019-01-17,1929,59,16,0,0,0.7146585962839037,0.49935420004001063,0.21530439624389308,0.0005382609906097327,2019
2019-01-18,1929,58,17,0,0,-1.4445830533147763,-0.8125130421683404,-0.6320700111464359,-0.0015801750278660897,2019
2019-01-21,1929,59,9,0,0,-1.6930077766014255,-1.0988229038350925,-0.594184872766333,-0.0014854621819158326,2019
2019-01-22,1929,61,7,0,0,1.2633295032182519,1.7348529070891143,-0.47152340387086245,-0.001178808509677156,2019
2019-01-23,1929,61,6,0,0,1.4284272631617034,0.41962878946601423,1.0087984736956892,0.002521996184239223,2019
2019-01-24,1929,60,10,0,0,-0.44688391071175476,-1.6499937626040515,1.2031098518922967,0.003007774629730742,2019
2019-01-25,1929,60,6,0,0,0.1797869959607559,1.285725781009999,-1.105938785049243,-0.0027648469626231076,2019
2019-01-28,1929,60,7,0,0,-2.808782727473028,-2.576797254276693,-0.2319854731963349,-0.0005799636829908372,2019
2019-01-29,1929,61,4,0,0,2.6174769587518716,2.3985750497597063,0.21890190899216533,0.0005472547724804134,2019
2019-01-30,1929,62,6,0,0,0.29560290005040607,-0.8327757197305902,1.1283786197809962,0.0028209465494524904,2019
2019-01-31,1929,62,15,0,0,3.6553964295747967,2.874811978957093,0.7805844506177038,0.0019514611265442595,2019
2019-02-01,1929,62,11,0,0,0.7883412379083676,0.3619044364865851,0.42643680142178253,0.0010660920035544562,2019
2019-02-04,1929,62,17,0,0,-0.530302926881644,0.4618015709351604,-0.9921044978168044,-0.002480261244542011,2019
2019-02-05,1929,64,10,0,0,-2.0386283623362407,-0.7500873732214871,-1.2885409891147535,-0.0032213524727868837,2019
2019-02-06,1929,64,12,0,0,-2.807934768741442,-3.2763660633480574,0.46843129460661537,0.0011710782365165384,2019
2019-02-07,1929,66,6,0,0,3.664481885974388,3.0206687778156662,0.6438131081587217,0.0016095327703968044,2019
2019-02-08,1929,65,10,0,0,2.2278193399944883,2.185097994025827,0.042721345968661506,0.00010680336492165377,2019
2019-02-12,1929,64,12,0,0,-0.3931699184237825,-0.7045204261177718,0.31135050769398925,0.0007783762692349732,2019
2019-02-13,1929,64,10,0,0,-0.6172127644853299,-1.9825326753977308,1.365319910912401,0.0034132997772810024,2019
2019-02-14,1929,65,8,0,0,3.375090815012351,2.62677858491103,0.748312230101321,0.0018707805752533025,2019
2019-02-15,1929,64,13,0,0,1.4068477984498429,0.6963507049763407,0.7104970934735022,0.0017762427336837556,2019
2019-02-18,1929,63,11,0,0,0.7531456060722203,0.5930972723372986,0.16004833373492167,0.00040012083433730417,2019
2019-02-19,1929,63,11,0,0,0.6573474282999948,-0.016829349546769706,0.6741767778467646,0.0016854419446169114,2019
2019-02-20,1929,64,10,0,0,-0.6886290817791961,0.2757796267644668,-0.964408708543663,-0.0024110217713591577,2019
2019-02-21,1929,64,10,0,0,1.729869124054855,1.8093705748819289,-0.07950145082707394,-0.00019875362706768486,2019
2019-02-22,1929,64,14,0,0,-0.4693438153771547,-0.9733488385974871,0.5040050232203324,0.0012600125580508308,2019
2019-02-25,1929,63,24,0,0,1.2060074549130306,1.5854204292649792,-0.37941297435194854,-0.0009485324358798713,2019
2019-02-26,1929,62,18,0,0,-1.066177449659137,-1.5875205573873474,0.5213431077282105,0.0013033577693205261,2019
2019-02-27,1929,62,15,0,0,0.6713273262548425,0.8432730701036378,-0.17194574384879535,-0.0004298643596219884,2019
2019-02-28,1930,60,14,0,0,0.9120576380737478,2.6950909017076348,-1.7830332636338868,-0.004457583159084717,2019
2019-03-01,1931,61,12,0,0,-1.2592549133148017,-1.036140338281588,-0.22311457503321375,-0.0005577864375830344,2019
2019-03-04,1931,61,15,0,0,-0.46702860074680846,-0.25808148881714027,-0.2089471119296682,-0.0005223677798241704,2019
2019-03-05,1932,63,16,0,0,-1.7668957845912747,-1.7934622066167734,0.026566422025498637,6.64160550637466e-05,2019
2019-03-06,1932,64,20,0,0,-4.490214375894638,-4.080361813728543,-0.4098525621660949,-0.0010246314054152372,2019
2019-03-07,1932,63,15,0,0,0.6218341233884974,0.6981629400148476,-0.07632881662635016,-0.0001908220415658754,2019
2019-03-08,1932,63,2,0,0,3.5886420358443467,2.2962520516346694,1.2923899842096773,0.0032309749605241933,2019
2019-03-11,1932,63,9,0,0,-1.950478492278818,-1.4693171989830152,-0.4811612932958029,-0.0012029032332395073,2019
2019-03-12,1932,63,12,0,0,-0.3737851023624119,-1.6468997012895035,1.2731145989270916,0.003182786497317729,2019
2019-03-13,1933,66,10,0,0,1.3415149583085126,1.2273372257514372,0.11417773255707542,0.00028544433139268856,2019
2019-03-14,1933,65,7,0,0,1.7006610162117617,2.086159124989067,-0.3854981087773053,-0.0009637452719432632,2019
2019-03-15,1934,65,5,0,0,-1.0082811257081399,-1.0166325715825708,0.00835144587443093,2.0878614686077323e-05,2019
2019-03-18,1934,65,10,0,0,1.1970153184933832,0.9041278745914093,0.29288744390197385,0.0007322186097549347,2019
2019-03-19,1935,66,11,0,0,2.0789126534339313,0.675316734716362,1.4035959187175693,0.003508989796793923,2019
2019-03-20,1936,67,8,0,0,-5.147244098887399,-3.8136802226081734,-1.333563876279226,-0.0033339096906980646,2019
2019-03-22,1936,66,8,0,0,5.778484989942306,4.722003553223126,1.0564814367191797,0.002641203591797949,2019
2019-03-25,1936,65,6,0,0,-1.4413798578064807,-1.024431285497565,-0.4169485723089157,-0.0010423714307722892,2019
2019-03-26,1936,63,6,0,0,-3.8032172088767027,-3.93564865696764,0.1324314480909372,0.000331078620227343,2019
2019-03-27,1936,61,8,0,0,0.40765961161631664,0.6214659693375789,-0.21380635772126227,-0.0005345158943031557,2019
2019-03-28,1937,63,6,0,0,4.309533623217118,1.0991676839449183,3.2103659392722,0.0080259148481805,2019
2019-03-29,1937,64,8,0,0,-0.7182675528078163,-1.6032483755838272,0.8849808227760109,0.002212452056940027,2019
2019-04-01,1937,63,9,0,0,2.1810804410057263,1.580869813320448,0.6002106276852783,0.0015005265692131957,2019
2019-04-02,1937,63,9,0,0,-0.04290602897239438,-0.759778567345141,0.7168725383727467,0.0017921813459318666,2019
2019-04-03,1937,63,8,0,0,1.3808965219039149,0.8620647114117039,0.5188318104922109,0.0012970795262305273,2019
2019-04-04,1937,65,9,0,0,-0.4996323706917263,-0.3108925644632624,-0.18873980622846387,-0.00047184951557115965,2019
2019-04-05,1937,64,8,0,0,-1.2809150864636967,-0.5645570581713729,-0.7163580282923238,-0.0017908950707308095,2019
2019-04-08,1937,63,11,0,0,-0.3994712465884132,-1.169530373410584,0.7700591268221708,0.001925147817055427,2019
2019-04-09,1937,64,11,0,0,-0.5337476984959986,-0.430697421740928,-0.10305027675507056,-0.00025762569188767637,2019
2019-04-10,1938,63,13,0,0,-0.21903777764604496,-0.8223334284990421,0.6032956508529972,0.0015082391271324929,2019
2019-04-11,1938,66,12,0,0,2.6969302428545165,4.355042693016817,-1.6581124501623008,-0.004145281125405752,2019
2019-04-12,1938,65,12,0,0,0.00566147403483556,-0.5544727672308097,0.5601342412656453,0.0014003356031641132,2019
2019-04-15,1938,64,9,0,0,-0.3249122099320282,1.319440167481183,-1.6443523774132114,-0.0041108809435330285,2019
2019-04-16,1938,65,9,0,0,-2.9697131749728904,-3.0371447430547795,0.0674315680818891,0.00016857892020472276,2019
2019-04-17,1938,65,10,0,0,-0.3894724313092183,1.1398399343989822,-1.5293123657082006,-0.0038232809142705014,2019
2019-04-18,1938,65,17,0,0,0.18752416462132745,0.0792254912880015,0.10829867333332595,0.0002707466833333149,2019
2019-04-19,1938,65,16,0,0,0.46931309290584894,-0.11813734007255516,0.587450432978404,0.00146862608244601,2019
2019-04-22,1938,64,9,0,0,-0.7081376824762883,-0.5889805902879091,-0.11915709218837922,-0.00029789273047094807,2019
2019-04-23,1938,63,10,0,0,1.592420018158969,1.724990242629558,-0.13257022447058908,-0.0003314255611764727,2019
2019-04-24,1938,64,9,0,0,-0.2217028871616237,-1.1175560414940169,0.8958531543323932,0.002239632885830983,2019
2019-04-25,1938,64,5,0,0,0.01216340029023888,-4.361668564284386,4.3738319645746255,0.010934579911436563,2019
2019-04-26,1938,64,10,0,0,-3.1565899843526353,-3.3092673400982187,0.1526773557455834,0.00038169338936395845,2019
2019-05-07,1938,63,2,0,0,-3.8739908057173262,-2.996893679727394,-0.8770971259899323,-0.002192742814974831,2019
2019-05-08,1938,63,2,0,0,-0.1964313950512281,0.24991752583276258,-0.4463489208839907,-0.0011158723022099768,2019
2019-05-09,1938,63,6,0,0,-2.134637328382202,-1.9388369810253838,-0.19580034735681817,-0.0004895008683920455,2019
2019-05-10,1938,64,8,0,0,-0.36655295833199303,-1.4501481782190098,1.0835952198870167,0.0027089880497175416,2019
2019-05-13,1938,62,9,0,0,1.8513893957344063,1.3264244917623202,0.5249649039720861,0.0013124122599302152,2019
2019-05-14,1938,61,8,0,0,-1.6319382621605978,-1.5835289441408709,-0.04840931801972692,-0.0001210232950493173,2019
2019-05-15,1938,61,10,0,0,1.9744721338774467,2.827428752596692,-0.8529566187192452,-0.002132391546798113,2019
2019-05-16,1938,61,7,0,0,-1.351445824156176,0.03517624049701685,-1.3866220646531928,-0.0034665551616329822,2019
2019-05-17,1938,60,7,0,0,-0.7824303155161281,-0.6262351671670637,-0.15619514834906434,-0.00039048787087266084,2019
2019-05-20,1938,61,12,0,0,0.27673573020687636,0.655802465973899,-0.37906673576702266,-0.0009476668394175566,2019
2019-05-21,1938,61,7,0,0,-2.372928669047187,-0.6066503253941931,-1.7662783436529939,-0.004415695859132485,2019
2019-05-22,1938,60,6,0,0,0.3873497789542751,1.283816353104312,-0.896466574150037,-0.0022411664353750925,2019
2019-05-23,1938,61,5,0,0,0.5776600445468179,0.9442670311324587,-0.36660698658564084,-0.0009165174664641021,2019
2019-05-24,1938,60,7,0,0,0.5557728107221243,0.34078128948862235,0.2149915212335019,0.0005374788030837547,2019
2019-05-27,1938,60,11,0,0,-1.7371771770402373,-1.360921441090137,-0.3762557359501004,-0.000940639339875251,2019
2019-05-28,1938,60,9,0,0,-0.011146398627120893,-1.8178744725997458,1.8067280739726248,0.004516820184931562,2019
2019-05-29,1938,60,5,0,0,-1.889540266759969,-1.6847779060958643,-0.2047623606641047,-0.0005119059016602618,2019
2019-05-30,1938,59,5,0,0,-3.70314653930123,-2.9610835919232854,-0.7420629473779448,-0.001855157368444862,2019
2019-05-31,1938,59,5,0,0,2.7966891628096704,-0.4381764761640811,3.2348656389737513,0.008087164097434379,2019
2019-06-03,1939,58,14,0,0,4.815229700552716,3.739208163633372,1.076021536919344,0.00269005384229836,2019
2019-06-04,1939,58,3,0,0,-1.4678761014952437,-0.23188142986399807,-1.2359946716312455,-0.003089986679078114,2019
2019-06-05,1939,57,13,0,0,1.2992624191152586,2.1592690007382536,-0.8600065816229949,-0.002150016454057487,2019
2019-06-06,1939,59,11,0,0,2.954921898238627,2.3445264587920938,0.6103954394465334,0.0015259885986163334,2019
2019-06-07,1939,59,9,0,0,1.12838500665275,0.3168795604895823,0.8115054461631678,0.0020287636154079193,2019
2019-06-10,1939,59,13,0,0,-0.12581534914827072,-0.6723282533601718,0.546512904211901,0.0013662822605297526,2019
2019-06-11,1939,61,8,0,0,-2.3047744547694315,-1.029721289286796,-1.2750531654826356,-0.003187632913706589,2019
2019-06-12,1940,62,6,0,0,1.5695108860696532,1.6017599830090046,-0.03224909693935141,-8.062274234837852e-05,2019
2019-06-13,1940,62,6,0,0,-1.3858014291245986,-1.2334340984459968,-0.15236733067860175,-0.0003809183266965044,2019
2019-06-14,1940,59,10,0,0,-2.4729499897405187,-1.961852471714059,-0.5110975180264596,-0.001277743795066149,2019
2019-06-17,1940,57,15,0,0,3.073969894111545,3.156370634830836,-0.0824007407192906,-0.0002060018517982265,2019
2019-06-18,1941,58,13,0,0,0.7665839867824378,0.8879577573260922,-0.12137377054365439,-0.000303434426359136,2019
2019-06-19,1942,58,11,0,0,-0.7422978390580829,-1.5299788968586698,0.787681057800587,0.0019692026445014676,2019
2019-06-20,1942,57,8,0,0,0.5456120214107861,-0.8464511795657925,1.3920632009765788,0.003480158002441447,2019
2019-06-21,1942,57,6,0,0,-1.1275904167397621,-0.3050235884850683,-0.8225668282546938,-0.002056417070636735,2019
2019-06-24,1942,57,11,0,0,-1.594902722385149,-1.520969977758492,-0.07393274462665711,-0.00018483186156664278,2019
2019-06-25,1942,57,10,0,0,3.036238392609501,1.699496792954111,1.33674159965539,0.0033418539991384747,2019
2019-06-26,1942,57,12,0,0,-0.21989239663278337,0.6981549088023643,-0.9180473054351477,-0.002295118263587869,2019
2019-06-27,1943,57,4,0,0,4.32151126465085,4.278743128374007,0.04276813627684284,0.0001069203406921071,2019
2019-06-28,1943,57,5,0,0,1.3862102038624649,1.2820936558071916,0.10411654805527326,0.00026029137013818313,2019
2019-07-01,1943,58,7,0,0,0.5158588377324943,-0.9716609346470518,1.4875197723795461,0.003718799430948865,2019
2019-07-02,1943,57,8,0,0,2.1839737675235757,0.6766834918227773,1.5072902757007984,0.0037682256892519962,2019
2019-07-03,1943,57,11,0,0,0.6349017026219443,0.15921930020603461,0.47568240241590976,0.0011892060060397743,2019
2019-07-04,1943,58,12,0,0,-1.9147641532674093,-1.4481903597012735,-0.4665737935661358,-0.0011664344839153395,2019
2019-07-05,1943,55,7,0,0,-0.7765007408678489,-0.5125293986180887,-0.26397134224976027,-0.0006599283556244006,2019
2019-07-08,1943,54,18,0,0,-0.48312667794194875,-0.14722512390359907,-0.33590155403834965,-0.0008397538850958741,2019
2019-07-09,1943,53,21,0,0,0.7824377742715217,1.3624105604580274,-0.5799727861865057,-0.0014499319654662642,2019
2019-07-10,1943,54,17,0,0,-1.325122477839427,-0.7428821456775134,-0.5822403321619136,-0.001455600830404784,2019
2019-07-11,1943,55,15,0,0,-0.8069368923770641,-0.49410782907208156,-0.31282906330498256,-0.0007820726582624563,2019
2019-07-12,1943,52,12,0,0,-0.4722954214109674,-0.7931763558404676,0.3208809344295002,0.0008022023360737505,2019
2019-07-16,1943,51,17,0,0,-4.453121999315204,-4.661656606655791,0.20853460734058693,0.0005213365183514673,2019
2019-07-17,1943,54,15,0,0,3.652096763381524,3.910924676024878,-0.2588279126433539,-0.0006470697816083848,2019
2019-07-18,1944,55,10,0,0,-1.2407237066469048,-0.6186949348273493,-0.6220287718195555,-0.0015550719295488887,2019
2019-07-19,1944,54,16,0,0,1.675495781340148,1.3205310090154045,0.35496477232474355,0.0008874119308118589,2019
2019-07-22,1944,54,18,0,0,-0.15958130429437767,0.6549608692166661,-0.8145421735110437,-0.0020363554337776094,2019
2019-07-23,1944,54,12,0,0,1.0049863868759443,0.9256732886754747,0.07931309820046961,0.00019828274550117404,2019
2019-07-24,1944,54,9,0,0,-0.7020494812727242,-0.6993037853339793,-0.002745695938744852,-6.86423984686213e-06,2019
2019-07-25,1944,54,11,0,0,-0.26445909103743165,0.30227698820705645,-0.5667360792444881,-0.0014168401981112203,2019
2019-07-26,1944,54,8,0,0,0.44129058370742985,1.246515243335205,-0.805224659627775,-0.0020130616490694375,2019
2019-07-29,1945,54,10,0,0,-1.180028592693271,-0.8006806952589148,-0.37934789743435615,-0.0009483697435858904,2019
2019-07-30,1945,55,7,0,0,0.11162778394957551,-0.03532576831030613,0.14695355225988163,0.0003673838806497041,2019
2019-07-31,1945,56,2,0,0,-5.032434379484114,-4.051366857138892,-0.9810675223452217,-0.002452668805863054,2019
2019-08-01,1945,55,6,0,0,-4.809276907884002,-4.06935275814927,-0.7399241497347324,-0.001849810374336831,2019
2019-08-02,1945,56,2,0,0,-0.9588153800500961,-0.46723020378885566,-0.4915851762612405,-0.0012289629406531013,2019
2019-08-05,1945,54,4,0,0,-0.5416107483644583,0.3351988713231077,-0.8768096196875661,-0.0021920240492189153,2019
2019-08-06,1945,54,8,0,0,-0.3185037800351526,1.0333022329519463,-1.351806012987099,-0.0033795150324677477,2019
2019-08-07,1945,55,6,0,0,0.03337830387003656,-0.13824933312957083,0.1716276369996074,0.0004290690924990185,2019
2019-08-08,1945,53,3,0,0,-3.5179211102799393,-1.0767977806444653,-2.4411233296354737,-0.006102808324088684,2019
2019-08-09,1946,54,8,0,0,2.9829009705892306,0.9865028850139002,1.9963980855753305,0.004990995213938326,2019
2019-08-13,1946,54,10,0,0,-2.56078613823474,-1.7136966646624272,-0.8470894735723127,-0.0021177236839307815,2019
2019-08-14,1946,54,13,0,0,0.027296054107181573,0.2836364627010422,-0.25634040859386065,-0.0006408510214846516,2019
2019-08-15,1946,54,10,0,0,1.6363338364515292,1.1400391682610442,0.49629466819048496,0.0012407366704762124,2019
2019-08-16,1946,54,8,0,0,2.8444668610960577,2.1515166225435385,0.6929502385525192,0.001732375596381298,2019
2019-08-19,1946,54,5,0,0,-1.6785851557501825,-0.9492871112703657,-0.7292980444798168,-0.001823245111199542,2019
2019-08-20,1946,54,10,0,0,-0.40498422138054924,-0.9873926256647158,0.5824084042841665,0.0014560210107104163,2019
2019-08-21,1946,57,8,0,0,0.3356372599165279,0.3283824776282716,0.007254782288256267,1.813695572064067e-05,2019
2019-08-22,1946,57,3,0,0,-3.9888906782743505,-2.5833878922479414,-1.405502786026409,-0.0035137569650660226,2019
2019-08-23,1946,57,8,0,0,1.7282501671383752,1.2090411813277395,0.5192089858106357,0.0012980224645265893,2019
2019-08-26,1946,58,7,0,0,-0.6773055694197997,-0.6620503690195255,-0.015255200400274171,-3.813800100068543e-05,2019
2019-08-27,1946,54,8,0,0,-0.13953344568251788,-0.5152088608138348,0.37567541513131686,0.0009391885378282922,2019
2019-08-28,1946,54,7,0,0,3.439350542697276,2.861884081155265,0.5774664615420111,0.0014436661538550278,2019
2019-08-29,1946,53,9,0,0,-1.2103546793563698,-1.1478816620368093,-0.06247301731956045,-0.00015618254329890114,2019
2019-08-30,1946,53,11,0,0,1.2602463027989186,0.8177554568322049,0.44249084596671373,0.0011062271149167844,2019
2019-09-02,1947,53,10,0,0,-1.6409703979687456,-0.6257455718512921,-1.0152248261174535,-0.0025380620652936336,2019
2019-09-03,1947,53,3,0,0,3.710759300245097,2.4147245536604833,1.2960347465846138,0.0032400868664615346,2019
2019-09-04,1947,54,5,0,0,0.3603096735005944,-0.8706103222634908,1.230919995764085,0.0030772999894102125,2019
2019-09-05,1947,53,7,0,0,1.7594901636835019,2.2770361771732284,-0.5175460134897265,-0.0012938650337243163,2019
2019-09-06,1947,52,8,0,0,1.4056786689575806,-1.5121000917658716,2.9177787607234524,0.007294446901808631,2019
2019-09-09,1947,51,13,0,0,3.2838536897208663,2.039854142960525,1.2439995467603415,0.0031099988669008537,2019
2019-09-10,1947,51,5,0,0,0.8115344690770628,0.46592913585626256,0.3456053332208003,0.0008640133330520008,2019
2019-09-11,1947,51,7,0,0,1.5350506482028872,1.376526656687232,0.1585239915156551,0.00039630997878913776,2019
2019-09-12,1947,50,8,0,0,1.055670507933272,0.6394334760451927,0.41623703188807926,0.0010405925797201982,2019
2019-09-13,1946,50,5,0,0,0.22045590601843104,-1.5143657095619691,1.7348216155804002,0.004337054038951,2019
2019-09-17,1945,50,9,0,0,3.0486550989325996,2.0532667621503404,0.9953883367822591,0.002488470841955648,2019
2019-09-18,1945,49,10,0,0,1.4534321474968035,0.44292277350194026,1.0105093739948632,0.002526273434987158,2019
2019-09-19,1945,48,11,0,0,1.5684810407666472,0.7988511595534374,0.7696298812132097,0.0019240747030330244,2019
2019-09-20,1946,50,9,0,0,-0.0379012007344027,-0.2723984494975756,0.23449724876317288,0.0005862431219079322,2019
2019-09-24,1947,50,12,0,0,0.4784697131041664,1.2038202666433897,-0.7253505535392233,-0.0018133763838480582,2019
2019-09-25,1947,50,12,0,0,-1.6882660040864303,-2.248766717109562,0.5605007130231319,0.0014012517825578296,2019
2019-09-26,1947,51,14,0,0,-1.6876887725748635,-1.8841808807755218,0.19649210820065832,0.0004912302705016458,2019
2019-09-27,1948,51,17,0,0,2.0638470500506365,2.148316346600373,-0.08446929654973667,-0.00021117324137434168,2019
2019-09-30,1948,52,21,0,0,-0.012346248805638763,-0.30235951252751253,0.29001326372187375,0.0007250331593046844,2019
2019-10-01,1949,52,15,0,0,-3.410364148185051,-2.891715790368887,-0.518648357816164,-0.0012966208945404101,2019
2019-10-02,1949,52,11,0,0,0.931697030694941,0.5788239499100856,0.35287308078485546,0.0008821827019621386,2019
2019-10-03,1949,52,13,0,0,0.5707639450079047,-0.0155964680013319,0.5863604130092366,0.0014659010325230913,2019
2019-10-04,1949,50,9,0,0,1.609896606259899,2.4515240993748675,-0.8416274931149685,-0.002104068732787421,2019
2019-10-07,1949,49,17,0,0,-0.35818560447591524,0.2820916570190645,-0.6402772614949798,-0.0016006931537374495,2019
2019-10-08,1950,52,5,0,0,-1.2446129160194623,-1.6972100800327372,0.4525971640132749,0.0011314929100331873,2019
2019-10-09,1951,56,5,0,0,0.06620526941687817,0.7344578400442074,-0.6682525706273292,-0.001670631426568323,2019
2019-10-10,1951,58,9,0,0,3.057019647819935,2.678777240777178,0.378242407042757,0.0009456060176068926,2019
2019-10-11,1951,58,10,0,0,1.4650626822294128,0.5726848837352753,0.8923777984941376,0.002230944496235344,2019
2019-10-15,1951,57,9,0,0,-0.3868652458316533,0.11335761025789036,-0.5002228560895436,-0.001250557140223859,2019
2019-10-16,1951,56,9,0,0,0.08324823386265685,1.3456261319966487,-1.262377898133992,-0.00315594474533498,2019
2019-10-17,1951,56,12,0,0,1.1953940673815973,1.5063117393648982,-0.3109176719833009,-0.0007772941799582523,2019
2019-10-18,1951,56,13,0,0,1.6757224931759727,1.0879602672119,0.5877622259640727,0.0014694055649101818,2019
2019-10-21,1951,57,18,0,0,0.4374659420043668,0.6055682250388906,-0.16810228303452385,-0.0004202557075863096,2019
2019-10-23,1951,57,16,0,0,0.29272802562800143,1.1606536200821636,-0.8679255944541622,-0.0021698139861354056,2019
2019-10-24,1951,58,16,0,0,0.11553058448730424,1.2919583181557568,-1.1764277336684525,-0.0029410693341711315,2019
2019-10-25,1952,58,13,0,0,0.6841849463371087,1.011484227685267,-0.3272992813481582,-0.0008182482033703955,2019
2019-10-28,1953,60,29,0,0,1.2634833397770333,0.9431004799518125,0.32038285982522086,0.0008009571495630522,2019
2019-10-29,1953,59,16,0,0,0.1034220663012042,-0.5583820282040651,0.6618040945052693,0.0016545102362631734,2019
2019-10-30,1954,59,18,0,0,0.11795042557132322,-0.8392140946187533,0.9571645201900765,0.0023929113004751913,2019
2019-10-31,1954,59,22,0,0,2.251387898128725,2.9082208275312857,-0.6568329294025608,-0.001642082323506402,2019
2019-11-01,1955,63,16,0,0,-1.0505304152248587,0.6170811370180602,-1.667611552242919,-0.004169028880607297,2019
2019-11-05,1955,63,26,0,0,0.10408236898428831,0.7894592793383207,-0.6853769103540324,-0.001713442275885081,2019
2019-11-06,1955,61,30,0,0,-0.34918433053960896,-0.11204168222926453,-0.23714264831034443,-0.0005928566207758611,2019
2019-11-07,1955,62,27,0,0,1.572854669842415,0.4646730377603692,1.108181632082046,0.0027704540802051146,2019
2019-11-08,1955,61,21,0,0,0.9014158305887587,0.42121083863288905,0.4802049919558697,0.0012005124798896742,2019
2019-11-11,1955,61,21,0,0,-0.878233687412596,-1.1207709179143512,0.24253723050175524,0.0006063430762543881,2019
2019-11-12,1955,61,24,0,0,-1.1388661694220763,-2.2286592595761494,1.089793090154073,0.0027244827253851828,2019
2019-11-13,1955,61,25,0,0,2.310160528039148,2.0312807472889762,0.27887978075017195,0.0006971994518754299,2019
2019-11-14,1955,61,23,0,0,1.8314239930096414,0.3602539824456367,1.4711700105640046,0.0036779250264100116,2019
2019-11-15,1955,61,19,0,0,0.2653438953112825,0.2301932319354588,0.035150663375823704,8.787665843955926e-05,2019
2019-11-18,1955,61,23,0,0,0.013775808435341022,-0.7790319372222329,0.7928077456575738,0.0019820193641439344,2019
2019-11-19,1955,61,14,0,0,0.16523871103195836,-0.07008177690518629,0.23532048793714466,0.0005883012198428616,2019
2019-11-20,1955,60,19,0,0,0.7016466696197489,0.6252498228175761,0.07639684680217274,0.00019099211700543184,2019
2019-11-21,1955,58,16,0,0,2.1325321206717462,1.6865102720439282,0.446021848627818,0.001115054621569545,2019
2019-11-22,1955,58,14,0,0,0.3623571231960898,-0.2252017675858955,0.5875588907819853,0.0014688972269549633,2019
2019-11-25,1955,58,22,0,0,1.0388019891847706,1.3839068525585212,-0.34510486337375057,-0.0008627621584343764,2019
2019-11-26,1955,59,20,0,0,-0.435257297465206,-0.815060490231927,0.379803192766721,0.0009495079819168025,2019
2019-11-27,1955,58,27,0,0,0.13805085297511005,-0.30077895471395216,0.4388298076890622,0.0010970745192226555,2019
2019-11-28,1955,58,24,0,0,0.8831845259468377,1.1801739341658306,-0.2969894082189929,-0.0007424735205474822,2019
2019-11-29,1955,58,18,0,0,-0.7500362430279571,-0.5166956220738016,-0.23334062095415553,-0.0005833515523853888,2019
2019-12-02,1955,57,19,0,0,0.09061808082096949,0.6035635590318164,-0.5129454782108469,-0.0012823636955271174,2019
2019-12-03,1955,55,20,0,0,0.28143262417732207,0.5614496426103514,-0.2800170184330293,-0.0007000425460825733,2019
2019-12-04,1955,55,14,0,0,0.39864858296170774,0.8044511781247267,-0.4058025951630189,-0.0010145064879075474,2019
2019-12-05,1955,55,17,0,0,1.5490857229730655,0.35787472608252796,1.1912109968905376,0.0029780274922263437,2019
2019-12-06,1955,54,15,0,0,0.3020234974718002,0.6316675939335165,-0.3296440964617163,-0.0008241102411542907,2019
2019-12-09,1955,54,13,0,0,-0.8639731861066694,-0.9485402389694002,0.08456705286273081,0.000211417632156827,2019
2019-12-10,1956,54,18,0,0,-1.3468060464352283,-0.9342713168900932,-0.41253472954513504,-0.0010313368238628376,2019
2019-12-11,1957,55,16,0,0,1.6520309004007083,1.1262557812963474,0.5257751191043609,0.0013144377977609024,2019
2019-12-12,1958,55,19,0,0,0.594512233254992,0.18995687035714504,0.404555362897847,0.0010113884072446176,2019
2019-12-13,1958,54,6,0,0,1.2015326669588893,1.7750700551251544,-0.5735373881662651,-0.0014338434704156628,2019
2019-12-16,1960,56,8,0,0,-1.2229006233386712,-1.5150794888637058,0.2921788655250346,0.0007304471638125865,2019
2019-12-17,1962,58,17,0,0,0.02531092799946089,0.6322389544949852,-0.6069280264955244,-0.0015173200662388108,2019
2019-12-18,1964,59,11,0,0,0.948902154634303,0.22422995963033984,0.7246721950039632,0.0018116804875099079,2019
2019-12-19,1965,56,24,0,0,-0.48659865087137694,-0.5491135945465232,0.06251494367514626,0.00015628735918786567,2019
2019-12-20,1965,56,15,0,0,0.696436275317328,0.3955654897357061,0.3008707855816219,0.0007521769639540547,2019
2019-12-23,1965,56,20,0,0,-0.6800082849995549,-1.061998129233295,0.38198984423374005,0.0009549746105843502,2019
2019-12-24,1965,56,10,0,0,1.3557254542002661,1.7260323099955073,-0.37030685579524114,-0.0009257671394881029,2019
2019-12-25,1966,57,16,0,0,1.1268690891927677,1.6572411899629567,-0.5303721007701889,-0.0013259302519254724,2019
2019-12-26,1966,58,10,0,0,-1.2366760577575473,-0.7603814118770645,-0.47629464588048276,-0.001190736614701207,2019
2019-12-27,1966,57,11,0,0,-2.998755721200562,-2.019750095920691,-0.9790056252798709,-0.0024475140631996773,2019
2019-12-30,1966,57,16,0,0,3.908341250229105,2.83099208397669,1.0773491662524148,0.002693372915631037,2020
2020-01-06,1966,56,18,0,0,-4.232586942631872,-2.8490512695798795,-1.383535673051992,-0.00345883918262998,2020
2020-01-07,1966,56,27,0,0,2.368240574070757,3.8669505532543607,-1.4987099791836038,-0.0037467749479590095,2020
2020-01-08,1966,55,16,0,0,0.30546433565061953,-0.3009796669957696,0.6064440026463891,0.0015161100066159727,2020
2020-01-09,1966,51,21,0,0,-0.6631641222245733,0.5913838397398269,-1.2545479619644002,-0.0031363699049110007,2020
2020-01-10,1966,50,10,0,0,-0.0926944306938451,-0.17580880913192687,0.08311437843808177,0.00020778594609520442,2020
2020-01-14,1966,48,14,0,0,-0.773574912902026,-0.8835368126206246,0.1099618997185986,0.0002749047492964965,2020
2020-01-15,1966,48,9,0,0,0.6183905623060055,-0.23818411040972606,0.8565746727157316,0.002141436681789329,2020
2020-01-16,1966,48,9,0,0,1.467490481906209,0.4672214338942895,1.0002690480119194,0.0025006726200297986,2020
2020-01-17,1966,48,10,0,0,-0.2809348147455086,-0.16811779991889556,-0.11281701482661302,-0.00028204253706653256,2020
2020-01-20,1966,49,12,0,0,-0.0815438864473119,1.2313873703635052,-1.3129312568108171,-0.0032823281420270426,2020
2020-01-21,1966,50,4,0,0,-2.4249013034664597,-1.132077927913911,-1.2928233755525487,-0.0032320584388813717,2020
2020-01-22,1966,50,7,0,0,-2.3861951351117505,-1.3797027190974391,-1.0064924160143114,-0.0025162310400357784,2020
2020-01-23,1966,50,9,0,0,-4.239847115268128,-4.083121751700082,-0.15672536356804567,-0.00039181340892011416,2020
2020-01-24,1966,47,8,0,0,-0.11070496192162904,-0.7768244400980496,0.6661194781764206,0.0016652986954410515,2020
2020-01-27,1966,46,9,0,0,-0.26409598827493824,0.019529142965231377,-0.28362513124016964,-0.0007090628281004241,2020
2020-01-28,1966,45,12,0,0,-3.2785340917947123,-4.107078892699881,0.8285448009051684,0.002071362002262921,2020
2020-01-29,1966,45,8,0,0,1.6208485966081845,1.2341078833890504,0.38674071321913406,0.0009668517830478351,2020
2020-01-30,1966,44,10,0,0,-2.099294947794325,-2.4528038377549968,0.353508889960672,0.00088377222490168,2020
2020-01-31,1966,44,7,0,0,2.2852264205248947,1.74755497334992,0.5376714471749746,0.0013441786179374366,2020
2020-02-03,1966,41,6,0,0,1.9243971812023508,1.9200673442714307,0.00432983693092015,1.0824592327300376e-05,2020
2020-02-04,1966,41,4,0,0,3.9729206455245865,2.9951503202858425,0.977770325238744,0.00244442581309686,2020
2020-02-05,1966,42,5,0,0,-1.2258227163295754,-0.5154256154033164,-0.710397100926259,-0.0017759927523156474,2020
2020-02-06,1966,39,10,0,0,-1.2493321174837624,-1.66924144013457,0.4199093226508077,0.0010497733066270193,2020
2020-02-07,1967,41,7,0,0,-0.17908551875360793,0.9060620031586705,-1.0851475219122784,-0.002712868804780696,2020
2020-02-10,1967,39,1,0,0,-0.24786456425556547,-0.37937737027827395,0.13151280602270848,0.0003287820150567712,2020
2020-02-12,1967,40,7,0,0,-1.4659059507539933,-2.0585366362007593,0.592630685446766,0.001481576713616915,2020
2020-02-13,1967,40,6,0,0,-3.1039054364972145,-2.990175870058099,-0.11372956643911536,-0.0002843239160977884,2020
2020-02-14,1967,39,6,0,0,-3.5374540497690425,-3.6393866341588286,0.10193258438978603,0.00025483146097446505,2020
2020-02-17,1967,39,11,0,0,1.883237425452333,1.9629002095214405,-0.07966278406910754,-0.00019915696017276885,2020
2020-02-18,1967,39,6,0,0,-0.6353400289008936,-1.0799247206669509,0.4445846917660573,0.0011114617294151433,2020
2020-02-19,1967,40,6,0,0,-0.24229835377495257,0.22347734783648124,-0.4657757016114338,-0.0011644392540285844,2020
2020-02-20,1967,40,6,0,0,-8.942065832123536,-6.940429861466832,-2.0016359706567037,-0.00500408992664176,2020
2020-02-21,1967,39,10,0,0,-1.5513629361305246,-1.9105354045914533,0.35917246846092876,0.000897931171152322,2020
2020-02-25,1967,39,5,0,0,-8.116880381136147,-5.85455569615036,-2.2623246849857868,-0.005655811712464467,2020
2020-02-26,1967,39,10,0,0,-11.483354630475828,-9.238788090751882,-2.2445665397239463,-0.005611416349309866,2020
2020-02-27,1967,40,15,0,0,10.024116037212806,4.447213577391891,5.576902459820915,0.013942256149552287,2020
2020-02-28,1967,40,7,0,0,-3.720506123541662,-3.222874979715591,-0.4976311438260712,-0.001244077859565178,2020
2020-03-02,1968,41,17,0,0,-0.8362053638864356,1.4170630462798186,-2.253268410166254,-0.005633171025415635,2020
2020-03-03,1968,41,14,0,0,0.2572415839711854,0.9376574059047084,-0.680415821933523,-0.0017010395548338075,2020
2020-03-04,1968,43,8,0,0,-8.32617595235179,-7.116427549073012,-1.2097484032787778,-0.0030243710081969445,2020
2020-03-05,1968,43,8,0,0,-16.286643935058333,-12.400750532250706,-3.8858934028076266,-0.009714733507019067,2020
2020-03-06,1968,43,15,0,0,6.579677281329669,1.9901682041025026,4.5895090772271665,0.011473772693067916,2020
2020-03-09,1969,43,11,0,0,-8.573205589951247,-2.521269606910387,-6.05193598304086,-0.01512983995760215,2020
2020-03-10,1970,44,17,0,0,-8.779252411435051,-10.299466473074597,1.520214061639546,0.003800535154098865,2020
2020-03-11,1970,43,11,0,0,-15.364747936551325,-10.153918537974013,-5.210829398577312,-0.01302707349644328,2020
2020-03-12,1970,42,16,0,0,1.0928261571346358,-1.8011374969097413,2.893963654044377,0.007234909135110943,2020
2020-03-13,1971,42,11,0,0,7.422524597597008,11.264130096014322,-3.841605498417314,-0.009604013746043284,2020
2020-03-16,1971,42,12,0,0,-2.055295912793708,-1.7426520630646938,-0.31264384972901405,-0.0007816096243225351,2020
2020-03-17,1971,40,21,0,0,-8.276890016890052,5.549238140054037,-13.826128156944089,-0.034565320392360224,2020
2020-03-18,1971,39,4,0,0,8.304760941888837,-0.9757198252916863,9.280480767180524,0.02320120191795131,2020
2020-03-19,1971,36,4,0,0,19.29688095878331,0.639444587139531,18.657436371643776,0.04664359092910944,2020
2020-03-23,1971,35,5,0,0,11.484194268985974,13.151127524086581,-1.6669332551006075,-0.004167333137751519,2020
2020-03-24,1971,35,4,0,0,2.2421539322962936,-8.80323934964385,11.045393281940143,0.027613483204850357,2020
2020-03-25,1971,35,15,0,0,7.363663088890536,6.697129096823858,0.666533992066678,0.001666334980166695,2020
2020-03-26,1972,36,5,0,0,-3.859632761847669,-1.628945428636768,-2.230687333210901,-0.005576718333027253,2020
2020-03-27,1972,35,3,0,0,1.866107903506715,-5.8537225277055525,7.719830431212268,0.019299576078030668,2020
2020-03-30,1973,35,9,0,0,-7.855783905054296,-6.378024822904902,-1.4777590821493938,-0.0036943977053734843,2020
2020-03-31,1974,38,14,0,0,-5.851157759015247,-3.853099418449433,-1.9980583405658137,-0.004995145851414534,2020
2020-04-01,1974,39,30,0,0,-5.121827864209813,-2.7860492515827695,-2.3357786126270432,-0.005839446531567608,2020
2020-04-02,1974,39,24,0,0,8.317456331235382,6.225647431608309,2.0918088996270736,0.005229522249067684,2020
2020-04-03,1974,39,15,0,0,8.366836450737393,2.930770432261376,5.4360660184760174,0.013590165046190044,2020
2020-04-06,1974,39,13,0,0,3.593372311502765,5.239569889943414,-1.6461975784406495,-0.004115493946101624,2020
2020-04-07,1974,38,2,0,0,1.1788519159488247,3.4372402061492386,-2.258388290200414,-0.005645970725501035,2020
2020-04-08,1974,39,8,0,0,2.4172602406771797,-0.3813383232703192,2.798598563947499,0.006996496409868748,2020
2020-04-09,1974,40,13,0,0,-3.751583056454972,-1.8250843964512542,-1.9264986600037177,-0.004816246650009294,2020
2020-04-10,1974,42,10,0,0,7.317818689907379,1.8738878031862838,5.443930886721096,0.013609827216802739,2020
2020-04-13,1974,42,22,0,0,-4.075397468547567,0.47189569993032904,-4.547293168477895,-0.01136823292119474,2020
2020-04-14,1974,42,10,0,0,3.4395210738491926,3.291127857289434,0.14839321655975857,0.0003709830413993964,2020
2020-04-15,1974,43,12,0,0,1.5366592307889821,0.5955543700265309,0.9411048607624513,0.0023527621519061283,2020
2020-04-16,1974,43,5,0,0,1.6150854878418734,1.9194854825201404,-0.30439999467826695,-0.0007609999866956674,2020
2020-04-17,1974,44,13,0,0,-2.830303748920954,-6.100176549685713,3.2698728007647593,0.008174682001911899,2020
2020-04-20,1974,45,9,0,0,-2.1120021285478976,-4.17542513144285,2.0634230028949525,0.005158557507237382,2020
2020-04-21,1974,45,11,0,0,6.564065794001813,1.7962540295966594,4.767811764405153,0.011919529411012883,2020
2020-04-22,1974,47,13,0,0,-2.475300693754305,0.4741779950190727,-2.9494786887733775,-0.0073736967219334435,2020
2020-04-23,1974,47,12,0,0,3.0446257436230155,4.649231949616588,-1.6046062059935728,-0.0040115155149839325,2020
2020-04-24,1974,47,9,0,0,3.23875343450451,0.6662218112267482,2.572531623277762,0.0064313290581944045,2020
2020-04-27,1974,47,15,0,0,2.5578913231635396,3.4999598757388166,-0.942068552575277,-0.0023551713814381923,2020
2020-04-28,1974,48,8,0,0,-4.69997690016275,-2.746770375355638,-1.9532065248071122,-0.00488301631201778,2020
2020-04-30,1974,47,15,0,0,2.4918117565112587,1.4468756683319615,1.0449360881792973,0.0026123402204482433,2020
2020-05-01,1974,46,13,0,0,7.179353595945528,0.4094815101665305,6.769872085778998,0.016924680214447495,2020
2020-05-07,1974,47,4,0,0,8.737314435696446,1.3570077820170205,7.380306653679425,0.018450766634198562,2020
2020-05-08,1974,48,19,0,0,0.8994417624928402,-1.5482226317886358,2.447664394281476,0.00611916098570369,2020
2020-05-11,1974,48,9,0,0,0.7334772578940333,-1.3028204006989725,2.0362976585930057,0.005090744146482514,2020
2020-05-12,1974,46,6,0,0,-5.946241706480855,-4.4853189646081475,-1.4609227418727073,-0.003652306854681768,2020
2020-05-13,1974,46,4,0,0,0.8599126354294989,2.030140850596881,-1.1702282151673824,-0.002925570537918456,2020
2020-05-14,1974,46,9,0,0,2.1458491143905456,2.571068392510646,-0.4252192781201005,-0.0010630481953002513,2020
2020-05-15,1974,47,7,0,0,3.6907139995552005,2.1810943307237114,1.5096196688314891,0.0037740491720787226,2020
2020-05-18,1974,46,7,0,0,2.041109702495111,3.9890710539320806,-1.9479613514369696,-0.004869903378592424,2020
2020-05-19,1974,46,15,0,0,1.1684515270258753,0.46886442391659294,0.6995871031092824,0.001748967757773206,2020
2020-05-20,1974,46,7,0,0,-2.558658373775947,-0.6905088930705184,-1.8681494807054286,-0.004670373701763572,2020
2020-05-21,1974,47,6,0,0,5.819706939924626,4.222760034648128,1.5969469052764982,0.003992367263191246,2020
2020-05-22,1974,49,6,0,0,5.731367159183272,1.0770623061823759,4.654304853000896,0.011635762132502241,2020
2020-05-25,1974,49,21,0,0,2.8813388537152655,-1.2467974213291273,4.128136275044393,0.010320340687610983,2020
2020-05-26,1974,49,18,0,0,0.687097378357089,-0.05263229934278002,0.739729677699869,0.0018493241942496724,2020
2020-05-27,1974,49,13,0,0,-1.028642834158447,-0.4758953111636776,-0.5527475229947694,-0.0013818688074869233,2020
2020-05-28,1974,49,20,0,0,2.8257370714238204,0.6473578468984712,2.178379224525349,0.005445948061313373,2020
2020-05-29,1974,48,7,0,0,3.649529354638149,2.7076913151238493,0.9418380395142996,0.002354595098785749,2020
2020-06-01,1974,48,14,0,0,0.8846358026728485,-0.7475104720174167,1.6321462746902653,0.004080365686725663,2020
2020-06-02,1974,48,31,0,0,0.20242386096293088,-0.6693043894777523,0.8717282504406831,0.002179320626101708,2020
2020-06-03,1974,48,18,0,0,1.0547337803177403,2.564935860711478,-1.5102020803937375,-0.003775505200984344,2020
2020-06-04,1974,48,19,0,0,4.173506859507785,1.9149042579472944,2.25860260156049,0.005646506503901225,2020
2020-06-05,1974,46,16,0,0,0.6926912020851482,-1.4295381374314526,2.122229339516601,0.005305573348791503,2020
2020-06-08,1974,45,26,0,0,0.768263248825653,-0.15644738061245167,0.9247106294381047,0.0023117765735952618,2020
2020-06-09,1974,45,13,0,0,-5.849150743632606,-3.638359880763582,-2.210790862869024,-0.00552697715717256,2020
2020-06-10,1974,45,18,0,0,-3.355355276633823,-3.077425252997541,-0.27793002363628183,-0.0006948250590907046,2020
2020-06-11,1974,44,8,0,0,-7.862067216754997,-3.1724619415628825,-4.689605275192115,-0.011724013187980286,2020
2020-06-12,1974,44,10,0,0,8.708786263133383,8.43714409958798,0.27164216354540294,0.0006791054088635073,2020
2020-06-15,1974,44,9,0,0,-0.9394802390144995,0.3834046239446201,-1.3228848629591197,-0.003307212157397799,2020
2020-06-16,1974,44,34,0,0,0.3559506103166776,-0.3549908625773503,0.7109414728940279,0.0017773536822350696,2020
2020-06-17,1974,45,13,0,0,0.12039456114302738,1.2976992668575944,-1.1773047057145671,-0.002943261764286418,2020
2020-06-18,1974,45,6,0,0,-0.5709500964020805,0.3260948975151061,-0.8970449939171866,-0.0022426124847929664,2020
2020-06-19,1974,46,22,0,0,0.651185825572114,1.065627069938773,-0.4144412443666591,-0.0010361031109166476,2020
2020-06-22,1974,46,8,0,0,-1.9179289043799284,0.1546808054672041,-2.0726097098471326,-0.005181524274617832,2020
2020-06-23,1974,45,11,0,0,-2.1124591975715528,-1.3555399405113935,-0.7569192570601593,-0.0018922981426503982,2020
2020-06-24,1974,46,7,0,0,3.204899872681972,-0.05691109268191478,3.261810965363887,0.008154527413409718,2020
2020-06-25,1974,45,9,0,0,-4.029093092515444,-2.8906780864181445,-1.1384150060972993,-0.0028460375152432483,2020
2020-06-26,1974,44,14,0,0,0.8184282739373087,-0.42746377159843824,1.245892045535747,0.003114730113839367,2020
2020-06-29,1974,43,6,0,0,-2.88375658869095,-3.9843759486152144,1.1006193599242642,0.0027515483998106606,2020
2020-06-30,1975,44,6,0,0,-2.756155438871725,-2.488705951931068,-0.26744948694065673,-0.0006686237173516419,2020
2020-07-01,1975,44,7,0,0,1.1813359611975265,2.8017073180474026,-1.620371356849876,-0.00405092839212469,2020
2020-07-02,1975,44,6,0,0,5.054250088345053,3.631176057622993,1.4230740307220597,0.003557685076805149,2020
2020-07-03,1975,44,7,0,0,-1.2967616936273025,1.975911903027033,-3.2726735966543354,-0.008181683991635838,2020
2020-07-06,1975,44,12,0,0,-1.4559627377978799,-1.1435994865621064,-0.31236325123577346,-0.0007809081280894337,2020
2020-07-07,1975,45,6,0,0,-2.2771494934494094,-0.700652596233032,-1.5764968972163773,-0.0039412422430409435,2020
2020-07-08,1975,46,5,0,0,-4.688740715923465,-3.6321105658046027,-1.056630150118862,-0.002641575375297155,2020
2020-07-09,1975,44,5,0,0,6.556584854104341,4.755256272873047,1.801328581231294,0.004503321453078235,2020
2020-07-10,1976,45,4,0,0,-0.6132624057868429,-1.2609499168027736,0.6476875110159307,0.0016192187775398268,2020
2020-07-13,1976,45,21,0,0,2.7324730846432104,5.0725657337841,-2.3400926491408898,-0.005850231622852225,2020
2020-07-14,1976,45,4,0,0,-0.741492375503301,-1.2649699382341726,0.5234775627308715,0.0013086939068271788,2020
2020-07-15,1978,47,11,0,0,-1.4319463908385288,-1.817584896515444,0.38563850567691516,0.0009640962641922878,2020
2020-07-16,1978,48,4,0,0,0.6679627165921636,0.14995225695960326,0.5180104596325603,0.0012950261490814008,2020
2020-07-17,1978,47,6,0,0,1.9062433954233888,3.200384207075595,-1.2941408116522062,-0.0032353520291305156,2020
2020-07-20,1978,47,7,0,0,-1.3987064134696572,-0.8986493537284316,-0.5000570597412256,-0.001250142649353064,2020
2020-07-21,1978,47,7,0,0,0.7898273912597119,0.8295219471698055,-0.03969455591009363,-9.923638977523408e-05,2020
2020-07-22,1978,47,6,0,0,-2.1107887962574807,-0.24487501642632958,-1.8659137798311511,-0.0046647844495778775,2020
2020-07-27,1978,48,9,0,0,-4.831620998556054,-2.63507706837381,-2.196543930182244,-0.00549135982545561,2020
2020-07-28,1978,49,9,0,0,-3.1544313430443403,1.0687191913912735,-4.2231505344356135,-0.010557876336089034,2020
2020-07-29,1978,50,9,0,0,-8.724122565043698,-5.290634170120746,-3.4334883949229527,-0.008583720987307381,2020
2020-07-30,1978,49,5,0,0,4.45938771311999,3.4641408303093537,0.9952468828106364,0.002488117207026591,2020
2020-07-31,1980,51,11,0,0,5.130827007134287,4.9217083005686755,0.2091187065656115,0.0005227967664140288,2020
2020-08-03,1981,52,5,0,0,0.5668436021793668,0.3280512055944406,0.23879239658492618,0.0005969809914623155,2020
2020-08-04,1981,52,9,0,0,-0.3102327747058827,-1.4235734264386481,1.1133406517327655,0.0027833516293319137,2020
2020-08-05,1981,52,10,0,0,-0.2090832973774486,-0.17699725468911987,-0.032086042688328736,-8.021510672082184e-05,2020
2020-08-06,1981,52,10,0,0,6.252292822508142,1.6798594617518063,4.572433360756336,0.01143108340189084,2020
2020-08-07,1981,54,6,0,0,2.541529996138476,1.7016565383372428,0.839873457801233,0.0020996836445030826,2020
2020-08-11,1981,55,14,0,0,3.2552371103046966,1.4702252687158321,1.7850118415888645,0.004462529603972161,2020
2020-08-12,1981,55,12,0,0,1.5346993012242975,-0.42633826394669466,1.9610375651709921,0.00490259391292748,2020
2020-08-13,1981,54,10,0,0,-1.202182347389475,0.032282480176379656,-1.2344648275658547,-0.003086162068914637,2020
2020-08-14,1981,54,6,0,0,-0.9541571828073439,3.7049568397245527,-4.659114022531897,-0.011647785056329742,2020
2020-08-17,1981,54,8,0,0,0.6096086350543667,1.9241645292938514,-1.3145558942394846,-0.0032863897355987115,2020
2020-08-18,1981,54,8,0,0,-1.1820247039540517,-1.561296174939028,0.37927147098497627,0.0009481786774624407,2020
2020-08-19,1981,54,6,0,0,0.9377723147454997,3.7045346041461595,-2.76676228940066,-0.006916905723501649,2020
2020-08-20,1982,55,12,0,1,0.15985693541928223,2.1702122070846204,-2.0103552716653383,-0.005025888179163346,2020
2020-08-21,1982,57,5,0,0,2.931227987440561,-0.5890426757536162,3.5202706631941774,0.008800676657985444,2020
2020-08-24,1982,56,5,0,0,0.5039373356632,1.1085681811875163,-0.6046308455243163,-0.001511577113810791,2020
2020-08-25,1982,56,9,0,0,-1.6027017639886418,-0.9811720754123187,-0.6215296885763232,-0.001553824221440808,2020
2020-08-26,1982,57,7,0,0,-1.1894207400806103,-6.212509591074737,5.023088850994127,0.012557722127485318,2020
2020-08-27,1982,58,7,0,0,3.9820781483473255,4.079729624752207,-0.09765147640488125,-0.00024412869101220314,2020
2020-08-28,1982,58,14,0,0,2.5362638997483624,-0.08130073025740443,2.617564630005767,0.0065439115750144175,2020
2020-08-31,1982,58,10,0,0,0.3511950361382466,1.3807863917933882,-1.0295913556551417,-0.002573978389137854,2020
2020-09-01,1982,58,6,0,0,0.5144481604200059,0.29853294807683334,0.2159152123431725,0.0005397880308579313,2020
2020-09-02,1982,58,7,0,0,-1.5424926118284032,-2.700371198401894,1.1578785865734909,0.002894696466433727,2020
2020-09-03,1982,58,11,0,0,0.03441591406080367,-1.2476164431059582,1.2820323571667618,0.0032050808929169044,2020
2020-09-04,1982,58,10,0,0,3.22747574042066,2.055340152001951,1.1721355884187088,0.002930338971046772,2020
2020-09-07,1982,56,10,0,0,-2.186995611670817,-0.988587297289174,-1.198408314381643,-0.0029960207859541076,2020
2020-09-08,1982,56,14,0,0,1.0011327173310904,0.9411504415867711,0.05998227574431936,0.00014995568936079838,2020
2020-09-09,1982,56,15,0,0,2.150647927931128,1.5666894872545951,0.583958440676533,0.0014598961016913325,2020
2020-09-10,1982,58,16,0,0,2.098855894763729,1.8169304979500793,0.2819253968136495,0.0007048134920341237,2020
2020-09-11,1982,58,11,0,0,0.40748676056727984,0.5000432315639514,-0.09255647099667152,-0.0002313911774916788,2020
2020-09-14,1982,57,15,0,0,3.3854519972201316,0.7168859962103221,2.6685660010098093,0.006671415002524523,2020
2020-09-15,1982,58,7,0,0,-0.020280858843132632,-0.11009176267639781,0.08981090383326518,0.00022452725958316293,2020
2020-09-16,1982,57,10,0,0,1.934426534202058,1.955803318839511,-0.021376784637453072,-5.344196159363268e-05,2020
2020-09-17,1983,58,14,0,0,0.33694143600890786,-0.8928001452748361,1.229741581283744,0.00307435395320936,2020
2020-09-18,1983,58,19,0,0,-2.3484002537591357,-3.6949694179298134,1.3465691641706776,0.003366422910426694,2020
2020-09-23,1983,58,14,0,0,2.7017431932681704,2.619484283546052,0.08225890972211847,0.00020564727430529616,2020
2020-09-24,1984,58,11,0,0,1.788002371502763,4.024435508844626,-2.236433137341863,-0.005591082843354658,2020
2020-09-25,1986,60,22,0,0,1.0558638196542962,0.9922277624434379,0.0636360572108583,0.00015909014302714576,2020
2020-09-28,1986,60,27,0,0,-2.395588145681267,-4.896912451046137,2.5013243053648697,0.006253310763412174,2020
2020-09-29,1986,59,13,0,0,0.0,0.0,0.0,0.0,2020
2020-09-30,1986,59,13,0,0,-3.4814837684877324,-1.680683345831684,-1.8008004226560483,-0.004502001056640121,2020
2020-10-02,1989,62,12,0,1,0.3195068014967834,0.9118146439281832,-0.5923078424313999,-0.0014807696060784997,2020
2020-10-05,1990,61,31,0,0,0.19536983059409954,0.5364749361982794,-0.34110510560417984,-0.0008527627640104496,2020
2020-10-06,1990,62,18,0,0,1.5405432670826196,1.1583372165510566,0.382206050531563,0.0009555151263289075,2020
2020-10-07,1990,61,10,0,0,-1.0685862115356175,0.642336532947578,-1.7109227444831956,-0.004277306861207989,2020
2020-10-08,1990,60,16,0,0,-0.5050767876204452,1.101370999806763,-1.606447787427208,-0.00401611946856802,2020
2020-10-09,1990,57,6,0,0,0.592166125988865,-0.29662758121272875,0.8887937072015937,0.0022219842680039842,2020
2020-10-12,1990,57,8,0,0,-1.605870571250182,1.2722061160956954,-2.878076687345877,-0.007195191718364693,2020
2020-10-13,1990,59,11,0,0,-1.860320830871446,-1.5979646060618693,-0.26235622480957677,-0.0006558905620239419,2020
2020-10-14,1990,59,8,0,0,-2.3276774286988946,-3.1902599849593614,0.8625825562604668,0.002156456390651167,2020
2020-10-15,1989,57,14,0,0,3.246559474643147,3.719056900728116,-0.4724974260849688,-0.001181243565212422,2020
2020-10-16,1989,57,10,0,0,-1.432822442312099,-0.6373276267460626,-0.7954948155660364,-0.001988737038915091,2020
2020-10-19,1989,58,11,0,0,1.6940361885721205,1.678970435314472,0.015065753257648362,3.7664383144120906e-05,2020
2020-10-20,1989,57,9,0,0,-2.637528459751724,-5.360902983640074,2.7233745238883498,0.006808436309720874,2020
2020-10-21,1989,58,9,0,0,-0.44528132290381367,0.7703542364887795,-1.2156355593925932,-0.003039088898481483,2020
2020-10-22,1989,58,16,0,0,-2.502269422194043,-1.7263294659659578,-0.7759399562280851,-0.0019398498905702126,2020
2020-10-23,1989,58,9,0,0,0.6725297999759837,0.051759073616695406,0.6207707263592883,0.0015519268158982209,2020
2020-10-26,1989,57,11,0,0,-0.38758054109847623,-1.3340466016053938,0.9464660605069175,0.0023661651512672938,2020
2020-10-27,1989,57,7,0,0,0.5775159817619745,-1.6428517579377082,2.220367739699683,0.005550919349249207,2020
2020-10-28,1990,54,4,0,0,-4.918620663631394,-5.004805309098516,0.08618464546712179,0.00021546161366780447,2020
2020-10-29,1991,53,8,0,0,1.9493212365119665,1.2573811718181818,0.6919400646937848,0.001729850161734462,2020
2020-10-30,1991,53,9,0,0,5.559965903619176,1.894676988080582,3.6652889155385937,0.009163222288846484,2020
2020-11-02,1991,53,12,0,0,3.5409036608155837,2.0618956446249257,1.479008016190658,0.003697520040476645,2020
2020-11-04,1991,53,10,0,0,1.5204395121116854,0.9741259373438043,0.5463135747678811,0.0013657839369197028,2020
2020-11-05,1991,53,15,0,0,1.2281147760542213,3.0921571417167346,-1.8640423656625134,-0.004660105914156283,2020
2020-11-06,1991,53,4,0,0,-0.1608494270276785,2.0292011704200434,-2.190050597447722,-0.005475126493619305,2020
2020-11-09,1991,53,8,0,0,2.149550680719202,2.837993511725273,-0.6884428310060708,-0.0017211070775151772,2020
2020-11-10,1991,53,8,0,0,2.480261350668948,-4.175622286249193,6.655883636918141,0.01663970909229535,2020
2020-11-11,1991,53,10,0,0,-2.3212171415843734,-1.1208600840911878,-1.2003570574931857,-0.0030008926437329643,2020
2020-11-12,1991,53,7,0,0,3.7761793646565245,1.1535305768306816,2.6226487878258427,0.006556621969564607,2020
2020-11-13,1991,53,11,0,0,-0.7094787815533999,-2.9810135865860867,2.2715348050326867,0.005678837012581717,2020
2020-11-16,1991,53,15,0,0,0.28223925617808604,-0.8794039521952293,1.1616432083733153,0.002904108020933288,2020
2020-11-17,1991,52,11,0,0,-0.04534689299885223,-1.0648574945026679,1.0195106015038156,0.002548776503759539,2020
2020-11-18,1991,52,5,0,0,1.5729365614399817,1.0755512562406548,0.4973853051993269,0.0012434632629983171,2020
2020-11-19,1991,51,7,0,0,2.9496099889402223,4.15237935952332,-1.202769370583098,-0.003006923426457745,2020
2020-11-20,1991,51,7,0,0,-1.5016903908606627,-0.8552543279821826,-0.6464360628784801,-0.0016160901571962002,2020
2020-11-24,1991,51,9,0,0,1.800190093317114,2.188459723998091,-0.3882696306809772,-0.0009706740767024429,2020
2020-11-25,1991,51,9,0,0,2.293739821977383,1.6594087883443882,0.6343310336329948,0.001585827584082487,2020
2020-11-26,1991,50,10,0,0,-3.6787209334867756,-1.4969952008915477,-2.181725732595228,-0.0054543143314880705,2020
2020-11-27,1991,50,7,0,0,2.3550619415140996,2.695803217001161,-0.34074127548706157,-0.0008518531887176539,2020
2020-11-30,1991,50,2,0,0,1.3093630804572818,0.14899002769923306,1.1603730527580487,0.002900932631895122,2020
2020-12-01,1991,51,7,0,0,-0.8676862637731722,0.5504072253439826,-1.4180934891171546,-0.0035452337227928864,2020
2020-12-02,1991,52,6,0,0,-0.7364179016188341,0.8023008633541707,-1.5387187649730047,-0.003846796912432512,2020
2020-12-03,1991,52,5,0,0,-5.38019032200683,-3.1697584006780493,-2.2104319213287806,-0.005526079803321951,2020
2020-12-04,1991,51,5,0,0,0.9754791092310606,1.5560360650692162,-0.5805569558381556,-0.001451392389595389,2020
2020-12-07,1991,51,8,0,0,-0.4938629789717626,1.7810940420483525,-2.274957021020115,-0.005687392552550288,2020
2020-12-08,1991,51,2,0,0,-0.6754009642441358,-1.4185105773343487,0.743109613090213,0.0018577740327255323,2020
2020-12-09,1991,52,6,0,0,3.7693151208637654,0.13877597135773242,3.630539149506033,0.009076347873765083,2020
2020-12-10,1991,49,9,0,0,1.3893690525113858,2.623725040796626,-1.2343559882852402,-0.0030858899707131003,2020
2020-12-11,1991,49,5,0,0,-0.2081708765455882,-1.647785158232751,1.4396142816871627,0.0035990357042179066,2020
2020-12-14,1991,50,6,0,0,-0.560768197570889,1.1063224643607261,-1.6670906619316153,-0.004167726654829038,2020
2020-12-15,1990,49,6,0,0,1.063820039189938,-0.8016783027811889,1.8654983419711268,0.004663745854927817,2020
2020-12-16,1993,50,4,0,0,-0.3181872610885213,-0.14786250141118853,-0.17032475967733277,-0.0004258118991933319,2020
2020-12-17,1994,51,12,0,0,-0.9204636382989376,-0.7333873421976994,-0.18707629610123822,-0.0004676907402530955,2020
2020-12-18,1995,52,10,0,0,-7.0838003758992905,-4.500280576310689,-2.5835197995886015,-0.006458799498971503,2020
2020-12-21,1996,53,9,0,0,2.6652295187986645,0.5202544512458164,2.1449750675528483,0.005362437668882121,2020
2020-12-22,1998,52,11,0,0,2.218322520347615,1.5279551178014816,0.6903674025461333,0.0017259185063653332,2020
2020-12-23,1999,54,13,0,0,1.1396697172349297,1.1072498149928072,0.032419902242122545,8.104975560530637e-05,2020
2020-12-24,1999,54,8,0,0,-0.9679138489193436,-0.3586713651251728,-0.6092424837941708,-0.001523106209485427,2020
2020-12-25,1999,54,11,0,0,3.5567418701803937,2.5104278092024455,1.0463140609779482,0.0026157851524448703,2020
2020-12-28,1999,51,17,0,0,-0.5098942503948697,0.3396567338514771,-0.8495509842463468,-0.0021238774606158668,2020
2020-12-29,1999,51,13,0,0,-0.5956002452196483,-1.3950205939422116,0.7994203487225633,0.0019985508718064083,2020
2020-12-30,1999,50,5,0,0,-0.6038285544556856,0.020247241428349716,-0.6240757958840353,-0.0015601894897100883,2021
2021-01-04,1999,50,3,0,0,0.2812432363263267,1.7573251689204845,-1.4760819325941579,-0.0036902048314853947,2021
2021-01-05,1999,50,1,0,0,1.9583698098707678,2.156284044021499,-0.1979142341507314,-0.0004947855853768285,2021
2021-01-06,1999,49,4,0,0,2.70239284850142,2.2413017689261046,0.46109107957531537,0.0011527276989382884,2021
2021-01-07,1999,49,1,0,0,-0.4133195971241876,1.375066644647512,-1.7883862417716996,-0.004470965604429249,2021
2021-01-08,1999,48,4,0,0,1.5695935912882402,0.11937154838469595,1.4502220429035442,0.0036255551072588606,2021
2021-01-12,1999,47,3,0,0,-0.3836591399371681,-0.5432739145279565,0.15961477459078838,0.00039903693647697097,2021
2021-01-13,1999,47,2,0,0,-2.1896387761807237,-1.0233908188137717,-1.166247957366952,-0.00291561989341738,2021
2021-01-14,1999,47,7,0,0,-0.562775911863573,-0.8136994058387671,0.2509234939751941,0.0006273087349379852,2021
2021-01-15,1999,47,11,0,0,0.20113825407355923,-0.33699883738869096,0.5381370914622502,0.0013453427286556254,2021
2021-01-18,1999,46,4,0,0,0.03360913616473637,0.2812413820003818,-0.24763224583564541,-0.0006190806145891136,2021
2021-01-19,1999,45,10,0,0,1.1994419279267479,1.7870214482164213,-0.5875795202896734,-0.0014689488007241834,2021
2021-01-20,1999,44,2,0,0,-0.5031073408494303,-0.6731611173987441,0.17005377654931375,0.00042513444137328436,2021
2021-01-21,1999,43,8,0,0,1.8483396166419048,1.925097643116778,-0.07675802647487306,-0.00019189506618718267,2021
2021-01-22,1999,43,2,0,0,-0.8330560726341062,-1.0083731222833683,0.1753170496492621,0.00043829262412315524,2021
2021-01-25,1999,43,5,0,0,1.85104413910533,1.079543926514838,0.771500212590492,0.00192875053147623,2021
2021-01-26,1999,42,0,0,0,0.14066914803181244,-0.5795332284593185,0.720202376491131,0.0018005059412278274,2021
2021-01-27,1999,42,2,0,0,-3.669800973971789,-2.9600657889984654,-0.7097351849733236,-0.0017743379624333088,2021
2021-01-28,1999,41,5,0,0,1.921236625052159,1.7783587958807061,0.14287782917145297,0.00035719457292863246,2021
2021-01-29,1999,41,4,0,0,2.980953781992421,3.30280892808818,-0.3218551460957588,-0.000804637865239397,2021
2021-02-01,1999,41,7,0,0,2.7880787630668706,1.9041104881850413,0.8839682748818294,0.0022099206872045734,2021
2021-02-02,1999,41,0,0,0,0.31328180995912286,0.19287961717848945,0.12040219278063341,0.00030100548195158354,2021
2021-02-03,1999,41,6,0,0,3.1753128863194564,0.8402516403044901,2.3350612460149662,0.005837653115037415,2021
2021-02-04,1999,41,5,0,0,2.6155084880895534,2.0203159333107523,0.5951925547788011,0.0014879813869470026,2021
2021-02-05,1999,41,6,0,0,-1.1530573608658055,0.3511773293747029,-1.5042346902405084,-0.003760586725601271,2021
2021-02-08,1999,41,10,0,0,0.8751035530589748,0.16959107057032008,0.7055124824886547,0.0017637812062216368,2021
2021-02-09,1999,41,9,0,0,0.3078663990796822,0.7122098763295382,-0.40434347724985603,-0.00101085869312464,2021
2021-02-10,1999,41,7,0,0,1.1483628180650611,1.5817741531427192,-0.43341133507765806,-0.001083528337694145,2021
2021-02-12,1999,41,8,0,0,-0.7935005077520666,-0.5359365198588776,-0.257563987893189,-0.0006439099697329725,2021
2021-02-15,1999,42,8,0,0,0.16854367234091802,0.06806070660514758,0.10048296573577044,0.0002512074143394261,2021
2021-02-16,1999,42,5,0,0,-1.6889517962276395,-3.188300535776152,1.4993487395485123,0.003748371848871281,2021
2021-02-17,2000,40,5,0,0,-2.014181079953699,-0.7753591318891968,-1.2388219480645022,-0.0030970548701612557,2021
2021-02-18,2000,41,10,0,0,2.0576349569948653,1.8389896024511618,0.21864535454370349,0.0005466133863592588,2021
2021-02-19,2000,42,3,0,0,-3.2382404499965127,-4.677158787575905,1.4389183375793926,0.0035972958439484813,2021
2021-02-22,2000,42,9,0,0,2.183855847383596,1.1350264422437384,1.0488294051398577,0.002622073512849644,2021
2021-02-24,2000,42,4,0,0,-5.038760620768552,-3.911311861363956,-1.1274487594045959,-0.0028186218985114895,2021
2021-02-25,2000,42,8,0,0,2.558792101858749,4.4528158513483405,-1.8940237494895915,-0.004735059373723979,2021
2021-02-26,2000,42,4,0,0,-0.7708451834541284,-0.5404388741684542,-0.2304063092856743,-0.0005760157732141857,2021
2021-03-01,2000,41,5,0,0,1.5452849735412648,-1.184952197549844,2.730237171091109,0.006825592927727772,2021
2021-03-02,2000,41,7,0,0,-0.8275941117812544,-1.694603964595342,0.8670098528140875,0.0021675246320352185,2021
2021-03-03,2000,41,6,0,0,0.5315530061148154,0.4952833633363534,0.03626964277846195,9.067410694615489e-05,2021
2021-03-04,2000,41,8,0,0,0.7458425545503041,-1.0707760193484956,1.8166185738987997,0.004541546434746999,2021
2021-03-05,2000,38,8,0,0,3.079702403749105,2.9930010878897875,0.08670131585931751,0.00021675328964829377,2021
2021-03-08,2000,38,7,0,0,-0.027518673395011756,0.16735235096177034,-0.1948710243567821,-0.00048717756089195526,2021
2021-03-09,2000,38,3,0,0,1.288038467045378,1.9959633479099246,-0.7079248808645466,-0.0017698122021613666,2021
2021-03-10,2000,38,8,0,0,0.9844367776599025,3.4117022466692695,-2.427265469009367,-0.006068163672523418,2021
2021-03-11,2000,37,6,0,0,3.655284919038358,1.117117567486857,2.538167351551501,0.006345418378878752,2021
2021-03-12,2000,37,4,0,0,1.575982527280673,2.3838703530132133,-0.8078878257325404,-0.002019719564331351,2021
2021-03-15,2000,37,8,0,0,0.5504340946756959,1.654980647316962,-1.104546552641266,-0.002761366381603165,2021
2021-03-16,2000,34,7,0,0,1.7199918200623305,1.8991222462529553,-0.1791304261906248,-0.000447826065476562,2021
2021-03-17,2000,35,6,0,0,2.141824127321044,0.0753597075177924,2.0664644198032516,0.005166161049508129,2021
2021-03-18,2000,35,10,0,0,-0.7207738705604373,-0.9612126455078641,0.24043877494742683,0.0006010969373685671,2021
2021-03-19,2000,33,3,0,0,-2.6065926073356223,-3.495350946334289,0.8887583389986666,0.0022218958474966664,2021
2021-03-22,2000,30,7,0,0,-4.876022885149331,-4.061455965543402,-0.8145669196059284,-0.002036417299014821,2021
2021-03-23,2000,30,7,0,0,2.402337223264745,2.70731145181651,-0.3049742285517647,-0.0007624355713794118,2021
2021-03-24,2000,29,3,0,0,2.4171150626330786,3.527913930121228,-1.1107988674881493,-0.002776997168720373,2021
2021-03-25,2000,30,6,0,0,0.21534968378684102,0.1274133043909262,0.08793637939591481,0.00021984094848978702,2021
2021-03-26,2000,29,4,0,0,-1.2146459948820096,-1.386559210045995,0.17191321516398528,0.0004297830379099632,2021
2021-03-29,2000,29,4,0,0,-0.9883626420309053,-1.4200334012944944,0.4316707592635891,0.0010791768981589728,2021
2021-03-30,2000,29,3,0,0,1.0681231730153717,0.6094794067035209,0.4586437663118509,0.0011466094157796271,2021
2021-03-31,2000,29,1,0,0,1.3371288753034454,0.8418601288154882,0.49526874648795716,0.0012381718662198928,2021
2021-04-01,2000,29,4,0,0,0.6791618494243187,1.8534122594975804,-1.1742504100732618,-0.0029356260251831544,2021
2021-04-02,2000,29,2,0,0,-2.656110414114502,-2.431774801625342,-0.22433561248916023,-0.0005608390312229006,2021
2021-04-05,2000,30,1,0,0,2.589976593365555,2.195106785083509,0.3948698082820461,0.0009871745207051153,2021
2021-04-06,2000,29,3,0,0,-1.2228507507196003,-4.472918713307056,3.2500679625874556,0.00812516990646864,2021
2021-04-07,2000,29,0,0,0,0.7239150891828953,0.4602282058749633,0.26368688330793194,0.0006592172082698299,2021
2021-04-08,2000,28,5,0,0,-1.5594896716855626,1.0943412928228282,-2.6538309645083906,-0.0066345774112709765,2021
2021-04-09,2000,27,2,0,0,0.6000987398447348,0.21567089409474563,0.3844278457499892,0.000961069614374973,2021
2021-04-12,2000,29,5,0,0,0.1539456508291936,-0.30770331320807337,0.46164896403726696,0.0011541224100931674,2021
2021-04-13,2000,29,2,0,0,-0.5195688343769987,0.42241177522242007,-0.9419806095994188,-0.002354951523998547,2021
2021-04-14,2000,29,4,0,0,0.553080159583793,0.2758874491015941,0.2771927104821989,0.0006929817762054973,2021
2021-04-15,2000,30,2,0,0,-0.06572152167704685,-0.4133426088970766,0.3476210872200297,0.0008690527180500743,2021
2021-04-16,2000,29,1,0,0,-2.7564856830198585,-2.225620507209697,-0.5308651758101615,-0.0013271629395254037,2021
2021-04-19,2000,29,3,0,0,-5.382986915485837,-3.8344506567764824,-1.5485362587093547,-0.003871340646773387,2021
2021-04-20,2000,28,3,0,0,3.3310406969855655,2.980446057032164,0.35059463995340145,0.0008764865998835037,2021
2021-04-21,2000,29,1,0,0,-0.9275095258491749,-0.8879761736080874,-0.03953335224108745,-9.883338060271862e-05,2021
2021-04-22,2000,29,2,0,0,0.289563339058518,0.7743225013853561,-0.4847591623268381,-0.0012118979058170951,2021
2021-04-23,2000,29,4,0,0,-1.1752810956149053,-0.6155287691237649,-0.5597523264911405,-0.0013993808162278511,2021
2021-04-26,2000,29,4,0,0,-0.7624199209368946,-0.8802875310399889,0.11786761010309432,0.0002946690252577358,2021
2021-04-27,2000,29,6,0,0,-0.1406746901599479,-0.62141683641959,0.48074214625964207,0.0012018553656491051,2021
2021-04-28,1999,30,3,0,0,1.6654665786225022,2.0720900273539056,-0.4066234487314033,-0.0010165586218285083,2021
2021-04-30,1999,30,2,0,0,1.6628974808288326,1.08089532419765,0.5820021566311826,0.0014550053915779566,2021
2021-05-06,1999,30,5,0,0,1.1697689088062908,0.9074997315794079,0.2622691772268829,0.0006556729430672073,2021
2021-05-07,1999,31,3,0,0,-3.4239429453567687,-4.516308600444921,1.0923656550881522,0.0027309141377203803,2021
2021-05-10,1999,31,1,0,0,-2.638190607239773,-3.0161087262547963,0.37791811901502337,0.0009447952975375584,2021
2021-05-11,1999,32,1,0,0,-2.82569852411415,-4.091937462046511,1.266238937932361,0.0031655973448309026,2021
2021-05-12,1999,31,3,0,0,4.24430893129029,3.369456072478408,0.8748528588118822,0.0021871321470297057,2021
2021-05-13,1999,33,1,0,0,-0.5448528168937542,-2.376010554050595,1.831157737156841,0.004577894342892103,2021
2021-05-14,1999,33,2,0,0,2.786582393860847,3.1891136024600883,-0.4025312085992412,-0.001006328021498103,2021
2021-05-17,1999,33,4,0,0,-0.06750983269417976,-0.38626708119024106,0.3187572484960613,0.0007968931212401532,2021
2021-05-18,1999,33,3,0,0,1.959547758972814,1.5583946080879771,0.40115315088483694,0.0010028828772120923,2021
2021-05-19,1999,33,0,0,0,-0.09154114312321326,1.457489195975685,-1.5490303390988984,-0.003872575847747246,2021
2021-05-20,1999,33,1,0,0,1.63703100039118,-0.0745022218588567,1.7115332222500368,0.004278833055625092,2021
2021-05-21,1999,33,1,0,0,-0.7171598363046137,-0.34577201877531955,-0.3713878175292941,-0.0009284695438232353,2021
2021-05-24,1999,33,2,0,0,-0.2168614570328573,0.03265707304222524,-0.24951853007508254,-0.0006237963251877063,2021
2021-05-25,1999,32,2,0,0,-1.7025215192296486,-0.9350633078391528,-0.7674582113904957,-0.0019186455284762394,2021
2021-05-26,1999,32,3,0,0,3.089898897762602,2.986699478953375,0.1031994188092269,0.00025799854702306726,2021
2021-05-27,1999,32,3,0,0,-2.6391313229292312,-2.073045561745738,-0.5660857611834933,-0.0014152144029587331,2021
2021-05-28,1999,33,3,0,0,0.8118228287991288,0.30881004067757334,0.5030127881215555,0.0012575319703038888,2021
2021-05-31,1999,32,1,0,0,1.0616782921131003,0.32289985539756955,0.7387784367155308,0.0018469460917888269,2021
2021-06-01,1999,33,1,0,0,0.8991085436121535,1.3637931733969848,-0.46468462978483127,-0.0011617115744620781,2021
2021-06-02,1999,32,5,0,0,0.049101509267480116,0.09100381619749544,-0.04190230693001532,-0.0001047557673250383,2021
2021-06-03,1999,32,3,0,0,0.18465875910552287,-0.022699357058940217,0.2073581161644631,0.0005183952904111577,2021
2021-06-04,1999,30,2,0,0,0.2636608179899303,1.3758589445714746,-1.1121981265815444,-0.002780495316453861,2021
2021-06-07,1999,31,5,0,0,0.17552251240095976,0.3443472203349569,-0.16882470793399715,-0.0004220617698349929,2021
2021-06-08,1999,31,3,0,0,-0.11350853051404726,0.7300811930772699,-0.8435897235913172,-0.002108974308978293,2021
2021-06-09,1999,30,3,0,0,-0.6878486890462648,-0.5951043374456676,-0.09274435160059724,-0.0002318608790014931,2021
2021-06-10,1999,30,8,0,0,1.3891274712264285,-0.02461686221149421,1.4137443334379227,0.0035343608335948067,2021
2021-06-11,1999,30,2,0,0,0.22419140788717962,0.40369152686978566,-0.17950011898260604,-0.0004487502974565151,2021
2021-06-14,1999,30,3,0,0,0.3567864579162294,0.7475178891916433,-0.3907314312754139,-0.0009768285781885347,2021
2021-06-15,1999,30,4,0,0,-1.6712297143194217,-0.882185619280858,-0.7890440950385637,-0.001972610237596409,2021
2021-06-16,1999,31,4,0,0,-0.9369164291328888,-2.4643133473925047,1.5273969182596159,0.0038184922956490397,2021
2021-06-17,1999,33,3,0,0,-3.8482570586860043,-3.69072272451832,-0.15753433416768425,-0.00039383583541921063,2021
2021-06-18,1999,32,4,0,0,5.256379034791302,4.4642646568609115,0.7921143779303907,0.001980285944825977,2021
2021-06-21,1999,32,2,0,0,-0.09265261428308673,-0.8794921699004883,0.7868395556174016,0.001967098889043504,2021
2021-06-22,1999,33,4,0,0,-0.5084403237959428,-0.22272921038894697,-0.28571111340699584,-0.0007142777835174896,2021
2021-06-23,1999,34,2,0,0,1.6289548694358134,2.0224340103042073,-0.393479140868394,-0.000983697852170985,2021
2021-06-24,1999,34,3,0,0,1.2100317521015702,1.4008256099374627,-0.19079385783589253,-0.0004769846445897313,2021
2021-06-25,1999,35,2,0,0,-1.036322147013612,-1.760976243383939,0.7246540963703272,0.001811635240925818,2021
2021-06-28,1999,34,4,0,0,0.07228248868145366,-0.6208062593086302,0.6930887479900839,0.0017327218699752097,2021
2021-06-29,1999,34,3,0,0,-1.481435268360473,-0.7627666262399648,-0.7186686421205082,-0.0017966716053012704,2021
2021-06-30,1999,34,4,0,0,1.5394054077492065,2.0271854222317516,-0.48778001448254504,-0.0012194500362063625,2021
2021-07-01,1999,34,5,0,0,-0.544045353381068,-0.34417963109110183,-0.19986572228996613,-0.0004996643057249154,2021
2021-07-02,1999,34,4,0,0,0.4833363540360088,0.21065032794530655,0.27268602609070225,0.0006817150652267556,2021
2021-07-05,1999,34,3,0,0,-0.8616984808267601,-1.6789792076811736,0.8172807268544134,0.0020432018171360334,2021
2021-07-06,1999,35,2,0,0,-2.289621991334811,-2.133027362469433,-0.15659462886537812,-0.0003914865721634453,2021
2021-07-07,1999,35,1,0,0,-0.2610191488310884,0.4410355233825121,-0.7020546722136005,-0.0017551366805340014,2021
2021-07-08,1999,35,3,0,0,4.068619334445239,3.3657358760410787,0.7028834584041599,0.0017572086460103998,2021
2021-07-09,1999,35,4,0,0,2.208162136604521,1.3583113227464674,0.8498508138580538,0.0021246270346451344,2021
2021-07-12,1999,35,6,0,0,0.4695591064135473,0.2148946769493527,0.25466442946419465,0.0006366610736604866,2021
2021-07-13,1999,34,3,0,0,-2.236355703623158,-2.592201284059501,0.35584558043634296,0.0008896139510908574,2021
2021-07-14,1999,34,3,0,0,-0.43865706191021053,0.1847684678120064,-0.6234255297222169,-0.0015585638243055422,2021
2021-07-15,1999,35,5,0,0,-2.0686044164346695,-2.8705096799371845,0.801905263502515,0.0020047631587562873,2021
2021-07-16,1999,33,2,0,0,-1.8755183511703744,-1.3265385574954514,-0.548979793674923,-0.0013724494841873074,2021
2021-07-19,1999,34,4,0,0,2.1048905489333336,1.7379607664169612,0.3669297825163724,0.0009173244562909311,2021
2021-07-20,1999,36,2,0,0,2.428020906005702,2.2076525381358905,0.22036836786981162,0.000550920919674529,2021
2021-07-21,1999,35,5,0,0,1.0093505934775282,1.1021094954135322,-0.092758901936004,-0.00023189725484001,2021
2021-07-26,1999,36,3,0,0,-1.9840048537830226,-3.0554277636165623,1.0714229098335397,0.0026785572745838494,2021
2021-07-27,1999,36,2,0,0,0.59260505587636,1.9731760149857784,-1.3805709591094184,-0.003451427397773546,2021
2021-07-28,1999,36,1,0,0,-2.905121740293121,-2.9703440262508956,0.06522228595777468,0.0001630557148944367,2021
2021-07-29,1999,37,5,0,0,3.437411004141328,2.388246980671557,1.0491640234697712,0.002622910058674428,2021
2021-07-30,1999,37,1,0,0,-1.1046251456630274,-0.8968543251685638,-0.2077708204944636,-0.000519427051236159,2021
2021-08-02,1999,37,1,0,0,-1.2976496078401774,-2.3798193090388944,1.082169701198717,0.0027054242529967925,2021
2021-08-03,1999,39,2,0,0,-0.5425150233868682,-0.9612089691971905,0.41869394581032227,0.0010467348645258057,2021
2021-08-04,1999,39,1,0,0,0.08460002276115025,0.43814556310040254,-0.3535455403392523,-0.0008838638508481307,2021
2021-08-05,1999,39,2,0,0,0.9015573113585132,2.5094457158922236,-1.6078884045337105,-0.004019721011334276,2021
2021-08-06,1999,39,1,0,0,2.1184531296053284,1.3094720828579285,0.8089810467473999,0.0020224526168685,2021
2021-08-10,1999,39,5,0,0,1.216045777393412,0.061402338580369,1.1546434388130429,0.002886608597032607,2021
2021-08-11,1999,40,3,0,0,0.24629091451179705,0.09345690918221145,0.1528340053295856,0.000382085013323964,2021
2021-08-12,1999,40,3,0,0,-3.615750206970279,-3.673379236573068,0.05762902960278904,0.0001440725740069726,2021
2021-08-13,1999,40,2,0,0,-1.1553095126230926,-2.054095255056675,0.8987857424335826,0.0022469643560839563,2021
2021-08-16,1999,39,3,0,0,2.0574691344751614,2.737927055098229,-0.6804579206230676,-0.0017011448015576691,2021
2021-08-17,1999,40,1,0,0,-1.7291924718849108,-2.903801145644318,1.1746086737594073,0.002936521684398518,2021
2021-08-18,1999,40,1,0,0,-0.5307824495300931,-2.1913584320871022,1.6605759825570092,0.004151439956392523,2021
2021-08-19,1999,41,2,0,0,2.6648452392959463,4.361975284430211,-1.6971300451342648,-0.004242825112835662,2021
2021-08-20,1999,41,1,0,0,1.7876782869847476,3.2638487020264186,-1.476170415041671,-0.0036904260376041777,2021
2021-08-23,1999,41,1,0,0,-0.08918866108878647,0.5330340502333553,-0.6222227113221417,-0.0015555567783053542,2021
2021-08-24,1999,41,4,0,0,0.7056511572312192,0.31432417020973136,0.3913269870214878,0.0009783174675537195,2021
2021-08-25,1999,41,0,0,0,-0.39999625350409485,-0.30866735448896804,-0.09132889901512681,-0.00022832224753781703,2021
2021-08-26,1999,40,2,0,0,2.3810773608678932,3.6643604828770813,-1.283283122009188,-0.00320820780502297,2021
2021-08-27,1999,40,5,0,0,0.22146417402792615,0.9598241510484801,-0.7383599770205539,-0.0018458999425513848,2021
2021-08-30,1999,40,3,0,0,0.7609402985044253,1.722380434406654,-0.9614401359022287,-0.0024036003397555714,2021
2021-08-31,1999,41,6,0,0,-0.3864553255250532,-0.42154037097440805,0.03508504544935487,8.771261362338717e-05,2021
2021-09-01,1999,42,3,0,0,1.8012863699385637,2.534684909810251,-0.7333985398716873,-0.0018334963496792183,2021
2021-09-02,1999,42,6,0,0,1.9834367402025468,1.5853975822515274,0.3980391579510194,0.0009950978948775485,2021
2021-09-03,1999,43,7,0,0,0.8266336692982138,1.8125848822559192,-0.9859512129577054,-0.0024648780323942633,2021
2021-09-06,1999,43,9,0,0,1.6101477278878134,1.8237939601282147,-0.21364623224040136,-0.0005341155806010034,2021
2021-09-07,1999,45,10,0,0,-0.5499869641393537,-1.1481203659910788,0.5981334018517251,0.001495333504629313,2021
2021-09-08,1999,45,13,0,0,3.651432274455928,1.9777076146293293,1.6737246598265987,0.0041843116495664965,2021
2021-09-09,1999,44,9,0,0,1.7836372665885023,0.9340918465616584,0.8495454200268439,0.0021238635500671096,2021
2021-09-10,1999,45,11,0,0,1.8284677758658914,1.62703922918932,0.20142854667657129,0.0005035713666914282,2021
2021-09-13,1999,46,16,0,0,-2.5238776294586436,-2.1909529103510406,-0.332924719107603,-0.0008323117977690075,2021
2021-09-14,1999,45,11,0,0,-0.3603872596802615,-1.1489386832085866,0.7885514235283251,0.0019713785588208127,2021
2021-09-15,1999,45,11,0,0,1.8118959729678235,2.001208477923708,-0.18931250495588436,-0.0004732812623897109,2021
2021-09-16,1999,46,15,0,0,-3.2722027965666385,-3.2660725828969657,-0.006130213669672813,-1.5325534174182033e-05,2021
2021-09-17,1999,47,5,0,0,-2.105997677044853,-2.289240796284781,0.1832431192399282,0.0004581077980998205,2021
2021-09-21,1999,45,7,0,0,4.388447759648712,5.204314032904481,-0.8158662732557689,-0.002039665683139422,2021
2021-09-22,1999,45,8,0,0,-0.4565785132226461,-0.9747778639793401,0.518199350756694,0.001295498376891735,2021
2021-09-24,1999,46,7,0,0,-1.3855673830949007,-0.6062892317595432,-0.7792781513353575,-0.0019481953783383938,2021
2021-09-27,1999,46,12,0,0,-2.46288426974042,-2.170215806398884,-0.2926684633415362,-0.0007316711583538405,2021
2021-09-28,1999,46,7,0,0,-1.1032773643743192,0.07728489438836621,-1.1805622587626854,-0.0029514056469067134,2021
2021-09-29,1999,46,7,0,0,-3.745350929429877,-2.878594536540689,-0.8667563928891879,-0.00216689098222297,2021
2021-09-30,1998,46,4,0,0,-0.5608635120349655,-1.0500380222336934,0.4891745101987278,0.0012229362754968196,2021
2021-10-01,1998,46,8,0,0,-2.418971979307173,-2.948674194080585,0.5297022147734118,0.0013242555369335296,2021
2021-10-04,1998,46,3,0,0,-1.1852737032471639,0.9324255236112288,-2.1176992268583925,-0.005294248067145981,2021
2021-10-05,1998,45,8,0,0,0.1564134054965031,-0.49263120340018557,0.6490446088966887,0.0016226115222417218,2021
2021-10-06,1998,45,5,0,0,2.9962484852284033,2.3829560639713043,0.6132924212570989,0.0015332310531427473,2021
2021-10-07,1998,47,16,0,0,2.372314636184512,2.7212487915674353,-0.3489341553829233,-0.0008723353884573082,2021
2021-10-08,1998,47,9,0,0,-1.9995896488823235,-2.2823046519700707,0.2827150030877472,0.000706787507719368,2021
2021-10-11,1998,46,4,0,0,-0.8213220076383094,-1.5781357947405035,0.756813787102194,0.001892034467755485,2021
2021-10-12,1998,48,9,0,0,-0.2914319644303956,0.40957914608569546,-0.701011110516091,-0.0017525277762902274,2021
2021-10-13,1998,47,9,0,0,3.480791204962602,3.9035618291421463,-0.42277062417954436,-0.0010569265604488608,2021
2021-10-14,1998,49,6,0,0,0.6508186554034248,0.43273172710890906,0.2180869282945157,0.0005452173207362893,2021
2021-10-15,1998,48,11,0,0,0.3731236964046842,0.657998474176865,-0.2848747777721808,-0.000712186944430452,2021
2021-10-18,1998,48,6,0,0,-0.3759352265978442,0.1155007047143816,-0.4914359313122258,-0.0012285898282805646,2021
2021-10-19,1998,48,3,0,0,-2.494652167591459,-1.7983749548106631,-0.6962772127807957,-0.0017406930319519892,2021
2021-10-20,1998,48,2,0,0,-0.39564250655199856,-0.44365961763524137,0.0480171110832428,0.00012004277770810701,2021
2021-10-21,1998,49,3,0,0,-0.7360214187550644,-1.1739787862607227,0.4379573675056583,0.0010948934187641458,2021
2021-10-22,1998,48,5,0,0,2.291991682487316,2.415332141578975,-0.12334045909165914,-0.0003083511477291478,2021
2021-10-25,1998,48,4,0,0,-0.883574959992966,-1.009069458091907,0.1254944980989411,0.0003137362452473527,2021
2021-10-26,1998,48,3,0,0,-0.5129594205050761,0.35245996733319424,-0.8654193878382703,-0.0021635484695956757,2021
2021-10-27,1998,48,4,0,0,-0.441119841016681,-0.07621950772115593,-0.36490033329552507,-0.0009122508332388127,2021
2021-10-28,1998,47,2,0,0,3.8605943875256745,2.9231206282186863,0.9374737593069882,0.0023436843982674706,2021
2021-10-29,1998,47,6,0,0,-1.1788415744709748,-0.9800031062993352,-0.19883846817163964,-0.000497096170429099,2021
2021-11-01,1998,46,5,0,0,2.2793725815782255,1.7535374361558116,0.5258351454224139,0.001314587863556035,2021
2021-11-02,1997,46,2,0,0,-1.2150847421265807,-1.775861722144971,0.5607769800183904,0.001401942450045976,2021
2021-11-04,1997,46,5,0,0,-0.89955802644424,-0.12223092771807069,-0.7773270987261693,-0.0019433177468154233,2021
2021-11-05,1997,46,3,0,0,-2.010971246392526,-1.7536829943594014,-0.25728825203312455,-0.0006432206300828113,2021
2021-11-08,1996,46,3,0,0,-0.2937370784095972,-0.23614591987061273,-0.057591158538984444,-0.00014397789634746112,2021
2021-11-09,1996,46,3,0,0,0.32719970431017054,-0.09815829679159227,0.4253580011017628,0.001063395002754407,2021
2021-11-10,1996,46,3,0,0,2.4627957858790457,3.4366430207700582,-0.9738472348910125,-0.0024346180872275316,2021
2021-11-11,1996,46,2,0,0,0.39898709238596836,0.4175307143526097,-0.018543621966641333,-4.635905491660333e-05,2021
2021-11-12,1996,46,5,0,0,0.5262363390835191,-0.24705539672932367,0.7732917358128427,0.0019332293395321067,2021
2021-11-15,1996,46,2,0,0,-0.7994770220034179,-1.4012780794087263,0.6018010574053084,0.0015045026435132711,2021
2021-11-16,1996,45,0,0,0,-0.6192222247943041,-0.7945785822933839,0.17535635749907974,0.00043839089374769937,2021
2021-11-17,1997,45,1,0,0,0.2702639814024657,-0.21720874103496124,0.48747272243742695,0.0012186818060935674,2021
2021-11-18,1997,45,2,0,0,-0.7147432390398407,0.13400500599431203,-0.8487482450341528,-0.002121870612585382,2021
2021-11-19,1997,45,2,0,0,-3.0571765717094146,-1.6033631334150567,-1.453813438294358,-0.0036345335957358948,2021
2021-11-22,1997,45,3,0,0,0.42819226056773524,-0.3401241685803332,0.7683164291480684,0.001920791072870171,2021
2021-11-24,1997,47,5,0,0,-2.7351542803443487,-4.042527628130259,1.30737334778591,0.003268433369464775,2021
2021-11-25,1997,48,2,0,0,-5.097097621528839,-4.676106884772953,-0.4209907367558854,-0.0010524768418897134,2021
2021-11-26,1997,47,6,0,0,-1.3673180708716137,-1.1163061052287595,-0.2510119656428542,-0.0006275299141071355,2021
2021-11-29,1997,46,1,0,0,0.6046253215491829,0.8032208442290051,-0.19859552267982217,-0.0004964888066995555,2021
2021-11-30,1996,46,4,0,0,-1.6656664229892015,-1.8136797186458,0.1480132956565985,0.00037003323914149624,2021
2021-12-01,1996,46,6,0,0,4.392959491056353,4.68791951431277,-0.2949600232564169,-0.0007374000581410423,2021
