Date,ValidationYear,StocksRanked,SelectedMissingTargets,AllMissingTargets,FallbackStocks,SelectedFallbackStocks,OfficialDailySpread,IllustrativeGrossOneReturn,RankIC,NormalizedHardRankMSE,AllStockForecastMSE,MaxAbsoluteScore
2017-12-29,2018,1896,0,0,42,3,-0.10945294907760139,-0.0002736323726940035,-0.04005220045873389,0.17351916281145943,0.0003131460377284182,0.011874176709955619
2018-01-04,2018,1896,0,0,41,7,0.2173050128069005,0.0005432625320172513,-0.04406949893767065,0.1741904629529837,0.0004052455981770374,0.012416181768520586
2018-01-05,2018,1896,0,0,41,10,-0.7182981373086643,-0.0017957453432716607,-0.04876801498929161,0.17497328555893138,0.00037016085230068556,0.007084044320572679
2018-01-09,2018,1896,0,0,39,16,0.38044697188257687,0.0009511174297064422,0.05031618942829931,0.15844257962676936,0.0003796618956350479,0.02352243698759139
2018-01-10,2018,1896,0,0,39,2,-1.76950229605457,-0.004423755740136425,-0.11598342640388357,0.18618923960012007,0.0005706349191296435,0.005663055965054869
2018-01-11,2018,1896,0,0,39,7,-0.3314597720696714,-0.0008286494301741786,-0.024480690545145043,0.1709203211052684,0.0004601168992519385,0.0092883751076107
2018-01-12,2018,1896,0,0,39,4,-0.5364149282422414,-0.0013410373206056035,0.009846369627263395,0.1651903340127992,0.0003848743393975234,0.035764468814756124
2018-01-15,2018,1896,0,0,39,4,-1.1523726796409894,-0.0028809316991024736,-0.018342461667415287,0.16990067809112833,0.00038167645485453794,0.013920652579932651
2018-01-16,2018,1896,0,0,39,2,-0.009646999901574915,-2.411749975393729e-05,0.02561037010119203,0.1625676763392514,0.00039030159166109665,0.013608679764488648
2018-01-17,2018,1896,0,0,39,2,-0.6374668931803511,-0.0015936672329508778,-0.060821061782890616,0.17698370354103324,0.00030326666768831496,0.00951926666587367
2018-01-18,2018,1896,0,0,40,0,-1.6808177699214282,-0.00420204442480357,-0.10007811561597636,0.1835324278321978,0.00044667806933832615,0.00963667673885238
2018-01-19,2018,1896,0,0,40,9,-0.3131848566278219,-0.0007829621415695548,-0.0064248927620472835,0.16791046284312242,0.0003794161722856499,0.029727211168344796
2018-01-22,2018,1896,0,0,39,2,1.349193100835715,0.0033729827520892876,0.04832670654689948,0.1587716742957133,0.00032527518666865496,0.03750345842631534
2018-01-23,2018,1896,0,0,39,10,0.35467260874094264,0.0008866815218523566,-0.009211965211471116,0.16837508820116678,0.0003396847646709273,0.013604964310776537
2018-01-24,2018,1896,0,0,39,13,-0.10968453047446014,-0.00027421132618615036,-0.007651474854876426,0.1681118455565955,0.0003189479207754795,0.01315699437660612
2018-01-25,2018,1896,0,0,38,5,0.759585615288368,0.0018989640382209199,0.10751850630503478,0.14889695299906291,0.00037543783347945977,0.011464128191306532
2018-01-26,2018,1896,0,0,38,6,1.1500674345288342,0.0028751685863220855,0.02514795844066493,0.1626460461657854,0.0005160090132745001,0.034333092699246545
2018-01-29,2018,1896,0,0,38,7,-0.6138899873873198,-0.0015347249684682996,-0.005978480887199344,0.1678383933726948,0.0006585109924216644,0.012329099992792922
2018-01-30,2018,1896,0,0,38,5,0.676690690856633,0.0016917267271415826,0.02674016218270159,0.16238065329419335,0.001054907180716012,0.025443675977092198
2018-01-31,2018,1896,0,0,37,2,0.0820839508432114,0.00020520987710802852,0.0440603427230521,0.15948790382739528,0.00042847458991727695,0.011303248310443893
2018-02-01,2018,1896,0,0,36,2,0.8730604137383331,0.002182651034345833,0.07498563698605294,0.15433171091067194,0.0011273635884023322,0.0293269514328097
2018-02-02,2018,1896,0,0,37,3,0.25080248216136525,0.0006270062054034131,-0.01631025067362516,0.16956380794277998,0.004431992915499215,0.0321257194923617
2018-02-05,2018,1896,0,0,36,0,-0.6223957372944149,-0.0015559893432360373,-0.06717326113670878,0.1780461681647316,0.0006067201374530326,0.025707458696839477
2018-02-06,2018,1896,0,0,36,8,-1.6746024256769212,-0.004186506064192303,-0.14448165666242502,0.19094475203167816,0.0009665699567823269,0.06490781715320165
2018-02-07,2018,1896,0,0,35,2,-0.7210439888158806,-0.0018026099720397015,-0.029191395402198922,0.17171277772700855,0.0009949394497096521,0.05760541011591494
2018-02-08,2018,1896,0,0,34,0,0.22092329491799267,0.0005523082372949817,-0.059430423792601106,0.17675542543842526,0.0011496901050429807,0.04462433611600855
2018-02-09,2018,1896,0,0,34,2,-0.879711797810363,-0.0021992794945259074,-0.10024734525709805,0.18356669075978418,0.0009596938661776452,0.07724171324854259
2018-02-13,2018,1896,0,0,33,0,0.2857488039993201,0.0007143720099983003,0.03318975815205384,0.16130169904359254,0.0011903697298161892,0.03582150623797362
2018-02-14,2018,1896,0,0,33,7,0.6565390428434275,0.0016413476071085687,0.017439003708056806,0.1639309931930921,0.000930581356595596,0.03517635369452289
2018-02-15,2018,1896,0,0,34,0,0.3569293338310766,0.0008923233345776915,0.07528179190016292,0.15428233132901037,0.001362829120853987,0.0339024368078024
2018-02-16,2018,1896,0,0,34,0,-0.7367224692914807,-0.0018418061732287017,-0.008716996021650103,0.16828851754977403,0.0003327056584905428,0.051406897065727215
2018-02-19,2018,1896,0,0,34,1,-0.1664538438895211,-0.0004161346097238028,0.02059307710150957,0.16340247333975522,0.0005140635526285099,0.044292133555323444
2018-02-20,2018,1896,0,0,34,1,-0.10106748101514573,-0.0002526687025378643,-0.04185455921417944,0.17382201773426173,0.0003505551323829353,0.01954602455166199
2018-02-21,2018,1896,0,0,33,0,1.3741299952803512,0.003435324988200878,0.1639314297753821,0.13949076117654666,0.00036914032657913977,0.04380355474043534
2018-02-22,2018,1896,0,0,34,3,-0.37355523426829196,-0.0009338880856707299,-0.013253077821529985,0.16904984148391278,0.0004041697020005102,0.024458687049071674
2018-02-23,2018,1896,0,0,33,1,0.8754230348164297,0.0021885575870410744,0.10534015619384879,0.14925962344824917,0.00029630975917451587,0.10026372825049441
2018-02-26,2018,1896,0,0,32,4,-1.1615836254974203,-0.002903959063743551,-0.15187347232287343,0.19217877297353808,0.0003838046181805486,0.0238622254388269
2018-02-27,2018,1896,0,0,30,1,-0.9293220841269336,-0.002323305210317334,-0.09472795126146105,0.1826454399457015,0.0005583347593104881,0.011964681504484338
2018-02-28,2018,1896,0,0,32,6,0.432419211048495,0.0010810480276212376,-0.008901337906985461,0.16832719887076655,0.00048266847946643206,0.019582347021844977
2018-03-01,2018,1896,0,0,35,10,2.676691222553833,0.006691728056384583,0.16804454273065472,0.1388043841836468,0.0007439912356448538,0.030976239921747615
2018-03-02,2018,1896,0,0,36,14,0.12000197338829954,0.00030000493347074887,-0.018812689631814792,0.16998078565065386,0.0009269597201928997,0.02394208829209953
2018-03-05,2018,1896,0,0,35,8,-0.6088512386803533,-0.0015221280967008832,-0.05355073711368106,0.17577208924252877,0.00041065276519865315,0.3219306287321119
2018-03-06,2018,1896,0,0,34,4,-0.03453301671182096,-8.633254177955241e-05,-0.019683656041230922,0.17012048291866413,0.0004185761299632004,0.03307108173897563
2018-03-07,2018,1896,0,0,35,1,0.7684907721005997,0.0019212269302514991,0.08543409170840513,0.15258468171220463,0.00041601663617663357,0.05075038900571921
2018-03-08,2018,1896,0,0,35,3,1.1505137320302072,0.002876284330075518,0.17981725805692517,0.13684047631699717,0.0006120568759130819,0.015442043173006032
2018-03-09,2018,1896,0,0,36,3,-0.03342397858466639,-8.355994646166598e-05,-0.005011117533809071,0.16767525459113858,0.0005137184603829323,0.017140116932516217
2018-03-12,2018,1896,0,0,35,7,-0.36182950668762487,-0.0009045737667190621,0.003014669167817561,0.16633069325404753,0.00038512652689106497,0.02390135674645883
2018-03-13,2018,1896,0,0,34,3,-1.1433290962150728,-0.002858322740537682,-0.08833344819021692,0.1815747236789374,0.00043427979725323666,0.3543965162240957
2018-03-14,2018,1896,0,0,34,8,-0.09274097852999696,-0.0002318524463249924,-0.013025893196205202,0.16901158462713403,0.0003705040022739175,0.04466997227481335
2018-03-15,2018,1896,0,0,32,4,0.5239094074163315,0.0013097735185408287,0.032198315497272686,0.1614695028924813,0.0005330731857504696,0.023188554735661993
2018-03-16,2018,1897,0,0,31,7,0.2325275653524877,0.0005813189133812192,0.03602866789301347,0.16082532734269075,0.00026046820572515244,0.01611218600619396
2018-03-19,2018,1897,0,0,31,12,-0.47154435137685735,-0.0011788608784421434,-0.020218079508094917,0.17020857645271006,0.0003614940797415621,0.01313498240137028
2018-03-20,2018,1897,0,0,29,10,-1.0213494680982125,-0.0025533736702455312,-0.1540978009795815,0.1925525229533832,0.0017025594144358816,0.034776612530846275
2018-03-22,2018,1898,0,0,28,3,0.062371272214449325,0.00015592818053612332,-0.03992899519544594,0.1734992907154322,0.00031376945952457506,0.015231384015979267
2018-03-23,2018,1900,0,0,30,2,-0.6087015227600707,-0.0015217538069001767,-0.06315985041440039,0.1773797989687909,0.0022223615866717914,0.05880406629446898
2018-03-26,2018,1900,0,0,28,4,0.0018548615666456048,4.637153916614012e-06,0.00046911574267012867,0.1667632044008873,0.0005278287622390126,0.031800667925889675
2018-03-27,2018,1901,0,0,29,1,-0.8366115974967595,-0.0020915289937418987,-0.07604849386636,0.17952187899356076,0.0006372885768366293,0.1062225400433348
2018-03-28,2018,1901,0,0,31,1,-2.1615152504370196,-0.005403788126092549,-0.21979153414824257,0.20351024930747924,0.0006552523504123471,0.026347456007677413
2018-03-29,2018,1901,0,0,33,3,0.24721759199269014,0.0006180439799817253,-0.054593816566302376,0.17594586819009092,0.00032198267068795787,0.014344189261932337
2018-03-30,2018,1901,0,0,32,8,-0.005709769989227273,-1.4274424973068183e-05,-0.048184308545331,0.17487709071330004,0.0003188953065587479,0.007297184481072062
2018-04-02,2018,1902,0,0,33,6,-1.7828820132721908,-0.004457205033180477,-0.16616434919825204,0.1945614965398199,0.000520968576074361,0.025313291479419325
2018-04-03,2018,1902,0,0,34,1,-0.11246885853409827,-0.0002811721463352457,-0.02811102281089857,0.1715270578705708,0.0004074370228260055,0.033870444151177986
2018-04-04,2018,1902,0,0,34,8,0.4325142226547942,0.0010812855566369856,-0.03735902493496179,0.17307056255434172,0.0003966870693433979,0.05243544914412075
2018-04-05,2018,1902,0,0,34,5,-0.3554567378177606,-0.0008886418445444016,-0.07623361095263172,0.17955013994660174,0.0003584211490453978,0.015693513429809063
2018-04-06,2018,1902,0,0,34,2,-2.259908298359757,-0.005649770745899393,-0.16543873326498668,0.19444077084018999,0.00037474400467060433,0.02816996244450103
2018-04-09,2018,1902,0,0,36,7,-4.574413796375431,-0.011436034490938577,-0.32028883385996826,0.2202741513645298,0.000561278503090867,0.03105473903725836
2018-04-10,2018,1902,0,0,37,0,-0.698793005182629,-0.0017469825129565724,-0.11120051614240725,0.18538263242193523,0.0003257258605942128,0.02336402184883773
2018-04-11,2018,1902,0,0,38,0,0.2571238386827241,0.0006428095967068102,0.0433797311052921,0.15959894404997113,0.00042926543443898985,0.01740931802329342
2018-04-12,2018,1902,0,0,40,0,-0.7311576180081906,-0.0018278940450204763,-0.10602440475349835,0.18452711758934806,0.0006234889058452635,0.019771879601318054
2018-04-13,2018,1902,0,0,40,3,-0.4929885862014156,-0.001232471465503539,-0.07419575143741095,0.17921705944614355,0.00038253684386474886,0.027656223416350018
2018-04-16,2018,1902,0,0,40,3,-1.0402131939760957,-0.002600532984940239,-0.06564973458507627,0.17779321614924407,0.00045686816283803156,0.005684909021774929
2018-04-17,2018,1902,0,0,40,10,-0.8283672133927016,-0.002070918033481754,-0.01794464058895209,0.16982807914138948,0.00038202305608854104,0.06936018808547363
2018-04-18,2018,1902,0,0,41,8,-0.36284141260243186,-0.0009071035315060796,-0.04900964879228365,0.17500194984337863,0.00025592148139112,0.013664339856698375
2018-04-19,2018,1902,0,0,42,7,-0.02993893579707796,-7.48473394926949e-05,0.025777708555342494,0.16253515722708511,0.00035579410116561976,0.011456021825212378
2018-04-20,2018,1903,0,1,43,7,1.054130044008731,0.002635325110021827,0.06744748358030564,0.15558505597354427,0.0003325952519761859,0.006279748742902095
2018-04-23,2018,1903,0,0,43,3,-0.7251555914276138,-0.0018128889785690343,-0.09580970666855858,0.18281764168893447,0.000319495685229137,0.01988605316960746
2018-04-24,2018,1903,0,0,45,4,-0.13664096752702776,-0.00034160241881756937,-0.018816433566081123,0.16997520626210583,0.00039424494386046746,0.019722389905599342
2018-04-25,2018,1903,0,0,45,6,-1.2061136026672628,-0.003015284006668157,-0.09569520278333057,0.1828031409417233,0.000544282206589285,0.008409819562450144
2018-04-26,2018,1903,0,0,44,3,-0.36473164464463137,-0.0009118291116115784,0.008588716670154197,0.16540409603787057,0.0007194527951811099,0.01994578395201111
2018-04-27,2018,1903,0,0,45,2,0.9663936392329581,0.002415984098082395,0.14268838893647426,0.1430307743810294,0.00030421575532453907,0.016622308186238624
2018-05-01,2018,1903,0,0,46,0,-0.22325883818928582,-0.0005581470954732146,-0.04215923847917975,0.1738669526846325,0.0004207133897039824,0.010343068068638458
2018-05-02,2018,1903,0,0,48,0,1.912044836766085,0.004780112091915212,0.13452939728798358,0.14439120687808824,0.00044103135816258806,0.00480279115325114
2018-05-07,2018,1903,0,0,47,1,1.375394548889012,0.00343848637222253,0.07454556209951128,0.15439721698478373,0.0006645811397925516,0.004917138248549932
2018-05-08,2018,1903,0,0,47,4,0.8090674484344678,0.0020226686210861695,0.05000629987675664,0.1584921945878616,0.0007751527391752393,0.008468872537100179
2018-05-09,2018,1903,0,0,48,4,0.3329554665101333,0.0008323886662753333,0.062373851516818526,0.1564333515461934,0.0008196978799604682,0.013168387329020884
2018-05-10,2018,1903,0,0,48,4,0.6299600951695328,0.0015749002379238318,0.046611899424858765,0.1590620742074612,0.0010557818034352727,0.022203082012809468
2018-05-11,2018,1903,0,0,47,0,0.7413244508674941,0.0018533111271687352,-0.011166140551289443,0.1686999381194349,0.0007067171980198572,0.018265566816636748
2018-05-14,2018,1903,0,0,47,3,-0.6862946011198892,-0.001715736502799723,-0.05280907524440508,0.17564902025370824,0.0006410810991560205,0.05135723754625356
2018-05-15,2018,1903,0,0,47,1,0.7275917621483226,0.0018189794053708064,0.06523015651180854,0.1559523221311743,0.0003830501114422174,0.043679314915060816
2018-05-16,2018,1903,0,0,47,3,0.3832987381859715,0.0009582468454649287,0.04810590582423459,0.15881097367486582,0.0002970974240179552,0.009505925187048667
2018-05-17,2018,1903,0,0,48,0,1.335054737607357,0.0033376368440183922,0.11808889507956052,0.14713427354715503,0.0003524328493383186,0.05776748245994551
2018-05-18,2018,1903,0,0,49,0,0.8726351365994218,0.0021815878414985545,0.06710266479222275,0.15564161481569,0.00023428730525718126,0.023383593793113444
2018-05-21,2018,1903,0,0,50,1,0.19054508877860715,0.0004763627219465179,-0.0659780908851784,0.17784245126286047,0.000291496224411696,0.04358662259095436
2018-05-22,2018,1903,0,0,51,0,-0.4825048304195281,-0.0012062620760488203,-0.03532943692645839,0.17273402529430468,0.00038791470708399834,0.01411349002787077
2018-05-23,2018,1903,0,0,50,9,-1.8312141995260223,-0.0045780354988150555,-0.14937572152781062,0.19175769613407742,0.00028958880773661205,0.03153265775446865
2018-05-24,2018,1903,0,0,50,1,-0.42513763745271826,-0.0010628440936317957,-0.026647551000008148,0.17127848109949678,0.0003589111841976002,0.0456242910033615
2018-05-25,2018,1903,0,0,50,8,-0.3345053096414994,-0.0008362632741037484,-0.07089943026521588,0.17866665316580319,0.0002776471169414732,0.020980549149351654
2018-05-28,2018,1903,0,0,50,15,0.28441185352142684,0.0007110296338035671,0.04259519858292831,0.15973466491717647,0.00037918509623557933,0.03963943954218659
2018-05-29,2018,1903,0,0,50,14,1.2704376090631273,0.0031760940226578183,0.06157335772377364,0.1565644824449012,0.00046336664525456066,0.016327058146894648
2018-05-30,2018,1903,0,0,50,8,-0.5879035225146236,-0.001469758806286559,-0.0623608801191178,0.17724172391912174,0.0004289628381711965,0.012091381285680389
2018-05-31,2018,1904,0,0,51,11,-1.94079306552699,-0.004851982663817475,-0.19733209836873192,0.19976427623796117,0.0006112824385732836,0.04129811390911517
2018-06-01,2018,1904,0,0,51,9,0.1767018849898767,0.0004417547124746918,-0.0408721387798814,0.173651836126874,0.00035157836047504604,0.21353637477089665
2018-06-04,2018,1904,0,0,51,14,0.7847759162867873,0.0019619397907169682,0.038368518111642456,0.16043215821788256,0.00035014453999925374,0.05551311046583908
2018-06-05,2018,1904,0,0,52,6,0.6509623140110181,0.0016274057850275453,0.09105495478485624,0.15164522681107606,0.0004021411607807307,0.027476872672678523
2018-06-06,2018,1904,0,0,52,6,-0.3309899589117214,-0.0008274748972793035,-0.03639663137921969,0.1729045529665944,0.00031044052243586105,0.027817313875798742
2018-06-07,2018,1904,0,0,51,8,-0.3228121795854959,-0.0008070304489637398,-0.025586236923610357,0.171102516528045,0.0003266431033275301,0.03261324356381984
2018-06-08,2018,1904,0,0,51,17,-0.5682254413176601,-0.0014205636032941502,-0.05346103616349687,0.17575297703604484,0.0002484524516532503,0.022277743125139908
2018-06-11,2018,1904,0,0,51,10,0.11165017289176121,0.000279125432229403,-0.00908061142674815,0.16834881988200837,0.000345169737494525,0.015485364558472322
2018-06-12,2018,1904,0,0,52,0,0.6194696217298495,0.001548674054324624,0.04561059482989251,0.15922366034494706,0.0003279718068714972,0.010135662474061103
2018-06-13,2018,1904,0,0,53,3,1.6714729295129307,0.004178682323782327,0.14823011726519272,0.1421093080057509,0.0003952275340226692,0.009549288864220273
2018-06-14,2018,1904,0,0,53,8,-1.9456295380509498,-0.004864073845127374,-0.1839021667177392,0.1975222667899045,0.0004670073463990711,0.010888747747215195
2018-06-15,2018,1904,0,0,53,10,0.31947584539741136,0.0007986896134935284,0.008890937461754452,0.16535773181206032,0.0006073179497182177,0.016033115461221586
2018-06-18,2018,1904,0,0,51,6,0.2379515491762888,0.000594878872940722,0.010997779233480751,0.16500300842210608,0.00031551715465127347,0.02105563981957589
2018-06-19,2018,1905,0,0,51,17,1.277021472485974,0.003192553681214935,0.11119101164555102,0.14828762047025854,0.0003358239876361969,0.027491192300939417
2018-06-20,2018,1905,0,0,50,17,0.1557003863709784,0.00038925096592744605,0.020442741846715327,0.1634283472536768,0.0004332508157561091,0.061675699133597356
2018-06-21,2018,1906,0,0,51,4,-0.3797967175070909,-0.0009494917937677272,-0.019236246680645597,0.1700495120542532,0.0006271510101367514,0.0160480386879863
2018-06-22,2018,1907,0,0,51,8,-1.928239853394472,-0.00482059963348618,-0.16569950919741622,0.1944827032104999,0.0004053400464158387,0.018777955967847905
2018-06-25,2018,1907,0,0,51,8,0.8598238242608984,0.002149559560652246,0.16304621235460523,0.1396363814424155,0.0005547970185828481,0.0178023085915246
2018-06-26,2018,1908,0,0,51,9,-0.1434793463284202,-0.0003586983658210505,-0.02387560870469463,0.1708213621088601,0.0003149610173952129,0.02246653352810863
2018-06-27,2018,1909,0,0,50,4,0.9370772705975955,0.0023426931764939886,0.12122252551892015,0.14661198805537512,0.0003324236909612863,0.007380737563394426
2018-06-28,2018,1909,0,0,50,12,-0.5832111166076199,-0.0014580277915190497,-0.018129613360113674,0.1698657695010555,0.0008071506484892771,0.04063618779582602
2018-06-29,2018,1910,0,0,51,5,-0.9028563908103607,-0.002257140977025902,-0.07345620698485901,0.17909373826870734,0.00038333645493550975,0.0137931480978913
2018-07-02,2018,1910,0,0,52,17,0.34455019898252515,0.0008613754974563128,0.024155402431471015,0.16280764284544463,0.0003996013080619182,0.027091307482340562
2018-07-03,2018,1910,0,0,52,5,0.3089039647844527,0.0007722599119611318,0.041390881134082215,0.1599353115239211,0.0005458098152962928,0.015926564916429766
2018-07-04,2018,1910,0,0,52,4,1.6646073896260845,0.004161518474065211,0.11117121034814363,0.1482912515017739,0.0008007175830158969,0.01705822293904998
2018-07-05,2018,1910,0,0,51,25,0.0886517577427286,0.0002216293943568215,-0.020627790480962763,0.17028080773784043,0.0012846997340427526,0.04787971304193808
2018-07-06,2018,1910,0,0,52,7,1.0462645460275943,0.002615661365068986,0.06586835089155019,0.15584964345576477,0.0004412224224300476,0.028607461910723886
2018-07-09,2018,1910,0,0,51,1,-0.5538116682170993,-0.0013845291705427481,-0.047753263268100775,0.17480701365620036,0.0004954814402359218,0.034020522398178515
2018-07-10,2018,1911,0,0,51,5,0.14404613448032677,0.0003601153362008169,0.06759488591564464,0.15555672715577873,0.00035477337555607296,0.012287863255173202
2018-07-11,2018,1911,0,0,53,8,0.12799766381575362,0.000319994159539384,0.029486203848199465,0.16191677514015562,0.0006043319602381278,0.04192382122654727
2018-07-12,2018,1911,0,0,54,8,2.0932005733162313,0.005233001433290578,0.15039991223995666,0.14174685550241123,0.0006528474000776616,0.008690756059502336
2018-07-13,2018,1911,0,0,55,2,0.28790638043989625,0.0007197659510997407,0.05213290251933774,0.15813954249942455,0.0004016281637558798,0.011872559121447301
2018-07-17,2018,1911,0,0,54,2,1.730022970891188,0.00432505742722797,0.15778854411499768,0.14051315465807157,0.0002775240831082408,0.018629243297264043
2018-07-18,2018,1911,0,0,54,3,-0.9823862811123716,-0.002455965702780929,-0.03835638084698358,0.17323448593865287,0.00032774003927047476,0.012914253423589013
2018-07-19,2018,1911,0,0,55,6,0.380188219169912,0.00095047054792478,0.06868077515481828,0.15537315461130993,0.000330267702088465,0.0424712468701054
2018-07-20,2018,1911,0,0,54,3,0.2733622555667081,0.0006834056389167703,0.052044317984353924,0.15815287295131988,0.00032654759523628057,0.00885365174547453
2018-07-23,2018,1912,0,0,55,4,0.7137486048125492,0.001784371512031373,0.08445943868251539,0.1527425917481735,0.0003176950765362478,0.006105812936284301
2018-07-24,2018,1912,0,0,57,4,0.4904405561574643,0.0012261013903936608,0.042767837322132074,0.15970405115290734,0.00036981352300257097,0.011523730032459933
2018-07-25,2018,1913,0,0,58,6,0.6600420456699929,0.0016501051141749822,0.04948914680948837,0.15858120918007867,0.0003475380089249927,0.01943544897498413
2018-07-26,2018,1913,0,0,58,9,0.12646717671497942,0.00031616794178744855,0.07037037558132689,0.15509566329378766,0.0007498603927544529,0.02525261680866113
2018-07-27,2018,1913,0,0,57,5,1.136377390475759,0.0028409434761893977,0.12733813566867846,0.14559364198245975,0.0007902648400970471,0.011270819299001197
2018-07-30,2018,1913,0,0,57,2,-1.603767953135691,-0.004009419882839227,-0.046590235815297344,0.17461006496462286,0.0008353485071852886,0.01978943804303399
2018-07-31,2018,1913,0,0,57,7,1.122133082968031,0.002805332707420077,0.09672858530544075,0.15069485859615808,0.0005446736417348655,0.015515418100817253
2018-08-01,2018,1913,0,0,58,4,-0.4299825423439756,-0.001074956355859939,-0.028967216824307106,0.17167126981113073,0.0007153360265987807,0.04931913592774042
2018-08-02,2018,1913,0,0,56,2,-1.0239827999176132,-0.002559956999794033,-0.028194282414350708,0.17154057794477662,0.0008130732470004528,0.06410032205817733
2018-08-03,2018,1913,0,0,56,0,0.8980951477865792,0.002245237869466448,0.003660348901284187,0.16622689130672003,0.0005892870423758886,0.057255035957111546
2018-08-06,2018,1913,0,0,57,1,0.26052809379427944,0.0006513202344856986,0.02529390924061623,0.1626177491339699,0.0007250350948818395,0.01679934233042467
2018-08-07,2018,1913,0,0,58,1,0.0722135966013466,0.0001805339915033665,0.030265679974633603,0.1617876485061796,0.0006429538446804621,0.014854060566973932
2018-08-08,2018,1913,0,0,57,2,0.09722301190736626,0.00024305752976841566,0.060235558754508284,0.15678830510166544,0.0010152060731173547,0.015563012934202222
2018-08-09,2018,1913,0,0,58,0,1.1361252792128678,0.0028403131980321693,0.07599244850077727,0.15416201388615045,0.0015316469584548708,0.011514049715577176
2018-08-10,2018,1913,0,0,58,1,0.6172299215944435,0.0015430748039861086,0.025874335916378985,0.1625231727647685,0.0007452720481728871,0.020463359444831263
2018-08-13,2018,1913,0,0,58,8,-1.4635296620516087,-0.003658824155129022,-0.12304724117057803,0.18736844089213117,0.0006167970813990634,0.012244883843689443
2018-08-14,2018,1913,0,0,60,2,0.06130544844899655,0.00015326362112249136,0.018309991613402393,0.16378293021987797,0.000599795777605636,0.02199622108075182
2018-08-15,2018,1913,0,0,61,3,0.16747814885585477,0.00041869537213963694,0.08370475490957821,0.15286981251845103,0.00031195685899426727,0.10063567800821724
2018-08-16,2018,1913,0,0,62,9,-0.5444196799079624,-0.001361049199769906,-0.07746874773927517,0.17976210057266664,0.00038160305585025855,0.1455078968563643
2018-08-17,2018,1913,0,0,63,7,-0.7166565878840149,-0.0017916414697100372,-0.06560989311428417,0.17778360030400794,0.0003372842156220651,0.039174209987536734
2018-08-20,2018,1913,0,0,64,7,-0.5395251595458892,-0.001348812898864723,-0.002832855904573358,0.16731078812616423,0.0005027297577633288,0.021864663996773386
2018-08-21,2018,1913,0,0,64,10,-1.3753127717040283,-0.003438281929260071,-0.02688898041095934,0.17131494958593094,0.00036184794735559414,0.037963125041218015
2018-08-22,2018,1913,0,0,65,12,0.0024496533126225906,6.124133281556476e-06,0.028076473370600843,0.16214932725440376,0.0003139461420196598,0.049245491288246464
2018-08-23,2018,1913,0,0,64,15,-0.23216583507153699,-0.0005804145876788425,-0.03177324431366005,0.17214053948541094,0.0004832047222848268,0.022016756409932826
2018-08-24,2018,1913,0,0,64,10,1.0740136166740863,0.002685034041685216,0.12010945058459645,0.14678824064410073,0.0002476485693173801,0.00967072039597964
2018-08-27,2018,1913,0,0,64,7,0.528569139347504,0.00132142284836876,0.02431137266499368,0.16278104527752382,0.0003779229855735092,0.041264639993428366
2018-08-28,2018,1913,0,0,64,9,-0.691468052302526,-0.001728670130756315,-0.03537723175519954,0.17273407707572888,0.00036467652344871377,0.00715312048153157
2018-08-29,2018,1913,0,0,63,5,0.04106257466634877,0.00010265643666587193,-0.045048892352741066,0.17434417279146325,0.0002599848379334573,0.04005289999183249
2018-08-30,2018,1913,0,0,63,7,-0.33995205702361897,-0.0008498801425590474,-0.0018528688329491813,0.16714603940669487,0.0005939251256607209,0.03898817716819687
2018-08-31,2018,1913,0,0,65,11,-0.5535511707351701,-0.0013838779268379254,-0.0940215171138783,0.18251845306342612,0.00033767456962682427,0.02450690310974173
2018-09-03,2018,1913,0,0,64,7,-0.2139476748435316,-0.0005348691871088291,0.008112123898178055,0.1654757434741822,0.00037448411522275865,0.018124876868669027
2018-09-04,2018,1913,0,0,64,13,-0.5757999286217632,-0.001439499821554408,0.007397530694929696,0.1656032319805968,0.00045549490754305945,0.032272248254122705
2018-09-05,2018,1913,0,0,65,18,-0.7434298260236664,-0.001858574565059166,-0.0899859095790752,0.18184863818584943,0.0003434776362095939,0.019847508009139453
2018-09-06,2018,1913,0,0,63,12,-0.7761252983639633,-0.0019403132459099083,0.013452746196446928,0.16458613056018692,0.0004300043445387451,0.2808147344628352
2018-09-07,2018,1913,0,0,63,5,0.5159632519950242,0.0012899081299875606,0.07852437297102174,0.15372926258667635,0.00036110506881058475,0.02320677523372344
2018-09-10,2018,1913,0,0,64,6,0.5903966547303883,0.0014759916368259707,0.1122619654591508,0.14810698610824888,0.0004169185457538691,0.020964746361255122
2018-09-11,2018,1913,0,0,61,9,-0.8623445765840795,-0.0021558614414601985,-0.037996105152717174,0.1731746619325848,0.00039531290242428394,0.00590816698061954
2018-09-12,2018,1913,0,0,62,0,-2.051488318974074,-0.0051287207974351845,-0.22449806871943065,0.20429189533568534,0.0006650769632366519,0.013896215576611902
2018-09-13,2018,1913,0,0,63,6,-0.15171803220307423,-0.00037929508050768557,0.03522576695263659,0.16096237304430733,0.0007161138844351603,0.012569783465568012
2018-09-14,2018,1913,0,0,61,8,1.358129261359636,0.0033953231533990903,0.1794591089600979,0.13689848408802827,0.0005350846086139493,0.021676650702653052
2018-09-18,2018,1913,0,0,59,4,0.18034242956366736,0.0004508560739091684,-0.0030145211282969816,0.16733805368461827,0.00033529251351877156,0.03052482893178685
2018-09-19,2018,1913,0,0,58,6,0.23386223390467809,0.0005846555847616952,0.0408984033298787,0.16001576799218226,0.000462049597916289,0.022869339600052233
2018-09-20,2018,1913,0,0,57,5,0.12711998844588646,0.00031779997111471616,-0.01638114445083409,0.16957314919730515,0.0005845331800104853,0.017154386220394755
2018-09-21,2018,1914,0,0,58,12,-2.1425176477797985,-0.0053562941194494965,-0.18201797740485853,0.19720606717111988,0.0005428460479472081,0.04006083935988245
2018-09-25,2018,1915,0,0,59,21,-0.5446333564191526,-0.0013615833910478813,-0.050587712316335465,0.1752800495430958,0.0009665390794705773,0.028357971346041337
2018-09-26,2018,1915,0,0,58,8,0.4495692533066341,0.0011239231332665852,0.04119516951982433,0.15996387350980165,0.00033705858302265126,0.028005013560272365
2018-09-27,2018,1916,0,0,59,12,0.6565996933676338,0.0016414992334190844,0.09813953277954163,0.15046438191113742,0.00037234252599898965,0.062124424265774615
2018-09-28,2018,1917,0,0,60,20,-1.1081135058662939,-0.0027702837646657345,-0.09440069387398624,0.18258606183034082,0.00039343912535954066,0.012118527762094947
2018-10-01,2018,1920,0,0,63,16,0.587177880825291,0.0014679447020632275,0.04255419389817564,0.15973840213260102,0.0005291006248003748,0.017267653075618932
2018-10-02,2018,1920,0,0,63,12,-0.9675965237323954,-0.0024189913093309885,-0.04489363905621648,0.17432602800910832,0.0003167201307045174,0.02079578509772617
2018-10-03,2018,1920,0,0,63,2,-0.8165363469010591,-0.0020413408672526477,-0.06382621439282832,0.17748427366794922,0.0004340490914483131,0.016292574482909997
2018-10-04,2018,1920,0,0,62,6,-0.9490869196153287,-0.0023727172990383218,-0.04191388878685666,0.17383201831494896,0.000825332154198762,0.028074259513199938
2018-10-05,2018,1920,0,0,65,6,0.6210228668553255,0.0015525571671383138,0.08827348378282947,0.15210893810833456,0.0005300316769179517,0.037839750119981905
2018-10-09,2018,1920,0,0,65,4,-0.45324587135794125,-0.001133114678394853,0.031795403189555,0.161535600241924,0.0013577328970482449,0.023823958587129483
2018-10-10,2018,1920,0,0,64,1,2.5655299680118127,0.006413824920029532,0.18582307116548763,0.13583664118191116,0.000660223136348492,0.016465761877437625
2018-10-11,2018,1920,0,0,63,31,1.4040401022397302,0.0035101002555993255,0.055828057222405074,0.15752547035767592,0.000521037707367697,0.10391655323329203
2018-10-12,2018,1920,0,0,63,5,-0.4069325844318227,-0.0010173314610795567,-0.0923133476373839,0.18223825706541816,0.0004896809969167469,0.02514237559077192
2018-10-15,2018,1920,0,0,63,9,0.5992085942205323,0.0014980214855513307,0.09066483115787903,0.15171338641776744,0.0009036960861749891,0.0349160548002118
2018-10-16,2018,1920,0,0,64,11,-1.1349920199741685,-0.0028374800499354215,-0.10451571501878633,0.18427274071857422,0.0003747979210724023,0.023747829944825962
2018-10-17,2018,1920,0,0,63,4,-1.397596591880109,-0.0034939914797002727,-0.12526590023035136,0.18773522303556772,0.000511935030632043,0.0667589293495724
2018-10-18,2018,1920,0,0,63,15,-0.4439087411962259,-0.0011097718529905647,-0.008452923469187041,0.16824501211306028,0.0003215411887713602,0.03882808407217682
2018-10-19,2018,1921,0,0,64,10,0.8425881542604987,0.0021064703856512467,0.11816709265149337,0.14712498932440787,0.0006484535972002596,0.013856521090226446
2018-10-22,2018,1921,0,0,63,12,0.2152181560735868,0.000538045390183967,0.04560159244465773,0.15922276436155217,0.0003962464032733463,0.032960086393013115
2018-10-23,2018,1921,0,0,62,9,1.0067617642932962,0.0025169044107332408,0.11657858016071013,0.14739026846911332,0.0009891091146686706,0.04015264984803514
2018-10-24,2018,1921,0,0,63,15,-0.03707702383074141,-9.269255957685352e-05,-0.003811635370307017,0.16747434941868292,0.000692069047758665,0.10078512115024088
2018-10-25,2018,1921,0,0,62,36,0.17557956401888353,0.0004389489100472088,0.06591520271447135,0.15584113576495076,0.0015125737598893926,0.07557178570432829
2018-10-26,2018,1921,0,0,62,26,-1.752472565298656,-0.00438118141324664,-0.09017268331872826,0.18188415926266338,0.0024060334535914085,0.027329921758869145
2018-10-29,2018,1921,0,0,62,15,-1.6651085606708533,-0.004162771401677133,-0.1543358926993238,0.1925890821679428,0.002383131801112072,0.03653498283292207
2018-10-30,2018,1921,0,0,63,30,1.8674864499072876,0.004668716124768219,0.08821044067352059,0.15212090421587607,0.001815283107503916,0.13079438139106705
2018-10-31,2018,1921,0,0,62,8,3.7442892065968216,0.009360723016492054,0.24124703976434297,0.1265895634027371,0.0008791705638292566,0.07435855873675036
2018-11-01,2018,1921,0,0,62,11,1.1901583324197507,0.0029753958310493765,0.047771010922461304,0.15886578731701242,0.0005912760663235613,0.02650487765903624
2018-11-02,2018,1921,0,0,61,4,-0.47892387462294694,-0.0011973096865573673,0.01638113879172068,0.16410292130800744,0.0006388584731196904,0.04185448324230069
2018-11-05,2018,1921,0,0,61,6,0.448871491364901,0.0011221787284122525,0.0469622966344215,0.15900184766822473,0.0006378021003816069,0.02903354220236092
2018-11-06,2018,1921,0,0,60,6,0.1399308236296859,0.00034982705907421474,0.024936905978522144,0.16267835673660366,0.0009365935620181358,0.018309928401999388
2018-11-07,2018,1921,0,0,60,12,-0.29038228984998066,-0.0007259557246249516,-0.014141800685719743,0.1691912835795385,0.0007549335545625463,0.025114105820289778
2018-11-08,2018,1921,0,0,60,5,0.10856546663624278,0.00027141366659060696,-0.029026387413484577,0.17167813798581286,0.0011293190105482547,0.02812824611460259
2018-11-09,2018,1921,0,0,62,5,-0.7168755255729127,-0.0017921888139322817,-0.024063692776666756,0.1708544540603852,0.0009622763262799226,0.01430608868146266
2018-11-12,2018,1921,0,0,61,2,0.8787390822597482,0.0021968477056493706,0.03820488278890538,0.16046305303238784,0.0007743366447364734,0.012201798307084578
2018-11-13,2018,1921,0,0,58,9,-0.9044066978861023,-0.002261016744715256,-0.06899801720749028,0.17834741861922682,0.0007368230949428629,0.022169323848809513
2018-11-14,2018,1921,0,0,59,7,-1.4200962649638524,-0.003550240662409631,-0.1670784710074344,0.19471328049593042,0.0005338533600050558,0.018471450593980948
2018-11-15,2018,1921,0,0,58,7,0.060096916260884425,0.00015024229065221107,0.01696366705175752,0.164007295538687,0.0005330601780262346,0.02269817335239199
2018-11-16,2018,1921,0,0,58,12,1.112730807464206,0.0027818270186605147,0.11550637630117615,0.14756527446777937,0.00045234095074518405,0.053029595218379966
2018-11-19,2018,1921,0,0,58,4,-0.3929887591604089,-0.0009824718979010221,0.00982202131500788,0.16519756828368562,0.0003402412936232763,0.012394399443846644
2018-11-20,2018,1921,0,0,59,8,-0.2355395413758039,-0.0005888488534395098,-0.0008089041872356429,0.166972143793335,0.0004065833638368737,0.019795991380424725
2018-11-21,2018,1921,0,0,59,18,0.6256361399982534,0.0015640903499956336,0.029058284787445564,0.1619863330815249,0.0003908792154422112,0.011800396134897822
2018-11-22,2018,1921,0,0,59,3,1.1086879281303057,0.002771719820325764,0.12498515660246019,0.14598447726539454,0.00033917785880799,0.010339799848871763
2018-11-26,2018,1921,0,0,60,4,2.429851505431908,0.00607462876357977,0.18397558459758423,0.13614244376222326,0.0004671766628318621,0.017381617796563973
2018-11-27,2018,1921,0,0,60,7,0.7163602991472849,0.0017909007478682125,0.09815882926439297,0.15045978737440083,0.000377676883779243,0.009218677465984124
2018-11-28,2018,1922,0,0,61,5,0.26662346154139327,0.0006665586538534832,0.008098668694436442,0.16548660761181766,0.0003759657149870571,0.03503083580228107
2018-11-29,2018,1922,0,0,62,13,1.7970760423773635,0.004492690105943409,0.15509117198489042,0.14096226012300683,0.00040889170963401446,0.061274744763152124
2018-11-30,2018,1922,0,0,61,4,-0.7891468914960793,-0.0019728672287401983,-0.07907872357127026,0.18003331101442313,0.0009173628842750337,0.011474834688508354
2018-12-03,2018,1922,0,0,62,11,-1.6883355275773066,-0.004220838818943267,-0.160920646692777,0.19368640214590624,0.0005336083960387648,0.013670948513821985
2018-12-04,2018,1922,0,0,61,10,0.23686376496180728,0.0005921594124045182,0.023621354408829752,0.16289834291596725,0.0007564517675903502,0.06283056744158129
2018-12-05,2018,1922,0,0,62,15,-0.573160991984067,-0.0014329024799601675,-0.09168865631703454,0.1821338486526056,0.00042291249789199695,0.02595395046728751
2018-12-06,2018,1922,0,0,62,16,1.2053667515491795,0.003013416878872949,0.10496507244410772,0.14932762720974668,0.000688309079462235,0.015358073816850696
2018-12-07,2018,1922,0,0,62,9,-0.23331910068974082,-0.000583297751724352,-0.05436156216541916,0.17590850525910892,0.0006343275024936387,0.009872325052548734
2018-12-10,2018,1922,0,0,60,18,-1.4820804600816788,-0.003705201150204197,-0.07697111906014413,0.1796815602736984,0.0015847363553527732,0.03880427648393477
2018-12-11,2018,1922,0,0,59,19,-2.066543258221337,-0.005166358145553342,-0.21614180548607487,0.20289791577196556,0.0011165061575826153,0.027070320304331028
2018-12-12,2018,1923,0,0,58,3,-0.8157226734639651,-0.002039306683659913,-0.09757270157285874,0.18311779415967283,0.0011260859216843228,0.06044114495742451
2018-12-13,2018,1924,0,0,59,1,-1.089926328508671,-0.0027248158212716776,-0.13677690890389277,0.18965764751375425,0.0007026196058977912,0.029099612676917394
2018-12-14,2018,1923,0,0,60,11,-0.7002199504230173,-0.0017505498760575432,-0.05619534946265733,0.17621559663197772,0.000776496385677134,0.04739729261290183
2018-12-17,2018,1923,0,0,59,7,0.34901816811905595,0.0008725454202976399,0.015630786027088586,0.16422999835855664,0.00046514439055822743,0.014953666779197742
2018-12-18,2018,1923,0,0,57,11,1.9471450200563227,0.004867862550140807,0.16253888440235162,0.13972206710028817,0.0008137676175422577,0.055849857234091686
2018-12-19,2018,1925,0,0,59,17,0.7210479011553339,0.0018026197528883347,-0.010578743821146626,0.16860477423627113,0.0010199503702020406,0.03605581281678555
2018-12-20,2018,1925,0,0,59,33,4.773943207135625,0.011934858017839063,0.19723066322191432,0.13393395992668342,0.001656244069333979,0.08847524928561112
2018-12-21,2018,1928,0,0,61,44,-2.493528288264772,-0.0062338207206619305,-0.17118360490376364,0.1953994491548434,0.0028800381486789144,0.03952912046376163
2018-12-25,2018,1929,0,0,61,39,-2.6659325857405936,-0.006664831464351484,-0.18020050430836076,0.19690411883634937,0.014306338700011184,0.14765627686320554
2018-12-26,2018,1929,0,0,58,1,-0.12096919707984338,-0.00030242299269960844,-0.0478056655531671,0.1748112513594576,0.0010125630334016664,0.12594858450125662
2018-12-27,2018,1929,0,0,58,2,-0.18101773382211128,-0.0004525443345552782,-0.011483288475048193,0.1687535704603434,0.0010126924820995581,0.09926906294961803
2018-12-28,2019,1930,0,0,58,9,0.17045764801918395,0.0004261441200479599,-0.10005986715018836,0.1835333432439256,0.002107307124481936,0.04619559143316028
2019-01-04,2019,1930,0,0,57,42,-2.2027982965659096,-0.005506995741414774,-0.15354187226525903,0.19245383005131608,0.0009032376360524876,0.09032914034882415
2019-01-07,2019,1930,0,0,57,10,1.1202019697544037,0.0028005049243860092,0.030093037623628128,0.16181644662969843,0.0007637601700401044,0.08091530856019594
2019-01-08,2019,1930,0,0,56,15,-0.9512458869334742,-0.0023781147173336857,-0.07739167531797965,0.17974716204027102,0.0008149209317431458,0.03841869432927882
2019-01-09,2019,1930,0,0,57,16,-0.300327393379061,-0.0007508184834476525,0.04851049885485406,0.15873897497955308,0.0004796982146936968,0.03279916402464144
2019-01-10,2019,1930,0,0,55,13,-0.2548968753105332,-0.000637242188276333,0.03001332184544815,0.16182924285660752,0.0008260680697995854,0.03093969186087603
2019-01-11,2019,1930,0,0,56,10,-0.1937230469532345,-0.00048430761738308623,2.147060757466773e-05,0.1668322320683025,0.0004411282046323866,0.02171655801943882
2019-01-15,2019,1930,0,0,56,11,0.40586980004882056,0.0010146745001220513,0.06622798285752177,0.15578447570008586,0.00043950600141188774,0.02054612705051854
2019-01-16,2019,1930,0,0,57,6,1.4182990035577583,0.0035457475088943955,0.06478692316548236,0.15602688342076337,0.0005464877890946417,0.038533560369309376
2019-01-17,2019,1929,0,0,59,15,0.7737843406762499,0.0019344608516906248,0.026079229447774306,0.1624852516745197,0.00046502373424674474,0.036837696020871384
2019-01-18,2019,1929,0,0,58,5,-0.828632157972196,-0.00207158039493049,-0.042720929801600825,0.17396134315924552,0.00045898148610068766,0.03127945402819287
2019-01-21,2019,1929,0,0,59,1,-0.942442069226597,-0.0023561051730664924,-0.07598977799372923,0.17951467132722237,0.0004623126543483527,0.042426296810487124
2019-01-22,2019,1929,0,0,61,7,-0.26334793762563713,-0.0006583698440640928,-0.0491637375714002,0.17503528694472903,0.0004993308801402895,0.014803382847119146
2019-01-23,2019,1929,0,0,61,9,-1.5489867498183796,-0.003872466874545949,-0.12586341780992258,0.18783324612650812,0.0005647325915701968,0.017856291917716347
2019-01-24,2019,1929,0,0,60,11,0.5508564545839137,0.0013771411364597844,0.00933546915716708,0.1652792820027248,0.00045926358173601224,0.0864918372792778
2019-01-25,2019,1929,0,0,60,3,1.4936086475971542,0.0037340216189928853,0.08924487048704793,0.15194392829073045,0.00036510647305103484,0.02299095383645373
2019-01-28,2019,1929,0,0,60,4,0.38858441490816986,0.0009714610372704247,-0.041147223660947946,0.17370217580783506,0.0007566499765700331,0.011261131760280584
2019-01-29,2019,1929,0,0,61,4,0.1670377832133354,0.0004175944580333385,-0.019669236910747918,0.1701170969913587,0.0008041121251563925,0.02137384504602853
2019-01-30,2019,1929,0,0,62,5,0.19246109244130571,0.0004811527311032643,0.028771800966075345,0.16203684119463077,0.00091331861271241,0.23267878810661985
2019-01-31,2019,1929,0,0,62,12,1.0213604005427301,0.0025534010013568255,0.07425946882750296,0.15444949735145808,0.0009640648906969658,0.02167296287027965
2019-02-01,2019,1929,0,0,62,15,0.4448131306869914,0.0011120328267174785,-0.005669209291612201,0.16778047072344016,0.0005357415608630435,0.018362352442715797
2019-02-04,2019,1929,0,0,62,25,-1.0542980272807052,-0.002635745068201763,-0.08582539261734053,0.18115166633851978,0.0005166040895231744,0.017067316700303755
2019-02-05,2019,1929,0,0,64,10,-0.3667466162034796,-0.000916866540508699,-0.03820937952519598,0.1732102500548719,0.0007248447499492211,0.06818954625510808
2019-02-06,2019,1929,0,0,64,5,0.18376573873362156,0.0004594143468340539,0.0007004658454103612,0.16672182660974558,0.0011731682093185638,0.014915622287670249
2019-02-07,2019,1929,0,0,66,6,0.7331411911348904,0.001832852977837226,0.021913820912654536,0.16318267693227692,0.0012724062409033168,0.025994100399243106
2019-02-08,2019,1929,0,0,65,1,0.7295651501242211,0.0018239128753105528,0.03860293239705983,0.1603956979069264,0.0007921848500988789,0.09205583875775784
2019-02-12,2019,1929,0,0,64,1,1.1047119280772095,0.002761779820193024,0.08237460245757677,0.1530922322144869,0.0006810089788208451,0.07534514106668634
2019-02-13,2019,1929,0,0,64,2,0.7241333473044651,0.0018103333682611628,0.051717570473850824,0.15820578590419598,0.0007988160147637608,0.14498198318587016
2019-02-14,2019,1929,0,0,65,1,-0.16100905886129002,-0.00040252264715322504,0.005225454143811409,0.16596745741994326,0.0009271663496774618,0.12506286999662997
2019-02-15,2019,1929,0,0,64,1,0.803134633191072,0.0020078365829776803,0.045104528409836406,0.15930511736442796,0.00034935979127751794,0.06359603537215885
2019-02-18,2019,1929,0,0,63,5,0.6455822872674386,0.0016139557181685965,0.02906421800892423,0.16198513675394463,0.00033591422228480497,0.06476666457090707
2019-02-19,2019,1929,0,0,63,3,1.2301729406406825,0.0030754323516017064,0.08577560537360056,0.15251938989882377,0.0002857271599622734,0.027636360175487838
2019-02-20,2019,1929,0,0,64,7,-0.727195300916787,-0.0018179882522919675,-0.07113021178995718,0.1786955254311186,0.00031125076792702953,0.029613355579474532
2019-02-21,2019,1929,0,0,64,2,-0.2027827500017112,-0.000506956875004278,-0.0052160311553134,0.16770627765980614,0.00038084103096360005,0.011591480860521936
2019-02-22,2019,1929,0,0,64,2,-0.0178231539429059,-4.455788485726475e-05,0.01006028684126301,0.16515325947134807,0.0003070745662490256,0.011679013489509478
2019-02-25,2019,1929,0,0,63,4,0.7951101065332808,0.0019877752663332022,0.08035787073887699,0.15342720877682137,0.00039877226104108115,0.01094634726249362
2019-02-26,2019,1929,0,0,62,4,0.520297219059075,0.0013007430476476875,0.059764462701502645,0.15686152602168477,0.0004050909210807284,0.013804960984777284
2019-02-27,2019,1929,0,0,62,7,-0.5396501767774061,-0.0013491254419435153,-0.035634895678145685,0.17277915118523496,0.00029905897629397876,0.0192477114359064
2019-02-28,2019,1930,0,0,60,5,0.16637832463335123,0.00041594581158337806,-0.014590117454147618,0.16927086416077342,0.00041412985348668286,0.028364463739690825
2019-03-01,2019,1931,0,0,61,4,-0.6831673693409563,-0.0017079184233523908,-0.06677893523395095,0.17797391382046496,0.00034592937071899855,0.012424218406371115
2019-03-04,2019,1931,0,0,61,12,-0.5588574678727527,-0.0013971436696818818,-0.0568245159145518,0.17631130918900795,0.00026322550284125953,0.012659568998876883
2019-03-05,2019,1932,0,0,63,8,-0.13497693407164602,-0.000337442335179115,6.510363493199331e-05,0.16682553019544602,0.0004431923690518861,0.017853607855035678
2019-03-06,2019,1932,0,0,64,5,1.1411427776878469,0.0028528569442196174,0.06868243160862361,0.1553801425970367,0.0009766573717268883,0.012727234111559493
2019-03-07,2019,1932,0,0,63,1,-0.6220136118413655,-0.0015550340296034137,-0.06077956652284062,0.17697549556760475,0.00041261708436817255,0.027394047333778815
2019-03-08,2019,1932,0,0,63,1,0.7196967835900856,0.001799241958975214,0.1321377164268086,0.14479218870721605,0.0006576773641584116,0.052099156477248276
2019-03-11,2019,1932,0,0,63,9,-0.8648717864703146,-0.0021621794661757865,-0.08238392678972728,0.18057866222497124,0.00035482030749255106,0.021168911480321823
2019-03-12,2019,1932,0,0,63,15,-0.3350492007555892,-0.0008376230018889729,-0.0640407854179099,0.17751597568144745,0.00036319156222916395,0.04027464518284738
2019-03-13,2019,1933,0,0,66,7,-0.5710867520733336,-0.001427716880183334,-0.040579455561665735,0.1736059828826645,0.0005197470092803892,0.022948556273090004
2019-03-14,2019,1933,0,0,65,17,-0.8612875647961453,-0.002153218911990363,-0.061799160877906864,0.1771469327352302,0.0006909081736087819,0.03886803788583852
2019-03-15,2019,1934,0,0,65,11,0.4278782748169817,0.0010696956870424542,0.024680541644885725,0.162717398927064,0.0003064334245613043,0.03588728136659793
2019-03-18,2019,1934,0,0,65,5,-0.4098960462899769,-0.0010247401157249423,-0.050822192608925405,0.17531179631480706,0.0002883732505190099,0.07573163753170217
2019-03-19,2019,1935,0,0,66,7,0.1530039008763,0.00038250975219075,-0.023333637163649022,0.17072638642532673,0.00040256565493552445,0.019069796820354402
2019-03-20,2019,1936,0,0,67,7,-0.0006551372607681571,-1.637843151920393e-06,-0.04828654941529962,0.1748948345327838,0.0010542237968120332,0.012857671188389139
2019-03-22,2019,1936,0,0,66,6,-0.8501678528362433,-0.002125419632090608,-0.017204007695547044,0.1697089663398438,0.0010004654394198218,0.020420368581600862
2019-03-25,2019,1936,0,0,65,12,1.443268983452731,0.0036081724586318276,0.17016449494607055,0.13844727954051997,0.0004919944024245585,0.01608270963725237
2019-03-26,2019,1936,0,0,63,5,-0.3186352724145207,-0.0007965881810363018,-0.05852491542706109,0.17660243883017862,0.0009476743422076509,0.025008172160859102
2019-03-27,2019,1936,0,0,61,11,0.32470168308463176,0.0008117542077115794,0.07118643132581651,0.15495875204288434,0.00034414313377169754,0.01691947487856639
2019-03-28,2019,1937,0,0,63,18,0.21804733230180062,0.0005451183307545015,-0.009511296732278587,0.1684250026493438,0.0006133125014911335,0.053616055767973805
2019-03-29,2019,1937,0,0,64,8,0.8578927210717514,0.0021447318026793787,0.027941029875500557,0.16217465784512358,0.000538068893004988,0.02253621037487741
2019-04-01,2019,1937,0,0,63,6,-0.9836136424893651,-0.0024590341062234126,-0.08840826074175866,0.1815844853964133,0.0004377947210589007,0.05430921467424006
2019-04-02,2019,1937,0,0,63,7,0.05868085519799244,0.0001467021379949811,-0.0453049849411727,0.1743801571350558,0.0003400222104804507,0.06716592598407062
2019-04-03,2019,1937,0,0,63,7,1.0098285709835888,0.002524571427458972,0.03965724057640865,0.16021545858566252,0.00033953753533924467,0.025288053616506084
2019-04-04,2019,1937,0,0,65,8,0.7620917209270166,0.0019052293023175415,0.05893635278393646,0.15700083801433654,0.00030699205446773774,0.01250893462459957
2019-04-05,2019,1937,0,0,64,7,0.6605992965788932,0.0016514982414472328,0.04630760758516034,0.1590975516650798,0.00034303276384825955,0.04502043673593145
2019-04-08,2019,1937,0,0,63,7,0.7389283572295868,0.0018473208930739672,0.07269881615444067,0.15470398247642944,0.0002506692007408824,0.014646797683750313
2019-04-09,2019,1937,0,0,64,9,1.347520832595358,0.003368802081488395,0.13312354028334225,0.14461714299982875,0.0003324950752079194,0.021468924848632144
2019-04-10,2019,1938,0,0,63,9,-0.056157183072623656,-0.00014039295768155914,-0.02640042585807859,0.1712342038024847,0.00027923332495753174,0.013093924358524144
2019-04-11,2019,1938,0,0,66,7,-1.8639801978527952,-0.004659950494631988,-0.16640222612478817,0.19459951371646647,0.000850467206893304,0.013780755327291531
2019-04-12,2019,1938,0,0,65,6,0.6781270870028001,0.0016953177175070002,0.05490827948364729,0.1576710314609268,0.0003304910558349313,0.030203375239460727
2019-04-15,2019,1938,0,0,64,22,0.05555934667085083,0.00013889836667712707,0.01853728703211888,0.16373696470783047,0.0003974736012503426,0.02580771552218992
2019-04-16,2019,1938,0,0,65,10,-0.44478836754293694,-0.0011119709188573423,-0.04558654403442477,0.17444310577432784,0.0006559731461308595,0.009974452849041646
2019-04-17,2019,1938,0,0,65,10,2.8213804414280865,0.007053451103570216,0.23751430644586805,0.12720679384888925,0.0003147824192009136,0.015073937123654952
2019-04-18,2019,1938,0,0,65,14,0.7232812572665549,0.0018082031431663871,0.14079647825454167,0.14333829566482698,0.00025966006900499404,0.017341862306924097
2019-04-19,2019,1938,0,0,65,15,-0.02638289279958045,-6.595723199895112e-05,0.030255764412045364,0.16177612321050794,0.00021966918620636237,0.02565788940807764
2019-04-22,2019,1938,0,0,64,13,0.13548446637206396,0.0003387111659301599,0.045231379291407865,0.15928966715579326,0.0003502966454246542,0.02212166003748833
2019-04-23,2019,1938,0,0,63,6,-0.14078260638939044,-0.0003519565159734761,0.018155317382700677,0.16380460053953905,0.0003713354013357804,0.021594218444278338
2019-04-24,2019,1938,0,0,64,16,-0.16998992530881762,-0.00042497481327204406,-0.01979234677105237,0.17013511732546616,0.00042330637989487514,0.022921029849725518
2019-04-25,2019,1938,0,0,64,15,-2.0868347616665295,-0.0052170869041663235,-0.1229095182615242,0.18734267924990866,0.0009413284118182308,0.007330768615327398
2019-04-26,2019,1938,0,0,64,10,-0.07901968781431545,-0.00019754921953578863,-0.043022747500818526,0.17401472767421317,0.0007200356161980973,0.009069760910321927
2019-05-07,2019,1938,0,0,63,13,-0.08846794628921284,-0.0002211698657230321,-0.005572019322744009,0.16776718122081893,0.000941769096735712,0.005647390277820188
2019-05-08,2019,1938,0,0,63,9,-0.1664828195742927,-0.00041620704893573175,0.006524155643338145,0.16574565462815272,0.0008200963166634233,0.03446504168283357
2019-05-09,2019,1938,0,0,63,14,1.3853564788063528,0.003463391197015882,0.013595315919598713,0.1645687454425529,0.0013802156217570239,0.03358709828056543
2019-05-10,2019,1938,0,0,64,23,0.40524457916362444,0.001013111447909061,0.0040336031033356345,0.1661636760746977,0.0009956052305803,0.015602962461251379
2019-05-13,2019,1938,0,0,62,8,0.5273956969236491,0.0013184892423091226,0.039277939592045424,0.16028393532919585,0.0012642694519435136,0.024035505193203466
2019-05-14,2019,1938,0,0,61,15,0.19718972422337833,0.0004929743105584458,0.049969164226231995,0.15849806140495734,0.0010180261710276207,0.02910950914188019
2019-05-15,2019,1938,0,0,61,11,-0.48267263816673656,-0.0012066815954168413,-0.012976946880223161,0.16900129800191618,0.0006462987830892591,0.02983930769169098
2019-05-16,2019,1938,0,0,61,11,0.8570904137416712,0.002142726034354178,-0.0011067119315585022,0.1670183567221438,0.0004465988486777483,0.019535474115725912
2019-05-17,2019,1938,0,0,60,5,-0.5561760215068069,-0.0013904400537670173,-0.05646624122568648,0.17625535387925892,0.0003727185137748406,0.022671466412641162
2019-05-20,2019,1938,0,0,61,8,-0.46894275229517574,-0.0011723568807379394,-0.04130203435490643,0.17372083135297994,0.0003222691839234568,0.024373907886018172
2019-05-21,2019,1938,0,0,61,9,2.583502282313448,0.00645875570578362,0.15551918713073853,0.1408867865169344,0.0003856274119710286,0.013926539890446114
2019-05-22,2019,1938,0,0,60,7,-0.5721319548913961,-0.0014303298872284903,0.011187232443884462,0.16496626303510514,0.0003072472787319661,0.008524793916275794
2019-05-23,2019,1938,0,0,61,2,0.3887102929449358,0.0009717757323623395,0.05331525625134491,0.15793552416357243,0.0003795636483044733,0.03127160552317242
2019-05-24,2019,1938,0,0,60,6,-0.21190592171651634,-0.0005297648042912909,-0.0028437436904438767,0.16730890811925858,0.0004021961207809752,0.019932856059455214
2019-05-27,2019,1938,0,0,60,11,-0.772277463365924,-0.00193069365841481,-0.06369474805004471,0.17746035976732522,0.00039376970921621443,0.009892931802473987
2019-05-28,2019,1938,0,0,60,0,2.7592595768409622,0.006898148942102405,0.2503168674968166,0.12507257238657496,0.00036821476275657167,0.015297199688469057
2019-05-29,2019,1938,0,0,60,7,0.4521266347639288,0.0011303165869098219,0.07590379495236566,0.15417126212440205,0.00036808771332783925,0.03933450243116233
2019-05-30,2019,1938,0,0,59,11,0.4843200483402281,0.0012108001208505704,0.1087540456159418,0.14869322961594186,0.0006576619996134745,0.01871229807919301
2019-05-31,2019,1938,0,0,59,2,-3.0332919285673796,-0.007583229821418449,-0.24036487107657856,0.20693914480422157,0.000726238660657928,0.015836475793560536
2019-06-03,2019,1939,0,0,58,5,-1.3358460275268635,-0.0033396150688171588,-0.16816028643594294,0.19489393402349114,0.001670197455761568,0.028332407790293886
2019-06-04,2019,1939,0,0,58,3,-1.1067755799883148,-0.002766938949970787,-0.036630756248862174,0.17294143989091462,0.00046058182288364057,0.029010687171580025
2019-06-05,2019,1939,0,0,57,5,-0.3933262406359923,-0.0009833156015899808,-0.019835406919334986,0.1701428502074044,0.0005611203152773726,0.035718511020016455
2019-06-06,2019,1939,0,0,59,7,0.030439845709445468,7.609961427361367e-05,-0.03629506509353746,0.17289097124882769,0.0006901080903410586,0.030905649075085924
2019-06-07,2019,1939,0,0,59,13,0.7550801518989427,0.0018877003797473568,0.06429342384209724,0.15610195409448815,0.00028349934000216877,0.048255139419480765
2019-06-10,2019,1939,0,0,59,14,-0.02963769091640367,-7.409422729100917e-05,-0.02338898739211961,0.17073415302914957,0.00036866619694829716,0.049247034238373656
2019-06-11,2019,1939,0,0,61,5,-1.6634143905931604,-0.004158535976482901,-0.20922658184106455,0.20174158157682615,0.0005631409362887666,0.01277797653038536
2019-06-12,2019,1940,0,0,62,7,-0.54148988927188,-0.0013537247231797,-0.007538180104381092,0.16808636219900247,0.00031362316973511617,0.07523923208684426
2019-06-13,2019,1940,0,0,62,15,-1.2509961522453783,-0.003127490380613446,-0.13530560792579643,0.1894068441336444,0.00038788460803426466,0.017790229148796653
2019-06-14,2019,1940,0,0,59,16,0.7939626782356219,0.001984906695589055,0.06368392201281063,0.15621245586393137,0.00044975862838105035,0.012045077353166806
2019-06-17,2019,1940,0,0,57,10,-1.1047218231901077,-0.0027618045579752694,-0.10365600676989571,0.18413108093727626,0.0008404840513721001,0.032922630945332695
2019-06-18,2019,1941,0,0,58,10,-0.6363486537608675,-0.0015908716344021686,-0.03421345257198134,0.17253616812615805,0.00038883399721673605,0.08169107206380155
2019-06-19,2019,1942,0,0,58,15,-0.5766107505625265,-0.0014415268764063163,-0.07629210587037732,0.17956433103665034,0.00048614149554226287,0.05232717768270867
2019-06-20,2019,1942,0,0,57,9,-0.39424839132457035,-0.0009856209783114258,-0.007864983206377693,0.1681416357157945,0.0002801141451203405,0.020915373547141857
2019-06-21,2019,1942,0,0,57,14,0.20861401746993158,0.000521535043674829,0.0513824515170947,0.15825534676908173,0.00027425945889763924,0.017173528267229232
2019-06-24,2019,1942,0,0,57,19,0.40785808975968685,0.001019645224399217,0.0015361094112195872,0.1665789891500552,0.00043425701236944045,0.014054730047881103
2019-06-25,2019,1942,0,0,57,14,1.0786549551106632,0.002696637387776658,0.07015452789183102,0.15513225627743268,0.0005332034509911513,0.00787693610103969
2019-06-26,2019,1942,0,0,57,29,-0.18194462535844697,-0.0004548615633961174,-0.007987949225640714,0.16816243863790614,0.00037385933695567385,0.015426339303321008
2019-06-27,2019,1943,0,0,57,2,0.1685488851348227,0.0004213722128370567,-0.007237770528468846,0.16804558939601072,0.0008355591158249521,0.03500915463634743
2019-06-28,2019,1943,0,0,57,11,-0.53992488251649,-0.001349812206291225,-0.035765882770029,0.17279961754403753,0.0002874767726789613,0.04663571360661651
2019-07-01,2019,1943,0,0,58,26,-2.3475382572614247,-0.005868845643153562,-0.20753082954312613,0.20145808210593188,0.000628468722572037,0.09084408903780344
2019-07-02,2019,1943,0,0,57,8,1.311579028504626,0.003278947571261565,0.09901650345498066,0.15031457438845255,0.00024530546502126647,0.17520584044553925
2019-07-03,2019,1943,0,0,57,3,0.33622911998505833,0.0008405727999626459,0.06710769074273099,0.15562917689463732,0.00025482755060166,0.04287708192289018
2019-07-04,2019,1943,0,0,58,6,0.06169932584999138,0.00015424831462497845,-0.0034100928107120352,0.16740203040420104,0.0004697920350434648,0.03288993395525073
2019-07-05,2019,1943,0,0,55,6,0.4440934942488055,0.0011102337356220138,-0.01829838266277311,0.16988589168978724,0.0003405863709030785,0.06102467137834834
2019-07-08,2019,1943,0,0,54,1,0.3175647490049214,0.0007939118725123034,0.03138490810219186,0.16159580407626034,0.0002666286601101727,0.018521321295496197
2019-07-09,2019,1943,0,0,53,3,-0.2275606830005208,-0.000568901707501302,0.013653265278997583,0.16455623253652268,0.0003272843055796352,0.02053835592241452
2019-07-10,2019,1943,0,0,54,6,0.361640048416102,0.000904100121040255,0.05245017043616229,0.15808188159319708,0.0003943775824345537,0.21750034388495534
2019-07-11,2019,1943,0,0,55,4,-0.09501808856728433,-0.00023754522141821084,-0.025500490830914886,0.17108508546766793,0.0005637821857041403,0.010310924274796674
2019-07-12,2019,1943,0,0,52,1,-0.011940023186965576,-2.985005796741394e-05,0.02842945372320357,0.16208815540544244,0.0002877404546445566,0.01087556409079627
2019-07-16,2019,1943,0,0,51,4,-0.4972086812291394,-0.0012430217030728486,-0.0580196621992261,0.17651794122862632,0.0009714809017526206,0.012399392048055824
2019-07-17,2019,1943,0,0,54,3,0.604147870026273,0.0015103696750656825,0.058758312648298595,0.1570348731300168,0.0005263294611189948,0.009040501122292207
2019-07-18,2019,1944,0,0,55,16,-0.9578261160407053,-0.0023945652901017633,-0.08567293933253749,0.18112588926042408,0.0003100539173728584,0.028574019989132008
2019-07-19,2019,1944,0,0,54,10,-0.37484851236877725,-0.0009371212809219431,-0.012887093356821885,0.16898449950114594,0.000216429966845918,0.015179900782287856
2019-07-22,2019,1944,0,0,54,7,0.1876698080616161,0.0004691745201540402,-0.05219692804278334,0.1755373570693438,0.0002484891329744391,0.033054105014473235
2019-07-23,2019,1944,0,0,54,8,-0.033263150492328086,-8.315787623082022e-05,-0.031820038880484444,0.1721384759133763,0.000252910856750375,0.010949913060169196
2019-07-24,2019,1944,0,0,54,9,-0.6201816614415143,-0.0015504541536037859,-0.03658849361827174,0.17293115732370073,0.000337266415568522,0.013362478111253453
2019-07-25,2019,1944,0,0,54,10,-0.829261504762233,-0.002073153761905583,-0.06752915318747134,0.17809668018877914,0.0003382951133063749,0.03337328240725976
2019-07-26,2019,1944,0,0,54,9,-0.31879058774177393,-0.0007969764693544348,0.020979111335192188,0.1633317425380909,0.00035357195745932364,0.03827962661123804
2019-07-29,2019,1945,0,0,54,7,-0.09346765756178033,-0.00023366914390445082,-0.023806249303152772,0.1708044111065922,0.0005165739089155883,0.02648723250470333
2019-07-30,2019,1945,0,0,55,15,-0.31584254237124926,-0.0007896063559281231,0.021337968467945116,0.1632692197002655,0.00047280237383782374,0.007004343411497361
2019-07-31,2019,1945,0,0,56,7,-1.3915643054598963,-0.0034789107636497407,-0.15420353703369086,0.19256476901062647,0.0012706539807866085,0.012051972198400254
2019-08-01,2019,1945,0,0,55,8,-0.44829763842809456,-0.0011207440960702363,-0.05506486415361518,0.17602422398878265,0.0010136060384886424,0.019792911505655864
2019-08-02,2019,1945,0,0,56,25,0.832197304407037,0.0020804932610175926,0.05197450778423992,0.15816043041309294,0.0003975541739827833,0.028019710187563805
2019-08-05,2019,1945,0,0,54,26,1.2155688423630095,0.003038922105907524,0.05178573031705145,0.15819279176326523,0.0006143015196267184,0.019907025735280342
2019-08-06,2019,1945,0,0,54,24,-0.2462085872582545,-0.0006155214681456362,0.018369728423715474,0.16376787300706344,0.0006109227176790002,0.010027059671224314
2019-08-07,2019,1945,0,0,55,13,-0.6142679198082562,-0.0015356697995206406,-0.05011262690964884,0.1751854364905692,0.0005848258550349917,0.019429734696337235
2019-08-08,2019,1945,0,0,53,9,-2.718533146619276,-0.00679633286654819,-0.1715750726973861,0.19546209989657842,0.001044300116406974,0.017112904534560252
2019-08-09,2019,1946,0,0,54,4,1.9857051932770924,0.004964262983192731,0.13511985028457144,0.14429257547846888,0.0006549757370820047,0.018662687299301154
2019-08-13,2019,1946,0,0,54,4,1.212476454313612,0.0030311911357840298,0.07694479064348622,0.15399868182455906,0.000519824576484961,0.028962245538339062
2019-08-14,2019,1946,0,0,54,2,-0.13100095588266575,-0.00032750238970666437,-0.0012763067695533356,0.16704298743291462,0.0003304291948394694,0.01778844346110197
2019-08-15,2019,1946,0,0,54,8,-1.0301531098364358,-0.0025753827745910894,-0.060329523404720024,0.17688817989089617,0.0004089169309110463,0.05235072371225578
2019-08-16,2019,1946,0,0,54,23,-0.5494603568052954,-0.0013736508920132384,-0.0011021452709444814,0.16701786527015225,0.00047273322514644633,0.05133081392678998
2019-08-19,2019,1946,0,0,54,2,-0.7542334070481369,-0.0018855835176203423,-0.10925133589066466,0.18506101188360813,0.00034648650325648956,0.07437923219260612
2019-08-20,2019,1946,0,0,54,1,0.24968993473869447,0.0006242248368467362,0.04181225114488953,0.15984098484023535,0.00028842136756031245,0.02028146338193038
2019-08-21,2019,1946,0,0,57,6,0.37470968281497985,0.0009367742070374496,0.038955044698510466,0.1603235730108343,0.00023970533533834327,0.02071060770400737
2019-08-22,2019,1946,0,0,57,15,-2.41431676688323,-0.0060357919172080755,-0.19033563665050415,0.19859258144239061,0.0006043618235533954,0.007907539190342068
2019-08-23,2019,1946,0,0,57,11,-0.25462259590530967,-0.0006365564897632741,0.015581463114870405,0.16422890781250177,0.0003127212127771921,0.0032762544331305593
2019-08-26,2019,1946,0,0,58,3,0.9222503756690568,0.002305625939172642,0.044312568285503444,0.15943176771298503,0.00033006380209895796,0.1015472373473332
2019-08-27,2019,1946,0,0,54,8,-0.04038073980281087,-0.00010095184950702719,-0.004198137992854758,0.16752566518798853,0.00031750273282343003,0.03347064750456191
2019-08-28,2019,1946,0,0,54,13,2.650991998617132,0.0066274799965428295,0.25266244724294884,0.12468370577869377,0.0006293024449896247,0.02688178506710954
2019-08-29,2019,1946,0,0,53,17,-0.20496685782140922,-0.000512417144553523,-0.03596423952591052,0.172834717601379,0.0002927030370042602,0.012771671716408682
2019-08-30,2019,1946,0,0,53,2,0.041224882052828704,0.00010306220513207177,0.061730691094570425,0.15653100964562633,0.0002920826714990811,0.0315621903307675
2019-09-02,2019,1947,0,0,53,5,-1.1656139240841563,-0.0029140348102103908,-0.1028754889956596,0.1839955726145971,0.00027204903262425796,0.013921243357114678
2019-09-03,2019,1947,0,0,53,6,1.211066295885205,0.0030276657397130123,0.1716273264824953,0.13820369348572425,0.0005843611329542741,0.03343759840253412
2019-09-04,2019,1947,0,0,54,6,-0.561180939143368,-0.0014029523478584199,-0.03967539567104708,0.17344903064861075,0.0002528555138566372,0.0402345647257339
2019-09-05,2019,1947,0,0,53,4,-0.11854603821343335,-0.00029636509553358336,0.022604586843536188,0.16306286097083486,0.00033738225693712306,0.027587655191496682
2019-09-06,2019,1947,0,0,52,11,4.993840255164216,0.012484600637910539,0.32330268293832176,0.11289714489724377,0.00046571734855529307,0.023454082456425506
2019-09-09,2019,1947,0,0,51,21,1.824530719288332,0.00456132679822083,0.19240319635589007,0.13473725389149938,0.0004622836915034681,0.03102284322925274
2019-09-10,2019,1947,0,0,51,7,1.4959117861529332,0.003739779465382333,0.13841965003240914,0.14373912669728436,0.00034467055320831254,0.01864404568949659
2019-09-11,2019,1947,0,0,51,8,0.7500468664813776,0.0018751171662034442,0.1152857502812983,0.14760090704882803,0.00033828248208209904,0.05421543639246324
2019-09-12,2019,1947,0,0,50,7,-0.12313503763461409,-0.0003078375940865352,-0.045331498201121076,0.17439083844032768,0.00038720106904090217,0.017409088283212106
2019-09-13,2019,1946,0,0,50,8,-2.0049159989227254,-0.005012289997306813,-0.14151875460195634,0.1904446915605509,0.0004969027558784959,0.017194563695162462
2019-09-17,2019,1945,0,0,50,11,0.1761363989066671,0.00044034099726666774,0.0005123386173824877,0.16675123422071017,0.00029315467124271745,0.015442542039377238
2019-09-18,2019,1945,0,0,49,5,0.23575673621175824,0.0005893918405293956,-0.0339161594022621,0.17248627000816408,0.0003469083162740291,0.03058876416764092
2019-09-19,2019,1945,0,0,48,12,-0.20636906670589128,-0.0005159226667647282,-0.054595472288180485,0.1759398985977878,0.00036038263960770856,0.017281268345040714
2019-09-20,2019,1946,0,0,50,11,0.07663510373237947,0.00019158775933094868,0.010732637913224577,0.1650400567912595,0.00022900857256380678,0.013389086362451692
2019-09-24,2019,1947,0,0,50,5,-1.3009105676401584,-0.003252276419100396,-0.08790852531716205,0.1814994476510638,0.00026462806287842847,0.01407341904025047
2019-09-25,2019,1947,0,0,50,4,0.596736438365332,0.0014918410959133298,0.0014065704100747574,0.16660218648074077,0.0005751350183437796,0.012673765775322388
2019-09-26,2019,1947,0,0,51,12,0.894219328854015,0.0022355483221350374,0.02427595229967521,0.16278586520922794,0.0004424231011299478,0.011579811179365131
2019-09-27,2019,1948,0,0,51,6,1.4539420366594489,0.003634855091648622,0.09905732092973255,0.15031059908775368,0.0006216198237808833,0.02820841112704668
2019-09-30,2019,1948,0,0,52,3,0.12760571486143318,0.000319014287153583,-0.02458269297304298,0.17093411231091732,0.0003180151313610787,0.026878713102437137
2019-10-01,2019,1949,0,0,52,5,0.4056358896100938,0.0010140897240252344,0.02301936329140533,0.1629968048218625,0.0006631411455325493,0.03740844628916534
2019-10-02,2019,1949,0,0,52,8,-0.10162941992423802,-0.00025407354981059506,-0.031567854144845905,0.17209629329726042,0.00025926886696057776,0.02303719964771579
2019-10-03,2019,1949,0,0,52,2,-0.2712777171909184,-0.0006781942929772961,0.03692220510635934,0.1606640897235254,0.0002834813079322647,0.024768226954484003
2019-10-04,2019,1949,0,0,50,3,0.41536261987533507,0.0010384065496883378,0.0708534394721149,0.15501359887476437,0.00044179615027275523,0.015426381343841077
2019-10-07,2019,1949,0,0,49,5,-0.5114300202254578,-0.0012785750505636445,-0.06769722096218186,0.17812255413085976,0.000231714251355238,0.011444073431372055
2019-10-08,2019,1950,0,0,52,12,0.43074942431761976,0.0010768735607940493,0.06993558201666904,0.1551616511798247,0.0003433624875390329,0.02080926358893806
2019-10-09,2019,1951,0,0,56,8,-0.14278242192856982,-0.00035695605482142454,-0.045957119751539356,0.17449552814500968,0.00032330526114068473,0.014821132347420005
2019-10-10,2019,1951,0,0,58,14,-0.001959971654421633,-4.899929136054082e-06,-0.032942461900397,0.17233295321167422,0.0006067787053474224,0.05332533066686161
2019-10-11,2019,1951,0,0,58,9,-0.3108848997810647,-0.0007772122494526618,-0.025062556246249083,0.17101392404508756,0.000433190452534562,0.12492129074431456
2019-10-15,2019,1951,0,0,57,10,-0.1935075511794721,-0.00048376887794868026,-0.012691309344522155,0.1689497959710474,0.0003159764240819927,0.018595232592194005
2019-10-16,2019,1951,0,0,56,7,-1.198321511296017,-0.0029958037782400427,-0.09392207026239038,0.1825008048267363,0.0003053458233569246,0.008160777202465717
2019-10-17,2019,1951,0,0,56,7,-0.2954854939004803,-0.0007387137347512007,-0.018787597545474936,0.16996316715479273,0.0003166907335107832,0.014145134084846227
2019-10-18,2019,1951,0,0,56,5,-0.7373860144855072,-0.001843465036213768,-0.021325513123926745,0.1703913942882677,0.00031875016585147667,0.02780528747247695
2019-10-21,2019,1951,0,0,57,10,-0.5672774712067798,-0.0014181936780169495,-0.050861884547690875,0.17531378274631834,0.000329582224007325,0.049613267822270976
2019-10-23,2019,1951,0,0,57,10,0.9155727906926883,0.002288931976731721,0.07590310045490274,0.15416243535320143,0.0002456471283019106,0.011691897930426092
2019-10-24,2019,1951,0,0,58,7,1.0236031314875509,0.0025590078287188772,-0.03731839201423889,0.17305839322439884,0.0003464074574416304,0.024596586495242594
2019-10-25,2019,1952,0,0,58,18,0.022230690376090045,5.557672594022511e-05,-0.06670079661863827,0.1779612431112103,0.0003243161390641935,0.015319211913785553
2019-10-28,2019,1953,0,0,60,12,-0.3580287379043204,-0.0008950718447608009,0.0473135839301433,0.158940956284626,0.0006014688676996391,0.03262310491222616
2019-10-29,2019,1953,0,0,59,14,-0.8097200236068547,-0.002024300059017137,-0.026589638935673024,0.17126891659899882,0.0005609505012099185,0.01022258892819864
2019-10-30,2019,1954,0,0,59,2,0.8511121582750029,0.002127780395687507,0.030401596062504446,0.1617631033853702,0.0005497852100107184,0.01850103139099703
2019-10-31,2019,1954,0,0,59,6,0.32334281186980496,0.0008083570296745124,0.067449236033622,0.15558180442645683,0.000656824907807355,0.06840525833687096
2019-11-01,2019,1955,0,0,63,8,0.42091011827933944,0.0010522752956983487,0.04570075284604547,0.15920588935817703,0.00044397122239158874,0.018548712195178074
2019-11-05,2019,1955,0,0,63,17,-0.17351584354376992,-0.0004337896088594248,-0.045212279293473656,0.1743743710811389,0.0004355953462669351,0.025368814802164283
2019-11-06,2019,1955,0,0,61,17,0.03176973521748938,7.942433804372346e-05,-0.006561101590804395,0.16792369778419583,0.0005696483304704843,0.014442067760783779
2019-11-07,2019,1955,0,0,62,15,1.1476713319174272,0.002869178329793568,0.04195198734901107,0.15983590200867642,0.0006100639854648382,0.0338043132099736
2019-11-08,2019,1955,0,0,61,15,-0.4533100428848329,-0.0011332751072120823,-0.03483530962131112,0.17264294089966395,0.0003588242869411708,0.01652234476152365
2019-11-11,2019,1955,0,0,61,13,0.45175589709932207,0.001129389742748305,0.04221138472595088,0.15979239378699323,0.0006225860159549428,0.533332747758771
2019-11-12,2019,1955,0,0,61,16,-0.5778168673210009,-0.0014445421683025022,-0.023881669772061156,0.17082008723258885,0.0006748869585317352,0.12218987113633147
2019-11-13,2019,1955,0,0,61,22,0.5257391384165837,0.0013143478460414593,0.05141300529475524,0.158257123539128,0.0005437205868185952,0.024629227027019602
2019-11-14,2019,1955,0,0,61,27,-0.9850100970974945,-0.0024625252427437363,-0.08096620141362866,0.1803403409368575,0.00035891894183884824,0.02257105550431828
2019-11-15,2019,1955,0,0,61,24,-1.5696413046558124,-0.003924103261639531,-0.08669286075092884,0.1812939144322539,0.00031620984638779944,0.009248385181782524
2019-11-18,2019,1955,0,0,61,24,-1.1093898765620445,-0.0027734746914051113,-0.06760080202782369,0.17811166795538982,0.0003674743045311596,0.0131638142338848
2019-11-19,2019,1955,0,0,61,21,-0.2901646728468391,-0.0007254116821170977,-0.05430005736782726,0.17588765568634285,0.0002572012845668244,0.008924954988322312
2019-11-20,2019,1955,0,0,60,22,-0.6234761955006829,-0.0015586904887517072,-0.005528445110865854,0.16774697573894046,0.0002561588735726288,0.035226031124377805
2019-11-21,2019,1955,0,0,58,19,1.2717640013516707,0.003179410003379177,0.18447610224085081,0.13605816662343445,0.0003368721793192273,0.01965955096712959
2019-11-22,2019,1955,0,0,58,18,-0.23155512997110278,-0.0005788878249277569,-0.014777879481854979,0.16929695202523246,0.0003088816706075494,0.008939787213748267
2019-11-25,2019,1955,0,0,58,25,0.7523714571828067,0.0018809286429570169,0.03651423029985926,0.1607405983431702,0.0002959326105220577,0.04784615096092242
2019-11-26,2019,1955,0,0,59,15,-0.19667619768386213,-0.0004916904942096553,-0.0379884742544949,0.1731682766513474,0.0002879932639385646,0.016575522876070434
2019-11-27,2019,1955,0,0,58,22,-0.7807425913422785,-0.0019518564783556963,-0.027946868278001857,0.1714886958656668,0.0002433767954385868,0.010583016751936689
2019-11-28,2019,1955,0,0,58,20,0.007505982278932621,1.8764955697331554e-05,0.04507172300514782,0.15931395386258163,0.0002760844262911761,0.008546872494528962
2019-11-29,2019,1955,0,0,58,19,-0.3776692246012059,-0.0009441730615030147,-0.08283695821190006,0.180653905019489,0.0003639682910998637,0.012177717028287932
2019-12-02,2019,1955,0,0,57,17,0.5557967897977095,0.0013894919744942738,0.04192451028137161,0.15983292113278808,0.000276017846964123,0.02188631844290512
2019-12-03,2019,1955,0,0,55,23,1.1724184761943695,0.0029310461904859236,0.11929205891132322,0.146930577809992,0.00030716757124440964,0.025124888183755273
2019-12-04,2019,1955,0,0,55,23,0.2611573509228313,0.0006528933773070783,-0.0009682641888428287,0.16699064853128417,0.00022508178409961317,0.016836709900207608
2019-12-05,2019,1955,0,0,55,17,-0.595373111569011,-0.0014884327789225274,-0.07618177935051632,0.17953929992103146,0.0003197659450277937,0.021775955465901477
2019-12-06,2019,1955,0,0,54,15,-0.16556350426427133,-0.0004139087606606783,-0.015443923119275135,0.1693979468547307,0.00024099181050849398,0.013254876590182055
2019-12-09,2019,1955,0,0,54,17,-0.9385595839003888,-0.0023463989597509722,-0.0714063143100147,0.1787426093455623,0.000285321208601976,0.01866774265704301
2019-12-10,2019,1956,0,0,54,18,0.12358725280576077,0.0003089681320144019,-0.00811969955665057,0.16818391020648818,0.0003053074376629712,0.011638457450098942
2019-12-11,2019,1957,0,0,55,18,-0.702219129156083,-0.0017555478228902075,-0.05568041767206859,0.17612383504335521,0.00044478206426151143,0.008654521303936905
2019-12-12,2019,1958,0,0,55,16,0.08914554483735833,0.0002228638620933958,0.035514228371785354,0.16090271586810864,0.0003602508716311472,0.009021103226538915
2019-12-13,2019,1958,0,0,54,11,0.7597066438959246,0.0018992666097398115,0.11005848832753011,0.14846613914419082,0.00042188364066843157,0.03588079052943282
2019-12-16,2019,1960,0,0,56,13,-0.15178512465330019,-0.00037946281163325047,-0.0073663109448833955,0.1680591726820314,0.00039932777356371476,0.007915960884101044
2019-12-17,2019,1962,0,0,58,19,-0.1723799665538561,-0.00043094991638464023,-0.015388764567123145,0.169398310050739,0.00029363773262973804,0.02136863867652563
2019-12-18,2019,1964,0,0,59,16,0.1836405137051802,0.0004591012842629505,0.017519613557524665,0.16390485758012696,0.00031015810118782303,0.05643830877790691
2019-12-19,2019,1965,0,0,56,13,0.3917367717328547,0.0009793419293321367,0.062270388568353555,0.15644271017924535,0.00033819347503229793,0.007985887749127077
2019-12-20,2019,1965,0,0,56,11,0.13574445435350396,0.0003393611358837599,0.032093023875220644,0.1614679356709616,0.0002053442238991218,0.008269000215293275
2019-12-23,2019,1965,0,0,56,9,0.4587358520756031,0.0011468396301890077,-0.028637578796221665,0.1716077057732531,0.00037848707583030053,0.027034969989271344
2019-12-24,2019,1965,0,0,56,9,1.2073911734026725,0.0030184779335066816,0.12972134395186755,0.14519071708902584,0.0001980237623068124,0.009909982132264947
2019-12-25,2019,1966,0,0,57,7,0.5774587402284199,0.0014436468505710498,0.06523879521463663,0.15594759435153352,0.0002916902693010348,0.020982421693527695
2019-12-26,2019,1966,0,0,58,12,-0.2826829908399081,-0.0007067074770997703,-0.017501130902152332,0.1697527619710871,0.0003461965000650506,0.007316049485699555
2019-12-27,2019,1966,0,0,57,10,-0.8973717932295666,-0.0022434294830739167,-0.0463969204476772,0.17457667553901635,0.0006420513176040895,0.031405460685662905
2019-12-30,2020,1966,0,0,57,10,0.8739725795353457,0.0021849314488383642,0.1009625092872559,0.14999158278448663,0.00044598695910551034,0.07906468700771485
2020-01-06,2020,1966,0,0,56,10,-1.585261205736724,-0.0039631530143418095,-0.09784286079246893,0.18315974068734756,0.0006836977697761793,0.033561728116844776
2020-01-07,2020,1966,0,0,56,4,-0.612441265705836,-0.00153110316426459,-0.01936550716202278,0.17006683141205794,0.000476349190458517,0.008165166684586007
2020-01-08,2020,1966,0,0,55,9,-1.3115974479799468,-0.003278993619949867,-0.08666482144450785,0.1812872800403643,0.00032677224557839927,0.03587407668703326
2020-01-09,2020,1966,0,0,51,13,-1.0532430330704978,-0.0026331075826762445,-0.10402130173898642,0.18418734212369298,0.0005172781991122375,0.018045992884826525
2020-01-10,2020,1966,0,0,50,14,0.4982638374116199,0.0012456595935290498,0.01546591866595883,0.1642438608939558,0.00040374868432839164,0.008098577253427034
2020-01-14,2020,1966,0,0,48,10,-0.9027618185908197,-0.0022569045464770495,-0.07242133172008744,0.17891299808941794,0.00031450451160306905,0.04321410226754688
2020-01-15,2020,1966,0,0,48,6,0.7311109087301153,0.0018277772718252882,0.08585879275591371,0.15249929413039562,0.00023045735779568725,0.0209729291435791
2020-01-16,2020,1966,0,0,48,5,1.4055507971278796,0.003513876992819699,0.09659473679072743,0.15071379875273083,0.0002628498000507544,0.020174259158770372
2020-01-17,2020,1966,0,0,48,7,0.024941092267216858,6.235273066804215e-05,0.09128792813901257,0.1515981335732068,0.0002715353882744102,0.01862540700972983
2020-01-20,2020,1966,0,0,49,11,-0.6486135932958201,-0.0016215339832395504,-0.10348713451595545,0.18409427074555662,0.0002534103617101223,0.008112844106995639
2020-01-21,2020,1966,0,0,50,9,-0.5991769602818899,-0.0014979424007047248,-0.07713298885625729,0.17970321590878693,0.0003347361325926562,0.0327080310481406
2020-01-22,2020,1966,0,0,50,15,-0.750216584494909,-0.0018755414612372727,-0.04612259533359934,0.17452441368923138,0.00034889685370652953,0.029798515713378913
2020-01-23,2020,1966,0,0,50,15,-0.8525437763813173,-0.002131359440953293,-0.0805723033538709,0.18027841932921962,0.0008185253901031633,0.02076598923735611
2020-01-24,2020,1966,0,0,47,15,0.8573187616513305,0.0021432969041283263,0.051549041489796714,0.158232624296891,0.0003540491386548228,0.014218318119430091
2020-01-27,2020,1966,0,0,46,8,-2.0969788336198625,-0.005242447084049656,-0.20515801948562654,0.20105895497627846,0.00034143173365014785,0.04410052952649553
2020-01-28,2020,1966,0,0,45,6,1.0470628353582563,0.002617657088395641,0.05088705454442111,0.15834607929621267,0.0007557914751892159,0.0393038485369918
2020-01-29,2020,1966,0,0,45,3,-0.6203477648681982,-0.0015508694121704955,-0.01428515087439962,0.16921740485441875,0.0005561562560762579,0.021307672421753868
2020-01-30,2020,1966,0,0,44,8,1.877840586712983,0.004694601466782458,0.13006998331262512,0.14513431420606027,0.000530052392387866,0.02323185421837519
2020-01-31,2020,1966,0,0,44,3,1.0328753527646182,0.0025821883819115454,0.09365973026784578,0.1512080826135281,0.0005329692583671772,0.019588772084635456
2020-02-03,2020,1966,0,0,41,6,-0.29424134355464404,-0.0007356033588866101,-0.041148042586843916,0.17369564962948028,0.0004962112992130636,0.03201613777449081
2020-02-04,2020,1966,0,0,41,3,1.9537505440397118,0.0048843763600992796,0.2048902238638996,0.13265220405762707,0.0006414582954383511,0.046403105094079314
2020-02-05,2020,1966,0,0,42,1,-0.5015501975247972,-0.001253875493811993,-0.08243213764099523,0.18058652894978938,0.0005053211915429366,0.01945879573712996
2020-02-06,2020,1966,0,0,39,1,-1.1035209095583345,-0.002758802273895836,-0.11731278272095157,0.1864051133182944,0.0005327740215041991,0.013539971717905044
2020-02-07,2020,1967,0,0,41,0,0.6749359678639951,0.0016873399196599879,0.07010695702787725,0.1551369016234181,0.0005550143630353037,0.01266774578052244
2020-02-10,2020,1967,0,0,39,1,0.47712802008281785,0.0011928200502070447,0.06635287160764,0.15576232993388783,0.0005730993024312883,0.011366684404045112
2020-02-12,2020,1967,0,0,40,9,0.5741767562783597,0.0014354418906958994,-0.010396408947733152,0.16856657638998213,0.000713846879685085,0.04529671735798852
2020-02-13,2020,1967,0,0,40,5,0.02679289170293009,6.698222925732522e-05,0.002742455907546498,0.16637767046027419,0.0008580586266062858,0.014412709862982412
2020-02-14,2020,1967,0,0,39,8,0.6636415039637873,0.0016591037599094681,0.043113154806654626,0.15964270262927077,0.0006824132858961707,0.018295776278793585
2020-02-17,2020,1967,0,0,39,12,-1.4049224411996732,-0.003512306102999183,-0.040061959004831935,0.1735141607326516,0.0003885653252907513,0.012601884093969276
2020-02-18,2020,1967,0,0,39,10,-0.17684998593254286,-0.0004421249648313572,-0.028849932012982037,0.17164005823182793,0.0002741178394270059,0.010273751926920304
2020-02-19,2020,1967,0,0,40,18,-0.663503699779521,-0.0016587592494488024,-0.04861672330965874,0.17493540030457866,0.0002811494488489684,0.06084668315658158
2020-02-20,2020,1967,0,0,40,17,-0.7779641983753196,-0.001944910495938299,-0.08261966314073556,0.18062015215414906,0.0019865846214116223,0.010974938530450814
2020-02-21,2020,1967,0,0,39,14,-1.1883412396924269,-0.0029708530992310672,-0.06373269449269395,0.17746673679448036,0.0004077643320654643,0.005049473702439888
2020-02-25,2020,1967,0,0,39,22,-0.46925772937254084,-0.0011731443234313521,-0.050645899170565896,0.17528571036976892,0.00100898821850811,0.05662895122965946
2020-02-26,2020,1967,0,0,39,20,-0.9926990099047419,-0.002481747524761855,-0.018872619717444965,0.16998484421290014,0.002240989171368591,0.014631634111257577
2020-02-27,2020,1967,0,0,40,33,0.1401359762577865,0.00035033994064446626,0.042380484786506765,0.15976548320798306,0.0036212097574594426,0.08637246930295957
2020-02-28,2020,1967,0,0,40,36,0.9767075281752486,0.0024417688204381215,-0.05697486376083197,0.17634129906980017,0.0015851617970368136,0.15662470742167836
2020-03-02,2020,1968,0,0,41,9,-1.1694636001268466,-0.0029236590003171165,-0.08590953595091746,0.18116027267449,0.0007607261627133884,0.1430894891728483
2020-03-03,2020,1968,0,0,41,40,0.966587919377226,0.002416469798443065,0.0600117555131566,0.1568169853992877,0.0005203097420562292,0.025938288310641388
2020-03-04,2020,1968,0,0,43,28,1.8902268031786562,0.004725567007946641,0.1793280144106988,0.13691767814560463,0.00130037843588577,0.012197581426754475
2020-03-05,2020,1968,0,0,43,2,3.0710593497822156,0.007677648374455539,0.19566559618237073,0.13419203429553772,0.00486790978438811,0.019147157716286518
2020-03-06,2020,1968,0,0,43,43,0.27073829416002004,0.0006768457354000501,0.05395356201935132,0.1578341967899895,0.003473258141868793,0.08913917767064934
2020-03-09,2020,1969,0,0,43,43,-2.6625799856875925,-0.006656449964218981,-0.16883003693764367,0.1950017308034684,0.0036955514524774544,0.16274675599224658
2020-03-10,2020,1970,0,0,44,7,-1.2030539214745577,-0.0030076348036863943,-0.024472617369610896,0.17091883346849315,0.005831792736777312,0.16094761759617415
2020-03-11,2020,1970,0,0,43,36,3.1632657778497055,0.007908164444624263,0.14463288482776637,0.14270598022444753,0.0020793320372847644,0.05629952324018812
2020-03-12,2020,1970,0,0,42,42,2.1438240218614095,0.005359560054653524,0.08287708171943146,0.15300857014993338,0.0030832770597163882,0.08335812651956201
2020-03-13,2020,1971,0,0,42,42,1.7402038364822507,0.004350509591205627,0.08197997595482097,0.15315855942499174,0.015574767514087857,0.16191789106440999
2020-03-16,2020,1971,0,0,42,11,-3.127794676183669,-0.007819486690459171,-0.050398535556525945,0.17524381142584378,0.0024771887075649784,0.11090662965775674
2020-03-17,2020,1971,0,0,40,2,3.0591670588966546,0.007647917647241637,0.10233625469992437,0.14976244434767683,0.00453215005548907,0.21391377478044227
2020-03-18,2020,1971,0,0,39,1,2.7836766600601104,0.006959191650150276,-0.06646445600561951,0.177924342595034,0.004162595310510722,0.05776243580840718
2020-03-19,2020,1971,0,0,36,0,2.0088144823077965,0.005022036205769491,-0.057906749874049465,0.1764967431006572,0.005157368537155906,0.0552746170437847
2020-03-23,2020,1971,0,0,35,1,5.429337548905762,0.013573343872264405,0.19101340118193252,0.13496794445534094,0.004450727719303572,0.11618457577106722
2020-03-24,2020,1971,0,0,35,0,0.05507717104158871,0.0001376929276039718,-0.008201259399066775,0.16820348132253787,0.0020665060410186347,0.15331959262058398
2020-03-25,2020,1971,0,0,35,3,2.1984862470508952,0.005496215617627238,0.12340592661617972,0.14624723026908545,0.0025116298635523143,0.27834777220804635
2020-03-26,2020,1972,0,0,36,8,1.7127832633759845,0.0042819581584399614,0.06056858037911253,0.1567305522555414,0.0015418797001850637,0.02569943166956696
2020-03-27,2020,1972,0,0,35,10,-1.0924197681357612,-0.002731049420339403,-0.14978960338874803,0.19182536116419346,0.0029423996695362763,0.12938322597419924
2020-03-30,2020,1973,0,0,35,2,1.3320442966518726,0.0033301107416296816,0.03159523578377424,0.16156434989559704,0.0014410322059657985,0.07469832238233723
2020-03-31,2020,1974,0,0,38,6,2.4023190585628607,0.006005797646407152,0.11507087304957689,0.14763727671802915,0.0010017920817336702,0.04662011543201099
2020-04-01,2020,1974,0,0,39,26,2.6706072352235375,0.006676518088058843,0.06592156521046691,0.15583642435381428,0.0008383061180691853,0.09267954009581816
2020-04-02,2020,1974,0,0,39,26,-1.5952989786666558,-0.00398824744666664,-0.0360051528790636,0.17284244462069576,0.004420172301571576,0.06114432273247263
2020-04-03,2020,1974,0,0,39,22,-2.8983305646160216,-0.007245826411540054,-0.06488934673046685,0.17766108433625186,0.003164628092457441,0.08208336385508211
2020-04-06,2020,1974,0,0,39,8,-0.3861607348291187,-0.0009654018370727968,0.02902316989371675,0.16199176068239074,0.001540094105957833,0.08386082916635101
2020-04-07,2020,1974,0,0,38,18,1.5805565142927627,0.003951391285731906,0.13282907493404406,0.1446734254956956,0.0013088557328258216,0.06601775895451109
2020-04-08,2020,1974,0,0,39,13,0.41418531043370743,0.0010354632760842686,0.08306470749033228,0.15297597779757796,0.000915679078919765,0.13666069460096741
2020-04-09,2020,1974,0,0,40,10,-1.650651378858368,-0.00412662844714592,-0.061585623426659304,0.17710908848361875,0.0012480494480390696,0.34777980337887343
2020-04-10,2020,1974,0,0,42,6,0.2146603742012747,0.0005366509355031868,0.1212322399216086,0.14660888630414812,0.0008026509264716837,0.20565317460431753
2020-04-13,2020,1974,0,0,42,4,-2.7064162353438217,-0.006766040588359554,-0.13282503240594085,0.1889942797656378,0.0014724512768891332,0.05790064430254597
2020-04-14,2020,1974,0,0,42,12,-1.9692745096417217,-0.004923186274104304,-0.04852410101263454,0.1749295586741603,0.0010535564178418982,0.07341582341486177
2020-04-15,2020,1974,0,0,43,5,-0.4134639091147848,-0.001033659772786962,-0.055154636481913544,0.17603464059684787,0.0007404252520643341,0.057313844647691244
2020-04-16,2020,1974,0,0,43,16,-1.522521346617295,-0.0038063033665432376,-0.0303177777710329,0.17189183606317907,0.0008880292393735208,0.029114729994603288
2020-04-17,2020,1974,0,0,44,16,-2.270503872507608,-0.00567625968126902,-0.2157557918217651,0.20282904338835855,0.001301843202123344,0.026756312860539855
2020-04-20,2020,1974,0,0,45,9,-3.739938216661143,-0.009349845541652857,-0.2491222648828434,0.20839692131366178,0.0009667014724508782,0.02072913576284658
2020-04-21,2020,1974,0,0,45,11,3.171347850896368,0.00792836962724092,0.14535948788458386,0.14258387672092548,0.0016457896176013996,0.49006012134850113
2020-04-22,2020,1974,0,0,47,12,-1.1157588255246857,-0.0027893970638117145,-0.06361775296138937,0.17744569023321324,0.0006124278242350496,0.05348103050944701
2020-04-23,2020,1974,0,0,47,10,-0.061066742290904585,-0.00015266685572726146,0.0199958594666187,0.16349900386843966,0.001177262928522001,0.030154013885138435
2020-04-24,2020,1974,0,0,47,17,0.1655261086092501,0.00041381527152312527,0.02123811835369216,0.16328767522553178,0.0007955049705524378,0.015110995522450989
2020-04-27,2020,1974,0,0,47,10,3.149843926952852,0.00787460981738213,0.10403577010635778,0.14947820536273787,0.001058095259151207,0.046748434467500544
2020-04-28,2020,1974,0,0,48,7,-1.4033603464437658,-0.0035084008661094147,-0.09263216881105918,0.18228913589252138,0.001219888488383453,0.11087063246634943
2020-04-30,2020,1974,0,0,47,13,-1.1191632072363715,-0.002797908018090929,-0.05523175407847766,0.17604800189293654,0.0009778477858188302,0.0458882288398616
2020-05-01,2020,1974,0,0,46,1,3.3953133380512712,0.008488283345128179,0.17297189841686184,0.1379772051383888,0.0010475391665849287,0.013698603756581891
2020-05-07,2020,1974,0,0,47,3,2.683794095852132,0.00670948523963033,0.20964277360696185,0.13185936265901776,0.0015483746042093264,0.016679669456574807
2020-05-08,2020,1974,0,0,48,4,-1.9262976125130886,-0.0048157440312827215,-0.13816528837299819,0.18988149850798017,0.0008334787351616512,0.03330858399759114
2020-05-11,2020,1974,0,0,48,6,-0.6672792967457336,-0.001668198241864334,-0.09863285474867381,0.18328625434201065,0.0011222203455231855,0.0341744014716613
2020-05-12,2020,1974,0,0,46,4,-1.0375988598765256,-0.002593997149691314,-0.04141846425768561,0.17374515635789983,0.0017384041390982915,0.016428827791474324
2020-05-13,2020,1974,0,0,46,2,-0.8402204504890078,-0.0021005511262225194,-0.01716873446913185,0.16969866835278216,0.0008663653323268089,0.020705959898534857
2020-05-14,2020,1974,0,0,46,0,-0.471513345346094,-0.0011787833633652351,-0.011262604159648177,0.1687120007645834,0.001126393190601853,0.048584196814699616
2020-05-15,2020,1974,0,0,47,1,2.4823950713036993,0.006205987678259248,0.20797203545713566,0.1321371159622657,0.0007118571977979142,0.029407264581591274
2020-05-18,2020,1974,0,0,46,2,-0.33154627207803267,-0.0008288656801950817,-0.04985836631685384,0.17515002074283909,0.0006433705606777467,0.03818548778477096
2020-05-19,2020,1974,0,0,46,6,0.758852044972028,0.00189713011243007,0.05419229872008271,0.15778561201141267,0.0004512529843667822,0.023012097511397975
2020-05-20,2020,1974,0,0,46,7,-0.04204328963127202,-0.00010510822407818004,-0.04478175373835014,0.17430396569527473,0.00058833959190479,0.02572709974428053
2020-05-21,2020,1974,0,0,47,4,-0.8303362324393215,-0.002075840581098304,-0.03478152928875288,0.17263757236833638,0.0008882420264676531,0.015276657008384278
2020-05-22,2020,1974,0,0,49,2,3.5093458208930723,0.00877336455223268,0.21518895055443002,0.13093375238680474,0.0008720172735241173,0.018759214661899462
2020-05-25,2020,1974,0,0,49,15,1.2335844664228084,0.003083961166057021,0.043996761111175856,0.15949212423329995,0.0007040678186903241,0.021848994944633902
2020-05-26,2020,1974,0,0,49,13,1.8481130714652254,0.004620282678663063,0.030293152925798462,0.16178054141910003,0.0005503232231648705,0.018824762218481186
2020-05-27,2020,1974,0,0,49,24,3.613596496436868,0.00903399124109217,0.16348340895997987,0.13955948039934998,0.0009148748029328764,0.01935439842638484
2020-05-28,2020,1974,0,0,49,28,2.1969632293979084,0.005492408073494771,0.0922276849847332,0.1514456526493097,0.000679868425155965,0.017576936064565334
2020-05-29,2020,1974,0,0,48,23,0.5584412586678029,0.0013961031466695074,-0.04745180470657759,0.17475100142687425,0.0007449660446288166,0.04604421781594138
2020-06-01,2020,1974,0,0,48,6,2.331692864289108,0.00582923216072277,0.19312148345261568,0.1346131944103037,0.0004047666404810123,0.020138835382550187
2020-06-02,2020,1974,0,0,48,11,0.1480232518181609,0.0003700581295454022,-0.008575034616984339,0.1682562486292037,0.0005091230455381748,0.10492329644612766
2020-06-03,2020,1974,0,0,48,12,-1.615789388272956,-0.00403947347068239,-0.11036500285051479,0.18524555313991134,0.0005527022432018034,0.03472267226400962
2020-06-04,2020,1974,0,0,48,17,-0.23267865543572075,-0.0005816966385893019,-0.05039249326167801,0.17524183370717725,0.0008398839220510176,0.0204283313404175
2020-06-05,2020,1974,0,0,46,16,1.8044222827454421,0.004511055706863606,0.16534621955605236,0.13924630527814502,0.00046401950240528884,0.026672099754190354
2020-06-08,2020,1974,0,0,45,15,-0.4730985749329403,-0.0011827464373323506,-0.01464784256943523,0.16927354420197802,0.0006175367708555458,0.029718740274438455
2020-06-09,2020,1974,0,0,45,33,4.414031915562418,0.011035079788906046,0.2979874643396663,0.11712038637129471,0.0013106379816515414,0.022725993797862595
2020-06-10,2020,1974,0,0,45,24,0.3599807281534657,0.0008999518203836643,0.055065448888761054,0.15764828951336138,0.000796155961611604,0.017272427278552042
2020-06-11,2020,1974,0,0,44,1,-0.516553564052737,-0.0012913839101318424,-0.002389081105002742,0.16723395276170042,0.0013449016302250196,0.06334786457231477
2020-06-12,2020,1974,0,0,44,0,0.08157148707156292,0.0002039287176789073,0.01920663770973629,0.16363122820921341,0.002576170712861918,0.040453099325202316
2020-06-15,2020,1974,0,0,44,0,-1.2288186651088608,-0.003072046662772152,-0.0672731797669391,0.1780566717609927,0.000725008339224067,0.04152581292985343
2020-06-16,2020,1974,0,0,44,4,-0.9510032082636084,-0.002377508020659021,-0.09206421727368055,0.1821859767286821,0.0007147473092332625,0.15706856554065415
2020-06-17,2020,1974,0,0,45,17,1.219997740659552,0.0030499943516488796,0.047752391742953613,0.15886570482341048,0.0005201208590628425,0.07152947675340313
2020-06-18,2020,1974,0,0,45,16,-0.6642380950708064,-0.001660595237677016,-0.07015093241580671,0.1785308241376913,0.0004500569774060797,0.030722103534971623
2020-06-19,2020,1974,0,0,46,4,0.46448834834630703,0.0011612208708657677,0.028073212728096392,0.16214405380792335,0.00031110267735246476,0.032813133781125305
2020-06-22,2020,1974,0,0,46,17,-0.3335643101803656,-0.000833910775450914,-0.03059234550715564,0.17193670643212167,0.0005157055974718121,0.02673872171394839
2020-06-23,2020,1974,0,0,45,13,0.20887163396397845,0.0005221790849099462,0.04774242960953664,0.15886855890916132,0.0005785365516336995,0.01978064788230218
2020-06-24,2020,1974,0,0,46,16,-1.9227618319164095,-0.004806904579791024,-0.1202152340416809,0.1868896569700422,0.0006594042002283194,0.03548504488468977
2020-06-25,2020,1974,0,0,45,8,-0.05005111515456173,-0.00012512778788640434,-0.024984286102693005,0.17100292951721427,0.0008360008484780958,0.02488566817067156
2020-06-26,2020,1974,0,0,44,13,1.6868719791683584,0.004217179947920896,0.16916588601891422,0.1386090647039304,0.0004892945242728966,0.07039380905653854
2020-06-29,2020,1974,0,0,43,18,0.8082744698110433,0.0020206861745276083,0.06694653031618125,0.15566598533849377,0.0006001783116791587,0.04210955590990713
2020-06-30,2020,1975,0,0,44,22,1.7055238240899337,0.004263809560224835,0.05485999248701596,0.15768049128948608,0.0007254195814423429,0.04018756852874811
2020-07-01,2020,1975,0,0,44,24,-0.038441556353611794,-9.610389088402948e-05,0.015250125009461149,0.16428859470241633,0.0007901641730103647,0.04842904001174765
2020-07-02,2020,1975,0,0,44,13,0.3480155392152091,0.0008700388480380228,-0.035727822790200876,0.17279547549718813,0.0012707063432550079,0.07969938173805047
2020-07-03,2020,1975,0,0,44,4,-1.9991892468047905,-0.004997973117011976,-0.13321688201663642,0.18905644156224757,0.0005578403769969916,0.02831251775830851
2020-07-06,2020,1975,0,0,44,2,-0.7277549440347779,-0.0018193873600869449,0.025130492689217458,0.162640803909586,0.0005929205266482049,0.026899037738285822
2020-07-07,2020,1975,0,0,45,11,0.05338188104722974,0.00013345470261807434,0.05631831724187268,0.15743548565008042,0.0005598328413251829,0.044876071558691125
2020-07-08,2020,1975,0,0,46,3,-0.9216396937856488,-0.002304099234464122,-0.006497433436492378,0.16791877149535733,0.0009673324943837185,0.05242002930287374
2020-07-09,2020,1975,0,0,44,2,-0.02748950413316731,-6.872376033291827e-05,-0.007799145254840484,0.1681365239813418,0.0013609687514412065,0.03060789218487657
2020-07-10,2020,1976,0,0,45,5,0.05695489700697953,0.00014238724251744884,-0.03427053389560791,0.17254611051249832,0.00047794881956269924,0.08452693807330557
2020-07-13,2020,1976,0,0,45,1,0.41673047174995403,0.001041826179374885,0.09043905462698308,0.1517456132782624,0.000697180426266645,0.029289032360958513
2020-07-14,2020,1976,0,0,45,3,0.40197646645927865,0.0010049411661481966,0.0010622104159129977,0.16665511852857587,0.0006895231589331782,0.04777918109217849
2020-07-15,2020,1978,0,0,47,20,-0.6629517471924415,-0.0016573793679811038,-0.08711718749925283,0.1813668268875083,0.0004754185177173945,0.015596638664228188
2020-07-16,2020,1978,0,0,48,5,-1.1612332842282622,-0.0029030832105706554,-0.0857808510695155,0.18114198745149127,0.0004736426249377073,0.02960646672080985
2020-07-17,2020,1978,0,0,47,3,-0.14413485127606096,-0.0003603371281901524,0.0438407688607213,0.15951723406394733,0.000526625501910502,0.02556549055475044
2020-07-20,2020,1978,0,0,47,11,0.5927078069126752,0.001481769517281688,0.03577480534728741,0.16086416954796304,0.0004517789152089081,0.011198914557050108
2020-07-21,2020,1978,0,0,47,12,-0.7061616077057004,-0.001765404019264251,-0.0763270227176042,0.17956596984597464,0.0005465599598883919,0.05616871480478838
2020-07-22,2020,1978,0,0,47,5,-0.9943918702170894,-0.0024859796755427235,-0.11913914660623762,0.18670718495783883,0.0005298190622316977,0.02104211444451181
2020-07-27,2020,1978,0,0,48,7,-2.4636554286888876,-0.006159138571722219,-0.12338011797622514,0.18741839016520903,0.0008531601228075321,0.012344197606626642
2020-07-28,2020,1978,0,0,49,9,1.3569797772889072,0.003392449443222268,0.036711966924696394,0.1607076958718281,0.0007211016594608348,0.0231919427137982
2020-07-29,2020,1978,0,0,50,9,0.8044787431220959,0.00201119685780524,0.05426811413910089,0.1577813373676808,0.0017884205365641685,0.24010512686696195
2020-07-30,2020,1978,0,0,49,4,-0.8367907207726395,-0.0020919768019315985,-0.06553489815139932,0.1777682608808211,0.0017945049958308127,0.06802934478623583
2020-07-31,2020,1980,0,0,51,11,-3.664875383227936,-0.00916218845806984,-0.24137171197476345,0.20710289441847635,0.0024208584528917893,0.047190351069012704
2020-08-03,2020,1981,0,0,52,3,0.5705695395315149,0.0014264238488287872,0.020874207281578277,0.16334708484041924,0.0006030897768900664,0.03805402776710074
2020-08-04,2020,1981,0,0,52,3,-0.06263098216993401,-0.00015657745542483503,0.002359244792402681,0.16643860089892856,0.0007385092518574575,0.08918324247839285
2020-08-05,2020,1981,0,0,52,4,1.4892434976685882,0.0037231087441714707,0.07752842215360123,0.1538968628148412,0.0009016971025060869,0.04055244933185102
2020-08-06,2020,1981,0,0,52,12,2.2485181602956588,0.005621295400739147,0.09070985177117027,0.15170114255254527,0.0018737813223580122,0.021233043398331052
2020-08-07,2020,1981,0,0,54,5,3.00326910474568,0.007508172761864201,0.21522227787004675,0.13092728435698775,0.0007839705496952652,0.01909927437041929
2020-08-11,2020,1981,0,0,55,0,0.49330814855174543,0.0012332703713793635,0.04756925335975191,0.15889513644854153,0.0006810433806657229,0.03160514647934566
2020-08-12,2020,1981,0,0,55,1,1.3678737489470465,0.0034196843723676164,0.0869972848536577,0.1523184845101003,0.0005354690936849672,0.03416082746362288
2020-08-13,2020,1981,0,0,54,4,-0.45765196291390453,-0.0011441299072847612,-0.025126016535591027,0.17102345309982636,0.0006542765806117922,0.06453873820749566
2020-08-14,2020,1981,0,0,54,0,-1.5814059468131214,-0.003953514867032803,-0.16877145255892084,0.19498712027087656,0.0005678754649438004,0.04740561387632314
2020-08-17,2020,1981,0,0,54,1,-0.7517368438291233,-0.0018793421095728083,-0.010906073067941374,0.16864809874246112,0.00047295904259480925,0.019664119702355185
2020-08-18,2020,1981,0,0,54,6,0.002071982798197647,5.179956995494117e-06,-0.030505208021837087,0.17192004657190973,0.000487347666618942,0.0638018485080807
2020-08-19,2020,1981,0,0,54,4,0.849382450301494,0.002123456125753735,0.014459830093621416,0.16441325055376346,0.0003764133532077509,0.024390676217424714
2020-08-20,2020,1982,0,1,55,9,-1.080282767723721,-0.0027007069193093025,-0.04324235193340206,0.1740442402239704,0.0004893131987174042,0.06936902089673949
2020-08-21,2020,1982,0,0,57,3,-2.635277415940899,-0.006588193539852247,-0.11181029745885963,0.18548669754304212,0.0005472496127773444,0.03961155710980843
2020-08-24,2020,1982,0,0,56,10,1.5236541422123413,0.0038091353555308534,0.08031395499041333,0.1534243477449363,0.0004455887464012463,0.08375628903957061
2020-08-25,2020,1982,0,0,56,3,0.3536570682412208,0.0008841426706030519,0.00026404172534074007,0.16678779556254758,0.00043883437117647013,0.022154361181770554
2020-08-26,2020,1982,0,0,57,9,0.31760998225205217,0.0007940249556301304,0.13593587204293536,0.14415477465775345,0.0008094358140364527,0.01781542815908857
2020-08-27,2020,1982,0,0,58,13,-2.4805664913417713,-0.006201416228354429,-0.12987058904569104,0.18849951580270397,0.0007188198829365795,0.056376252798058434
2020-08-28,2020,1982,0,0,58,2,0.30688210218834705,0.0007672052554708676,0.002488803846172378,0.1664142338748577,0.0005286737980173542,0.02583997905444057
2020-08-31,2020,1982,0,0,58,8,-0.8672286250111509,-0.0021680715625278773,-0.06600662696664648,0.1778419239963567,0.00037730545839255566,0.009973814256147026
2020-09-01,2020,1982,0,0,58,11,0.20988186647564752,0.0005247046661891188,0.009597208495869607,0.16522748703707604,0.0003520708102703974,0.012557802040946472
2020-09-02,2020,1982,0,0,58,18,-0.020022761620900775,-5.005690405225194e-05,0.0767517905679328,0.15402397296094236,0.0004994030186225907,0.024207087029985763
2020-09-03,2020,1982,0,0,58,10,-1.466129739116559,-0.003665324347791398,-0.023378611999151963,0.17073255541143711,0.000579884751152984,0.019420750267452977
2020-09-04,2020,1982,0,0,58,3,1.4509537674396693,0.003627384418599173,0.05562923231072162,0.15755098408044835,0.0006769539593427917,0.021133356620259
2020-09-07,2020,1982,0,0,56,7,-0.9493226077540916,-0.002373306519385229,-0.07205714288302549,0.17885024140487815,0.00034825837479016114,0.01666408495810212
2020-09-08,2020,1982,0,0,56,13,-1.4114787787511216,-0.003528696946877804,-0.15536161291667383,0.19274809143081376,0.0003949841679789546,0.011553219555382233
2020-09-09,2020,1982,0,0,56,8,0.535210921543944,0.0013380273038598601,0.03543978451807413,0.1609166338569349,0.0005061311739392113,0.008994458925756808
2020-09-10,2020,1982,0,0,58,7,0.9908483246066118,0.0024771208115165295,0.05299144702882601,0.15798850863249578,0.0005544665364359722,0.016433077832906533
2020-09-11,2020,1982,0,0,58,12,-1.8325523626445261,-0.004581380906611315,-0.1497507927155015,0.1918122834007086,0.00048417803311259967,0.026019513031799432
2020-09-14,2020,1982,0,0,57,9,-2.5182938868084492,-0.006295734717021123,-0.16273668892241738,0.19398151024118432,0.0006005429853551525,0.03481926034445662
2020-09-15,2020,1982,0,0,58,6,-0.6357272177773685,-0.0015893180444434213,-0.03567189199602737,0.1727744702990719,0.0003830094615057723,0.03305901718144811
2020-09-16,2020,1982,0,0,57,11,0.14568531681412833,0.00036421329203532084,0.08237224518266305,0.15308821089331628,0.0004035135116772647,0.016679687849678007
2020-09-17,2020,1983,0,0,58,5,-1.3628783379124598,-0.0034071958447811496,-0.061093983834589145,0.1770228492254884,0.0006583442210901634,0.0065552893723199
2020-09-18,2020,1983,0,0,58,7,1.376253168633088,0.00344063292158272,0.1264853394158606,0.14573066113082236,0.000780603953375784,0.0214702976359089
2020-09-23,2020,1983,0,0,58,9,0.5507021146487645,0.0013767552866219112,0.011311028376816362,0.1649451241326871,0.0004533223469120676,0.008065802464735802
2020-09-24,2020,1984,0,0,58,2,1.1445383936606626,0.0028613459841516564,-0.013371324627729076,0.16906520488796972,0.0009765741287344077,0.04168844992573828
2020-09-25,2020,1986,0,0,60,6,-1.2261681020563233,-0.0030654202551408083,-0.13058488559315776,0.18861793213369552,0.0006331354607880158,0.0408154083511931
2020-09-28,2020,1986,0,0,60,12,-2.2722790411982854,-0.0056806976029957134,-0.15737684641075006,0.19309018537767725,0.0015616254482112124,0.049778108350968256
2020-09-29,2020,1986,0,0,59,13,0.0,0.0,,0.08341729638958857,2.468361682383229e-05,0.04965251174416457
2020-09-30,2020,1986,0,0,59,8,0.16385443139797684,0.0004096360784949421,0.07137119975572469,0.1549268165166367,0.0009008772095463548,0.13631566958328992
2020-10-02,2020,1989,0,1,62,3,1.6384051766813976,0.004096012941703494,0.185399347994246,0.13589811418393613,0.0003526994704301997,0.03764653441603838
2020-10-05,2020,1990,0,0,61,1,-1.0790464762223846,-0.0026976161905559615,-0.040972411030653286,0.17366682328040892,0.0004114588735087637,0.024730905904066527
2020-10-06,2020,1990,0,0,62,5,-1.006286415185748,-0.0025157160379643702,-0.07599656721263293,0.17950532076634595,0.00040342475211070986,0.010913858314744337
2020-10-07,2020,1990,0,0,61,7,1.7023894977640666,0.004255973744410166,0.07196276600126573,0.15482425180355874,0.00044414987655974587,0.00767319375924972
2020-10-08,2020,1990,0,0,60,7,0.6633645917561956,0.001658411479390489,0.07859417471127436,0.1537166732375542,0.00043308562385390223,0.049405459301632454
2020-10-09,2020,1990,0,0,57,9,0.4609901254638024,0.001152475313659506,0.023395864118253333,0.16292243343960094,0.0003403609450100876,0.015125341871759962
2020-10-12,2020,1990,0,0,57,14,2.751276329484271,0.006878190823710677,0.17027884159561402,0.13842326503117372,0.0004831680576103419,0.00914776252958148
2020-10-13,2020,1990,0,0,59,14,0.22940302632043674,0.0005735075658010919,-0.017658093968099073,0.16977491240312312,0.0005055610383247206,0.00944197381438873
2020-10-14,2020,1990,0,0,59,7,-2.036565944803707,-0.005091414862009267,-0.08228162854739524,0.18055940770589785,0.0007777561810836639,0.014209218167957102
2020-10-15,2020,1989,0,0,57,14,-0.0722993761046733,-0.00018074844026168323,-0.04494343264394888,0.17433069443933302,0.0008304060011463399,0.03988067672856862
2020-10-16,2020,1989,0,0,57,9,-1.200187252186468,-0.00300046813046617,-0.0386710001089428,0.17328452338570005,0.0005002963372277506,0.05536903430671463
2020-10-19,2020,1989,0,0,58,4,-0.11610582494707455,-0.00029026456236768637,0.02245954447011656,0.1630836037027744,0.0005049223565550037,0.02279138219794058
2020-10-20,2020,1989,0,0,57,4,-2.4186445875385876,-0.006046611468846469,-0.07158341032592715,0.17877457170844877,0.000585257518918193,0.03093783775365493
2020-10-21,2020,1989,0,0,58,5,0.278585737519159,0.0006964643437978975,0.017363010246592397,0.16393205370388686,0.0004556552186599822,0.009639577689850654
2020-10-22,2020,1989,0,0,58,10,1.0741196451543171,0.0026852991128857927,0.06240358627495441,0.1564147537305249,0.0005465481430367769,0.013681374594233823
2020-10-23,2020,1989,0,0,58,6,-2.726443345469934,-0.0068161083636748354,-0.20098547744783568,0.20035909425545712,0.00043275672955493834,0.016844780127397325
2020-10-26,2020,1989,0,0,57,8,-3.574915357223969,-0.008937288393059923,-0.205201401603924,0.20106546743845682,0.0005839941529326494,0.031960507384967196
2020-10-27,2020,1989,0,0,57,1,1.1674996185943787,0.0029187490464859466,0.14134844325630838,0.14324592547409148,0.00044198267294655384,0.013107002497670878
2020-10-28,2020,1990,0,0,54,1,0.70206964656888,0.0017551741164222002,0.060382818809768375,0.15676000061727385,0.0009552980231886068,0.016346969560614353
2020-10-29,2020,1991,0,0,53,6,3.049852661692146,0.007624631654230365,0.23065913679505515,0.1283516012962602,0.0008193872807649545,0.028196765104711738
2020-10-30,2020,1991,0,0,53,9,-2.084396385618154,-0.005210990964045386,-0.18367940063376562,0.19747387384032672,0.001022552194843353,0.06385817668276837
2020-11-02,2020,1991,0,0,53,1,-0.7169759642098568,-0.0017924399105246418,-0.04049185599070347,0.17358795547616604,0.0009797803717636066,0.09267053731352658
2020-11-04,2020,1991,0,0,53,0,0.7455358021212419,0.0018638395053031049,0.0309593169868645,0.16166423478263992,0.000654203356375078,0.016693491430328698
2020-11-05,2020,1991,0,0,53,0,-1.9295700660932762,-0.004823925165233191,-0.1840539432722135,0.1975373740936256,0.0009609509638796038,0.01927228991459398
2020-11-06,2020,1991,0,0,53,3,5.5027936684493115,0.013756984171123279,0.19828394050926249,0.13375320301676727,0.0021364228070274117,0.023488294957118083
2020-11-09,2020,1991,0,0,53,10,-1.0877931438579824,-0.002719482859644956,-0.06183676277128313,0.1771483472677629,0.0008171081048950454,0.047590618694793904
2020-11-10,2020,1991,0,0,53,4,0.6638447432023447,0.0016596118580058617,-0.03069673206495949,0.17195200477348188,0.0007276846534202744,0.0329561543552267
2020-11-11,2020,1991,0,0,53,5,-1.131516330039056,-0.0028287908250976402,-0.0878153701917791,0.1814839162027462,0.0011983893494934025,0.05573274775831472
2020-11-12,2020,1991,0,0,53,0,-2.486384059161624,-0.00621596014790406,-0.20859389693863373,0.20163334072795522,0.0010577839696163883,0.03372667344704961
2020-11-13,2020,1991,0,0,53,0,-0.9757808897250602,-0.0024394522243126504,-0.09664866542890113,0.18295583439789295,0.000755259509030319,0.2532587296999173
2020-11-16,2020,1991,0,0,53,5,1.0789334752890385,0.002697333688222596,-0.025286658388649633,0.1710502606924463,0.0006112046308582751,0.5252138735068342
2020-11-17,2020,1991,0,0,52,4,-0.4657899812474419,-0.0011644749531186049,-0.027636715590094306,0.17143437804911626,0.00047066953502604495,0.0512587738132373
2020-11-18,2020,1991,0,0,52,4,0.38523268646418285,0.0009630817161604571,0.015042456651837047,0.16432052021780139,0.0003348278423735158,0.049522313175029385
2020-11-19,2020,1991,0,0,51,3,2.242905158395497,0.005607262895988742,0.08983113290310885,0.151845386890435,0.0005998334405038006,0.06331353384771894
2020-11-20,2020,1991,0,0,51,4,-0.6826129413168518,-0.0017065323532921295,-0.03108523051262675,0.172017112535817,0.0005197951706892526,0.03559656037553296
2020-11-24,2020,1991,0,0,51,5,0.7166397875636124,0.0017915994689090308,0.020652478554836245,0.16338332748371434,0.0004541021613579738,0.09368422806617517
2020-11-25,2020,1991,0,0,51,4,0.9934571103987677,0.0024836427759969194,0.022346373875517928,0.16310277850539542,0.0004803080129535918,0.05758587283374417
2020-11-26,2020,1991,0,0,50,7,0.867336627193477,0.0021683415679836925,0.045602801240032693,0.15922546087580217,0.0011881145591629196,0.0613245566640715
2020-11-27,2020,1991,0,0,50,2,0.17644689192583085,0.00044111722981457713,-0.022073807577635284,0.17051449972643368,0.0005556700750811813,0.06737888303875021
2020-11-30,2020,1991,0,0,50,4,-0.25449668751937493,-0.0006362417187984373,0.02686319532472862,0.16234923288228004,0.0004309377279332628,0.06413276144314754
2020-12-01,2020,1991,0,0,51,2,0.6879817146551822,0.0017199542866379554,-0.019874805947053716,0.1701450434939349,0.0005072715099274017,0.0506000843112621
2020-12-02,2020,1991,0,0,52,10,0.6416438565685303,0.0016041096414213258,0.017298155849349246,0.1639431223871478,0.0004891862275948548,0.038206731182964235
2020-12-03,2020,1991,0,0,52,6,-0.5611856573227998,-0.0014029641433069995,-0.014266087983215898,0.16921101238241718,0.00077848640710411,0.0809194850678961
2020-12-04,2020,1991,0,0,51,3,1.9316773192510313,0.004829193298127578,0.06971878391132054,0.15519599206251114,0.00039246408691566393,0.04442782099964502
2020-12-07,2020,1991,0,0,51,3,-1.582256089649536,-0.00395564022412384,-0.16293831511188897,0.19401286338255744,0.0004184688182870903,0.021764701869170636
2020-12-08,2020,1991,0,0,51,4,0.11336280594123949,0.00028340701485309874,0.04524404120516074,0.15928182445864347,0.00039469711369092875,0.05757732278094092
2020-12-09,2020,1991,0,0,52,8,1.49778050717289,0.0037444512679322252,0.10647747143383537,0.14906468695250186,0.0005028928767133062,0.023211242363059454
2020-12-10,2020,1991,0,0,49,10,1.0524625511625783,0.0026311563779064457,0.017796981291514972,0.16386064301299993,0.0005027574139782483,0.03444076224413321
2020-12-11,2020,1991,0,0,49,5,-0.09465552945720401,-0.00023663882364301003,-0.014341607623675454,0.16921821424358402,0.00046066936618163143,0.019222134255643408
2020-12-14,2020,1991,0,0,50,2,-0.5716531882079036,-0.0014291329705197588,-0.056191706494228215,0.17620151176240154,0.0005150316968092241,0.04360282482842574
2020-12-15,2020,1990,0,0,49,10,0.7793201961814848,0.0019483004904537122,0.05137209674596675,0.1582601824251025,0.0004934156583875133,0.017608145751561333
2020-12-16,2020,1993,0,0,50,12,-0.1683271725474257,-0.0004208179313685643,0.012215256283223225,0.16479294773768802,0.0003809404068964824,0.025119722635084468
2020-12-17,2020,1994,0,0,51,9,-0.9217000901493717,-0.0023042502253734294,-0.028990904288921916,0.171662688029522,0.00036760579006866285,0.04495966940408369
2020-12-18,2020,1995,0,0,52,11,1.5585872425891814,0.0038964681064729534,0.09370171793470473,0.15120102504026434,0.0010042735164565468,0.020295090947029824
2020-12-21,2020,1996,0,0,53,12,-1.0720654688218203,-0.0026801636720545506,-0.04080153985932701,0.1736373871479619,0.00038534810215034177,0.021892583607755405
2020-12-22,2020,1998,0,0,52,9,-1.1291573132710564,-0.002822893283177641,-0.06202836585687021,0.1771738938109425,0.00044735506692869097,0.035056644133154326
2020-12-23,2020,1999,0,0,54,13,-0.8713021819980565,-0.0021782554549951414,-0.06500711779841598,0.17767153577269598,0.0003761648302350383,0.03700541290263338
2020-12-24,2020,1999,0,0,54,5,-1.7923742837238377,-0.004480935709309594,-0.165185463416823,0.1943874207492253,0.00043052946290238436,0.01654232816869828
2020-12-25,2020,1999,0,0,54,8,0.8976766840309551,0.002244191710077388,0.12642216828921216,0.14574145591725202,0.0005119400211591173,0.01348235655576887
2020-12-28,2020,1999,0,0,51,3,0.3767665589988596,0.0009419163974971489,0.003635785933067195,0.16622365214116047,0.0003420181155098063,0.02240990049611497
2020-12-29,2020,1999,0,0,51,11,0.08070687750408956,0.0002017671937602239,0.022700092776937568,0.16304522956497594,0.0006898128612792486,0.03638845989424929
2020-12-30,2021,1999,0,0,50,14,0.19183829725742252,0.0004795957431435563,0.046432668049898554,0.15908018513199984,0.00037290382902951323,0.023666610825613398
2021-01-04,2021,1999,0,0,50,4,0.08309575357244103,0.0002077393839311026,0.09689854133429902,0.1506644758109079,0.0004212872196142652,0.017003681560924445
2021-01-05,2021,1999,0,0,50,6,0.7123754064283818,0.0017809385160709546,0.04362691941560534,0.15955206012597067,0.0005127320408300924,0.009683193006174966
2021-01-06,2021,1999,0,0,49,4,-1.597325076994604,-0.00399331269248651,-0.11422367321472682,0.1858877857191704,0.000550665181018461,0.014764361183508636
2021-01-07,2021,1999,0,0,49,11,-1.1045185601497862,-0.0027612964003744657,-0.07704910766493768,0.1796854398811659,0.0005672140767544478,0.034039253546005434
2021-01-08,2021,1999,0,0,48,3,0.690350820402687,0.0017258770510067175,0.06704000750915454,0.15564340699599769,0.0005484089187283852,0.07224157508186561
2021-01-12,2021,1999,0,0,47,14,-1.0360842940205923,-0.002590210735051481,-0.08223343548774885,0.1805470025025248,0.0005143806603384434,0.017777084339849192
2021-01-13,2021,1999,0,0,47,7,-0.10707347099095821,-0.00026768367747739553,-0.06452834991108342,0.17759821912768003,0.000715964330083168,0.024029318815251024
2021-01-14,2021,1999,0,0,47,10,0.5475621589001456,0.001368905397250364,0.07603622803389168,0.15414545655254097,0.0004620435249197037,0.038918366693380516
2021-01-15,2021,1999,0,0,47,8,-2.989296410904179,-0.007473241027260448,-0.22169152560297997,0.20381469201506097,0.0004518143602471658,0.02239407036577768
2021-01-18,2021,1999,0,0,46,6,-0.8365767330563287,-0.002091441832640822,0.01567430824165216,0.16421449896301687,0.0004069532979943132,0.028593739829757495
2021-01-19,2021,1999,0,0,45,9,-0.9585777047767935,-0.002396444261941984,-0.01578824385875807,0.1694589714704627,0.0003964919882493196,0.10268747326114178
2021-01-20,2021,1999,0,0,44,5,-0.47102933782970313,-0.001177573344574258,-0.04530219427403588,0.1743882793214391,0.00042574776314375,0.037703016579803524
2021-01-21,2021,1999,0,0,43,5,-0.7445776741135886,-0.0018614441852839714,-0.07658842029662043,0.17960777687894752,0.0005082128363572062,0.04887783032360404
2021-01-22,2021,1999,0,0,43,3,1.287170761639679,0.0032179269040991977,0.08247544171507781,0.15306978696687815,0.00047842973923675964,0.03012496446210742
2021-01-25,2021,1999,0,0,43,6,0.282593064648057,0.0007064826616201425,0.002152372703090356,0.16646965083351695,0.0004020836731748237,0.026490102061870482
2021-01-26,2021,1999,0,0,42,5,-0.19445009539656477,-0.0004861252384914119,-0.007683679455156216,0.1681091552538788,0.0005994695751334266,0.047623259244666996
2021-01-27,2021,1999,0,0,42,7,-1.3973599792202642,-0.0034933999480506604,-0.0756740339485232,0.17945736452380917,0.0008046459942574757,0.007763346763662355
2021-01-28,2021,1999,0,0,41,9,0.17783164090823034,0.00044457910227057586,0.012630927422319565,0.16472284775605606,0.0007785846852779616,0.4095708817744404
2021-01-29,2021,1999,0,0,41,2,0.2944101915748547,0.0007360254789371368,0.04369272404325841,0.1595397015667837,0.0008578571724241509,0.3843138300069066
2021-02-01,2021,1999,0,0,41,1,1.2643215447603748,0.003160803861900937,0.08499058938028041,0.1526524481417844,0.0006451927216541388,0.4377897725163096
2021-02-02,2021,1999,0,0,41,1,-0.22557686687042128,-0.0005639421671760532,0.04440017366344615,0.15942075662977154,0.00045709509444242944,0.10336878402905748
2021-02-03,2021,1999,0,0,41,1,-2.632341234664274,-0.006580853086660685,-0.11023055626577143,0.18521983630620278,0.0008258172628853786,0.07883138254943485
2021-02-04,2021,1999,0,0,41,4,0.8582003560339966,0.0021455008900849917,0.04227363668405382,0.1597797318500513,0.0008880227085076322,0.24658272883758015
2021-02-05,2021,1999,0,0,41,1,2.7719139947742835,0.006929784986935709,0.20852573431340304,0.1320415835041141,0.0005154359080073349,0.20940058390098054
2021-02-08,2021,1999,0,0,41,1,-0.7880824606437358,-0.0019702061516093396,-0.052940678714266956,0.17566261473694417,0.0006984543667665059,0.16188293537044396
2021-02-09,2021,1999,0,0,41,2,-1.0234464440054356,-0.002558616110013589,0.01441994390164949,0.1644261465964109,0.0008824456225110304,0.1370633847524069
2021-02-10,2021,1999,0,0,41,3,-0.04787738579364975,-0.00011969346448412437,0.031907240397702125,0.16150683233542734,0.0009095385849147569,0.10003195255462442
2021-02-12,2021,1999,0,0,41,2,1.0818461624158748,0.002704615406039687,0.08036144856848233,0.15342322046894302,0.0005629872896223624,0.08543310383587255
2021-02-15,2021,1999,0,0,42,3,-2.3625573046414763,-0.00590639326160369,-0.13605938072492846,0.18952833111589165,0.0007712123222769921,0.06692179041487539
2021-02-16,2021,1999,0,0,42,3,-0.21823388139091904,-0.0005455847034772976,0.004575516683972672,0.1660672901112315,0.0006375610506117431,0.05595576220467542
2021-02-17,2021,2000,0,0,40,3,1.2655083288218039,0.0031637708220545097,0.09395276302299109,0.1511557111096819,0.00043636281889534626,0.04864161289180161
2021-02-18,2021,2000,0,0,41,2,-2.2355241068468166,-0.005588810267117042,-0.1570677802696233,0.19303482831961252,0.0006747356922223504,0.04909002923424065
2021-02-19,2021,2000,0,0,42,0,-1.9344091767612202,-0.00483602294190305,-0.1629204504735064,0.19401272922604373,0.0009130828757177152,0.038829706284367806
2021-02-22,2021,2000,0,0,42,4,-0.7180820501525831,-0.0017952051253814576,-0.09721448566333067,0.1830463957591602,0.0005546247515185712,0.06555347428490968
2021-02-24,2021,2000,0,0,42,0,-0.4687101087317114,-0.0011717752718292784,0.019267524263940187,0.16361838341632048,0.0008672278175331938,0.06147709047868275
2021-02-25,2021,2000,0,0,42,3,2.258987369741741,0.005647468424354353,0.14456107656835596,0.14271557558419026,0.0009008708586286719,0.1258135928578437
2021-02-26,2021,2000,0,0,42,2,1.697160389588798,0.004242900973971995,0.10294718974156193,0.14965178875080362,0.00038028025786940913,0.07873297195383498
2021-03-01,2021,2000,0,0,41,2,-2.3167972294785857,-0.005791993073696464,-0.25179536708949724,0.20883787235038226,0.00046462045024710935,0.04066446352553172
2021-03-02,2021,2000,0,0,41,1,-0.36263451624857534,-0.0009065862906214384,-0.09413341057572412,0.18253100574799658,0.00038300824250448346,0.02909445249321066
2021-03-03,2021,2000,0,0,41,2,0.20642470288140558,0.0005160617572035139,-0.023984400110773796,0.17083012504251127,0.0003477045621629141,0.030283796184613923
2021-03-04,2021,2000,0,0,41,2,-1.4945278532538793,-0.003736319633134698,-0.1729878144255279,0.19568880294324248,0.0004131378761683585,0.07149216992448985
2021-03-05,2021,2000,0,0,38,1,-1.1763800284046209,-0.002940950071011552,-0.13398191148417174,0.1891846810098396,0.0007277107851057967,0.0337119467190424
2021-03-08,2021,2000,0,0,38,1,1.1797631181699926,0.0029494077954249813,0.1277691250222615,0.14551310084757235,0.00030757997803529223,0.02246138889860179
2021-03-09,2021,2000,0,0,38,1,1.4032364028229014,0.0035080910070572537,0.12251526012528054,0.14639216744440256,0.0004433317843397931,0.0312095606799636
2021-03-10,2021,2000,0,0,38,2,3.070942867970171,0.007677357169925427,0.2530154520680502,0.12461907354377538,0.0004686188551092969,0.01664200020511136
2021-03-11,2021,2000,0,0,37,3,-3.5457813659053463,-0.008864453414763366,-0.30735398723703633,0.21810899884659687,0.0006603307712615971,0.027195487661328774
2021-03-12,2021,2000,0,0,37,1,0.936301955742356,0.0023407548893558897,0.15558642245918125,0.14087522850970258,0.00047126163746746504,0.02151574519333102
2021-03-15,2021,2000,0,0,37,11,0.29184059742551094,0.0007296014935637774,0.00045386621713182324,0.16675058596081432,0.00032479303947300866,0.02643104750455061
2021-03-16,2021,2000,0,0,34,12,-1.4198538794928366,-0.0035496346987320916,-0.12528720375120786,0.18772879505035162,0.00035263051599840545,0.022829993897752674
2021-03-17,2021,2000,0,0,35,6,1.2107633377006666,0.0030269083442516663,0.08080458960857309,0.15334935839605646,0.00038089861280563063,0.03197552944485519
2021-03-18,2021,2000,0,0,35,10,0.03434386825619418,8.585967064048544e-05,0.02476233904890053,0.16269843263302486,0.000430578004661744,0.007212475936171157
2021-03-19,2021,2000,0,0,33,7,-1.0671411104360342,-0.0026678527760900855,-0.1473068624326315,0.19140690211288736,0.0006668084506337175,0.011663348743341292
2021-03-22,2021,2000,0,0,30,8,0.18049389311830932,0.0004512347327957733,-0.009103362838395693,0.16835186940643912,0.0010592396288706069,0.019964149531094988
2021-03-23,2021,2000,0,0,30,8,-0.3017108515717535,-0.0007542771289293837,-0.11691134736336445,0.18633648959297056,0.0005242251222075309,0.04564345120994727
2021-03-24,2021,2000,0,0,29,1,0.9945672101512084,0.002486418025378021,0.15291040732430983,0.14132198515465835,0.0005613082675260208,0.06152220375451864
2021-03-25,2021,2000,0,0,30,2,-0.6439961000010412,-0.0016099902500026032,-0.07833025345097858,0.17989984136640608,0.00043713374111020763,0.037796387562830124
2021-03-26,2021,2000,0,0,29,5,-2.0526467699008952,-0.005131616924752238,-0.09595730538878595,0.18284059425911053,0.000714572929218016,0.023424830592130012
2021-03-29,2021,2000,0,0,29,4,0.49171343185554806,0.0012292835796388702,-0.002384638940475733,0.16723058133619084,0.0005966752265731083,0.02382302946577883
2021-03-30,2021,2000,0,0,29,4,1.7446969813726265,0.004361742453431567,0.1378218972963716,0.14383836158949911,0.00042937075375622637,0.06231656939334931
2021-03-31,2021,2000,0,0,29,1,0.30260371847125034,0.0007565092961781258,0.02503622879583443,0.16265224414358254,0.0003457606426875389,0.034344053285727316
2021-04-01,2021,2000,0,0,29,0,0.3096654372213472,0.000774163593053368,0.0747038815922831,0.15436822444488876,0.00032134500854737234,0.02832894015599391
2021-04-02,2021,2000,0,0,29,0,-0.6931326051727043,-0.0017328315129317606,-0.033391277369896284,0.172403500462087,0.0004907598043837812,0.060693247713158684
2021-04-05,2021,2000,0,0,30,2,-0.2862636848459368,-0.000715659212114842,-0.00033666542345209467,0.1668884241395335,0.0003474117875707109,0.0356616093993588
2021-04-06,2021,2000,0,0,29,2,-0.7099410709126359,-0.0017748526772815897,-0.03964664775856618,0.1734472485742621,0.0005539437609916144,0.023872769601724818
2021-04-07,2021,2000,0,0,29,3,0.23956064432260427,0.0005989016108065106,0.034871839602783776,0.1610055601212312,0.0002461312761164836,0.013250136275791337
2021-04-08,2021,2000,0,0,28,4,-3.119016457324707,-0.007797541143311767,-0.26857230217746053,0.21163530808675973,0.0004908956811901843,0.03195053666617982
2021-04-09,2021,2000,0,0,27,4,0.08142152047868345,0.00020355380119670862,-0.0035446473814588738,0.16741740254819756,0.00030002871407968566,0.03415113492587391
2021-04-12,2021,2000,0,0,29,4,0.4000046794467622,0.0010000116986169055,0.0599891194419651,0.1568215632954046,0.0003002129305566196,0.024377041694819943
2021-04-13,2021,2000,0,0,29,3,0.4149866448067866,0.0010374666120169665,0.02471681506116552,0.16270618150495958,0.00034239905129952096,0.007159195328609653
2021-04-14,2021,2000,0,0,29,7,0.8168888107668413,0.0020422220269171033,0.026613722856104454,0.16237871030312556,0.0002598737912598096,0.012720014862957792
2021-04-15,2021,2000,0,0,30,0,-0.839924898493067,-0.0020998122462326674,-0.07645315382283359,0.17958302669343676,0.00034495251389148594,0.01964903238621252
2021-04-16,2021,2000,0,0,29,4,0.0892872840091461,0.00022321821002286525,0.01472452942962835,0.1643763038347588,0.0004059422705610798,0.014891786128021174
2021-04-19,2021,2000,0,0,29,4,-1.8682839568357283,-0.004670709892089321,-0.11310495047342702,0.18570274994926178,0.0007350665755108085,0.006666276093874777
2021-04-20,2021,2000,0,0,28,4,0.27028203295634157,0.0006757050823908539,0.006527659499955275,0.16574202696645973,0.0005221073339629909,0.01597284020791424
2021-04-21,2021,2000,0,0,29,6,0.3157549054695149,0.0007893872636737872,0.02909331275219034,0.16197253560497105,0.0003181935241515533,0.04327901450813432
2021-04-22,2021,2000,0,0,29,1,0.7817518269347337,0.001954379567336834,0.04716749705023239,0.1589604338812728,0.0003411827841055427,0.03208528728373509
2021-04-23,2021,2000,0,0,29,9,-1.1864706428000793,-0.0029661766070001984,-0.08297794637954678,0.18067067907390413,0.0003082049295447756,0.02788329135245351
2021-04-26,2021,2000,0,0,29,11,-0.4277041683525924,-0.001069260420881481,-0.017465181123739446,0.1697438515405777,0.000366595523181496,0.02417067403618146
2021-04-27,2021,2000,0,0,29,6,-0.41674369060823757,-0.001041859226520594,-0.03407836386153573,0.172513093027254,0.0005097185888386453,0.1772860881157598
2021-04-28,2021,1999,0,0,30,4,-1.3434392301396008,-0.0033585980753490017,-0.061789466874521824,0.17714074159858362,0.0007100373301219823,0.018479212977070357
2021-04-30,2021,1999,0,0,30,3,-0.7405735871800083,-0.001851433967950021,-0.07209263772202104,0.17885899611171657,0.0005778813431517408,0.009482415024011289
2021-05-06,2021,1999,0,0,30,3,0.1673526226527169,0.0004183815566317922,-0.02564581720038116,0.17110526397245582,0.0005665979209019993,0.01311495312482176
2021-05-07,2021,1999,0,0,31,4,-1.9584554003622858,-0.004896138500905715,-0.1186826597555095,0.18663331830995492,0.0009475881696996075,0.34503463196779344
2021-05-10,2021,1999,0,0,31,2,-0.2592594817481926,-0.0006481487043704814,-0.008530389868909765,0.16825569098771517,0.0009122303480606183,0.017892656756744257
2021-05-11,2021,1999,0,0,32,4,-0.05509751925631745,-0.00013774379814079362,-0.03764911497730741,0.1731138261743404,0.0009822963470302256,0.014519342446302898
2021-05-12,2021,1999,0,0,31,7,0.5624706012393936,0.0014061765030984842,0.08556708856555813,0.15255710948577403,0.0010808304864862897,0.04621021557648864
2021-05-13,2021,1999,0,0,33,5,1.6751392885182426,0.004187848221295606,0.14031907546282998,0.14342216194474908,0.0010368492835525895,0.027914932804878476
2021-05-14,2021,1999,0,0,33,2,-0.6010784424114002,-0.0015026961060285004,0.0024458267433086285,0.16642462116187468,0.0007148899282337264,0.04816424948598354
2021-05-17,2021,1999,0,0,33,6,0.13666311917014895,0.00034165779792537235,0.008422763646626997,0.16542594628403048,0.0003695065906157646,0.06723869080475374
2021-05-18,2021,1999,0,0,33,2,0.12220856331026453,0.00030552140827566133,0.018040008318662856,0.1638170667396241,0.000435316090983493,0.011060136280870363
2021-05-19,2021,1999,0,0,33,3,0.05115504648877456,0.00012788761622193638,0.002406657173297016,0.16642276822072677,0.0003105852862772351,0.008919862926277944
2021-05-20,2021,1999,0,0,33,1,-1.3991946986662445,-0.003497986746665611,-0.1264678470684886,0.18792870430983027,0.0003529006123393907,0.01716944333633367
2021-05-21,2021,1999,0,0,33,1,-0.027289436230259922,-6.822359057564981e-05,-0.023082030915390128,0.17068128161431323,0.00032563830584658374,0.042657905078521165
2021-05-24,2021,1999,0,0,33,6,-0.19593409103356663,-0.0004898352275839165,-0.0015123636876294244,0.16707915807039944,0.00033817829098390414,0.06179656413475746
2021-05-25,2021,1999,0,0,32,4,0.5026197623146826,0.0012565494057867066,0.043874831805858,0.15951245406501063,0.00040139083251145463,0.02217935684597739
2021-05-26,2021,1999,0,0,32,10,-0.5512921707268474,-0.0013782304268171186,-0.039620300319128915,0.17344228710741547,0.0006296699412425166,0.032366505932010584
2021-05-27,2021,1999,0,0,32,1,-0.7679614114773565,-0.0019199035286933913,-0.08179745323954578,0.18047806416953455,0.0004210529401511896,0.01628362526287331
2021-05-28,2021,1999,0,0,33,0,-0.22853547272535107,-0.0005713386818133777,-0.010967435172901701,0.16865627815465847,0.00026576666917932867,0.01395684568869586
2021-05-31,2021,1999,0,0,32,12,-1.1169695371772481,-0.0027924238429431203,-0.0977277043061975,0.1831323114179883,0.00039779658184086375,0.0492553929109586
2021-06-01,2021,1999,0,0,33,2,0.5114185175032733,0.0012785462937581831,0.019899267074402517,0.1635051319638984,0.0003189031836723575,0.01444856721784922
2021-06-02,2021,1999,0,0,32,2,1.5096271396894712,0.003774067849223678,0.08710646736744145,0.15229427003770132,0.0003049324523918904,0.01325175742941886
2021-06-03,2021,1999,0,0,32,6,-0.4582642787914139,-0.0011456606969785347,-0.08448659255992103,0.18092173533532854,0.00030659350131191117,0.020923405375944372
2021-06-04,2021,1999,0,0,30,1,-0.9610913439339698,-0.0024027283598349243,-0.09287676202062826,0.18232238616179336,0.0003160740635244586,0.010994624830454866
2021-06-07,2021,1999,0,0,31,5,0.6169656331159286,0.0015424140827898214,0.013922570999565603,0.16450372739328026,0.0002975815773828999,0.006147549362037423
2021-06-08,2021,1999,0,0,31,2,0.9969163932267615,0.002492290983066904,0.0614734749020826,0.1565663142938893,0.0002667452661668641,0.0080844210227192
2021-06-09,2021,1999,0,0,30,2,0.23200922670605928,0.0005800230667651482,0.03394130938819789,0.1611599240709091,0.00031611587531584835,0.011791359382562924
2021-06-10,2021,1999,0,0,30,2,-0.030618368995964595,-7.654592248991149e-05,-0.0066863221850521825,0.1679402663693608,0.0003467008417180673,0.01573775113381067
2021-06-11,2021,1999,0,0,30,0,-0.23724475636745002,-0.000593111890918625,0.007102486050425904,0.1656381942295044,0.0003353422007692286,0.05826446775029599
2021-06-14,2021,1999,0,0,30,2,-0.6196063524658733,-0.001549015881164683,-0.0008799835840037637,0.16697388798066262,0.0003071355064992588,0.0061115493802193855
2021-06-15,2021,1999,0,0,30,3,-0.4228778442693839,-0.0010571946106734597,-0.07208542766956919,0.17885238653849936,0.0003000337074909373,0.00809671887625384
2021-06-16,2021,1999,0,0,31,5,0.17558510865757349,0.0004389627716439337,0.023303329391911765,0.16294265307886233,0.00046739337613161823,0.04239936187673979
2021-06-17,2021,1999,0,0,33,4,0.5431118065213334,0.0013577795163033336,0.00972987504484903,0.16521002109028854,0.0006557787300859401,0.013923542241648868
2021-06-18,2021,1999,0,0,32,12,1.831347863546613,0.004578369658866532,0.15779809097598474,0.14050731264975272,0.000857835941345658,0.010179007286136472
2021-06-21,2021,1999,0,0,32,12,-0.9676746897409623,-0.0024191867243524056,-0.10142845076173682,0.1837464900114218,0.0003140189974988405,0.013854145736238797
2021-06-22,2021,1999,0,0,33,10,0.11733615747392884,0.0002933403936848221,0.033393078984520305,0.16125642939124757,0.0003449549169739775,0.3165312274714347
2021-06-23,2021,1999,0,0,34,13,0.018416839601753665,4.604209900438416e-05,-0.016662734206808135,0.16960909341264935,0.00034745476743420074,0.07552674969076041
2021-06-24,2021,1999,0,0,34,5,0.8177854110766163,0.002044463527691541,0.02019304139284169,0.16345937967465696,0.0003036923299593595,0.029007210184989574
2021-06-25,2021,1999,0,0,35,12,-0.2074245138936428,-0.000518561284734107,-0.05088491608554018,0.17532018754113785,0.00036765342202864956,0.048753738029498984
2021-06-28,2021,1999,0,0,34,5,-0.026977550975973097,-6.744387743993275e-05,-0.020477357703283,0.17024434809165512,0.0003441712311312518,0.04159196583886932
2021-06-29,2021,1999,0,0,34,7,1.3257578595328416,0.003314394648832104,0.16490118057143552,0.13931373509241773,0.0003508641625127419,0.012178186382031577
2021-06-30,2021,1999,0,0,34,12,0.2658520382742995,0.0006646300956857488,0.08255387295926996,0.1530585692575346,0.00036459697704125754,0.19194192244553682
2021-07-01,2021,1999,0,0,34,5,-0.9715041819109979,-0.0024287604547774946,-0.07997813351074391,0.18017157518489768,0.00023796476561316435,0.023109889304988102
2021-07-02,2021,1999,0,0,34,7,-0.30799570070385024,-0.0007699892517596256,-0.08441609541250471,0.18089832147248744,0.00023736447312397576,0.010313858737340203
2021-07-05,2021,1999,0,0,34,3,0.7508587477541504,0.001877146869385376,0.09516466451973336,0.15095551106712343,0.00025638184607633586,0.0126300912078861
2021-07-06,2021,1999,0,0,35,0,0.6475274650878418,0.0016188186627196044,-0.049863856382266626,0.17515008631569165,0.00035143154250875074,0.02733064970590294
2021-07-07,2021,1999,0,0,35,3,-0.6054700512004346,-0.0015136751280010866,-0.025779784032360094,0.17112494826883803,0.00026354626206937475,0.01694025441365178
2021-07-08,2021,1999,0,0,35,12,0.24784953154062084,0.0006196238288515521,0.03964977299262089,0.16021831392830208,0.0006903128652811778,0.012107530756217674
2021-07-09,2021,1999,0,0,35,24,1.037893667237097,0.002594734168092743,0.10620995280243532,0.14911118161873924,0.00036060824545115896,0.029383379495821402
2021-07-12,2021,1999,0,0,35,7,-0.09964587453308352,-0.0002491146863327088,-0.03272168356183616,0.17228178485972045,0.000311148522934277,0.04438049026272043
2021-07-13,2021,1999,0,0,34,12,-0.0587039035270327,-0.00014675975881758174,0.006073981592099837,0.1658180196835786,0.0003730525417009465,0.019015800400570146
2021-07-14,2021,1999,0,0,34,9,0.900154582788155,0.0022503864569703874,0.044458354057301155,0.15940343160184312,0.00026632876915971555,0.01523043554054578
2021-07-15,2021,1999,0,0,35,5,-1.0410129004309696,-0.002602532251077424,-0.05156462167796117,0.17543498229849916,0.00040199450788775337,0.0260635792261523
2021-07-16,2021,1999,0,0,33,5,0.1803833561981545,0.00045095839049538624,0.008089802702983906,0.16548058671335023,0.0002797997731464212,0.013240618078211735
2021-07-19,2021,1999,0,0,34,6,0.4898895206726146,0.0012247238016815365,0.05633774518410008,0.1574306365588393,0.0003167230706199883,0.03358788640066355
2021-07-20,2021,1999,0,0,36,7,0.23935262748716246,0.0005983815687179061,0.04669010702087252,0.15904207668708537,0.000499874506414431,0.027686676068163177
2021-07-21,2021,1999,0,0,35,7,-0.28008605184911706,-0.0007002151296227927,0.058019229814131004,0.15715124244470247,0.0003359583953808174,0.012875686490841698
2021-07-26,2021,1999,0,0,36,3,-1.239893271176819,-0.0030997331779420473,-0.13006302762782646,0.18852738606715946,0.0003943791476209728,0.01631039469486967
2021-07-27,2021,1999,0,0,36,7,1.6624259044666367,0.004156064761166592,0.12750749595793057,0.14555697514669494,0.00037040283833740816,0.01683164984471086
2021-07-28,2021,1999,0,0,36,5,-2.1040505762180914,-0.005260126440545228,-0.16147501611435405,0.1937720363311412,0.0006960042953020563,0.026166356234785682
2021-07-29,2021,1999,0,0,37,6,-0.11732740660336649,-0.0002933185165084162,-0.017020202999008714,0.16967240418799784,0.0008935815354722883,0.01964601061396322
2021-07-30,2021,1999,0,0,37,8,0.12335590614935876,0.0003083897653733969,-0.00993843284688117,0.16848745624995612,0.0003326718670122188,0.03109668211242312
2021-08-02,2021,1999,0,0,37,2,0.8031383514291162,0.0020078458785727903,0.08770204394746671,0.15219958658087882,0.0004075724309455737,0.008824978756580965
2021-08-03,2021,1999,0,0,39,1,0.2913717373893778,0.0007284293434734446,0.02338239946724387,0.1629262655177264,0.0004446805923657629,0.012779521560193605
2021-08-04,2021,1999,0,0,39,2,0.28498192040466036,0.000712454801011651,-0.03841014964063134,0.1732362500517474,0.0005716465706609359,0.02381127461111787
2021-08-05,2021,1999,0,0,39,2,-0.8195169045606333,-0.0020487922614015833,-0.09168802576530984,0.18212727853283867,0.0008463230336708539,0.018806274938270987
2021-08-06,2021,1999,0,0,39,5,1.3785899012041123,0.0034464747530102806,-0.0076590772053814786,0.1681086547536289,0.0006646017595447518,0.015060635609596725
2021-08-10,2021,1999,0,0,39,5,-0.7968607830295373,-0.0019921519575738433,0.011850955940134076,0.16484778992415444,0.0005533566338085335,0.017819123439949194
2021-08-11,2021,1999,0,0,40,7,-0.32399373845401525,-0.0008099843461350381,-0.009170936335298497,0.16835531014892968,0.0006645385815040167,0.14603435318835756
2021-08-12,2021,1999,0,0,40,8,0.6799741937082118,0.0016999354842705294,-0.020964477083550096,0.170330032882305,0.0008769368231933244,0.040780069867018785
2021-08-13,2021,1999,0,0,40,10,0.9115394467298308,0.002278848616824577,-0.02945473591697124,0.17174262553946892,0.0005520483379116335,0.019431868166365197
2021-08-16,2021,1999,0,0,39,9,1.0248980648393218,0.0025622451620983043,0.09581001211989794,0.15084670094688868,0.00042669781874548707,0.03290950436250659
2021-08-17,2021,1999,0,0,40,15,-0.4521184706597394,-0.0011302961766493486,-0.08392604476897972,0.18083284560122828,0.0005270293429868659,0.033209650465190844
2021-08-18,2021,1999,0,0,40,3,-1.2129205662013445,-0.003032301415503361,-0.1853863173029655,0.19775825233821998,0.0005193234999816595,0.034224984216272084
2021-08-19,2021,1999,0,0,41,4,-0.6075351317674675,-0.0015188378294186688,-0.03940499120954906,0.17340566036379157,0.0007393887449271288,0.05914366277411331
2021-08-20,2021,1999,0,0,41,2,-1.6926751424385085,-0.004231687856096272,-0.14794660711869476,0.19151183440810737,0.0005722435992904402,0.054985709557004325
2021-08-23,2021,1999,0,0,41,0,0.5384802803030839,0.0013462007007577098,0.08022955713531882,0.1534386226310517,0.00031529762982252126,0.05387898551249148
2021-08-24,2021,1999,0,0,41,3,-0.8206179269840754,-0.0020515448174601887,-0.029839804768686428,0.1718046925203181,0.0003294203092791256,0.0393371479138634
2021-08-25,2021,1999,0,0,41,8,0.004410545188482995,1.1026362971207487e-05,-0.009763062874396109,0.1684504403467113,0.0002522219828926607,0.05539012449502749
2021-08-26,2021,1999,0,0,40,3,0.5624733174233518,0.0014061832935583795,0.0031675629074737663,0.16630381432383282,0.0004260774649513137,0.04382090518360658
2021-08-27,2021,1999,0,0,40,4,0.3278851140958005,0.0008197127852395012,0.04380116873434298,0.1595200748517397,0.00033742423857051215,0.007253282024145416
2021-08-30,2021,1999,0,0,40,6,-0.47663783834965834,-0.0011915945958741458,-0.035682677347148896,0.172778937058662,0.00031835565990392717,0.023938092545976276
2021-08-31,2021,1999,0,0,41,8,-0.6321342661154237,-0.0015803356652885593,0.01334478178310211,0.16460145752319366,0.0003658758769210746,0.04055548628016516
2021-09-01,2021,1999,0,0,42,5,-0.21837568247408146,-0.0005459392061852036,0.0010537866479544387,0.1666551994590764,0.0005126865853758612,0.02475152687298711
2021-09-02,2021,1999,0,0,42,8,-0.07012079481519073,-0.00017530198703797685,0.02261991299206911,0.16305301476240297,0.00041575861659323915,0.011525365547898049
2021-09-03,2021,1999,0,0,43,9,-0.5286721503497442,-0.0013216803758743607,0.001302937052766434,0.16660994115380717,0.0003642153300906142,0.09436886042170489
2021-09-06,2021,1999,0,0,43,20,0.10072809508205349,0.0002518202377051337,-0.0014978820274149638,0.16707524736395277,0.00026886505210640233,0.05271831010684444
2021-09-07,2021,1999,0,0,45,14,0.25740902689752104,0.0006435225672438026,0.013087604594775419,0.16464201752961,0.000373956859080108,0.012792529622595021
2021-09-08,2021,1999,0,0,45,18,1.2073981821539341,0.0030184954553848353,0.12515761289741426,0.14595186708695915,0.0004910063032952871,0.012801410401751846
2021-09-09,2021,1999,0,0,44,9,-0.4797466522608549,-0.0011993666306521372,-0.03950739586624375,0.17341909379551074,0.00040759931496780994,0.0386310128149248
2021-09-10,2021,1999,0,0,45,22,0.6889037426901228,0.001722259356725307,0.06971287702709314,0.15519971841169228,0.00031749067333663886,0.06755038666876884
2021-09-13,2021,1999,0,0,46,31,-0.3859453403524351,-0.0009648633508810878,-0.0323017300466624,0.1722210752696341,0.000793259973446276,0.01416252785189603
2021-09-14,2021,1999,0,0,45,26,1.3782238386857206,0.0034455595967143016,0.1858790512513674,0.13581602474772783,0.0006063763688655077,0.020639395519176526
2021-09-15,2021,1999,0,0,45,11,-0.2621859164263256,-0.000655464791065814,-0.011747060114841515,0.16878585063928989,0.0004162873208146801,0.031003648757903454
2021-09-16,2021,1999,0,0,46,9,0.8010348284575346,0.0020025870711438366,0.07462923200405916,0.15438257387172283,0.0006718214229927542,0.02310407393821334
2021-09-17,2021,1999,0,0,47,7,-0.5085613355675713,-0.0012714033389189282,-0.07785312395874235,0.17982082971002608,0.000566959375414827,0.029028287373928797
2021-09-21,2021,1999,0,0,45,4,-0.16455645515301853,-0.00041139113788254636,-0.027976463368131387,0.17150069099936674,0.001075936302437793,0.08234734715231863
2021-09-22,2021,1999,0,0,45,2,0.6955284489665948,0.001738821122416487,0.09457029436572241,0.1510534055450783,0.0003782595577950462,0.035198544896261404
2021-09-24,2021,1999,0,0,46,3,0.9989462678097182,0.0024973656695242955,0.05637356450247578,0.15742326113502694,0.0005863060608715286,0.1127041319427646
2021-09-27,2021,1999,0,0,46,6,1.224331788333725,0.0030608294708343127,0.13668545285399072,0.14402896079107058,0.0006397359436389291,0.011827482504580052
2021-09-28,2021,1999,0,0,46,6,1.5265729723356902,0.0038164324308392257,0.05688593096907342,0.1573386936353705,0.0004317936663285986,0.06876254140224161
2021-09-29,2021,1999,0,0,46,3,0.10966266606898945,0.0002741566651724736,0.07256175059124349,0.15472767217746314,0.0006675226071170642,0.015009089787895032
2021-09-30,2021,1998,0,0,46,1,-2.290185323306522,-0.005725463308266305,-0.16457704246113428,0.19428818083503915,0.0005574183169344576,0.01328925663052853
2021-10-01,2021,1998,0,0,46,8,-0.3382910868522271,-0.0008457277171305677,-0.00387436778931712,0.1674792283367264,0.0003895462199705284,0.06265322194957865
2021-10-04,2021,1998,0,0,46,9,-0.44127419265874135,-0.0011031854816468533,0.050373908618784956,0.15842625790020592,0.0004361206081078119,0.04497678971168798
2021-10-05,2021,1998,0,0,45,28,-2.609825773049637,-0.006524564432624093,-0.12678065029982585,0.1879811427805803,0.0004460551615685454,0.025248516527031774
2021-10-06,2021,1998,0,0,45,1,-1.4760728102681995,-0.003690182025670499,-0.052503872106553634,0.17558921215031317,0.0005018183053415948,0.0425697986606331
2021-10-07,2021,1998,0,0,47,2,-1.1698684497436715,-0.002924671124359179,-0.06688352169221906,0.17799051588882556,0.0004678409177554062,0.029162835427659333
2021-10-08,2021,1998,0,0,47,2,-0.3543761887400343,-0.0008859404718500857,-0.03858462842552488,0.17326898096406138,0.0005058590464650147,0.03695391743898751
2021-10-11,2021,1998,0,0,46,1,-0.7474485743155511,-0.0018686214357888779,-0.06501719204940912,0.17767574018788598,0.0004521873604237265,0.02447194323610478
2021-10-12,2021,1998,0,0,48,10,-0.595677228639919,-0.0014891930715997975,-0.04783324803599217,0.1748087685339206,0.0003842955775691728,0.013063440776656615
2021-10-13,2021,1998,0,0,47,10,0.6452751475937681,0.0016131878689844203,0.002983701539615878,0.16633551479699019,0.0009727678513360171,0.010308016591374484
2021-10-14,2021,1998,0,0,49,4,-0.1448516599354805,-0.0003621291498387012,0.037618883321976285,0.16055252556273492,0.00043199587332557246,0.039738355591997156
2021-10-15,2021,1998,0,0,48,7,0.33513205265665746,0.0008378301316416437,0.0164812509759468,0.16407645560269088,0.0003466057062631405,0.024334432051775073
2021-10-18,2021,1998,0,0,48,3,0.8946233976227967,0.002236558494056992,0.11516550999946357,0.1476093923271199,0.00030101363469548675,0.017335900483941673
2021-10-19,2021,1998,0,0,48,2,0.12914833510801516,0.00032287083777003786,0.06900585236591195,0.15531802251992705,0.00036982451448242226,0.017112677890624938
2021-10-20,2021,1998,0,0,48,2,-0.6958302903480819,-0.0017395757258702046,-0.05680331237054789,0.17629987563737712,0.0002624021513090378,0.01250471211801412
2021-10-21,2021,1998,0,0,49,3,-1.1287657941844718,-0.0028219144854611795,-0.10917993513221795,0.18504055197383873,0.0002697138914223595,0.014135248685554913
2021-10-22,2021,1998,0,0,48,4,-0.21535135672732064,-0.0005383783918183016,-0.02624310333653649,0.17120544828725778,0.00034062228663299675,0.034027902487647206
2021-10-25,2021,1998,0,0,48,12,0.4296868472536766,0.0010742171181341916,0.020644730901842188,0.16338327300996894,0.0002854096114471402,0.010772998122307836
2021-10-26,2021,1998,0,0,48,0,0.6736354181824531,0.0016840885454561328,0.06155688424260516,0.15655800845653728,0.0004391983463014979,0.025261685725906945
2021-10-27,2021,1998,0,0,48,8,-0.10969872359105441,-0.00027424680897763604,-0.0077753231879949,0.16811958113751815,0.000432171453104179,0.009290135264251405
2021-10-28,2021,1998,0,0,47,3,0.20522680237762536,0.0005130670059440634,0.017189435399618744,0.16396532447386394,0.0009115179691604553,0.009097027967715918
2021-10-29,2021,1998,0,0,47,5,-0.21467894075581495,-0.0005366973518895374,-0.03903408007036843,0.17334415608253506,0.00045714446959662237,0.007728818831619625
2021-11-01,2021,1998,0,0,46,13,0.7461526412426416,0.0018653816031066039,0.01871779094560818,0.16370800473274916,0.0007720401440111776,0.06922762105770396
2021-11-02,2021,1997,0,0,46,15,-0.777212605851785,-0.0019430315146294625,0.006129532652928572,0.165808321869413,0.0007295947194458794,0.04782324087724937
2021-11-04,2021,1997,0,0,46,6,0.9333810526644701,0.0023334526316611754,0.030442344494037547,0.16174769676321624,0.0007036862594184311,0.038980272670074936
2021-11-05,2021,1997,0,0,46,4,-0.5744488173666049,-0.0014361220434165123,-0.010045363888603182,0.16850739404183404,0.000554472255070844,0.010764292200623046
2021-11-08,2021,1996,0,0,46,3,-0.2504879863195791,-0.0006262199657989477,-0.06155652073319565,0.17709816917772203,0.0006467635398545712,0.019641010952181095
2021-11-09,2021,1996,0,0,46,13,1.4295785344201533,0.003573946336050383,0.054037011900448906,0.1578110722358656,0.0006599427141010084,0.31311016697702526
2021-11-10,2021,1996,0,0,46,14,1.7848042002357403,0.004462010500589351,0.03586853832158528,0.16084788498989674,0.0010572006163582256,0.2526518215859637
2021-11-11,2021,1996,0,0,46,9,1.6056213017414285,0.004014053254353571,0.02732533320816956,0.1622706537691434,0.0009987489975044023,0.02081576231465689
2021-11-12,2021,1996,0,0,46,5,0.8319452984038097,0.0020798632460095243,0.012269555733490076,0.16478063116767513,0.0005780159105223332,0.04052963248356133
2021-11-15,2021,1996,0,0,46,5,1.653701462178393,0.004134253655445982,0.07194570719866626,0.15482845465555642,0.000566780670837349,0.18713424984511826
2021-11-16,2021,1996,0,0,45,4,-0.6191029693197104,-0.0015477574232992761,-0.037748899770982995,0.17312461311842345,0.0003833501257972484,0.19546926100739126
2021-11-17,2021,1997,0,0,45,6,2.4856252167085104,0.006214063041771276,0.12266344352809566,0.14636491073814184,0.0003801744231064723,0.026413500138092866
2021-11-18,2021,1997,0,0,45,9,-0.02492511769816525,-6.231279424541313e-05,-0.004256815513683544,0.1675378281191008,0.00035921366868203356,0.02583019709533604
2021-11-19,2021,1997,0,0,45,6,-0.022584264718537916,-5.646066179634479e-05,0.030814461671420962,0.16168757506975842,0.0005282542720244452,0.020374327092528573
2021-11-22,2021,1997,0,0,45,11,0.03687294241386355,9.218235603465889e-05,0.053053276029432994,0.15797712241240686,0.000300381302204585,0.022013767360885172
2021-11-24,2021,1997,0,0,47,8,0.24504250654174164,0.0006126062663543541,0.04915691692144053,0.15863227338266447,0.0005097119308018937,0.025542370029215212
2021-11-25,2021,1997,0,0,48,13,0.16828548049689918,0.00042071370124224794,-0.002341212893098754,0.16722408856205018,0.0008755882151772158,0.01568643034673616
2021-11-26,2021,1997,0,0,47,14,-1.4050553434793631,-0.003512638358698408,-0.013918343163363897,0.16915251645525445,0.0004093610472425,0.024174472407943282
2021-11-29,2021,1997,0,0,46,16,-1.8349180129253664,-0.004587295032313416,-0.1653457522530849,0.19441727752008894,0.0004315690350434158,0.024223777948634992
2021-11-30,2021,1996,0,0,46,10,0.2161008776947666,0.0005402521942369166,-0.03866199090636742,0.17328059369975812,0.0005201214671822812,0.006421445756011912
2021-12-01,2021,1996,0,0,46,15,0.32375853709636315,0.0008093963427409079,0.02703641122604256,0.16232297800165632,0.0010893734604477275,0.024593306841890154
