Date,ValidationYear,StocksRanked,SelectedMissingTargets,AllMissingTargets,FallbackStocks,SelectedFallbackStocks,OfficialDailySpread,IllustrativeGrossOneReturn,RankIC,NormalizedHardRankMSE,AllStockForecastMSE,MaxAbsoluteScore
2017-12-29,2018,1896,0,0,42,3,-0.10945294907760139,-0.0002736323726940035,-0.04005499994313646,0.17351962986896807,0.00031314603818470793,0.011874188601916715
2018-01-04,2018,1896,0,0,41,7,0.21720075411266526,0.0005430018852816632,-0.04407273064972576,0.17419100212534666,0.0004052455994329904,0.012416167004735794
2018-01-05,2018,1896,0,0,41,10,-0.7183534468363558,-0.0017958836170908895,-0.048765462880750225,0.1749728597728567,0.0003701610125802971,0.007084108764120769
2018-01-09,2018,1896,0,0,39,16,0.3804981313416671,0.0009512453283541677,0.0503163593338932,0.15844255128019727,0.00037966163652474973,0.02352245944605496
2018-01-10,2018,1896,0,0,39,2,-1.7696485520755683,-0.004424121380188921,-0.1160169247906994,0.18619482842789295,0.0005706351306396436,0.005663069585904473
2018-01-11,2018,1896,0,0,39,7,-0.3313210346118622,-0.0008283025865296555,-0.024469305912754587,0.1709184217380667,0.0004601166407272067,0.009286072252732484
2018-01-12,2018,1896,0,0,39,4,-0.5664527833353274,-0.0014161319583383186,0.009854458391523165,0.16518898453972083,0.00038487555254890313,0.035760967014362315
2018-01-15,2018,1896,0,0,39,4,-1.15243942215703,-0.002881098555392575,-0.018437165039926717,0.16991647844102198,0.000381677615315182,0.013917915059629473
2018-01-16,2018,1896,0,0,39,2,-0.00953579778534741,-2.3839494463368528e-05,0.025674559680557662,0.1625569669162017,0.0003902889822800258,0.013608361677730798
2018-01-17,2018,1896,0,0,39,2,-0.6454397229369195,-0.0016135993073422988,-0.0608797419499781,0.17699349353640875,0.00030336206683261664,0.00952177603985621
2018-01-18,2018,1896,0,0,40,0,-1.677377099307149,-0.0041934427482678725,-0.10006319725346106,0.18352993891504654,0.00044663389232606535,0.009637892593149937
2018-01-19,2018,1896,0,0,40,9,-0.3075343535176698,-0.0007688358837941744,-0.007020575187064751,0.168009845631031,0.00037909101739460157,0.029742196179290546
2018-01-22,2018,1896,0,0,39,2,1.3337635022827237,0.0033344087557068093,0.04587830664635195,0.15918015118974674,0.00032525855182921615,0.0375230271679998
2018-01-23,2018,1896,0,0,39,10,0.37281748618910404,0.00093204371547276,-0.00921328043142955,0.16837530763007177,0.00033980233174224733,0.013471290377424894
2018-01-24,2018,1896,0,0,39,13,-0.11652322547647026,-0.00029130806369117565,-0.008645616024051665,0.16827770340596843,0.0003189893647784097,0.013374477660052538
2018-01-25,2018,1896,0,0,38,6,0.7820909558593226,0.0019552273896483066,0.10710067335725275,0.14896666206659084,0.0003755174000589711,0.011442540026689046
2018-01-26,2018,1896,0,0,38,6,1.1477702065423852,0.002869425516355963,0.025741174121740314,0.16254707300787416,0.0005159689970305752,0.034513513733034296
2018-01-29,2018,1896,0,0,38,7,-0.5297259141552064,-0.001324314785388016,-0.00564846472937482,0.16778333316736635,0.0006583921024821464,0.012415900851235818
2018-01-30,2018,1896,0,0,38,5,0.6652859680435208,0.001663214920108802,0.027394253313410746,0.16227152339795087,0.001054682878586425,0.0253944914916114
2018-01-31,2018,1896,0,0,37,2,0.06393921645199191,0.00015984804112997977,0.04380116449018836,0.15953114483403405,0.0004284474581173036,0.008502275421493325
2018-02-01,2018,1896,0,0,36,2,0.8431792970887955,0.0021079482427219885,0.07574674492086694,0.15420472575837138,0.0011269335352539535,0.02924927318280698
2018-02-02,2018,1896,0,0,37,3,0.3460637299389706,0.0008651593248474265,-0.020147731044031836,0.17020406300670415,0.004429480144370715,0.03185182650985505
2018-02-05,2018,1896,0,0,36,0,-0.6366547906289797,-0.0015916369765724492,-0.0678315156304311,0.17815599071607172,0.0006067643410697832,0.022618533385083434
2018-02-06,2018,1896,0,0,36,8,-1.6193241714297766,-0.004048310428574442,-0.14566808217418686,0.19114269467566486,0.0009676762344715048,0.06563996831405933
2018-02-07,2018,1896,0,0,35,2,-0.522028285624232,-0.00130507071406058,-0.027188648820771183,0.1713786346510788,0.0009891186273111008,0.01936019750456373
2018-02-08,2018,1896,0,0,34,0,0.19386802961100447,0.00048467007402751115,-0.05947652728153518,0.1767631173468478,0.0011483158359767228,0.01687236569749779
2018-02-09,2018,1896,0,0,34,2,-1.0688772003756428,-0.002672193000939107,-0.10147936116530815,0.18377224188808497,0.0009587807343164909,0.07993316293682641
2018-02-13,2018,1896,0,0,33,0,0.061841386654282626,0.00015460346663570657,0.03233174972664877,0.1614448483512738,0.0011815058373549842,0.031174526670965173
2018-02-14,2018,1896,0,0,33,7,0.5535901650007014,0.0013839754125017534,0.01328867066519291,0.16462343693990733,0.0009362723835680543,0.03391140863791385
2018-02-15,2018,1896,0,0,34,0,0.37780165332922255,0.0009445041333230564,0.07555549840181139,0.15423666544203601,0.0013711560495393237,0.03549871459895092
2018-02-16,2018,1896,0,0,34,0,-0.7352411008769569,-0.0018381027521923922,-0.011069183606379644,0.1686809429403479,0.0003333165915095153,0.052421827132399026
2018-02-19,2018,1896,0,0,34,1,-0.15783866093944687,-0.00039459665234861717,0.024031516237755613,0.1628288103954194,0.000512719614909646,0.03655173391786773
2018-02-20,2018,1896,0,0,34,1,0.009221836754520263,2.3054591886300656e-05,-0.03666153160817816,0.17295561797774262,0.0003458500858640556,0.018676360806989555
2018-02-21,2018,1896,0,0,33,0,1.4576335971718315,0.0036440839929295786,0.16179215085628257,0.13984768123718658,0.0003664078655683711,0.04694713568064422
2018-02-22,2018,1896,0,0,34,5,-0.04179959507391451,-0.00010449898768478627,-0.013255289215073709,0.1690502104299699,0.00041146923609400803,0.022256311225928565
2018-02-23,2018,1896,0,0,33,1,0.8610538149628755,0.0021526345374071887,0.11013717769392994,0.14845931746976915,0.00029558530314168874,0.10153900372210425
2018-02-26,2018,1896,0,0,32,5,-1.1985011296747703,-0.0029962528241869258,-0.15563298889049024,0.19280601137969464,0.0003839771450144146,0.02365738181486589
2018-02-27,2018,1896,0,0,30,2,-0.9902826049860838,-0.0024757065124652094,-0.09685630377624076,0.18300053627895635,0.0005589740651106838,0.006901894861528442
2018-02-28,2018,1896,0,0,32,6,0.5215247261825855,0.0013038118154564638,-0.002448212391314004,0.16725054597994643,0.0004832110929851362,0.019683913427429686
2018-03-01,2018,1896,0,0,35,10,2.7615162536125473,0.006903790634031368,0.17122544202590156,0.1382736793677228,0.0007452620198741,0.030813171342984
2018-03-02,2018,1896,0,0,36,14,0.04119427906912776,0.0001029856976728194,-0.02027954588925394,0.17022551893834478,0.0009250228662061731,0.02390343882521801
2018-03-05,2018,1896,0,0,35,8,-0.5784799455681884,-0.001446199863920471,-0.053100335759262735,0.175696945270583,0.000410644213767909,0.32265095691844586
2018-03-06,2018,1896,0,0,34,4,-0.031338140872037235,-7.834535218009308e-05,-0.019126891690253483,0.17002759428635333,0.0004184932284033225,0.033064995874955656
2018-03-07,2018,1896,0,0,35,1,0.7446490229901236,0.001861622557475309,0.08585301256896145,0.15251478964038245,0.0004161132761696166,0.05074451942088098
2018-03-08,2018,1896,0,0,35,3,1.143050984035515,0.0028576274600887876,0.17962642108948434,0.13687231583298223,0.0006124157960463561,0.01544517739456183
2018-03-09,2018,1896,0,0,36,3,-0.0220566547095864,-5.5141636773965994e-05,-0.005048513039846621,0.16768149362758777,0.0005141310498936165,0.017168442346074307
2018-03-12,2018,1896,0,0,35,7,-0.36695377356322645,-0.0009173844339080661,0.002865009967004958,0.16635566144346564,0.0003851511355668923,0.02392860879729241
2018-03-13,2018,1896,0,0,34,3,-1.155996300244176,-0.00288999075061044,-0.08740839702508978,0.18142039054702624,0.0004344187264993339,0.35537215857426174
2018-03-14,2018,1896,0,0,34,8,-0.09191188397112415,-0.00022977970992781038,-0.013944443027935852,0.16916483398000237,0.0003705431191450903,0.04468236120108867
2018-03-15,2018,1896,0,0,32,3,0.5549970274394376,0.001387492568598594,0.031886918313051224,0.1615214568716306,0.0005328974757271861,0.02289113760403646
2018-03-16,2018,1897,0,0,31,8,0.25340449504911206,0.0006335112376227802,0.03644723588319624,0.16075549504400613,0.00026039175872201486,0.016249918266337166
2018-03-19,2018,1897,0,0,31,11,-0.41015830883255,-0.001025395772081375,-0.019467152349639225,0.17008329515735013,0.00036146519278442595,0.013220174482388936
2018-03-20,2018,1897,0,0,29,10,-1.0223376422668702,-0.0025558441056671754,-0.15540689975369704,0.19277093622090455,0.0017027558084450835,0.0347822532191495
2018-03-22,2018,1898,0,0,28,3,0.041463566067988566,0.00010365891516997141,-0.04081521147724031,0.17364714494102085,0.00031381762956631204,0.015216884330984348
2018-03-23,2018,1900,0,0,30,2,-0.6086924061158117,-0.001521731015289529,-0.06323428320441914,0.1773922174901685,0.0022223097111319836,0.05880601377201641
2018-03-26,2018,1900,0,0,28,4,-0.014794982127108502,-3.6987455317771256e-05,0.0004510456780645871,0.16676621923707174,0.0005278200626577081,0.0318019715267663
2018-03-27,2018,1901,0,0,29,1,-0.8335295545845236,-0.002083823886461309,-0.07606748821892274,0.17952504790451446,0.0006372090967495035,0.1062205658013315
2018-03-28,2018,1901,0,0,31,1,-2.162507238812331,-0.0054062680970308275,-0.2196243281821182,0.20348235263259895,0.0006550896907266791,0.026321082703816424
2018-03-29,2018,1901,0,0,33,3,0.20410823512676285,0.0005102705878169071,-0.05461717933881204,0.17594976597825027,0.00032199213102147866,0.014399096460083903
2018-03-30,2018,1901,0,0,32,8,0.01776503724857942,4.441259312144854e-05,-0.04794178246249856,0.1748366281196221,0.0003189065274279507,0.007301674834638854
2018-04-02,2018,1902,0,0,33,6,-1.8622351239537294,-0.004655587809884324,-0.1665075575338277,0.19461875701723894,0.0005209990582178815,0.025326044739020826
2018-04-03,2018,1902,0,0,34,1,-0.13159206164725812,-0.0003289801541181453,-0.027979960698442496,0.1715051918482837,0.0004074271679861367,0.033899251942260976
2018-04-04,2018,1902,0,0,34,8,0.41908041686671926,0.001047701042166798,-0.037565484876839875,0.173105007849958,0.00039669707798865866,0.05240049478676357
2018-04-05,2018,1902,0,0,34,4,-0.3494672014070583,-0.0008736680035176457,-0.07599666282661606,0.17951060943140396,0.0003583882313421207,0.015683178150784023
2018-04-06,2018,1902,0,0,34,2,-2.2772638037748094,-0.0056931595094370235,-0.1655900264399934,0.19446601246012907,0.0003747490429474279,0.028184519065037023
2018-04-09,2018,1902,0,0,36,7,-4.508950350312671,-0.011272375875781677,-0.320592751480607,0.22032485632713972,0.0005612760784917742,0.031006182949144607
2018-04-10,2018,1902,0,0,37,0,-0.7133062974980326,-0.0017832657437450816,-0.11119677847364552,0.18538200886312411,0.0003257467208594162,0.02334651765370585
2018-04-11,2018,1902,0,0,38,0,0.25645150196033595,0.0006411287549008399,0.043313307189246385,0.15961002596742435,0.00042927699007427124,0.017493053382550607
2018-04-12,2018,1902,0,0,40,0,-0.7397651557404025,-0.0018494128893510062,-0.10613792344088183,0.18454605684247888,0.0006234868478466434,0.019771378455340514
2018-04-13,2018,1902,0,0,40,3,-0.49858562740143153,-0.0012464640685035788,-0.0742667055611052,0.17922889731590264,0.0003825654808032878,0.027622789648062925
2018-04-16,2018,1902,0,0,40,3,-0.9607275728904514,-0.0024018189322261283,-0.06540363068756604,0.1777521561254645,0.0004568635100031693,0.005720432512711058
2018-04-17,2018,1902,0,0,40,10,-0.8320086178180408,-0.002080021544545102,-0.018624796301005036,0.16994155244177134,0.0003819023918621423,0.0687352092502044
2018-04-18,2018,1902,0,0,41,8,-0.3607801330158662,-0.0009019503325396655,-0.048848613683593285,0.17497508502099998,0.00025586683110592745,0.013621599109476223
2018-04-19,2018,1902,0,0,42,7,-0.0438628556044906,-0.0001096571390112265,0.02572734480419652,0.16254355970388853,0.00035583978818876365,0.011413345619327843
2018-04-20,2018,1903,0,1,43,7,1.0613231269979166,0.0026533078174947916,0.06703093824555427,0.15565455150120633,0.0003326335772714022,0.006261541460952375
2018-04-23,2018,1903,0,0,43,3,-0.7246887987649474,-0.0018117219969123685,-0.09642383455715377,0.18292009872273424,0.00031950704910813365,0.019809053919856188
2018-04-24,2018,1903,0,0,45,4,-0.1334683882037162,-0.0003336709705092905,-0.01902998391952354,0.17001083413789878,0.0003942534998513653,0.01961380526494776
2018-04-25,2018,1903,0,0,45,6,-1.2471749082222865,-0.003117937270555716,-0.09620815114805001,0.18288872000782178,0.0005443145673509511,0.00839883342660511
2018-04-26,2018,1903,0,0,44,3,-0.3441035961613621,-0.0008602589904034053,0.0089869688725626,0.165337652830482,0.000719427551421872,0.019995930710892493
2018-04-27,2018,1903,0,0,45,2,0.9765658567749784,0.002441414641937446,0.143229777652805,0.1429404510420136,0.00030421606594684955,0.016837645123960344
2018-05-01,2018,1903,0,0,46,0,-0.15107119150620663,-0.0003776779787655166,-0.04046773971031817,0.17358475422092026,0.00042066876850089174,0.010370541005613179
2018-05-02,2018,1903,0,0,48,0,1.8767550705194793,0.004691887676298698,0.1342654521711322,0.1444352422893657,0.0004410655263371658,0.004808516869174921
2018-05-07,2018,1903,0,0,47,1,1.4010966981482753,0.003502741745370688,0.07525902924854681,0.15427818644413915,0.0006645111935464353,0.005043271871705705
2018-05-08,2018,1903,0,0,47,4,0.9125695248939464,0.002281423812234866,0.04878689586384964,0.15869563385055835,0.0007751568313345565,0.008468412949409788
2018-05-09,2018,1903,0,0,48,4,0.3834671472371032,0.0009586678680927579,0.062202745618208356,0.1564618988187176,0.000819770005245535,0.013267372237553754
2018-05-10,2018,1903,0,0,48,4,0.6012305131968199,0.0015030762829920496,0.04665277466980083,0.1590552546328944,0.0010557994091666273,0.022341845180413548
2018-05-11,2018,1903,0,0,47,0,0.684252916978078,0.001710632292445195,-0.0090261040567437,0.16834290082400893,0.0007066093491169981,0.018119231280252023
2018-05-14,2018,1903,0,0,47,3,-0.7450747633899274,-0.0018626869084748185,-0.051640328219379444,0.17545402832719964,0.0006379859397242947,0.004817774878275524
2018-05-15,2018,1903,0,0,47,1,0.3611876822526935,0.0009029692056317337,0.06171908750846362,0.15653809131012686,0.00038636594688835283,0.004802937673134352
2018-05-16,2018,1903,0,0,47,3,0.3920892398544519,0.0009802230996361298,0.04925925880045013,0.15861855194415647,0.00029658943984434,0.005203487273733451
2018-05-17,2018,1903,0,0,48,0,1.1351502372275624,0.0028378755930689057,0.10632019294883183,0.14909771343081246,0.00035393894311242565,0.010623173231333388
2018-05-18,2018,1903,0,0,49,1,0.717340770175648,0.00179335192543912,0.06304191527696003,0.15631909730786456,0.00023512806421616258,0.007278419200993865
2018-05-21,2018,1903,0,0,50,3,0.44483244701535346,0.0011120811175383835,-0.05704004082258395,0.17635127171147047,0.0002934344084594133,0.01570404909081745
2018-05-22,2018,1903,0,0,51,0,-0.45495145106998014,-0.0011373786276749503,-0.02619286841607118,0.17120968318661456,0.00038033852580290407,0.0070115429069529285
2018-05-23,2018,1903,0,0,50,10,-1.7785860559563176,-0.0044464651398907935,-0.14327016248393912,0.19073906670474916,0.00028936565821145846,0.04346477254032331
2018-05-24,2018,1903,0,0,50,2,-0.40658518370733177,-0.0010164629592683294,-0.029387588260381015,0.17173560917521447,0.0003626377269482161,0.011961523772584838
2018-05-25,2018,1903,0,0,50,10,-0.44033939900613306,-0.0011008484975153327,-0.05328561367523563,0.175728000319577,0.0002671375940894064,0.013562678125872144
2018-05-28,2018,1903,0,0,50,14,0.5927346653871672,0.001481836663467918,0.06524791056909467,0.1559552569246596,0.000360604867697971,0.031217096136441663
2018-05-29,2018,1903,0,0,50,13,1.495077464909154,0.0037376936622728852,0.07443048013927667,0.15441943601806898,0.00047004525712502607,0.01656858283678029
2018-05-30,2018,1903,0,0,50,8,-0.6125423642113983,-0.0015313559105284958,-0.06608121322264202,0.1778624153102981,0.0004331178996207311,0.012291646746669275
2018-05-31,2018,1904,0,0,51,10,-1.9443930884076932,-0.004860982721019233,-0.1890191886341979,0.19837734073460164,0.0006208128239794605,0.016160982122131403
2018-06-01,2018,1904,0,0,51,8,0.22263059864482676,0.0005565764966120669,-0.029870452826296388,0.1718163917023466,0.000350764411790332,0.22260167373552986
2018-06-04,2018,1904,0,0,51,15,1.1089406651280913,0.002772351662820228,0.03146016861775178,0.16158470099377797,0.00034772102652125085,0.05718592623417626
2018-06-05,2018,1904,0,0,52,6,0.4898995818101215,0.0012247489545253037,0.09102997575525397,0.15164939422540702,0.0004124782902751783,0.027292565200361073
2018-06-06,2018,1904,0,0,52,7,-0.22800636875395103,-0.0005700159218848776,-0.015908815045812742,0.16948652109376408,0.00030926712046141353,0.026916427159816927
2018-06-07,2018,1904,0,0,51,7,-0.2752565422833507,-0.0006881413557083768,-0.021444266336866382,0.17041149556415633,0.0003257970358641734,0.0326974294788268
2018-06-08,2018,1904,0,0,51,14,-0.7032959611554536,-0.0017582399028886338,-0.05068381592946552,0.17528964264897953,0.00024876648671872775,0.02255757532746536
2018-06-11,2018,1904,0,0,51,11,-0.04224643940969619,-0.00010561609852424047,-0.009834318141659637,0.1684745636872232,0.00034555716211771625,0.015809027382870128
2018-06-12,2018,1904,0,0,52,1,0.6513897465806663,0.0016284743664516657,0.047789419622250855,0.15886016043987392,0.00032649931323103584,0.0044244903258609785
2018-06-13,2018,1904,0,0,53,2,1.4708177103717373,0.003677044275929343,0.14013884984375227,0.14345925525955563,0.0003946960948230028,0.005011629129248326
2018-06-14,2018,1904,0,0,53,9,-1.8540780478614618,-0.004635195119653654,-0.17906736004547782,0.19671562752511085,0.0004658549824532098,0.010532620984436789
2018-06-15,2018,1904,0,0,53,9,0.3474390670859435,0.0008685976677148588,0.007221534889991115,0.16563625678290303,0.0006055829649534943,0.015242195271125093
2018-06-18,2018,1904,0,0,51,6,0.2546647229818496,0.0006366618074546241,0.011799374953840142,0.16486927191213432,0.00031575003240258084,0.020764826720806533
2018-06-19,2018,1905,0,0,51,16,1.2320564020561389,0.003080141005140347,0.11151258009791572,0.14823397044957398,0.00033584680894967753,0.027373633729136877
2018-06-20,2018,1905,0,0,50,17,0.05170737980069248,0.0001292684495017312,0.025108706816955442,0.16264988235335817,0.00043326054053542304,0.06089217200830197
2018-06-21,2018,1906,0,0,51,5,-0.40789736314502356,-0.0010197434078625589,-0.020409246144358583,0.17024521544204566,0.0006266191205398989,0.01588262079466172
2018-06-22,2018,1907,0,0,51,8,-1.967493868100794,-0.004918734670251985,-0.1649187997001188,0.19435245138125484,0.0004054592492576081,0.018438147615558197
2018-06-25,2018,1907,0,0,51,8,0.868818006404883,0.0021720450160122077,0.1635678068052178,0.13954935924032089,0.0005547925187013818,0.017786043716636883
2018-06-26,2018,1908,0,0,51,9,-0.14196629947201778,-0.0003549157486800444,-0.025098388704615376,0.17102536828238965,0.00031497633866866084,0.022487329201339383
2018-06-27,2018,1909,0,0,50,4,0.8791196350241993,0.002197799087560498,0.12147665133605241,0.14656959064268718,0.00033258613550524174,0.007552180061326633
2018-06-28,2018,1909,0,0,50,13,-0.5914829007666258,-0.0014787072519165645,-0.0250168924759049,0.1710148500811878,0.0008068761383130312,0.04033911803996346
2018-06-29,2018,1910,0,0,51,5,-0.8870896305729217,-0.002217724076432304,-0.07252458827995975,0.17893830847530448,0.0003831743005911792,0.013788666788274596
2018-07-02,2018,1910,0,0,52,17,0.34167504686237055,0.0008541876171559264,0.026925841251023565,0.16234542927693704,0.0003995029112560186,0.02715782255218013
2018-07-03,2018,1910,0,0,52,5,0.28489514741066824,0.0007122378685266706,0.040936746435818135,0.1600110798146782,0.0005457525308478175,0.01594909756443906
2018-07-04,2018,1910,0,0,52,4,1.718667429870826,0.004296668574677065,0.11142528010839245,0.14824886277275148,0.0008008657265052857,0.01710711457178834
2018-07-05,2018,1910,0,0,51,25,0.10435614354965095,0.00026089035887412736,-0.020643193078613467,0.17028337749617303,0.001284819111964099,0.04787398757518
2018-07-06,2018,1910,0,0,52,8,1.029670595846073,0.0025741764896151827,0.06521191707597523,0.15595916225453105,0.00044136905328391514,0.02860209643171463
2018-07-09,2018,1910,0,0,51,1,-0.5520700402780305,-0.0013801751006950764,-0.047699484821968764,0.17479804126747422,0.0004954499246727233,0.03402377570445691
2018-07-10,2018,1911,0,0,51,5,0.14137738197839245,0.0003534434549459811,0.06794453696503358,0.1554983935280332,0.00035483633773350997,0.012339243145117362
2018-07-11,2018,1911,0,0,53,8,0.10512242925697368,0.0002628060731424342,0.02973746828382203,0.16187485515172725,0.0006045506925860644,0.04187951704532645
2018-07-12,2018,1911,0,0,54,8,2.0564225896146726,0.005141056474036681,0.1507735273580844,0.14168452174218388,0.000653011252893285,0.008749118364844205
2018-07-13,2018,1911,0,0,55,2,0.2677211061897422,0.0006693027654743555,0.05195090755330161,0.1581699060395603,0.00040183185428464607,0.011904047166074594
2018-07-17,2018,1911,0,0,54,2,1.7454679819803398,0.00436366995495085,0.15708598085829614,0.14063036914006305,0.0002776941716204314,0.018645637033673886
2018-07-18,2018,1911,0,0,54,3,-0.9867078449612041,-0.0024667696124030104,-0.037600109261316184,0.17310831315085976,0.000327646876857291,0.013120100064257664
2018-07-19,2018,1911,0,0,55,6,0.3981686308596128,0.000995421577149032,0.06824755601878293,0.1554454291031061,0.0003303682005191485,0.042630929476319926
2018-07-20,2018,1911,0,0,54,3,0.29783671443736104,0.0007445917860934026,0.051927150773527275,0.15817242062780837,0.0003267375265467288,0.00870993397454107
2018-07-23,2018,1912,0,0,55,4,0.800941241862005,0.0020023531046550126,0.08508767427173301,0.15263778117389262,0.00031774858405909825,0.0061503489496185495
2018-07-24,2018,1912,0,0,57,5,0.49079637026115397,0.001226990925652885,0.04249695398419849,0.15974924516972192,0.00036998942092547187,0.011597307868014016
2018-07-25,2018,1913,0,0,58,6,0.6349324935515874,0.0015873312338789685,0.04888930726983427,0.1586812851331048,0.00034765024117988874,0.01956760156634208
2018-07-26,2018,1913,0,0,58,9,0.09065506819505065,0.00022663767048762662,0.06945675352804206,0.15524808831829492,0.0007499179775572459,0.02534515209542457
2018-07-27,2018,1913,0,0,57,5,1.1722969035614546,0.0029307422589036364,0.1280444868659121,0.14547579537140154,0.0007901072368467682,0.01123241297222793
2018-07-30,2018,1913,0,0,57,2,-1.481158229695414,-0.003702895574238535,-0.04634779279225706,0.17456961647719824,0.0008350897172515041,0.012468913004277531
2018-07-31,2018,1913,0,0,57,7,1.124253464499505,0.0028106336612487627,0.09657160745412058,0.15072104757400798,0.0005443713842383832,0.013688676341974652
2018-08-01,2018,1913,0,0,58,4,-0.5222139254273703,-0.0013055348135684259,-0.031212994919846068,0.1720459518914018,0.0007179414474258156,0.019343521820493235
2018-08-02,2018,1913,0,0,56,2,-1.048347454225111,-0.0026208686355627775,-0.028377083126398497,0.17157107581888442,0.0008124465235268615,0.015205262722584765
2018-08-03,2018,1913,0,0,56,0,0.6349716855088909,0.0015874292137722274,-0.001753642973605768,0.16713014858222805,0.0005910376228273714,0.012101391366757894
2018-08-06,2018,1913,0,0,57,0,0.2602723527672886,0.0006506808819182216,0.025048184581818945,0.162658745277619,0.0007243313351767784,0.01760917295687554
2018-08-07,2018,1913,0,0,58,1,0.16756915069523898,0.00041892287673809744,0.03910963586701911,0.16031214867352733,0.0006258723065490105,0.012712724354839047
2018-08-08,2018,1913,0,0,57,2,0.46860637416637085,0.0011715159354159272,0.06601530685087248,0.15582402419466154,0.0009833987541668034,0.010597819383034678
2018-08-09,2018,1913,0,0,58,1,1.5605128344864183,0.003901282086216046,0.08282944727360646,0.15302132461576118,0.0014505013664985573,0.006916597762260054
2018-08-10,2018,1913,0,0,58,7,0.43346430606798636,0.001083660765169966,0.021860354181964806,0.16319286567086752,0.000807553080260739,0.01549434241585602
2018-08-13,2018,1913,0,0,58,13,-0.742647570069618,-0.001856618925174045,0.001706116955271117,0.16655467513934183,0.0005026683403781594,0.01371216226200838
2018-08-14,2018,1913,0,0,60,15,-0.17762867457304043,-0.00044407168643260107,0.025273260750570296,0.16262119422050145,0.000497857795464244,0.012855728446068039
2018-08-15,2018,1913,0,0,61,4,-1.3163430941861611,-0.003290857735465403,-0.08844742963303107,0.18159076495813817,0.00038604835658649086,0.02489387336388447
2018-08-16,2018,1913,0,0,62,6,0.559106943882842,0.0013977673597071049,0.06293801055231911,0.15633699998145917,0.00029800832974951166,0.0200772009104308
2018-08-17,2018,1913,0,0,63,3,-0.5684862891671016,-0.001421215722917754,-0.043664637228589556,0.17412231053435112,0.0003583824445214627,0.020328019778556253
2018-08-20,2018,1913,0,0,64,8,-0.44641028981493047,-0.0011160257245373263,-0.030659147314690136,0.17195327537453095,0.0005851255944170823,0.02028830326156686
2018-08-21,2018,1913,0,0,64,1,-0.5966252102775258,-0.0014915630256938145,-0.07494064228347086,0.17933136437641528,0.00043924753247843545,0.008600420520542145
2018-08-22,2018,1913,0,0,65,3,0.4910825486566819,0.0012277063716417047,0.0562267541504149,0.15745291960446436,0.0003087312011508299,0.022443723900985996
2018-08-23,2018,1913,0,0,64,1,0.042642478376430315,0.00010660619594107579,0.015548800207565132,0.16424535290443182,0.0004756418075852233,0.04931438102076032
2018-08-24,2018,1913,0,0,64,6,1.583687781601482,0.003959219454003705,0.13159180869213413,0.14487268974067238,0.0002574511555820149,0.016722383783561133
2018-08-27,2018,1913,0,0,64,4,-0.4394077614383891,-0.0010985194035959727,-0.011366540599642753,0.16873344428083914,0.0003704036677888259,0.01596623594189688
2018-08-28,2018,1913,0,0,64,6,-0.3039326098085109,-0.0007598315245212772,-0.029598954688295254,0.17177007543050207,0.0003659489026219894,0.03058722799011611
2018-08-29,2018,1913,0,0,63,11,-0.8007244801839947,-0.0020018112004599868,-0.0642714743456087,0.17755105160095994,0.00029023865306320194,0.02661685521621812
2018-08-30,2018,1913,0,0,63,7,-0.4269918367750505,-0.0010674795919376262,-0.06689884030100969,0.17799810845316918,0.0006657502793814775,0.044877751818123736
2018-08-31,2018,1913,0,0,65,14,-0.5137424994100201,-0.0012843562485250503,-0.07707534104781222,0.1796912784704708,0.0003389146718628232,0.00817255656908664
2018-09-03,2018,1913,0,0,64,11,0.25464607746471735,0.0006366151936617934,0.020704727102545072,0.16337493105136824,0.0003828910486272588,0.029968354335402833
2018-09-04,2018,1913,0,0,64,11,0.6482576497503321,0.0016206441243758302,0.044202421914739165,0.1594627990018813,0.00044992375987429404,0.022192778534118936
2018-09-05,2018,1913,0,0,65,6,0.07515236087906063,0.00018788090219765157,0.02939921980329698,0.16193092824370325,0.0003406993211430736,0.009417644224638692
2018-09-06,2018,1913,0,0,63,8,-1.080303933315596,-0.00270075983328899,-0.003450364389450675,0.16740608424147682,0.0004784463837118701,0.4036168998006659
2018-09-07,2018,1913,0,0,63,5,0.0966578050069864,0.000241644512517466,0.06147944888457204,0.15657285771492974,0.0003644167132011791,0.01348698302467297
2018-09-10,2018,1913,0,0,64,6,0.20357587855429382,0.0005089396963857346,0.07682001975244833,0.15401999147008416,0.00041734195347350284,0.008864562667909977
2018-09-11,2018,1913,0,0,61,6,-0.18096790745977276,-0.0004524197686494319,-0.027629531735778545,0.17144514884766543,0.00039763774619636636,0.008910350716946656
2018-09-12,2018,1913,0,0,62,0,-1.7749856973011267,-0.004437464243252817,-0.21036547874492542,0.20193405283266078,0.0006648741663275867,0.016335861073260575
2018-09-13,2018,1913,0,0,63,10,0.2514812525354859,0.0006287031313387148,0.03618620582269934,0.16080213398071444,0.0007151577763115306,0.01232692039869906
2018-09-14,2018,1913,0,0,61,8,1.2245147671826526,0.0030612869179566316,0.17079966175553277,0.13834322036895788,0.0005353976225529239,0.02191188699326903
2018-09-18,2018,1913,0,0,59,4,0.265167135705161,0.0006629178392629025,-0.022684302431051327,0.1706196641181993,0.0003373589840804962,0.03202924548152287
2018-09-19,2018,1913,0,0,58,8,0.13752030835377704,0.0003438007708844426,0.03522921292939492,0.16096161133028444,0.000462892823981494,0.02345125630484675
2018-09-20,2018,1913,0,0,57,6,-0.1426062084451467,-0.0003565155211128668,-0.03433138203879508,0.17256796893909868,0.0005872388631163921,0.01756262597430474
2018-09-21,2018,1914,0,0,58,11,-2.2873506243957733,-0.005718376560989434,-0.1837091429631158,0.1974882186400688,0.0005437603982235747,0.03944131672470844
2018-09-25,2018,1915,0,0,59,21,-0.6900056774595789,-0.0017250141936489471,-0.04451152723670937,0.17426629884975364,0.0009675719817361188,0.028343860739805125
2018-09-26,2018,1915,0,0,58,12,0.6111721238647221,0.0015279303096618051,0.047547012732420145,0.1589041526869644,0.0003363726364230363,0.02908218011290951
2018-09-27,2018,1916,0,0,59,15,0.7818889538780667,0.0019547223846951667,0.10196432861999939,0.14982626153344378,0.0003718544855092787,0.06348059412700816
2018-09-28,2018,1917,0,0,60,17,-1.0246085666060294,-0.0025615214165150735,-0.09892046612737444,0.183340125146009,0.0003936650819308096,0.01391077766466311
2018-10-01,2018,1920,0,0,63,19,0.6689797073803576,0.001672449268450894,0.052952739853740216,0.15800352888474442,0.0005265187517314912,0.016241432582751625
2018-10-02,2018,1920,0,0,63,17,-0.6680486037938946,-0.0016701215094847366,-0.04010851809124677,0.17352769686808991,0.0003163171290315703,0.021596352869009836
2018-10-03,2018,1920,0,0,63,3,-0.8592774540446444,-0.002148193635111611,-0.06433236333813169,0.1775687174207705,0.0004335152400263454,0.01633825454066267
2018-10-04,2018,1920,0,0,62,11,-0.6554515342339098,-0.0016386288355847744,-0.03569715300714796,0.1727948234569864,0.0008258840235206196,0.02648580624841966
2018-10-05,2018,1920,0,0,65,9,0.5518427066723492,0.001379606766680873,0.09262205319961851,0.151383439546781,0.0005290974131319682,0.03793708204079512
2018-10-09,2018,1920,0,0,65,5,-0.7011821503481297,-0.0017529553758703243,0.029197913901063254,0.1619689662812103,0.0013643705089606056,0.02395122925629141
2018-10-10,2018,1920,0,0,64,2,2.6653589375158147,0.0066633973437895365,0.18689622695433422,0.13565759671055008,0.0006555058498762816,0.016884244873331403
2018-10-11,2018,1920,0,0,63,31,1.450660189554683,0.003626650473886707,0.05363552410277112,0.1578912721733145,0.0005206761539849005,0.10397997138539376
2018-10-12,2018,1920,0,0,63,5,-0.4051603762104832,-0.0010129009405262079,-0.09450742613280184,0.18260431048924464,0.0004883367363496086,0.02485678748916656
2018-10-15,2018,1920,0,0,63,11,0.560372885708099,0.0014009322142702473,0.09255421417084399,0.1513981619494332,0.0008916665423478585,0.03465470810971431
2018-10-16,2018,1920,0,0,64,13,-1.2074874902075354,-0.0030187187255188387,-0.10428493129259056,0.18423423773564102,0.0003766696373845251,0.02329837096716719
2018-10-17,2018,1920,0,0,63,6,-1.3947247381533718,-0.0034868118453834297,-0.1275680247742185,0.188119301025043,0.0005222945041839177,0.06708182812413366
2018-10-18,2018,1920,0,0,63,16,-0.540285991156445,-0.0013507149778911125,-0.009029091095976232,0.16834113690682925,0.0003200934943480284,0.04102341139643378
2018-10-19,2018,1921,0,0,64,10,0.9405929884193096,0.002351482471048274,0.11052061425019467,0.1484007276686947,0.0006480967816115286,0.013996948405559716
2018-10-22,2018,1921,0,0,63,13,0.16299050010912014,0.00040747625027280035,0.05517747577474092,0.15762521495220047,0.00039611802230834483,0.03244277527284707
2018-10-23,2018,1921,0,0,62,9,1.051945545935145,0.0026298638648378624,0.11757780420355997,0.14722355765972042,0.000986508515244,0.040493130067527
2018-10-24,2018,1921,0,0,63,15,-0.16076438352481848,-0.0004019109588120462,-0.0026947316117880782,0.16728800695788779,0.0006919247695158717,0.10197601335889842
2018-10-25,2018,1921,0,0,62,36,0.20531487475177812,0.0005132871868794453,0.06544540977674901,0.1559195152281391,0.0015130709761034195,0.075998337422409
2018-10-26,2018,1921,0,0,62,26,-1.8584459461033749,-0.004646114865258438,-0.09464184248323702,0.18262979274778218,0.002404890582808201,0.027321766388842907
2018-10-29,2018,1921,0,0,62,14,-1.6717133018148922,-0.0041792832545372305,-0.15566492956216332,0.19281081831181496,0.002382283598556183,0.035978043456391336
2018-10-30,2018,1921,0,0,63,31,1.8240273207563993,0.004560068301890998,0.08787440614559694,0.1521769674551467,0.001818944185082988,0.13114949467329715
2018-10-31,2018,1921,0,0,62,9,3.7189270685134694,0.009297317671283674,0.24278918690877876,0.12633227315948273,0.0008769040078899285,0.07445074607171162
2018-11-01,2018,1921,0,0,62,12,1.2495541946547484,0.003123885486636871,0.04708126314223054,0.15898086186879576,0.0005917037362695235,0.026168134984697666
2018-11-02,2018,1921,0,0,61,6,-0.42877669597472723,-0.001071941739936818,0.017888086904966554,0.16385150828889122,0.0006396382548048026,0.04171113185328619
2018-11-05,2018,1921,0,0,61,6,0.5072695664986892,0.0012681739162467229,0.046772446357473726,0.15903352169822574,0.0006383735809971957,0.029614964777071567
2018-11-06,2018,1921,0,0,60,7,0.23079841193795003,0.000576996029844875,0.030248531811200775,0.16179217145554523,0.0009401467368378479,0.01830324475473711
2018-11-07,2018,1921,0,0,60,12,0.009667556076713935,2.4168890191784835e-05,-0.009971132769813049,0.16849548279828847,0.0007547412142757472,0.025659120448033618
2018-11-08,2018,1921,0,0,60,5,0.10633196485682528,0.0002658299121420632,-0.029989622631520427,0.17183883982070428,0.00112878714226596,0.02811770708606851
2018-11-09,2018,1921,0,0,62,5,-0.6469273475463866,-0.0016173183688659664,-0.0215604400424833,0.17043681218684928,0.0009567684643256715,0.014589998270430811
2018-11-12,2018,1921,0,0,61,2,0.9467192578146221,0.0023667981445365553,0.035550631018389144,0.16090588054825772,0.0007735286624861225,0.012418016474954947
2018-11-13,2018,1921,0,0,58,9,-0.7609162278946271,-0.0019022905697365677,-0.06438531015978609,0.17757785274415813,0.0007382204468829143,0.013137569042686434
2018-11-14,2018,1921,0,0,59,7,-1.2336597019656044,-0.003084149254914011,-0.1682531234017742,0.19490925739620837,0.0005329893051644293,0.014173300747558511
2018-11-15,2018,1921,0,0,58,8,0.2646465238396567,0.0006616163095991417,0.018545609797406486,0.16374336821201796,0.0005344628131108714,0.023416471126465263
2018-11-16,2018,1921,0,0,58,11,0.9543904256607687,0.0023859760641519218,0.11483525030474044,0.14767724236576546,0.00045227119135549804,0.05288151526090786
2018-11-19,2018,1921,0,0,58,4,-0.4068976132921315,-0.0010172440332303287,0.008056356542667986,0.16549214515066027,0.00033990183345067245,0.012655900849104942
2018-11-20,2018,1921,0,0,59,7,-0.2100822393453714,-0.0005252055983634285,0.0015716040682096644,0.16657498648888022,0.0004066521239802077,0.019573785192146368
2018-11-21,2018,1921,0,0,59,17,0.7288244144357621,0.0018220610360894052,0.029923595830166284,0.16184196956258767,0.00039098910401622446,0.012041677807133302
2018-11-22,2018,1921,0,0,59,3,1.1881096659188706,0.0029702741647971765,0.12649970852884834,0.14573179461335603,0.00033901551702700516,0.010368522736559629
2018-11-26,2018,1921,0,0,60,3,2.57975094143913,0.006449377353597825,0.18253363113496773,0.13638301385352952,0.0004672436113860943,0.01785026707890524
2018-11-27,2018,1921,0,0,60,6,0.8922965649373745,0.0022307414123434364,0.0988352599674275,0.15034693422129408,0.0003776209455009152,0.00913766333385904
2018-11-28,2018,1922,0,0,61,6,0.28014995560183664,0.0007003748890045916,0.008360322173211124,0.16544295392853176,0.00037585321917718703,0.028666674992510733
2018-11-29,2018,1922,0,0,62,13,1.6724978947194555,0.004181244736798639,0.15410817760729567,0.14112626019559923,0.0004091989501680392,0.061582893597456
2018-11-30,2018,1922,0,0,61,4,-0.7500452957264949,-0.0018751132393162373,-0.07834371893168154,0.1799106829651573,0.0009165185962541806,0.011439274636622617
2018-12-03,2018,1922,0,0,62,10,-1.718537598123409,-0.0042963439953085224,-0.16109518342731086,0.1937155216143636,0.0005327662539342066,0.013351760373787453
2018-12-04,2018,1922,0,0,61,10,0.30903523664092836,0.0007725880916023209,0.02546128142053029,0.16259137075650687,0.0007548807098344577,0.06251141964807354
2018-12-05,2018,1922,0,0,62,14,-0.5198435655978124,-0.001299608913994531,-0.0902221858024084,0.1818891873957824,0.0004228243342634427,0.025586744580117896
2018-12-06,2018,1922,0,0,62,17,1.1403817112704,0.002850954278176,0.10172054503812436,0.14986894416178473,0.0006887899295906329,0.015508966796384758
2018-12-07,2018,1922,0,0,62,10,-0.13840316361548766,-0.00034600790903871915,-0.05101266502133997,0.17534977900048607,0.0006349254081716243,0.009791783605136562
2018-12-10,2018,1922,0,0,60,18,-1.454011407125341,-0.0036350285178133523,-0.0777468337175182,0.17981098029016573,0.0015830264790210342,0.03875683934293796
2018-12-11,2018,1922,0,0,59,19,-2.05609881127794,-0.00514024702819485,-0.21606186332532432,0.20288457843110322,0.0011157863603526476,0.027095049787250094
2018-12-12,2018,1923,0,0,58,3,-0.8260179336244371,-0.0020650448340610926,-0.09736967624281526,0.18308392164212398,0.0011273272564602868,0.06014666572787179
2018-12-13,2018,1924,0,0,59,1,-1.2580625863460475,-0.0031451564658651187,-0.1371901405188158,0.1897265902723079,0.0007033164347285909,0.02905957192114598
2018-12-14,2018,1923,0,0,60,10,-0.6702194609855878,-0.0016755486524639696,-0.05474552263686662,0.17597370757305536,0.0007770390347404426,0.0472537823262567
2018-12-17,2018,1923,0,0,59,7,0.4113422957366453,0.0010283557393416132,0.016593291279075325,0.1640694160956263,0.00046532777334190405,0.015122094714749333
2018-12-18,2018,1923,0,0,57,11,1.9562601628991487,0.004890650407247872,0.16236739735140726,0.13975067801104288,0.0008132330488025816,0.055754939835710914
2018-12-19,2018,1925,0,0,59,17,0.6863970652994897,0.0017159926632487243,-0.010693748863726388,0.16862396165670596,0.001020050916425543,0.03616714213716942
2018-12-20,2018,1925,0,0,59,33,4.767983511536445,0.011919958778841113,0.1973595837337754,0.13391245084072526,0.0016564346233936104,0.08872747148183627
2018-12-21,2018,1928,0,0,61,44,-2.5274972522223895,-0.006318743130555974,-0.1725233042828786,0.19562296365727969,0.0028808905535060185,0.03967590445805507
2018-12-25,2018,1929,0,0,61,39,-2.6934305620049503,-0.006733576405012376,-0.18022238986146522,0.1969077702121398,0.014307103896260645,0.1477473270637958
2018-12-26,2018,1929,0,0,58,1,-0.12139733958769766,-0.00030349334896924413,-0.047715945349709805,0.17479628283852866,0.0010128755505920768,0.1258724101016369
2018-12-27,2018,1929,0,0,58,2,-0.2680027316421798,-0.0006700068291054496,-0.01126966251199096,0.168717929590724,0.001012943226386828,0.09926269868402908
2018-12-28,2019,1930,0,0,58,9,0.16130857275815913,0.00040327143189539783,-0.10141539650207848,0.18375949896621568,0.0021047927692562068,0.046165709110807196
2019-01-04,2019,1930,0,0,57,42,-2.1970192840852003,-0.0054925482102130005,-0.1555608214930367,0.19279066612192525,0.0009037119218255409,0.09078817293670705
2019-01-07,2019,1930,0,0,57,10,1.1204320200963753,0.002801080050240938,0.030262636191069982,0.16178815129973526,0.0007634845517177,0.08095349021534444
2019-01-08,2019,1930,0,0,56,15,-0.9607017080600209,-0.0024017542701500524,-0.07752675804814252,0.17976969863298592,0.0008150251820421978,0.03874285975987248
2019-01-09,2019,1930,0,0,57,15,-0.3473225302929476,-0.0008683063257323689,0.04844697281259036,0.1587495731614678,0.00047969291274976356,0.032860941995080724
2019-01-10,2019,1930,0,0,55,13,-0.3017337156147226,-0.0007543342890368066,0.028769165599926223,0.16203681360753755,0.0008265527898924029,0.030956421538000215
2019-01-11,2019,1930,0,0,56,8,-0.1328143781349892,-0.000332035945337473,0.004402685586882331,0.16610128850050634,0.0004403722029844544,0.02360491622253751
2019-01-15,2019,1930,0,0,56,11,0.41307561008202875,0.0010326890252050718,0.06727881347308819,0.15560916192608215,0.00043909380434152236,0.020587802174823082
2019-01-16,2019,1930,0,0,57,6,1.3993588264434513,0.0034983970661086284,0.06369328822430406,0.15620934071915998,0.0005469921507968305,0.03867512254319567
2019-01-17,2019,1929,0,0,59,15,0.8100369368868656,0.002025092342217164,0.03082571420653869,0.16169336613951812,0.0004628809114172097,0.0378611145617199
2019-01-18,2019,1929,0,0,58,5,-0.8287902896010587,-0.0020719757240026467,-0.044736082202685296,0.1742975391711986,0.000462764573254328,0.03451707996287265
2019-01-21,2019,1929,0,0,59,1,-0.9594139108853913,-0.0023985347772134784,-0.07704540438690066,0.1796907886369458,0.0004640177839848762,0.04282838542846955
2019-01-22,2019,1929,0,0,61,7,-0.35586701869461024,-0.0008896675467365256,-0.05056838223099432,0.17526962823205136,0.0004996721571062461,0.014886783116172237
2019-01-23,2019,1929,0,0,61,9,-1.5919610833632292,-0.003979902708408073,-0.12887411374776603,0.18833553510930898,0.0005656362146316102,0.017960738276434806
2019-01-24,2019,1929,0,0,60,11,0.563769654889931,0.0014094241372248275,0.010612439046905453,0.16506623645610974,0.0004593599737753587,0.08765392037837762
2019-01-25,2019,1929,0,0,60,3,1.4621674876837891,0.003655418719209473,0.09041852516566615,0.15174812406587146,0.00036511093337106184,0.022984008575960557
2019-01-28,2019,1929,0,0,60,4,0.2733927989230627,0.0006834819973076567,-0.03876990643052913,0.17330555065618708,0.0007572089315869945,0.01133929604977069
2019-01-29,2019,1929,0,0,61,4,0.14089251958890414,0.00035223129897226036,-0.020524341130284444,0.1702597587900539,0.0008035185109297061,0.021324771107547658
2019-01-30,2019,1929,0,0,62,5,0.14632969627971204,0.0003658242406992801,0.029393594228542493,0.16193310304512612,0.0009124636404608502,0.22841548337414896
2019-01-31,2019,1929,0,0,62,12,1.2227743509458113,0.0030569358773645285,0.0730405450054386,0.15465286121561486,0.0009636649294150697,0.02198900098064394
2019-02-01,2019,1929,0,0,62,15,0.4891838612194995,0.0012229596530487488,-0.00567348839311104,0.1677811846258415,0.0005356122203663106,0.018382331319894536
2019-02-04,2019,1929,0,0,62,24,-1.0545229632121091,-0.002636307408030273,-0.08689392206588754,0.18132993246797352,0.0005169397624481256,0.017011717225583176
2019-02-05,2019,1929,0,0,64,10,-0.07656391306830779,-0.00019140978267076947,-0.037452487616385394,0.17308397356446548,0.0007256599047230251,0.06452162656650152
2019-02-06,2019,1929,0,0,64,5,0.16372330970097515,0.00040930827425243786,0.002094502991546536,0.16648924727650377,0.0011745516059441148,0.01515084636305227
2019-02-07,2019,1929,0,0,66,6,0.6513623574452705,0.0016284058936131762,0.020192671342446764,0.16346983137763066,0.001271350705124918,0.02597230678901814
2019-02-08,2019,1929,0,0,65,1,0.8361371154971498,0.002090342788742874,0.040465909059196975,0.1600848862226506,0.0007859009939180094,0.032626965269264084
2019-02-12,2019,1929,0,0,64,1,1.1774613931388191,0.002943653482847048,0.0875167684717721,0.15223433783258697,0.0006757532902843341,0.021090090545064655
2019-02-13,2019,1929,0,0,64,1,0.27811201585086387,0.0006952800396271597,0.028742143283996966,0.1620388691711435,0.0008161741953371653,0.017280770939393016
2019-02-14,2019,1929,0,0,65,4,0.07066165628153476,0.0001766541407038369,-0.0071802706448527475,0.16803721946723302,0.0008750834909289899,0.01787718346617835
2019-02-15,2019,1929,0,0,64,0,0.79731092707678,0.00199327731769195,0.03508913373885347,0.16097598466685248,0.00034774094005670254,0.022518015348057814
2019-02-18,2019,1929,0,0,63,2,0.40760646150873625,0.0010190161537718407,0.023328353543999487,0.16294207418117987,0.0003158564732633376,0.035329652124681976
2019-02-19,2019,1929,0,0,63,1,1.180840781963627,0.0029521019549090676,0.0960068121699248,0.15081252512423235,0.0002820926995424282,0.019488933648405975
2019-02-20,2019,1929,0,0,64,8,-0.320767463915376,-0.00080191865978844,-0.07098921145312495,0.17867200249342968,0.000326867397067662,0.0126115264794819
2019-02-21,2019,1929,0,0,64,2,-0.2902555670491318,-0.0007256389176228295,-0.006439412540468113,0.16791038178455017,0.00033347541558074035,0.008381573520525877
2019-02-22,2019,1929,0,0,64,1,-0.20769446374901285,-0.0005192361593725322,0.002320085687677492,0.16644456987240577,0.0003131432732569638,0.019827532644205687
2019-02-25,2019,1929,0,0,63,6,-1.3038485917078289,-0.0032596214792695723,-0.0925627749863161,0.1822761829059601,0.00038648071366449217,0.00964262393899613
2019-02-26,2019,1929,0,0,62,13,0.49476583981649824,0.0012369145995412456,0.07024075228602265,0.15511374399860087,0.0004410972498066316,0.027400041944853768
2019-02-27,2019,1929,0,0,62,13,-0.06368289657656656,-0.00015920724144141642,-0.025790812869176644,0.1711368231040455,0.00028935867261562707,0.04007158309865923
2019-02-28,2019,1930,0,0,60,2,1.0203991083228119,0.00255099777080703,0.021472454447377023,0.16325430377467506,0.00042962232839197675,0.018112146964279714
2019-03-01,2019,1931,0,0,61,12,0.14590320301612814,0.00036475800754032033,-0.011046336098697228,0.16867587796593694,0.00034355476181757266,0.011984523196437976
2019-03-04,2019,1931,0,0,61,17,-0.46280827598573904,-0.0011570206899643475,-0.008243714083593758,0.16820651540956635,0.0002674909459629198,0.021865021763819187
2019-03-05,2019,1932,0,0,63,10,0.3273951334695768,0.0008184878336739421,-0.0020392105541811546,0.16717660638202558,0.00042101227157636395,0.018969409714613847
2019-03-06,2019,1932,0,0,64,9,1.171368667367246,0.002928421668418115,0.0960804722433277,0.15080907940100108,0.0009208514088595379,0.01046318633674171
2019-03-07,2019,1932,0,0,63,5,-0.8906926611407504,-0.002226731652851876,-0.06566615051624235,0.17779075035844574,0.0004374223505889373,0.024126596108310448
2019-03-08,2019,1932,0,0,63,1,0.625901824005783,0.0015647545600144573,0.12963866389833423,0.14520912500243624,0.0007236466034187158,0.020328698868300646
2019-03-11,2019,1932,0,0,63,10,-0.8723272399226545,-0.002180818099806636,-0.07489147909970371,0.17932866566960148,0.000344743254000659,0.02372192372911237
2019-03-12,2019,1932,0,0,63,15,-0.3870159828186913,-0.0009675399570467283,-0.06141151816204376,0.1770773299563758,0.0003640584368635452,0.039283922866841445
2019-03-13,2019,1933,0,0,66,7,-0.47917188027834734,-0.0011979297006958684,-0.030994727648005985,0.1720069064249249,0.0005400868463790701,0.022533539530928345
2019-03-14,2019,1933,0,0,65,17,-0.7758757619425358,-0.0019396894048563395,-0.05480904040729835,0.17598072499435227,0.0007138675945747102,0.035664379492703464
2019-03-15,2019,1934,0,0,65,10,0.39997208549490804,0.00099993021373727,0.020733960102912806,0.1633758267657173,0.00030321997885183257,0.034406008262271956
2019-03-18,2019,1934,0,0,65,5,-0.4599034259053707,-0.0011497585647634269,-0.051302947043046665,0.17539200200894897,0.00028933484838413126,0.013299651021638412
2019-03-19,2019,1935,0,0,66,10,0.07356481363952094,0.00018391203409880236,-0.036095856528193165,0.17285555282287757,0.0004043752122365861,0.01367532255178228
2019-03-20,2019,1936,0,0,67,6,0.3323313804139456,0.000830828451034864,-0.02817528234311506,0.17153949554766132,0.0010305029020289283,0.019165162129983294
2019-03-22,2019,1936,0,0,66,8,0.24792122198649036,0.000619803054966226,0.04561576849677598,0.15922819827106746,0.0009929490955096585,0.009021254636246541
2019-03-25,2019,1936,0,0,65,13,-1.0110403762718696,-0.002527600940679674,0.006875761058253912,0.16568988466756712,0.000501289184600401,0.01861502222127155
2019-03-26,2019,1936,0,0,63,13,-1.1990067859135332,-0.002997516964783833,-0.13286538647312077,0.1890052725274057,0.0013822323565845522,0.04990905679719861
2019-03-27,2019,1936,0,0,61,7,0.38091768896124745,0.0009522942224031186,0.06139953955803645,0.15659154960898738,0.00034931299558268325,0.01890861892589065
2019-03-28,2019,1937,0,0,63,11,-0.8947979593434918,-0.0022369948983587294,-0.10591903811499705,0.18450949239227646,0.00064720212685829,0.061270378294814735
2019-03-29,2019,1937,0,0,64,3,-0.3493358474445565,-0.0008733396186113912,-0.09276916597928757,0.18231349232982413,0.0005432294452509612,0.02174460505274106
2019-04-01,2019,1937,0,0,63,5,-0.5473045530642997,-0.0013682613826607492,-0.07098735143390611,0.17867806970195949,0.0004258508630356549,0.06294168718199471
2019-04-02,2019,1937,0,0,63,7,0.26776880270500736,0.0006694220067625184,-0.02859841587073972,0.17159312926480105,0.00033595772556136393,0.06262648369768825
2019-04-03,2019,1937,0,0,63,8,1.0677966849565896,0.002669491712391474,0.07327879259378689,0.1546063233924316,0.0003378184111645907,0.02600676593562321
2019-04-04,2019,1937,0,0,65,7,0.7084350326400846,0.0017710875816002113,0.03302463670311992,0.16132377743379345,0.00030573143804540437,0.012736052359726375
2019-04-05,2019,1937,0,0,64,8,0.7717594978047067,0.0019293987445117666,0.05428959917267047,0.1577659741848991,0.00033979630433376556,0.03466489592742184
2019-04-08,2019,1937,0,0,63,9,0.8944163450527916,0.0022360408626319788,0.08573445519184497,0.15252921411985218,0.0002476885622493752,0.01721426555274304
2019-04-09,2019,1937,0,0,64,13,1.0896003461801302,0.0027240008654503254,0.13173730833230118,0.1448484019079621,0.00033128438314109914,0.02488213726262024
2019-04-10,2019,1938,0,0,63,9,0.11176206763855465,0.0002794051690963866,-0.02048233538428996,0.17024688980361427,0.00027869331756695005,0.014246642164466944
2019-04-11,2019,1938,0,0,66,8,-2.0507947138161313,-0.005126986784540329,-0.18799015432829286,0.19820118750989402,0.0008588919443192972,0.015358364519619453
2019-04-12,2019,1938,0,0,65,9,0.7895736908277962,0.0019739342270694905,0.05492416296413142,0.15766838159669222,0.00033075861329308895,0.0318185801353933
2019-04-15,2019,1938,0,0,64,22,0.030222239052101862,7.555559763025466e-05,0.01344338409132314,0.16458677814824285,0.00039781128621407217,0.02623424699029619
2019-04-16,2019,1938,0,0,65,11,-0.3512199658543893,-0.0008780499146359733,-0.0472652366418223,0.17472317474971621,0.0006588566480863159,0.011555873279735299
2019-04-17,2019,1938,0,0,65,9,2.700883368964688,0.006752208422411719,0.23286801128809462,0.12798194322493917,0.00031513291716328247,0.01421629490203894
2019-04-18,2019,1938,0,0,65,14,0.7963838945611341,0.0019909597364028355,0.14195895084949203,0.14314436391779156,0.00025959119292800646,0.01837881822433061
2019-04-19,2019,1938,0,0,65,16,-0.09829661406885937,-0.0002457415351721484,0.033787600348671815,0.1611869299962456,0.0002194944239140911,0.02576899936390864
2019-04-22,2019,1938,0,0,64,13,0.0728878995243386,0.0001822197488108465,0.047346768180587084,0.1589367443798435,0.0003504799649301644,0.022464454462621224
2019-04-23,2019,1938,0,0,63,5,-0.1443567550306586,-0.00036089188757664647,0.020390382741824933,0.16343171672743614,0.00037097516052597034,0.022221837231745013
2019-04-24,2019,1938,0,0,64,18,-0.08568496650695376,-0.0002142124162673844,-0.013602260440312817,0.1691024060417657,0.0004227202046682064,0.02332379952027893
2019-04-25,2019,1938,0,0,64,14,-1.4476763788509643,-0.0036191909471274108,-0.10550912016757369,0.18443965176128957,0.0009408763468518506,0.007420613397971293
2019-04-26,2019,1938,0,0,64,8,0.29332277620510894,0.0007333069405127723,-0.03773629753445208,0.17313275251747479,0.0007205919323399482,0.009073829607237793
2019-05-07,2019,1938,0,0,63,10,-0.04850584642236555,-0.00012126461605591388,-0.006372682170874795,0.16790076185607383,0.0009431785421703774,0.0058472656115367136
2019-05-08,2019,1938,0,0,63,8,-0.27883451215299165,-0.0006970862803824791,0.0036902655261681436,0.16621844415303072,0.0008201763893402532,0.03419820371549327
2019-05-09,2019,1938,0,0,63,12,1.0831644472615296,0.002707911118153824,0.012405728682354577,0.1647672125447227,0.0013809231652800826,0.03382592184318528
2019-05-10,2019,1938,0,0,64,20,0.635947067712708,0.00158986766928177,0.004402442396259486,0.16610214017049552,0.0009955784801657954,0.015604964237204116
2019-05-13,2019,1938,0,0,62,7,0.6878961421410434,0.0017197403553526087,0.04107434518146566,0.15998422850537233,0.0012625069297186322,0.024326664014512448
2019-05-14,2019,1938,0,0,61,17,0.21348790320836641,0.000533719758020916,0.052365211681756306,0.15809831766789792,0.001017916542549459,0.028872435669946975
2019-05-15,2019,1938,0,0,61,11,-0.6297289673474524,-0.0015743224183686311,-0.012307370494028864,0.1688895883734647,0.0006437831097769017,0.029682387532615345
2019-05-16,2019,1938,0,0,61,11,0.7950645429295194,0.0019876613573237985,-0.00022695560547455988,0.16687158370176508,0.0004468019866559527,0.019650297720439778
2019-05-17,2019,1938,0,0,60,5,-0.5750162860989584,-0.001437540715247396,-0.057953887830793575,0.17650354513093316,0.0003732183965402062,0.02260144311402644
2019-05-20,2019,1938,0,0,61,8,-0.47162855658185054,-0.0011790713914546264,-0.04463017313414362,0.17427606606473067,0.00032229614061537456,0.024407282801908042
2019-05-21,2019,1938,0,0,61,9,2.492903240710684,0.0062322581017767095,0.15975295994719452,0.14018045590840444,0.00038524317006625574,0.014015382880816687
2019-05-22,2019,1938,0,0,60,7,-0.47845157115833514,-0.001196128927895838,0.009976526389424634,0.1651682483450208,0.0003072658933257835,0.00845267844414539
2019-05-23,2019,1938,0,0,61,2,0.394511016940107,0.0009862775423502674,0.051866380646882614,0.15817724024617066,0.0003804568493608532,0.031181125869596697
2019-05-24,2019,1938,0,0,60,5,-0.16421123236939417,-0.0004105280809234854,0.003063087230089684,0.16632344509208907,0.0004023188377906715,0.019860836663047353
2019-05-27,2019,1938,0,0,60,11,-0.8007422686317165,-0.002001855671579291,-0.06456381669216019,0.17760534989171387,0.00039398217484603925,0.010039971184945177
2019-05-28,2019,1938,0,0,60,0,2.78845957880273,0.006971148947006825,0.25131110284975333,0.12490670020980008,0.0003680948212128365,0.015354592229013437
2019-05-29,2019,1938,0,0,60,7,0.447675753785439,0.0011191893844635975,0.07770328771324302,0.15387104438893065,0.000367558959578621,0.039611175328413156
2019-05-30,2019,1938,0,0,59,11,0.39512202756726333,0.0009878050689181583,0.10165391455446508,0.1498777975940625,0.0006574892165339216,0.018825335429362447
2019-05-31,2019,1938,0,0,59,2,-3.101184615901237,-0.007752961539753093,-0.2441322883853882,0.207567690592773,0.0007270196006730598,0.015645292149298953
2019-06-03,2019,1939,0,0,58,5,-1.3999945231858564,-0.003499986307964641,-0.16944616310481334,0.19510846756445702,0.001670486407102843,0.028262799155918193
2019-06-04,2019,1939,0,0,58,3,-1.0944709428451924,-0.002736177357112981,-0.036501691428548755,0.17291990796577855,0.0004609871543461255,0.02900622984723936
2019-06-05,2019,1939,0,0,57,5,-0.2991458114140979,-0.0007478645285352448,-0.01944376000188987,0.17007751032772647,0.0005608085511762433,0.035685280320647134
2019-06-06,2019,1939,0,0,59,7,0.12055386765513498,0.00030138466913783745,-0.03760281197551903,0.17310915006309968,0.0006895207758512432,0.030965246260245466
2019-06-07,2019,1939,0,0,59,13,0.7457850112060918,0.0018644625280152293,0.06380688696360191,0.15618312201532794,0.00028349041482662,0.04741087614368682
2019-06-10,2019,1939,0,0,59,14,-0.06201668264010973,-0.00015504170660027433,-0.023242359722718597,0.17070969082442056,0.0003684354989633494,0.04923496579499942
2019-06-11,2019,1939,0,0,61,5,-1.622718274780337,-0.004056795686950843,-0.20815592459958404,0.20156295824152362,0.0005624099151269059,0.012589831589602512
2019-06-12,2019,1940,0,0,62,7,-0.5332042246916326,-0.0013330105617290816,-0.0063525927177343,0.16788857210579872,0.00031351773796345215,0.07488236059086953
2019-06-13,2019,1940,0,0,62,15,-1.2711569206893414,-0.0031778923017233536,-0.13319999079858094,0.18905555696298007,0.00038744359904065113,0.017793363581885664
2019-06-14,2019,1940,0,0,59,14,0.8313899730601446,0.0020784749326503617,0.06336516952899342,0.1562656356709206,0.00044957025186347386,0.011997311567039308
2019-06-17,2019,1940,0,0,57,10,-1.1298555026015697,-0.0028246387565039246,-0.10541935430200527,0.18442527322650068,0.0008405161441895271,0.032582313485368136
2019-06-18,2019,1941,0,0,58,10,-0.6873908038402132,-0.001718477009600533,-0.0346970466339443,0.17261684534615016,0.00038869965723752287,0.0814548639977806
2019-06-19,2019,1942,0,0,58,15,-0.5953974520795114,-0.0014884936301987786,-0.0765681815112912,0.17961039040798762,0.0004863972607328318,0.05246509112614129
2019-06-20,2019,1942,0,0,57,10,-0.3457300249146641,-0.0008643250622866602,-0.007990052889881239,0.16816250103156954,0.00028011176975400017,0.020841297125681307
2019-06-21,2019,1942,0,0,57,14,0.18882963789607599,0.00047207409474019,0.05094306580275011,0.15832864832094454,0.00027431597263237613,0.017142158805469303
2019-06-24,2019,1942,0,0,57,19,0.3883102048723994,0.0009707755121809986,0.0012863497700226403,0.16662065786631614,0.0004343215003275142,0.014092135323554557
2019-06-25,2019,1942,0,0,57,14,1.0809470251467928,0.002702367562866982,0.06865259857625165,0.15538283305655298,0.0005333570190551052,0.007833379650209006
2019-06-26,2019,1942,0,0,57,29,-0.17413209585305492,-0.0004353302396326373,-0.007625549256556766,0.16810197951978859,0.00037387983918872977,0.015402360360170852
2019-06-27,2019,1943,0,0,57,2,0.1664441148786091,0.0004161102871965228,-0.008005762486833871,0.1681737196797142,0.0008353353666962223,0.034942698916092044
2019-06-28,2019,1943,0,0,57,11,-0.5036217678970132,-0.001259054419742533,-0.0357574967446824,0.17279821848079752,0.0002874418975207686,0.046486769628537976
2019-07-01,2019,1943,0,0,58,26,-2.345243765197017,-0.005863109412992542,-0.2075145574821349,0.20145536736100084,0.0006284732056940846,0.0908724518574813
2019-07-02,2019,1943,0,0,57,8,1.3071596871907067,0.0032678992179767667,0.09926458964189279,0.1502731852068241,0.0002453183364017135,0.17541805990059386
2019-07-03,2019,1943,0,0,57,3,0.3423096143669506,0.0008557740359173765,0.06701854755726576,0.15564404815082644,0.00025485434435984055,0.042946299736424755
2019-07-04,2019,1943,0,0,58,6,0.05559154217013673,0.00013897885542534183,-0.0034921164742675124,0.1674157146674072,0.00046985593081064745,0.0328456064609391
2019-07-05,2019,1943,0,0,55,6,0.4668853254023445,0.0011672133135058613,-0.017676040033084026,0.16978206433001622,0.00034048570027322034,0.06096277986810148
2019-07-08,2019,1943,0,0,54,1,0.32027728733385374,0.0008006932183346343,0.031646343761351566,0.1615521882934005,0.00026652509275181717,0.01857595650979434
2019-07-09,2019,1943,0,0,53,3,-0.21581127462972693,-0.0005395281865743174,0.0134840148795157,0.1645844692681957,0.0003273703791791023,0.02072419905000067
2019-07-10,2019,1943,0,0,54,6,0.2925065749642819,0.0007312664374107047,0.05244694100632222,0.15808242036628248,0.000394872968231824,0.21976617448521424
2019-07-11,2019,1943,0,0,55,4,-0.004122949673802001,-1.0307374184505002e-05,-0.025692814531803145,0.17111717098792442,0.0005638354629280123,0.01033210999290403
2019-07-12,2019,1943,0,0,52,1,-0.05350575926561624,-0.00013376439816404059,0.028495890636582363,0.16207707166399798,0.00028781646463996207,0.010895275760798458
2019-07-16,2019,1943,0,0,51,4,-0.5320709261248853,-0.001330177315312213,-0.057971762288778386,0.17650994970079434,0.0009717795558614746,0.012461836525909667
2019-07-17,2019,1943,0,0,54,3,0.6271911806338535,0.0015679779515846337,0.05839873109403791,0.15709486499449954,0.0005261947996168628,0.009024852052141734
2019-07-18,2019,1944,0,0,55,16,-0.9588856327787283,-0.002397214081946821,-0.08565977860251715,0.18112369361858688,0.0003101461994366708,0.02866796717773505
2019-07-19,2019,1944,0,0,54,10,-0.40529026433146753,-0.0010132256608286689,-0.012505446595622501,0.16892082765920566,0.0002163757253882331,0.015296159720404181
2019-07-22,2019,1944,0,0,54,7,0.2008120543294587,0.0005020301358236467,-0.05170283587943091,0.17545492798209206,0.0002485190344097558,0.03306458570007044
2019-07-23,2019,1944,0,0,54,8,0.00156068770307638,3.9017192576909495e-06,-0.03194699467237869,0.17215965594058594,0.00025290329339982496,0.010972602474623217
2019-07-24,2019,1944,0,0,54,9,-0.6307321820962648,-0.001576830455240662,-0.037083014484920004,0.17301365685571046,0.00033744342662466245,0.013292733881153393
2019-07-25,2019,1944,0,0,54,10,-0.7984626566098199,-0.0019961566415245494,-0.0681454994367768,0.17819950569046866,0.0003383395953779173,0.03329908943859716
2019-07-26,2019,1944,0,0,54,9,-0.34009820797196444,-0.0008502455199299111,0.021195747012786426,0.16329560083457914,0.00035358720230413773,0.03821630290152394
2019-07-29,2019,1945,0,0,54,7,-0.06404598457809763,-0.00016011496144524408,-0.02383535577859907,0.17080926701990473,0.0005165667998895022,0.02651710486236016
2019-07-30,2019,1945,0,0,55,15,-0.3144495215398696,-0.000786123803849674,0.020922931965033288,0.16333845982984108,0.00047283333762716096,0.007048733530949225
2019-07-31,2019,1945,0,0,56,7,-1.4005772871934017,-0.0035014432179835044,-0.15502473022010566,0.19270177506820724,0.0012707896165724641,0.012018384715196515
2019-08-01,2019,1945,0,0,55,8,-0.47175196466458047,-0.0011793799116614511,-0.055139067188783294,0.1760366038263895,0.0010137092787952475,0.01980403070444988
2019-08-02,2019,1945,0,0,56,25,0.8084196034399401,0.0020210490085998505,0.05190512563622329,0.15817200553472627,0.0003975551366544979,0.028124395381069138
2019-08-05,2019,1945,0,0,54,27,1.2294575758818236,0.003073643939704559,0.051532106285766335,0.15823510445020153,0.0006143122243457594,0.020008093729819657
2019-08-06,2019,1945,0,0,54,25,-0.14993308466985028,-0.0003748327116746257,0.0189030398290785,0.16367889930995394,0.0006108810676971683,0.010067464813050613
2019-08-07,2019,1945,0,0,55,13,-0.633366521676539,-0.0015834163041913473,-0.05291750505245544,0.17565336134719015,0.0005848947126931812,0.019451548264802044
2019-08-08,2019,1945,0,0,53,9,-2.705733092272479,-0.0067643327306811975,-0.17014793217515342,0.1952240000173487,0.0010443382659067575,0.01716528596898832
2019-08-09,2019,1946,0,0,54,4,1.9793106016748978,0.004948276504187245,0.1349149948742425,0.14432675260088554,0.0006548365160606958,0.018610348837121433
2019-08-13,2019,1946,0,0,54,4,1.2109169618377862,0.0030272924045944656,0.07656203251613149,0.15406253959435134,0.0005198443253448745,0.028815062944444067
2019-08-14,2019,1946,0,0,54,2,-0.08846055129821152,-0.0002211513782455288,-0.0010248965300560856,0.16700104464734697,0.0003303866114522792,0.01783373154240087
2019-08-15,2019,1946,0,0,54,8,-1.0666608453492405,-0.0026666521133731015,-0.06080025432952913,0.1769667090031983,0.00040898476048200017,0.05226631424930133
2019-08-16,2019,1946,0,0,54,23,-0.5865772295427636,-0.0014664430738569089,-0.002502277933824886,0.16725145498872884,0.00047298518148241193,0.051311615551018895
2019-08-19,2019,1946,0,0,54,2,-0.7767601395899877,-0.0019419003489749692,-0.10782144956429643,0.1848224580033381,0.00034626195100562863,0.0744695857774321
2019-08-20,2019,1946,0,0,54,1,0.28293924862186803,0.0007073481215546701,0.04276405808101103,0.15968220827809043,0.00028807320797907707,0.020329568564230877
2019-08-21,2019,1946,0,0,57,6,0.4076569739655511,0.0010191424349138777,0.03867865479388108,0.16036968096509824,0.00023954870027942897,0.020653197442723883
2019-08-22,2019,1946,0,0,57,15,-2.5019406946509393,-0.006254851736627348,-0.1899196235367958,0.1985231748686302,0.0006041742034860462,0.007904062225098195
2019-08-23,2019,1946,0,0,57,11,-0.28981977337159837,-0.0007245494334289959,0.014674165283970964,0.16438027080089532,0.00031279200294359496,0.0032473270836157007
2019-08-26,2019,1946,0,0,58,3,0.9104194736049103,0.0022760486840122758,0.043654821017380045,0.15954149585819863,0.0003300764720511752,0.10156900433550921
2019-08-27,2019,1946,0,0,54,8,-0.024414638977818703,-6.103659744454676e-05,-0.004479925981745685,0.16757267455631727,0.0003174861324303446,0.03350277012660367
2019-08-28,2019,1946,0,0,54,12,2.632188611766169,0.006580471529415422,0.25249434903515056,0.1247117508132372,0.0006293084820390153,0.0268295295504006
2019-08-29,2019,1946,0,0,53,17,-0.20784349274957625,-0.0005196087318739406,-0.03527887671814474,0.17272037534631718,0.0002926534563366827,0.012746494042191248
2019-08-30,2019,1946,0,0,53,2,0.04137766722924785,0.00010344416807311963,0.06142522436170389,0.15658197051111367,0.0002921727584375513,0.0315558655253334
2019-09-02,2019,1947,0,0,53,5,-1.1510444887900535,-0.0028776112219751336,-0.10294607072133882,0.18400734794658694,0.0002720523903225976,0.013933663795018208
2019-09-03,2019,1947,0,0,53,6,1.211409084900792,0.0030285227122519797,0.1705590404924232,0.13838192373672906,0.0005844817155671552,0.03341520366072175
2019-09-04,2019,1947,0,0,54,6,-0.5623096817301831,-0.0014057742043254579,-0.03974375909144643,0.17346043571699693,0.0002528642660989619,0.04021633822547708
2019-09-05,2019,1947,0,0,53,4,-0.15487413032633923,-0.00038718532581584806,0.02242023426538663,0.16309361726292246,0.0003373451875666862,0.027608941620633806
2019-09-06,2019,1947,0,0,52,11,4.979025214669695,0.012447563036674238,0.3236911402344326,0.1128323364244854,0.00046568670271088,0.023484848926183896
2019-09-09,2019,1947,0,0,51,21,1.752932051765929,0.004382330129414823,0.1922793840721454,0.13475791039612436,0.00046228684880419665,0.030948967301638472
2019-09-10,2019,1947,0,0,51,7,1.495976230585237,0.0037399405764630927,0.13839896670490281,0.14374257733706605,0.00034468682416781193,0.01865359804323839
2019-09-11,2019,1947,0,0,51,8,0.7502972358525071,0.0018757430896312677,0.1155827898295645,0.14755135058835833,0.0003382300115329636,0.05416371782793613
2019-09-12,2019,1947,0,0,50,7,-0.1601303944560325,-0.00040032598614008126,-0.04532569353880009,0.17438987005859508,0.0003871924206177337,0.017393515621208108
2019-09-13,2019,1946,0,0,50,8,-2.0039851618531963,-0.005009962904632991,-0.14130053708348633,0.190408285353625,0.0004968832094977662,0.01720171601427199
2019-09-17,2019,1945,0,0,50,11,0.1775007638395334,0.00044375190959883347,0.00196591457195853,0.16650872438910805,0.00029285168232072597,0.015445846772088991
2019-09-18,2019,1945,0,0,49,5,0.24615601068905785,0.0006153900267226447,-0.03477249816400029,0.17262913137779654,0.00034705828297817515,0.03064209453313739
2019-09-19,2019,1945,0,0,48,12,-0.14527520257991067,-0.00036318800644977666,-0.05417866868566,0.17587036256673413,0.0003602864688307482,0.01724325800323266
2019-09-20,2019,1946,0,0,50,11,0.16399067837415016,0.0004099766959353754,0.010702598859909356,0.16504506822421489,0.00022894573721783562,0.013376222630408701
2019-09-24,2019,1947,0,0,50,5,-1.3050335884779607,-0.0032625839711949017,-0.08766205178146719,0.18145832764002182,0.000264626114869491,0.014074784982630224
2019-09-25,2019,1947,0,0,50,4,0.5978989153817533,0.0014947472884543833,0.0013370505577088286,0.16661378495421808,0.0005750912083366506,0.012661965533695531
2019-09-26,2019,1947,0,0,51,12,0.8550101089179996,0.002137525272294999,0.024105927446222353,0.16281423147009813,0.00044237121215571134,0.011566012816946844
2019-09-27,2019,1948,0,0,51,6,1.451615019532818,0.003629037548832045,0.09898216878101537,0.15032313724890273,0.0006216193925691504,0.028201429848029876
2019-09-30,2019,1948,0,0,52,3,0.06539394441018143,0.00016348486102545355,-0.024492886097672358,0.17091912956855834,0.0003180199249552831,0.026889254572644603
2019-10-01,2019,1949,0,0,52,4,0.3919568215953362,0.0009798920539883405,0.023348367485710793,0.16294191465267224,0.0006631417830441494,0.03737837905874081
2019-10-02,2019,1949,0,0,52,8,-0.09866363200529937,-0.00024665908001324845,-0.03146012576213498,0.17207832098913492,0.0002592638319341231,0.023046384688096534
2019-10-03,2019,1949,0,0,52,2,-0.27133121276310496,-0.0006783280319077624,0.037016182535953686,0.1606484120719342,0.00028349025942916295,0.024814840830276966
2019-10-04,2019,1949,0,0,50,3,0.3422461538244024,0.000855615384561006,0.07070709460532583,0.15503801423121782,0.0004418012641687019,0.015468453053697593
2019-10-07,2019,1949,0,0,49,5,-0.5446550002075007,-0.0013616375005187516,-0.06788762091729769,0.17815431831044068,0.00023171296019446248,0.011386113914220659
2019-10-08,2019,1950,0,0,52,12,0.469822963353124,0.0011745574083828101,0.06987252300509601,0.15517217124720253,0.00034333631392515185,0.02075296966355445
2019-10-09,2019,1951,0,0,56,8,-0.14128370789468414,-0.00035320926973671034,-0.046372752689538985,0.17456486759264034,0.0003233135235097519,0.014804957402140094
2019-10-10,2019,1951,0,0,58,14,0.004616371387177409,1.1540928467943523e-05,-0.03280805555348446,0.17231052926886228,0.0006067345816155868,0.05334045384933815
2019-10-11,2019,1951,0,0,58,9,-0.29500636950037396,-0.0007375159237509349,-0.025209862760759538,0.17103849958432618,0.00043302769805274327,0.12491638773832385
2019-10-15,2019,1951,0,0,57,10,-0.16881046159729388,-0.0004220261539932347,-0.012267814127680153,0.16887914321656386,0.00031597098181548866,0.01855886229482332
2019-10-16,2019,1951,0,0,56,7,-1.1956908328485776,-0.002989227082121444,-0.09378377411781752,0.18247773265518014,0.0003053319914445735,0.008153073830156057
2019-10-17,2019,1951,0,0,56,7,-0.3054084214572639,-0.0007635210536431597,-0.018618420402528917,0.1699349435259856,0.0003166748181921988,0.014197314190174804
2019-10-18,2019,1951,0,0,56,5,-0.7550907877318941,-0.0018877269693297351,-0.021383811500772835,0.1704011204153301,0.0003187434208399337,0.02780236661480861
2019-10-21,2019,1951,0,0,57,10,-0.5462056507719252,-0.001365514126929813,-0.05100491075120646,0.17533764360291978,0.00032957680016546697,0.04962442318557604
2019-10-23,2019,1951,0,0,57,10,0.9062896656621467,0.002265724164155367,0.07588684668576443,0.15416514688770333,0.00024564718739935053,0.011683642157530226
2019-10-24,2019,1951,0,0,58,7,1.009432610251906,0.002523581525629765,-0.03725867042228467,0.1730484297234918,0.00034642739721535784,0.02458803544810582
2019-10-25,2019,1952,0,0,58,17,0.011226134447113179,2.8065336117782946e-05,-0.06664213839228607,0.17795145696413858,0.0003242973781363937,0.015341254435553387
2019-10-28,2019,1953,0,0,60,12,-0.3828614697288911,-0.0009571536743222278,0.047436269915729024,0.15892048803028797,0.0006014496171958703,0.03261217140843711
2019-10-29,2019,1953,0,0,59,14,-0.8099462530946089,-0.0020248656327365223,-0.026457214284901043,0.1712468238117737,0.0005609525835260048,0.010214788318853094
2019-10-30,2019,1954,0,0,59,2,0.8631109201745412,0.002157777300436353,0.030421561215059473,0.16175977249597984,0.0005498277799511848,0.01846876577253792
2019-10-31,2019,1954,0,0,59,6,0.31595140519082454,0.0007898785129770614,0.06727313604264695,0.15561118401136556,0.0006568103781139459,0.06842485176811901
2019-11-01,2019,1955,0,0,63,8,0.42017883318014754,0.001050447082950369,0.045142445049307325,0.15929903193320885,0.0004440359888083521,0.018547747955015726
2019-11-05,2019,1955,0,0,63,18,-0.13587737418213391,-0.0003396934354553348,-0.045171155873486316,0.1743675103977782,0.0004348304285938037,0.02507196213780001
2019-11-06,2019,1955,0,0,61,17,-0.011186570530958943,-2.796642632739736e-05,-0.006805769055065884,0.16796451544068255,0.0005695961647234353,0.014338510536580836
2019-11-07,2019,1955,0,0,62,15,1.2091896369081638,0.0030229740922704095,0.04574665736306433,0.1592028183881769,0.0006089871149071676,0.008568114790795662
2019-11-08,2019,1955,0,0,61,16,-0.3366647077896066,-0.0008416617694740166,-0.03251917819745622,0.1722565376366886,0.00035842633697321475,0.008555110405638063
2019-11-11,2019,1955,0,0,61,11,0.698715929998375,0.0017467898249959373,0.0463943592308173,0.15909452841404711,0.0004924208732184148,0.03512477733202227
2019-11-12,2019,1955,0,0,61,16,-0.5023238049156242,-0.0012558095122890607,-0.011385011496639782,0.16873519762115963,0.0006615872004804227,0.015389706370082506
2019-11-13,2019,1955,0,0,61,8,0.6263868812209086,0.0015659672030522715,0.0140603273945076,0.16448884228835892,0.0005810523614504895,0.02371992711029773
2019-11-14,2019,1955,0,0,61,4,0.5391836493937472,0.001347959123484368,0.03608844565517316,0.16081181643236164,0.00037962414282187527,0.023594420683044248
2019-11-15,2019,1955,0,0,61,15,-0.17433429097252617,-0.0004358357274313154,-0.07776129853742456,0.17980385414652583,0.00030986960745936276,0.008524594384108374
2019-11-18,2019,1955,0,0,61,14,0.2151433925530507,0.0005378584813826268,0.02409512396215989,0.1628137079987648,0.00034621098917982747,0.01084375638663073
2019-11-19,2019,1955,0,0,61,7,-0.35211134455303233,-0.0008802783613825808,-0.04198984191465507,0.17383395672340793,0.00024739006690037874,0.010601035529754211
2019-11-20,2019,1955,0,0,60,5,-0.3375225149286956,-0.000843806287321739,-0.026785669989438522,0.1712932057767546,0.0002660919109495084,0.024438277754772333
2019-11-21,2019,1955,0,0,58,1,1.943586766797765,0.004858966916994413,0.19758487206973985,0.1338711611974057,0.0003643898161439714,0.014882505610887903
2019-11-22,2019,1955,0,0,58,6,-0.40235393742738385,-0.0010058848435684595,-0.014375718593517179,0.16922985890667266,0.0002939623900068462,0.005782099739649516
2019-11-25,2019,1955,0,0,58,10,0.38350955711474044,0.0009587738927868511,0.026000448370833002,0.16249463732382852,0.00030396932490240784,0.010117198141062548
2019-11-26,2019,1955,0,0,59,1,0.05804456459781343,0.00014511141149453358,0.02396802485849323,0.16283203454778153,0.00025534606781271095,0.015396406360139624
2019-11-27,2019,1955,0,0,58,6,-0.4292132741404183,-0.0010730331853510459,-0.016693471932645358,0.16961133204568998,0.00022887740078124006,0.006483034598979307
2019-11-28,2019,1955,0,0,58,7,-0.24632798097232,-0.0006158199524308,0.01881168211612445,0.1636950063900371,0.00030022118387784306,0.015225844581655476
2019-11-29,2019,1955,0,0,58,1,-0.6872599357721187,-0.001718149839430297,-0.04819232359619565,0.17487400576257747,0.0003146637801214072,0.015593393306337118
2019-12-02,2019,1955,0,0,57,17,-0.42668611577313187,-0.0010667152894328297,-0.028112047033178166,0.17151691434625385,0.0002735574191003468,0.011875789510337135
2019-12-03,2019,1955,0,0,55,9,-1.2280277558157036,-0.003070069389539259,-0.073562711821436,0.17910499291546794,0.00032139391780375086,0.028844148477590682
2019-12-04,2019,1955,0,0,55,14,0.5171208590842616,0.001292802147710654,0.022443452328778153,0.16308489261501288,0.00023254543872490766,0.02166808465902514
2019-12-05,2019,1955,0,0,55,6,0.18818946834654315,0.00047047367086635786,-0.020243775548683018,0.17020716828194044,0.00033191991338974976,0.010581181615563
2019-12-06,2019,1955,0,0,54,3,0.4757822140402036,0.001189455535100509,0.06705484306973557,0.15563537343101036,0.00023425403391145975,0.003971359443958247
2019-12-09,2019,1955,0,0,54,8,1.0901831717874828,0.002725457929468707,0.07048368349541836,0.15507111508047386,0.00026747297292501116,0.017775543658717724
2019-12-10,2019,1956,0,0,54,6,0.19230732618963353,0.00048076831547408383,0.020656798540243486,0.1633831469947575,0.0002876005019666214,0.009823500959161909
2019-12-11,2019,1957,0,0,55,7,-0.12765199165175112,-0.0003191299791293778,-0.04229861219026284,0.17389128922596317,0.0004825832298161963,0.006973265948091374
2019-12-12,2019,1958,0,0,55,1,0.3499330376624576,0.000874832594156144,0.03802478144508371,0.1604838866649994,0.0003467529004169993,0.02944731903190813
2019-12-13,2019,1958,0,0,54,6,0.7872021539937483,0.001968005384984371,0.05950257120370553,0.15690022353313704,0.000449499791186242,0.021885863839581448
2019-12-16,2019,1960,0,0,56,15,0.41774245061193604,0.0010443561265298402,-0.013708029680548385,0.16911716319818973,0.00036331619030689094,0.004279774428298831
2019-12-17,2019,1962,0,0,58,10,0.6967893361371209,0.0017419733403428023,0.05373176261579713,0.1578668642670575,0.00028508417568487215,0.01104311170500917
2019-12-18,2019,1964,0,0,59,6,0.1922463642169605,0.0004806159105424013,0.01799880646550725,0.1638249149712898,0.0003216231850693945,0.03321603328237665
2019-12-19,2019,1965,0,0,56,13,0.7633074506217397,0.001908268626554349,0.06703331394761076,0.15564810484177008,0.000295969563150753,0.008329135280256972
2019-12-20,2019,1965,0,0,56,5,-0.13808522475250679,-0.00034521306188126696,-0.009850089331370026,0.16846495919202265,0.00019943912469112357,0.004574063468860282
2019-12-23,2019,1965,0,0,56,12,0.2355287361509718,0.0005888218403774295,0.016642926326696957,0.16405355477274416,0.00032815315513057784,0.009580042873519327
2019-12-24,2019,1965,0,0,56,8,0.10965607626835783,0.0002741401906708946,-0.015901488639328613,0.16948533046915604,0.00026031606511194016,0.007381643500521813
2019-12-25,2019,1966,0,0,57,12,-0.3419341518508634,-0.0008548353796271585,-0.00038512582492739484,0.16689573015463424,0.00034877327405124885,0.008246523500927937
2019-12-26,2019,1966,0,0,58,9,-0.016050997596363636,-4.012749399090909e-05,-0.02465821672468166,0.17094680004033896,0.0003444860815832268,0.044829081044530365
2019-12-27,2019,1966,0,0,57,18,0.11578639111484801,0.00028946597778712,0.008172098046034575,0.16547259882597648,0.000616505465394441,0.011357574185759833
2019-12-30,2020,1966,0,0,57,11,0.7239404525813122,0.0018098511314532807,0.11057004401489329,0.1483887026428547,0.0004917775796035175,0.007546389534228539
2020-01-06,2020,1966,0,0,56,10,-1.1788808225996035,-0.0029472020564990085,-0.10917365470152803,0.18505012532095935,0.0005784705579142916,0.027910532589463556
2020-01-07,2020,1966,0,0,56,6,0.18455001426421935,0.0004613750356605484,0.034217732351928015,0.1611272197645307,0.0004855885690779017,0.023909417351293566
2020-01-08,2020,1966,0,0,55,11,0.5371542567954707,0.0013428856419886767,0.022983430146307535,0.16299476436983512,0.0004293941187536733,0.08704585325569564
2020-01-09,2020,1966,0,0,51,8,0.6395802017445495,0.0015989505043613739,0.017003200354357397,0.1639964442364132,0.0005695207733535957,0.04908792545919068
2020-01-10,2020,1966,0,0,50,6,0.3999461843695673,0.0009998654609239183,0.004417095778715398,0.16608706912684923,0.0004221002935658286,0.013970226094808866
2020-01-14,2020,1966,0,0,48,3,0.6028351016676831,0.0015070877541692076,0.0558281223432847,0.15751702838997111,0.000308336919325929,0.009182016522905734
2020-01-15,2020,1966,0,0,48,5,-0.4623596438344645,-0.0011558991095861613,-0.14303298440010745,0.19068358561696236,0.00023875736592035123,0.0073714149102749125
2020-01-16,2020,1966,0,0,48,5,-0.09457784608591302,-0.00023644461521478256,0.00012845937944459303,0.16680712883939663,0.0002750576259487042,0.03343997147742796
2020-01-17,2020,1966,0,0,48,12,-0.302728600443706,-0.000756821501109265,0.03501581976563871,0.16098586688569488,0.0002692584172792728,0.0055316989837410555
2020-01-20,2020,1966,0,0,49,2,0.06100956746591957,0.0001525239186647989,-0.00213678553961114,0.16718603685030908,0.0002527369928890186,0.013476624300767365
2020-01-21,2020,1966,0,0,50,12,0.17160299533676082,0.00042900748834190204,0.01377304352135207,0.16453693047131537,0.0003281986184574317,0.0405548786633406
2020-01-22,2020,1966,0,0,50,6,-0.10056614967593447,-0.0002514153741898362,0.06477445729950236,0.15602348161597546,0.0003522334391121977,0.026306219690717204
2020-01-23,2020,1966,0,0,50,9,-1.2705161968632748,-0.003176290492158187,0.02405430736597591,0.16282292843630586,0.0007949886056441794,0.031527884157147995
2020-01-24,2020,1966,0,0,47,7,0.7288521882172118,0.0018221304705430294,0.057419198590493284,0.15725329020005202,0.000346486989798523,0.012574230132053608
2020-01-27,2020,1966,0,0,46,6,-2.353569119541857,-0.005883922798854643,-0.19624678809841137,0.1995722761832834,0.0003830461469756759,0.01867207054401292
2020-01-28,2020,1966,0,0,45,4,1.3646843432605285,0.003411710858151321,0.0956939789343522,0.15087067730489734,0.0007184128885728388,0.019808694659961858
2020-01-29,2020,1966,0,0,45,4,-0.43853012720393747,-0.0010963253180098437,-0.010044671167203225,0.1685099480108355,0.0005758121325602178,0.02156353029948124
2020-01-30,2020,1966,0,0,44,8,1.485363487588842,0.003713408718972105,0.12254451894032913,0.146389821074117,0.0005281596971043705,0.020832287424329268
2020-01-31,2020,1966,0,0,44,2,1.0773847824479288,0.002693461956119822,0.09370333518922275,0.15120080784402576,0.0005500436507827776,0.013526488285015579
2020-02-03,2020,1966,0,0,41,3,-0.2858355809965276,-0.000714588952491319,-0.029554406474085918,0.17176147305440803,0.0005064092202022988,0.03406008351698132
2020-02-04,2020,1966,0,0,41,2,2.135563025428922,0.005338907563572305,0.21817018285538065,0.13043664102114136,0.0006653014716817632,0.040542943601934514
2020-02-05,2020,1966,0,0,42,0,-0.3867771481054837,-0.0009669428702637092,-0.07738139602530625,0.17974389330991455,0.000496162486291417,0.017928139228339766
2020-02-06,2020,1966,0,0,39,1,-1.038147046806273,-0.0025953676170156824,-0.11493875620613705,0.18600904635450483,0.0005177338960726015,0.013535385799338029
2020-02-07,2020,1967,0,0,41,0,0.631906083895788,0.0015797652097394698,0.06686826510309028,0.15567722250679808,0.0005536049128407379,0.01563492848961845
2020-02-10,2020,1967,0,0,39,1,0.4014923242243629,0.0010037308105609072,0.06052285413844866,0.1567349641086719,0.0005732563517876231,0.011174045309813524
2020-02-12,2020,1967,0,0,40,6,0.5797578943049733,0.001449394735762433,-0.0009502391673778953,0.16699065184660736,0.0007053794899374167,0.012852969225835138
2020-02-13,2020,1967,0,0,40,5,0.010995811271711453,2.748952817927863e-05,0.005700005004801214,0.1658842471395091,0.0008452637953567291,0.008786408696672247
2020-02-14,2020,1967,0,0,39,8,-0.15407382070236153,-0.00038518455175590383,0.005646043805469627,0.16589354711514645,0.000624651778554482,0.009411781877159303
2020-02-17,2020,1967,0,0,39,4,0.11682374535506423,0.00029205936338766057,0.004572768839177587,0.16606772230644903,0.0004627886422523428,0.027011300973273908
2020-02-18,2020,1967,0,0,39,10,0.72887694230334,0.00182219235575835,0.06666609179182593,0.15570539628156171,0.0002577637010762162,0.01467761833440451
2020-02-19,2020,1967,0,0,40,15,-0.736458612761727,-0.0018411465319043174,-0.06356383964018432,0.17742895177561585,0.0002775545787567638,0.03174581511129904
2020-02-20,2020,1967,0,0,40,8,2.3388611655252154,0.005847152913813039,0.11147572981695716,0.14823801408477946,0.0017058802739613914,0.007900016519505369
2020-02-21,2020,1967,0,0,39,6,-1.6978032546423971,-0.004244508136605993,-0.13715139264985576,0.18971546887537574,0.0003725315559431379,0.005603058966216056
2020-02-25,2020,1967,0,0,39,26,-0.212626912290113,-0.0005315672807252825,-0.03048314524262589,0.17192183425502883,0.0008537297587942931,0.07778610140153552
2020-02-26,2020,1967,0,0,39,1,0.8356191753314786,0.0020890479383286966,0.07607842874212603,0.15414357135120743,0.0022959303116739595,0.015839204053999828
2020-02-27,2020,1967,0,0,40,32,0.6019211155676967,0.0015048027889192417,0.06557762994917173,0.155895362510692,0.0037034389821400935,0.08386636083580423
2020-02-28,2020,1967,0,0,40,36,1.018476893881155,0.0025461922347028874,-0.05980662387941161,0.17681373817415738,0.0015159942041764254,0.1493479653708349
2020-03-02,2020,1968,0,0,41,22,-1.382886139990211,-0.0034572153499755278,-0.08737629859136166,0.18140496996354974,0.0007375584408571775,0.14037355883645738
2020-03-03,2020,1968,0,0,41,37,1.068019304138395,0.0026700482603459873,0.0531984200858631,0.1579536450621629,0.0005659130848330356,0.02573664644247407
2020-03-04,2020,1968,0,0,43,0,0.9671766245161013,0.0024179415612902533,0.15721374112960024,0.14060713630269137,0.001229686492346328,0.013384763875856513
2020-03-05,2020,1968,0,0,43,3,3.0782953959835346,0.007695738489958836,0.2204040287740772,0.13006477008924772,0.004695564592285133,0.02317432455791576
2020-03-06,2020,1968,0,0,43,43,0.4880689525825339,0.0012201723814563347,0.05388607574922148,0.15784545590033824,0.003449652662893021,0.08152349750426345
2020-03-09,2020,1969,0,0,43,43,-2.6930860110644863,-0.0067327150276612156,-0.1710680623646813,0.1953751117211853,0.0034692729958514484,0.15424161933934166
2020-03-10,2020,1970,0,0,44,8,-1.35787927179749,-0.003394698179493725,-0.03398780207611919,0.172506308080015,0.005778513530033845,0.16022270483711124
2020-03-11,2020,1970,0,0,43,34,2.5764409332273814,0.006441102333068454,0.1344212454080568,0.14440964872799392,0.002037283706182157,0.051127757954463664
2020-03-12,2020,1970,0,0,42,42,2.1236244226360754,0.005309061056590189,0.08895185070017204,0.1519950836289867,0.003059628224692989,0.08272700525348668
2020-03-13,2020,1971,0,0,42,42,1.4202455923260935,0.003550613980815234,0.07753770385586546,0.1538996892232849,0.015364706386509537,0.1567834764793239
2020-03-16,2020,1971,0,0,42,7,-2.839940592200759,-0.007099851480501898,-0.05323251164172907,0.17571661936858968,0.002477799087223247,0.10226920981663586
2020-03-17,2020,1971,0,0,40,2,2.531929041386021,0.006329822603465053,0.0882358714313162,0.15211489299629602,0.004551381627403137,0.20749127092203098
2020-03-18,2020,1971,0,0,39,1,3.1269525389376787,0.007817381347344197,-0.05190322504395254,0.17549500945445148,0.00420609328366944,0.05757496968362944
2020-03-19,2020,1971,0,0,36,0,3.2384060903499545,0.008096015225874886,0.011891784896452533,0.16485184711936415,0.005157680349433555,0.05890122403202144
2020-03-23,2020,1971,0,0,35,3,6.466639605213526,0.016166599013033814,0.22429528956221428,0.12941533323923265,0.0045584618244492656,0.11970528731424748
2020-03-24,2020,1971,0,0,35,3,-0.1575808339912408,-0.00039395208497810196,-0.04113643377481741,0.17369822846382443,0.002077537135538827,0.15378573160241785
2020-03-25,2020,1971,0,0,35,4,2.220062704897182,0.005550156762242955,0.12251376265883585,0.14639607511263286,0.002672628499657655,0.28086201770811076
2020-03-26,2020,1972,0,0,36,8,0.6064763300959228,0.001516190825239807,0.029171983867121876,0.1619686205248026,0.0015130743067819368,0.027566716055402472
2020-03-27,2020,1972,0,0,35,10,-0.7143565889373646,-0.0017858914723434115,-0.13123107064030515,0.18872914492025178,0.0028610917954268785,0.1315162190848273
2020-03-30,2020,1973,0,0,35,2,1.389747771328409,0.0034743694283210225,0.02714880711097448,0.16230617230748817,0.001370648881132226,0.07290801501274695
2020-03-31,2020,1974,0,0,38,4,2.410579609807018,0.006026449024517545,0.12761363692563538,0.14554470292338906,0.0009489590074299071,0.045591871736464
2020-04-01,2020,1974,0,0,39,22,2.4391709167128703,0.006097927291782176,0.05123087666948803,0.15828733670570228,0.0008567744473950424,0.08706270205093929
2020-04-02,2020,1974,0,0,39,22,-1.61014236190415,-0.004025355904760375,-0.03325917504365792,0.1723843180171488,0.004466849404916465,0.058232146557862
2020-04-03,2020,1974,0,0,39,18,-2.5341362670817107,-0.0063353406677042765,-0.05302439136352026,0.17568159149733825,0.003166446305340566,0.08062661215652252
2020-04-06,2020,1974,0,0,39,7,-0.25838055079859235,-0.0006459513769964809,0.02601066557121933,0.16249434824586717,0.0015612554645692022,0.08457023455052408
2020-04-07,2020,1974,0,0,38,16,2.02919597549139,0.005072989938728475,0.14546838606662083,0.14256476111999275,0.001298917381014339,0.06932856465230643
2020-04-08,2020,1974,0,0,39,9,0.32776516750968177,0.0008194129187742044,0.07590745196660839,0.15417005132814937,0.000921277801490765,0.1434448393344773
2020-04-09,2020,1974,0,0,40,9,-1.975101006268382,-0.004937752515670955,-0.08204797410609546,0.1805229141770099,0.001260378677275591,0.3679836020967012
2020-04-10,2020,1974,0,0,42,7,0.35368108700653655,0.0008842027175163414,0.13520021006786037,0.1442785452970456,0.0008045080295930585,0.21145248797819924
2020-04-13,2020,1974,0,0,42,4,-2.6063777880867987,-0.0065159444702169965,-0.13685635184262646,0.1896668428637608,0.0014459990693924476,0.055589591403323736
2020-04-14,2020,1974,0,0,42,12,-2.1076113661747686,-0.005269028415436921,-0.07101932466149888,0.17868252872150045,0.0010658272361594447,0.07183354376011748
2020-04-15,2020,1974,0,0,43,9,-0.0015141712415710495,-3.7854281039276237e-06,-0.026408385987462663,0.1712388166495708,0.0007245507871338376,0.057630199330696075
2020-04-16,2020,1974,0,0,43,18,-1.3546357923681192,-0.0033865894809202977,0.0019983023618362758,0.16650042142593552,0.0008769011398955648,0.02780282309822448
2020-04-17,2020,1974,0,0,44,15,-3.0836607025536504,-0.007709151756384126,-0.2571297306286412,0.20973161089854947,0.0013002166557962462,0.02369744750991343
2020-04-20,2020,1974,0,0,45,8,-4.67618258533685,-0.011690456463342125,-0.2868342631271442,0.21468859071348498,0.0009710320988283179,0.021642304134489875
2020-04-21,2020,1974,0,0,45,10,3.639688113378378,0.009099220283445945,0.17719619596759345,0.1372724022517066,0.0016629766859524377,0.4754052850180456
2020-04-22,2020,1974,0,0,47,13,-1.387361212715413,-0.0034684030317885324,-0.07892256847462549,0.17999902628325778,0.0006170845275328886,0.052076747870549084
2020-04-23,2020,1974,0,0,47,9,0.4897186148814572,0.001224296537203643,0.05214913099916217,0.15813471238311355,0.0011886156492895783,0.030457864121475074
2020-04-24,2020,1974,0,0,47,16,0.5858706372229892,0.001464676593057473,0.06573053960507916,0.15586496683802742,0.0007983835414671683,0.01675488436419315
2020-04-27,2020,1974,0,0,47,11,3.662302381633972,0.00915575595408493,0.1400632733137864,0.14346755633967678,0.0010522455187337906,0.04798122968122095
2020-04-28,2020,1974,0,0,48,7,-1.7084861308802681,-0.00427121532720067,-0.1293309156659259,0.18841176621900085,0.00122267845734494,0.12243227718849822
2020-04-30,2020,1974,0,0,47,12,-1.36871728918957,-0.003421793222973925,-0.06388410767531193,0.1774915042860271,0.0009882153415267804,0.047599992139541504
2020-05-01,2020,1974,0,0,46,1,3.748845946635769,0.009372114866589423,0.2205337057240717,0.13004223263750594,0.0010466248522814762,0.01457807632734893
2020-05-07,2020,1974,0,0,47,3,3.6950504315626986,0.009237626078906746,0.27806487802264385,0.12044415093106314,0.0015472060463606351,0.017420066897846566
2020-05-08,2020,1974,0,0,48,4,-2.1336832303662048,-0.005334208075915512,-0.15008218572189752,0.1918696089771708,0.0008363137235087295,0.03262524460022887
2020-05-11,2020,1974,0,0,48,5,-0.9085100339685448,-0.002271275084921362,-0.11054007873537579,0.18527275099010396,0.0011286948349970018,0.03542756079084482
2020-05-12,2020,1974,0,0,46,4,-1.2030717057294154,-0.0030076792643235384,-0.0731864134572366,0.1790451654227047,0.0017372298190950033,0.01574017080482681
2020-05-13,2020,1974,0,0,46,2,-0.8178253436120901,-0.0020445633590302254,-0.017513181657761587,0.16975613397008424,0.0008703336449344793,0.022119060373284184
2020-05-14,2020,1974,0,0,46,0,-0.43520500096889947,-0.0010880125024222487,-0.011394985460849421,0.16873408633770257,0.0011263989508176683,0.04654944175592705
2020-05-15,2020,1974,0,0,47,1,2.4966750345516395,0.006241687586379099,0.22144490081501092,0.12988938526118282,0.0007148084192108568,0.030388222817324007
2020-05-18,2020,1974,0,0,46,2,-0.3434304263110004,-0.000858576065777501,-0.05208290021351615,0.17552114428727075,0.0006487811240533399,0.039839505964832045
2020-05-19,2020,1974,0,0,46,6,0.7377558539450834,0.0018443896348627085,0.05617281004418816,0.15745521060906295,0.0004496498213756173,0.025808303597752325
2020-05-20,2020,1974,0,0,46,8,0.03710440031462814,9.276100078657034e-05,-0.05177416369877903,0.17547052969905258,0.0005819440515637605,0.026621138172984636
2020-05-21,2020,1974,0,0,47,6,-0.5866040143600282,-0.0014665100359000705,-0.017625305625197686,0.16977531717686006,0.0008949951875461265,0.015774385424927078
2020-05-22,2020,1974,0,0,49,2,3.5955663505024837,0.00898891587625621,0.22610523407513625,0.12911253699429798,0.0008729888326988513,0.018346788338912193
2020-05-25,2020,1974,0,0,49,15,1.3608809926052543,0.003402202481513136,0.05340206342138579,0.15792301695085298,0.0007025025952884321,0.022367218274230303
2020-05-26,2020,1974,0,0,49,13,1.926196923106941,0.004815492307767353,0.03722981135123857,0.16062326759034812,0.0005506346205581702,0.01960805231760583
2020-05-27,2020,1974,0,0,49,24,3.3487663267521355,0.008371915816880338,0.14487711915040327,0.14266364374251275,0.0009159560268241923,0.019826211276451837
2020-05-28,2020,1974,0,0,49,28,1.8011456706374713,0.004502864176593679,0.08294687368591484,0.15299399081813436,0.000680551194344951,0.0176652802969847
2020-05-29,2020,1974,0,0,48,23,0.49991169640653244,0.0012497792410163311,-0.04429209792268606,0.17422385361710818,0.0007473982421238207,0.045504694309081176
2020-06-01,2020,1974,0,0,48,7,2.4103593187961296,0.006025898296990324,0.19816423275147768,0.1337719022236652,0.0004032713227576113,0.020849963998929084
2020-06-02,2020,1974,0,0,48,11,0.08684609064089016,0.0002171152266022254,-0.004888382417248181,0.16764122025079412,0.0005084089649494799,0.1066625650517489
2020-06-03,2020,1974,0,0,48,16,-1.4975491513846282,-0.0037438728784615705,-0.10560985410579092,0.18445223728690618,0.0005523780986240066,0.036150811019042564
2020-06-04,2020,1974,0,0,48,18,-0.3627408089780828,-0.000906852022445207,-0.04930375793171845,0.17506019496083752,0.0008415280544046784,0.020595064200461404
2020-06-05,2020,1974,0,0,46,15,1.7483743808488081,0.00437093595212202,0.16290854282166473,0.13965298585221983,0.00046351372261342063,0.026826038469543685
2020-06-08,2020,1974,0,0,45,14,-0.5283342658417219,-0.0013208356646043048,-0.010541706040559654,0.1685885180740453,0.0006173321798549225,0.02944241343514673
2020-06-09,2020,1974,0,0,45,35,4.208184199450676,0.010520460498626689,0.2967286089801628,0.11733040772931964,0.0013080055318661187,0.022529196593581942
2020-06-10,2020,1974,0,0,45,27,0.3108287379499024,0.000777071844874756,0.05377628987893955,0.15786336653913977,0.0007949996055596868,0.01722948880302414
2020-06-11,2020,1974,0,0,44,1,-0.5573391238403089,-0.0013933478096007723,-0.0026622135964793478,0.16727952092184728,0.0013414930588040918,0.06355560904134144
2020-06-12,2020,1974,0,0,44,0,0.10570559777092825,0.00026426399442732064,0.018568887086387497,0.16373762770354325,0.002584754635779711,0.03983806175341363
2020-06-15,2020,1974,0,0,44,0,-1.2680103571750285,-0.0031700258929375715,-0.06843717346365068,0.17825086463259968,0.0007275072160283627,0.041657344862747685
2020-06-16,2020,1974,0,0,44,4,-0.9888056878351145,-0.002472014219587786,-0.0924753515933224,0.18225456510134175,0.0007131842112090928,0.15631295910502171
2020-06-17,2020,1974,0,0,45,19,1.3540854134863654,0.0033852135337159132,0.04880164443873732,0.15869065553205539,0.0005190105337938951,0.07152436658239356
2020-06-18,2020,1974,0,0,45,17,-0.7156961570202637,-0.0017892403925506592,-0.07244725426612914,0.1789139142416895,0.00044980454059260843,0.029377755267545304
2020-06-19,2020,1974,0,0,46,5,0.3043339304782686,0.0007608348261956715,0.0214638467265561,0.1632466773895546,0.00031211538320816617,0.03237268325629293
2020-06-22,2020,1974,0,0,46,18,-0.4440550044105769,-0.0011101375110264423,-0.03545345624974668,0.17274769961892242,0.000516589479564914,0.026438118534461225
2020-06-23,2020,1974,0,0,45,15,0.3148251996360547,0.0007870629990901367,0.054119515367737236,0.15780464673259284,0.0005779533394398134,0.0200584614929212
2020-06-24,2020,1974,0,0,46,16,-1.905321234880226,-0.004763303087200565,-0.11793584745327587,0.18650937846227075,0.000658991383833212,0.037572696821441584
2020-06-25,2020,1974,0,0,45,8,-0.1315118077818962,-0.00032877951945474047,-0.024106910174015568,0.17085655278137188,0.0008366010900196978,0.024902117490225535
2020-06-26,2020,1974,0,0,44,15,1.5915086034322896,0.003978771508580724,0.16421566194171477,0.13943491660093615,0.0004901863173011982,0.07044982639886407
2020-06-29,2020,1974,0,0,43,18,0.8913727352285341,0.0022284318380713353,0.06877207039304535,0.15536142134074746,0.0006000017265914341,0.042781482581444
2020-06-30,2020,1975,0,0,44,22,1.5294890950363134,0.0038237227375907835,0.05089355342578708,0.1583422240008235,0.0007260260006735482,0.040302154058225216
2020-07-01,2020,1975,0,0,44,24,-0.06965106705239621,-0.00017412766763099053,0.016795190557904703,0.16403082706609623,0.0007912923710088552,0.04864050648397618
2020-07-02,2020,1975,0,0,44,13,0.3557623999092967,0.0008894059997732417,-0.03685323730848576,0.172983233837302,0.0012716780048370733,0.0794872298653612
2020-07-03,2020,1975,0,0,44,4,-2.007249355932828,-0.00501812338983207,-0.12802126142945522,0.188189647610204,0.0005582098963801207,0.028507487207966014
2020-07-06,2020,1975,0,0,44,2,-0.5596918958134598,-0.0013992297395336495,0.0254818652755966,0.16258218322293286,0.0005919079791878941,0.02706213787714934
2020-07-07,2020,1975,0,0,45,10,0.13452801941160075,0.00033632004852900187,0.05821695422494268,0.15711873388849132,0.0005598101314099976,0.04493643744860736
2020-07-08,2020,1975,0,0,46,3,-0.8710027138191303,-0.0021775067845478256,-0.005740518206174426,0.16779249171422975,0.0009693611988567546,0.052504429642354994
2020-07-09,2020,1975,0,0,44,2,-0.09037833356394209,-0.00022594583390985522,-0.006753698170269128,0.16796210645019602,0.0013567996259216133,0.03033028199194407
2020-07-10,2020,1976,0,0,45,5,0.10291755701234895,0.00025729389253087236,-0.034330290999627505,0.17255607971835718,0.0004786144478512707,0.0847026513018122
2020-07-13,2020,1976,0,0,45,1,0.4690397279187808,0.001172599319796952,0.09023818829195629,0.15177912459528767,0.0006965715368719462,0.02929366027146154
2020-07-14,2020,1976,0,0,45,3,0.41928287340039017,0.0010482071835009755,-0.0014181456806069425,0.16706892211424126,0.0006903094452193284,0.04753721469692443
2020-07-15,2020,1978,0,0,47,20,-0.5842201987644778,-0.0014605504969111946,-0.08274453260362898,0.18063732453713247,0.00047563721997277155,0.015686585018095577
2020-07-16,2020,1978,0,0,48,5,-1.1546988709558739,-0.002886747177389685,-0.08460061667842657,0.18094508767840392,0.000473738340585432,0.029493961481913977
2020-07-17,2020,1978,0,0,47,3,-0.15742740360136498,-0.00039356850900341245,0.03861352185672028,0.16038930218444183,0.0005264057291209993,0.014825225427410986
2020-07-20,2020,1978,0,0,47,13,0.11686234802093853,0.00029215587005234636,0.034248453497581384,0.1611188147533251,0.0004723231482091741,0.014677622245396343
2020-07-21,2020,1978,0,0,47,9,-0.8435239432400401,-0.0021088098581001,-0.0695092704788652,0.17842854946454567,0.0005521394923700628,0.04214067123689298
2020-07-22,2020,1978,0,0,47,7,-0.5863988188300568,-0.001465997047075142,-0.08085182852647212,0.18031967059207576,0.0005155135509546962,0.021852417470132734
2020-07-27,2020,1978,0,0,48,6,-1.660318017621813,-0.004150795044054533,-0.08885861634183373,0.1816590179288812,0.0008365821891236956,0.018160650273003662
2020-07-28,2020,1978,0,0,49,5,2.5190500670136977,0.0062976251675342446,0.1348142167762972,0.14434105786760915,0.0006922973282794853,0.02244142539007258
2020-07-29,2020,1978,0,0,50,5,1.2217343822163356,0.0030543359555408388,0.094695965086289,0.1510365500926481,0.0017054871083052726,0.2601169664880258
2020-07-30,2020,1978,0,0,49,4,-0.9022216593826862,-0.0022555541484567156,-0.065799929946959,0.17781247739729208,0.001841240749375565,0.07758215855219205
2020-07-31,2020,1980,0,0,51,10,-3.5809414339400307,-0.008952353584850076,-0.24382589918254122,0.20751233606215336,0.0024622555595569247,0.048038767372225344
2020-08-03,2020,1981,0,0,52,3,0.555846421535273,0.0013896160538381824,0.023172409444782514,0.16296367687964752,0.00060983530995625,0.03757538781568447
2020-08-04,2020,1981,0,0,52,2,-0.18634408479578723,-0.0004658602119894681,0.0028248143789144503,0.1663609289010831,0.0007415875987832909,0.090290390609342
2020-08-05,2020,1981,0,0,52,6,1.5239670536485168,0.003809917634121292,0.07298998600370656,0.15465401469042117,0.0009034348275883994,0.04198939134504526
2020-08-06,2020,1981,0,0,52,11,2.4546596195833343,0.006136649048958336,0.08775487798502256,0.1521941346964101,0.0018971716788463296,0.020304802540568132
2020-08-07,2020,1981,0,0,54,6,3.000827921357783,0.007502069803394458,0.20500260027947126,0.13263226985306437,0.0007941795197878392,0.019129125159228193
2020-08-11,2020,1981,0,0,55,0,0.5107197636269944,0.0012767994090674862,0.052306736062719246,0.15810477666337505,0.000690269532696616,0.030482335862753434
2020-08-12,2020,1981,0,0,55,0,1.255919683096907,0.003139799207742268,0.09350625372837232,0.15123257725249373,0.000533745629407247,0.02375308015967576
2020-08-13,2020,1981,0,0,54,3,-0.5389934121140852,-0.001347483530285213,-0.026043510263285035,0.17117652008178294,0.0006509034072221192,0.06574463610946174
2020-08-14,2020,1981,0,0,54,0,-1.5287564054386562,-0.0038218910135966403,-0.16253088906708607,0.19394600183737135,0.0005658534196598297,0.04835678500616273
2020-08-17,2020,1981,0,0,54,0,-0.7322846725589894,-0.0018307116813974737,-0.01140321910467376,0.1687310369461831,0.00047268504651094633,0.019517767179020717
2020-08-18,2020,1981,0,0,54,5,0.012637793385145812,3.159448346286453e-05,-0.02946162900919911,0.1717459454116216,0.0004818862037109539,0.06417989598138531
2020-08-19,2020,1981,0,0,54,3,1.139967866001044,0.0028499196650026096,0.019429418005600253,0.16358419647141675,0.00037676784552227765,0.023978646820211513
2020-08-20,2020,1982,0,1,55,9,-1.1354478407480513,-0.002838619601870128,-0.03839236172392365,0.17323511580605488,0.0004897996321472204,0.06998644815846887
2020-08-21,2020,1982,0,0,57,4,-2.699684710319034,-0.006749211775797585,-0.12639689869015577,0.1879202246445618,0.0005503513708033285,0.03968062712136723
2020-08-24,2020,1982,0,0,56,9,1.5088734709469709,0.003772183677367427,0.07643880250836653,0.15407081046273907,0.0004465312747950064,0.08361107041190323
2020-08-25,2020,1982,0,0,56,4,0.43687711811252994,0.0010921927952813248,0.00489626940010627,0.16601499246799936,0.00043690440725793495,0.021932614400270105
2020-08-26,2020,1982,0,0,57,7,0.19143596474952407,0.00047858991187381015,0.13361775216755153,0.1445415145274433,0.0008085928569646843,0.015128886169006192
2020-08-27,2020,1982,0,0,58,13,-2.3382972093125005,-0.0058457430232812515,-0.13373237044580477,0.18914378774947743,0.0007192728242757087,0.052680608102926206
2020-08-28,2020,1982,0,0,58,2,0.14091921134012028,0.0003522980283503007,0.002005320057482658,0.16649489320434913,0.0005282051954605463,0.025148838140443663
2020-08-31,2020,1982,0,0,58,7,-0.7682814573714709,-0.0019207036434286773,-0.05225441739376578,0.17554764237860196,0.00037636518201984655,0.00852700383622484
2020-09-01,2020,1982,0,0,58,11,0.20511805187586807,0.0005127951296896702,0.007178510855438718,0.16563099491908745,0.00035199680574544593,0.010797160737345794
2020-09-02,2020,1982,0,0,58,17,0.058586066780320856,0.00014646516695080214,0.06831802562379591,0.15543096402721032,0.0004998553917371012,0.023535958332090576
2020-09-03,2020,1982,0,0,58,10,-1.9154854395412164,-0.004788713598853041,-0.03869260206471902,0.17328742281481357,0.0005808085449589389,0.019586405743461044
2020-09-04,2020,1982,0,0,58,4,1.4838643011955126,0.0037096607529887816,0.052904609353053016,0.15800553757027536,0.0006772228234402631,0.020830296893329873
2020-09-07,2020,1982,0,0,56,7,-0.9519015909398499,-0.002379753977349625,-0.07307072320398703,0.17901933601535147,0.00034844223420166806,0.01693290693734566
2020-09-08,2020,1982,0,0,56,12,-1.4573809212734905,-0.003643452303183726,-0.15638210926216084,0.19291834005306877,0.00039522115750464416,0.011827872367216493
2020-09-09,2020,1982,0,0,56,5,0.31515321414205877,0.0007878830353551469,0.031177509370460443,0.16162770503514712,0.0005064256010146732,0.00919277792235865
2020-09-10,2020,1982,0,0,58,6,0.9116790942311532,0.002279197735577883,0.051921358981482965,0.15816703037241317,0.0005544001309183762,0.01672856854330963
2020-09-11,2020,1982,0,0,58,11,-1.7827675839027122,-0.004456918959756781,-0.14853583679452342,0.19160959298222768,0.0004838228594117547,0.02850358272946306
2020-09-14,2020,1982,0,0,57,9,-2.4711113414729686,-0.006177778353682422,-0.16237270669586049,0.19392078641379437,0.0006001635895037749,0.035007405540820886
2020-09-15,2020,1982,0,0,58,6,-0.6374231638820351,-0.0015935579097050877,-0.03281233993647498,0.17229742965029946,0.00038278704794576107,0.03314461149156886
2020-09-16,2020,1982,0,0,57,11,-0.11155832581249481,-0.00027889581453123703,0.08164982999036949,0.1532087317130991,0.0004036452797100237,0.0165936613482846
2020-09-17,2020,1983,0,0,58,6,-1.1774447602036646,-0.0029436119005091617,-0.05861188449700669,0.17660875933019773,0.0006579790975347496,0.006986781460700374
2020-09-18,2020,1983,0,0,58,7,1.2152564021995085,0.003038141005498771,0.12476328909543752,0.14601795514315216,0.0007806414587790242,0.02165078193500105
2020-09-23,2020,1983,0,0,58,9,0.4718722887375293,0.0011796807218438232,0.011387347225877205,0.16493239169367782,0.00045330578750022994,0.00807403349703246
2020-09-24,2020,1984,0,0,58,2,1.1096977746704528,0.0027742444366761322,-0.01417569664551625,0.16919940181725726,0.000976909914503309,0.04158893806521275
2020-09-25,2020,1986,0,0,60,6,-1.2104527553192974,-0.0030261318882982436,-0.13211651431281415,0.18887345707972353,0.000633429363742371,0.04085568507803166
2020-09-28,2020,1986,0,0,60,12,-2.3006114452781214,-0.005751528613195303,-0.15882138550560415,0.19333118408304736,0.0015633216417531679,0.04962498997786698
2020-09-29,2020,1986,0,0,59,11,0.0,0.0,,0.08341729638958857,2.489045050818388e-05,0.04931975662816123
2020-09-30,2020,1986,0,0,59,8,0.14309573987477342,0.00035773934968693353,0.0726556300391268,0.15471252993109127,0.0009016124103279282,0.13649820257735434
2020-10-02,2020,1989,0,1,62,3,1.5767178065664202,0.003941794516416051,0.1868490005443331,0.1356562716969351,0.0003526524853971946,0.03780951211670019
2020-10-05,2020,1990,0,0,61,1,-1.1230203675028694,-0.0028075509187571734,-0.0407281536958817,0.17362607350170486,0.00041157283329370376,0.02466850569912757
2020-10-06,2020,1990,0,0,62,5,-1.071180967069242,-0.0026779524176731052,-0.07908959383813899,0.18002132123789563,0.00040327708731535813,0.00977671599902216
2020-10-07,2020,1990,0,0,61,7,1.712285267844881,0.004280713169612202,0.0677119193178466,0.15553341963963968,0.0004444812950967725,0.0077075524237879755
2020-10-08,2020,1990,0,0,60,7,0.7180129961705859,0.0017950324904264646,0.07630131485285435,0.15409918741288126,0.0004334630921544467,0.049575168184591165
2020-10-09,2020,1990,0,0,57,9,0.3628046865601827,0.0009070117164004569,0.02342717532592872,0.16291720993300937,0.00034039342482235864,0.015393085073394075
2020-10-12,2020,1990,0,0,57,13,2.747338428430708,0.0068683460710767695,0.1712229315199782,0.13826576150307754,0.00048322418534929953,0.009144442708376213
2020-10-13,2020,1990,0,0,59,14,0.2341849345636191,0.0005854623364090478,-0.01976600740064764,0.17012657355563887,0.0005056734981828769,0.009302304296618082
2020-10-14,2020,1990,0,0,59,7,-2.0911592090963405,-0.005227898022740851,-0.08162814050244661,0.18045038486820195,0.0007776437316151539,0.014194162898437014
2020-10-15,2020,1989,0,0,57,14,-0.08572189300601352,-0.00021430473251503378,-0.04515718155586808,0.17436635473929246,0.0008304466359170736,0.039864386647025185
2020-10-16,2020,1989,0,0,57,9,-1.1316915449296814,-0.0028292288623242034,-0.03981078534196834,0.1734746770925421,0.0005002636593201556,0.05502488808364994
2020-10-19,2020,1989,0,0,58,4,-0.06544109615651195,-0.00016360274039127986,0.023099002835143996,0.1629769225173882,0.0005046120817065401,0.022800522737503735
2020-10-20,2020,1989,0,0,57,4,-2.4296882107170243,-0.006074220526792561,-0.07201748238813277,0.17884698888685738,0.000585133248264018,0.029932543644693277
2020-10-21,2020,1989,0,0,58,5,0.2545003401400246,0.0006362508503500615,0.020330567748769356,0.1634369799374742,0.00045556127100603586,0.009529078683468223
2020-10-22,2020,1989,0,0,58,10,1.0836134499604868,0.002709033624901217,0.0640919916975411,0.15613308507854742,0.0005464045565416842,0.013321024586686424
2020-10-23,2020,1989,0,0,58,5,-2.7398039955820033,-0.006849509988955008,-0.20197033492297356,0.20052339695129115,0.00043281708468462953,0.016587938348843582
2020-10-26,2020,1989,0,0,57,8,-3.586045455503425,-0.008965113638758564,-0.20484347957380142,0.20100575479608168,0.0005838295515782918,0.03198696755268281
2020-10-27,2020,1989,0,0,57,1,1.1335140460007176,0.002833785115001794,0.14026230354986877,0.1434271224753972,0.000442039519733215,0.013069855879565035
2020-10-28,2020,1990,0,0,54,1,0.7624434696113056,0.001906108674028264,0.06061994449372364,0.15672044001418223,0.0009552441987817557,0.01639026107359784
2020-10-29,2020,1991,0,0,53,6,2.996461849329849,0.007491154623324623,0.23030765298752728,0.12841024046607757,0.0008194600932063857,0.027984044096380525
2020-10-30,2020,1991,0,0,53,9,-2.1316253203234345,-0.005329063300808587,-0.18395504991520867,0.1975198605588485,0.0010223525564731016,0.06393748341371586
2020-11-02,2020,1991,0,0,53,1,-0.9001831254624861,-0.0022504578136562153,-0.040864161343389896,0.17365006814394987,0.0009797549453529784,0.09322787144944397
2020-11-04,2020,1991,0,0,53,0,0.5929372334348462,0.0014823430835871154,0.030547100480275716,0.16173300451257952,0.0006542484593206963,0.016720512527439495
2020-11-05,2020,1991,0,0,53,0,-1.9413407560922487,-0.0048533518902306215,-0.1848400199623035,0.19766851636637492,0.0009611170679370701,0.019220732524260566
2020-11-06,2020,1991,0,0,53,3,5.594592128057581,0.013986480320143952,0.1979674778750935,0.13380599962780418,0.0021364988618735193,0.02369471201682003
2020-11-09,2020,1991,0,0,53,10,-1.0899750201151104,-0.002724937550287776,-0.06202939590834193,0.17718048463864008,0.0008172549832000901,0.04766206994024634
2020-11-10,2020,1991,0,0,53,4,0.6653176722729653,0.0016632941806824133,-0.03053223682938463,0.17192456189465308,0.0007268576626618874,0.03289212951706683
2020-11-11,2020,1991,0,0,53,5,-1.0701096463984197,-0.002675274115996049,-0.08823328550400372,0.18155363842729014,0.001195419636723769,0.057040242269136864
2020-11-12,2020,1991,0,0,53,0,-2.7316305810269608,-0.006829076452567402,-0.21336892199280172,0.20242997246352049,0.001059902208152301,0.03261763503489275
2020-11-13,2020,1991,0,0,53,0,-1.0425232139831258,-0.0026063080349578143,-0.10021091499473893,0.18355013078664092,0.0007374062378997401,0.05275341639744463
2020-11-16,2020,1991,0,0,53,5,1.0128210069842536,0.002532052517460634,-0.02443236528371221,0.1709077375677227,0.0004954329563585344,0.06661930259018806
2020-11-17,2020,1991,0,0,52,20,0.6661917055500634,0.0016654792638751584,0.023198603716995635,0.16295383117871487,0.0004246486367803452,0.01485405381013579
2020-11-18,2020,1991,0,0,52,6,0.7990610205550677,0.001997652551387669,0.07473225519271594,0.15436246790261235,0.0003407166493634462,0.01163093308285955
2020-11-19,2020,1991,0,0,51,2,-3.272946665207469,-0.008182366663018671,-0.15819700968248607,0.19322444371049233,0.0006980060499925626,0.021292145285797547
2020-11-20,2020,1991,0,0,51,8,-1.3085433215830204,-0.0032713583039575512,-0.058244198529039344,0.17654807381683524,0.0004966019956110079,0.03638604658068345
2020-11-24,2020,1991,0,0,51,4,0.973760595230508,0.00243440148807627,0.03451086418413881,0.16107135026738528,0.00045853170144119146,0.1188265345413113
2020-11-25,2020,1991,0,0,51,8,-1.6596282151680306,-0.004149070537920077,-0.09485852244848261,0.1826561701465336,0.0005125876149548905,0.06333459613462282
2020-11-26,2020,1991,0,0,50,12,-0.533562870487664,-0.0013339071762191602,-0.01042173512798355,0.1685722324663658,0.0011292222875978943,0.019289792725980262
2020-11-27,2020,1991,0,0,50,14,-0.027609567593371853,-6.902391898342963e-05,-0.0032515086485321045,0.16737434012004557,0.0005370822983025574,0.03139467135896595
2020-11-30,2020,1991,0,0,50,2,1.1898122382083385,0.002974530595520846,0.07122276842127342,0.154948687936146,0.00042515142435595936,0.02561269361087326
2020-12-01,2020,1991,0,0,51,10,0.14014261710918924,0.00035035654277297307,0.005966469758443971,0.16583396045569623,0.0005242365686726146,0.03565512700355412
2020-12-02,2020,1991,0,0,52,12,-0.16401119995746102,-0.00041002799989365256,-0.03953156214489469,0.17342396488600104,0.0004898883470098195,0.032561713353235266
2020-12-03,2020,1991,0,0,52,5,-0.4950297811459379,-0.0012375744528648448,-0.060094507788656736,0.17685661288276727,0.0007048058031560316,0.025204046047729894
2020-12-04,2020,1991,0,0,51,4,2.1810054057923396,0.005452513514480849,0.15442148247239343,0.14106529793149752,0.00040450445800503426,0.026038011606824514
2020-12-07,2020,1991,0,0,51,3,-1.8692236953575376,-0.004673059238393844,-0.18750198430305595,0.19811081744570852,0.0005282936589079347,0.04414446856024134
2020-12-08,2020,1991,0,0,51,10,-0.28571372637248216,-0.0007142843159312054,0.0029491643473854136,0.16633787379436346,0.00037174390922830295,0.017054452138007076
2020-12-09,2020,1991,0,0,52,2,-0.16709698278725127,-0.0004177424569681282,-0.03506056487937444,0.17267721196991218,0.0005273398301391243,0.02571134859987765
2020-12-10,2020,1991,0,0,49,10,0.04216843849947538,0.00010542109624868845,0.012199780244989517,0.16479442243003797,0.0005345302634184601,0.007724455347553496
2020-12-11,2020,1991,0,0,49,13,-0.011375463941125263,-2.8438659852813158e-05,-0.027432209069082794,0.17140206254526014,0.0004493813635367935,0.005349022063297066
2020-12-14,2020,1991,0,0,50,4,-0.22487850774447607,-0.0005621962693611902,0.011962692615869736,0.1648315037679152,0.0005231256133230833,0.0633941325556584
2020-12-15,2020,1990,0,0,49,12,1.107868206502522,0.002769670516256305,0.06147484632631178,0.15657473443680672,0.0004886281196965505,0.021997867916218716
2020-12-16,2020,1993,0,0,50,11,-0.19516515186264335,-0.00048791287965660836,-0.02383944503039256,0.17080798344863463,0.000378782347242166,0.024362723247290066
2020-12-17,2020,1994,0,0,51,10,-0.628989208264131,-0.0015724730206603274,-0.02451555850145682,0.17091608290041374,0.0003604664117254394,0.03886590974527631
2020-12-18,2020,1995,0,0,52,10,-0.9915736365802528,-0.002478934091450632,-0.057877995112190266,0.1764896175947495,0.0009728858850224722,0.006101932373560626
2020-12-21,2020,1996,0,0,53,11,-0.24280106700083004,-0.0006070026675020751,-0.020807719482220197,0.17030180913834253,0.0003883126850119151,0.007156192797048236
2020-12-22,2020,1998,0,0,52,11,-1.1743047852762265,-0.002935761963190566,-0.04925267928817917,0.17504257773123766,0.0004532702781271756,0.03616431375515212
2020-12-23,2020,1999,0,0,54,13,-0.6513375620272907,-0.0016283439050682267,-0.05056956500918567,0.1752629676683671,0.00037984006225776827,0.037722656194659615
2020-12-24,2020,1999,0,0,54,5,-1.6290350970846736,-0.004072587742711684,-0.14994798982410082,0.19184535917814968,0.00042604579800592903,0.019403859074393785
2020-12-25,2020,1999,0,0,54,9,1.4162522580813666,0.003540630645203416,0.15458702260896529,0.14104263375714665,0.0005195913795769628,0.014150227545876559
2020-12-28,2020,1999,0,0,51,4,0.03965885393832236,9.91471348458059e-05,-0.023575349077156398,0.1707632915376427,0.0003433015534815317,0.016622671230501287
2020-12-29,2020,1999,0,0,51,11,0.19496218897540407,0.0004874054724385102,0.020855200290913506,0.16335301729387658,0.0006850041008713113,0.0351833996297974
2020-12-30,2021,1999,0,0,50,12,0.25039942339094545,0.0006259985584773636,0.056351932257120624,0.15742539020344087,0.00037052211167268794,0.02235157720974213
2021-01-04,2021,1999,0,0,50,4,0.1907649431441636,0.00047691235786040897,0.10442031133622977,0.1494096184265343,0.0004219223627814259,0.01828816344776503
2021-01-05,2021,1999,0,0,50,5,1.0743101415819638,0.0026857753539549097,0.07219587141757781,0.15478589173494686,0.0005145934916293799,0.007651299872306053
2021-01-06,2021,1999,0,0,49,3,-1.5306848175721266,-0.0038267120439303163,-0.11488252116093095,0.18599770241613436,0.0005553009483855484,0.014463049435307348
2021-01-07,2021,1999,0,0,49,11,-0.7694074996464649,-0.0019235187491161623,-0.07512633272238475,0.179364660950236,0.000565929695300154,0.036046388176067964
2021-01-08,2021,1999,0,0,48,5,0.6965121979041269,0.0017412804947603171,0.07179869607749043,0.15484952675776567,0.0005482827911696097,0.07529851705598621
2021-01-12,2021,1999,0,0,47,14,-1.3650837855939297,-0.0034127094639848244,-0.0982920598101682,0.18322603309729005,0.000514363986798185,0.018813836630033692
2021-01-13,2021,1999,0,0,47,7,0.041418756029531156,0.00010354689007382789,-0.053156378812968516,0.17570100162741578,0.0007098859498386159,0.02567525091010964
2021-01-14,2021,1999,0,0,47,10,0.5028663365077488,0.001257165841269372,0.07508892426902537,0.15430349583474695,0.00045989344535358404,0.03709676875289755
2021-01-15,2021,1999,0,0,47,10,-2.8938192270207086,-0.007234548067551772,-0.2155877690082895,0.20279640282816294,0.0004500169527097969,0.023630294373184035
2021-01-18,2021,1999,0,0,46,8,-0.8426765651418342,-0.0021066914128545855,0.019066655354230463,0.16364855561124117,0.00040555797984485534,0.031249756604839647
2021-01-19,2021,1999,0,0,45,9,-0.9374695258203892,-0.0023436738145509732,-0.022553467847936968,0.1705875806116617,0.00039798701710672867,0.10591375771975783
2021-01-20,2021,1999,0,0,44,6,-0.5540809179974842,-0.0013852022949937103,-0.051924341661087,0.17549305542770496,0.0004259802441284774,0.0389842582138921
2021-01-21,2021,1999,0,0,43,7,-0.9111025319727775,-0.0022777563299319434,-0.07597772932411564,0.17950589500297034,0.0005084430273167541,0.05087529151314435
2021-01-22,2021,1999,0,0,43,3,1.1039781029756455,0.0027599452574391136,0.07869222416770809,0.15370093770674192,0.0004782588821200122,0.03247548613265708
2021-01-25,2021,1999,0,0,43,8,0.21667843237712192,0.0005416960809428048,-0.009709284612487564,0.16844851603979166,0.0004032343329222968,0.02667084745105168
2021-01-26,2021,1999,0,0,42,5,-0.09394680832201285,-0.00023486702080503214,-0.023093543176775755,0.17067994132877926,0.000598983796684264,0.04852786000760625
2021-01-27,2021,1999,0,0,42,4,-1.4673581522964354,-0.0036683953807410885,-0.108012216402762,0.18485242363416438,0.000804219785191436,0.006699456434784125
2021-01-28,2021,1999,0,0,41,10,0.22505914444276565,0.0005626478611069141,0.02623974829398391,0.16245248726942527,0.000680783169509821,0.013226872928680657
2021-01-29,2021,1999,0,0,41,2,0.21753813209631012,0.0005438453302407753,0.04960276196876812,0.15855373637524223,0.0007245980794576869,0.06735668512960244
2021-02-01,2021,1999,0,0,41,4,-1.3825075172443146,-0.0034562687931107864,-0.03921998985385399,0.17337469294466312,0.000544292381371553,0.024647243190888554
2021-02-02,2021,1999,0,0,41,2,-0.45141204621565234,-0.0011285301155391308,0.031715979343940215,0.16153683471889624,0.00042631287798572593,0.02637632785175407
2021-02-03,2021,1999,0,0,41,5,-2.6655652292373895,-0.006663913073093474,-0.18767640214198628,0.19814013183589615,0.0007097519947671483,0.06075147882898635
2021-02-04,2021,1999,0,0,41,6,-0.48533982389223906,-0.0012133495597305977,-0.04562347524399822,0.17444381285673805,0.0007397080176591928,0.011457682738785946
2021-02-05,2021,1999,0,0,41,2,-1.8005133691339574,-0.004501283422834894,-0.1570111043717065,0.193024062767806,0.0005661842337726684,0.03743113239884077
2021-02-08,2021,1999,0,0,41,3,0.6202383495314556,0.001550595873828639,0.10999720717099046,0.14847960656894904,0.0005902224479628487,0.015363792940988295
2021-02-09,2021,1999,0,0,41,4,-0.972343833022208,-0.00243085958255552,-0.015622632943643164,0.1694382053466751,0.0008133727589083604,0.03330536395275957
2021-02-10,2021,1999,0,0,41,7,1.4666899470982095,0.003666724867745524,0.04910959249326287,0.15863696540640368,0.0008155898605865662,0.008069171718879919
2021-02-12,2021,1999,0,0,41,8,-0.6062464623352387,-0.0015156161558380968,-0.0016388163295839933,0.16710331760843755,0.0005789941656279589,0.04646681477207936
2021-02-15,2021,1999,0,0,42,12,-0.531119636229411,-0.0013277990905735276,0.027128675843592003,0.16230373305632656,0.0006550189636159727,0.007465275669010921
2021-02-16,2021,1999,0,0,42,6,-0.291996188181872,-0.00072999047045468,0.0038350841703323215,0.1661908169312898,0.0007628689097307837,0.015842181069113632
2021-02-17,2021,2000,0,0,40,0,-0.3385979465204063,-0.0008464948663010158,-0.0004438086389047239,0.1669038755871182,0.0005487213530135307,0.021862684766381327
2021-02-18,2021,2000,0,0,41,1,-2.177456716637754,-0.005443641791594385,-0.15683661942730312,0.19299626351444857,0.0006054822972780861,0.02471038199956499
2021-02-19,2021,2000,0,0,42,0,-1.706589137705175,-0.004266472844262938,-0.1776092532591078,0.1964632964306065,0.0009574646731543032,0.019962607835069812
2021-02-22,2021,2000,0,0,42,1,-0.895980685496674,-0.002239951713741685,-0.03954743363750374,0.1734259011696944,0.0004964286040787849,0.11572835564418198
2021-02-24,2021,2000,0,0,42,8,0.02599901553245232,6.49975388311308e-05,-0.011518320001753488,0.1687544732221038,0.0007939234137170134,0.01241519925321301
2021-02-25,2021,2000,0,0,42,3,-0.9290504374472808,-0.002322626093618202,-0.11044268077563478,0.1852586572801158,0.0008591730856153863,0.013241470388741483
2021-02-26,2021,2000,0,0,42,19,-0.14910702152636657,-0.00037276755381591644,-0.06277349040287752,0.17729831736778845,0.0003824704103652015,0.0868755144373748
2021-03-01,2021,2000,0,0,41,12,0.2775451222316714,0.0006938628055791784,0.07990401470224727,0.15350023892636666,0.0004091156667881136,0.017535145172188727
2021-03-02,2021,2000,0,0,41,10,-0.004118758995208527,-1.0296897488021317e-05,-0.006087331279842207,0.16784254158094555,0.0003773305301448949,0.025976465324639084
2021-03-03,2021,2000,0,0,41,7,0.6999861444719813,0.0017499653611799532,0.10080982245298599,0.15001085022250993,0.0003299762377993909,0.0295297659434074
2021-03-04,2021,2000,0,0,41,5,1.8147628778758604,0.004536907194689651,0.20922773933592126,0.13192402785935237,0.0003774712304256467,0.0929203588276601
2021-03-05,2021,2000,0,0,38,5,0.9602579198769994,0.0024006447996924984,0.11788684721460721,0.14716486544923288,0.0006640797644517153,0.016090207256460855
2021-03-08,2021,2000,0,0,38,5,-1.390445986190275,-0.0034761149654756874,-0.13458730146693323,0.18928166972430688,0.00033537925199792623,0.007592896150719248
2021-03-09,2021,2000,0,0,38,1,-1.7215190453078162,-0.004303797613269541,-0.10612645755762155,0.18453682694273602,0.000407476485919184,0.051862245086294806
2021-03-10,2021,2000,0,0,38,3,2.404608469113792,0.00601152117278448,0.12308597950506593,0.14629514507128502,0.0004518263851199739,0.019603582884024612
2021-03-11,2021,2000,0,0,37,9,-0.4865179987423136,-0.001216294996855784,-0.05708631184117053,0.176356242778718,0.0005765569389439833,0.07878391662959312
2021-03-12,2021,2000,0,0,37,5,1.0416529888006467,0.002604132472001617,0.16824512784346554,0.13876335103519744,0.0004328240749018388,0.012825264596080035
2021-03-15,2021,2000,0,0,37,16,-0.33952780975181995,-0.0008488195243795499,-0.04998516270280991,0.17516514266387823,0.00037776176132858525,0.06404584165199764
2021-03-16,2021,2000,0,0,34,19,-0.5577600455779028,-0.0013944001139447571,-0.033078447262870715,0.17234584331935854,0.0003213521765382087,0.054842640204010265
2021-03-17,2021,2000,0,0,35,12,1.2038452758405984,0.003009613189601496,0.12298049619266153,0.14631315244916104,0.0003779345857201575,0.12403867049855036
2021-03-18,2021,2000,0,0,35,11,-0.4405015753020775,-0.0011012539382551938,-0.05199904423361873,0.17550449749637198,0.0004658009943865448,0.04510047389744016
2021-03-19,2021,2000,0,0,33,5,0.34882165541963905,0.0008720541385490977,-0.016403173749687364,0.16956804596645497,0.0006644759614399091,0.011126844831411062
2021-03-22,2021,2000,0,0,30,9,0.3529650666723585,0.0008824126666808962,0.013666642655639572,0.16455307818992038,0.0011027343722296123,0.015671626870039566
2021-03-23,2021,2000,0,0,30,15,-0.5688065974643193,-0.0014220164936607981,-0.1318721473108676,0.18883242890830107,0.0005082896218593149,0.04271879406107374
2021-03-24,2021,2000,0,0,29,1,1.1013360535045065,0.0027533401337612663,0.1505863622544118,0.14170971115873096,0.0005442563638673412,0.06114289801367667
2021-03-25,2021,2000,0,0,30,2,-0.6471545691268633,-0.0016178864228171583,-0.10585440948680791,0.18449174749956268,0.0004450401273200664,0.037485102360075157
2021-03-26,2021,2000,0,0,29,3,-1.7569483483351236,-0.004392370870837809,-0.07848445534086487,0.17992556620981828,0.0007523643691613971,0.024867559128461045
2021-03-29,2021,2000,0,0,29,4,0.5166180859341947,0.0012915452148354867,0.014298833604393784,0.16444723180749954,0.0006233205274059184,0.028239640989140884
2021-03-30,2021,2000,0,0,29,3,1.893421107201463,0.0047335527680036574,0.15458113071194107,0.14104239557247358,0.0004304996505571407,0.0640218157664775
2021-03-31,2021,2000,0,0,29,1,0.3322199839235538,0.0008305499598088845,0.04010098016936925,0.16013900653428265,0.00034574110057731497,0.035359599479309146
2021-04-01,2021,2000,0,0,29,0,0.2366649172641493,0.0005916622931603732,0.06227286605573626,0.15644210518215587,0.00032037608863337585,0.02541908054225082
2021-04-02,2021,2000,0,0,29,0,-0.583687040999326,-0.001459217602498315,-0.03338982461365868,0.17240325809478024,0.00051346646632516,0.06479539221726024
2021-04-05,2021,2000,0,0,30,1,-0.5937273444653526,-0.0014843183611633814,-0.005310455976781737,0.16771821284579258,0.00033656802352605706,0.03459346376707312
2021-04-06,2021,2000,0,0,29,1,-0.8564176502387091,-0.0021410441255967725,-0.0711737923106265,0.1787070130237705,0.0005682026423246476,0.025366095177483384
2021-04-07,2021,2000,0,0,29,6,0.1705399780129636,0.000426349945032409,-0.013000519709421142,0.16899176995951704,0.0002471785229435699,0.012977373408207806
2021-04-08,2021,2000,0,0,28,6,-3.062380561135538,-0.007655951402838845,-0.26287994529288106,0.21068565492100727,0.0004899925155540549,0.03361768962114192
2021-04-09,2021,2000,0,0,27,5,-0.10368067709238804,-0.0002592016927309701,-0.009100307909564941,0.16834423152046257,0.00029968339071415886,0.03256729342293716
2021-04-12,2021,2000,0,0,29,3,0.27508872501100173,0.0006877218125275043,0.059970488252052014,0.15682467152785998,0.00030251123715178225,0.023548156381215924
2021-04-13,2021,2000,0,0,29,3,0.4780732908782309,0.0011951832271955773,0.03756989967068986,0.16056190551503866,0.0003416370598226652,0.006354514040393283
2021-04-14,2021,2000,0,0,29,7,0.8502902051297822,0.0021257255128244554,0.020338207451575267,0.16342558153764225,0.0002604700923595631,0.014266613127977182
2021-04-15,2021,2000,0,0,30,1,-1.1160321128601676,-0.002790080282150419,-0.08719132501263872,0.18137445930318835,0.00034654639833545586,0.01847567316481387
2021-04-16,2021,2000,0,0,29,3,0.2091128145894685,0.0005227820364736713,0.024728171578213474,0.162707367815974,0.00040819750637128497,0.015050578952604414
2021-04-19,2021,2000,0,0,29,4,-2.0775265827261933,-0.005193816456815483,-0.1240137831338015,0.18752270432364757,0.0007371042755462998,0.0052819541661591
2021-04-20,2021,2000,0,0,28,4,0.18791909452915334,0.00046979773632288335,0.0031025114145961,0.1663134479946326,0.0005260278905296938,0.017101373698670024
2021-04-21,2021,2000,0,0,29,5,0.313521539199602,0.000783803847999005,0.03227580666917967,0.1614416126897866,0.000319133172835696,0.044665281264368015
2021-04-22,2021,2000,0,0,29,1,0.875197731446564,0.00218799432861641,0.04782321042007418,0.15885104164138095,0.00034047937029145844,0.03273902000447151
2021-04-23,2021,2000,0,0,29,9,-1.0629208232276772,-0.002657302058069193,-0.08257882976314997,0.18060409538185804,0.0003078669000253097,0.028733682522680732
2021-04-26,2021,2000,0,0,29,11,-0.4800633634797541,-0.0012001584086993853,-0.018534582439520966,0.16992225990433937,0.00036672186387587966,0.02531450652916359
2021-04-27,2021,2000,0,0,29,7,-0.3156279847023429,-0.0007890699617558572,-0.032747962563145,0.17229114500972348,0.0005101817890961236,0.18382544298691006
2021-04-28,2021,1999,0,0,30,4,-1.112308151182269,-0.0027807703779556725,-0.06427521688418991,0.17755544490264452,0.0007089478619643269,0.01882187554741227
2021-04-30,2021,1999,0,0,30,4,-0.937026555380573,-0.0023425663884514324,-0.07456664146472042,0.17927173826682638,0.0005765328414874031,0.009924044456295515
2021-05-06,2021,1999,0,0,30,3,0.10071642201817355,0.0002517910550454339,-0.022591730092449514,0.17059576023185705,0.0005641895250167782,0.01362242146173544
2021-05-07,2021,1999,0,0,31,3,-2.076728256386622,-0.005191820640966555,-0.11775028228351324,0.18647776686737358,0.000945972944628702,0.33069273618037626
2021-05-10,2021,1999,0,0,31,2,-0.4472567925828441,-0.0011181419814571103,-0.008403717699345448,0.1682345579473698,0.0009154017338268962,0.017608418012678276
2021-05-11,2021,1999,0,0,32,4,-0.06787469297736459,-0.00016968673244341148,-0.038621571205376196,0.17327606369374504,0.0009816471223984171,0.01503009643691637
2021-05-12,2021,1999,0,0,31,7,0.4828902548187126,0.0012072256370467816,0.08706607545786431,0.15230702978656033,0.0010827639114523184,0.04654976087394327
2021-05-13,2021,1999,0,0,33,4,1.5612011494659859,0.0039030028736649646,0.13182388444381912,0.14483943040707659,0.0010376313469221742,0.026966394782693533
2021-05-14,2021,1999,0,0,33,2,-0.6774186493292156,-0.001693546623323039,0.0026765453591806963,0.16638612976033437,0.0007139209138487263,0.047571069074470944
2021-05-17,2021,1999,0,0,33,5,0.03554105340048676,8.88526335012169e-05,0.008273362496166892,0.1654508710460986,0.00037008720413084077,0.0667800702139708
2021-05-18,2021,1999,0,0,33,2,0.04044997908744907,0.00010112494771862268,0.020742119397970726,0.16336628268081982,0.0004338584066845574,0.01098318498206671
2021-05-19,2021,1999,0,0,33,2,0.3299096958784878,0.0008247742396962195,0.013444933226726526,0.16458131602221415,0.00030847089010299514,0.008709137681493374
2021-05-20,2021,1999,0,0,33,1,-1.4086467736737958,-0.0035216169341844893,-0.13636296222572303,0.18957950701581527,0.0003532601164331952,0.016730852655478235
2021-05-21,2021,1999,0,0,33,1,0.10622904163132452,0.0002655726040783113,-0.0076007089716359074,0.1680985250120293,0.0003242896156470755,0.04232657737055055
2021-05-24,2021,1999,0,0,33,6,-0.09755366729625753,-0.0002438841682406438,-0.00040513310966388356,0.1668944422752508,0.0003379319111409829,0.06166434711939062
2021-05-25,2021,1999,0,0,32,4,0.6799047572962585,0.0016997618932406463,0.058688351240759176,0.1570410822018608,0.00040051443889192365,0.022481801480839267
2021-05-26,2021,1999,0,0,32,10,-0.7415867810055699,-0.0018539669525139246,-0.05050717530185784,0.17525856993282146,0.000630873485198559,0.03200025935842348
2021-05-27,2021,1999,0,0,32,0,-0.7590356721780402,-0.0018975891804451006,-0.07817031288033778,0.17987294232486398,0.0004213645350493182,0.01648912516409878
2021-05-28,2021,1999,0,0,33,0,-0.3600337184745908,-0.000900084296186477,-0.01180464880997755,0.16879594767418807,0.00026574157890020187,0.013168733189214906
2021-05-31,2021,1999,0,0,32,12,-1.003484308842615,-0.0025087107721065375,-0.09736326501271236,0.1830715125423666,0.00039792747656954133,0.049247817516069894
2021-06-01,2021,1999,0,0,33,2,0.4916857833001531,0.0012292144582503827,0.018090233234624716,0.16380692371484312,0.00031886465793834766,0.014354225798263183
2021-06-02,2021,1999,0,0,32,2,1.4970812119081156,0.003742703029770289,0.08875602808315086,0.15201908061438427,0.0003048862882636316,0.01324561562621816
2021-06-03,2021,1999,0,0,32,7,-0.5306846043934168,-0.001326711510983542,-0.08340829499125017,0.18074184609692104,0.00030657059895876793,0.02064158462804977
2021-06-04,2021,1999,0,0,30,1,-0.9275506793265667,-0.0023188766983164165,-0.09625971019487274,0.18288675645907818,0.000316161962649558,0.010842917148409438
2021-06-07,2021,1999,0,0,31,5,0.5462403152620398,0.0013656007881550994,0.014972280275301932,0.16432860819543652,0.0002975437425606357,0.006287788784866738
2021-06-08,2021,1999,0,0,31,2,0.9176494942583713,0.002294123735645928,0.06344964221527204,0.1562366472855376,0.00026670922421740626,0.006637683918125751
2021-06-09,2021,1999,0,0,30,2,0.21681953815871557,0.000542048845396789,0.03653096978049898,0.1607279115283618,0.0003159147080406925,0.01153685491307527
2021-06-10,2021,1999,0,0,30,2,-0.007983706405223834,-1.9959266013059585e-05,-0.00818472286545347,0.16819023679561054,0.0003467543427529676,0.01544418927647831
2021-06-11,2021,1999,0,0,30,0,-0.31883957664304596,-0.0007970989416076149,0.008085142489836819,0.16547426448291544,0.0003353784319342528,0.058085485529905084
2021-06-14,2021,1999,0,0,30,1,-0.4492354316307122,-0.0011230885790767806,0.0011660197313513368,0.16663255921623843,0.0003069543918947912,0.0059414365499956415
2021-06-15,2021,1999,0,0,30,4,-0.483253584984369,-0.0012081339624609225,-0.06988623965649395,0.1784855034393342,0.00029977581450147935,0.007887617605941524
2021-06-16,2021,1999,0,0,31,5,0.01389085585927341,3.472713964818353e-05,0.01658240162839886,0.16406390784883834,0.0004676836916108221,0.0423287209115389
2021-06-17,2021,1999,0,0,33,4,0.635436681449308,0.00158859170362327,0.01451832640421103,0.16441114800492185,0.000655915869200862,0.014053896786958267
2021-06-18,2021,1999,0,0,32,11,1.9070896158864103,0.004767724039716026,0.15965174765105838,0.14019806101401203,0.0008577598840677414,0.01027257031564572
2021-06-21,2021,1999,0,0,32,11,-1.050978770750968,-0.0026274469268774197,-0.10358149823436663,0.18410567350196075,0.0003142606574602797,0.013937419116400857
2021-06-22,2021,1999,0,0,33,10,0.11563796412394112,0.0002890949103098528,0.033438529071667,0.16124884707561932,0.00034504549510232946,0.3165095200712138
2021-06-23,2021,1999,0,0,34,13,0.018627547206741424,4.6568868016853557e-05,-0.017011835790361397,0.16966733377209633,0.0003468728396825073,0.07568284221236948
2021-06-24,2021,1999,0,0,34,6,0.8240720853180629,0.002060180213295157,0.02109313742334103,0.1633092183215218,0.0003031929900682327,0.029110640584428398
2021-06-25,2021,1999,0,0,35,12,-0.18293997354839897,-0.0004573499338709974,-0.05227165945972969,0.17555153933302967,0.00036809582696201236,0.04836136398751235
2021-06-28,2021,1999,0,0,34,5,-0.03706515456262305,-9.266288640655763e-05,-0.021623164040938423,0.17043550084131937,0.00034372409307998985,0.02387445283194201
2021-06-29,2021,1999,0,0,34,7,1.3034725609743767,0.0032586814024359416,0.16427331457884958,0.13941847761428974,0.000351216296872047,0.011451379598522332
2021-06-30,2021,1999,0,0,34,12,0.37210310833287874,0.0009302577708321969,0.08264119864565482,0.1530440006150584,0.0003643112143247316,0.19305522354174737
2021-07-01,2021,1999,0,0,34,5,-0.9459295911649511,-0.0023648239779123776,-0.08077527922884159,0.18030456213636892,0.00023791646513476194,0.022929063436112975
2021-07-02,2021,1999,0,0,34,7,-0.2686988124637038,-0.0006717470311592595,-0.08278669274602092,0.18062651048851358,0.00023703761508650698,0.007370955785214634
2021-07-05,2021,1999,0,0,34,3,0.7026485698419493,0.0017566214246048733,0.09473347213909744,0.15102744776503077,0.00025640296455123183,0.010890000006530176
2021-07-06,2021,1999,0,0,35,0,0.6419793226257919,0.0016049483065644799,-0.04774878518973194,0.17479722637137432,0.00035171748934389514,0.02741137013284607
2021-07-07,2021,1999,0,0,35,3,-0.5954295231987651,-0.0014885738079969126,-0.024860412312035077,0.17097157476675318,0.0002633781409263322,0.016918328198853798
2021-07-08,2021,1999,0,0,35,11,0.113760198343269,0.00028440049585817253,0.03998948772883797,0.16016163822737278,0.0006906280330860205,0.012094205360895506
2021-07-09,2021,1999,0,0,35,25,1.0050574356025355,0.0025126435890063387,0.10481947415177313,0.14934315546452195,0.00036088004265116206,0.0292454951742718
2021-07-12,2021,1999,0,0,35,7,0.02835166350072567,7.087915875181417e-05,-0.03211286732613803,0.17218022027634042,0.00031090591633566446,0.044654044290231225
2021-07-13,2021,1999,0,0,34,12,-0.047750916287478073,-0.00011937729071869519,0.005570166138002267,0.16590207189604736,0.0003728192047379263,0.0192398883528642
2021-07-14,2021,1999,0,0,34,9,0.9169962203337299,0.0022924905508343247,0.04627234725740206,0.15910082130617326,0.0002663671131227573,0.015218114997636076
2021-07-15,2021,1999,0,0,35,5,-1.0627659377061276,-0.002656914844265319,-0.05139220844302197,0.1754062181957561,0.00040197295384276747,0.02631453611678379
2021-07-16,2021,1999,0,0,33,5,0.16993615558604214,0.00042484038896510536,0.007432420514080022,0.1655902579220845,0.00027955829246242484,0.01348265333957991
2021-07-19,2021,1999,0,0,34,6,0.45114755205026325,0.001127868880125658,0.05590605334734453,0.15750265546209563,0.0003168912107543028,0.03373207160040841
2021-07-20,2021,1999,0,0,36,9,0.27634812435037137,0.0006908703108759284,0.0458107346390616,0.15918878366118003,0.0004997745767833425,0.027889386442896777
2021-07-21,2021,1999,0,0,35,7,-0.3778853310594008,-0.000944713327648502,0.05795797290599141,0.1571614619730895,0.00033590066459283886,0.01293297875952094
2021-07-26,2021,1999,0,0,36,3,-1.2272039810727438,-0.003068009952681859,-0.129821682109249,0.18848712261403344,0.0003944434928350396,0.01629619124643938
2021-07-27,2021,1999,0,0,36,8,1.6775228839372696,0.004193807209843174,0.12767163959884856,0.14552959124168655,0.0003703006131549153,0.0169044642391923
2021-07-28,2021,1999,0,0,36,5,-2.103048447233074,-0.005257621118082685,-0.16112692527712125,0.193713963389905,0.0006961445969949156,0.0262915650701374
2021-07-29,2021,1999,0,0,37,6,-0.13924382925223577,-0.0003481095731305894,-0.017839490336867676,0.16980908824985266,0.0008937323533787719,0.01869580270856113
2021-07-30,2021,1999,0,0,37,8,0.12179507890129948,0.0003044876972532487,-0.009562494726754732,0.1684247387065012,0.000332826015109436,0.031221532717550026
2021-08-02,2021,1999,0,0,37,2,0.7989508510537064,0.0019973771276342663,0.08713220697353975,0.15229465305698367,0.0004078789295967564,0.008207502283641739
2021-08-03,2021,1999,0,0,39,1,0.3024213738337911,0.0007560534345844777,0.020195707630003275,0.1634578920209974,0.00044468346626661004,0.012364653948414867
2021-08-04,2021,1999,0,0,39,2,0.19990883972033546,0.0004997720993008387,-0.03942349615011104,0.1734053049760328,0.0005714793748348212,0.023669534709149245
2021-08-05,2021,1999,0,0,39,2,-0.8684212122119414,-0.0021710530305298534,-0.0944309830265416,0.18258488851780993,0.0008453387201734867,0.01553173065118375
2021-08-06,2021,1999,0,0,39,4,1.3690664957214784,0.003422666239303696,-0.012673706656912953,0.1689452498185193,0.0006640039742378171,0.00995321997800047
2021-08-10,2021,1999,0,0,39,4,-0.8135713930177508,-0.0020339284825443772,0.013844910172493766,0.1645151488616139,0.0005534404552946282,0.014808388827508356
2021-08-11,2021,1999,0,0,40,7,-0.21109984425208878,-0.0005277496106302219,-0.004810788505935285,0.16762792689519818,0.000664145582164429,0.1463772591769204
2021-08-12,2021,1999,0,0,40,8,0.6615953756618538,0.0016539884391546344,-0.021191115064741528,0.17036784345814238,0.00087507028409832,0.041253594345502326
2021-08-13,2021,1999,0,0,40,9,0.8683420153822969,0.0021708550384557422,-0.028201651636953047,0.17153357508131992,0.000550499772327064,0.019415278833316143
2021-08-16,2021,1999,0,0,39,9,0.7705099360818821,0.0019262748402047052,0.08700661218360407,0.15231537882997492,0.0004257834831966065,0.03274704274757198
2021-08-17,2021,1999,0,0,40,13,-0.9458958587963144,-0.0023647396469907863,-0.09669392424440487,0.18296292817355903,0.0005296391471010608,0.019776620601938952
2021-08-18,2021,1999,0,0,40,4,-1.336926382270582,-0.003342315955676455,-0.1857871051683454,0.19782511586333917,0.0005192817815251556,0.0334099575281216
2021-08-19,2021,1999,0,0,41,4,-0.5016492557501522,-0.0012541231393753804,-0.03520627124292472,0.1727051809408428,0.0007282475141223215,0.009722143860733404
2021-08-20,2021,1999,0,0,41,0,-2.2198250187893556,-0.0055495625469733885,-0.17432416132302594,0.19591239952196204,0.0006304773281933544,0.01681987228928621
2021-08-23,2021,1999,0,0,41,0,0.7001949196369865,0.0017504872990924663,0.0843047749513027,0.1527587836429194,0.00031428079402199936,0.024660716634032593
2021-08-24,2021,1999,0,0,41,2,-0.758204058972304,-0.00189551014743076,-0.025026807200838747,0.17100175641051435,0.00033586471999823064,0.013830832947521654
2021-08-25,2021,1999,0,0,41,5,-0.009611621553487326,-2.4029053883718315e-05,-0.008300879741644144,0.16820651639956938,0.0002506087951467328,0.04897385221855887
2021-08-26,2021,1999,0,0,40,3,0.5260840506723312,0.001315210126680828,0.016694016987198117,0.16404716533853925,0.0004305101307726411,0.042554591151487464
2021-08-27,2021,1999,0,0,40,4,0.17205493671305855,0.0004301373417826464,0.04413271167458437,0.15946476443629423,0.00033773459755923226,0.008189165661198459
2021-08-30,2021,1999,0,0,40,6,-0.33632212914100124,-0.0008408053228525031,-0.025102738031385022,0.17101392668687077,0.00031876433097267784,0.02473097698250109
2021-08-31,2021,1999,0,0,41,9,-0.6442176309132462,-0.0016105440772831157,0.009820149276458887,0.16518946398863835,0.0003637134331832454,0.04198947344929249
2021-09-01,2021,1999,0,0,42,7,-0.010106823289085298,-2.5267058222713245e-05,0.008715579733350699,0.1653769748283096,0.0005149869430508471,0.02663272324421506
2021-09-02,2021,1999,0,0,42,8,-0.0630618917842658,-0.0001576547294606645,0.0252228796030516,0.16261877064538158,0.0004182012141963802,0.010726808974901185
2021-09-03,2021,1999,0,0,43,9,-0.4144362592789044,-0.001036090648197261,0.010859390453414726,0.16501566377311308,0.000364134742272414,0.09318498971428057
2021-09-06,2021,1999,0,0,43,19,-0.04691412762057379,-0.00011728531905143447,0.0033183134271592704,0.16627178381159727,0.0002688760817055041,0.051528026377731954
2021-09-07,2021,1999,0,0,45,17,0.13773705668380876,0.00034434264170952187,0.011774868455114782,0.16486101521092741,0.00037330874038715836,0.013766676754627925
2021-09-08,2021,1999,0,0,45,19,1.0114540616357344,0.002528635154089336,0.11440038451836022,0.14774651900334362,0.0004924668525312263,0.012742124427465105
2021-09-09,2021,1999,0,0,44,7,-0.42721708488614496,-0.0010680427122153624,-0.03775441737246539,0.1731266476398677,0.0004085515662936679,0.03913496856984854
2021-09-10,2021,1999,0,0,45,21,0.6677482322254702,0.0016693705805636756,0.06841887562897396,0.15541559655039067,0.00031791834796206876,0.06694853917718771
2021-09-13,2021,1999,0,0,46,28,-0.17632631239501695,-0.0004408157809875424,-0.0363489885968376,0.17289628795125037,0.0007939148746731316,0.013121550072462717
2021-09-14,2021,1999,0,0,45,26,1.3045714373593316,0.003261428593398329,0.18846422208230937,0.13538475267988676,0.0006060112715078337,0.020273468949029635
2021-09-15,2021,1999,0,0,45,13,-0.3355247416645595,-0.0008388118541613987,-0.010012496914814284,0.16849648016670465,0.0004181903207224413,0.03122497648225116
2021-09-16,2021,1999,0,0,46,15,0.7610164596891611,0.0019025411492229027,0.0781559054163531,0.15379420763256324,0.0006625903024881525,0.022022867723262812
2021-09-17,2021,1999,0,0,47,7,-0.419773639209402,-0.001049434098023505,-0.06765136459756203,0.17811884565300062,0.0005626535824005045,0.029438384403434797
2021-09-21,2021,1999,0,0,45,4,-0.1369329627469522,-0.00034233240686738054,-0.029776545902524137,0.1718010046830989,0.0010873313275011301,0.08238475341396863
2021-09-22,2021,1999,0,0,45,2,0.7480781762760839,0.0018701954406902096,0.09850303113095084,0.15039730460460093,0.0003744838636965245,0.03502791597567806
2021-09-24,2021,1999,0,0,46,3,0.9909908005390202,0.0024774770013475506,0.055823910278041476,0.15751495882089206,0.0005868189777506558,0.11300574443016419
2021-09-27,2021,1999,0,0,46,8,1.2126481929119155,0.0030316204822797886,0.13444499619633804,0.14440274187139612,0.000639480007056248,0.012168270893660425
2021-09-28,2021,1999,0,0,46,6,1.437746361624756,0.0035943659040618904,0.05673246788660502,0.15736429571437668,0.0004315568936288747,0.06796718368781983
2021-09-29,2021,1999,0,0,46,3,0.09094512408045441,0.00022736281020113602,0.07244883069706136,0.15474651098681833,0.0006660525097626427,0.014939718384247309
2021-09-30,2021,1998,0,0,46,1,-2.2429073869479113,-0.005607268467369778,-0.16348762288866409,0.19410643129063776,0.000556648843615518,0.0133156120532113
2021-10-01,2021,1998,0,0,46,8,-0.3365035040333084,-0.0008412587600832711,-0.004025493407463932,0.16750444105529058,0.00038881129887074014,0.0622557619709541
2021-10-04,2021,1998,0,0,46,9,-0.4815835336547917,-0.001203958834136979,0.04979164320547712,0.15852339732313422,0.0004364461357043243,0.04492296616820809
2021-10-05,2021,1998,0,0,45,28,-2.619789993586507,-0.006549474983966268,-0.12696566572908521,0.18801200895831324,0.0004461642212715465,0.02520756904242009
2021-10-06,2021,1998,0,0,45,1,-1.4730891203206569,-0.0036827228008016423,-0.05204304750728009,0.17551233278630082,0.0005019548568358714,0.04266851528675244
2021-10-07,2021,1998,0,0,47,2,-1.148452093848928,-0.00287113023462232,-0.06667371460205353,0.17795551331220383,0.00046787685560679537,0.029201423410843506
2021-10-08,2021,1998,0,0,47,1,-0.37275175532452787,-0.0009318793883113197,-0.03873592422668503,0.17329422192042865,0.0005057559987824211,0.03683545511104323
2021-10-11,2021,1998,0,0,46,1,-0.738809316577092,-0.0018470232914427301,-0.06487037572169477,0.1776512469685429,0.0004522107090755965,0.024334609881647856
2021-10-12,2021,1998,0,0,48,10,-0.5934907173046831,-0.0014837267932617077,-0.048112010016581074,0.17485527406198345,0.0003843732352729588,0.013151062427910969
2021-10-13,2021,1998,0,0,47,10,0.6293645715196048,0.001573411428799012,0.0010214508031255582,0.1666628835540691,0.0009729317658924817,0.010310700639538066
2021-10-14,2021,1998,0,0,49,4,-0.13066909412732086,-0.00032667273531830214,0.036621424434447075,0.16071893005746463,0.0004320531323314255,0.03965178705492574
2021-10-15,2021,1998,0,0,48,2,0.6441051055540438,0.0016102627638851094,-0.0017292056874445723,0.1671144324425072,0.000387242123587526,0.029354941905748257
2021-10-18,2021,1998,0,0,48,6,0.9141728141336498,0.0022854320353341245,0.13454399958367183,0.14437664417416218,0.00030605196454714745,0.013879231011870854
2021-10-19,2021,1998,0,0,48,8,-0.21608506460108812,-0.0005402126615027203,0.03672361950968878,0.16070367674927746,0.00040130574221155824,0.021560153688792806
2021-10-20,2021,1998,0,0,48,8,-0.8308081453081694,-0.0020770203632704235,-0.08383275579891135,0.1808090283352626,0.00026756229575084064,0.013539117104079816
2021-10-21,2021,1998,0,0,49,10,-0.7354264742476986,-0.0018385661856192463,-0.05985601470450985,0.17681201739180297,0.0002826295386443645,0.029351918748990284
2021-10-22,2021,1998,0,0,48,10,-0.00486907500292677,-1.2172687507316927e-05,-0.021489022914720483,0.17041233750618057,0.00035409763315657165,0.014842634160787932
2021-10-25,2021,1998,0,0,48,15,0.549568590831125,0.0013739214770778123,0.03678397241741639,0.1606908056449043,0.00028265175594972825,0.015299448406451085
2021-10-26,2021,1998,0,0,48,5,0.3901291871791638,0.0009753229679479095,0.05311821068099853,0.15796581027602324,0.00044588812562814214,0.019067080516122888
2021-10-27,2021,1998,0,0,48,8,0.23258152030770107,0.0005814538007692527,-0.009919058473802533,0.1684772043787658,0.00043829908149893804,0.016356824036972785
2021-10-28,2021,1998,0,0,47,11,0.11022904451929971,0.0002755726112982493,0.046254749244483195,0.15911626832088646,0.0009163034424616782,0.008529556721979083
2021-10-29,2021,1998,0,0,47,6,-0.34060684746346714,-0.0008515171186586678,-0.05379273699229371,0.17580637265271876,0.0004594757439656826,0.006810375855097868
2021-11-01,2021,1998,0,0,46,12,0.758881932043427,0.0018972048301085676,0.0024819634850293554,0.1664166393068083,0.0007787564435417946,0.06798013030258572
2021-11-02,2021,1997,0,0,46,8,-0.6370606688681173,-0.0015926516721702932,0.01265170532780784,0.16472022181860546,0.000731177898600001,0.045640287965738505
2021-11-04,2021,1997,0,0,46,3,0.9931066913370562,0.0024827667283426405,0.027852116613302554,0.16217981484407284,0.0007038372516919908,0.040497841129304664
2021-11-05,2021,1997,0,0,46,3,-0.6391734744397461,-0.0015979336860993654,-0.022596146875696197,0.17060126012921698,0.0005593125131002381,0.008040843537831516
2021-11-08,2021,1996,0,0,46,4,-0.18429819973219755,-0.00046074549933049387,-0.054139498846553925,0.1758607965360687,0.0006472167963324079,0.0058998147146313365
2021-11-09,2021,1996,0,0,46,10,1.5666812083706978,0.003916703020926744,0.05981986260186871,0.1568463432980873,0.0006157736032100268,0.007367708828964295
2021-11-10,2021,1996,0,0,46,11,1.5899288268886735,0.003974822067221684,0.0020238901288893397,0.16649425200109078,0.0010055741534625835,0.005568460902475335
2021-11-11,2021,1996,0,0,46,4,1.9220488670178162,0.00480512216754454,0.09033056143334914,0.1517595343575638,0.0009938178782284374,0.007964964664080377
2021-11-12,2021,1996,0,0,46,1,1.2786119754240746,0.003196529938560186,0.04335648639786495,0.15959447528671453,0.0005713336070582005,0.018693911109565333
2021-11-15,2021,1996,0,0,46,7,1.5538547601072126,0.0038846369002680315,0.005619853234142716,0.16589367955828616,0.0005694449778787818,0.03084375467818386
2021-11-16,2021,1996,0,0,45,5,-0.4755348869036158,-0.0011888372172590394,-0.04891268699534031,0.17498703508108546,0.00037550353305585094,0.026729486443670476
2021-11-17,2021,1997,0,0,45,6,2.440424189971794,0.006101060474929485,0.07691518657528978,0.15399703263313813,0.00036876369131085576,0.040689303717113934
2021-11-18,2021,1997,0,0,45,6,1.3983093477028212,0.003495773369257053,0.03900033150289839,0.16032133892512695,0.00035203157148016386,0.010346048422302617
2021-11-19,2021,1997,0,0,45,6,-1.346273935785608,-0.00336568483946402,-0.10018072963731306,0.18354128004117373,0.0005662891411718669,0.05284412865365876
2021-11-22,2021,1997,0,0,45,6,-0.8807907860194724,-0.0022019769650486807,-0.08785973998607706,0.18148534331119048,0.0003032594991996485,0.016566110647601405
2021-11-24,2021,1997,0,0,47,11,-0.3465607133359274,-0.0008664017833398185,-0.049842406492026335,0.17514865554483308,0.0005252593480439997,0.010489254301257706
2021-11-25,2021,1997,0,0,48,10,0.48578479534102836,0.0012144619883525708,0.006240081711839301,0.16579244118435676,0.0009145547185837782,0.013553442346217226
2021-11-26,2021,1997,0,0,47,3,-0.15712517556212946,-0.00039281293890532364,0.024653639367077894,0.1627175328566884,0.0004673259083549028,0.044443676667983156
2021-11-29,2021,1997,0,0,46,11,-2.457282652794083,-0.006143206631985207,-0.12619986124309354,0.18788647965060068,0.0007717765908274393,0.02764691273912674
2021-11-30,2021,1996,0,0,46,0,2.068488978504106,0.005171222446260265,0.1400531342293536,0.14346544377377313,0.0005283112388947898,0.03748484367541945
2021-12-01,2021,1996,0,0,46,5,0.08739404942449802,0.00021848512356124506,-0.01949059151706224,0.17008524344497436,0.0013164397606908948,0.030919905496078252
