Date,ValidationYear,sgd_only_OfficialDailySpread,sgd_only_AllStockForecastMSE,sgd_only_MaxAbsolutePrediction,sgd_sqrt_OfficialDailySpread,sgd_sqrt_AllStockForecastMSE,sgd_sqrt_MaxAbsolutePrediction
2017-12-29,2018,-0.9902309294613092,0.0007344387634256,0.1161540298926097,-0.1157963166863456,0.0003244763325256,0.0110953948474903
2018-01-04,2018,0.560737305741976,0.0044589997100028,0.3663535862734984,-0.7934992325530539,0.000507967057001,0.0502623461664013
2018-01-05,2018,-0.4907121058437612,0.0022495046501589,0.2355007541763979,-0.7263310562630128,0.0003853640286051,0.0136090382855128
2018-01-09,2018,0.7363445181161619,0.001862656765567,0.3208586623298796,0.8187999515056246,0.0003972439390708,0.0365503867320053
2018-01-10,2018,-0.4676772475464092,0.004590367262564,0.3684102759892347,-0.3871744475456357,0.0005650948932276,0.051197319574282
2018-01-11,2018,0.1148407565473309,0.007714443206556,0.7163351665501742,-0.5318506024708286,0.0005404626312057,0.0358250412989806
2018-01-12,2018,-0.3299764227917987,0.0026043859899115,0.4376799962387586,-1.769857425992842,0.0005256182807766,0.0883283228873544
2018-01-15,2018,0.2470277531477338,0.0016317829203614,0.2995484134925321,-0.5743668135829536,0.0004102604533261,0.0197643302636367
2018-01-16,2018,0.3965466694610506,0.0017245706246037,0.4218050487643808,0.0768622476571381,0.0003969401903871,0.0582177382508538
2018-01-17,2018,0.5740827198727533,0.0017302046603898,0.1493122242648393,0.0345219944877788,0.000383520354748,0.0276052442849196
2018-01-18,2018,1.2304764944748734,0.0006833132837142,0.0898287199102288,-2.020524932555614,0.0005347306995527,0.014396504390251
2018-01-19,2018,0.1091219427172474,0.0005278094218651,0.2150654443636842,-0.6891691107617111,0.0003199068299637,0.026580690800456
2018-01-22,2018,-0.072835472602642,0.0013072622922479,0.2871239501293344,0.7650317171533284,0.0003681392737761,0.0501144700007359
2018-01-23,2018,0.3531067965308332,0.0048578506384996,0.6293895751268608,1.0118323842008197,0.0004265805597623,0.0155995428868854
2018-01-24,2018,0.0093067906409067,0.0017239296494932,0.1357358051652056,0.5965794959433414,0.0003246707635394,0.0200703419607362
2018-01-25,2018,-0.4188990127149306,0.0008916833840428,0.1305366095877186,0.3720745001087749,0.0004343327210718,0.0159035880499982
2018-01-26,2018,-0.3906901182399163,0.0020452780893779,0.3740549157880015,0.615253410363203,0.0005103614575252,0.0456719548208751
2018-01-29,2018,-0.0520263089190002,0.0054850751187211,0.3544609901435557,-0.6881757931510442,0.0006761510120316,0.0171783967147468
2018-01-30,2018,-1.4025290610049184,0.0039889311348442,0.4286983323165751,-0.027850328829587,0.0015688913502005,0.0337872272194738
2018-01-31,2018,-0.5076067806798015,0.0049058419345839,0.5390938850347362,0.0938789616594357,0.0004933359970407,0.1538944959055457
2018-02-01,2018,0.0822025150695617,0.0162792945494598,1.4441754273667644,-0.2467075173485762,0.0021074964124734,0.4052059564410347
2018-02-02,2018,-2.196842285214423,0.0058172351205166,0.3876376766168241,0.4330214340854947,0.0043725642483789,0.180361337535611
2018-02-05,2018,0.9988530390380006,0.0047394414235646,0.1729981106229883,-0.7542768210701044,0.0016696092247468,0.0682550713978348
2018-02-06,2018,-1.6824528489972974,0.0959346593913543,1.0521734861656564,1.7199219425437222,0.0667270056921071,0.9058925887343624
2018-02-07,2018,-0.0162597332891003,0.0016408928096813,0.2104983091157661,-0.3777796777228115,0.0009479783540726,0.0508686182547871
2018-02-08,2018,1.34648488967979,0.0021473063469042,0.2362044082373223,1.192200332777151,0.0013589324152669,0.0957438454441582
2018-02-09,2018,1.0180312654316643,0.0074917320982374,0.3289297364675723,0.2309826673532931,0.0010605931800823,0.0770876449776455
2018-02-13,2018,-0.3955847792673812,0.0075314432260976,1.0697215852815414,0.0119918347795719,0.0014112412773528,0.08870304655615
2018-02-14,2018,-0.6466268304768081,0.0093315247642329,2.209528456413898,-0.1563036970320093,0.0015052630773192,0.0971671326785595
2018-02-15,2018,0.699826415890958,0.0222136771769474,1.193409954728028,0.7401290709779698,0.0008576904417473,0.1793382407087102
2018-02-16,2018,0.6756872701386241,0.0012505874729428,0.4116093545144687,0.000249195203011,0.0004427960285017,0.1212322202263413
2018-02-19,2018,0.4297168037729193,0.0023110530159893,0.32628997653985,0.1368241652038779,0.0008114379056218,0.1755769715526685
2018-02-20,2018,-0.0657278531433572,0.0023558177192954,0.2155662730877117,0.0634721690252995,0.000363791751905,0.038402241606139
2018-02-21,2018,-0.9154800956908692,0.0012291968310091,0.3719551840153154,-0.2061385411449854,0.0003356351964199,0.0567079816570945
2018-02-22,2018,0.2425307698929091,0.0030016328752983,0.2229430462231798,-0.3634038832386312,0.0005172674664364,0.0316173495692219
2018-02-23,2018,0.7283939756678173,0.0017683020054739,0.4354454405269002,1.020385033926954,0.0003442986693189,0.0203712048672043
2018-02-26,2018,0.7346184926508468,0.0057572852515447,0.7876837710025046,-0.11176259133262,0.0004299416453434,0.0478028580650675
2018-02-27,2018,-0.4046610599642339,0.0005378233516386,0.0674319962088643,-0.9003346273106625,0.000543610939935,0.0244523334401821
2018-02-28,2018,-0.4739210347566587,0.0009575402508431,0.3017100592474243,0.4605302001961702,0.0004123700197083,0.0179354048056688
2018-03-01,2018,-3.3898620611601498,0.0017700695115289,0.2117925359527319,1.06725019334707,0.0005904061542897,0.0266294556940068
2018-03-02,2018,-1.8269659153344908,0.0021673333115098,1.2976944451201908,1.4972396364702676,0.002625607055145,1.526576389047961
2018-03-05,2018,-2.0108041629294866,0.0022351782238286,0.5633567475166171,-1.5119602251557034,0.0007487089670226,0.6902790208966126
2018-03-06,2018,-0.4746483669842232,0.0074269446466228,2.295167796782625,0.3479634213734844,0.0004552695414036,0.0825732052406353
2018-03-07,2018,-0.2225232556675846,0.0030114073552269,2.0060508253851173,-0.3840659782163065,0.0004240817789642,0.0483865891176421
2018-03-08,2018,2.52224131450047,0.0019293152116225,0.2862997792413124,-0.9739471514279134,0.0005339282987683,0.0156483176876362
2018-03-09,2018,1.5741337271265363,0.0014206092398377,0.6036114729178315,-0.3162350854151849,0.000380631551749,0.1082221312778576
2018-03-12,2018,1.1860117410622075,0.0053838995658214,1.1582643954771223,-1.5803359996935162,0.0005391036157153,0.1186215466949391
2018-03-13,2018,1.4471100976375595,0.0015610483732517,0.3600174192010502,0.5676437251732862,0.000468676091694,0.2506604884581601
2018-03-14,2018,-0.6260705460040004,0.0006096984243037,0.1775125157327848,-0.0854131499044208,0.0003825899149636,0.0319040608585781
2018-03-15,2018,-0.4498468701667915,0.0029838964850522,0.5909019714611456,-0.773091291339945,0.0004662967263835,0.0240553052519922
2018-03-16,2018,-0.4984986079646146,0.0024709490224665,0.9698207415154396,-0.1317059489949302,0.0002597853530905,0.0332643332613655
2018-03-19,2018,0.030202403767267,0.0040503816292913,0.5196991870502181,-1.32371738432516,0.0007281968345616,0.0235986437280988
2018-03-20,2018,-0.6098918849705681,0.0044867637604624,0.9474016176214842,-1.2235704007543262,0.0016552744188481,0.0188983668927015
2018-03-22,2018,-0.4257619333930176,0.0017944666459458,0.2396619415085941,0.0349920039047916,0.0003326706933637,0.0227432296930117
2018-03-23,2018,0.3313698481154272,0.0021167281525626,0.1192341726314833,0.7108193859151681,0.0034271026422239,0.0717534049285283
2018-03-26,2018,-2.834707547371875,0.0020800783484699,0.09590804140221,-1.5736254153172244,0.0005286680267117,0.0140340673291695
2018-03-27,2018,0.0939257932369714,0.003227445622315,0.3643420625849433,0.2312612998783718,0.0004948486813472,0.074895688948664
2018-03-28,2018,0.4846654465289699,0.0015206003348173,0.2088497929089127,-0.8645568062015421,0.000715737289667,0.085100406293402
2018-03-29,2018,0.2287411969836572,0.0030176608860473,0.3077576660741616,-0.2005634233930613,0.0004581760551314,0.0390365065704452
2018-03-30,2018,1.7897912105011493,0.0078770279577987,0.9529018305600816,-2.601802728403339,0.0005361219532346,0.0284507921960871
2018-04-02,2018,-0.1650444223789891,0.0020976392124133,0.1997386293351228,-0.7003414977183116,0.0005118084642279,0.0378646624773696
2018-04-03,2018,-0.0864692127878923,0.0073889703059723,0.3070969541048376,0.1770320105285051,0.000395885810976,0.0272225398350462
2018-04-04,2018,-0.2593782836504772,0.0020204105062947,0.5020207907221947,-0.1177440681572818,0.0004591780574539,0.0511253758568542
2018-04-05,2018,1.848384989657617,0.0046962137901887,0.6814750239927605,-0.6635425889278623,0.0003629288370179,0.0421932622153489
2018-04-06,2018,-0.506087320584088,0.0014087696705246,0.1573634662463452,-3.1475241615536933,0.0004219491349369,0.0531414473289161
2018-04-09,2018,2.1990886127949523,0.0020687960249572,0.2306896805388876,-4.969353286303022,0.0005828786740591,0.0285277296044844
2018-04-10,2018,0.151939085721404,0.0017965922262885,0.3315731619486954,-1.601701864198666,0.0003697158983818,0.0295026117683822
2018-04-11,2018,0.3668972843009862,0.0012965070916435,0.2596208892697151,1.1148946754651952,0.0005014747900125,0.0275932475901395
2018-04-12,2018,1.3892379653682172,0.0013733532783038,0.2682918455309097,0.9464666451207178,0.0006241624211407,0.0227269586874802
2018-04-13,2018,-0.7826868495777015,0.0028102429765794,0.4912976702482413,-1.4318523251672008,0.000645561527943,0.1161460883148861
2018-04-16,2018,-0.2616483509168987,0.0037654198609564,1.293367792710005,-0.8605846678982725,0.0005245596938589,0.1168891486903743
2018-04-17,2018,1.072243350102129,0.0008128651571783,0.5878203192508383,0.3245129618077255,0.0004636694541249,0.1533985166557508
2018-04-18,2018,0.3790234297650521,0.0037133045781663,1.3621204333498285,1.0094196350132547,0.0003481373527218,0.0493642926770051
2018-04-19,2018,0.7149491106424243,0.0042345982171176,0.8479261868043177,1.248972811161723,0.0003933779374516,0.149648188577672
2018-04-20,2018,-0.8431640377676838,0.0018659951896415,1.265073867818315,-1.4151780312729485,0.0003439609780893,0.0390249691063952
2018-04-23,2018,-0.1555546577060281,0.0044113147562031,2.207715853859072,-0.4943147646220702,0.0003258427322164,0.0205594658698064
2018-04-24,2018,-1.501691604278066,0.001173171088527,0.4046156198546277,0.1761252256826684,0.0004041817456499,0.0428569526788515
2018-04-25,2018,0.944000464906078,0.0040598630132603,1.298816600559327,0.0235999898398659,0.0005555571415806,0.1542036180677197
2018-04-26,2018,-0.3409651681492024,0.0018598240252127,0.7611101605720934,0.8746985894445647,0.000727189408806,0.0651308337514226
2018-04-27,2018,-1.411104032563364,0.004098744572862,1.5400998061313014,-0.966553481313874,0.0004471284373039,0.2765715853818299
2018-05-01,2018,0.7169747584145267,0.0073982849218491,1.117202275629532,0.0383154394607355,0.0007609008707911,0.1756840548464469
2018-05-02,2018,1.2827514692200004,0.0028081160586708,0.6860657205603014,1.0449584122696316,0.0005099096683045,0.1609541223273601
2018-05-07,2018,0.8735303500103804,0.0089765963391792,0.8603696985843162,-0.4612462760925984,0.0008833663829344,0.1145791797918137
2018-05-08,2018,-0.6113463615287413,0.0210350146298444,1.893843179892607,-0.9088773456340652,0.0008652144358538,0.0521358464702165
2018-05-09,2018,-0.3976137150254892,0.0057732775176239,1.405669770765316,0.8741915295452457,0.0009433301503389,0.2687749749488214
2018-05-10,2018,0.9875467345254278,0.0038026959924561,0.4437198480046871,0.2890021496474192,0.001093156838995,0.1381619207087449
2018-05-11,2018,0.9911821919335544,0.0222343515978258,4.449510800104073,-0.0334967813861578,0.0061268366182717,3.1667244418224056
2018-05-14,2018,0.0575438809828368,0.0939760741602547,7.904855053641462,1.2732363436746958,0.063663414866142,10.326007766429392
2018-05-15,2018,-0.3877501721940862,0.1938746267855509,14.087551664642657,0.4095539673604643,0.0574429218578666,10.298180746829564
2018-05-16,2018,-0.2927479691256326,0.0373099756646551,6.4105973425928475,-0.1187967894993099,0.0012121810544595,0.2827009960002967
2018-05-17,2018,-0.64554769159965,0.0125666836087906,2.7849026849419567,0.1821524237218078,0.0006211769672374,0.1714970001434756
2018-05-18,2018,-0.2087153786501926,0.0045569954376043,1.4995954450924054,0.4881643409794295,0.0005926771322548,0.1257374715585291
2018-05-21,2018,-0.2160609184672407,0.0020184256625718,0.9048007806980182,1.0858622208088025,0.0004164410845196,0.3285011536126648
2018-05-22,2018,0.7760495679121189,0.0094916545679582,2.7791829335881273,0.349600506506827,0.0005169945174025,0.1288017679666868
2018-05-23,2018,-0.2890804919384819,0.0163203155498726,3.741634902590601,-0.3855313354487931,0.0009906774494768,0.1549131040143663
2018-05-24,2018,0.0550186650395942,0.0102671400620493,3.2273076274545525,-0.4121676144683851,0.0005259201268633,0.1758790207839335
2018-05-25,2018,0.8237285234777256,0.0041111273610213,1.4356604985327122,1.1204711873643478,0.0002557975824686,0.0330976281804534
2018-05-28,2018,0.8679346372464312,0.0026175746799015,0.6718919911556874,0.4123283368924229,0.0004916205696909,0.1550563343777693
2018-05-29,2018,1.2094012092654003,0.0030546082343974,0.7392726701118223,1.0199437752690417,0.0006465174292298,0.071907785732412
2018-05-30,2018,-0.3254849073913754,0.0055043928035799,0.94208027596739,-0.3107739065635886,0.0005694490939851,0.0376868050516599
2018-05-31,2018,1.777922840446338,0.0063967838260672,0.7049087446592956,-0.4422428358709351,0.0005058337064083,0.0637915940363254
2018-06-01,2018,0.3400779591221142,0.0105879166835911,1.613972487708143,0.6373474925596572,0.0006208430525181,0.1977322310849411
2018-06-04,2018,1.2056569153584984,0.0017388418687749,0.7141932700270803,1.4533467494017895,0.0005246797268073,0.1588373812774369
2018-06-05,2018,-1.0636514153387695,0.0009026373397247,0.3710480470918217,0.3096028006940001,0.0005178443251482,0.0854564684092853
2018-06-06,2018,-0.3822040437998186,0.0014225644636028,0.4585074192594507,-1.9074025077461336,0.0003677528337428,0.1215800006701383
2018-06-07,2018,0.3819646155411666,0.0017090996288487,1.0621389160570605,0.1895359797362081,0.0003980304035361,0.1522975528761988
2018-06-08,2018,-0.8860624119659244,0.0010778001012227,0.1522250577595998,0.2887023017428648,0.000259007779201,0.0263953530257476
2018-06-11,2018,-0.3164562444721133,0.0018433756621718,0.2789226616973631,-0.2841860487714691,0.0003485442585751,0.0457988504073924
2018-06-12,2018,0.0683377268333975,0.0010668365946078,0.553468412366637,-0.2237331035170736,0.0009134058064101,1.0038071754719395
2018-06-13,2018,0.6785679430712925,0.0047969021228989,0.7947373619123558,0.2961707416269487,0.0007039084783831,0.7441012263586212
2018-06-14,2018,-0.5033589072025317,0.0023211763352237,1.002349091056716,0.0564438930811825,0.0004180475513797,0.0574913815479928
2018-06-15,2018,-0.738220539147393,0.0038189118523537,1.1653402397781574,0.5800049989373504,0.0005136065582608,0.0262052067905687
2018-06-18,2018,-0.0065754436859064,0.0047140351547065,1.3978695351198094,-0.1959273845444088,0.0005007102286158,0.0754389518897627
2018-06-19,2018,0.7527726831137774,0.0019307845646851,0.4367348685444385,0.5249385244930738,0.0005281331538966,0.0399990514148056
2018-06-20,2018,0.027436817198755,0.0008921037340177,0.2628108514615155,0.3522716665675676,0.0004248323720901,0.0194710624377565
2018-06-21,2018,-1.109002423963012,0.0051137793763781,2.5534523882408906,0.2217740065697091,0.0007674370041372,0.0681932702093543
2018-06-22,2018,-0.4891351309178497,0.0069080589917251,0.3656623539878767,-1.694061924921228,0.0004110700801972,0.0717776413665182
2018-06-25,2018,1.1631323103115494,0.0063598729414219,0.4764533283708936,0.0623636968298031,0.0007713175860184,0.0313358255700147
2018-06-26,2018,-0.0123679556174576,0.005915279007426,0.8245202436328212,0.6653946976018423,0.0003610861534198,0.0448660251041431
2018-06-27,2018,-0.1129207253842112,0.0077290284469154,0.6669834175629501,-0.7853866583865794,0.0003345157209213,0.1034132462103956
2018-06-28,2018,1.50845867627178,0.0060258753576468,0.8759354671123274,1.2801087350936695,0.0007532306030259,0.0505648679624512
2018-06-29,2018,-0.8512258466277499,0.0010037058229638,0.2974603263060033,-0.908977273568141,0.0004506744340261,0.0346080332978841
2018-07-02,2018,0.4184563464993087,0.0032610939445368,0.4817107928152989,-0.7671332556367572,0.0008173650730691,0.0429081309930534
2018-07-03,2018,0.0178176289059384,0.0036162528041587,0.3827540484435191,1.250051234857961,0.0005157820345287,0.0348282899111316
2018-07-04,2018,-1.789876719351176,0.0015911453189051,0.1396863207362549,2.679787426783192,0.0008061135488578,0.0963173351392592
2018-07-05,2018,-0.5500986732408921,0.0079915361930524,1.6022268333324317,-1.6515682625290613,0.0017458350323178,0.0705438915885271
2018-07-06,2018,-1.3292161946174776,0.0030192027923509,1.5426784512770182,-1.1350510120406485,0.0005807601001008,0.3133688505342729
2018-07-09,2018,-0.5918524704302117,0.0151960592284712,2.2298152345870372,0.0481604753114184,0.0009930033685308,0.5788779600460933
2018-07-10,2018,0.2623018452318353,0.0071749251249978,2.305162522663824,-1.7202788473385089,0.000440847802616,0.0313700144683322
2018-07-11,2018,-0.3821427000837971,0.0023416607271792,1.624276236200689,0.2712512117063708,0.0007510421257449,0.1084384935464611
2018-07-12,2018,2.406932758427911,0.0057261345895986,0.7192048875984776,1.0335454136688276,0.0006215765758538,0.169708370898894
2018-07-13,2018,0.2733749105739933,0.0066596138177807,2.4815590718435008,-0.4981763052336785,0.0003460974645101,0.0276691523671409
2018-07-17,2018,1.726317040099646,0.0011816997553371,0.1953082849793255,0.4978808306350706,0.000319445702042,0.031847526096238
2018-07-18,2018,-0.2114238068724244,0.0014470137047792,0.7411658681256096,0.0565949830778751,0.0003987851070377,0.0412502830122394
2018-07-19,2018,-0.1903686437517615,0.002481501237412,0.851745368215386,0.7790791381495947,0.0003369859697487,0.0586689837407957
2018-07-20,2018,0.1893381683983217,0.0019778870703283,0.960323798391808,-1.2906249171554485,0.000432582486499,0.0952310609200514
2018-07-23,2018,-0.8229685076899124,0.001212749357364,0.1265706559202011,-0.8293220323417941,0.0003677826310127,0.0767685847194261
2018-07-24,2018,0.062160723122856,0.0047020650043186,1.2279859755282845,0.790913553404327,0.0003163733579871,0.0398586142320124
2018-07-25,2018,0.3827996967598513,0.0011133641832881,0.237320210799432,0.0949664867916594,0.0003446067169446,0.0332789377329314
2018-07-26,2018,1.2258328761362425,0.0023013782240033,0.8443490627566408,0.5351640183829465,0.0008483594842359,0.0554690351700168
2018-07-27,2018,0.1220188231932146,0.0043962842765601,1.0219433155101665,0.6123308432799912,0.0007817295431029,0.0272279143731109
2018-07-30,2018,-0.082647076493691,0.011969356937793,0.9025401532129737,1.8367886992953504,0.000967663824671,0.1019899597885615
2018-07-31,2018,1.2297242021802628,0.0175923936909291,2.7258230403598604,0.44445094993467,0.0008115272655401,0.6873144729487211
2018-08-01,2018,-0.1606873867230682,0.2551677662953739,14.898456926871376,0.3124089075317584,0.0462941065846801,5.584738543856063
2018-08-02,2018,0.2258165232325091,0.013138006393804,3.6162278799951624,-0.5425499895689367,0.0016121896548002,1.1570276825316528
2018-08-03,2018,0.5988013613602255,0.0761175009834367,10.242631838824042,0.7378174033092733,0.000953069857942,0.1681473529136852
2018-08-06,2018,0.0820021625282502,0.0246616129099782,2.5195944800407344,-0.4078532939021516,0.0014059736754411,0.0977480380059465
2018-08-07,2018,0.0520364196433817,0.0416342941233516,5.556363733196154,-0.1341657496966316,0.0007027051450251,0.0849976520613439
2018-08-08,2018,-0.934739871518238,0.0091654183092126,1.0059014089850895,-0.1746680154139628,0.0010909692633596,0.0437317546813866
2018-08-09,2018,-0.4772754486966164,0.0139240741651673,3.084970116052699,0.4011978273980938,0.0017831821384887,0.1964769178108736
2018-08-10,2018,0.6207254250187857,0.0156039666786252,2.197756563800725,0.8014409576446484,0.0022471648460049,0.1488355032030417
2018-08-13,2018,-1.3265804667914076,0.032995948607815,1.3233179007062632,-0.6290267126231883,0.0006768607359436,0.1109374723092791
2018-08-14,2018,-0.1516916251893358,0.0152403806918186,3.2135824762482827,-0.1644031829375021,0.0032227292042885,0.2948065680998593
2018-08-15,2018,-1.19928006094519,0.0243268073667481,3.811723346241991,-0.2979039295120407,0.0007245025605094,0.241419992927105
2018-08-16,2018,-0.6118949140499832,0.0165113147416218,3.305765015993247,0.0560279940372137,0.001105382325959,0.1785696310097258
2018-08-17,2018,0.6073467080250857,0.0168308146336077,3.31409077877087,0.1270330283900904,0.0006498750712643,0.1602551765879161
2018-08-20,2018,-0.1762232740958076,0.0113211340373189,2.158397848572185,0.5767303343796593,0.0007558537683797,0.1163759142902253
2018-08-21,2018,0.1803256869192382,0.0081711655821715,1.80673359913128,-0.2000153515736735,0.0004965991192692,0.1196940562660731
2018-08-22,2018,-0.4167477576469058,0.0070483132036455,1.863157132723135,0.7772265070879885,0.0003332884491406,0.2128910574220917
2018-08-23,2018,0.949786793817557,0.0052644832442315,1.3065779616067597,1.0464770275805106,0.0005867192101742,0.1396185328092267
2018-08-24,2018,0.6259401670659746,0.0017277720360133,0.7737674850284535,0.2438450136486572,0.0003280227961934,0.0571413972308625
2018-08-27,2018,-0.3010796177506696,0.0057329558709004,1.4428104699320428,-0.365599961499504,0.0004511129639914,0.1095681465199233
2018-08-28,2018,-0.2444898583824365,0.0017861961626857,0.4719723654298888,1.0653749086240552,0.0004089999456252,0.1654070133229455
2018-08-29,2018,0.5543467506238928,0.0021643003026782,0.7106054924718211,-0.1902626148647854,0.0003245055424717,0.0841340523736553
2018-08-30,2018,0.1468186160376785,0.0031695398780772,0.7663748145772846,-0.2299695053600405,0.0007421206810427,0.0309747357803091
2018-08-31,2018,1.030038506139757,0.0006331107352744,0.1896071075458464,-0.7147227523650452,0.0003369282144946,0.0360706433883124
2018-09-03,2018,-0.1003410560504938,0.0008843837349331,0.1814359030914077,0.4897536939855135,0.0003747063595996,0.0518200776978535
2018-09-04,2018,0.8223549626963794,0.0020233478227923,0.6952949776575823,-0.9270502936669158,0.0004370651679587,0.0234634358914386
2018-09-05,2018,-0.3493013723080307,0.0024625378813114,0.3231045158448611,0.0057627385879308,0.0003298741793423,0.0249023143588744
2018-09-06,2018,1.0579609016311733,0.0020383596946007,0.3767206496118057,0.2855298583301935,0.0004626405392382,0.0497533950821542
2018-09-07,2018,-0.7945634012881326,0.0033253234756713,0.5187240211782643,-0.300830661428927,0.0003908801422262,0.0350818879850575
2018-09-10,2018,1.0888473269926249,0.0046564574930335,2.3550213286492125,2.262206985977844,0.00054092095929,0.268888410956232
2018-09-11,2018,0.233187484639165,0.0040820781668834,0.5287890125076957,0.0228073484947919,0.0003749619826945,0.1684196211269062
2018-09-12,2018,-0.0422754611059197,0.0045198815428087,0.4961293734971416,-0.8052283681617953,0.00075874422676,0.0531130953141533
2018-09-13,2018,1.0849318969359407,0.0026537564840663,0.2913314429963507,0.3598138091522829,0.0005160030431841,0.0282437910645483
2018-09-14,2018,0.8087364165853757,0.0008412846664911,0.1929164184752539,0.3729421526418832,0.0003959910537943,0.0664539607395514
2018-09-18,2018,-0.2190598618864933,0.0040252649458538,0.4778276713103413,0.1371605591405202,0.0006153240022759,0.0339971233153453
2018-09-19,2018,-0.2480597091612493,0.0011045298616307,0.2192351106103934,1.9249838474977208,0.0004296931160122,0.0845708102266948
2018-09-20,2018,1.1809184328295408,0.0023889657572636,0.3851090187219226,-0.1292456396251262,0.0005391176270053,0.0645572382307853
2018-09-21,2018,0.0742759816071049,0.0025907689087318,0.2178521582445321,-1.5308171566706748,0.0006336764671097,0.0577232395341138
2018-09-25,2018,1.3140282324859132,0.0049633611363062,0.297803047523798,-0.5162093474187768,0.0010857371672955,0.0606768740424695
2018-09-26,2018,-0.0447231423680636,0.0029134366025691,0.3529973409467589,0.9941823538694275,0.0004130605073559,0.0501075339669238
2018-09-27,2018,0.6234177336716658,0.0029355984045726,0.2240521987464139,-0.562658260755041,0.0007390580238492,0.0610758570572384
2018-09-28,2018,-0.5138477046870702,0.0015541870074951,0.2091265912119076,-0.198702179144868,0.0004394821577647,0.0718156826728418
2018-10-01,2018,-0.5170882359449434,0.0045643667918203,0.4517447822928239,0.1617349080602359,0.0004661964094395,0.0200309411030794
2018-10-02,2018,-0.4676385147239257,0.0009486073194084,0.149877722957539,-0.2520014274074195,0.0003393303855726,0.1314500150248756
2018-10-03,2018,-0.0847529828286826,0.0015743911886669,0.6042909169979771,-0.2583876871371764,0.0003590578032717,0.0727736757798336
2018-10-04,2018,0.6012084864999099,0.0021825937147257,1.148489547284917,-0.3259751725248763,0.000978297426147,0.4176728983477461
2018-10-05,2018,0.1123143294784115,0.0014529173218112,0.5547415194126039,-0.1500802570151973,0.0006597733055547,0.0285590847580549
2018-10-09,2018,1.0712869433353758,0.0033971513860745,0.2659615278270015,0.270474082338481,0.0007635146773806,0.0396367777520875
2018-10-10,2018,-1.410492640165775,0.002722838464546,0.4152005599603826,1.093919426144731,0.0005868923322407,0.0681071567564349
2018-10-11,2018,-1.543283446351218,0.0063336491310183,0.5896294796027337,-1.2027836890902035,0.0008751030725468,0.1715698457070205
2018-10-12,2018,-0.1212648061940622,0.0015793754540298,0.2626816134232558,-1.1944737828198333,0.0005358556335769,0.1067236756793785
2018-10-15,2018,0.3822178491104142,0.0022462046866712,0.1926762252896702,-0.0437971577060367,0.0016847055123215,0.0927499119079754
2018-10-16,2018,-0.1766814887964457,0.0045879107132611,0.7420038452038019,-0.3669708700462989,0.0003646206747398,0.0499651419978867
2018-10-17,2018,0.7890495331605042,0.0015168780575647,0.3451228640631033,-1.2452790580491822,0.0008883656693912,0.039992155126118
2018-10-18,2018,-0.0196327376588769,0.0018495989084227,0.3764684350344023,-0.3985080984438794,0.0004030874016474,0.0223634957316371
2018-10-19,2018,-0.5575466019894915,0.0050929696795835,0.4877173160444416,0.7637019693062128,0.0007371976493975,0.0372642028096162
2018-10-22,2018,0.5222708708123193,0.0026380462794117,0.5241656209969641,-0.4776988758962365,0.0003917190726777,0.0482315324169061
2018-10-23,2018,1.7554604974887935,0.0034337498151691,0.3126019961237474,-0.4196664599711877,0.0007765811940434,0.0505451257173684
2018-10-24,2018,1.0550619006655626,0.0019014813799744,0.4966779525089048,-0.299595635332913,0.0007762204997937,0.0238327890625736
2018-10-25,2018,1.125874158516788,0.0160960355951043,1.0590049461802369,-0.1197537532855119,0.0016000384642344,0.1819195948462664
2018-10-26,2018,1.1701742575819942,0.0022060147400746,0.8550181605318534,-1.3507286689224136,0.0023671521899526,0.2926031224561507
2018-10-29,2018,-3.8400664867012217,0.0144533195070052,0.9231466581363674,0.8304218923650679,0.0019589855111603,0.3927710958900575
2018-10-30,2018,0.9278618059832252,0.0128673104708484,2.104857938630808,0.6084799809482907,0.0016272050425245,0.0902419133254581
2018-10-31,2018,0.796767462650132,0.0324029538595364,6.850777967685159,0.4559903954806632,0.0056500145990879,2.832634680124458
2018-11-01,2018,-0.1558757315006759,0.0063842986018341,1.5243193238972046,0.0169677513369919,0.0007393378152653,0.4003894543097532
2018-11-02,2018,-0.4464617020054353,0.0093296901287732,1.5875003290947465,0.4652241949107195,0.0008558123345933,0.1151628059627642
2018-11-05,2018,0.0274095286883495,0.0030378645026296,1.2441642876662815,0.5579323596594498,0.0006750117330928,0.0544322083550993
2018-11-06,2018,0.1193825678029143,0.0022525397013759,0.4715793456074941,-0.9100530182250716,0.0007656118219931,0.0354426721257037
2018-11-07,2018,-0.2371851803895779,0.0101376426092042,2.401272326709398,0.4879724828731516,0.0007743166138777,0.0836149743593706
2018-11-08,2018,-0.1736472726959883,0.0612247375223281,4.0303706324015875,-1.1304307754034677,0.001503289379362,0.3090460359576741
2018-11-09,2018,-0.1967187000465275,0.0071195397480649,0.5290670043014132,0.4436572097235118,0.0008718839962533,0.0754988802642116
2018-11-12,2018,-1.3462739359831968,0.0560458800343587,5.0352903177440345,0.8081366679739883,0.0009648451927384,0.2980223940300046
2018-11-13,2018,-0.1546010766908326,0.011017772258405,1.480187319144322,0.8287931289555549,0.0015898227512467,0.508816434808243
2018-11-14,2018,0.1040865799000547,0.0151970575876431,1.08319625612724,-0.0078646083282079,0.0006034991533966,0.1212972376605442
2018-11-15,2018,-0.2131831460282578,0.0058484209107616,2.1678946502359446,-0.2701568386547057,0.00060501527745,0.0889740760254859
2018-11-16,2018,0.7860243115496706,0.004426476391489,0.5817314406882889,0.6200387696946226,0.0005827868303157,0.1925225182542727
2018-11-19,2018,-0.7140308337657743,0.0071606291846121,1.7414581933703357,0.4892562564171664,0.0006040421231799,0.0655520390737568
2018-11-20,2018,0.6238180872323923,0.0030096112560863,1.1242411159301324,-0.1544545115776978,0.0005712723947993,0.1176782521713729
2018-11-21,2018,0.5402039118733415,0.0028807563978113,1.3797632606731498,0.0640269486082008,0.0005216791687003,0.0998598098508562
2018-11-22,2018,-0.6627388263582981,0.0145023471268704,3.8110126760405834,-0.4117412165302323,0.0003360893567696,0.0708779310145872
2018-11-26,2018,0.2332720166983315,0.001170818355476,0.4628946453988672,0.3790108349895273,0.000454976769422,0.0792894602003568
2018-11-27,2018,-0.2823009527278821,0.0020084974337862,0.6021459511360056,1.1099377900347451,0.0003582350534525,0.0264789177113906
2018-11-28,2018,0.0569495541165425,0.0063877062569124,1.0772775872999711,0.1147788984269428,0.0003786926938199,0.0658916629564105
2018-11-29,2018,1.0392069435522977,0.0011023769136445,0.5656343770391156,2.02515897856655,0.0003941812295376,0.0399089340103247
2018-11-30,2018,0.8353246098062255,0.0029633394099843,0.8823915615200513,-0.4611792194853383,0.0010122604523255,0.0434906189261533
2018-12-03,2018,-1.814652171000966,0.0036725517337368,1.2341435359648638,-1.496643119632227,0.0006971928592211,0.0486011567993402
2018-12-04,2018,0.7686563582559733,0.0007736887215661,0.4058050574219804,0.5462016344956284,0.0003789910975355,0.0430314803246292
2018-12-05,2018,-2.1797499412944767,0.0017363920509954,0.1118006725277192,-0.360427689337476,0.000436987263154,0.0292384324681475
2018-12-06,2018,-0.9899141608262152,0.0013806399322289,0.2639462562269404,1.2495311964231264,0.0005207219106607,0.0620895170836104
2018-12-07,2018,1.819005479555805,0.0020704248188363,0.3534078903301765,2.0562800733137543,0.0008455286263006,0.0225064551810745
2018-12-10,2018,-0.749848359052077,0.0069926994703669,0.9494344476417806,-2.151061796733429,0.0021943812260144,0.0652995300153018
2018-12-11,2018,-1.6107415831801497,0.0029557893536628,0.3287563799473019,-2.472488302076736,0.0012200948029142,0.0404917771105198
2018-12-12,2018,1.11629305980441,0.0035935821400003,0.3559175640475632,-0.3293145478005135,0.0014196286449543,0.0308017730881141
2018-12-13,2018,0.975147237929231,0.0020989008335693,0.1512785141809676,-0.4501237314525614,0.0008514133398108,0.0337544305897936
2018-12-14,2018,1.306638488895084,0.0011677671959979,0.1924034731301375,0.4695722048067869,0.0006237220543529,0.030652391661044
2018-12-17,2018,0.7983683983145664,0.0023265155073005,0.3383652386398519,-0.6523068298723864,0.000517404017123,0.1662142408915628
2018-12-18,2018,1.553802344758858,0.0013399229692491,0.1778206084550589,0.2029858143433331,0.0005636536494657,0.1277441536550356
2018-12-19,2018,-0.1718522464460683,0.0022557553177915,0.3025796100504799,-0.2275534768743359,0.0012468638227177,0.0409866925056614
2018-12-20,2018,4.355755340039298,0.0105053515540214,0.5214790085159526,2.6333036353482377,0.0012985115348857,0.0627158927826714
2018-12-21,2018,2.3600872709373957,0.0093078095456221,0.6731858374727379,-1.400726223769305,0.0028311305354638,0.0453545338337674
2018-12-25,2018,-0.934194062231084,0.0124823179875091,0.3098168185509287,-2.8110999250074524,0.0165934096617942,0.2050229009280194
2018-12-26,2018,-0.0243281722735864,0.009870484728871,0.3003176877207396,0.9309638927662272,0.001275558170332,0.0895580434563654
2018-12-27,2018,0.1068543968483473,0.0149468557424168,0.382366919678773,1.3631828712559446,0.0125616184836404,0.2649509983806975
2018-12-28,2019,0.5580027052483736,0.0039018576756564,0.4171532687070098,0.1530843116229885,0.0014433445120725,0.0851654492803623
2019-01-04,2019,-0.2314220088813898,0.0288033890188842,0.9851889751749676,-0.2659482627928551,0.001047006524539,0.1116123953067478
2019-01-07,2019,0.2475632655283117,0.0024067299861928,0.2284567881267696,1.5954555754606732,0.0011972192327108,0.0736545036603851
2019-01-08,2019,-0.0579978175201001,0.002152511972128,0.2756192014505186,-1.2246974346695527,0.0006458587143637,0.0709575888710574
2019-01-09,2019,-0.3562146347581422,0.0018967110268129,0.2303617536257504,0.0358102409048393,0.0004978673766241,0.0522205590860614
2019-01-10,2019,1.1210208805980697,0.0012572797203587,0.1754206499783563,1.1643373576639615,0.000901519253675,0.0520804670950249
2019-01-11,2019,-1.4626967203627674,0.0037391980606528,0.2672207369441937,-1.2938901243977348,0.0004745720199162,0.03459649294818
2019-01-15,2019,-0.4281511694897957,0.0040475356087267,0.3817642401140653,0.5925357865005492,0.0004113902337991,0.0382837029854961
2019-01-16,2019,1.2520941869672877,0.0017422987109436,0.3914184711761647,-0.6093537867657779,0.0006164586773617,0.1499887689010863
2019-01-17,2019,1.7161180627987769,0.0011289808612397,0.2969060176048067,-1.3529432166543331,0.0004659214151788,0.0450368433688733
2019-01-18,2019,-0.1246985603100387,0.0016200455538713,0.1816371876952547,-1.266377735828483,0.0005658307226852,0.0271458846295864
2019-01-21,2019,0.7459371919231417,0.0022519127954982,0.4191485192156221,0.0037773272215692,0.0004456398074098,0.0316822876189174
2019-01-22,2019,0.3003784768775825,0.0016570057303074,0.1679113405946272,-0.9393958665196404,0.0005163839220445,0.0285756807410104
2019-01-23,2019,-0.0084323341753802,0.0044910454244497,0.2668401333968038,1.1803966737822376,0.0005321542090047,0.021883281486977
2019-01-24,2019,-0.0916538419487398,0.0032135587445741,0.2268533965702605,-1.320505154216172,0.000578504635378,0.05008375572517
2019-01-25,2019,-0.3426830095913741,0.0019292151659638,0.471432289310748,-2.825003853902168,0.0005559282683032,0.251992252607664
2019-01-28,2019,-0.0172967182415977,0.0013059436126701,0.2481337235203871,0.1794956944168717,0.00063686738502,0.1604705483833445
2019-01-29,2019,0.5649929458782057,0.0024637679465764,0.4040077134408606,0.4334757469144334,0.0007829406370965,0.0629322568062945
2019-01-30,2019,0.248940192908266,0.0036057976354348,0.4699236465917245,0.4018800308667412,0.000988962669631,0.0816948452438765
2019-01-31,2019,0.1948814798950549,0.0023442097719954,0.4975039142822789,0.5866808174153944,0.0007626894441271,0.1204181634448386
2019-02-01,2019,0.9271707196092284,0.0034473624195458,0.4869185651344157,0.730065018068236,0.0005986889388777,0.1318185961218443
2019-02-04,2019,0.0859600517093657,0.012281052113133,0.6923644618529562,-1.3482447648056444,0.00139619647035,0.9337868382095428
2019-02-05,2019,0.3231874953208429,0.0053614601690104,0.5827842982580596,-0.0202286310799173,0.0006808817935392,0.0561431917539121
2019-02-06,2019,0.7600859257288439,0.0032166756208147,0.7137292061986521,0.041928121935399,0.0011316963622414,0.1421049706094015
2019-02-07,2019,-0.0641793753505801,0.0079797578768225,0.4690048059248248,-0.7714232316468785,0.0019188759553569,0.0907753677504393
2019-02-08,2019,0.3709966757906291,0.0153217327643515,3.4621651765077535,0.7968666185115618,0.0025553646374002,1.286224979829758
2019-02-12,2019,1.4426603602047257,0.0177962192257847,1.6476305248350496,-0.1269791885940876,0.0014998120076363,0.9679244455597134
2019-02-13,2019,0.486099875948182,0.0300435541553893,5.252641583872821,0.3020843571315463,0.0021058522531397,0.3680374200171674
2019-02-14,2019,-0.3289481421776683,0.3922155943653556,20.04728000833982,-0.3843105282274828,0.0561707893391298,7.701450666619551
2019-02-15,2019,0.5548431933692367,0.2289697998003971,18.17311207137766,-0.0585018114483281,0.0017476546437947,0.2714786261459067
2019-02-18,2019,-0.1850387521501657,0.0158952558929552,2.84964075053174,-0.268240273819043,0.0012460593143987,0.5800698823898712
2019-02-19,2019,0.995547532360804,0.0158336588973971,3.532111670998159,0.6950697574989487,0.0008297864318902,0.2897341482321915
2019-02-20,2019,0.126091381367084,0.0379080397389019,5.620996069717988,-0.1350110491512834,0.0007870601811192,0.2241468342809733
2019-02-21,2019,0.567101975533546,0.0121211775587098,3.3315169065181935,0.6522176407321583,0.00063133069913,0.1424362245655069
2019-02-22,2019,0.0674445024781731,0.0089173444849006,2.0355142976167975,0.0096210412568918,0.0007390512175657,0.1978886903159678
2019-02-25,2019,-1.5427368479540904,0.005413123928166,0.8133120842780521,-0.8273912583144803,0.0007839220224831,0.5780994054659419
2019-02-26,2019,-0.2651302817554297,0.002975596605536,1.5136389660581522,-0.6063960298253239,0.0004800650090629,0.0741072499101903
2019-02-27,2019,-0.0053268182139086,0.0175276173678858,4.45182766455273,-0.4184741110393074,0.0004309471235606,0.111366352911261
2019-02-28,2019,-0.1721025162944807,0.003741807851337,0.6882924822396471,-0.2718014014810019,0.0007320461201601,0.0907328520413183
2019-03-01,2019,-0.1582053687446434,0.0037521608223135,2.10201269409279,1.1840865220009134,0.0004228826146078,0.0890870480246528
2019-03-04,2019,-0.1128360103639005,0.0034275767563821,0.7020277715730379,-0.7478267599611059,0.0006742774327158,0.0737129164077024
2019-03-05,2019,0.126720048897301,0.0017881845133677,0.8635387092532754,-0.4378599051781306,0.0004615117330754,0.134001935683796
2019-03-06,2019,0.1783512370882105,0.0039754115362257,0.4504565295468747,-0.5117405937006092,0.0008829004340526,0.1125973271719399
2019-03-07,2019,-0.0727399953905316,0.0019137147826701,0.3955684850027294,-0.5286678791644687,0.0006428173861651,0.0724296972690912
2019-03-08,2019,0.1534318384645825,0.0071157709967964,0.4940001157411269,-0.3907918205222636,0.0019113316272569,0.5048039472911194
2019-03-11,2019,-1.179520497151931,0.0035324829961771,0.969639406210475,-0.2298282174900663,0.0006209886657547,0.5342915807713402
2019-03-12,2019,0.9925293844121784,0.0024315401168213,0.7915809719023549,-0.0533884656326696,0.001189643562224,1.2221262962490476
2019-03-13,2019,0.0531153005810216,0.0024828128752617,0.7949028001572331,0.1944766469909276,0.0009215128312685,0.7806721230556067
2019-03-14,2019,-1.3197027730143711,0.0012321839063039,0.4467003650427738,-0.77798968329195,0.0006922136883329,0.0464667105164459
2019-03-15,2019,0.6016200867592714,0.0021355399574917,0.5823621091157041,-0.3853926623881761,0.0003908240896077,0.1421858532019437
2019-03-18,2019,-0.6520491368996219,0.0115710026200613,1.277903523341258,-0.0973067605158202,0.0003113764384807,0.0787984919978408
2019-03-19,2019,-0.0942977631646462,0.0015330837372961,0.1679127237808179,0.3076025471755044,0.000423584043987,0.0565208051534107
2019-03-20,2019,-0.4244818460177226,0.003030005261839,0.5073972626940946,-1.8741825597554669,0.001089907975061,0.0239544175488363
2019-03-22,2019,1.0492764242303585,0.0024244964432864,0.3580409296203193,0.7430202825015257,0.00094837280817,0.03976995034866
2019-03-25,2019,1.2072702149891028,0.0030794706824248,0.3534258693085984,-2.7274230121873217,0.0006967717030068,0.0363855957058307
2019-03-26,2019,-1.3784344902210075,0.0116353853287666,0.4226754768454546,-0.7486862861401886,0.0022631698650307,0.0477741751395271
2019-03-27,2019,0.5280039503718947,0.0044996310979754,0.5757356081041224,0.954476284812615,0.0004030507843378,0.0592915644717022
2019-03-28,2019,1.5489315631386054,0.0033448325295112,1.1972255934153029,1.2790425520340407,0.0007296221331254,0.2973503820055611
2019-03-29,2019,2.31678842421716,0.0021903547655062,0.5483039770175382,1.0055233990926928,0.0005853106245549,0.3567887642684186
2019-04-01,2019,-0.5710283295048315,0.0010482609639306,0.2008053756193051,-0.5300970337826627,0.0004322009097913,0.2299507434671092
2019-04-02,2019,-0.3130106783173562,0.0024705972212474,0.533359609214115,0.0078981375491376,0.0004007913105282,0.0936777419604603
2019-04-03,2019,-0.0284867746676973,0.0022271539729947,0.2092292976224147,1.985205689312581,0.0003412963831963,0.0588152747046588
2019-04-04,2019,0.2970509340280593,0.0027645614932833,0.2408439327917089,-0.3437025644964914,0.0002977509197941,0.0268181489519485
2019-04-05,2019,0.7545419338014016,0.0016931415875591,0.3561799587645045,0.6525055504923202,0.000350893947237,0.0470106714502888
2019-04-08,2019,0.2207017708938043,0.000725112302718,0.1175169656204725,-0.0277047483332203,0.0002294810181147,0.0514363750858199
2019-04-09,2019,-0.1334205355326849,0.0048377072464587,0.8179637397349498,-0.3367845224214348,0.0003519175298817,0.0649283621151578
2019-04-10,2019,-0.3893300903165865,0.0033472370785465,0.3677864702798116,0.1485539759081482,0.0002860679213903,0.0158201006365767
2019-04-11,2019,-0.1777206650129583,0.003725034580161,1.1657594678576468,-0.8291786780852197,0.0009446381689593,0.2237960675961062
2019-04-12,2019,0.3812898168938576,0.0021671196091564,0.8304439458246798,0.22382834013441,0.0003334494734079,0.0555152553389367
2019-04-15,2019,0.0038482965349144,0.0059428419371004,1.2250261387020236,1.3223026699253269,0.0005192805169621,0.0633985630497609
2019-04-16,2019,-0.1320274239342693,0.002278154064004,0.7506607124061333,0.2158562535401262,0.0004595331310792,0.0948926748426894
2019-04-17,2019,-0.2332366610079218,0.1073906992237457,13.846417225699552,1.178531110326489,0.0051347521999711,3.055472744328259
2019-04-18,2019,-0.2742704163657455,0.0449610349148176,8.882818350202742,0.5941196569595513,0.0033330549428705,2.372615518517519
2019-04-19,2019,-0.1077553681835339,0.0014967072332485,0.9780515689139974,-2.1675162953419043,0.0002574880430271,0.0239717577564799
2019-04-22,2019,-0.1319102222032087,0.0046353873374938,0.6538141819398382,-0.3429723867952629,0.0003715721927852,0.019453183485953
2019-04-23,2019,-0.1992501879568113,0.0021304259401011,1.1905508731276702,0.2008056187227846,0.0003644049872042,0.0180904067010662
2019-04-24,2019,-1.0831625468710326,0.0049065386156701,0.6015097119066495,0.2409463903568378,0.0004248414565364,0.0513493340452066
2019-04-25,2019,1.408873526704651,0.0101515853092824,0.9298990793010212,-1.1353010743016183,0.0011117414840756,0.0536013518013231
2019-04-26,2019,-0.6501464359355418,0.0077854850197723,2.6035003107410266,0.94108588289475,0.0006386661158844,0.0290456401718037
2019-05-07,2019,-0.4629020412899116,0.1651247604691396,15.988036743362748,-0.4938818759611161,0.0218637836804482,3.5166281244623256
2019-05-08,2019,0.2506574778504346,0.0283470093911392,5.963881584937558,-0.9422256398595376,0.0013523824507939,0.3079573899643378
2019-05-09,2019,-0.7353183447576626,0.1099914512074832,14.112076396565088,0.1319104321780235,0.005236151425903,1.59181717727496
2019-05-10,2019,0.916179675246224,0.1666562995917624,3.896725050120007,0.3240867535505497,0.0124421664181676,2.056670086596146
2019-05-13,2019,-0.8613137294580211,0.2668971039374944,21.213658479695063,-1.0996608920055444,0.0123359114403373,2.478584849722348
2019-05-14,2019,-0.188610680882702,0.3426130347208189,16.047507020013636,0.8040040549751303,0.0097410190617658,2.2843310747644825
2019-05-15,2019,-0.7838356478959452,0.0992665748564582,8.70695790709581,-0.6903142685360422,0.0033304945460638,0.3307364157336504
2019-05-16,2019,0.7652546169731413,0.289463918138628,22.418990100263745,-0.1237044856543747,0.0009825542424424,0.1150291884710349
2019-05-17,2019,-0.1814571091413068,0.0599091185863528,6.850277441564839,-0.4199960494590417,0.0008630787066675,0.2532132525154214
2019-05-20,2019,0.1085452208338971,0.0117989604554073,3.4294565720246464,-0.4157124680724499,0.0008379447288697,0.4093848570253056
2019-05-21,2019,-3.2747728863824457,0.0269775592882631,6.435717854072462,-1.808882109040024,0.0013993350532025,0.5958618817093118
2019-05-22,2019,0.6087780641780226,0.0203571640031392,5.731048774308859,0.0656648184810809,0.0006212991928214,0.2050940515384595
2019-05-23,2019,0.2687711446217024,0.0774827481469279,11.923301955647323,0.2422930010529775,0.0010765547410184,0.8538101233364916
2019-05-24,2019,-1.3763069797481862,0.0125509344732424,4.471371360650402,-0.3829002435255919,0.0006302868578728,0.1545101806866275
2019-05-27,2019,0.3158472220485784,0.0039897254124225,1.816539862544417,-0.4005466960572632,0.0021578122874767,1.6599725920004718
2019-05-28,2019,-0.3247568019179641,0.0111740928670755,2.6558709178983917,0.3522864865020878,0.0005352161439318,0.0757165486138352
2019-05-29,2019,-0.4918227209676231,0.0038301749583931,1.9547628699265491,-0.4641674213838551,0.0004859272532554,0.0836814628273374
2019-05-30,2019,0.970159931311986,0.0641920286309504,10.604082928175554,-0.9396398557175876,0.0009697850674074,0.7330151518055422
2019-05-31,2019,-0.2905701165752645,0.0039810528974191,1.3261478946927316,-2.6849635348919056,0.0014402484966086,0.980394545694954
2019-06-03,2019,-0.1712790701692448,0.0146009518403738,4.605957688573774,-0.1262125660880872,0.0013449938029841,0.3542876987927574
2019-06-04,2019,0.6226676729374822,0.097075432138912,11.894740302869792,0.6845052150936294,0.0074814563845971,1.5569928275512706
2019-06-05,2019,-0.9669923827677288,0.0395459989251895,8.486890829006281,-0.7709555335157992,0.0013075316186697,0.2538125341770256
2019-06-06,2019,0.0201123786582226,0.0225456312112047,5.859051168025923,0.0257011791666528,0.0031179931333748,0.6555277148093319
2019-06-07,2019,0.2096111821145754,0.0034685425296834,1.669765755278993,-0.0322538816512643,0.0002934908463316,0.0942244633713917
2019-06-10,2019,0.1469504235871308,0.003710468905562,1.7455914389663063,0.1096914820320276,0.0004417547184738,0.0604735876902668
2019-06-11,2019,-0.1326161637792355,0.0025545292820277,0.4599973364388658,-1.4335540074873396,0.0005423001015756,0.0281140959297477
2019-06-12,2019,0.0318708130240579,0.0035930054286654,0.6712931202889155,-0.0708526752220259,0.0003370052128447,0.0276586277068354
2019-06-13,2019,-1.1611153543406858,0.0034000649917929,0.8237840456025612,0.7881633302162879,0.0003394723049566,0.016732285235993
2019-06-14,2019,0.1392298224255732,0.0012044433641187,0.468232230565026,0.2593473180509491,0.0006393467771631,0.0266379146139603
2019-06-17,2019,-1.6441609226797942,0.0063297529868561,0.7693424387915169,-2.310873992434328,0.0010769311015688,0.4150973289744019
2019-06-18,2019,-0.3146116274469005,0.0012779868645339,0.8080440888770135,0.0806927528415915,0.0006447189441627,0.3763153115161174
2019-06-19,2019,0.3621495912542154,0.0050239936215139,1.2259740691048178,-0.3320050642840655,0.0008369740629525,0.0528989290436195
2019-06-20,2019,-1.3283706276058809,0.0032563989804752,1.090104192515464,-1.1051763990944017,0.0002989273064608,0.0302656909115439
2019-06-21,2019,-0.1450895935553321,0.0049754093161509,0.6625046306928324,-0.5210781803573514,0.0003776101615395,0.0754938297697496
2019-06-24,2019,-0.525071135622239,0.0013316281958776,0.3711613274953127,0.4270300903471052,0.0004274485309992,0.0389465494846101
2019-06-25,2019,-2.6955815827166836,0.0037933083071264,0.3822659080339249,-1.5202293979601982,0.0008542183751016,0.1375001224008894
2019-06-26,2019,-1.2373804844949965,0.000745384118408,0.1398968644345533,-0.1987039712617482,0.0004005837167558,0.0686439034032524
2019-06-27,2019,0.5667447444029285,0.0021407722010681,0.1802710705424724,0.6467749744251252,0.0005270505337075,0.0499534121870213
2019-06-28,2019,-0.2709566416348246,0.00138562469005,0.2211932470523998,0.7536624762632051,0.0003110998899853,0.0234617610949868
2019-07-01,2019,-1.0625450521685216,0.0091891004261013,3.7788244040982377,0.025023065905859,0.0012419768779288,0.191844517513759
2019-07-02,2019,-0.5779301834161943,0.0005935238282851,0.2805805609897458,0.2932499262680728,0.0002315083353167,0.0359438470036543
2019-07-03,2019,0.2208190861037234,0.0026748029538505,0.932493521337557,-0.1959987534548657,0.0002861688464659,0.0857244083030739
2019-07-04,2019,0.1495968294819238,0.0017398544289424,0.2475117827511819,0.3822191045207237,0.0005219935428356,0.05311263218057
2019-07-05,2019,-0.0378622651764715,0.0008148007523524,0.1823229667566132,-0.1706103314627196,0.000284637752676,0.0251453399412292
2019-07-08,2019,-0.2079154871323581,0.0009349570186893,0.1561509103488929,-0.1665737539616235,0.0002748716215082,0.0478942242018112
2019-07-09,2019,-1.2589496804088287,0.0018118519382568,0.1900931470735564,0.5426157518911912,0.0004373114364009,0.0330760741553958
2019-07-10,2019,-0.8957782246750059,0.0011673642751029,0.3283264290989388,0.4486874719073748,0.0003345968239776,0.0333926952943126
2019-07-11,2019,1.0648175680179102,0.0021360551639209,0.2517288506019848,0.4397282070009689,0.0006198653197952,0.0168100737031933
2019-07-12,2019,-0.5503648193406533,0.002625834308954,0.7141092334602785,-0.2566946248051936,0.000334080501525,0.3887039649845927
2019-07-16,2019,0.7479579508494547,0.0017537910695286,0.1778699161034009,0.2212829404731859,0.0006916258345169,0.0459135329376808
2019-07-17,2019,-0.4435486996222932,0.0034751291615923,0.6738148997264388,-0.3575480071193051,0.0007764070749473,0.0212153055054464
2019-07-18,2019,0.4787137817886322,0.0068400147649453,0.2142734447342067,-0.2895270100010019,0.0007164393155466,0.0437252619863192
2019-07-19,2019,-0.1117063971915868,0.0012264156520696,0.3803757112221912,0.1378281097776632,0.0003325059725122,0.0296920566849623
2019-07-22,2019,-0.114520400277451,0.0027881386269088,0.4193405230407457,-0.2939259491494838,0.0003099427932386,0.1106702331151736
2019-07-23,2019,0.7065869759748111,0.0003163617415715,0.061574113532336,0.4261051312718977,0.000259130676997,0.0251037652914821
2019-07-24,2019,-0.6594714793255227,0.001093833828461,0.3762314330130377,-0.5533339762057153,0.0003451108166554,0.077574964936461
2019-07-25,2019,-0.3203249541056859,0.0109277832682026,2.5589657710559948,-0.8569793630175983,0.00129647055321,1.318190959090958
2019-07-26,2019,-1.0879506099383538,0.0057829638855433,2.3247424191159105,-0.199799429984293,0.000528224607514,0.115993729032263
2019-07-29,2019,-0.0944482251894969,0.0062329674729405,2.768314209330515,-0.4244700193251994,0.0005552486538164,0.3118686378354523
2019-07-30,2019,0.801148191877241,0.002117906663507,0.6374485242778529,0.7948463718141485,0.0004782816282288,0.0312051727398106
2019-07-31,2019,0.5525091780375266,0.0120287195309111,4.2424594169271,-0.9449711345807787,0.0010240554595878,0.0998169878273039
2019-08-01,2019,0.2768002985557225,0.0110763650062991,2.090046280633502,-1.024599170714152,0.0011001439529406,0.305973923956484
2019-08-02,2019,0.7040673874640757,0.0125884246911005,1.5634764797305674,0.6571118739055017,0.00101953400682,0.0542327979437798
2019-08-05,2019,0.6286775592350343,0.0051643769439374,1.0085007674244666,0.0625020060269508,0.0011651502495799,0.0873142800377215
2019-08-06,2019,0.2349609417059188,0.0061251281012273,2.641617270930017,-0.5106836137459938,0.0006449940504671,0.0774233053608422
2019-08-07,2019,-0.2827435207488224,0.0251643175041622,5.9576812273482505,-0.0885321880850813,0.000906161225453,0.2488983910952318
2019-08-08,2019,-2.2621814784886043,0.0171602318376226,2.60411121586675,-3.120361251206485,0.0023495560429232,1.0560730648492025
2019-08-09,2019,-0.9880912937241396,8.533788687422959,128.50955576440737,-0.8684298243518718,0.0432252425154317,9.046518876494442
2019-08-13,2019,-0.8335589546298987,0.0445881066960693,7.828588729442192,1.031857560036742,0.0005922375072581,0.2334156147181973
2019-08-14,2019,-0.7382978497625341,3.780591835843119,85.59395356050561,-0.0520832898749391,0.0004646594738117,0.0822273635411149
2019-08-15,2019,-0.2810780290228876,0.0036170547192479,1.427285467590715,-1.1550790348937872,0.0007203221875722,0.1023601665084085
2019-08-16,2019,0.3045172691748554,0.0012343897107906,0.6122965998391925,1.0953849777398048,0.0004288562689469,0.0677966300250948
2019-08-19,2019,0.4906929376957778,0.0022560315805325,0.7349043754374586,-0.0676651021040828,0.0005691433861491,0.0499294067267794
2019-08-20,2019,-0.1574670211267509,0.001464624859654,0.7624894708444391,-0.4068957543631283,0.0004240345506747,0.1195418278962193
2019-08-21,2019,0.1252268517634195,0.0034405144665586,1.273577406543082,0.4416008076510827,0.0002685941868957,0.0624167694857576
2019-08-22,2019,-1.8130036712456268,0.0055472857187626,2.076704138283037,-1.6202462531055253,0.0012330364496061,0.1497908468666017
2019-08-23,2019,0.296095611481314,0.0015974922250385,0.8606531142714309,0.1099040291797388,0.0003181770178939,0.0313305258301283
2019-08-26,2019,-0.9307649690655874,0.0055033167478564,0.886646230052711,0.6729350281617031,0.0005735648061831,0.0513537597702639
2019-08-27,2019,0.2022198405574715,0.103667254203841,13.962422850200214,1.2491256007148406,0.0004220055958021,0.1431623642193365
2019-08-28,2019,-2.464582955155768,0.0056419734873787,0.7865484704845261,-1.9913013862121685,0.0038549590187341,0.4967959550184387
2019-08-29,2019,0.0861390775513175,0.00205033896074,0.7274213368400744,0.166926327676711,0.0002755041507379,0.0306619652172365
2019-08-30,2019,-0.3091219548391962,0.0025889359438141,0.243574155785899,0.0526903771659383,0.0002993898449777,0.0538325229205593
2019-09-02,2019,0.4919262648783983,0.002598299076825,0.3842743987628758,0.5069553118643718,0.0002226335060361,0.0214267718179457
2019-09-03,2019,-1.0659350497605478,0.0022474780783857,0.4267163381314816,1.507660388617988,0.0004904871391798,0.0298441852931735
2019-09-04,2019,-0.1530811174249393,0.0005030160724617,0.1759506850218819,-1.2398988754874942,0.0002660102976491,0.0179278342238359
2019-09-05,2019,0.7804913099965158,0.0027138576326398,0.428538455144013,-0.0461086973719844,0.0004031426894833,0.0325334765135213
2019-09-06,2019,-0.3014587162552261,0.0014736455811141,0.264890862259069,4.750587222757601,0.0004942327817672,0.0295367104185105
2019-09-09,2019,-0.0619143069579704,0.011332973293258,0.4790709405559347,-1.7608027972195102,0.0005280690092621,0.0762361838282015
2019-09-10,2019,0.7888217798680729,0.0017773045030034,0.4384715181924975,1.2669883266067086,0.0004181380728038,0.0441528040349259
2019-09-11,2019,1.7266900963099054,0.002706353346567,0.3492229549461794,0.5959416543215648,0.000441743455964,0.0555549597476813
2019-09-12,2019,0.5764720005986343,0.0012678404122418,0.293846678026532,-0.3324370766423917,0.0003714592710645,0.0200819702626085
2019-09-13,2019,1.865308270764389,0.0036491923459979,0.449996697184461,-0.3135095154322538,0.0005487775438105,0.3018294701992482
2019-09-17,2019,-0.3302960533031362,0.0010382939104679,0.1402037219316148,0.2871220837090162,0.0003591672331417,0.2633657383243665
2019-09-18,2019,0.5902698336602539,0.000736804026434,0.2279050835138642,1.216255393982378,0.0004550734293583,0.0705371857902569
2019-09-19,2019,1.0527270967067497,0.0029656124567694,0.1803330717404427,1.3351947360575829,0.0003870311174626,0.0497839629473615
2019-09-20,2019,-0.2268838174943551,0.0008039448355599,0.2769903899571963,0.7490005956803867,0.0002356419264341,0.0246542841020433
2019-09-24,2019,0.0736433211343098,0.0010739355078886,0.1807520934205019,-0.0857505942070508,0.0002719479082445,0.0718492739916689
2019-09-25,2019,-0.2167411000924679,0.0020500779004118,0.2093240449273944,0.6012601723362523,0.0004764103452766,0.0526172787431927
2019-09-26,2019,0.968395976894484,0.0012154046123662,0.1496793960304684,-0.3040052113216491,0.0004885729988962,0.0282470106250156
2019-09-27,2019,0.0172192949592744,0.0039193122031348,0.3492768457764959,0.1337686055239046,0.0009661390324606,0.0279500562574204
2019-09-30,2019,-0.4311491333958613,0.0010297415909433,0.127737373322971,-0.4078611044791622,0.0003884252000918,0.0548179226532686
2019-10-01,2019,-0.1736943801364212,0.0026148257710446,0.9056667380740032,0.6351975609659775,0.0009199382702025,0.1710118922514729
2019-10-02,2019,-0.7848697654350789,0.0033965361144574,0.8710241586044665,0.035405095705507,0.000272910341913,0.0352837126505223
2019-10-03,2019,0.743909018134956,0.0010366158094184,0.3510665585573528,-0.1583317716226143,0.0003495332431082,0.0287168274249695
2019-10-04,2019,0.3848164644254033,0.0004829831114727,0.1108872301290632,0.5012484626854703,0.0003294117042113,0.0403854727554298
2019-10-07,2019,-0.0326399995947394,0.0015614351670216,0.2857588832195538,-0.2107301936434685,0.0002365564811689,0.0278046579004611
2019-10-08,2019,-0.6694008370015766,0.0007944542479314,0.2562296467219745,-0.2828518383211724,0.0004707335434661,0.0677549421075024
2019-10-09,2019,-0.4058178577233316,0.0024948442229966,0.3600568977647304,0.8572419521521104,0.000332542419261,0.140559450457223
2019-10-10,2019,-0.1772216338124104,0.0031038144247658,0.148626738243292,0.5484446272926582,0.0008113527239781,0.0543099327950077
2019-10-11,2019,-1.120541370634046,0.001257864054588,0.1596023907405885,1.1894470807757185,0.0004360116854747,0.0884930319326148
2019-10-15,2019,0.034000124208131,0.0028366941447657,0.6127132499015779,-0.796587832105277,0.0005950848441153,0.0664164709855331
2019-10-16,2019,-2.151845526419974,0.0038276997627308,0.599978055439106,-0.7997875789503888,0.0003479761358963,0.0996864609206804
2019-10-17,2019,0.8989940214295857,0.0007188150136216,0.2731819903412857,0.2995084537926769,0.0003545815934551,0.0384471240366775
2019-10-18,2019,0.5873276957986653,0.0014601939572548,0.152775699474545,-0.9571151372582452,0.0003742361835036,0.0212476077963172
2019-10-21,2019,0.1576046160464808,0.0037929703734414,1.0886640788943194,0.3656971888172325,0.0003348378051161,0.0518820594970819
2019-10-23,2019,-0.1233360654997313,0.002759961895479,0.2465112273615775,0.0601616187046915,0.0002789242783882,0.0305061453127036
2019-10-24,2019,-0.4783756224294201,0.0021403555139734,0.3401560217412093,0.3985683432887892,0.0003670578942018,0.0431997006315135
2019-10-25,2019,0.0420080073166113,0.0034739346546627,0.5785459695376924,0.5942538736183307,0.0003222407389701,0.0188601207107338
2019-10-28,2019,-0.9673650982544026,0.0017905852164609,0.2918722051609292,-1.5690265648397708,0.0006861314238233,0.304814597536955
2019-10-29,2019,-0.7273305803508434,0.0232397987685836,1.0251000169062223,-0.2422185424117988,0.0006088579675552,0.1213433916929585
2019-10-30,2019,-0.3190593045369347,0.009726973884094,0.3095159353665749,0.3502673097031207,0.0006408293863095,0.1301282122862251
2019-10-31,2019,-0.3670942207707037,0.0034147537728081,1.043510233420763,0.3034166200007178,0.0007150058462818,0.0752377392126569
2019-11-01,2019,1.02045601317729,0.0046979169033455,0.8741869988042531,0.3203129048490387,0.0011331674581336,0.7695978071152297
2019-11-05,2019,-0.1827836089789095,0.0045257898884006,0.6438383741685396,-0.6319816169154917,0.0023612882897109,0.2670758117937941
2019-11-06,2019,1.2143854806850038,0.0196285822087823,4.70372073043862,0.226447428204231,0.0008778341470777,0.4282524716963314
2019-11-07,2019,0.7419893646588623,0.0057154399720409,0.6889758899225307,1.93068640933881,0.0006288071771676,0.0596949834408029
2019-11-08,2019,0.1974725638864407,0.0090999660232386,3.175119818572173,0.2675432547127904,0.0007280112781768,0.5945406248017244
2019-11-11,2019,-0.7349394741575885,0.0084435916022938,1.70698981194013,-0.1652625654484312,0.0007475074458429,0.4502310003164876
2019-11-12,2019,1.3673871699147866,0.0156482026268085,3.0677924154479665,0.1648897749396147,0.0007006425945837,0.0699188854495267
2019-11-13,2019,0.2381341369078196,0.0086041438651547,2.189029858463407,1.119948901848206,0.0008388963370586,0.0974029535989949
2019-11-14,2019,0.7809803402032466,0.0260850962970049,4.678274538416806,0.1056028013287315,0.0006306840687734,0.0986252301963688
2019-11-15,2019,-0.1224819959188973,0.0096953820424756,2.251199444777406,1.0983168030093995,0.0005277784058149,0.0583983935349109
2019-11-18,2019,-1.2119948278686163,0.008397451643247,2.5164916680886487,0.6911525360408672,0.0004302641336537,0.0878906752473738
2019-11-19,2019,0.6384413177078644,0.0028243067787364,0.5669804828714574,0.3731734001012367,0.0003181316841311,0.0557406325352973
2019-11-20,2019,-0.0805549751779699,0.0091023220222048,2.9960845276200843,0.0075866552653198,0.0003188882470802,0.1420561969145907
2019-11-21,2019,-1.0557566981878646,0.005891461262105,1.8477514007255855,-0.952595494019724,0.000481557928921,0.051794857273032
2019-11-22,2019,-0.1811527845158119,0.0008025025496508,0.447457385716035,0.300615609532764,0.0003196659450631,0.1206135983004206
2019-11-25,2019,0.0886337481061232,0.0009328688672854,0.4923691582090937,0.3716805164481642,0.0004293591283943,0.294747923981943
2019-11-26,2019,-0.0740430379122474,0.004208966527923,0.9734205616399866,0.5820722740404983,0.000247339660714,0.0663758332794373
2019-11-27,2019,-0.0838403673623649,0.0039504863707688,1.056210802413711,0.2624247615361909,0.0002711346884515,0.0723118489950133
2019-11-28,2019,-0.2696883683673601,0.0035075819749947,1.4494867912930611,-0.1847090977905414,0.0003903317302065,0.0376319593785416
2019-11-29,2019,0.6371388812446861,0.0024403039057805,0.526151017818737,0.0437934283762677,0.0003081776014943,0.0465756531819685
2019-12-02,2019,-0.331278274238911,0.0011446099437862,0.5774480283230016,-0.1377810526564634,0.0002905852694548,0.0284143040170255
2019-12-03,2019,0.1589539963134059,0.0078581178438028,3.485655449523003,-0.8872944908405507,0.0003990458152188,0.0605668086203411
2019-12-04,2019,-0.0433815990477274,0.0033038329825324,2.2881002737001244,0.0486479585924614,0.0002674142656596,0.1272626549011753
2019-12-05,2019,-0.226704790435934,0.0011249075554883,0.3680618463155152,-0.550282710719198,0.000378157672904,0.1033771112405249
2019-12-06,2019,0.5172064661416615,0.0014631358623141,0.6149725254481634,0.5053119138461507,0.0002460782399368,0.0733189255324087
2019-12-09,2019,-0.3011684455581176,0.0035972025893734,2.217016689826738,-0.0332267718241864,0.0003600583327268,0.1330862052619723
2019-12-10,2019,-0.7411068706977338,0.002499250937226,1.341515296539053,-0.4969817585524445,0.0002972424476696,0.1121090736407946
2019-12-11,2019,-0.6155222739585025,0.0047493463041502,1.640240186705496,0.2674839122662997,0.0006136684408573,0.0681544040686501
2019-12-12,2019,-0.1583333145962202,0.002094554943169,0.6969938411897486,-0.7634114470596903,0.000368133380369,0.0213444190077159
2019-12-13,2019,0.9055016656963548,0.009672528704764,0.5628810619701066,-0.1493437959649408,0.0004471959897081,0.067375264671189
2019-12-16,2019,-0.280365410633451,0.0008962978156733,0.2954963954295615,-0.4430720962139258,0.0005891855530538,0.5780591232179295
2019-12-17,2019,0.2861497138209643,0.002542940681371,0.2861748620023866,0.0304204420935112,0.0009390717842134,0.1735346070237677
2019-12-18,2019,-0.310494324922078,0.0019886145503877,0.2954149745392666,-1.0513885654475827,0.0004534772871015,0.0666565914246475
2019-12-19,2019,0.0822163105719143,0.0085468780054967,1.3919565263153528,0.0322654976843165,0.0003233604992245,0.0471316498059298
2019-12-20,2019,0.2626515818871289,0.001454357520894,0.7970248594033126,0.8974055678393587,0.0002074799756754,0.0348256121575187
2019-12-23,2019,0.3353693482482341,0.0030857159216363,0.6251984176686166,0.6024905814735887,0.0003227595603082,0.0521563572997002
2019-12-24,2019,-0.8410371298776557,0.0011698604280805,0.3109746233076411,-0.2020629201018806,0.0002442045721367,0.0512985933549882
2019-12-25,2019,0.048932760385933,0.0011397636198375,0.669629126009448,-0.3680208539298994,0.0004034453467385,0.0362774146908796
2019-12-26,2019,-0.944290837480392,0.0011299392963627,0.2704249739294108,0.5729485008557785,0.0004254303613411,0.0217716761255517
2019-12-27,2019,-0.4457395658607597,0.0147396055881196,5.150048423233828,0.269228910215654,0.0097220514519848,4.2653185392318544
2019-12-30,2020,0.6805917014556537,0.0096512040085288,3.198249442149272,0.1636813779412205,0.0072639796413516,3.614047019464518
2020-01-06,2020,-0.9105439108915588,0.0015206019003944,0.4699243723427311,-0.0755924836666004,0.0002432456231054,0.0241177886296399
2020-01-07,2020,0.4381273899966698,0.0031682271207977,0.5811494100051674,-0.0245501752026084,0.000302802862844,0.0249655388982509
2020-01-08,2020,0.1947170328365159,0.0015931597358087,0.2961522676205323,0.2792526167513909,0.0006472135952536,0.0445326521601166
2020-01-09,2020,0.4250055185506791,0.0019532183152457,0.4626766746275199,0.5661651181804832,0.0007526418793417,0.0474927750226246
2020-01-10,2020,-0.2805222547928332,0.0020167443179904,0.5774548881503194,-0.8303982951946762,0.0006071901653393,0.5240146760976283
2020-01-14,2020,0.4891350741755131,0.007646254080397,1.4285255659399072,0.1810608522493243,0.0008081945869331,0.8540043408766581
2020-01-15,2020,1.3198605561166474,0.0009859300622096,0.4952472254099997,-0.5443312128251381,0.0002682267842471,0.1452119710269615
2020-01-16,2020,-0.5682578487990538,0.0011815133468749,0.4029717224831455,-0.6615919635228019,0.0003493861507498,0.0488803498135773
2020-01-17,2020,0.2965035438831868,0.0018016457447273,0.4347970819487067,0.0964066879164207,0.000287314311284,0.0368100513735666
2020-01-20,2020,-0.7317338098095261,0.0015110684887447,0.2517550343827949,-0.3889204430072288,0.0002551647848637,0.0242981921939201
2020-01-21,2020,-0.2736695842031253,0.0009430348740329,0.3330263549632491,-0.2116193174132037,0.0003160157315142,0.0234507440869958
2020-01-22,2020,1.36150617261838,0.0271509629679028,0.9306192367369616,-0.1497162528140174,0.0003976694581106,0.0849487069153093
2020-01-23,2020,0.7232425914924998,0.0022231823181162,0.5059298491743983,0.8261799595662387,0.0005423169659218,0.0424478131076371
2020-01-24,2020,-0.4171826090354223,0.0031035946789579,0.3860671133429587,-1.423066955517016,0.0003726428266779,0.0322442676352549
2020-01-27,2020,0.9015892702050602,0.0117470322456558,1.2409201782941688,-0.911742473659719,0.0007692320080579,0.0591836694294355
2020-01-28,2020,0.9119745899904972,0.0061324679592609,0.7713506803325723,-0.7079892870897222,0.0007106416857307,0.0908935431801251
2020-01-29,2020,0.0294506593712082,0.0015631383856941,0.4196758135158085,-0.1105016963140121,0.0006439837408657,0.0920599278896738
2020-01-30,2020,-0.6878625865029644,0.0087143489047321,1.1675672977781046,-0.4379259946155676,0.0006486016878318,0.1099737519124384
2020-01-31,2020,-0.7111952423781058,0.0051241112247158,2.623755803094515,-0.2774869906237291,0.0005472328519237,0.281298224452615
2020-02-03,2020,-0.3067158553790008,0.0451878571513822,8.778431270143685,-0.5502478342151791,0.0137195826360702,4.87337544386686
2020-02-04,2020,-1.829700898278588,0.0128602574426443,2.9120254207556737,-0.8342538241535631,0.0109671290627684,4.486239410435742
2020-02-05,2020,0.1033339645276804,0.1227746119389671,12.692983668824503,0.4653683654481085,0.0012698506015287,0.1572855652106065
2020-02-06,2020,0.0940223097258341,0.0502954617077669,9.56554456530973,-0.0848007619646593,0.0020889093592341,0.3326027249004255
2020-02-07,2020,-0.0857330189497506,0.0206480473064535,3.872291278601134,-0.0543500728002422,0.0020026040984346,0.2817980818205741
2020-02-10,2020,-0.3290917440930104,0.0502563479907347,9.61564083980882,-0.7173197997372749,0.0011915232335895,0.3053529927845753
2020-02-12,2020,-0.3889781091940766,0.2520083002137082,20.442436118262815,-1.6631902246849153,0.0045253557641979,1.127691970119309
2020-02-13,2020,0.0652524607618936,0.023520391979662,5.179808589506006,1.012311012581625,0.0013474404052729,0.2541762912632141
2020-02-14,2020,0.2084513161431216,0.0056038670731875,1.7567075011258997,0.3322112943505595,0.001159399863526,0.2435493681673723
2020-02-17,2020,0.5762672918247717,0.0205672780431024,1.867129841791216,-0.1881460224434734,0.0020631109953347,0.3121676827949898
2020-02-18,2020,-0.3879871356292593,0.0035162508165046,1.8568431470151712,-0.3453443697963674,0.0006941800902447,0.138353419401443
2020-02-19,2020,0.8119248865449823,0.0082821109965208,3.287472605996178,0.048822088399005,0.0007538892700521,0.0991610262141025
2020-02-20,2020,-0.5044236198801952,0.0083887599518853,2.073308088544114,0.2304322215919212,0.0025416691720899,0.1487037968186503
2020-02-21,2020,0.0436630457347424,0.0023812818013716,1.0350579916118643,0.0111147273000034,0.0004551106323968,0.121710950715683
2020-02-25,2020,0.4537313712966906,0.0042210903914423,1.4097254607019984,0.424357463163254,0.0006791125030903,0.1001863583091371
2020-02-26,2020,1.9595583064270483,0.0096233394849084,0.688129647746347,0.8273132360925697,0.0023005024875246,0.1144510510082374
2020-02-27,2020,1.241661788389763,0.0219217728242077,0.7211432049849927,-0.7150831657646819,0.0046967531444667,0.1087201076826455
2020-02-28,2020,-0.9672389208368072,0.0277643651223968,0.6468926338464811,-0.8672736116141637,0.0010661540891176,0.1178343170435984
2020-03-02,2020,1.3636886283331375,0.0048021759040207,0.3410010147370366,1.642398436949709,0.0028674402462956,0.1200690196002669
2020-03-03,2020,0.0328048571349218,0.0009924496887158,0.5160927255007708,1.0487990481944165,0.0007906010035492,0.1094077820901337
2020-03-04,2020,-1.0836864445478869,0.0023933447826021,0.5571809799474232,0.0239764643920841,0.0012998840292474,0.0953196275157034
2020-03-05,2020,-3.909713014999369,0.0121860382646739,3.0593017888942566,-1.823043560244372,0.0054699056621191,0.1103784270392355
2020-03-06,2020,-0.9037765305880788,0.003713329356803,1.0947292894677925,0.1563729533792957,0.0026902804360264,0.0941629341095139
2020-03-09,2020,2.6952460813861756,0.0260561002659082,1.5077569659034793,1.9121321113299836,0.005526018638934,0.1628428232826609
2020-03-10,2020,0.3715974551686365,0.0151759219856632,0.5221097735397013,-0.2195931937165962,0.0086103666154461,0.203362441321139
2020-03-11,2020,-3.3449546607491794,0.0159536141712829,0.5307018669593696,1.371808675931561,0.0039950485513981,0.1114660290100623
2020-03-12,2020,2.8829186000695604,0.0198362087331056,0.5884598978220704,-0.0269059254256036,0.0028994925323032,0.1817567932962741
2020-03-13,2020,0.8662224119257331,0.0110456957301571,0.2910517446566156,4.817198068625427,0.0106689522304072,0.1789360323497491
2020-03-16,2020,-2.254146995293223,0.0065209360647222,0.7946879493544391,0.6045827178049048,0.0019754588140221,0.0784513213517254
2020-03-17,2020,4.624753282427547,0.0106521294950869,0.6310948066237182,6.541529594378048,0.0137710465289298,0.2021661162750953
2020-03-18,2020,-8.246115323972571,0.0144949308484218,2.3765210783731683,-6.907467037118717,0.006297662987012,0.1976341565250772
2020-03-19,2020,-0.1804306975889904,0.0137397351459629,0.5285383552865823,-15.524357221168522,0.0101168879496738,0.2203990223057183
2020-03-23,2020,4.279002113141688,0.0085344391322563,0.4014373670670963,7.158224020456568,0.0041061346763553,0.1508833519982683
2020-03-24,2020,-4.56597557186282,0.0128184017093868,0.5273966132830756,-4.9768202210133445,0.0033368704703992,0.1202502860051022
2020-03-25,2020,2.5589572794218327,0.0080481880265463,0.3449023194021828,1.882956471628348,0.0012795058743174,0.0966328025300821
2020-03-26,2020,-1.489027668353596,0.0272235023835699,0.9348409147753246,-0.945355256213988,0.0029402036013518,0.1461365789218361
2020-03-27,2020,-3.263533583120675,0.0127373377020246,0.3799311915425474,-4.002699339344472,0.0043756770715116,0.1125839005418995
2020-03-30,2020,1.450946649084452,0.0031934809972718,0.608974131921655,4.331191497281587,0.0011586969439972,0.0897371698250957
2020-03-31,2020,1.7707423950104433,0.0042210781922827,0.4733239529524153,1.4149111301167747,0.0011742334787423,0.0927379796265871
2020-04-01,2020,2.422440492683694,0.0034125102682018,0.2164502179040635,0.8031024987627755,0.0010399989334977,0.0662153105323791
2020-04-02,2020,-1.6668515647077111,0.0037047373839818,0.2598064836394816,-2.9595777292061127,0.0041382975195522,0.1378679307761993
2020-04-03,2020,4.096597187451566,0.0026673870435394,0.2559604178363898,-2.1966471110075005,0.0033720746328357,0.1426089267102209
2020-04-06,2020,-1.2910914975225372,0.0054139056121187,0.3081085174651364,-0.0507010208338876,0.0013215142336865,0.1273522561205902
2020-04-07,2020,0.1189049915373043,0.0047853950086711,0.2910605809926617,3.998301525120816,0.0009842020448583,0.0621673469729488
2020-04-08,2020,-0.2499642936757138,0.0065216364717294,0.7500184498910776,-0.4408542563284736,0.0006035957788788,0.0438834147326451
2020-04-09,2020,0.4195750079928189,0.0048750986379085,0.6010588285005068,-1.2356900568426057,0.0011533873411027,0.0439976122249554
2020-04-10,2020,0.742727715942594,0.0015158153241498,0.1620558643584454,2.1549501314230763,0.0007169775446157,0.0564340241430167
2020-04-13,2020,2.338400030187687,0.0567685166296469,10.43402342012184,2.0298560774397334,0.0188524237534367,5.996238485351389
2020-04-14,2020,2.6672824415012526,0.0037295690799277,2.0747633290219705,1.2727923947589996,0.0019913796005114,1.4495392448530138
2020-04-15,2020,1.1442337019984363,0.0039048392761265,1.3812180131960474,-0.083362434457866,0.0009387237362244,0.0997637604007663
2020-04-16,2020,-0.5204735321819663,0.0074252657681328,2.913100640115022,0.0976482451776529,0.0011947228409407,0.1103085251529707
2020-04-17,2020,-0.4153692325963809,0.0030768738015706,1.2300767880309482,-2.650158226918032,0.0019087818666872,0.9529161986655242
2020-04-20,2020,-3.383169096322285,0.0046760528376012,1.6719946695562715,-2.888784353710747,0.0012801989201276,0.1772769696963681
2020-04-21,2020,0.8504834058347148,0.003860355547687,0.4692244900262904,-2.0815485844428445,0.0020800075095085,0.1538555355182722
2020-04-22,2020,0.8006437433137991,0.0036272800519697,0.2886432447155663,1.1725421486024867,0.000627238441769,0.2714901696691015
2020-04-23,2020,-2.928596986601473,0.003959664466659,1.103390815840131,2.3319672761514023,0.0005526861165942,0.0395625401962512
2020-04-24,2020,0.1660048679223991,0.0026958943995767,0.8805495929848174,-1.84132677929628,0.000723195978333,0.0798292888778558
2020-04-27,2020,3.681498806717282,0.002956370576086,1.3138939610891949,8.719309281951466,0.0008455559402377,0.0563169718131965
2020-04-28,2020,-0.9197874945072426,0.0070458121280975,1.159690612501569,-2.3153048782870087,0.0013234806115219,0.1815188091037125
2020-04-30,2020,-2.64011763643597,0.0059588678736452,0.6888333545095348,-4.018891051748329,0.0014135918948832,0.1642543427205035
2020-05-01,2020,-4.810418091152888,0.0046372517075786,0.5780655601964646,-7.377616213875562,0.0024946648900556,0.1612746087231909
2020-05-07,2020,4.257568352788841,0.0039535302315277,0.7656307762722763,-3.9872275547941456,0.0016203534753874,0.0912597318821766
2020-05-08,2020,-1.3254978214418134,0.0139665936165002,1.5392661769699123,-1.5220453382489136,0.0010284349471503,0.2704955006633657
2020-05-11,2020,-2.2508709239105684,0.0069985456802948,1.226082214696853,-3.0873047896245653,0.001915352752313,0.1184430983525926
2020-05-12,2020,-0.7811937406706031,0.0126179112373028,2.133428775388642,0.7614258124496596,0.0017319323610038,0.0989705618281456
2020-05-13,2020,-0.5916003611593494,0.0111224821967082,2.5947155507448483,0.090694159230124,0.0009137288053037,0.1350376944770155
2020-05-14,2020,-0.0380017935832859,0.0203657239244461,2.781271489420188,0.6157577304901898,0.0022879665720428,0.428986444188029
2020-05-15,2020,1.5376582068670006,0.0140457889523317,2.5275706768448747,-2.6182673519875808,0.0010467426158115,0.372085532065167
2020-05-18,2020,-1.0087802375449444,0.0192275230929734,1.5060302602996976,-0.4405660705670848,0.000812322334881,0.160153460703097
2020-05-19,2020,-0.0602049868484644,0.0129362199049889,3.669434722572962,0.8740285957245918,0.0006475999617666,0.0903416238459948
2020-05-20,2020,-0.4997984528834438,0.005387621337713,2.2861312976072594,1.488864635388886,0.0007158332293725,0.0891032405123479
2020-05-21,2020,0.9345494172481144,0.0033009158374088,0.8693950263204393,-0.7412476543799396,0.0009513909311925,0.069452035207367
2020-05-22,2020,1.6858699454204658,0.0043140059718664,0.8540994045748944,-1.7113702675037978,0.0012829532209044,0.0595317267939075
2020-05-25,2020,-3.9679916462098617,0.0075732046154551,1.1155215986210638,-1.019863734501724,0.0008404512800319,0.0745946291066869
2020-05-26,2020,-1.994390314064695,0.013811769652099,1.0286047863638508,4.2255536575225445,0.0005398716107651,0.0446874795497719
2020-05-27,2020,-1.8613548368868,0.0063760241379614,1.7057154403786543,-1.7807681078113349,0.0015734146408824,0.101183727152444
2020-05-28,2020,-0.767843424827078,0.0020619471606057,0.5004120837976845,-1.6420973751564354,0.0007906555050227,0.108082476483123
2020-05-29,2020,0.8425183916008763,0.0156586384994534,4.62900263531769,-0.0014894739718815,0.0042137846721596,0.5744578576066018
2020-06-01,2020,-0.2817037640777124,0.0162001376663676,2.6894027523062087,0.824624563940734,0.001277466537562,0.2267160199407705
2020-06-02,2020,-0.2914960973167533,0.0068793469121237,2.7195095414591672,0.064484422914277,0.0006381685644024,0.1584642366611814
2020-06-03,2020,-0.9926939756546872,0.0047267200247465,1.2160949133987615,0.1771828766374569,0.0008267275551462,0.1539576672898517
2020-06-04,2020,0.0706602169015555,0.0049922356841955,1.0010350654045015,0.4135869197034627,0.0008891540322314,0.1711501648360477
2020-06-05,2020,-0.1475319501206725,0.00906558758093,1.6425923388556296,-0.6741770885020774,0.0017337570225732,1.4373180660977416
2020-06-08,2020,-1.195718110016732,0.0043098682633124,0.6258494648320468,-0.1776068509362889,0.0010516331296915,0.61223165522961
2020-06-09,2020,-5.297585573494775,0.0159368232678373,0.7428599019016013,-0.0726911834409147,0.0013159331357676,0.3991521970327513
2020-06-10,2020,-1.1377079193655026,0.0023026061743017,1.1740983359825228,-1.1960476612174895,0.0010306658454582,0.5166834968347065
2020-06-11,2020,-1.1351452190342508,0.0039069138122151,0.6814534464845237,2.283743015823051,0.00080085558452,0.1271930024066473
2020-06-12,2020,-0.8622496099977246,0.005560307468569,0.4779713949414234,-0.3423086563124551,0.0038905808254708,0.1145244737763644
2020-06-15,2020,-1.0839753593343957,0.0098104350166701,1.5880961613442712,-0.9223637747958376,0.0012323761269623,0.7156377880227831
2020-06-16,2020,-0.0609543210563665,0.0042393123804867,0.8628423047439491,-0.9277096608856712,0.001714628016668,0.0904276379797764
2020-06-17,2020,1.510091426947733,0.0034129936001508,1.1374227634617209,0.4690608711931794,0.0007070430662702,0.0413226752040196
2020-06-18,2020,0.4569713608047152,0.0033505386656951,1.143042247581378,-0.3611687468563187,0.0004656351579865,0.0463853572015814
2020-06-19,2020,-0.4594015229403293,0.0033648773853294,1.2549456132237249,1.3132348573199304,0.0003004190783734,0.0424046008558584
2020-06-22,2020,-1.5728468552165198,0.0030462426157418,0.5191816189782325,2.9720845349273626,0.0004694702830906,0.0267339854484398
2020-06-23,2020,-0.352361984920865,0.0009043388802717,0.285904946597001,-0.9988815129858322,0.0006320756402954,0.072108631265904
2020-06-24,2020,1.341764830972254,0.0010616278648796,0.1998738572279262,-1.3047424430851755,0.0007526334517916,0.0697704884420084
2020-06-25,2020,0.0080652867672399,0.0020764941822367,0.355374464550069,1.2960834538070758,0.0006155939673408,0.0434681720181285
2020-06-26,2020,-1.1558305898065455,0.0059843733087702,0.9190185644816904,1.4937340414779123,0.0004897427330243,0.0485290155806332
2020-06-29,2020,0.7846728721925196,0.005874464577975,0.7280378191699457,1.504101557295602,0.0005098296789352,0.0674075657690395
2020-06-30,2020,0.2807530281081729,0.002473454047253,0.330758934148059,-1.3472251083076094,0.0009669873017449,0.3175871882001196
2020-07-01,2020,2.703942444043625,0.0066906361602878,0.4275686179675876,-0.9832198369859532,0.001120681274255,0.0896233601029812
2020-07-02,2020,0.9473609008798825,0.0087611616756715,0.7404301287929523,1.433057525236722,0.001419350573619,0.0652637130483461
2020-07-03,2020,-1.2762625520752238,0.0058930635538407,1.5269923135863048,2.8975651758186634,0.000606372708546,0.1055170785893459
2020-07-06,2020,-1.1470646195337308,0.004512346524628,0.8875336028187408,-0.5084953769428222,0.0012427158060441,0.0680446227096369
2020-07-07,2020,0.797228322015758,0.0012755317552405,0.2400148794235824,1.7125129852804957,0.0004928059096351,0.030269664889146
2020-07-08,2020,1.2230546827934607,0.0016545412950418,0.4194695848261036,-1.1346553973693467,0.0006909286254411,0.080230351096547
2020-07-09,2020,1.4455989922319317,0.0031029484503117,0.4954200034772125,-1.785852522610096,0.0018595868586851,0.0640639632279149
2020-07-10,2020,0.8476010576599571,0.0036967901953959,0.3684432125742405,-1.978172016145862,0.0007586585038094,0.1540464125768338
2020-07-13,2020,-0.7293966848812357,0.0116565875287052,0.8175159989375644,2.330796044514149,0.0006339015663402,0.2043518514735825
2020-07-14,2020,2.208782029012045,0.0013562399135544,0.7161049427271461,1.9528657365105928,0.0007151747081561,0.4456449407841875
2020-07-15,2020,-1.986680161094463,0.0062733854707706,0.3225446692751748,-1.401936260296866,0.0007112552026842,0.0499218781907323
2020-07-16,2020,0.1927389200957566,0.0009785504922515,0.2110547410777258,-2.635652867777131,0.0006401142777967,0.0775513072455075
2020-07-17,2020,0.6104824625159728,0.0021442697042761,0.3674719892856144,0.6874777912984258,0.0006306520661991,0.0650208342934517
2020-07-20,2020,-0.6898836959954653,0.0017094146314994,0.4568849528064318,0.3342384069597199,0.0004954626969573,0.0359620911767298
2020-07-21,2020,-1.770741672902718,0.0023923338011762,0.2343395197393625,-1.289655021887667,0.0006281738315676,0.0739773934760095
2020-07-22,2020,-1.561149312036668,0.0017633963681811,0.2863232068546733,1.0283354000514089,0.000416829506841,0.0248828469645946
2020-07-27,2020,1.213335103752922,0.0073195006279614,2.247560221274371,-0.1334234674827552,0.0023189869607282,1.6969258028767804
2020-07-28,2020,-3.1965195849251837,0.0023075482357678,1.4039251348651758,4.87568196711622,0.0006756796484273,0.2712013582725323
2020-07-29,2020,-1.3019141926869962,0.0060571949170121,1.5507919147734697,3.292062625696931,0.0010251151164996,0.0704755218122293
2020-07-30,2020,2.106297638713596,0.0294832880635248,3.852138895757081,-0.8890422252205141,0.0025396034902583,0.7246153317922432
2020-07-31,2020,-4.143940452267282,0.1267555985941591,14.88367226620085,-0.0306594676846549,0.0039428994141396,0.7096981664252462
2020-08-03,2020,-0.5592088771252548,0.0291760960709285,2.9536489455650927,-0.3642072261614711,0.0021014582685085,0.2011449656776348
2020-08-04,2020,0.1058134654649519,0.0047013072386481,1.9002413942648373,0.0609728513613241,0.0011105053718456,0.1274052655882271
2020-08-05,2020,-0.1341856580701089,0.0079703832537903,2.779502048472006,-2.0596322009454235,0.0013953643441411,0.1362723787988408
2020-08-06,2020,-1.0762845723897203,0.043077860798838,7.443342524582051,0.2628433469935869,0.0029239462769463,0.1252536664284091
2020-08-07,2020,2.0967986741626365,0.0069566427035533,0.6684781907132623,3.133091088393331,0.0008593904057166,0.3613474693369624
2020-08-11,2020,0.4937567631045503,0.0274337367976361,4.277883582357529,0.5880463574832888,0.0019511206987218,1.1023064882480504
2020-08-12,2020,0.531137517574207,0.00972369789613,1.120969871978052,1.3796201516330475,0.0007186052220922,0.0786320949119102
2020-08-13,2020,-0.0115730518349213,0.0091567388058074,2.6989090535889044,1.2059339695515714,0.0007302642469627,0.1287332483994748
2020-08-14,2020,-2.2427748766371143,0.0074848265279006,1.753706983824522,-1.255845004122779,0.0005498622271583,0.0607352945058267
2020-08-17,2020,0.2806116388969345,0.0017826073053228,0.6155343457475565,0.5713490708071671,0.000748513608138,0.1049126167882026
2020-08-18,2020,0.3030928707136648,0.003741428359289,1.5781757079089178,0.3261149163161128,0.0005129398262029,0.0869107093763702
2020-08-19,2020,0.9761705101666972,0.0019155778177677,0.3172333773157579,0.4273903398290057,0.0004393799611372,0.1757526700821175
2020-08-20,2020,3.3214807500843744,0.0050625096593615,1.9735326985109116,1.1523307800208855,0.0006438227625127,0.3375569027105424
2020-08-21,2020,1.2585955039789916,0.0023394712766018,0.2748495432840381,-2.2386323527354204,0.0005166195050374,0.0636427065589543
2020-08-24,2020,0.8184181526086611,0.0028328650172598,1.506762482454277,0.874341687696462,0.0004718187906377,0.0994745670354234
2020-08-25,2020,0.557203994395627,0.0014437070801814,0.1704478937983954,-1.3237345877207811,0.0006867444083474,0.0369502731591909
2020-08-26,2020,1.6221824233288156,0.0013247137261339,0.1470000739990552,0.2427553867739473,0.0007966298582003,0.0292547588797151
2020-08-27,2020,3.639222434948416,0.0031533533554171,0.775604094471741,-1.272399805725089,0.0009615063904546,0.0354942186196933
2020-08-28,2020,-0.1197579126197984,0.0067560476809076,0.3433667213468832,0.0094248465998085,0.0009057307681451,0.0736792364344437
2020-08-31,2020,-0.4452083616996501,0.0034694152369018,0.4129771180552821,-0.0895649118370588,0.0005023748918916,0.0595990979610714
2020-09-01,2020,-0.1022789977430184,0.0025727762459197,0.3091325423493971,-0.1775854324056741,0.0003874347248904,0.0625710729506014
2020-09-02,2020,-1.0068277164343928,0.0018108865507222,0.5351864430026783,-1.9288932202400104,0.000568029371847,0.0315569534142933
2020-09-03,2020,-0.1509393689399072,0.0016560150522949,0.4351451441897724,-0.4444906394601016,0.0005832976561902,0.0569659484483628
2020-09-04,2020,0.4454111499565414,0.0014737320717305,0.5382891236086983,1.3230852518075815,0.0008482194394641,0.0237837093283754
2020-09-07,2020,0.0777419355329989,0.0025979636241426,0.4465937101433597,-0.2292684647697445,0.0004120196410841,0.0564628939979661
2020-09-08,2020,-0.5528183714677808,0.0029774909570143,0.3219742019063155,-0.503770686468575,0.000384282391602,0.0714485022445875
2020-09-09,2020,-1.0323415654240953,0.0043777223877,0.4257292565622327,0.3553355480786782,0.0007108190842757,0.0282009412337221
2020-09-10,2020,-0.0944335630987591,0.0023236204955146,0.4174564822548074,0.9700082385412624,0.0004948424047214,0.074851585470295
2020-09-11,2020,-1.1098520720577882,0.0037516002195194,0.6590480234062608,-1.016764967750188,0.0005783493548393,0.2214287948011191
2020-09-14,2020,-2.137266981781839,0.0112941763014888,1.4620169695783611,-0.7117151998789129,0.0008923930595449,0.6734298135147848
2020-09-15,2020,-0.4228340556432803,0.0023353674480261,0.5877564647238179,-0.0250575467976627,0.0004857642277375,0.2235073741581365
2020-09-16,2020,-0.9996890378605504,0.0019840683321244,0.7636932336231665,-0.3226727276621801,0.0004828864181675,0.099466088892719
2020-09-17,2020,0.3711636351952595,0.0018877495639868,0.4808473581864889,1.0486605389006045,0.0006541525319772,0.1126960950682924
2020-09-18,2020,0.7349822700654975,0.0059226527108259,0.2893617197003473,2.134169035779246,0.0011771305777868,0.0444968297171665
2020-09-23,2020,0.0127321063334715,0.0021148231588292,0.3178732857504645,1.0771943845855585,0.0005938422742381,0.0365415891596887
2020-09-24,2020,0.2352139572533627,0.0018055300528966,0.1726344196939175,-1.6088752932157957,0.0016564122978683,0.0614396705116336
2020-09-25,2020,2.003270560620117,0.0191352762187662,0.8511974917982124,0.4074904988137726,0.0006252873116529,0.0473660388411022
2020-09-28,2020,2.3119307348758538,0.0239467771676095,1.1422620067946951,-0.7408665781601087,0.0018398673185252,0.0723608360340801
2020-09-29,2020,0.0,0.0067182621640418,0.5507755630583726,0.0,0.0002718588542845,0.1347862490378375
2020-09-30,2020,1.6161739466724503,0.0089310847571886,2.889774348534657,-0.2695809702468303,0.0028568535880695,2.2588821909056827
2020-10-02,2020,1.8857736149647035,0.0055828103168482,1.0263095681879173,1.550678870057944,0.0007391084356551,0.5197596418916117
2020-10-05,2020,-0.3427167128491837,0.0059190756670228,1.7442532861968931,0.1025868201155291,0.0007201893983008,0.4661322164787567
2020-10-06,2020,-1.254698583840495,0.0015986492624275,0.3393824865448677,-0.8759662602711311,0.000407919076973,0.0529842831500741
2020-10-07,2020,-1.2890389007053458,0.0352687153961159,8.16859250604383,-0.4541203204741478,0.0007618919239772,0.1082813060074661
2020-10-08,2020,-0.0472952956630063,0.0049660752438908,1.411921085629851,-0.9443216459794463,0.0005312248413109,0.0594485681227729
2020-10-09,2020,-0.12757921108952,0.0028942250336149,1.7554251895857362,-0.2294429952126234,0.0004788379410225,0.0630671497550337
2020-10-12,2020,-0.1739059556945182,0.0028703529140623,1.553020872878271,1.9625400708990348,0.000521308175017,0.1137207437293506
2020-10-13,2020,-0.3229312731544578,0.0065904714766278,1.241947900366867,-1.0319899035940114,0.000531075314602,0.1584010057230114
2020-10-14,2020,0.1414171099017971,0.0045085793092179,0.4459522841497789,-0.2708915178039701,0.000795340583021,0.1082136608613346
2020-10-15,2020,0.4116833572924352,0.0036385259484256,0.9925634271604362,-0.2325231612303384,0.0012956845537514,0.3581999030313595
2020-10-16,2020,1.357341681133791,0.0031321922163659,1.019905646742054,-2.0220297083021306,0.0005901529004185,0.3586932769248344
2020-10-19,2020,-0.6821066125746749,0.0019807747755357,0.7630990837078613,-1.2631484639209454,0.0006077093042456,0.3933873701344729
2020-10-20,2020,-0.67923749359226,0.0038355812452018,1.114714444790145,-1.8327338937306772,0.0007827131810649,0.3152189282908433
2020-10-21,2020,-0.3795151642216803,0.0068016583795101,0.973127880750859,2.2611892659474737,0.0005316382876724,0.0527606143396546
2020-10-22,2020,-0.4302496374130479,0.0105540926333119,1.0562162316535149,2.573642582761832,0.0005501731083488,0.0539026344429256
2020-10-23,2020,-0.6511359340944266,0.0007826382688733,0.211713373080804,-2.874675861437448,0.0005076770625106,0.0771247196001315
2020-10-26,2020,1.8368267616339424,0.0054268418996524,1.8055792949950056,-3.149589546784354,0.0006965421957859,0.0609256494568378
2020-10-27,2020,-0.2716773621861565,0.0018496129626072,0.6062435528641339,0.0194163980447759,0.0004813666614201,0.0420378206737422
2020-10-28,2020,1.5880936710407556,0.0040989440277055,0.6428442164557662,-1.8284689740972828,0.0008809924264929,0.0810639389095586
2020-10-29,2020,-0.3765167382014773,0.0014645416502562,0.3938785924404255,2.1312650729570324,0.0009079137420915,0.3133066863400068
2020-10-30,2020,0.1953537065149744,0.0029917995131166,0.7833513231361611,-0.1666629798203427,0.0019804631330649,0.3535439862230717
2020-11-02,2020,-0.8707428561620609,0.0158072216070822,2.947953302564612,-1.5042506060085492,0.0009275030880659,0.2730400907178382
2020-11-04,2020,-0.6389577119209846,0.0072823423616275,2.654992430423556,0.1833001446055822,0.0007679782072967,0.1470234150063252
2020-11-05,2020,0.9967681282676568,0.0121226691496762,2.1391900128441343,2.9301769264550828,0.0009891887710471,0.2846714061564972
2020-11-06,2020,2.59835788869513,0.007605958763066,2.4985160740040757,0.388624793283724,0.0022517181419079,0.1451491612960709
2020-11-09,2020,0.1869381510424466,0.0109221944022532,3.4167367962558837,-0.5269681920205276,0.0007718225627257,0.0978315073101581
2020-11-10,2020,3.2324852372689685,0.0404858271710395,1.7399633456174397,0.2180461813931014,0.0011967575150013,0.2160580175845451
2020-11-11,2020,0.7179488842407604,0.0284656233773632,5.140983066243324,0.297961654333573,0.0358451833980167,8.234969145245234
2020-11-12,2020,3.3333383233191367,0.0048718016549432,1.967373629835551,3.906505845671057,0.0094857936153151,4.054471452043154
2020-11-13,2020,-0.5115216118364956,0.0094810429793098,1.9051813809814504,-1.4365164095190637,0.0010626999934172,0.1770390015685093
2020-11-16,2020,-0.6823110453586723,0.0106601953085307,1.892916619068168,0.301412028645597,0.0005956170013285,0.1628727328159238
2020-11-17,2020,-0.1158008442282985,0.0589328432157568,6.509778884138982,0.138287579292805,0.0007540618935264,0.1744695698322552
2020-11-18,2020,-0.2561035303560002,0.0040717957017185,1.0461907176960883,0.4437001727003928,0.0004412556723344,0.2054719174967607
2020-11-19,2020,0.8344435426655865,0.0018201267436784,0.4765247795171221,-0.9278022839377678,0.0008095249347456,0.0666352828723622
2020-11-20,2020,-0.6853132755640878,0.0067633439021888,0.964568272566513,0.006349943182247,0.000611522647868,0.1273649383342681
2020-11-24,2020,-0.9257456253635452,0.0044477505431116,0.8024679303100474,0.5300617373539183,0.0005365428611555,0.0622909732836791
2020-11-25,2020,-1.4573386314972367,0.00267344258561,0.5092277731658512,0.1984287518512124,0.0005664491356783,0.0684705579012301
2020-11-26,2020,0.832690122541643,0.0048670768988791,0.5240863118203429,1.7964375362054237,0.0012529582238858,0.0982264421454153
2020-11-27,2020,1.2319391235536243,0.0050977871993102,0.6667750948936996,0.2727277138014075,0.0004990003027572,0.0803846638961421
2020-11-30,2020,-1.4542939106481196,0.0159192335137575,1.1599252573241698,-0.7475363135854783,0.0010765903822762,0.109031095862168
2020-12-01,2020,0.0122492446224375,0.0040920881268021,1.0168324219878262,-0.1514935971875924,0.0005909755797503,0.0595318270350462
2020-12-02,2020,0.7598524578225637,0.0025714000568614,0.5246526314283275,0.6935641767800645,0.0005227229513505,0.0750293176799689
2020-12-03,2020,0.8322766607943546,0.0057340202405583,1.028682182018939,0.9170713707341336,0.0007527399162664,0.0635457875178153
2020-12-04,2020,-1.7756302840901477,0.0058855108831205,0.5915562907724038,-0.9954664502967034,0.0004458926441985,0.0445629849855174
2020-12-07,2020,0.8029789344887965,0.002954542728937,0.5894092773012476,0.3177684121845958,0.0009728079637748,0.0619290857172931
2020-12-08,2020,-0.6094312355978535,0.0066784293591979,1.140356800912631,-1.0273675060703238,0.0004924084236524,0.0479455466579782
2020-12-09,2020,-2.1350100872039963,0.0038044316697185,1.0822308163417558,-2.143862363507126,0.0005261519344434,0.051568464173187
2020-12-10,2020,0.6680544996253848,0.0016033761067991,0.7246780838421734,-0.1150338796245504,0.0005812519913765,0.0583631939858988
2020-12-11,2020,-1.2442570656694767,0.0498616842309856,2.758443831511311,0.3707199537896478,0.0005976231325878,0.1701183301055558
2020-12-14,2020,-0.0395831501171699,0.0142661561917528,4.9205854530447946,0.3855262518042028,0.0006648034826562,0.432268178384955
2020-12-15,2020,0.4142285019622688,0.0358428481044467,8.08175977863072,0.8828257741244036,0.0004955834726144,0.1272994105852467
2020-12-16,2020,0.1873026828404667,0.0013177871060501,0.8950285827342425,0.213135785809982,0.0008782602867433,0.547742910185412
2020-12-17,2020,-0.6014604219856797,0.0049542584577094,1.0292197391876363,-0.3912043343907094,0.0014824568672606,0.3311980853293491
2020-12-18,2020,1.570560968705509,0.0134477437419836,4.37020345089716,1.3632648776243252,0.0018478662720608,0.2446288230900899
2020-12-21,2020,-0.8542059383960423,0.0332168969775804,0.4744444743901418,-0.45608748239545,0.0153331736744943,1.0114982068566944
2020-12-22,2020,0.1537640430747895,0.0183425440298739,5.5917856810601005,0.3826097629795939,0.0016649161243938,0.36913320043766
2020-12-23,2020,1.1455211114649897,0.0447081705784961,9.297157032009522,0.5909347193131139,0.0007458062569853,0.3078923972323666
2020-12-24,2020,-0.7271903134152127,0.0218769391682598,6.449761957820881,-0.6325501595408323,0.0010808518433534,0.8600532726400548
2020-12-25,2020,-0.91810143650333,0.0195545008452251,5.845984450374285,-0.9367145137320247,0.0008415735149084,0.1182557871443164
2020-12-28,2020,-0.9433799975909748,0.0163093118916985,3.3741604180758062,-0.3815481009065531,0.0007421173747609,0.1609699173709954
2020-12-29,2020,0.1000657476166839,0.0037308343493408,1.592781171078483,-0.3857962475417787,0.0020406193017687,1.335993615231462
2020-12-30,2021,-0.3815444546811248,0.0021491637746178,0.5408037141630907,-0.4469476127335342,0.0007244898890627,0.6466733477672675
2021-01-04,2021,-1.4401681960578838,0.0042284293697053,0.8262487734688634,-0.3416957050642306,0.000763513690406,0.1412057839482508
2021-01-05,2021,-0.8641748500575113,0.0027522389892658,1.4036969759268716,-1.2265110645367518,0.000666239519489,0.1753647289956769
2021-01-06,2021,-1.1843353882772556,0.0043306869590504,1.1755770500231677,-0.7371478979626476,0.0005207960991848,0.2085564428695466
2021-01-07,2021,0.6666021074646944,0.0277556044161157,1.8464576453799413,-0.8562221528300162,0.0007529084779276,0.0835672049324418
2021-01-08,2021,1.409241321295552,0.0015705040121403,0.5642210820892986,0.7183951949432286,0.0006052120207084,0.0679327633926258
2021-01-12,2021,0.4403017299829935,0.0077838263991491,3.1858180009703383,-1.3552254414666989,0.0005438522704757,0.0799327270352529
2021-01-13,2021,-0.4005053841615197,0.0014693747425468,0.8029292549724343,-0.87501959288013,0.000759592900017,0.1371101123425209
2021-01-14,2021,0.1402226108619101,0.0016052593485459,0.7138157629557496,0.0011230013764801,0.0005407453797016,0.3776976697527559
2021-01-15,2021,3.1052802124036973,0.0034592153558105,1.7154495343028122,2.347852989950758,0.0005340829499632,0.139464941486676
2021-01-18,2021,0.6892712095035127,0.0010855760500813,0.7512949675818831,0.2921688134184478,0.0004070895045737,0.057515340725082
2021-01-19,2021,-1.3089513907412476,0.0049261906718142,0.5266740189869739,-1.2423152819685377,0.000447484159053,0.066747365173199
2021-01-20,2021,0.5379446862681597,0.0026289166708053,0.3502530469644243,-0.4496842549082785,0.0004305707381594,0.0440471132161984
2021-01-21,2021,0.5185607499301987,0.0019671707927226,0.3572644235605293,0.4875070124647407,0.0004735008594157,0.0286018256164733
2021-01-22,2021,0.3837307568390601,0.0016202621465873,0.4622282583361927,-0.0176713752502584,0.0004387310813549,0.0571535985677419
2021-01-25,2021,0.1501973035547423,0.0019400265220013,0.1744422042043331,0.4195992812226408,0.000412263309026,0.0343703855215716
2021-01-26,2021,0.0433434160099374,0.0019521569068267,0.2664381957094243,-0.1241247771880732,0.0005874199624849,0.0544890512764597
2021-01-27,2021,2.045549129810482,0.001674553606003,0.4024328277042637,1.3963097031516196,0.000908184892157,0.1489933631734185
2021-01-28,2021,0.0990230959558662,0.0177020748695872,0.6131908816007279,-1.2404627111753002,0.0008640782491566,0.1849058283194331
2021-01-29,2021,0.2753582668038361,0.0120799352995867,1.8135929750304551,-0.1204435929236518,0.005945825801296,3.02367898567044
2021-02-01,2021,-1.7171092815617084,0.0167670276087873,2.313893288316165,-0.3740284841389869,0.0034298060315875,1.946145798115406
2021-02-02,2021,0.0651316146500046,0.0080329466561434,1.9453353613226412,-0.3781410807204385,0.0011621103287837,0.5449494227687975
2021-02-03,2021,-0.4546321579593488,0.0103376604458959,3.3266687187932003,1.7806822041161872,0.0006243833835546,0.0409804150464233
2021-02-04,2021,-0.2148459503863957,0.0710916709250491,8.61593039504912,-0.8945417151207493,0.0007636054119208,0.2304904690990258
2021-02-05,2021,-1.1832184303646276,0.0094456855178086,3.122202732641089,-1.4261498968657216,0.0007158464194615,0.1721226684957097
2021-02-08,2021,-0.9521939590380986,0.0701706406409371,11.416028227773936,-0.8433138284574355,0.0014676373948615,0.3366251650016634
2021-02-09,2021,1.106441212196685,0.0222401572662497,5.00308408197347,-0.4858965280780656,0.0018021801765545,1.1567513829063178
2021-02-10,2021,0.034721685225152,0.011530932937493,2.2781912792135186,1.4712065399433392,0.0018979130895243,1.0696545300530895
2021-02-12,2021,-0.1254263554282579,0.0188424469092254,2.6382524408525336,-0.144455121649369,0.0027823019814109,0.92960724516029
2021-02-15,2021,0.8120041606322494,0.0057177654777946,1.0457561809589058,-0.9126547642745376,0.0009874662637966,0.1831780841314069
2021-02-16,2021,-0.7995856700897104,0.2818468602825238,16.73446622413121,-0.6207847856852462,0.000950195390574,0.2576192321002377
2021-02-17,2021,-0.5512174628144133,0.0172707025809495,3.086807565454189,0.1442996162447911,0.0010800401051208,0.1893540302491322
2021-02-18,2021,-1.4938060864693583,0.0043427271918288,1.349878253553429,0.1728959383751838,0.0013895537864986,0.3968547577930438
2021-02-19,2021,-0.0172905893702979,0.0040802879874174,1.655641103338159,0.3248503745136513,0.0007731398459334,0.0437791702323716
2021-02-22,2021,-0.8000818355789348,0.0102026543062304,2.4986972301012766,0.1858219659798299,0.000486887282216,0.084593704434477
2021-02-24,2021,-0.1353108587263243,0.0907158024134563,9.639046295634788,-0.3891498145262027,0.0019834409486897,0.5643458182777296
2021-02-25,2021,-0.3757246342583418,0.0056209331166504,1.7475667099207506,0.0411338076539085,0.0008587427918236,0.0740373329312414
2021-02-26,2021,-0.7549535459739346,0.0045340760337849,0.8785444182723934,-0.6415437556740478,0.0007422662718617,0.1175460278253859
2021-03-01,2021,2.0257966303583497,0.0049118632211638,0.5491183404867813,-0.7243511184593536,0.0007169549636019,0.0602927359311615
2021-03-02,2021,-0.6145058917097888,0.0017946070547722,0.5425696252039159,-0.5479273781659446,0.0004911779934827,0.0723127632139288
2021-03-03,2021,1.7466508274530217,0.0025446127064876,0.7124914333473349,1.739948120778405,0.0003501623930868,0.0442897267742488
2021-03-04,2021,1.0026923326630788,0.0036863654165708,0.9448527176720088,1.3249496042153908,0.0004423815536494,0.0531232724843187
2021-03-05,2021,0.7567598678631517,0.0035384804499935,1.1144311084700624,0.2176333547322593,0.0006363026801165,0.0519143188549279
2021-03-08,2021,-1.0751366087361445,0.003448697175735,1.044492283489825,-1.526904496275671,0.0003848150819319,0.0885303997814838
2021-03-09,2021,-0.9987342492736876,0.0068254566978939,0.7197086984592224,-1.3044291464570237,0.0004139586730902,0.06318790435118
2021-03-10,2021,-1.7075918676927668,0.0067749262209535,0.753997311766107,3.738389653135163,0.0004674559910341,0.0249523609576355
2021-03-11,2021,-1.076879568935069,0.001516884541297,0.2502113239270436,-2.67695971692334,0.0005548465472197,0.0440957999195339
2021-03-12,2021,-0.5646441889839982,0.0040878271452056,0.7023969699683146,0.6317220988180086,0.0004181478293617,0.0366086462236856
2021-03-15,2021,-0.4790861491646211,0.002888283986604,0.4495230557786935,-0.9935030184770464,0.0004461719424672,0.0457634656389577
2021-03-16,2021,-0.4887411302604483,0.001825584079698,0.3508042280902513,-0.99908715246363,0.0003656668707606,0.0781116190515862
2021-03-17,2021,-0.8967625086700161,0.0054813137239482,0.4255276750860566,-1.0258028351514423,0.0004397940222018,0.1931164014183901
2021-03-18,2021,0.5683699904996063,0.0039960244988077,0.4804465631886591,1.152657883027673,0.0005283364463501,0.3143857385534464
2021-03-19,2021,-0.8312409418578341,0.0027673172189819,0.61540794334548,-1.240552801158932,0.0009141209919681,0.1548944788936591
2021-03-22,2021,0.1322816639931598,0.0052970117540674,2.384318959677971,-0.93734812576629,0.0010928609929256,0.0867409248801245
2021-03-23,2021,-0.0464831496270052,0.0071314926345056,1.579875319221813,0.9458068759491932,0.000994478709146,0.1281557688118298
2021-03-24,2021,1.0202135818851912,0.0065711340797721,1.2737545131227868,1.1059701639604411,0.0016609358323737,0.0966660732469077
2021-03-25,2021,0.6389531312970785,0.0032255623369749,0.3907769789082564,-0.309610235577671,0.0004861981231792,0.0274868644272185
2021-03-26,2021,0.8641883287724552,0.0013371702565452,0.370825174959893,0.3306064665059489,0.0010404205977894,0.0530993290571424
2021-03-29,2021,1.8117195204133176,0.0060160627674074,0.6708492871306733,0.7500144387763572,0.000626378645347,0.0643457450716252
2021-03-30,2021,-0.3048693930835768,0.007858619988059,0.7478350635488886,2.426747959704513,0.0004734919427413,0.0673738588926223
2021-03-31,2021,1.7642225925949468,0.0021606289743171,0.6732449424833544,1.5285738006647522,0.0004184458354649,0.2026480415326405
2021-04-01,2021,0.1435113054246788,0.0054449034446417,1.8288304670256108,-1.3174053983910128,0.0003992145927679,0.0358684814736038
2021-04-02,2021,-0.6851160517983321,0.0030563439790949,0.4045289545884686,-0.2401441624605298,0.0005966798767269,0.0210281830328553
2021-04-05,2021,-1.1959231152036416,0.0038651338750013,0.3711858622240839,0.3856580795938376,0.0003354808073857,0.0251882572291452
2021-04-06,2021,-0.9191635089633472,0.0024142198433051,0.3834940736276016,-1.2691632478457708,0.0003540920723622,0.0259138040098224
2021-04-07,2021,-0.3537704617667716,0.0004432553849414,0.1450371699200754,-0.3392378963427594,0.0003076721213684,0.0303005224046574
2021-04-08,2021,-2.082640555324248,0.0042443152520753,0.4615124887293783,-3.465738879463456,0.0007043870278943,0.0401605640569266
2021-04-09,2021,0.5139550483871675,0.0011225610330452,0.4427775938928341,1.0172817141026125,0.0002822637601183,0.0882137474069093
2021-04-12,2021,0.2172821872255164,0.0020107141997376,0.1912460330784484,-0.4788055174973313,0.0003139606164474,0.0523469557908744
2021-04-13,2021,-0.1437031090330023,0.0028779682888437,0.4359357407083355,-0.3534575486011414,0.000353304592262,0.0415432483430563
2021-04-14,2021,0.3596240753204761,0.0022512382439914,1.1941734945244986,0.6491659084819997,0.000306422113227,0.176712136814392
2021-04-15,2021,-0.5842901726086709,0.0052566677660355,0.632397265653614,-0.7492232395992788,0.000374140611528,0.1088593745176825
2021-04-16,2021,-0.188196537944604,0.0037416815859406,0.507606123230727,-0.399174355939635,0.0004453745783216,0.0491598225180971
2021-04-19,2021,-2.116670103119771,0.0041723054082747,1.0102261917157325,-1.9271728038549176,0.0007204118994734,0.0331042167946166
2021-04-20,2021,0.323100105801402,0.0014536629608735,0.1782064886529089,1.277003912696922,0.0009994510136697,0.0250440166948033
2021-04-21,2021,0.1588424235577435,0.0013454912856878,0.4085240251463785,0.329823543795391,0.000426218017788,0.0351765692155833
2021-04-22,2021,0.4833756962835301,0.0021788556301239,0.685286215255597,0.2833456982227756,0.0004457521946419,0.030092081051602
2021-04-23,2021,-0.123144270073697,0.0010824487899767,0.2877399502970721,0.0703580949330161,0.0003085071041256,0.0226804532576462
2021-04-26,2021,-0.2160948425485601,0.0016743223113924,0.2276991731752269,0.0960633886691902,0.0003826957491133,0.0275067798199296
2021-04-27,2021,0.0457113622232636,0.00223771973306,0.3248876140395864,-0.2680568337340752,0.0005015232133119,0.0249444605841381
2021-04-28,2021,0.3919290757546607,0.0206106232395089,0.8685909183154819,0.6178997343350601,0.0007633555758887,0.0810827517465715
2021-04-30,2021,-0.3586144679094181,0.0102206386907264,1.893855709896872,-0.3454818246469692,0.0006391327496917,0.2126661768384766
2021-05-06,2021,1.9884840897073492,0.0147530495324044,4.392343410888059,0.2927471380339399,0.0006419635230072,0.1996979011984225
2021-05-07,2021,-0.7364988712289198,0.0064638613980421,1.3791289329794525,0.2445845120029899,0.0012797555283531,0.1677523471450115
2021-05-10,2021,1.0189689864007625,0.0294452227651952,4.583004533405286,0.1370482480971038,0.0014198143499607,0.268077109724388
2021-05-11,2021,-0.5153487499481866,0.0322105740702086,4.675505387997763,0.6106107520500648,0.0009410805719322,0.1591590574252293
2021-05-12,2021,0.8580916418884659,0.3144763089656262,20.447290316800903,0.5390896084414751,0.0043201353923732,0.2716902580474227
2021-05-13,2021,0.1441123066237475,0.0171847323563451,4.031738376735338,-0.4384586608550318,0.0029312494231881,0.4194576607244046
2021-05-14,2021,-0.1545377290629983,0.0148597043426499,2.5691327728628033,0.2506787808662514,0.0019346216242044,0.3330620595060652
2021-05-17,2021,-0.5527313967792752,0.3991083935819525,17.07222152317573,-0.3657547538698136,0.0024540046931727,0.3150956613785988
2021-05-18,2021,1.1366833570990242,0.0899245414800797,7.092520898851405,0.4328559260524226,0.0009847131575339,0.3161917843513454
2021-05-19,2021,-0.595419732363779,0.1012631547665952,9.196837015134504,-0.460060741935801,0.0007733750681972,0.207206778261756
2021-05-20,2021,-1.526422241162084,0.0100360876116059,2.7142884465743693,-1.7860227427293245,0.0013785464236362,0.2298732848763176
2021-05-21,2021,0.9055258645362192,0.0061098935175303,2.285307891428859,1.0466789430983718,0.000752534691712,0.2040175725653244
2021-05-24,2021,0.1560461687341701,0.0050044644271126,1.705457880636096,0.4592773498311513,0.0004512557646515,0.0823366306797069
2021-05-25,2021,0.144781057313158,0.0077951351846163,1.7417122025908511,0.5269762951862564,0.0008950040706503,0.1292321690436411
2021-05-26,2021,-0.2479437052496043,0.010167156513239,2.0116382249053877,0.1652444095354508,0.0008939312015189,0.1148747474255812
2021-05-27,2021,-1.0325933746493667,0.0147026378166268,2.0905710181249137,-0.8280262277543455,0.0004413546198373,0.0748700870653817
2021-05-28,2021,0.6086215556939463,0.0057318212547647,1.5144375737244673,0.1630026339514894,0.0003941417209196,0.070125093303637
2021-05-31,2021,0.2648807066768333,0.0053157533997771,1.589677460049688,1.616874016895877,0.0004860606393784,0.1255677007789012
2021-06-01,2021,-0.7006082762609662,0.0061268065216071,1.7909989962837722,-0.0731163633250899,0.0003878759396084,0.1182878569120615
2021-06-02,2021,-0.668548161095327,0.0052108293743483,2.148830096594256,0.3959841212735402,0.000449824279252,0.1383732213100805
2021-06-03,2021,-1.197496758247541,0.0013524924310616,0.1901812736168671,-0.8951320539315593,0.0003749922016678,0.045037803922956
2021-06-04,2021,0.045877269407939,0.00319105750542,0.5490397833463236,-0.7877357379096611,0.0003692037371973,0.201902487841604
2021-06-07,2021,-0.4964362967235368,0.0016302844359312,0.3393918366784035,-0.4681785054630397,0.0003424928987447,0.0412954692777408
2021-06-08,2021,-0.4709343618432091,0.0043780290157316,1.1954739983257567,0.2236345033944326,0.0002863390851777,0.0957708039883608
2021-06-09,2021,0.7020957457724883,0.0030470980254734,1.067940169610215,0.5611665902507508,0.0003027346603662,0.0404763039011954
2021-06-10,2021,-0.0924572838283831,0.0038419345114584,0.5180476075946487,-0.1591681906083086,0.0003534949310398,0.009205534749861
2021-06-11,2021,-0.7679836148092701,0.0026272198516423,1.1287364277394716,-0.1140036832087223,0.0003719153989241,0.0293191456287931
2021-06-14,2021,-0.1424693513271414,0.003653662386601,0.6056102410425576,1.2775207458666251,0.0003128418249413,0.0457116177497192
2021-06-15,2021,-1.8557630493740336,0.0041959806794972,0.9402149526274016,-1.068487170837554,0.000359667114079,0.0216274306047419
2021-06-16,2021,0.4394112760927071,0.0029214632443875,1.5978879457186237,-1.0170885424006564,0.0005105878031885,0.0539456932619429
2021-06-17,2021,-0.1732344211799463,0.0039087184364089,0.5792411388742964,0.8573258072996603,0.000476499618714,0.051834314359047
2021-06-18,2021,0.0026671871165655,0.0039806063649496,0.3518742790261319,0.6620840062618711,0.0015496830027585,0.1719149122384181
2021-06-21,2021,0.2437544488626339,0.0011164859327005,0.4820490808353011,-0.4684778499356378,0.0007641939693366,0.0895190877893151
2021-06-22,2021,0.5313969407148613,0.0023149489288034,0.9172295362167552,0.5985323382872164,0.0007088512356736,0.0681310459931175
2021-06-23,2021,0.2593289067690776,0.0030573307573722,0.4864792475496316,-0.2896700226069688,0.0002544952973652,0.0596517163875379
2021-06-24,2021,-0.3321889578099917,0.0009999997278598,0.198007855175521,0.2420333847718165,0.0003245960533535,0.0572237195274269
2021-06-25,2021,-0.3126567354213316,0.0008167418627873,0.1339950230676604,0.2813681570093949,0.0005229827439083,0.0594154084077721
2021-06-28,2021,-0.6917816269788379,0.0008169596291875,0.1691593692436896,-1.192115675728036,0.0003958288113074,0.0212328060314101
2021-06-29,2021,1.0182733027313118,0.0024950739122588,0.3621761249765138,-0.5660757260892114,0.0003607038875363,0.0201349103046244
2021-06-30,2021,-0.1859622488218455,0.0015636312151626,0.6221174607669141,0.0553843877207376,0.0003482222474428,0.0136410773430946
2021-07-01,2021,-0.5295123063683398,0.0016575012214913,0.7432269456978043,-0.7140656432206246,0.0002452100118752,0.0288938056188524
2021-07-02,2021,0.2565813283584734,0.0004767048761085,0.155773054178454,-0.3609133565939872,0.0002866535885769,0.025142668824794
2021-07-05,2021,-0.0932068753451802,0.0026960329864587,0.3980196223907184,0.2166015466213817,0.0002686185427538,0.0821039918858315
2021-07-06,2021,0.2464912360029774,0.0013954617204557,0.3810682366018583,-0.4974400403815768,0.000417653946743,0.0530447409376917
2021-07-07,2021,1.3134092970694966,0.0010958463953717,0.3010550772230301,-0.4496912834930885,0.0003095421873618,0.0889450167291436
2021-07-08,2021,0.1842864042873628,0.0021432411124492,0.2664164720382818,-0.7285833016830292,0.0013611018714713,0.062268205506804
2021-07-09,2021,-0.6827037435519976,0.0014978351871049,0.3120976059042232,-0.1799699654724325,0.0003679984119744,0.0819487864337222
2021-07-12,2021,-1.0075200510052962,0.0012736112488625,0.236245873948371,0.7398624188665329,0.0008006583946313,0.0430658892596861
2021-07-13,2021,0.0570080682784355,0.0052662093815054,0.1861314993718621,0.1550806391675592,0.0008204124450974,0.1015263777702922
2021-07-14,2021,0.9334232702860782,0.0010215936164685,0.3853190559084628,-0.5921210210103788,0.0002741406177699,0.0455083743156767
2021-07-15,2021,0.5732892752202896,0.0916954657441017,13.473345091635077,-0.8923412469079568,0.0003950207409274,0.4856232866750153
2021-07-16,2021,-0.2810053807629835,0.5704206229084934,33.56428846378302,0.26919068024879,0.0004431148926673,0.4621395832253191
2021-07-19,2021,0.0430232419190266,0.0881548658131499,12.157432486159887,0.2639180906896901,0.0156974180222245,5.399067651401261
2021-07-20,2021,-0.0907012937221023,0.0086704928259755,3.6419173658159703,0.0800067832755768,0.0010119834396308,0.2180047271115853
2021-07-21,2021,0.1259953292079427,0.007936498286477,3.727818330123916,0.1551768660041572,0.0007429769701373,0.1711386872064073
2021-07-26,2021,0.2463666986171764,0.0105473353807992,4.0476271985871275,-0.300312066667652,0.0015805491336753,1.1262352389941548
2021-07-27,2021,0.8921875430771393,0.0058090102789898,2.9331934273802234,0.4073647486054127,0.0010925502578318,1.0451495119747751
2021-07-28,2021,-0.9025706480754994,0.0033143358326414,1.2127645423445048,-0.2969928244240041,0.0010056439358193,0.1848250674098089
2021-07-29,2021,0.6616523179474751,0.6073020953099043,34.442585979349936,1.0279982395015312,0.0010065679284672,0.1286097891280661
2021-07-30,2021,0.8968406833309456,0.0382185117922168,5.8693722346449055,1.2104561889674268,0.0043697332242563,2.6048041126052275
2021-08-02,2021,0.4840003188972119,0.0525197182328654,6.217027853939184,0.5952858329383275,0.0122631989535557,3.7426092595021863
2021-08-03,2021,-0.4939530688472327,0.0927076173677707,11.382979436747268,-0.5661037883806455,0.0005091125537526,0.1894674295536616
2021-08-04,2021,-0.976637926592404,0.0100893958517812,2.471406716680539,-0.3377918370669671,0.0020989727249766,0.4926819339419794
2021-08-05,2021,0.9051874858441412,0.6560482321479658,34.857309429438374,1.1549558302837222,0.0013756959719459,0.2955213763274124
2021-08-06,2021,-0.6629925297966394,0.0566114919956791,9.530976130871856,-0.3358160522589752,0.0011944445434462,0.4677868733821359
2021-08-10,2021,-2.2086915248036028,1.1788461414643705,32.82076032845848,-1.042062015100355,0.0050118633144624,1.3348371191740906
2021-08-11,2021,0.1892094325234291,0.6087974887928408,23.0059481025035,0.4841398300295715,0.0010496471512287,0.2566438643195261
2021-08-12,2021,0.3603156068368021,0.137719848527924,13.083787295879914,0.2133805712372489,0.005337786744496,1.8891399383656575
2021-08-13,2021,-1.5503526343818954,1.3117147161775635,34.746803314281074,-1.2938976144466148,0.0052814007977699,1.2113597599337445
2021-08-16,2021,-0.1732241109366001,0.4777759190762524,23.90781271183294,0.533097460903885,0.0028157514010757,0.7365063191461519
2021-08-17,2021,-0.3342738309934412,0.1977065366627203,18.530826954001764,-0.4838013128528211,0.0032950024617571,0.3835207093450465
2021-08-18,2021,-3.029219941711376,0.5638412390384037,31.797950329503458,-1.038210532363926,0.0038688590564614,0.315020668977771
2021-08-19,2021,-1.0652538021809947,0.0788829667859904,11.665211091110011,-1.2168361061407746,0.0018196768032674,0.3680234491902694
2021-08-20,2021,0.6989472936700998,0.0546414329912898,9.881207133199863,0.0251027217040662,0.0019935960856805,0.2435303948564758
2021-08-23,2021,0.6201929004072586,0.1834933523521666,15.179796922168602,0.1880909700013386,0.00184766926363,0.4482726081442129
2021-08-24,2021,0.935045927205844,0.0865818949033574,12.754153005995958,1.065827306303858,0.0019182755124436,0.5265681886352116
2021-08-25,2021,0.601360122263135,0.0176862444427253,3.3529989679720424,0.4687692932577515,0.0010546320612136,0.4858435121462232
2021-08-26,2021,-0.2230831226307859,0.3277981807890996,25.47917480456189,0.1035286334919582,0.0007338430055973,0.1843735067150465
2021-08-27,2021,-0.1806621498965711,0.7492695340573827,38.1048556877601,-0.201911696838474,0.001817275105756,0.2437249976004833
2021-08-30,2021,-0.2706845866406193,0.0244301183597683,5.112384927532876,-0.2384295779887926,0.0048782095356724,0.4645446116112777
2021-08-31,2021,0.6941363312579898,0.0041209828403392,1.1782536030264794,0.8196079500687877,0.0006935705184786,0.0816582959612927
2021-09-01,2021,0.8510741078139166,0.0121157404458978,3.14762583333705,0.901994485814333,0.0007492266773944,0.2090344489661605
2021-09-02,2021,-0.1272384682583525,0.2978586538055998,24.144357741989637,-0.0186132677074812,0.0011714926100956,0.1751766898386819
2021-09-03,2021,0.4578852102256943,0.0061969664100448,1.8094697462051823,0.4525689790612621,0.0009284194033962,0.202410423275399
2021-09-06,2021,0.4266043879343251,0.0437524640717814,7.223912730081985,0.5861889793548205,0.0003340238483559,0.1136851645036843
2021-09-07,2021,-0.2017566021920692,0.2065401835843842,20.04907714689541,-0.1624109465569635,0.0006310744767674,0.1711820460258909
2021-09-08,2021,0.8917681832304325,0.0137265303679608,4.798445544996588,0.7627997046035548,0.0007578625646909,0.102071488806503
2021-09-09,2021,-0.6651735944827839,0.0108691366586904,1.9243450084451037,-0.0255300238782998,0.0158619504261097,5.166920377118163
2021-09-10,2021,-0.2374543431454112,0.0381762779250529,6.905915549479567,-0.1361143157803843,0.0041800863902505,2.7172988845477413
2021-09-13,2021,-0.3757955991418988,0.0470107584423946,8.24374962223543,-0.4594173970793471,0.0015367454801997,0.1216549077042861
2021-09-14,2021,-2.0237326987011306,0.0054386308047233,1.7968158069226243,-2.3328440428338215,0.0006762980496687,0.0465832910963992
2021-09-15,2021,-0.3343545454970906,0.0493592651992036,7.369687573411846,0.6345833330883658,0.0013466750782207,0.3064350816272347
2021-09-16,2021,0.3875050651234475,0.0009017336475176,0.6225702246567586,-0.0040831847761548,0.0004530148583423,0.088120871544047
2021-09-17,2021,1.2076081391115616,0.002282524143704,0.944266055449385,0.1475564008351062,0.0006879696673488,0.0576038878888296
2021-09-21,2021,0.6790671623446212,0.0035801994727896,0.7049578888143614,0.8496039933833117,0.0019387669846678,0.0367709376530896
2021-09-22,2021,-0.639570462213371,0.0016850262182875,0.2814763527628693,1.2645845268819909,0.0005247100694367,0.0748347422916119
2021-09-24,2021,-0.3279665652501019,0.0036597551325696,0.6518081085459332,-0.4725838460857981,0.000925720145942,0.0543252837014068
2021-09-27,2021,2.5740706291725974,0.0063451484547506,0.4369737757424035,2.4331216473144095,0.0006150470544537,0.0392495106081715
2021-09-28,2021,-1.1621565634453754,0.0028859983077256,1.3284307651787048,0.0794034784489966,0.0004680222392151,0.0235428310604412
2021-09-29,2021,-0.4013252930312525,0.0014415158396963,0.6148780090640897,0.0625511008708059,0.0003468509447865,0.0390588689317708
2021-09-30,2021,-1.031975988072827,0.0016485380667639,0.2072338733271958,-1.521101697018408,0.0005434127652224,0.0597978314659016
2021-10-01,2021,-0.7226573028245418,0.0042586834403471,0.7741395409398129,-0.0586703713951268,0.0002996071634859,0.0431732470723031
2021-10-04,2021,-1.1284795021713538,0.0023650504240701,0.3028479515006068,-2.243988756050176,0.0005761321805675,0.0498518233428261
2021-10-05,2021,-3.3667857342864154,0.001389377113396,0.1710673480398814,-1.132786560051033,0.0005285524485106,0.0318849587442115
2021-10-06,2021,-1.5990328360855537,0.0030219668559664,0.5716393379120355,-0.5078437987639863,0.0004495022444826,0.0269241095267257
2021-10-07,2021,-0.6745170492044132,0.0022122060724359,0.7854567440199812,-0.6680366038775525,0.000633071977286,0.2299739641382079
2021-10-08,2021,0.8924594387363174,0.0032710096062776,0.9097336847566956,-0.5196503765492559,0.0007261080347466,0.2434636589422083
2021-10-11,2021,0.8650474708472512,0.0009294282272977,0.2295201530398208,0.1821311846447046,0.0005504799653335,0.0359421341225695
2021-10-12,2021,0.0834492000197726,0.0015337424051751,0.4309848982485529,-0.4465748661084908,0.0004612299953387,0.0324853835305545
2021-10-13,2021,2.2175668999056497,0.0045084147613706,0.659714670165288,-0.3763455967569991,0.0011578459247678,0.3811563141259453
2021-10-14,2021,0.5732898977162203,0.0034529323355887,0.6128349532721776,-1.1201328923613851,0.0006519144254603,0.6144423500146199
2021-10-15,2021,0.3412579220336986,0.0050413331542416,1.318631333957947,1.4363605155970385,0.0005016060826571,0.3202303025249246
2021-10-18,2021,-0.8881578907684456,0.0110676543295996,0.9295389278472094,1.9178540022860824,0.0003070781480922,0.0819433589067658
2021-10-19,2021,0.8793989921717498,0.0025508216570857,0.8278384790193577,-0.9560162204982708,0.0004515264629654,0.0254651740348356
2021-10-20,2021,-0.7510382586722719,0.0017390372047842,0.7080819059887238,-0.7510415354381995,0.0002808295534133,0.1089584370103143
2021-10-21,2021,-0.9729450019082032,0.0013189751388471,0.5460294351316206,-0.7981487219902821,0.0003024091594857,0.039326491771192
2021-10-22,2021,-0.3294328331895542,0.0013554827338402,0.71762693459305,0.1137234715203621,0.0003881450256155,0.0550935564877865
2021-10-25,2021,-0.309035195490419,0.0024451029624424,0.9412534840900038,-0.5265312743610636,0.0002901836182661,0.038282938155499
2021-10-26,2021,0.4002901286067424,0.001054931601139,0.3371750894511901,-0.1258334681058091,0.0005546319242426,0.2064186430917718
2021-10-27,2021,-0.2760444110178028,0.3892648784456838,27.722498330211533,-0.4230671503227337,0.0027315440816935,2.1297671349430645
2021-10-28,2021,-0.1614730414865879,0.0175461966360985,1.9403119409410357,-0.6406750381439621,0.0009317578483015,0.0864851256149747
2021-10-29,2021,-1.3219821233142073,0.258301484281769,22.561060292340024,-1.2418314379336666,0.001908075362906,0.7526139272722696
2021-11-01,2021,0.7741855383004883,1.251974041004727,49.915087776384496,0.746425122247486,0.0026683564452072,0.7218649272283105
2021-11-02,2021,0.2954345394504896,0.0714866284187343,11.78010701914625,0.1472079951347862,0.0015036442630959,0.6433904168802935
2021-11-04,2021,-0.3705366942227419,0.5144567952386715,31.78588646748559,-1.4165404606451446,0.0046345719644704,0.3139489821520396
2021-11-05,2021,0.1295546241571419,1.1169754231770426,46.92462946841233,-0.2045366538806419,0.0051914304971655,0.4793370698938808
2021-11-08,2021,0.5814436822256367,0.0584174015413612,6.347726238211696,0.3896867928074684,0.0078108799119386,1.035756531071677
2021-11-09,2021,1.4078039969314502,0.1458217547840337,15.929804232779194,0.8332920779460689,0.0068048809843374,2.5615807719584285
2021-11-10,2021,-0.7610200184866729,0.0075294580441769,2.5996560705386003,0.7614247204510736,0.0074414866126177,3.196233805704586
2021-11-11,2021,-0.1191337137256076,0.0064826026771947,1.3502310109552254,-0.460553037003155,0.0021666000898576,0.4957297331327873
2021-11-12,2021,-0.0500148118040656,0.0098144479557449,1.857659857989653,0.3234250997652196,0.001903484106476,0.1678083050663785
2021-11-15,2021,1.6754493499526626,0.0507819988281447,6.230473688173764,0.7235116304083182,0.0038045526386167,1.4626146936419813
2021-11-16,2021,0.0360004233811108,0.0444853390745569,7.322717087631246,-0.1862649264237542,0.0005523129401282,0.1646380355172401
2021-11-17,2021,0.9158228098759204,0.0356843279418805,6.436457654707738,0.9034899155229502,0.0012142182647836,0.6335217276883387
2021-11-18,2021,-0.3610977601048656,0.0071809419673932,2.3641881201885866,-0.7573557789247539,0.0005645296368695,0.1225838634803182
2021-11-19,2021,-0.9358053735067128,0.0514503254953928,7.074803713978691,-2.2515213983779514,0.0008242686075301,0.3992540068547588
2021-11-22,2021,0.8736621572146006,0.0052308689496328,2.492754737138782,0.2919509070201226,0.0006709781403215,0.20851138834805
2021-11-24,2021,0.3139066225492,0.022087004985299,3.818589529410178,0.6785292939066685,0.0005456264716577,0.2274748971281793
2021-11-25,2021,-0.7069913784651565,0.0421665838070823,2.641657626832821,-1.123900945129324,0.0038564272649443,0.7583717695228934
2021-11-26,2021,-1.4894827078648964,0.0064177254262227,1.0921636873833047,-0.6739085055361116,0.0005814228677075,0.1079757984523289
2021-11-29,2021,-0.7314446444274956,0.0161825421970002,2.5596365626979,-0.3995620944235547,0.0021373193780921,0.184347938962639
2021-11-30,2021,-1.806052366808102,0.0303557861796037,1.5727154018347007,0.8669624598384276,0.0005176301613998,0.0612087988461695
2021-12-01,2021,-0.6870217182705551,0.0305210274590613,5.356833312057289,2.7177200360002343,0.0011927474998901,0.0837582819009715
