Date,ValidationYear,v10_baseline_OfficialDailySpread,v10_baseline_AllStockForecastMSE,v10_baseline_SelectedMissingTargets,persistent_raw_OfficialDailySpread,persistent_raw_AllStockForecastMSE,persistent_raw_SelectedMissingTargets,decay_std22_OfficialDailySpread,decay_std22_AllStockForecastMSE,decay_std22_SelectedMissingTargets,persistent_std22_OfficialDailySpread,persistent_std22_AllStockForecastMSE,persistent_std22_SelectedMissingTargets,CommonScorableDate
2017-12-29,2018,-0.6352309627522181,0.0009764802521031177,0,-0.6352309627522181,0.0009764802431081447,0,-1.025440120597622,0.0007348299559899479,0,-1.025440120597622,0.0007348299524952734,0,True
2018-01-04,2018,0.6927166737023229,0.0029297385592371413,0,0.6927166737023229,0.00292973851122382,0,0.5605728605047167,0.004461527098133984,0,0.5605728605047167,0.004461527253086814,0,True
2018-01-05,2018,-0.5486834824547038,0.003174541370780392,0,-0.5486834824547038,0.003174541434904209,0,-0.4831110923203039,0.002249516276194506,0,-0.4831110923203039,0.0022495165743836834,0,True
2018-01-09,2018,-0.26861048725494685,0.00063969817971005,0,-0.26861048725494685,0.0006396981418668578,0,0.7134717371104793,0.0018638311425785699,0,0.7134717371104793,0.0018638292133796022,0,True
2018-01-10,2018,-1.1589858930833188,0.005877746851003889,0,-1.1589858930833188,0.005877747852985452,0,-0.47818770136327865,0.004590609303048821,0,-0.47818770136327865,0.004590609754750084,0,True
2018-01-11,2018,0.16823863032890518,0.009897952298452436,0,0.16823863032890518,0.009897952866205626,0,0.12113762567940622,0.007738777012722012,0,0.12113762567940622,0.00773877102045459,0,True
2018-01-12,2018,0.3582727744614135,0.007860354775079108,0,0.3582727744614135,0.007860354341234154,0,-0.3319514571800845,0.0026038252213590562,0,-0.3319514571800845,0.0026038263335030182,0,True
2018-01-15,2018,1.047685478750542,0.0015347777801486611,0,1.047536330025715,0.0015347887630192297,0,0.23860449410416928,0.0016133639014088536,0,0.23856510939178777,0.0016133482795228353,0,True
2018-01-16,2018,-0.1351797182490464,0.003587833852960151,0,-0.1351241620520478,0.0035878208643186976,0,0.3814457314970723,0.0017116489113015987,0,0.3812627084654223,0.001711627810704574,0,True
2018-01-17,2018,0.6854844737121567,0.0024990522215806482,0,0.6856723365626326,0.002499087376598642,0,0.5995869146276381,0.001700068428714893,0,0.599363034776735,0.001700260098080533,0,True
2018-01-18,2018,1.0442560684100481,0.0006718993553348339,0,1.0449471410302755,0.0006719441577022349,0,1.3502064500094384,0.000695517458733391,0,1.3495948006001997,0.0006954778100639466,0,True
2018-01-19,2018,-0.08973921368656157,0.00040719034733499777,0,-0.08978700218452063,0.00040721894124283843,0,0.07031308420767779,0.000525227139827341,0,0.06967186905511036,0.0005252653215745964,0,True
2018-01-22,2018,-0.6382976178714469,0.0018251177566738846,0,-0.638350428341687,0.0018246612793260254,0,-0.1225126689826781,0.0013325308316085617,0,-0.11830266473717349,0.001331983437488989,0,True
2018-01-23,2018,0.5135972044404378,0.002082878970318287,0,0.5132035199504454,0.0020823402816881912,0,0.34962288476783865,0.004888348325254964,0,0.3499111926019429,0.0048871389778339476,0,True
2018-01-24,2018,-0.041969438494016006,0.0031846623870737632,0,-0.0421158118595205,0.003184210128264065,0,0.011368581706501235,0.0017224717024458267,0,0.010392113375473466,0.0017226045636391629,0,True
2018-01-25,2018,-0.7831552452601136,0.0009695938761448326,0,-0.7829841638416521,0.0009691767020396849,0,-0.44197088103834337,0.000893183689346421,0,-0.4279207165204422,0.0008930786878354492,0,True
2018-01-26,2018,-0.7709573067081736,0.0037945088230203973,0,-0.7723024546854576,0.0037934896943691587,0,-0.37331607709215353,0.0020461134295331534,0,-0.370851744273597,0.0020468088803432985,0,True
2018-01-29,2018,0.12993348021575768,0.003056712528157437,0,0.13050826785217806,0.00305595603709744,0,0.012529280232260298,0.005497575996994505,0,0.013253411173566265,0.005496545248584313,0,True
2018-01-30,2018,-1.07292655172752,0.005381294620774107,0,-1.0730179857040976,0.005382400921952565,0,-1.3873551750732531,0.003983937729397344,0,-1.3870503393660027,0.00398593191108798,0,True
2018-01-31,2018,-0.27969346494941066,0.003705903304680949,0,-0.2795268356829461,0.0037040452786777063,0,-0.4822896436074411,0.005087954656504659,0,-0.5024028059264123,0.005103009951387307,0,True
2018-02-01,2018,-0.5797187892676368,0.007128807896917454,0,-0.5794939791008016,0.007134282738966906,0,0.13223243674749963,0.01611275457969602,0,0.13290133653456593,0.01610630492189364,0,True
2018-02-02,2018,-2.4129415736781006,0.0056879338471502935,0,-2.4439722041245737,0.005666396360443411,0,-2.4152571276511754,0.005703339545820905,0,-2.4054614721932808,0.005658866742080199,0,True
2018-02-05,2018,0.920531589372718,0.007984329701087848,0,0.8374228118393283,0.008007157791803443,0,0.9847017932974729,0.006413103447048652,0,0.933874883853593,0.006341176335182197,0,True
2018-02-06,2018,-2.8274730787551117,0.12521239822064648,0,-2.823796343107859,0.12431017081374109,0,-1.8702524347626555,0.11028264458074089,0,-1.931805388962499,0.10867590561290151,0,True
2018-02-07,2018,-0.027602875697831042,0.0029673405813325066,0,-0.045979087951921294,0.00302552390120598,0,-0.22224968023780267,0.0016098939147075632,0,-0.1552348243490309,0.0015821116890012892,0,True
2018-02-08,2018,0.4775693422912102,0.010246818038284962,0,0.5373114694421868,0.01023034226685636,0,1.3980009809834364,0.0024042886024043704,0,1.3801897612622303,0.0023961757468300877,0,True
2018-02-09,2018,1.0157397779232498,0.009527393174168588,0,1.018550405821868,0.009580873117454841,0,1.016388924552333,0.007427303423633403,0,1.1047863699692928,0.00750789003400496,0,True
2018-02-13,2018,-0.6133340270817385,0.006871198810619211,0,-0.7826488633507691,0.006901738340720949,0,-0.5483488315796172,0.006817681374795625,0,-0.44638701878207154,0.0069369961684531975,0,True
2018-02-14,2018,-0.8517508296586254,0.003267082016540855,0,-0.9265347832486821,0.003414029096337996,0,-0.2569270779537649,0.008108069892745914,0,-0.22097748214873647,0.008669975568511715,0,True
2018-02-15,2018,0.9745660009898014,0.021971537048154327,0,0.987143061313354,0.022549705238046416,0,0.8352222118365047,0.025564674677813013,0,0.8419362829887902,0.027030688329785668,0,True
2018-02-16,2018,0.9093804726466885,0.001553546229542353,0,0.9249707884475129,0.0016211289929129907,0,1.4542845397752169,0.0010085443323469535,0,1.4701008579266224,0.001129010276008078,0,True
2018-02-19,2018,0.6669250457494229,0.0007622585287412581,0,0.6089429757301614,0.0007664163407015325,0,0.4711936436322839,0.002052713559310669,0,0.44528726284737297,0.0020101812991994215,0,True
2018-02-20,2018,-0.2793023405098415,0.0023451272385301546,0,-0.2699215462975453,0.002556999770112001,0,-0.1301771571610868,0.0023315266120895223,0,-0.10913605420379002,0.0026308553002804573,0,True
2018-02-21,2018,-1.2491246676822454,0.001637805786220557,0,-1.2760868901034048,0.0019017742574694908,0,-0.8682284453152509,0.0010056758308234588,0,-0.9609755150050641,0.0014390243386774315,0,True
2018-02-22,2018,-0.02609139338114841,0.0017051073971564483,0,-0.16008030286873232,0.0017727625312219841,0,0.17824006507453882,0.0030439080265015975,0,0.10886165000390524,0.0032911510279329385,0,True
2018-02-23,2018,0.953650936416947,0.0015988582479884782,0,0.9694633925412494,0.0016137052040899728,0,0.7756222699496499,0.0017562360781874697,0,0.7523719449743349,0.0017521166037150532,0,True
2018-02-26,2018,-0.45690717623615057,0.0026722022660714906,0,-0.4389940391487773,0.002908057685346097,0,0.8214099013434195,0.005859099079796202,0,0.8103631451685345,0.006185997678478322,0,True
2018-02-27,2018,-0.15402603981581198,0.0005943170620871703,0,-0.1852637057019657,0.0005925121756971137,0,-0.7802909985757864,0.000518905051481245,0,-0.8428710859653394,0.0005181708610154774,0,True
2018-02-28,2018,0.5765326716891566,0.001707518276398415,0,0.6443334038908053,0.0017470236933225887,0,-0.28455452656859226,0.00077669179824452,0,-0.26297566352422264,0.0007922584349973409,0,True
2018-03-01,2018,-3.451015437769084,0.002838871154119659,0,-3.4347162390084973,0.0028340442446063594,0,-3.3833091092320977,0.0016960448712276558,0,-3.348076021379187,0.0016939622014384393,0,True
2018-03-02,2018,-1.137099035879936,0.001291546709727927,0,-0.9613056316031945,0.0012835908525447336,0,-1.8499093159708058,0.001262266577454085,0,-1.684272813843033,0.0012581527436748901,0,True
2018-03-05,2018,-1.338183143437354,0.009388869998379932,0,-1.3579943992784667,0.010396174946879133,0,-1.9523159367767486,0.0020772739787234444,0,-1.9326908596976933,0.0031138125092842195,0,True
2018-03-06,2018,-0.4291378672584631,0.0010649448360083437,0,-0.47017610689078454,0.0010727096933534402,0,-0.32368500868264805,0.0007904436254799915,0,-0.3629778590284828,0.0008084271603226523,0,True
2018-03-07,2018,-0.22685404780381954,0.004022695462541476,0,0.06202356158603203,0.004231410092074989,0,-0.08123234708346516,0.000831501849283582,0,0.188735490079613,0.0009417832057424587,0,True
2018-03-08,2018,2.8283039213246983,0.0009367438924756976,0,3.012447312458315,0.0009505179677581165,0,2.501224719801126,0.0018215761210633947,0,2.5141030895242604,0.001764947794686867,0,True
2018-03-09,2018,0.3487067501089891,0.000670627309809413,0,0.5818737274189374,0.0010883677518363176,0,1.3688728869857256,0.001426925431353547,0,1.657398983319953,0.0014829852398413922,0,True
2018-03-12,2018,1.4820437576825576,0.0035215155880058933,0,1.4493611789035414,0.003618418177410202,0,0.9064239939811745,0.004502523792870225,0,1.0006781715470332,0.004357336021386347,0,True
2018-03-13,2018,1.274596802520461,0.0017813684701201307,0,1.3086747280723265,0.001792277157763744,0,1.3562411689101546,0.0015359251755580347,0,1.3399245359104475,0.0015888537582036764,0,True
2018-03-14,2018,-0.9369156285458624,0.0012583635018581518,0,-0.8347830265688626,0.0012681639278162983,0,-0.7032646623027199,0.0005929524447043028,0,-0.6203140526370874,0.0005888203719655392,0,True
2018-03-15,2018,-0.723693445755965,0.0034972758942184243,0,-0.6528909557668565,0.0035242658587642255,0,-0.8584269134630595,0.003070001510399756,0,-0.7792274218197446,0.003090870618163271,0,True
2018-03-16,2018,-0.08640721530171303,0.0011584099366451696,0,-0.015073058362381098,0.0013301850122715972,0,-0.36386556961208205,0.0016222720377439385,0,-0.34370494498830384,0.0018586437935752046,0,True
2018-03-19,2018,-0.21360439295181455,0.0033582219896382943,0,-0.2868243109651305,0.003465729084224352,0,-0.2223656298103618,0.004186871277568624,0,-0.30477501782835814,0.00422857335175642,0,True
2018-03-20,2018,0.5440786254117684,0.0038249410518232233,0,0.5820185819877866,0.0038263414398387384,0,-0.5446810781347162,0.0043694105432770195,0,-0.5460773353052462,0.0043762975657560006,0,True
2018-03-22,2018,-0.42143504649810215,0.001330796848797314,0,-0.6070766749523394,0.0014651199631501406,0,-0.4017225750304859,0.0018526944802485113,0,-0.3650279351797904,0.0020613413851229665,0,True
2018-03-23,2018,0.09220763972876167,0.0036594939858849104,0,-0.7202756590656367,0.0049802544898466155,0,1.2929216319116912,0.001478781291406496,0,-0.2302656542116086,0.002510874301819183,0,True
2018-03-26,2018,-3.1714005931082454,0.0022018152549437395,0,-3.0649845173485217,0.0021763623584429045,0,-2.794421600625901,0.0020279465031137677,0,-2.723505641454828,0.0020115963058643933,0,True
2018-03-27,2018,-0.05243825648625933,0.00396322612472038,0,-0.05786790056092128,0.0040717243404266665,0,0.14365125055413808,0.0030760164358031865,0,0.13525485519416636,0.00335799295980123,0,True
2018-03-28,2018,0.3060893320401572,0.0009690359462467646,0,0.1884979199994392,0.0012591820124539645,0,0.2957970485504946,0.0012288981967019444,0,0.3273191266799198,0.0015932566718800548,0,True
2018-03-29,2018,0.09784516769353696,0.0021574360159359886,0,0.17809144886119027,0.0023175329214047977,0,0.251432213278741,0.003019573835110024,0,0.03682104955479715,0.003386034674668737,0,True
2018-03-30,2018,1.1235957007496293,0.005456808339911251,0,1.1044336410365378,0.005514286202353059,0,1.7714493497489616,0.007858495229593256,0,1.7409444081136773,0.007876046789718299,0,True
2018-04-02,2018,-1.3319031173504616,0.002058374221664348,0,-0.8108877684214442,0.0028511846635524813,0,-0.0716175975672464,0.0019824689227951066,0,-0.05205258647169053,0.0030801779337695993,0,True
2018-04-03,2018,-0.14003585985083467,0.011643503823076587,0,-0.15431153150670562,0.011641454756953511,0,-0.04339327018912709,0.007524439896495954,0,-0.0593282156435323,0.007512787037987806,0,True
2018-04-04,2018,0.2969859006131324,0.005333417601715547,0,0.46783416045089216,0.00526471758490932,0,-0.3339057825045435,0.0017379747152425167,0,-0.2777845832357799,0.0017383461888396585,0,True
2018-04-05,2018,1.6919417157633714,0.0036958528705949116,0,1.695410645250242,0.0036890772871802538,0,1.8056724057914075,0.004722996233981852,0,1.7951457913401452,0.004716065825709332,0,True
2018-04-06,2018,-0.6423054623627997,0.0018087387228615005,0,-0.8766321631811077,0.0020869085535166142,0,-0.5503124037887951,0.001441070691266666,0,-0.7726090712255999,0.0016736709819937321,0,True
2018-04-09,2018,2.5609792861053484,0.001964424455877122,0,2.552110600212032,0.0020112109519182875,0,2.247477897450854,0.0020277209951284794,0,2.2508891874316643,0.002082306247589832,0,True
2018-04-10,2018,-0.04342536317606127,0.0017096426996230964,0,0.02642489618112287,0.001709554551862364,0,0.18504667667248842,0.0015013451982630096,0,0.18268704622824616,0.0015145838825924131,0,True
2018-04-11,2018,1.201719107059822,0.0010388502964804656,0,0.8157313243063802,0.0017718741547015533,0,0.6361092880410214,0.0013096637418519635,0,0.22737205171279307,0.001994925865369569,0,True
2018-04-12,2018,0.6951772582799329,0.00173641724898152,0,0.6164842041856385,0.0029705300059862487,0,1.3104821810016452,0.0013562039150542126,0,1.1637619102082146,0.0026244278364414724,0,True
2018-04-13,2018,-0.9317264199740993,0.0017551451149564316,0,-0.9788259612506578,0.0017808847915407812,0,-0.7116557558682486,0.002732284547137067,0,-0.6730184599767568,0.002672528848612885,0,True
2018-04-16,2018,0.6133463214786117,0.0016551213981763559,0,0.6256830773934787,0.0019138303703611142,0,-0.12482439462416295,0.0025756951531083973,0,-0.05421323513053622,0.002913022044741943,0,True
2018-04-17,2018,0.5004299799644958,0.003741295750667139,0,0.4485134696719798,0.0039711686310423605,0,1.543550233188341,0.0005492497275479662,0,1.147699461493003,0.00047603693977084577,0,True
2018-04-18,2018,-0.1054849149858981,0.0017059076504288117,0,-0.07167270735069844,0.0018949136725585037,0,0.1272205989485497,0.00292368323942384,0,0.10608979052287298,0.003047740733192469,0,True
2018-04-19,2018,-0.2842415959895488,0.0031276910642825677,0,-0.43983586868329644,0.0034256818980758345,0,0.6694278851791161,0.003974662376336407,0,0.6371216917233361,0.004183500553036774,0,True
2018-04-20,2018,-1.170931654620278,0.0011353767420709555,0,-1.1350555816958712,0.0011689561658662165,0,-0.712598884591942,0.0013206695896686867,0,-0.8109112035699371,0.0013797201536020344,0,True
2018-04-23,2018,-0.36932852451774667,0.0020652228219011147,0,-0.3689427918132139,0.002112737616439881,0,0.0556986775944279,0.0017436680664249065,0,-0.05954674841994351,0.001764924341348052,0,True
2018-04-24,2018,-1.9813962090378614,0.0009162379290539741,0,-2.007824992218499,0.0010201329727531124,0,-1.5772588713574982,0.0009793363687050057,0,-1.6584495835695012,0.00104677793559896,0,True
2018-04-25,2018,0.837304439540605,0.0035869834259840737,0,0.8182570886434667,0.0039513709305479625,0,0.6753755446156562,0.0033042762074482995,0,0.6285001813762896,0.0033403347887829824,0,True
2018-04-26,2018,0.06697474447860685,0.002373093563174772,0,0.00474405188021354,0.002377582580320621,0,-0.3923107492668142,0.001423355940698242,0,-0.3818817507916815,0.0014828588163372707,0,True
2018-04-27,2018,-1.8410329349488288,0.0019654397159756336,0,-1.7340036055076147,0.0024133667108421726,0,-1.2028707640415661,0.0014930619740054028,0,-0.896452238782626,0.0018227925404710316,0,True
2018-05-01,2018,0.3661450195425704,0.004369572833842994,0,0.35393966188361015,0.0044003128331842525,0,0.8468647185340948,0.0050798032112567,0,0.8582697301027113,0.0050927240885148255,0,True
2018-05-02,2018,0.3908109649445568,0.0023333176839103256,0,0.6875634137628315,0.001963098982999721,0,0.8578097185923264,0.0018811335952757789,0,0.559731631074124,0.0021323244116622925,0,True
2018-05-07,2018,0.4188035378146312,0.0031272783388373647,0,0.6906049881631873,0.0030365104851838684,0,1.046303575835598,0.007255777553336089,0,1.1450481050380448,0.0077162937700165305,0,True
2018-05-08,2018,-1.4541503963612294,0.016739600973588068,0,-1.4006256191429878,0.017731889536997072,0,-0.2291110940122531,0.014770340028923468,0,-0.19457237128305116,0.015022274358880242,0,True
2018-05-09,2018,-1.236242296528987,0.006815136614732726,0,-1.005656621426881,0.007202180894241201,0,-0.4579956802369147,0.0052990734487196045,0,-0.5012872840893148,0.005400463015308241,0,True
2018-05-10,2018,0.43573246809237204,0.0023290239200291288,0,0.3745898007340103,0.002621590559880473,0,0.918644792316973,0.002819569434500717,0,1.0997200054237037,0.003089192628311148,0,True
2018-05-11,2018,1.2210908922989228,0.004721724336258113,0,1.1781267854705126,0.004781745859334717,0,1.5535929429048432,0.004149050942752774,0,1.4207878309039614,0.00424285555418537,0,True
2018-05-14,2018,-0.00487716741244415,0.011901396691934137,0,0.014439945270503185,0.011965838031517824,0,0.06431137335066783,0.014026569951635556,0,0.0627597538635073,0.014163152191674465,0,True
2018-05-15,2018,1.2697210198375486,0.0024575968201649904,0,1.4031847814645722,0.002179244356183929,0,1.0081625975949846,0.007951697795027978,0,0.8456703956586076,0.008649782437670058,0,True
2018-05-16,2018,0.33894829505154245,0.0037085899743509267,0,0.39291355353377877,0.003652761876762797,0,0.06690789281951748,0.0025659198219075054,0,0.13016764347263587,0.0026119090333879486,0,True
2018-05-17,2018,-0.12440417143774385,0.0012213624407187242,0,-0.14423388662493253,0.0012262138241150404,0,-0.018467256364354867,0.0009705662661342896,0,0.015512997477380441,0.000978756265354949,0,True
2018-05-18,2018,-0.4764937076275724,0.0007867782613230739,0,-0.5054121428786371,0.0007993308550153462,0,0.04288532025227759,0.0007041078436762822,0,-0.03145202425011828,0.0007257976236496115,0,True
2018-05-21,2018,-0.7099226939661429,0.0012548762091882679,0,-0.7851092360954324,0.0012824366615153248,0,-0.4544406242300746,0.0008573864301136903,0,-0.4884530789018635,0.0008612543411452086,0,True
2018-05-22,2018,0.09512268550890224,0.0006184059141782573,0,0.03484724704875686,0.000609215993432096,0,0.335024921877066,0.0006320630057696757,0,0.34061076133747825,0.0006338952774877918,0,True
2018-05-23,2018,0.4975343161829153,0.003340838233054871,0,0.6820406459280585,0.0025876933079894736,0,0.03939389282417716,0.0015143651491822188,0,0.18945579453289485,0.001558418172201046,0,True
2018-05-24,2018,-1.272934009968557,0.0008974459046205654,0,-1.187804731543804,0.0009561493957965001,0,0.05536926183779674,0.0008738699629711865,0,0.08781709128983897,0.0008908444697847014,0,True
2018-05-25,2018,1.1240045169537398,0.0018733919796522793,0,1.1948111110408883,0.00184344006553447,0,1.4670018976865244,0.0025188329886130854,0,1.4599158153125917,0.00251009000668153,0,True
2018-05-28,2018,0.7882229244146659,0.0029702522795796524,0,0.8144784666122431,0.0029858960274783933,0,1.0299327632533994,0.002021917223607746,0,1.0729774412891404,0.0019842435571301733,0,True
2018-05-29,2018,1.3963057487632842,0.0026336261167986103,0,1.4716421733542924,0.002818490653033277,0,0.6369769539315935,0.002611756826600144,0,0.7777808048986428,0.0028007414976460383,0,True
2018-05-30,2018,-0.7024075131290024,0.002574574848420405,0,-0.6152656752506827,0.002635004008300117,0,-0.6006958454362953,0.004276092922438017,0,-0.4980613028373,0.004266279157077357,0,True
2018-05-31,2018,1.5147478741796034,0.007411405480776756,0,1.50801301644656,0.00828537789400869,0,1.924049476698258,0.006635353085857914,0,1.7114472921668131,0.007976970329376694,0,True
2018-06-01,2018,-0.0692034891204634,0.0052617141639249975,0,0.133088108216671,0.00559814744258961,0,0.7484408472745243,0.0022814798359203706,0,0.8840376043280074,0.0026473103590565774,0,True
2018-06-04,2018,0.7175611316474273,0.0014571933806074207,0,0.7701171437771568,0.0015173400680353437,0,0.07337416034284056,0.0006606655685379853,0,0.11496521325719405,0.0006857021523461247,0,True
2018-06-05,2018,-1.5424858375923318,0.000898863499911931,0,-1.4628382627282008,0.0009096662129268583,0,-0.7548708397458144,0.0007517187223423461,0,-0.877234981156932,0.0007470503510895392,0,True
2018-06-06,2018,-0.05607646874908934,0.0016399323849378904,0,0.07779027389421439,0.001662282495222115,0,-0.6379830752003983,0.0009095753506866471,0,-0.5115244352317209,0.0008955670292631905,0,True
2018-06-07,2018,0.9147413115384704,0.0008284051738293527,0,0.981436340679665,0.0008564457878573468,0,1.0050349643881147,0.0009036929372236852,0,0.7970418125403355,0.0009110341722963057,0,True
2018-06-08,2018,-0.7829421723175695,0.0009372933896985918,0,-0.833445696275056,0.0009444920661274178,0,-1.009009047030175,0.001014016818673396,0,-0.9468863102404028,0.0009954180114675492,0,True
2018-06-11,2018,-0.12488802919619002,0.0013118376935535151,0,-0.1899159597868218,0.0013107849032781016,0,-0.1152512353963005,0.0018466756786108488,0,-0.12838641347757324,0.001843466444590575,0,True
2018-06-12,2018,0.03561958757294059,0.0005268336670395409,0,0.043954995919194606,0.0005314019256279761,0,-0.1036667958401849,0.0006508208888962872,0,-0.03543914828887007,0.0006810740648905592,0,True
2018-06-13,2018,1.0606637964567707,0.0023860623922889236,0,1.1154707507277297,0.002513758525555581,0,0.7002645832811485,0.0026968702387015885,0,0.7129889474882768,0.0028714654649927363,0,True
2018-06-14,2018,-0.523446185806332,0.0010297184069180951,0,-0.458403788094798,0.0010294180948993033,0,-0.6811629174475631,0.0011640969857050361,0,-0.6966956404057487,0.0011648159917185363,0,True
2018-06-15,2018,-0.6659962381482627,0.0029127769021101628,0,-0.6398831798928071,0.00295876928472327,0,-0.9548631162746837,0.0024112026584262756,0,-0.7983648238697483,0.0024974295733787774,0,True
2018-06-18,2018,-0.5420082448484167,0.002205507110306199,0,-0.38510915682955144,0.0018041325299912798,0,0.09340771005381165,0.0032933204005270275,0,0.10074224909611673,0.002060581940522738,0,True
2018-06-19,2018,1.4408255599560476,0.0017869235681011772,0,1.4930592062986991,0.0016030580748388039,0,0.6791584549057993,0.0019578611926462284,0,0.5738367797158106,0.0018945948350818983,0,True
2018-06-20,2018,0.3690472114226834,0.0006805419023815536,0,0.5200357942778252,0.0006843711507399317,0,0.25613050043657604,0.0008242697051803868,0,0.37484308316274817,0.000853240410553132,0,True
2018-06-21,2018,-0.8390654630794216,0.0015818888983543929,0,-0.8753831495374165,0.0015445689505199616,0,-1.169065685565866,0.0015200966141030229,0,-1.1793443456752803,0.0015247692928263066,0,True
2018-06-22,2018,-0.2248982909394167,0.004260753403852878,0,-0.1973900956424629,0.0040776926668137994,0,-0.6048126946719842,0.006266466224115321,0,-0.5043492243599454,0.005843326935930244,0,True
2018-06-25,2018,1.130428600809736,0.004108930319951299,0,0.9512125210515566,0.004314854184697451,0,0.8538051435837708,0.005439970740300355,0,0.718623940391343,0.005620905247312016,0,True
2018-06-26,2018,0.20901715211652772,0.004568529281893414,0,0.22317608106018094,0.004633214999014497,0,-0.09961924156095991,0.00458638917708317,0,-0.0750814795497392,0.004652838132135842,0,True
2018-06-27,2018,0.264227852468662,0.0047698778523650506,0,0.3829911700041633,0.00530138321282949,0,-0.2325631187901418,0.007338324302688527,0,-0.11967858480240035,0.008021258296054287,0,True
2018-06-28,2018,1.0241903332618194,0.003578495693284603,0,1.4374051834087513,0.003042332729041447,0,1.6599696378072326,0.005707963918913031,0,1.385527826888314,0.004922129549706789,0,True
2018-06-29,2018,-0.3388574194453611,0.001200430813110864,0,-0.5925018172752354,0.0011108402418187986,0,-0.9181282054060385,0.000900303878327069,0,-1.027684242481447,0.0008674054563218031,0,True
2018-07-02,2018,-0.31605799087436476,0.00476216762853785,0,-0.3640584187503808,0.004826365372981679,0,-0.08024110851328256,0.00422165635998935,0,-0.18661385492893517,0.004350131638993966,0,True
2018-07-03,2018,0.48913825557580903,0.0034345425270626124,0,0.38527975073984333,0.00337752527278075,0,-0.07262975778296354,0.0038165478324432745,0,-0.10115166099267325,0.00376275246878232,0,True
2018-07-04,2018,-0.2254964621660709,0.0020799392815419302,0,-0.32329177749003835,0.0021276042023944887,0,-1.9117777669865994,0.0017047471381162595,0,-2.0334713289793904,0.001536176850087566,0,True
2018-07-05,2018,-0.26499737842768,0.00638901870217118,0,-0.2178375505045027,0.006534166264614649,0,-0.5123232883796516,0.006684859028877579,0,-0.4202084110550621,0.006465806403983997,0,True
2018-07-06,2018,-0.6979423490159048,0.0019790202439699226,0,-0.6146516007872528,0.0019876164411921533,0,-1.1517303022602903,0.001721808501830128,0,-1.2302099960875512,0.001720481323647676,0,True
2018-07-09,2018,-0.6892678991527472,0.00757973387551368,0,-0.642119587084615,0.0076456063269324855,0,-0.7589861102799741,0.012112485620095946,0,-0.7187300332716732,0.01222972861517542,0,True
2018-07-10,2018,0.5641001788920615,0.0018094114478522968,0,0.602795446555085,0.0018624968860816173,0,0.2406887815521216,0.003922790704049702,0,0.16885921644470248,0.004191620166347654,0,True
2018-07-11,2018,-0.5012311979766939,0.0018100244003092759,0,-0.6210105586743138,0.0019397904490238785,0,-0.455020199790207,0.0010533887150333654,0,-0.38773746080194593,0.0011031083438962333,0,True
2018-07-12,2018,2.3209523388309394,0.0026495109054142834,0,2.516240627905952,0.0026424556650496357,0,2.2784904071280865,0.00528127570760376,0,2.2787722759211144,0.005499618058595158,0,True
2018-07-13,2018,-0.24011305811173322,0.0013458859663477835,0,-0.2568373828138051,0.0012916890620334582,0,0.18704870154907471,0.003099973415160633,0,0.340529722601431,0.002833138490156646,0,True
2018-07-17,2018,1.8880447117159882,0.00402456638492065,0,1.818588328130671,0.00414939983625292,0,1.4996444707455527,0.0011164481803255365,0,1.4498239120154905,0.001181908396472837,0,True
2018-07-18,2018,-0.6519920226880888,0.0009345011164289439,0,-0.6543840933279976,0.0009154219466288021,0,-0.7686061043670586,0.001197852282377109,0,-0.7044318386646894,0.0011988422843796486,0,True
2018-07-19,2018,-0.45588683184422407,0.004946282164438396,0,-0.4673895854085909,0.004959245564399898,0,-0.20565310987826246,0.001654153181855496,0,-0.0736126336758869,0.0017308452013063429,0,True
2018-07-20,2018,-0.9084213849889115,0.0009391317125079864,0,-0.9711958542677671,0.0009396673933443891,0,0.8063639692208457,0.0009958595340215945,0,0.786120116866317,0.001027134906767401,0,True
2018-07-23,2018,-0.6493059295104772,0.0013647458916923514,0,-0.7703845768560745,0.001412053574482376,0,-0.5954547960009952,0.0012789189542527402,0,-0.6416149985350351,0.0013089815308813485,0,True
2018-07-24,2018,0.2783060631844436,0.0017796265820691497,0,0.4057745514254103,0.0014668286445777081,0,-0.023784703299133625,0.0035982412270596765,0,0.313049382439776,0.0031158696294549416,0,True
2018-07-25,2018,0.5060255090349515,0.001352764476265053,0,0.4154711737879754,0.0013308738401438412,0,0.4013627867163023,0.0011063572300394552,0,0.4175015560482115,0.0010961621615885888,0,True
2018-07-26,2018,-0.4371611605905824,0.003994282197580998,0,-0.3990166867221563,0.004013142772917701,0,1.2101686501815936,0.0019908813081458356,0,1.1905425752538004,0.001890868566533475,0,True
2018-07-27,2018,0.5989637038277658,0.003015786419820713,0,0.5145880022211677,0.002786438418900385,0,0.1148060800166304,0.003485803318464425,0,0.15447269339787084,0.003344433819938478,0,True
2018-07-30,2018,-0.011246862376458111,0.018185855526533314,0,-0.036793257574885496,0.018185409434885162,0,0.009836936083817305,0.011321784954776254,0,-0.03154118430560637,0.011277538088604598,0,True
2018-07-31,2018,1.0195162794431154,0.005425824374990622,0,1.0312703980328297,0.00541529211099733,0,1.0786661901588315,0.013085363884646702,0,1.0492808550498403,0.0131393974399713,0,True
2018-08-01,2018,0.7982004611534426,0.009841418821540732,0,0.7967428986566882,0.009812581678845437,0,0.29497663911393923,0.019838540125392014,0,0.2830212207503473,0.02001922994871557,0,True
2018-08-02,2018,-0.36194516561896184,0.0056942784752484436,0,-0.5270205072835077,0.005726414715519689,0,-0.32290564559684576,0.003960741259351917,0,-0.39550142924923803,0.003927454072262603,0,True
2018-08-03,2018,0.3565516203630167,0.007390050616470019,0,0.3525671579946887,0.007384720358797919,0,0.276496893820498,0.006353306085432594,0,0.32703165561510106,0.0063097939929812755,0,True
2018-08-06,2018,0.060141039084029235,0.006188861140644851,0,0.08081843488437745,0.006162198246323608,0,-0.09282561265895795,0.007667003592905087,0,0.011839463554870866,0.007737140401793328,0,True
2018-08-07,2018,0.1549028586592273,0.005071409679801906,0,0.14964938095837577,0.0050818665052726735,0,0.18945964582430358,0.007322060314261781,0,0.22936472112874218,0.007372930344393377,0,True
2018-08-08,2018,-0.618324006872013,0.009327732383010857,0,-0.669264494025001,0.0091958551544121,0,-0.8709147111123088,0.009461405490840439,0,-0.9477141915204236,0.009222654688326393,0,True
2018-08-09,2018,-1.0546760545133251,0.0028579223172186764,0,-0.7945300947010709,0.002934888851168743,0,-1.0442547102071815,0.0038854562224768813,0,-0.8081237502420002,0.004346226983848944,0,True
2018-08-10,2018,0.16551558999229155,0.013895068372792276,0,-0.08218538053564561,0.013717465134257433,0,0.13708874241104363,0.01588766983358264,0,-0.23372877296306438,0.015495585112606212,0,True
2018-08-13,2018,-0.9360766823116528,0.022849741431680705,0,-0.951597541476567,0.022916107051437692,0,-1.460225119991903,0.0351556991485115,0,-1.394768703653881,0.03453119173437363,0,True
2018-08-14,2018,-0.6991081026504133,0.0011523820115458636,0,-0.5499420149688081,0.0011644942634773511,0,-0.2451692914390411,0.004102882204885708,0,-0.4314894574467525,0.003975022098699571,0,True
2018-08-15,2018,-1.3918791296054898,0.0011406810162723866,0,-1.343493498979786,0.0011875113901512115,0,-0.9190074819770665,0.0008189981472751587,0,-1.0716504877325268,0.0009417707969976519,0,True
2018-08-16,2018,-0.02010680361085382,0.006667672189874297,0,-0.12744234801979792,0.006906259253102172,0,-0.28517818109119397,0.004625218659437889,0,-0.30559695119789243,0.004725515062966213,0,True
2018-08-17,2018,-0.12362839167264661,0.0005925388183711127,0,0.16661038900684844,0.0005866267686427539,0,-0.2889171208611956,0.0011812148934255034,0,-0.1851784044041369,0.0009092378527953067,0,True
2018-08-20,2018,-0.5047667761521564,0.0024739380366037306,0,-0.7607803648370588,0.002451178635980158,0,-0.043593338686512606,0.00191248781466311,0,-0.34947762101219704,0.0018427575879675433,0,True
2018-08-21,2018,0.5372292105624292,0.001985111796915113,0,0.5157192429995725,0.002074250991134687,0,-0.3623146172186691,0.0028024613970818665,0,-0.4375468009600776,0.0028990619049609977,0,True
2018-08-22,2018,-0.3061299591305431,0.002837924911832779,0,-0.2339203424856089,0.0028673093043281644,0,-0.9813675117341389,0.0022816415685691033,0,-0.9379961176764544,0.0023071386473040544,0,True
2018-08-23,2018,0.37205243589444903,0.0030766305465835075,0,0.32279824408192237,0.0032066964180064096,0,1.1968313531101273,0.0010848004566019862,0,1.1729833115169486,0.0011412776745924017,0,True
2018-08-24,2018,0.46878304257632036,0.0006557652134315658,0,0.4262974872343762,0.0006533794405859387,0,0.4619310629824523,0.0009846978188191619,0,0.462303028130215,0.00102837084752678,0,True
2018-08-27,2018,-0.11159509189312411,0.001679355935617022,0,-0.3027425759188519,0.0018009711596617376,0,-1.187412013402827,0.001261948304390449,0,-1.2750012374949107,0.0012586708897419615,0,True
2018-08-28,2018,-0.02491044668624287,0.0008781498196422446,0,0.014797574325648322,0.0009821439245959122,0,-0.2664861307533901,0.0007744466464879445,0,-0.1898481865043351,0.0008583631607930029,0,True
2018-08-29,2018,0.15825034518566206,0.0013725554494858694,0,0.20261453044318722,0.0013637519841317633,0,0.29629054738691957,0.0011085159230952695,0,0.306707924685271,0.0011111010131673576,0,True
2018-08-30,2018,-0.219068679652898,0.0022822930875905853,0,-0.09974773195848896,0.0023258193743524243,0,-0.2583996902012047,0.0015031747799418137,0,-0.260610345704124,0.0014974451625111708,0,True
2018-08-31,2018,0.5150195308185495,0.0008919636703652047,0,0.5210780795585139,0.0008928241837328488,0,0.8637997767287797,0.0005060619280710121,0,0.8442516763795338,0.0005130865019193936,0,True
2018-09-03,2018,0.022961026046332544,0.0013511168905840946,0,0.016384199315423897,0.0013504775938560317,0,-0.2546331326846514,0.0012493585419824907,0,-0.15953723537523068,0.0012573438946857922,0,True
2018-09-04,2018,1.0073576385002827,0.0009687010339189821,0,0.9542419894005447,0.0009711146063525863,0,0.4930881283327153,0.0009380180362653147,0,0.5604890635935147,0.0009472806697118508,0,True
2018-09-05,2018,-0.49488883681470053,0.002217845516735652,0,-0.45149537062922884,0.0023792454900341984,0,-0.45878404221139046,0.0024208658003014114,0,-0.3401274306908333,0.0025737339780730817,0,True
2018-09-06,2018,0.5441812208250517,0.02407479058343835,0,0.4758476872215127,0.01751592234011721,0,0.8124021900677162,0.0018951970989954444,0,0.5276459321862834,0.002020074246796073,0,True
2018-09-07,2018,-0.11448239809208774,0.0016082838451306524,0,-0.04799901061454309,0.001670799644593801,0,-0.6810701715190387,0.0030600147675388344,0,-0.6455482646498444,0.0029741885715679705,0,True
2018-09-10,2018,1.3561228374800514,0.0013064675868219072,0,1.4123909033909259,0.0013081444255904834,0,1.4376642790304401,0.0019588262242799873,0,1.471926043442201,0.001977797825311028,0,True
2018-09-11,2018,-0.4573624817312689,0.0023868767957736232,0,-0.34606771791394664,0.002407169265773167,0,0.11386387132008613,0.0035209578736806802,0,0.14478941836470183,0.0035893753166888072,0,True
2018-09-12,2018,-0.1734739517103696,0.003951387377624843,0,-0.13402770892093185,0.0040902707923489495,0,-0.05573559186696553,0.004382437391116131,0,-0.2736819511822506,0.004455308780178399,0,True
2018-09-13,2018,0.014119094982165237,0.002883719333664851,0,0.08448793771528917,0.0028644566658543842,0,1.0700791575267217,0.002810936439017097,0,1.1352276622132251,0.00279526464911606,0,True
2018-09-14,2018,-0.6337472651265506,0.0008591398222808986,0,-0.32143896733935584,0.0008562692702298017,0,0.6448212987395134,0.0008078696654851694,0,0.7750342088663027,0.0008084637130457029,0,True
2018-09-18,2018,0.807638181566973,0.004153024840661478,0,0.6293211977530041,0.004022395258436802,0,0.028216904829956764,0.004273035218752529,0,0.07223610830175708,0.004371027118728595,0,True
2018-09-19,2018,-0.9659266516083054,0.002427188108713442,0,-1.1274896333804307,0.002733326357952593,0,-0.7536203468030218,0.0023893488848561384,0,-0.8343854493906053,0.0024158867463288706,0,True
2018-09-20,2018,0.8927139358031915,0.0038941674729840014,0,0.8401716421546177,0.00389999808537338,0,1.1699023459699007,0.0026343285544191786,0,1.1788742602680604,0.0030709761951733605,0,True
2018-09-21,2018,0.8658896310078535,0.005309353629976437,0,1.0944352437116551,0.005327124432143757,0,0.6426211038544393,0.004224579543078121,0,0.5766650570331584,0.004622470100969834,0,True
2018-09-25,2018,1.0921359589734234,0.001438880543595796,0,1.1461005203560977,0.0014536209108061086,0,1.2905281016357961,0.004474027583901388,0,1.2963761617714102,0.004424566784641949,0,True
2018-09-26,2018,-0.5719272702890613,0.003377062300991853,0,-0.5000299436061005,0.003346631560639856,0,0.06932379263137411,0.0025985163318284084,0,0.14381236709161582,0.002543630374164001,0,True
2018-09-27,2018,1.1179907333482377,0.005942519403163288,0,0.8846173209784892,0.0073881096684606665,0,0.5171702343008704,0.002910622889473836,0,0.5115392310516158,0.0031512518815758144,0,True
2018-09-28,2018,-0.9147472084162318,0.0011927917960408005,0,-1.1823312687151946,0.0012655263441093162,0,-0.5183203926784945,0.0017221580437493562,0,-0.5951708765517305,0.0017731975343372624,0,True
2018-10-01,2018,-1.1078006966790621,0.002409769564609511,0,-1.059805872592402,0.002430531373848627,0,-0.4813051954529701,0.004346585815646975,0,-0.47256366226839885,0.00435754255471377,0,True
2018-10-02,2018,-0.005767886240590658,0.0020567337648803464,0,-0.046267183116042554,0.002050945223250118,0,-0.691671716271919,0.0009547936055378494,0,-0.6448803778580161,0.0009568810723663932,0,True
2018-10-03,2018,-0.12427881914829841,0.001358881681075712,0,-0.20056081222904854,0.0014359057080749406,0,-0.07611417955406363,0.0016838528871041117,0,-0.14466743066990695,0.0018385466673416695,0,True
2018-10-04,2018,1.2959360702559004,0.0007814543056173054,0,1.6618844798987493,0.0012972502165561378,0,0.9989866012958482,0.001795706154284083,0,0.806537498224928,0.0013968997837218678,0,True
2018-10-05,2018,0.1540439263701756,0.0013735403409019813,0,-0.02701740963867616,0.0016387206924631478,0,0.13637059865762446,0.0012016221881087647,0,0.15263942004599018,0.0015906548198485139,0,True
2018-10-09,2018,0.1820352788236379,0.006697301311240044,0,0.25186149032372374,0.006735541067891259,0,1.1533428386811204,0.0033603109420722228,0,1.1925846831175306,0.003502428442040215,0,True
2018-10-10,2018,-0.7291363751353469,0.0020829626064568867,0,-0.6642431567923648,0.0021092158121575047,0,-1.3060232662216442,0.0016479353615356839,0,-1.2586082801910514,0.001641779352207828,0,True
2018-10-11,2018,-1.6021479676185766,0.003980662404390558,0,-1.5550568654929822,0.004086968600720543,0,-1.6394333216156594,0.006463533814026376,0,-1.5675893052156105,0.006217127320185254,0,True
2018-10-12,2018,-0.038983087270213435,0.0008273267110318109,0,-0.05371383978181793,0.0008278045682070582,0,-0.40577324628791206,0.0015060040119814553,0,-0.371588257659056,0.0015091487599708682,0,True
2018-10-15,2018,-0.07684624500677995,0.0034158666549008055,0,-0.09292823250908278,0.003430264705512306,0,0.4639732516113022,0.002243319136108673,0,0.40936759654192745,0.002188867251791326,0,True
2018-10-16,2018,0.2501275955908231,0.0032250809798626203,0,0.3130297871543227,0.0032879052190656326,0,-0.19359550033659634,0.004557603469321337,0,-0.06449374047248835,0.004523450652920921,0,True
2018-10-17,2018,0.5945404922571266,0.0020501567820792287,0,0.4960542267181166,0.0020877738332454143,0,0.5870485931261268,0.0014579445185378863,0,0.5740369042146728,0.0014601650676921722,0,True
2018-10-18,2018,0.48753146865904223,0.002007098469596416,0,0.47102418470705315,0.0019961749342873435,0,0.04455540551319914,0.0018133473746626645,0,-0.03033743839147157,0.0018551333300371468,0,True
2018-10-19,2018,-0.7688510393611141,0.004252500975397775,0,-0.7735742482910846,0.004259703379286441,0,-0.5525635260502888,0.005033734177705509,0,-0.5514570310221956,0.005046925231577145,0,True
2018-10-22,2018,0.6050206303342789,0.002229040116265846,0,0.6786168556190674,0.002217843919344568,0,0.39812998840505975,0.0025100242804169354,0,0.4754753254675993,0.00251432335125618,0,True
2018-10-23,2018,1.651171672539367,0.0017360300960135632,0,1.5741202345304348,0.0019105106479033027,0,1.6806305899936325,0.0035038477426696957,0,1.5821698011843086,0.0037186238412163304,0,True
2018-10-24,2018,1.2555182145326542,0.0023643481231421398,0,1.2303407905324324,0.0023704775997474984,0,1.549942820466252,0.0019214634379683703,0,1.571417597027508,0.0019719565026869042,0,True
2018-10-25,2018,0.6683228588744363,0.026958620775457114,0,1.0611587021167541,0.023224070938400773,0,1.2372967257975216,0.015218914679529405,0,1.4599916577150254,0.013953946742933923,0,True
2018-10-26,2018,3.3362992888839496,0.0012488784279047463,0,3.309615513242412,0.0012488563336433341,0,1.7447896022755351,0.0015634827430013535,0,1.7634838004577347,0.0015686703610310337,0,True
2018-10-29,2018,-1.246084101008596,0.010412123634546173,0,-1.234790987381929,0.010468670311077847,0,-4.11674217254385,0.014287741238359648,0,-4.121713649328686,0.014300562192035276,0,True
2018-10-30,2018,0.2150225225939618,0.004845187161020741,0,0.46464387282161745,0.004938465021132184,0,1.0527565929943585,0.011117390597007979,0,1.0070887530631378,0.011856524917579069,0,True
2018-10-31,2018,3.234493850846982,0.004463614450556644,0,3.3359553308907843,0.005352290793438579,0,2.344643532311622,0.0038186199704921655,0,2.7085339767439844,0.004406478294655981,0,True
2018-11-01,2018,0.16840793968073153,0.001416360153416282,0,0.12197227108161174,0.0014614998057146129,0,0.2687842322793711,0.004104851516839538,0,0.07445902778545,0.004219181584921201,0,True
2018-11-02,2018,-0.17796913843418638,0.006696356703424519,0,-0.1885133587310045,0.006974837883202844,0,-0.10472184180576205,0.008964293236589937,0,0.08054974356657785,0.009357554886567964,0,True
2018-11-05,2018,-0.5961134537253506,0.0015591943378553924,0,-0.8678736733030377,0.0018203752956870703,0,0.04861132815701191,0.0019842455895483324,0,-0.2410154944742763,0.0021911663855156654,0,True
2018-11-06,2018,-0.24630574373577963,0.0026186519333401205,0,0.035091547361655984,0.0029727864276174586,0,0.16666875696398353,0.0020699625471521325,0,0.08696277107623551,0.002140865497189919,0,True
2018-11-07,2018,-0.33087206572530425,0.003692172941355576,0,-0.4216882216704892,0.003913603902508611,0,-0.2992645787367392,0.004593276767918079,0,-0.4043027779070306,0.004733421360303637,0,True
2018-11-08,2018,0.1934522710958585,0.040940552947374496,0,0.11213835931877791,0.04188666868751262,0,-0.4720259417317798,0.056240327528613285,0,-0.4811355422794218,0.05501655263500478,0,True
2018-11-09,2018,-0.26358578128625876,0.003491535226545069,0,-0.29390063326156124,0.0037604375294628123,0,0.04230101554708554,0.006755206416334673,0,-0.025159112689095764,0.006925677498189652,0,True
2018-11-12,2018,0.40152976371714033,0.007916076774683697,0,0.3805715242584259,0.008219117603346345,0,0.42576219199674026,0.010370608686153292,0,0.4480659566288845,0.011019293904568893,0,True
2018-11-13,2018,0.35224633720643345,0.0036906608584333553,0,0.8421655210746246,0.005638715471700608,0,0.016127627146372087,0.006443843409075856,0,0.2712019044871746,0.0078072798518044,0,True
2018-11-14,2018,0.8214157604632004,0.015784003734531468,0,0.731978640525861,0.015679964159558066,0,0.24137683416118882,0.016710543223746998,0,0.26668293363067797,0.017198156882940876,0,True
2018-11-15,2018,0.4212403281764958,0.002409812828545793,0,0.34719856606596355,0.0023972499134375783,0,-1.2866160604391292,0.001410469907874539,0,-1.169713489708865,0.0014189474275560692,0,True
2018-11-16,2018,1.1395584086140982,0.005075637134773563,0,1.196485369865994,0.004957368704611752,0,1.1519423798837922,0.004143562925711938,0,1.0658442884055768,0.0040067075397714645,0,True
2018-11-19,2018,-0.08685520987752227,0.002251174158564028,0,0.02279003032282667,0.0022205726065744474,0,-0.26144194210453675,0.0019415625693413486,0,-0.1817591032131829,0.0019635854249246435,0,True
2018-11-20,2018,-0.03320696444095472,0.0010648576772276455,0,-0.05443383674950364,0.001203799947287394,0,0.2414271026811814,0.0013185500715062778,0,-0.03190112060183159,0.0013075917867649697,0,True
2018-11-21,2018,0.08226994760415107,0.0008622830945944088,0,0.10349743378076515,0.0008729018493431851,0,0.27393434111050297,0.000858822656390478,0,0.30753824201394686,0.0008948704714309985,0,True
2018-11-22,2018,-0.07140917612201703,0.0007634144808079001,0,-0.14833996937667315,0.0008607403560256153,0,0.5130057213633432,0.0018287710230116873,0,0.47650060244648706,0.001824418163143649,0,True
2018-11-26,2018,0.22587041240106798,0.0011353121501785422,0,0.18359457151754066,0.001182127733338518,0,0.3857989796990582,0.0009302986810695727,0,0.38289981058540423,0.0009387928606542391,0,True
2018-11-27,2018,0.5548549796350112,0.0009251000327506733,0,0.43864532513734433,0.0012458357288369333,0,-0.2778168191451975,0.0010345786083741817,0,-0.049135548223813164,0.0011621693437318633,0,True
2018-11-28,2018,-0.7582337171557113,0.0013271357296161758,0,-0.7067671264965554,0.0019572242403533406,0,0.22169398007639796,0.004846974661084098,0,0.32701505902797057,0.004620401201964966,0,True
2018-11-29,2018,1.5854722423111132,0.0019386898256736175,0,1.4666396904988448,0.0019461298697566094,0,1.9023181724002878,0.001555634704809813,0,1.794169822396092,0.001560192651934345,0,True
2018-11-30,2018,0.3282617393405527,0.0036549408151039828,0,0.29487534425286466,0.010051285885125128,0,-0.023711155110198057,0.0020685619884758984,0,0.21817963689483744,0.005033182457273705,0,True
2018-12-03,2018,-1.8285098452527917,0.00122344317865786,0,-1.8242896123338475,0.0012265358601517445,0,-2.0295701268001194,0.0014002723527774983,0,-2.0590239094277067,0.0014055618767387249,0,True
2018-12-04,2018,1.4813832838671432,0.0007362006507129798,0,1.5957542461590832,0.0007473026420191142,0,0.7410493388641499,0.0007604744285275808,0,0.8017730694597662,0.0007721042447256712,0,True
2018-12-05,2018,-1.8142537425459673,0.0016796315693195151,0,-1.9163182469398947,0.001597157577870689,0,-2.1556329975924626,0.0016145357605835253,0,-2.083560670238711,0.001488461923585158,0,True
2018-12-06,2018,-1.4069600151027206,0.0022363182829455565,0,-1.4878308417541408,0.0024833060982871503,0,-0.6123641837873759,0.0009925186653597152,0,-0.6329821493262076,0.0012552102267230777,0,True
2018-12-07,2018,2.4003098364969366,0.001386169387107447,0,1.8784351798477377,0.0015133899534762437,0,2.0742772533303664,0.001959229884707905,0,1.7084530663804354,0.0022782055401316514,0,True
2018-12-10,2018,-0.7304971955871506,0.01044323079686255,0,-0.6420495701641888,0.010424005689034385,0,-0.8604723398013023,0.014221854665291358,0,-0.7838932914290213,0.014178015075117886,0,True
2018-12-11,2018,0.5373729204160802,0.0016450358728517694,0,0.6574538834212613,0.001658920234213636,0,-1.92433965579001,0.0034005504537789845,0,-1.802527841803378,0.0032757067226089473,0,True
2018-12-12,2018,0.05520884723397268,0.003140496237452896,0,-0.03894393268484997,0.0028395187792283156,0,1.0310872795035984,0.003769904710345031,0,1.2803555892705871,0.00354984168798461,0,True
2018-12-13,2018,1.1679722551811318,0.0021387218277691264,0,1.168201106117514,0.0021639044791765235,0,0.8400677847940055,0.0021224506056746763,0,0.7734418753655319,0.0021853122737432035,0,True
2018-12-14,2018,-0.15122538021549836,0.0018294565471254952,0,-0.17898524498129031,0.0017521639452444987,0,1.3348245267032688,0.0010210704684083653,0,1.2672580347823645,0.0010282965896244744,0,True
2018-12-17,2018,0.35236594424670054,0.001178919448145479,0,0.42988453695657564,0.001189590283687596,0,0.9726953320496432,0.0019141154322541562,0,0.9770750645669355,0.0019581959884766614,0,True
2018-12-18,2018,2.1914298376915875,0.0013684720713659586,0,2.296560846432378,0.0013471833213619627,0,1.7167764693798224,0.0012197530985392758,0,1.9019764632322644,0.0012134736289211917,0,True
2018-12-19,2018,0.665007239400139,0.003286618907582875,0,0.6107713883087795,0.0032072704495134914,0,0.1042323859403389,0.0023351487665195696,0,0.1212642359992051,0.0022954572449256656,0,True
2018-12-20,2018,4.957442051683308,0.019775043412411875,0,4.693693475755838,0.020424649356381604,0,4.577209737311154,0.009733550639153715,0,4.81171642677809,0.017677398365159094,0,True
2018-12-21,2018,2.3380602885038533,0.008888478903699384,0,2.375586988651004,0.008445262157461024,0,2.62986922658065,0.01234503397438433,0,2.681614841886769,0.012175555761566578,0,True
2018-12-25,2018,-0.19011267661811537,0.013207447466716687,0,-0.026948533493294846,0.012828281109718842,0,-1.0467682308075705,0.012333012676613186,0,-0.9378433311806234,0.012264319627278817,0,True
2018-12-26,2018,-0.20502800999670207,0.017276267755248445,0,-0.18380356803585945,0.01778339166366879,0,-0.06808043947386233,0.010369677936706873,0,-0.05415367446603786,0.010490974270400511,0,True
2018-12-27,2018,-0.1661727506686841,0.01761956648302055,0,-0.21601224347599635,0.018031800829265723,0,0.28452088314391055,0.013900411886572872,0,0.0833788563090252,0.01505559881844941,0,True
2018-12-28,2019,-2.93268052912157,0.015330076824635653,0,-2.8570491597142356,0.01794038838005966,0,0.294416842103133,0.004112702467428745,0,0.23657554959908467,0.005450960224982664,0,True
2019-01-04,2019,-1.0955133674332018,0.03850605371833269,0,-1.462029717206424,0.038166583761209426,0,-0.2630490273408477,0.027858007219985742,0,-0.13285376559239848,0.03180693454291414,0,True
2019-01-07,2019,0.43701566137990405,0.0012762580577914135,0,0.4886919512210715,0.0013152115121885693,0,0.060004968370034245,0.002588626655632261,0,0.17074982706774602,0.0026644712271640058,0,True
2019-01-08,2019,-0.1549887429302763,0.0034585549284611612,0,-0.22407634647052022,0.0036180237095080614,0,-0.12741547826804833,0.0021624847946050776,0,-0.07938084764306175,0.002289139724502235,0,True
2019-01-09,2019,-0.9871505562344397,0.001968448367437842,0,-0.9731043332338615,0.0019850136463992417,0,-0.34445602505063716,0.0018880978089593754,0,-0.30855009007024115,0.0019969754497208758,0,True
2019-01-10,2019,1.6666216660451831,0.001257225103569354,0,1.5493132982784448,0.0012611105124195536,0,0.8784645345868605,0.001176196945592615,0,0.7128665261735299,0.0012095951461710513,0,True
2019-01-11,2019,-1.63172796912992,0.002345437092347374,0,-1.5686134139665548,0.002462099997798578,0,-1.2838674193133934,0.0017639853812140961,0,-1.2707128461795874,0.0018735435923860316,0,True
2019-01-15,2019,-0.6112324578511118,0.0044179895304435465,0,-0.7473413226539513,0.0047310655682930415,0,-0.44840813684674785,0.003957799459630713,0,-0.5080754965676217,0.0039906883566388,0,True
2019-01-16,2019,1.2257623649240215,0.0018222922058753156,0,1.202191701231432,0.0018197048707264305,0,1.2066425701839962,0.0018155072367157462,0,1.2651586513352184,0.001812845601553412,0,True
2019-01-17,2019,0.5076970636465427,0.0011732608808737487,0,0.5057910707499201,0.0011756862904318598,0,1.9480768477253916,0.0010321435730344525,0,1.9533628569079196,0.001053942474286335,0,True
2019-01-18,2019,0.5167203404731623,0.0018961977152603072,0,0.5803449899864089,0.0019000982530567444,0,0.18108953644061887,0.0010631254486901931,0,0.23326484921880786,0.0010835700921568755,0,True
2019-01-21,2019,0.7146695294475215,0.0019323394201519125,0,0.6787676740423305,0.0021443927762003143,0,0.7418454752901017,0.0021293387226952636,0,0.7649713060474667,0.0025162149867771454,0,True
2019-01-22,2019,0.1919525559617956,0.0023688161111616135,0,0.20738454100946413,0.0024671726396436225,0,0.17270031138701314,0.0016490999095887437,0,0.056882236390848995,0.0017317408322223558,0,True
2019-01-23,2019,0.5380486141532352,0.002231620469651074,0,0.5918112495022594,0.0022856686817840826,0,0.027419548969408125,0.004408791347634777,0,-0.07943565521015761,0.0044331858649489225,0,True
2019-01-24,2019,-0.11575017285434253,0.003566649228881999,0,-0.18769941181787386,0.003871082367451704,0,-0.13496937110050966,0.0032354715135651147,0,-0.30076735417141554,0.003412276823264189,0,True
2019-01-25,2019,-2.7695951352921577,0.0018788369979841513,0,-2.8624911059262512,0.0019173454859709865,0,-0.7422521975742109,0.001875867530835523,0,-0.9371682440773212,0.0017258449583090777,0,True
2019-01-28,2019,-0.8552222841143671,0.0009571117880874117,0,-0.4250747840228599,0.0009470403792490701,0,0.15340807611542395,0.0013202226316222875,0,0.27023551597347995,0.0012827291544556451,0,True
2019-01-29,2019,0.38009383145217757,0.0017677413117556425,0,0.5269533918628639,0.001805383967736991,0,0.6178066934252413,0.0022457847516129427,0,0.617629566756354,0.0022635991768936714,0,True
2019-01-30,2019,0.5468631748697819,0.012077133243645849,0,0.45513071933896976,0.011938615727657689,0,0.216266361254567,0.0034807005531656042,0,0.09898852430403615,0.002796633031909586,0,True
2019-01-31,2019,0.393252622182545,0.0016543598133342437,0,0.49731028033982083,0.0016422125229667817,0,0.4425477042386845,0.001857164844618333,0,0.3744099221118806,0.00188971201823219,0,True
2019-02-01,2019,1.280252207475268,0.005490710028556173,0,1.2716895777173132,0.00529718676108274,0,1.315053362507597,0.0034922333258124195,0,1.2769678187233382,0.0033754330951801547,0,True
2019-02-04,2019,0.4751490929192717,0.008519649464975626,0,0.3206076496018958,0.008579762253225667,0,-0.12159158811721185,0.006454912039580922,0,0.1355715433353428,0.006492987716657348,0,True
2019-02-05,2019,-0.09577319187509659,0.12107329515558746,0,0.018808995493935665,0.06644139497561215,0,-0.1948444391819646,0.0026955007473376522,0,-0.07708676215939803,0.0028048252193741026,0,True
2019-02-06,2019,0.9867889943773922,0.0021379689803942585,0,0.8234055336965151,0.0036371878905135093,0,1.4099648792921151,0.0019792722586742598,0,1.2368078177424153,0.002874473601022309,0,True
2019-02-07,2019,0.04610651770746976,0.010355462649779379,0,0.1371698076417589,0.009893643954577539,0,-0.0025330545647666014,0.007077512633457977,0,0.14193962635516044,0.006941894446689741,0,True
2019-02-08,2019,0.6165908379495993,0.00394961381107269,0,0.6386025130897166,0.004231874904061822,0,0.7291013147055521,0.0032281118545520624,0,0.6584330983843587,0.0032716321045039806,0,True
2019-02-12,2019,0.9362334749247575,0.0072070184138196556,0,1.0077639412161778,0.007256158542451839,0,1.0782588681826673,0.009163365430745373,0,1.077090628848853,0.009470682846293392,0,True
2019-02-13,2019,0.34957616857829343,0.011616580699658263,0,0.45654256240352753,0.011606788239392981,0,0.22693856610221075,0.009227130853645174,0,0.1297313976818677,0.009383748000564348,0,True
2019-02-14,2019,-0.7309483695371437,0.0025273384838042823,0,-0.7845757377464095,0.0024532397749802647,0,-0.7195104003724402,0.004612151602747007,0,-0.7991368022061924,0.005421910160003572,0,True
2019-02-15,2019,-0.027100315061402203,0.0027662288098675688,0,-0.07824438075919304,0.0027755644405140006,0,0.31795776205726256,0.004475865960512256,0,0.35306624400551867,0.004422454697515924,0,True
2019-02-18,2019,-0.12692619631264335,0.0029036007805185223,0,-0.11154208674258931,0.0029880448943451505,0,-0.6845745095349131,0.0032468314663740014,0,-0.6338235196046077,0.003303361653023181,0,True
2019-02-19,2019,1.1919137465417722,0.0014493891069178924,0,1.1599865881755862,0.0014898668666834367,0,1.1547673349140104,0.0022064173615226747,0,1.2316680882475004,0.0022333475122345643,0,True
2019-02-20,2019,0.6002423314093349,0.0014375358971691326,0,0.35894086298060535,0.0014257115685740607,0,0.3696519582352539,0.002465378360638396,0,0.2717883298905895,0.002463534085933204,0,True
2019-02-21,2019,0.5126286344505226,0.006005904029407985,0,0.6244256729139201,0.006269754439046386,0,0.6980010758975042,0.005105510483647651,0,0.829870961425279,0.005466305570349889,0,True
2019-02-22,2019,-0.07280574903101777,0.001853509984691963,0,-0.08503227031085081,0.002014733436308467,0,-0.3858531615185369,0.0030115949737551913,0,-0.3347033620693014,0.0032230676223765258,0,True
2019-02-25,2019,-1.3265496741218104,0.003287075049711546,0,-1.3563062723656896,0.0034454525324660776,0,-0.8476054077034756,0.0031640890577024753,0,-1.098152245049668,0.003416980619541611,0,True
2019-02-26,2019,0.1508252921371367,0.0012783523099466742,0,0.14637353337444314,0.001232852181318202,0,-0.6632203138352768,0.0014653498253774965,0,-0.8026626406264594,0.0014184865828326748,0,True
2019-02-27,2019,-0.028898240666068054,0.004045310153281585,0,-0.12332854564585549,0.004149554434313823,0,-0.09474181210380861,0.010580997177689504,0,-0.2081003463646176,0.008615954298299078,0,True
2019-02-28,2019,-0.05771704601038641,0.0037995936538242417,0,-0.07282634452264847,0.003877715105352677,0,0.04486898548987184,0.0039614800496002725,0,0.01535616123492467,0.004020607231608191,0,True
2019-03-01,2019,-0.8435063929911599,0.0012388005329984574,0,-0.8274542365503561,0.0012389894047836053,0,-0.40590662308897113,0.0008861905526250662,0,-0.5617446754186968,0.0009628395741271071,0,True
2019-03-04,2019,-0.19149973448786856,0.0016231435139144816,0,-0.1882011567564747,0.0016318058362837632,0,-0.16851148130784321,0.002775616960344326,0,-0.16835471531109625,0.0027764884933352807,0,True
2019-03-05,2019,0.9266333165928284,0.0011101499944784713,0,0.7095541028507231,0.0011649156484062249,0,-0.06663048117398551,0.0014612364239038576,0,-0.2639136442516581,0.0015175953493826533,0,True
2019-03-06,2019,0.70890291964646,0.004528177104026341,0,0.6845842584034476,0.004523240337579916,0,0.33723928165696915,0.0037634276900342886,0,0.3372073984202171,0.0037623501813370684,0,True
2019-03-07,2019,0.10059900453811566,0.0019467201510466098,0,0.13818369694676957,0.0019830669210103417,0,0.13632403477913213,0.00165570715617575,0,0.18976415064644803,0.0016609732223856679,0,True
2019-03-08,2019,0.453581829403908,0.004927258252633417,0,0.21745978599216942,0.004978700603692705,0,-0.8062164035529928,0.0076606987186931845,0,-0.6628277355913603,0.007736543860123521,0,True
2019-03-11,2019,-0.5432774576320376,0.0022221530275926987,0,-0.44500616783607705,0.0037283077892274735,0,-1.3299709964785913,0.0026858711336154965,0,-1.3686257243456297,0.003862097580772703,0,True
2019-03-12,2019,0.9980684030349432,0.0009167333739253565,0,0.7607014780878174,0.001001466504728427,0,0.9828943551913714,0.001452150030891565,0,0.8444213177511639,0.0016273988161214217,0,True
2019-03-13,2019,0.9291693680619608,0.0009470182838902723,0,0.7250355801973516,0.0009827549744943708,0,0.5502539647070639,0.0007677521209273484,0,0.34561417644377335,0.0008149767099092408,0,True
2019-03-14,2019,-0.6150363307279529,0.0011910134396173853,0,-0.8287663629236839,0.001799168533934212,0,-1.3842498892717774,0.0010611212137552363,0,-1.4450729841542793,0.0012770376509700606,0,True
2019-03-15,2019,0.0904575877919565,0.0024899001199224077,0,0.09567514118860188,0.002546759797180038,0,0.4157985525012553,0.00200676617721391,0,0.3997600680813753,0.002072023846139166,0,True
2019-03-18,2019,-0.4678632132812012,0.006552575817155659,0,-0.4799706167726513,0.006543059029483157,0,-0.6424401608058256,0.010492491081890919,0,-0.6495153260550797,0.010552924106923364,0,True
2019-03-19,2019,-0.3152687500588591,0.0015851849559615197,0,-0.2969411831104033,0.0015774596916733265,0,-0.027955484256548924,0.0013098835170052736,0,-0.004130462431267468,0.001330833739900218,0,True
2019-03-20,2019,0.13096058342427952,0.0023363086570977456,0,0.14681760994579474,0.0023567513565476263,0,-0.29520256159242386,0.0025735429203744835,0,-0.26465633516582,0.002636205278707973,0,True
2019-03-22,2019,0.3727695207218096,0.0013902825830733733,0,0.49315945257922245,0.0014185743601779007,0,0.9683504936043237,0.0025555795148102744,0,1.0166750400286304,0.002535307840409727,0,True
2019-03-25,2019,2.023089738763329,0.002686607067525927,0,1.9094665717935286,0.002894027171297998,0,1.0182620529034137,0.0026246048287801443,0,1.099746184386292,0.0028012078597040653,0,True
2019-03-26,2019,-1.5125819203567503,0.00805400901542996,0,-1.55176217456127,0.007957370601308649,0,-1.3094658187130759,0.01021582554061436,0,-1.2996818496190499,0.010184284104602051,0,True
2019-03-27,2019,0.3803477210462768,0.002844940915896947,0,0.34387501413793087,0.0028607299356813113,0,0.4251800787916082,0.004165434214442838,0,0.3644964265102862,0.00436043466844772,0,True
2019-03-28,2019,-1.2033868584507532,0.0029240336282309516,0,-1.1445532502991531,0.0032339561203583323,0,1.1170581721477166,0.0020277316542248757,0,1.197559618750246,0.002581284523789551,0,True
2019-03-29,2019,1.3972351099206128,0.0021592924474987283,0,1.4627709373992892,0.002169106636273233,0,2.116451377558908,0.002000586672911331,0,2.1134443203096174,0.002072787943318177,0,True
2019-04-01,2019,-0.1204325329018574,0.0008759398362401815,0,-0.3810523125794507,0.000915087888313771,0,-0.6563851910495206,0.0009719820072537061,0,-0.8164233205331721,0.001142688408509545,0,True
2019-04-02,2019,-0.4308279072537661,0.001576764991760877,0,-0.2683818612931107,0.0017874463880930343,0,-0.10663855844585399,0.0021385747165987555,0,-0.11417642153190502,0.0023432189054125143,0,True
2019-04-03,2019,0.16457318255371411,0.0012084583665368895,0,0.12399103325690553,0.0012096061287866686,0,0.055555424312581425,0.00222369205467597,0,0.09195183945396124,0.0022852691300445423,0,True
2019-04-04,2019,0.0903254907359693,0.0013938646923753845,0,-0.09073330087038545,0.0014176619445203517,0,0.08549576970015549,0.002943481875724709,0,-0.12133254684355088,0.002913000308911655,0,True
2019-04-05,2019,0.6943252059935175,0.0019562979516944148,0,1.0818801946926,0.002148293531841875,0,0.8236196422046455,0.0018255044675894525,0,1.067486635316933,0.002213640524233085,0,True
2019-04-08,2019,0.5081933401443066,0.0007105594663850054,0,0.5257384888915044,0.0007114120867670439,0,0.23528150121803193,0.0007388467584019143,0,0.11593920554824788,0.0007507806770147756,0,True
2019-04-09,2019,0.03242909612480474,0.008082708474144064,0,0.1020625335677106,0.007827683577227719,0,-0.11945055901444449,0.004827469289867497,0,-0.05683753595973549,0.004817043049747083,0,True
2019-04-10,2019,-0.3812219955137788,0.0012999133847732326,0,-0.4129019651446699,0.0016327844440107962,0,-0.608783646391668,0.0031679907818437055,0,-0.6842740743030816,0.003002566575612111,0,True
2019-04-11,2019,-0.10898318396193218,0.002489920939311882,0,-0.028659872746735093,0.002450799198758802,0,0.5319399477998381,0.0031676407807247915,0,0.566497369935592,0.003072213373691223,0,True
2019-04-12,2019,-0.1954295435312742,0.0015954460433431634,0,-0.17588294876251015,0.001604631785152419,0,0.261656741933578,0.0016965081097048737,0,0.31688904779128213,0.0016644972623850937,0,True
2019-04-15,2019,-0.5925625977149241,0.0019887549430579114,0,-0.8673410615741931,0.0022020853944539963,0,-0.07606800199952879,0.0044373518193374486,0,-0.06139267771311063,0.004524976934440475,0,True
2019-04-16,2019,-0.6613315572562626,0.0011099502694744228,0,-0.8443276895213336,0.0011140938408823583,0,-0.5044468189613927,0.001395376154438183,0,-0.6517140728053219,0.0013868546729515318,0,True
2019-04-17,2019,0.3475839257524602,0.0009422756896791839,0,0.6397730169268995,0.001186848660367238,0,-0.9114666480946014,0.0007225316899521618,0,-0.9992655344474592,0.0008182959721011108,0,True
2019-04-18,2019,0.1730729492729159,0.0020430124986733065,0,0.2630696420066942,0.002085998490410218,0,-0.31210830118859895,0.0039463639341280315,0,-0.2595422177861256,0.0037993740351742644,0,True
2019-04-19,2019,-0.7718862749107323,0.0012766272504539083,0,-1.3475547047958187,0.0016376206644258867,0,0.06824548554232779,0.0008824046983459813,0,-0.7459944534020067,0.0015099489737455277,0,True
2019-04-22,2019,0.1298014125903344,0.0041181527804331425,0,0.1709321035814435,0.004166259054399308,0,-0.1292980099298906,0.004230469791785827,0,-0.12621214306013284,0.004349676590124336,0,True
2019-04-23,2019,0.39218493915417496,0.0009751716986253006,0,0.40843381702355686,0.0010035105622631174,0,-0.35863375365376404,0.0009675020804220478,0,-0.31756808146649873,0.000995244650049674,0,True
2019-04-24,2019,-0.8830729660296747,0.004678525995172742,0,-0.8842974518441928,0.004681582079583851,0,-1.104263107751161,0.005128197233813385,0,-1.1405571537409014,0.005125203692870233,0,True
2019-04-25,2019,1.2930335272976572,0.009817455001521317,0,1.134169202063757,0.008207357834857416,0,1.3751891914447305,0.014069476706756122,0,1.4413352003738233,0.011902815991712466,0,True
2019-04-26,2019,-0.908898447024773,0.003968344140323105,0,-0.8398944988225576,0.00396222610960202,0,-0.8239186829395084,0.0035352042355799086,0,-0.7989570413134381,0.0035940575038989108,0,True
2019-05-07,2019,-0.059422733461183874,0.015855367066885735,0,-0.0175779409862713,0.016594600405045293,0,-0.5700155708126613,0.023660038013152064,0,-0.5730464311223895,0.023543835373225214,0,True
2019-05-08,2019,-0.4402213923188041,0.019593484557025264,0,-0.5158228488698637,0.02031900175964076,0,0.27684104684074795,0.005527220639816214,0,0.18027287213969242,0.00543779737981444,0,True
2019-05-09,2019,-0.07106841961519272,0.00217842845412031,0,-0.21692200287027275,0.002211765985355628,0,-0.8924465224618598,0.005547345434544363,0,-0.8624291745218138,0.0055324116640832356,0,True
2019-05-10,2019,1.3985501444435748,0.05539041331018354,0,1.4572194778785468,0.05316836989448258,0,1.4047928076771323,0.13637876288043227,0,1.4394467518969691,0.13375001004959064,0,True
2019-05-13,2019,-1.114616209009792,0.022400262582627225,0,-1.069519777543598,0.02310293756617501,0,-1.0451337638125648,0.012523525813363282,0,-0.9899920919521448,0.01291611045866712,0,True
2019-05-14,2019,-0.9509421672567299,0.013964636260531765,0,-1.0720872101716539,0.014243418446865042,0,-0.08687386744610404,0.005433703359785377,0,-0.18802434202877605,0.005377910225570275,0,True
2019-05-15,2019,-0.40516351443704846,0.0066697032214090134,0,-0.25625635838901406,0.0057124968078443505,0,-0.5266684524639884,0.009970977108018675,0,-0.5709757908314761,0.011720667777344084,0,True
2019-05-16,2019,-0.9973832569946848,0.0021061872490987267,0,-1.2403164774184252,0.002219454623493994,0,-0.205152826328212,0.001152247330208666,0,-0.3441732045957403,0.0011616342431128603,0,True
2019-05-17,2019,-0.3728433860661373,0.010612660080796508,0,-0.3292600728720443,0.0023511537878261966,0,-0.1884674054108919,0.0016015287240290152,0,0.2792119071860246,0.0016820771194108587,0,True
2019-05-20,2019,0.14199261938151514,0.003549432095547174,0,0.24184966357057802,0.003641288684950134,0,-0.2836132140421605,0.0038338440026843964,0,-0.23843221499627226,0.004342165182550085,0,True
2019-05-21,2019,-3.2120535900440723,0.0023635863724777374,0,-3.3766141053323784,0.0024177095952612323,0,-2.7858511018119145,0.001964067998156349,0,-3.0232780844152574,0.0019285450111247784,0,True
2019-05-22,2019,1.1102535808823468,0.002811547642104055,0,1.0764769549906692,0.0024451798386839092,0,0.952396337399461,0.004393140202652743,0,0.8645887137912013,0.003650045823731686,0,True
2019-05-23,2019,-0.452849750965459,0.002763855755504176,0,-0.38493069751728426,0.0028053701772624306,0,-0.08112211316912687,0.001633884851098894,0,-0.16426316983394018,0.0016322474825428152,0,True
2019-05-24,2019,-1.4810046531391272,0.005731617569608563,0,-1.545073248715513,0.004994424149967847,0,-1.4295467713697054,0.0022537655693752943,0,-1.5239958613606777,0.0020703240380147373,0,True
2019-05-27,2019,-0.28952312337078,0.0006061193085550511,0,-0.24643666675882692,0.0005989347643026188,0,0.6414496254623288,0.0008510489227339692,0,0.6654909618305405,0.0008394983092666493,0,True
2019-05-28,2019,0.11145852450589255,0.0019883931134666998,0,0.18645614743562322,0.0019533270344544206,0,0.17271504952502204,0.002868845748743924,0,0.18173301340457404,0.002938760381836018,0,True
2019-05-29,2019,0.2006558958234903,0.0008319124676797134,0,0.11373119254743891,0.0008654524023443745,0,-1.0098341026031767,0.001303846855895543,0,-0.9423249139299916,0.0013839090149769782,0,True
2019-05-30,2019,0.677839150366423,0.0029147064115899496,0,0.6841287325521641,0.0029586005507899727,0,0.853709136539095,0.002898359807017788,0,0.8642504362422172,0.0028961266127071135,0,True
2019-05-31,2019,-0.588365627482816,0.0012304860344024605,0,-0.6663970154072965,0.001299541093944876,0,-1.1099997114313882,0.0013852461253758405,0,-1.0174793334050058,0.0014222977684500216,0,True
2019-06-03,2019,-1.5880472396544403,0.0025807286074416573,0,-1.5106459512925912,0.0023900325805114313,0,0.057123720223818175,0.0016807099441321525,0,0.096666892457411,0.0016024946316316989,0,True
2019-06-04,2019,-1.407968755350094,0.007837260018458556,0,-1.3352821039023808,0.007474626418133384,0,0.1849248837656421,0.003647433393714175,0,-0.17585354601552405,0.003387781345329907,0,True
2019-06-05,2019,-0.5366297645593379,0.0014140753794505017,0,-0.5170369081787438,0.0015480459330324946,0,-0.11580069716982,0.0007448800698304875,0,-0.11272073159190299,0.0007310778217661938,0,True
2019-06-06,2019,-0.24222545315200694,0.007331062718159984,0,-0.20546528438047007,0.007086769953164284,0,-0.029106261733269356,0.003797008821879872,0,-0.08288030261774937,0.0037870693151337734,0,True
2019-06-07,2019,0.3776101884764521,0.0027754502734512313,0,0.4068181798744447,0.0027261727752766673,0,0.07452273772622353,0.0012852787677055174,0,0.1921730725792573,0.0012540568475062305,0,True
2019-06-10,2019,0.3187798491558569,0.0018303654614497322,0,0.2591650431332748,0.0018153121121552618,0,0.014323930308433708,0.0012565418242325259,0,0.01713343914446397,0.0012368894225885045,0,True
2019-06-11,2019,0.32956429438748946,0.0013306208228873562,0,0.3166021815529465,0.0013472246381958652,0,-0.08182312015230808,0.002608608959457579,0,-0.09507205888969783,0.0026735483641083173,0,True
2019-06-12,2019,-0.13407407042581065,0.0015519466064190714,0,-0.055896317296060816,0.0016845206268935485,0,-0.07896762941054902,0.003146427256781238,0,-0.07408382047048612,0.003128305988867952,0,True
2019-06-13,2019,-1.3009849746043969,0.002713942517915177,0,-1.305659019273134,0.002765876666894594,0,-1.1850314838075726,0.0029004802018712176,0,-1.2886664760440762,0.002930931264706217,0,True
2019-06-14,2019,0.5204173742760863,0.0011746113114917036,0,0.4668105317839486,0.001211124427954363,0,0.17852365520026492,0.0009498126569588802,0,0.08898179523387384,0.0009745586553986817,0,True
2019-06-17,2019,-1.2566917813934841,0.004341556628217889,0,-1.321506272655372,0.004355625425361749,0,-1.4345367406597558,0.005453277722845827,0,-1.4829792313976755,0.005510577263496729,0,True
2019-06-18,2019,-0.6280813232432821,0.001070163261723371,0,-0.4481735331144854,0.0010368714357706925,0,-0.04778901824481352,0.0006347401847430949,0,0.13976701609590014,0.0006379811805779992,0,True
2019-06-19,2019,0.39879045057133977,0.0023215591593300144,0,0.32712729487076997,0.002322310293494074,0,0.6814631290478194,0.004505390853030118,0,0.7173169721891852,0.004494888984437679,0,True
2019-06-20,2019,-1.1828441391664148,0.004168997755919458,0,-1.2020529749026567,0.00430466152092304,0,-1.4840863818639092,0.0024051825233073355,0,-1.4723274694495583,0.0024311463840329408,0,True
2019-06-21,2019,0.5115140200714114,0.002956461835855949,0,0.5415508440798735,0.0023004360152413254,0,0.08660742897690343,0.002601008077562,0,0.10389242334968785,0.002424320186019252,0,True
2019-06-24,2019,0.25815005144294445,0.0007709973713485066,0,0.16251469682046027,0.0008023876224377565,0,-0.24078594821216837,0.0011411820055260318,0,-0.21064726077420115,0.0011391432720993084,0,True
2019-06-25,2019,-3.1209053347013844,0.002392640011747028,0,-2.9673210648095827,0.0023411036243773694,0,-3.089412157775003,0.00362873830688046,0,-3.0357600205415523,0.003721966356126641,0,True
2019-06-26,2019,-0.0914847510990075,0.0007411788132034982,0,-0.030924974333881368,0.0008198898740833313,0,-1.0542473735698794,0.0007384581538167277,0,-1.1317757987700574,0.000753452560649648,0,True
2019-06-27,2019,1.6502590753746422,0.002525846873674365,0,1.6217371806674357,0.00251323106823274,0,0.28462744851957344,0.0016836955958413587,0,0.40565938569854465,0.0016909606571009993,0,True
2019-06-28,2019,-0.11620404292820097,0.0014837938196653059,0,-0.18478093991504152,0.001490722085832591,0,-0.39707912033121406,0.0014114784843526722,0,-0.44559059025566505,0.0014471606634203472,0,True
2019-07-01,2019,0.15678189496665434,0.0015095890356987087,0,-0.008273700878562051,0.0015866728488488366,0,-1.0444339618339065,0.0019065963605674066,0,-0.8689300978663288,0.002132451661784587,0,True
2019-07-02,2019,-0.3379235439332545,0.0012208358303168428,0,-0.49491080043831015,0.0013036030163208672,0,-0.5213764498306743,0.0004476128264165407,0,-0.4343547579621594,0.00043604493376946996,0,True
2019-07-03,2019,-0.22189511772186366,0.0012078776204986225,0,-0.4252955530767494,0.001268117534249102,0,0.11179849562168886,0.001521265189544634,0,0.08769659789886908,0.0015673550643835223,0,True
2019-07-04,2019,0.1394330923928646,0.0014190736573167586,0,0.16151554250170053,0.001410408265269445,0,0.10497156681405517,0.0017807909581243186,0,0.11414504016390725,0.0018492182178992953,0,True
2019-07-05,2019,-0.2864649598500314,0.0009425410675718286,0,-0.21436658689917631,0.0009119246385920224,0,-0.09742568232238125,0.0008509850818445852,0,-0.09377156323297575,0.0008209743353547746,0,True
2019-07-08,2019,0.5830014073097931,0.0007709873482464489,0,0.5692005604375183,0.0007677862310413215,0,-0.3330863096394718,0.0008907942519954453,0,-0.14856069962991836,0.0008757906838225108,0,True
2019-07-09,2019,-1.168277681632175,0.0021220252689308377,0,-1.1383901920799109,0.002124165540685706,0,-1.3816612659084386,0.0017678552572400288,0,-1.319836846340002,0.001765263293770143,0,True
2019-07-10,2019,-1.2714730030604051,0.0015933883373572464,0,-1.103747380653275,0.0014851683853551684,0,-0.7787123926745821,0.0010993093091876559,0,-0.8792229442967004,0.0010421855218110824,0,True
2019-07-11,2019,1.2167973668678582,0.0016513715484624831,0,1.1911433126503828,0.0015841175533891096,0,1.1275129221969167,0.0016934050292653827,0,1.0609696215239346,0.0017138136538229949,0,True
2019-07-12,2019,-0.40152723797596,0.01700000979945997,0,-0.34462273228668244,0.0169882284072305,0,-0.6513032965587707,0.0026029084534671242,0,-0.6306075458241138,0.0026003195315895044,0,True
2019-07-16,2019,0.82703535946579,0.01043149546552107,0,0.7964420223286668,0.009206423189002014,0,0.6872237443114857,0.0012147690199811214,0,0.5580146109826449,0.0013780228792378022,0,True
2019-07-17,2019,-0.6586279230098193,0.00353404837983106,0,-0.9630343812618087,0.003236263671005945,0,-0.4568157458766966,0.003353367725653425,0,-0.5244385702271437,0.003459294018940657,0,True
2019-07-18,2019,-0.0989903477663876,0.002081790374629014,0,-0.1276775477708123,0.0021014654781599876,0,0.5506451386990092,0.00685919584648759,0,0.5518633422235806,0.00683627256931675,0,True
2019-07-19,2019,-0.2284312842305556,0.0011207941427325055,0,-0.2482788383627541,0.0011137619975782154,0,-0.09514019086761993,0.0012554641939928953,0,-0.21736818851449868,0.0012673975303706814,0,True
2019-07-22,2019,0.2072610844706942,0.0016844926518053314,0,0.13130369037059464,0.0017456566033454692,0,0.17466029364387464,0.002994068383304382,0,0.1888783162205695,0.003018009413062403,0,True
2019-07-23,2019,-1.0189947053301949,0.0004680575195775352,0,-1.0604775914765379,0.0004727116064115328,0,1.0123139770251606,0.00029207786930809563,0,0.9130418550197835,0.0002969191103113454,0,True
2019-07-24,2019,-0.9256997503000111,0.0013388711249721805,0,-0.8318831475917525,0.0013860449676381744,0,-0.4964272496120657,0.0010710018222274795,0,-0.46706886830797867,0.0011135441597149667,0,True
2019-07-25,2019,-0.3092680355101748,0.014591747887456917,0,-0.1826290335173639,0.014792741397217684,0,-0.24086555136660381,0.010411994411935622,0,-0.2313515865080054,0.010425427474141422,0,True
2019-07-26,2019,-0.2598100052457139,0.002310657410492832,0,-0.32870414198262154,0.002250801974800366,0,-1.3845783382430787,0.002269074986752052,0,-1.44089694789992,0.002304006217707175,0,True
2019-07-29,2019,-0.04109560415608904,0.0009785860853126173,0,-0.011199377828587265,0.0009509815591354185,0,-0.0572714616218406,0.0010644125275554442,0,0.012992589359147155,0.0010619416265564125,0,True
2019-07-30,2019,0.4422438412839006,0.0011785213483131818,0,0.3925695832725738,0.0012594749709158354,0,0.8781486809302486,0.001830041223253937,0,0.9503826349091784,0.0019111893186610025,0,True
2019-07-31,2019,1.7818775449505178,0.0017062900689443013,0,1.862003441299327,0.001666604880599806,0,1.1240218838177074,0.0012465869685752045,0,1.122924900023385,0.0012550609635026445,0,True
2019-08-01,2019,-0.004329381355949291,0.0029771609587134957,0,0.006426997930239153,0.003083491742536245,0,0.2574519716364154,0.005497728245050665,0,0.2094778981400638,0.005462226798885327,0,True
2019-08-02,2019,0.4351938622900754,0.0038073245842712017,0,0.42088447839801113,0.0037667928068239012,0,0.6726834295290679,0.006986692835473737,0,0.6806732341654474,0.006926858377434963,0,True
2019-08-05,2019,0.23717771081063804,0.0018935536007190622,0,0.2787485363868254,0.001931926494258619,0,0.9410223699021703,0.004647284830019467,0,0.962466901266321,0.004722945112304898,0,True
2019-08-06,2019,0.04177418744101058,0.0009824629714987637,0,-0.017289575379494715,0.0010994576356715398,0,0.4154702681158209,0.002441304256563203,0,0.5395514099096058,0.0021755004927042926,0,True
2019-08-07,2019,1.0376372682744712,0.0024680938691298455,0,0.8545290589135472,0.0024535010454007954,0,0.5241483207852173,0.0016417701036914067,0,0.13466331613577717,0.001488624384577459,0,True
2019-08-08,2019,-0.5527781161826781,0.00514487820171148,0,-0.5720673942131693,0.00491355972820472,0,-2.825709480234779,0.0038205995293275493,0,-2.793006041010482,0.004233941368722216,0,True
2019-08-09,2019,-0.8050965380268356,0.0031105555360225186,0,-0.8385518721085101,0.003135078111545857,0,-1.3673968301702213,0.008505505538190038,0,-1.2533206484843353,0.008619646155784167,0,True
2019-08-13,2019,-0.9633448763131855,0.002213559281597592,0,-0.6874497081981104,0.0029459007331892567,0,-1.0418715159115324,0.011401912417586693,0,-1.0566933822597917,0.013142174534119614,0,True
2019-08-14,2019,-0.5720935427541998,0.004328381527362302,0,-0.784068471274392,0.0022462642327873684,0,-0.9305102655593853,0.004011652286678238,0,-0.9320913051858186,0.004065811642122158,0,True
2019-08-15,2019,0.37001356502305116,0.002816855016072233,0,0.3862364228647408,0.0027924289217355295,0,0.16792656769457248,0.002007705371522176,0,0.1499131066137107,0.002015631031024197,0,True
2019-08-16,2019,0.18140815467590876,0.0013665967688705394,0,0.18065985317261335,0.00137556391718632,0,0.2573233312028691,0.000951146482815963,0,0.32380649107097126,0.0009542968789331587,0,True
2019-08-19,2019,0.012164668820710212,0.0012259123761231565,0,0.02371245819059853,0.0013561276227949549,0,0.4440049659525511,0.0017899705212608642,0,0.4195191797213842,0.0018540159336465495,0,True
2019-08-20,2019,-0.4997859947124815,0.0008084122016689527,0,-0.3972734138389236,0.0008049859404489505,0,-0.5402004966042386,0.0009202740950197251,0,-0.5342795063001088,0.000904961582925019,0,True
2019-08-21,2019,-0.0599120236460679,0.0008964432503157701,0,0.0076338967771768795,0.0009091003703811257,0,0.3504907777735049,0.0008457828469194505,0,0.3229272175132595,0.0008642388592263626,0,True
2019-08-22,2019,-2.1626800765843415,0.0015342980306423924,0,-2.058528112290522,0.001523976880663307,0,-2.392814481556838,0.0018535861863938118,0,-2.2724426650295317,0.0018265400053236495,0,True
2019-08-23,2019,0.166429353131319,0.0015143962726081191,0,0.16893174062426852,0.0014739610766448315,0,0.081337639582852,0.0009935218562614658,0,0.11800813653520592,0.0010010273469863876,0,True
2019-08-26,2019,-0.9935284478435955,0.0028369655706881537,0,-0.984399979927078,0.0028373998005131237,0,-1.2464248659075654,0.0032698758668854955,0,-1.265833297208913,0.0032707604341756665,0,True
2019-08-27,2019,0.02741230596247657,0.004843996626915334,0,-0.09034104337890497,0.004433822415602855,0,0.3337098455913394,0.003323304766117343,0,0.3324281940840441,0.003425618710782102,0,True
2019-08-28,2019,-1.4913391905904545,0.0024541226432713424,0,-1.4283972832008809,0.0025360980686440215,0,-2.513979934947891,0.0034220691959138626,0,-2.4106862105737963,0.0033495250787785717,0,True
2019-08-29,2019,0.19828338137301849,0.0008978831275450945,0,0.09937292400614273,0.0008981447920333036,0,-0.05006852555206098,0.001678458548261382,0,-0.01855832934871926,0.0016799065395413921,0,True
2019-08-30,2019,-0.43382647290931275,0.0012398610499165514,0,-0.32274850243803277,0.0013551271410911301,0,-0.3406789252681931,0.0026625199222996467,0,-0.32637662830308656,0.002657901014052329,0,True
2019-09-02,2019,0.5323666332202197,0.0019246471225849231,0,0.5851993602601965,0.001979376048936267,0,0.4930266794647702,0.0024459945956995265,0,0.4310343631441311,0.0024171131167679515,0,True
2019-09-03,2019,-0.35589503182898286,0.0019948913140182766,0,-0.2679160204406701,0.001919830465321241,0,-0.7089046297562143,0.0019506229309908805,0,-0.5785873971001934,0.001630409877415883,0,True
2019-09-04,2019,0.18146847070670558,0.0005541513146211823,0,0.28900997586087324,0.0011392526719222534,0,0.03078944226249436,0.0005216079538854884,0,0.3781462684459761,0.0007909259866986389,0,True
2019-09-05,2019,0.6212355357007155,0.0030036913996057024,0,0.6632062281609297,0.002918843159483573,0,0.8425623478972473,0.0030465563359159927,0,0.9618414512717199,0.0030041835673167983,0,True
2019-09-06,2019,0.9012309663230047,0.003219294977400031,0,1.2966189445356224,0.0026193798659463604,0,0.2379175551412958,0.001371880996781849,0,0.49540769446062455,0.001132712217475994,0,True
2019-09-09,2019,-0.06261906174695353,0.005462761133451914,0,-0.06361973676452948,0.005459958666607046,0,-0.02707991820482114,0.011305131774310001,0,-0.012688998827887765,0.011352969966119592,0,True
2019-09-10,2019,1.0795285126384506,0.003099721030378757,0,1.1233135225516866,0.003111298428470319,0,0.9787082785259851,0.002410213440166691,0,0.9279610919759513,0.0024979890574062017,0,True
2019-09-11,2019,-0.2250098972449016,0.0015511668366379613,0,-0.05049206506763171,0.001533974333462099,0,0.6627668914751194,0.0013372714444126925,0,0.42858485172843486,0.0017774501282253783,0,True
2019-09-12,2019,0.41514901727415443,0.0011027976476180891,0,0.3397993416920767,0.0010644955098666753,0,0.3536556805373743,0.001103982900371761,0,0.39708035493676075,0.0010930235341662133,0,True
2019-09-13,2019,1.8691682319845027,0.005893984230712135,0,1.8294161640126805,0.006205410729843215,0,1.8119706980652774,0.004430574433880781,0,1.835990928796645,0.0048249843726616195,0,True
2019-09-17,2019,0.005055946214244322,0.0015122203502170347,0,0.12888917006363831,0.0015857685547113597,0,-0.2971490748674701,0.0010037530811602515,0,-0.16838731653130568,0.001044420374629771,0,True
2019-09-18,2019,0.2389537216655946,0.0007871922830474553,0,-0.007488350079015937,0.0008031619273915577,0,0.465552721981914,0.0007331559518242999,0,0.2863201275120263,0.0007515044103235248,0,True
2019-09-19,2019,0.29243604171828474,0.0008758717997077693,0,0.707881448185872,0.0008088199854764534,0,0.8915855995214613,0.0028691546458297777,0,0.9632452522661926,0.0029695902479995938,0,True
2019-09-20,2019,-0.3397186745437188,0.0011186312998077454,0,-0.28254069313621444,0.0011201541328803683,0,-0.11669700097356249,0.0009061750545233613,0,-0.1127553344656031,0.0009465654863725511,0,True
2019-09-24,2019,-0.027106922232842612,0.0014515901101551066,0,-0.0072446851374412535,0.0013706909211102965,0,-0.05952803633969517,0.001025171251866168,0,-0.0955646350653726,0.0009864234118322334,0,True
2019-09-25,2019,0.07334823026328152,0.002361668585854937,0,0.1135119127783919,0.0024256778838269476,0,-0.1182044063222003,0.0022122783319622648,0,-0.14880093173559938,0.0022765142637544778,0,True
2019-09-26,2019,0.8127060659553351,0.00108592695126177,0,0.9997937714710579,0.0009604597535506956,0,1.0437097483310926,0.001145598585824303,0,1.0405432871587064,0.0011485147987021242,0,True
2019-09-27,2019,0.49323479972186113,0.002436485168651824,0,0.5209850497117203,0.0024007123996155908,0,0.032192863152374684,0.003775686722194712,0,0.10931285510536748,0.0036159474301066855,0,True
2019-09-30,2019,-0.5802221732621835,0.0007563746045289903,0,-0.5870558226739462,0.0007513650177444987,0,-0.5353343971111979,0.0010988481109110528,0,-0.5619008070554529,0.0010944525513514906,0,True
2019-10-01,2019,-0.04318470904806082,0.001830764853893429,0,-0.029627426960508352,0.0018290873283682083,0,0.432238640276823,0.0014314944386113711,0,0.592406994143952,0.0014380046545758587,0,True
2019-10-02,2019,-0.9097348581336374,0.004868116360992136,0,-0.7993464363633704,0.004827098941352558,0,-1.0832341350972854,0.004167342107983625,0,-1.0379875987870737,0.004140636497929686,0,True
2019-10-03,2019,0.45827749504954274,0.0010395020696868675,0,0.3497539886108235,0.001071076506185437,0,0.8542726712926897,0.0009199714058672638,0,0.7801061135980345,0.000997519153466024,0,True
2019-10-04,2019,0.23879940678809852,0.000639855025384824,0,0.1931524975849337,0.0006762622337301952,0,0.5034793692289419,0.0004464106852647926,0,0.513191009975658,0.0004723965452831576,0,True
2019-10-07,2019,0.021494165115652206,0.0010304417187135177,0,-0.028055635436524708,0.001032379993860445,0,-0.008799816990732734,0.0013816691056627991,0,-0.0009794978954996147,0.0013755096809380512,0,True
2019-10-08,2019,-0.16045520946124747,0.000643403141951854,0,-0.05883852885492602,0.0006415710896370139,0,-0.7756952785595405,0.0007790036627208916,0,-0.6786757089716469,0.0007773972428095172,0,True
2019-10-09,2019,-0.15462351652584622,0.005561834346614563,0,-0.13700229852379253,0.0055752718376102595,0,-0.37330850106324964,0.0025363248075304418,0,-0.3823369155111585,0.002536754262847948,0,True
2019-10-10,2019,-0.2657893027397251,0.003795290545594303,0,-0.24535346333879993,0.003809035936938893,0,-0.2965105627417475,0.00309381881604294,0,-0.3049463131108774,0.003092035490515665,0,True
2019-10-11,2019,-0.5205034362771099,0.001296435089350873,0,-0.49438408701483116,0.0012952588922055582,0,-1.129458426891227,0.0012203896385250847,0,-1.093157229777455,0.0012430783716931408,0,True
2019-10-15,2019,-0.2855027839152904,0.002296856150628037,0,-0.38405608147314074,0.0022625566602420726,0,-0.10312347693720458,0.0024371891590966683,0,-0.10331930784088691,0.0024278105912432617,0,True
2019-10-16,2019,-1.6654075613657688,0.0023073689132378987,0,-1.6470868853886178,0.00227407263826704,0,-2.372202892640288,0.004035078158028145,0,-2.3310587701768757,0.00409110536123244,0,True
2019-10-17,2019,0.6336884853333615,0.0006150330495539236,0,0.5940015148002412,0.0006501216540445221,0,0.4397378868139803,0.0006666724021708155,0,0.5597891620166733,0.0006740585610957363,0,True
2019-10-18,2019,0.8038396371014135,0.0014951000315611715,0,0.8230152284644696,0.0014960914193063535,0,0.20188920115446485,0.0013501860775423503,0,0.23193097228493476,0.0013489121106305183,0,True
2019-10-21,2019,0.6151556459906299,0.001977316670297807,0,0.5483477872988212,0.0019871651542895923,0,0.2001544781105442,0.004170896106683287,0,0.11393585323158473,0.0041487589729876425,0,True
2019-10-23,2019,0.05785401622328157,0.0012035252626229796,0,0.03548695819163927,0.0012139978392679595,0,-0.07470165869126444,0.0028570691284653974,0,-0.15054733286230237,0.0028857826383186184,0,True
2019-10-24,2019,0.023759354500416663,0.0017550792232711742,0,-0.029264678821925738,0.0017559859979428473,0,0.1144355873895091,0.0017738420707856214,0,0.17202141392483405,0.0017266119983015964,0,True
2019-10-25,2019,0.1986859097286422,0.0011570318480089718,0,0.22884530254713575,0.0011267018611862984,0,0.05592020922116281,0.003420460386076285,0,0.013125726130037707,0.0033416590075355545,0,True
2019-10-28,2019,0.45547414880287884,0.0034769082058580493,0,0.4765721644649187,0.003290565007038122,0,-0.960215414930337,0.0017817084877896163,0,-0.5966189458738228,0.0016308850695462254,0,True
2019-10-29,2019,-0.9949627713517077,0.017771876398221066,0,-1.018543894334882,0.016761204727953165,0,-0.8884107620883168,0.015723006018070435,0,-0.948543251017901,0.014921180695711979,0,True
2019-10-30,2019,-0.21785883041266194,0.006269170329443122,0,-0.17126088873935852,0.0070892211212129075,0,-0.30665878817461756,0.007769340160195803,0,-0.17031313171250498,0.007982218408618898,0,True
2019-10-31,2019,-0.39945904906030094,0.003966689270959465,0,-0.37056452818477226,0.003989104934112417,0,-0.3372605821272563,0.0027875806860005103,0,-0.31719063711098494,0.0028225405282246772,0,True
2019-11-01,2019,1.1233190073662822,0.004516970782578461,0,0.9721492407814526,0.0045390906865197716,0,1.1033922727096894,0.004054701853074181,0,1.1107810643077927,0.004066218197722053,0,True
2019-11-05,2019,0.1939254213532502,0.001998450834348705,0,0.10968164318335072,0.002059015702518135,0,-0.1501426225394742,0.0037265869308615025,0,-0.14631510929862773,0.00448896275281702,0,True
2019-11-06,2019,1.0367321675673837,0.0042843412729779195,0,0.8463655780087278,0.004351856583130645,0,1.4482904794315536,0.005010962647201269,0,1.3986386889041522,0.0052408777731714476,0,True
2019-11-07,2019,1.4808625286387669,0.0024159528590595165,0,1.443948611755398,0.0023979430702520746,0,0.8605914151509357,0.004164106528363788,0,0.829716596653327,0.004204819774940491,0,True
2019-11-08,2019,0.40004744489136645,0.0066054130194388855,0,0.3493749312273594,0.0067052967664970155,0,-0.07400213937249878,0.0029974945433633646,0,-0.061146743960471706,0.0030308298871736354,0,True
2019-11-11,2019,-0.2319024443675186,0.0075790267568870496,0,-0.11471339115356716,0.0074012233004989185,0,-0.479628428977789,0.004570144813667824,0,-0.5140260522839386,0.004540952374618751,0,True
2019-11-12,2019,1.729085014208444,0.002839233045034323,0,1.7563026650613491,0.0029535997354509496,0,1.354239502673942,0.003125738600096771,0,1.3768818506957115,0.0031966755844415125,0,True
2019-11-13,2019,0.7388632076896249,0.0013972227869057002,0,0.7209295283564452,0.0013995334154184374,0,0.31608420207883037,0.002322015011486534,0,0.43748710158174786,0.0023336897658664917,0,True
2019-11-14,2019,1.0078953953965974,0.007298980023609658,0,1.07078781913798,0.006718998941482021,0,1.2005639961733492,0.005329354542340586,0,1.279186746857037,0.005127950236610166,0,True
2019-11-15,2019,-1.3271691727710944,0.0031991961939220573,0,-1.4040699295119836,0.0032668843369914567,0,-0.6461381357664433,0.002017461091570725,0,-0.6706744852076092,0.0020245212987444763,0,True
2019-11-18,2019,0.3339538927851261,0.0012999830159753545,0,0.40630336930267613,0.0013000186076197154,0,0.008383099654387771,0.0012599552762573556,0,0.08653987398031704,0.0012355313923577734,0,True
2019-11-19,2019,0.659616101000553,0.0006166499201748511,0,0.7084335841395204,0.0006056586862783138,0,0.4797684615417248,0.0007194742787382414,0,0.4999084928086335,0.0007181509071354684,0,True
2019-11-20,2019,-0.41112558435607904,0.001294524163786869,0,-0.25169474155505667,0.0014659588619206224,0,-0.39859863800038065,0.0011426529876768024,0,-0.4807802750675091,0.0013221395456339217,0,True
2019-11-21,2019,-0.21947841728139972,0.0010211832115996017,0,-0.20891389298843221,0.0010290491822817674,0,-1.3977326662484888,0.002927769427160577,0,-1.465074097648908,0.0029505455549469193,0,True
2019-11-22,2019,-0.5008975233877422,0.0009146678798059686,0,-0.27572664795793783,0.0009096952061450302,0,-0.437822557634053,0.0007895812508671136,0,-0.383441827971279,0.0007303168089642481,0,True
2019-11-25,2019,0.2441596256803067,0.0012502188164999711,0,0.33321937699452464,0.0017654064054613433,0,-0.29328880138253544,0.0004656306480574829,0,-0.12957327623709092,0.00046932598789828605,0,True
2019-11-26,2019,0.25144788389081124,0.00134976652728939,0,0.26958093738056943,0.0014090694442190977,0,0.0665008820366999,0.001002493347653983,0,0.04662563494470562,0.0010204163313134067,0,True
2019-11-27,2019,-0.5241035003728586,0.003148417906603783,0,-0.5189639266957489,0.003164813918143488,0,-0.5354361239973449,0.0023259725271761607,0,-0.3925920190859401,0.0023756882416499235,0,True
2019-11-28,2019,-0.7217686928308379,0.0013822485890421982,0,-0.9665015983929475,0.001392207647173074,0,-0.3727473753296727,0.0015046100771579326,0,-0.4714430303886613,0.0014803123595325597,0,True
2019-11-29,2019,0.6818536390276778,0.0037295983762500604,0,0.6143728230484337,0.002839210890178725,0,0.7107915147512662,0.002359417377313441,0,0.3388594859819798,0.00181852621990532,0,True
2019-12-02,2019,-0.19757312613697936,0.0012900879356519982,0,-0.19076265948081966,0.0012635729907828966,0,-0.23315271493734574,0.001781172317347932,0,-0.23229672864590484,0.0017348150880004498,0,True
2019-12-03,2019,-1.0392641438252086,0.0010086597231163054,0,-1.195045787202824,0.0009335985590237967,0,-0.7556822789278372,0.0008119401520651178,0,-0.7495774135749684,0.0008031282708671611,0,True
2019-12-04,2019,-1.043938205126138,0.0012337693623007573,0,-1.0089160628378537,0.0012462894594681506,0,-0.17729304622003017,0.0005771467484201652,0,-0.21611943649055376,0.0006055738439557312,0,True
2019-12-05,2019,0.29171631969812284,0.0007200238521448824,0,0.4468319294668305,0.0008831874702115687,0,0.032886348647050756,0.0009822655084114427,0,-0.07290310489123142,0.0009575500080901428,0,True
2019-12-06,2019,-0.28738014902966874,0.0005268067601852724,0,-0.37890817627513385,0.0005205454150719473,0,0.6952005799968416,0.0013188533703169514,0,0.7042037700731842,0.0013176462263771583,0,True
2019-12-09,2019,-0.014414487098620699,0.0007720640046782909,0,-0.18189000422973867,0.0007617282702938231,0,-0.277044477771476,0.0008493151999323754,0,-0.20962552324889083,0.000835997186477114,0,True
2019-12-10,2019,-0.5522522967434548,0.0011613164565799435,0,-0.5365804503966903,0.0011693155965787803,0,-0.7162838257428381,0.001516764702262979,0,-0.7228930019850431,0.001515076370733644,0,True
2019-12-11,2019,-0.7909823457527424,0.008458401376976834,0,-0.75595662715899,0.008659954811203756,0,-0.6731744101590897,0.0038639893186362996,0,-0.6071716232183839,0.00398421588609317,0,True
2019-12-12,2019,0.4380017902811775,0.0011364095674239747,0,0.2725528451714482,0.0010588592045975087,0,-0.06163770740314095,0.001851981705324182,0,-0.18670221388540253,0.0017979295870750615,0,True
2019-12-13,2019,1.0231277644368886,0.009712775266724151,0,0.9291987873126138,0.009596092734451675,0,0.9654115861390272,0.010244583133422941,0,0.9236181656381649,0.010044859034745649,0,True
2019-12-16,2019,-0.3727944482206307,0.0010839076240993168,0,-0.30215911028627995,0.001134313452769658,0,-0.3858301063774192,0.0008001249117814709,0,-0.34521764651357323,0.0008427187393508309,0,True
2019-12-17,2019,0.5445017102446377,0.0020510808565198367,0,0.439099402858667,0.0013508329047484497,0,0.42793742240120547,0.0025670157806874268,0,0.2836692362204652,0.0023185066206085824,0,True
2019-12-18,2019,-0.6476054436498292,0.0022921401246083356,0,-0.6495791259510005,0.0022302830016938343,0,-0.22008866456978582,0.0018592643369167705,0,-0.20951867189327567,0.0018437892549714383,0,True
2019-12-19,2019,-0.6821474151309356,0.008148933990715194,0,-0.7134271735401366,0.008198257139411984,0,0.15708937433123216,0.0101171178767714,0,0.09319677616601407,0.010130218471458901,0,True
2019-12-20,2019,-0.0022643080501002777,0.0009710719484661828,0,-0.07693572382617797,0.0009732992203978954,0,0.24930090462755194,0.00105805103875294,0,0.1505429119366933,0.0011053563331987657,0,True
2019-12-23,2019,0.12921458401161656,0.0025886865443406674,0,0.01037230533480471,0.0025054700723938818,0,0.18591646062957845,0.0031583521748353867,0,0.14422782186548644,0.0030219580502694157,0,True
2019-12-24,2019,-0.7119830646558896,0.0014739815078189372,0,-0.6717832039744405,0.0014313940164318794,0,-0.4762437194317546,0.0011745254158655358,0,-0.49956934862168134,0.0010545343993537972,0,True
2019-12-25,2019,-0.0074114837904437625,0.0010133869524158701,0,-0.2339587511664829,0.0010670798487421886,0,0.19643116833380692,0.0008123039418822891,0,-0.0512584813799446,0.0007945956320868623,0,True
2019-12-26,2019,-0.6946798622430878,0.0007395412986479023,0,-0.5134769548833961,0.000808886038816287,0,-0.9412760203739243,0.0010855664674324875,0,-0.9290004731881478,0.0011091804926930103,0,True
2019-12-27,2019,-0.4939172095701916,0.0013456862655162418,0,-0.4925043203796262,0.0013443260223887997,0,-0.43274360378031074,0.0015083939502717435,0,-0.402558760801087,0.0015704457865602082,0,True
2019-12-30,2020,0.23635292649291761,0.0022225243294889526,0,0.2095553623610722,0.0022921141714607567,0,0.7573453976015161,0.00443068720128635,0,0.7576530110567923,0.004435604640879442,0,True
2020-01-06,2020,-0.9259145253437153,0.0016995143932077548,0,-0.9551325654478702,0.0016932995002012384,0,-0.8736733440394033,0.0013334915750274022,0,-0.892861433580936,0.0013561204620946767,0,True
2020-01-07,2020,1.0339779940800438,0.004603204681169967,0,1.0638836335652817,0.004624301146906656,0,0.9118146026800034,0.003953010369236877,0,0.9070393071291498,0.003935451649840703,0,True
2020-01-08,2020,0.6222105505783666,0.0037321486261198233,0,0.5681295668816065,0.0036789138123933963,0,0.3224255504781623,0.001496295791793406,0,0.17110373043228116,0.0014857284157923918,0,True
2020-01-09,2020,0.40940966579898325,0.0016949119444146924,0,0.3596110398552413,0.0017129863849320455,0,0.3328070548801256,0.001925047802801202,0,0.4563813274457976,0.0019817712696684853,0,True
2020-01-10,2020,0.9483827151553228,0.0013181946032688636,0,0.9111950850651868,0.001303425263132975,0,-0.29192475066929446,0.0018179235273135068,0,-0.4450474750041553,0.0018494929525585007,0,True
2020-01-14,2020,0.9105018195403813,0.0038207757646319235,0,0.9157896331260418,0.0038438065722253252,0,0.3950595242491197,0.0063488971532378626,0,0.4622778969665048,0.006138010188433555,0,True
2020-01-15,2020,0.6653098063245094,0.0006238974273475899,0,0.8173711921807942,0.000718670800583261,0,1.2229610426081754,0.0007755626760521143,0,1.4207219681017957,0.000854888105502029,0,True
2020-01-16,2020,-0.3498085735386678,0.0015301170967172472,0,-0.3229740291745641,0.001504628704425394,0,-0.5008927862547587,0.0010111888152431457,0,-0.3513448272921582,0.0009684825507393445,0,True
2020-01-17,2020,0.5149325083833768,0.0011267524714495528,0,0.46640305005505767,0.0011308740419208527,0,0.3435308044934642,0.0015558349568988831,0,0.30759783685362874,0.00161139729330561,0,True
2020-01-20,2020,-0.7129522474810259,0.0006528045123381252,0,-0.7473986392338885,0.0007942088271178027,0,-0.8537888522912327,0.0012721778626961792,0,-0.8219553272809033,0.001169897822975676,0,True
2020-01-21,2020,-0.7717014647698386,0.0011856303904955678,0,-0.6575191165946341,0.0011842732778769146,0,-0.372339699656949,0.001015893612226566,0,-0.3103213440451469,0.0010051401644920245,0,True
2020-01-22,2020,1.1245543289849742,0.007513452126118434,0,1.1455441512859443,0.0074677408293401535,0,1.097953073812382,0.019668738473625453,0,1.1135609853765986,0.019579219864487057,0,True
2020-01-23,2020,2.2600348618851216,0.002766955225889363,0,2.327783226416801,0.002903316565881136,0,0.9252862543965539,0.002242101347865055,0,0.8607584536738471,0.0024546163865113583,0,True
2020-01-24,2020,-0.3991228791944209,0.00222659815027616,0,-0.4377115349303921,0.0020626034708112226,0,-0.38026576441070575,0.0035991875026955876,0,-0.4503900599095942,0.003536404091224385,0,True
2020-01-27,2020,0.984641653936458,0.013166760203191541,0,1.0333530375752484,0.014725984545000707,0,0.9295747056854673,0.01267597186123698,0,0.8876806316743469,0.010462634033835027,0,True
2020-01-28,2020,-0.029486579183866546,0.003265720010990557,0,-0.029769828349687888,0.0032965065116867197,0,0.9526771502493045,0.007007128987550565,0,1.024348847257246,0.007062646958787319,0,True
2020-01-29,2020,0.16802512721426033,0.0018221711686103156,0,0.20853966766862642,0.001823288715150236,0,0.6100305340036865,0.001093856008890455,0,0.774393460739454,0.0010533232554874156,0,True
2020-01-30,2020,-0.7408707646433959,0.011029990030812247,0,-0.7422519904542835,0.010154978481322779,0,-0.7019736915048078,0.007948763747749497,0,-0.6045769945287143,0.007664610436216568,0,True
2020-01-31,2020,-0.4386875272796331,0.0015388706557644203,0,-0.439567257888662,0.0014955271450679427,0,-0.24784302762833854,0.0009557329489979538,0,-0.4658932345642499,0.0010054093233167432,0,True
2020-02-03,2020,-0.33872338358910614,0.005909928459373222,0,-0.34858273717384236,0.005906565419849718,0,-0.2629473177043349,0.005459229611537847,0,-0.2650928733671827,0.005447203045453913,0,True
2020-02-04,2020,-2.1754693361506656,0.0021565810949866083,0,-2.066398599027902,0.0021746831977101817,0,-1.7509019066629272,0.003515100206417612,0,-1.6851374525577305,0.0035406765759083665,0,True
2020-02-05,2020,0.10255391068597997,0.0032760712889569306,0,0.13823367779760487,0.003276656147351728,0,-0.017262429249034317,0.0024519285038775785,0,-0.021193806650486646,0.002468471248893292,0,True
2020-02-06,2020,-1.0139960595900954,0.004107347696129621,0,-0.6920369191966381,0.003956081718247693,0,0.10619019721108836,0.00350428641048704,0,0.3264915837739497,0.004698511429552388,0,True
2020-02-07,2020,-0.14582349034084446,0.003385016004965785,0,-0.11475266218465124,0.002828135845361786,0,-0.008698796867662839,0.011135554575626845,0,0.003239756819513273,0.010570944193984718,0,True
2020-02-10,2020,0.16667152488546172,0.0022602584613949563,0,0.27436908085799233,0.002272353901894659,0,-0.1399076714821823,0.0023888661367465194,0,-0.13955639595989794,0.0023922159802364233,0,True
2020-02-12,2020,-0.756507225855356,0.0028679582494882086,0,-1.0072623703678933,0.0030924057813925833,0,-0.8566761680226259,0.008874012020673464,0,-1.2339161626136042,0.00807899270583337,0,True
2020-02-13,2020,0.3971753014356061,0.005812136625541323,0,0.3876395219731865,0.005935523252836801,0,0.40668081497483755,0.005820664448570763,0,0.35057589269267586,0.005750611812234005,0,True
2020-02-14,2020,0.2808373142598515,0.0026566028356923795,0,0.30930990250607726,0.0026548073359872353,0,-0.3134825583850067,0.002328696427260171,0,-0.24198117163518518,0.002354658661471634,0,True
2020-02-17,2020,0.7081771917910116,0.014022353585958141,0,0.7171779912688152,0.013352455224727963,0,0.34616806957007995,0.01868258322707264,0,0.31455036193045816,0.018654142985593498,0,True
2020-02-18,2020,-0.7107995527065283,0.001948035178138764,0,-0.7629468137836397,0.0019192135615817712,0,-0.48272967633635844,0.0013240524636243347,0,-0.4835969629573468,0.0013025983299382185,0,True
2020-02-19,2020,0.6190209385700595,0.0038398480713568036,0,0.6137466471966572,0.003835576837883229,0,1.0037230383752767,0.0017026433975717331,0,0.9424685873367119,0.0016729505224776732,0,True
2020-02-20,2020,0.5206119651918462,0.0029867863143854517,0,0.38514486166381356,0.0030948071790878997,0,0.24752556797993108,0.0028081149636747797,0,0.21242190187831156,0.0028176185899650057,0,True
2020-02-21,2020,-0.25427575644087774,0.0009411474605587,0,-0.25137733309708254,0.0009425304359289947,0,-0.322879718243652,0.0014089575329209797,0,-0.4445184428411961,0.0014294963600972976,0,True
2020-02-25,2020,-0.7730869287671291,0.001338737765060293,0,-0.6754096018171536,0.0013392353766715193,0,0.5686528257229782,0.001741068880145727,0,0.4944755103661578,0.0017463907757321584,0,True
2020-02-26,2020,1.6793684674517024,0.002354454024537145,0,1.6082081354630429,0.0022980109558803654,0,2.209570547163473,0.0020184054147852487,0,2.1014066735014083,0.0019779240956460677,0,True
2020-02-27,2020,2.1379876768930703,0.0443236355925224,0,2.1158567055813426,0.04398686112976532,0,1.0853422911191428,0.02802659956752993,0,1.200545959349821,0.02799181661912982,0,True
2020-02-28,2020,-1.5223757919664407,0.04365638841872293,0,-1.5402250056516147,0.03939293897990512,0,-1.0488884407181742,0.02717238446601427,0,-1.0841616392277889,0.02489082911086632,0,True
2020-03-02,2020,0.21378532929095628,0.005240080490758257,0,0.28751369570455376,0.005168921787217137,0,1.3303191262620084,0.0026870300846285923,0,1.2863281588801805,0.0026625097601653443,0,True
2020-03-03,2020,0.45723516370390893,0.0008233265324467481,0,0.2870952820259477,0.0009132571711432612,0,-0.06067314548757047,0.0007104774298908323,0,-0.2995548937667712,0.0007511293395034553,0,True
2020-03-04,2020,1.7206813068118931,0.0005315490427457536,0,2.2242810056220677,0.0005872999170856433,0,0.44808955539729567,0.0009378813492754441,0,0.637820893743438,0.0010043846845901464,0,True
2020-03-05,2020,1.4407574841075874,0.006433996227522814,0,1.53369270540907,0.006264529740487634,0,1.392677601506703,0.006360753192344395,0,1.1506397129744883,0.00643565553384809,0,True
2020-03-06,2020,-0.3416503497715708,0.0024772989344811493,0,-0.340906557242854,0.002409121302682695,0,-0.7644067818112439,0.0019336985500239305,0,-0.817900562841885,0.0019110365882507026,0,True
2020-03-09,2020,2.7461624309568995,0.029805464791605098,0,2.756368686286863,0.03071010988629262,0,2.6018626284363076,0.025426101142612192,0,2.8096461301774136,0.027797604013628564,0,True
2020-03-10,2020,-0.14125533669534462,0.03466328964646997,0,-0.10403135067024039,0.033945417604945155,0,0.26377004752427524,0.01954897884138841,0,0.17375485979649952,0.018497401529473916,0,True
2020-03-11,2020,-1.8263074383034859,0.012461833982457383,0,-1.9102835832815224,0.011601272644667227,0,-4.435174762239349,0.01605586472969872,0,-3.4845289733814155,0.012577121944725881,0,True
2020-03-12,2020,1.1416803498161707,0.009480390441793354,0,1.177023026184467,0.009378781378152035,0,2.3813014442833813,0.011802723788358558,0,2.5557543781692593,0.011033198644893525,0,True
2020-03-13,2020,-3.574413006266531,0.01333484708372459,0,-3.4762240579995085,0.013188652073280623,0,0.3761416716532615,0.009297434959160593,0,0.007507690841944026,0.009263897488366651,0,True
2020-03-16,2020,-2.7423403699120943,0.0058530112986397795,0,-2.662361112135612,0.00585982204164554,0,-3.258380399190651,0.00553468666702048,0,-3.1358663382571357,0.005525159852820714,0,True
2020-03-17,2020,-9.119374962748036,0.010148186739332762,0,-7.810630440880532,0.010207103268507373,0,3.0911494875526,0.013053316299185014,0,1.8657893113010267,0.014265480990119945,0,True
2020-03-18,2020,-10.233997560149042,0.028479096206597856,0,-9.888590100145892,0.03942413918562606,0,-9.516322743571248,0.01085742110684837,0,-10.357861070754046,0.012550554793262288,0,True
2020-03-19,2020,-12.896968544569091,0.028797147480420088,0,-12.498925879691605,0.028727764038146142,0,-6.550545336576751,0.011985520372808214,0,-7.309219669735831,0.011793484121673583,0,True
2020-03-23,2020,-8.182661140404557,0.00951367697451909,0,-10.430875788995078,0.01213684133938445,0,0.6069091015166013,0.009295062353576997,0,0.546879538432826,0.009468973831452536,0,True
2020-03-24,2020,-4.964001242829861,0.01167777693876474,0,-4.461997172599283,0.011338705236409041,0,-3.3530733292810297,0.010484831099082487,0,-3.4013301549922725,0.010472475250994762,0,True
2020-03-25,2020,0.5523183588064304,0.004637746529546124,0,0.5909532547460197,0.004729656797849087,0,2.132926177821928,0.007580104669885835,0,2.205035743043548,0.007783330154394523,0,True
2020-03-26,2020,2.348552672055827,0.005074088695769894,0,2.378380235974295,0.005004970587230463,0,-1.3036594549366294,0.0266038203577648,0,-1.2918140225531727,0.02634403951858371,0,True
2020-03-27,2020,-1.8480757654985207,0.01690280226742217,0,-1.330051455923241,0.016773364740711633,0,-3.966766234140426,0.013518377283205573,0,-3.433109270343534,0.01314408135642,0,True
2020-03-30,2020,-2.436760140540268,0.0030922407688067344,0,-2.425436954337904,0.003154179319898621,0,1.7472748665318267,0.0029417302385991067,0,1.6875403350327973,0.002959547508765815,0,True
2020-03-31,2020,1.427847947450073,0.001886868719892812,0,1.4223718705840667,0.0018499132431809542,0,1.6799786750417867,0.0043029265718779975,0,1.764466093591039,0.0042947686543217045,0,True
2020-04-01,2020,1.521248258011238,0.00570388015899766,0,1.6949365233040719,0.005870225049531046,0,2.2757023683442825,0.0038915291711829753,0,2.40897577127445,0.003975136119925394,0,True
2020-04-02,2020,-3.0578270306606274,0.004063284730128302,0,-3.1000666873926237,0.004080708625010455,0,-1.617773702855934,0.003695877990691393,0,-1.4213541779183432,0.003787316258548704,0,True
2020-04-03,2020,7.116705484286722,0.003346368279036585,0,7.169408462819415,0.003443224064844185,0,4.691061274929378,0.0030232349558120624,0,4.644161212528537,0.0030500670535119185,0,True
2020-04-06,2020,0.6215008456653224,0.004946700921107271,0,0.6696003502855947,0.005013284671470129,0,-1.4283770149380204,0.005694942508587712,0,-1.3974886329946106,0.005685502223627754,0,True
2020-04-07,2020,-1.012001533796172,0.002940491366325373,0,-1.0481207284684009,0.0030061946248862697,0,0.0045190926977363155,0.004724520936239899,0,-0.12172801365358721,0.004587180574339023,0,True
2020-04-08,2020,-0.6886630920455219,0.009452488768672117,0,-0.6997870342686099,0.009435381325202899,0,-0.4579438309944761,0.005276791397395977,0,-0.4732271086305506,0.005352314631527192,0,True
2020-04-09,2020,-2.7803797825233074,0.003443692736912068,0,-2.3775777611750377,0.0033003407965102424,0,0.33331850528926177,0.004609395575267819,0,0.49787359149112564,0.004633193574572594,0,True
2020-04-10,2020,-0.5213995818772785,0.001681446690015967,0,-0.6056826663490646,0.0016760690985822729,0,0.5761766470939964,0.0015085639125572712,0,0.7971363034112677,0.0014661718911510536,0,True
2020-04-13,2020,1.141045639835155,0.0019643698524640057,0,1.2675142179384071,0.0020146309811161184,0,2.779785420959806,0.0016003972201487416,0,2.86872944979001,0.0016199153870648637,0,True
2020-04-14,2020,1.4068227886995794,0.0020429652916384823,0,1.369375631626644,0.002074215734516204,0,2.5000495707970813,0.0015568663345488015,0,2.493971309497514,0.001555041627226347,0,True
2020-04-15,2020,1.37785078020116,0.00151737739977431,0,0.9805366296587932,0.0017549804884435573,0,1.1035430851824652,0.0024902299425963734,0,1.040814872272287,0.00276960862015869,0,True
2020-04-16,2020,-2.422557169797393,0.0038928950015973806,0,-2.412101329451007,0.003798381168881001,0,-0.611443719197548,0.002723892588392968,0,-0.21220123340494368,0.002837562178367313,0,True
2020-04-17,2020,-0.15226476872372796,0.002864997930141038,0,-0.13413490520455706,0.00289541566180325,0,-2.4549310228220134,0.001772297891288087,0,-2.684737574179259,0.0017779120366731107,0,True
2020-04-20,2020,-4.066572373129582,0.004131707980035168,0,-3.4098930423758715,0.004104527210941548,0,-3.363964668022523,0.004029018851692696,0,-3.255301467772296,0.004206906581702252,0,True
2020-04-21,2020,0.06688555718865885,0.003912508471909146,0,0.045402338536976394,0.003916021546168908,0,0.5846214648388708,0.003702641180180421,0,0.5859437445288096,0.003723158845625596,0,True
2020-04-22,2020,0.4754126613806896,0.0034490825641386733,0,0.4225878947412723,0.0034400791838275716,0,0.4209032348767614,0.0033928408409724235,0,0.4736352663319082,0.0033928575738692303,0,True
2020-04-23,2020,-1.846331506156841,0.0046774366739739245,0,-1.6990606656236382,0.0052864129809813525,0,-2.6064954330682255,0.0031588060540625787,0,-2.6879935256896745,0.0032830830063396983,0,True
2020-04-24,2020,0.1306808301534762,0.002621175181311181,0,0.38479996977086905,0.0026226386072777824,0,0.33065754971467065,0.002353572816438741,0,0.2764358947715051,0.0023366072623107435,0,True
2020-04-27,2020,5.464541602684746,0.00153953147615224,0,5.402387250123618,0.0014717426455641432,0,2.556512317088757,0.0018292433659501078,0,5.463609969306277,0.0014810764126087933,0,True
2020-04-28,2020,-0.7785774523101878,0.02478660769353113,0,-1.110154482309322,0.012625210154100605,0,-0.6958140449317973,0.013543900714903193,0,-0.8921388900516156,0.012073902593590815,0,True
2020-04-30,2020,-2.2291167985741964,0.014873777444357486,0,-2.348322846518899,0.004525798478387113,0,-1.4782478752593278,0.01040806821238139,0,-1.7107196883984546,0.0070271142845271155,0,True
2020-05-01,2020,0.09034824199394009,0.005187122494070881,0,-0.9656818727072243,0.0051922381213700824,0,-1.807685963506715,0.004675329656721714,0,-2.6895978780529313,0.006502094723000708,0,True
2020-05-07,2020,4.265324497517772,0.0026744103207618024,0,4.298326579914281,0.00489692710498455,0,4.495741403516329,0.0040762297941419525,0,4.518162475343409,0.00798234946914224,0,True
2020-05-08,2020,-0.6021056467012691,0.009117013984990298,0,-0.9362485077224435,0.007838362393089469,0,-1.1837310355916935,0.013539164464169381,0,-1.2018423245292955,0.012330843314947479,0,True
2020-05-11,2020,-2.8601069778064705,0.006745430796658173,0,-2.8668849484542696,0.021465725710829626,0,-2.3495810333495006,0.005085028425149087,0,-2.403340024268281,0.015771950257758818,0,True
2020-05-12,2020,-0.5622872583833889,0.006657713792432291,0,-0.5511564135765425,0.011681826811896029,0,-0.4588769845841867,0.006926397807491714,0,-0.46538444912291155,0.00816166677685824,0,True
2020-05-13,2020,-0.30923988581104567,0.002744001148655637,0,-0.4463126694157822,0.0035595261538470205,0,-0.49643626593511203,0.0057076449822870716,0,-0.5758521474626026,0.007266038468572593,0,True
2020-05-14,2020,-0.40380422028605456,0.008286998685369933,0,-0.8380757305390814,0.01891701620379508,0,0.26663897272041925,0.006520773544630786,0,-0.12875635668810403,0.02125125174074629,0,True
2020-05-15,2020,-0.40892390256930744,0.003303613949601799,0,-0.30246804071439026,0.01234475965173925,0,-0.36216548107961977,0.0039280812620705345,0,-0.18850322783989926,0.011080312186505233,0,True
2020-05-18,2020,-1.786681366208861,0.02185432546709488,0,-1.694284634411755,0.04342657535628385,0,-1.726342214149706,0.02426738122161428,0,-1.7463779184318653,0.0333945353919632,0,True
2020-05-19,2020,0.22309326894896112,0.0033062301399304885,0,0.31763792486523207,0.010816523703007024,0,-0.19358701593752572,0.0022061622362757713,0,-0.11705012896071104,0.012997266390383157,0,True
2020-05-20,2020,-0.29145146145244816,0.001811479006063908,0,-0.26551041174049606,0.0028678370716781793,0,-0.0639008618887511,0.0028610677227586807,0,-0.07923733627029483,0.003571535992059585,0,True
2020-05-21,2020,-0.13367620430177007,0.003871866664963424,0,-0.2223159912556607,0.0040567331449107265,0,0.5971231500648391,0.005364634746839227,0,0.7637223601166112,0.005518480972446337,0,True
2020-05-22,2020,-0.696462254580275,0.002465165972532278,0,-0.5291303542555075,0.003179199146464601,0,-0.6335647177786212,0.0015999166441457051,0,-0.4808339630152658,0.002079850552698659,0,True
2020-05-25,2020,-0.02361357998853819,0.003261278882847562,0,0.34024840310427984,0.011373290488683876,0,-3.28450168476438,0.002667586660566771,0,-3.0177026599025485,0.006927080439499712,0,True
2020-05-26,2020,-1.556274057393277,0.012538534094109717,0,-1.4014254528181784,0.017637518317234296,0,-1.602605165907933,0.0125642178657115,0,-1.4435353941122273,0.017128956886042865,0,True
2020-05-27,2020,1.2897537305712392,0.003104915056792878,0,3.4323630888813215,0.0054094988900638,0,4.456801188807695,0.006457232359109179,0,4.805419258285337,0.012254208974930483,0,True
2020-05-28,2020,-1.6010191117417891,0.007880701817461075,0,-1.7256569359715754,0.015145218215604177,0,-1.4371809056315226,0.005608737204287842,0,-1.3881873424172027,0.01736645400605014,0,True
2020-05-29,2020,0.5770759507665533,0.0026295768867216586,0,0.6561505033936794,0.007100876654143194,0,1.422452945738654,0.0038255644456212357,0,1.383508550065118,0.01098163615580811,0,True
2020-06-01,2020,-0.07013298490074026,0.014263411568491697,0,0.05248018467223707,0.027481421436217023,0,-0.32875920558696564,0.011146968909783946,0,-0.24571402375698542,0.015315089236022046,0,True
2020-06-02,2020,-0.19901569887520104,0.012791388928979101,0,-0.13042124419331363,0.013544672730660788,0,-0.4358905717774272,0.0012791605358043298,0,-0.5161948315022853,0.001406946805669157,0,True
2020-06-03,2020,1.1314160335750576,0.002064033830376847,0,1.0589734169782492,0.0020792434310639802,0,-0.9939452629221274,0.0022208452993206476,0,-0.983877667455936,0.0023203028065797654,0,True
2020-06-04,2020,0.07201919841594329,0.0011858185721368014,0,0.6381481662120398,0.021316032318506744,0,0.008757010334118576,0.0037485543971533834,0,0.11363944225455924,0.014644588891505144,0,True
2020-06-05,2020,1.431842605900056,0.002772176803156996,0,1.4061532119094609,0.007318188446062335,0,-0.05995405092992068,0.010346785296019739,0,-0.13217365032818695,0.010481080302496774,0,True
2020-06-08,2020,-0.7095299653410015,0.009091898894752384,0,-0.6729598079530195,0.009800176834952757,0,-1.1429937070712886,0.0034323070934183823,0,-1.0895980283531004,0.004379940324539566,0,True
2020-06-09,2020,-3.112136900127923,0.008243921939054258,0,-2.957574985203719,0.019398191547014613,0,-5.192686266183652,0.014504121336288252,0,-4.719700913135082,0.020405054567180465,0,True
2020-06-10,2020,-0.0759905203116138,0.0014649449985624716,0,-0.08818079880422935,0.004052262397959819,0,-0.4147658199951896,0.0009578923585938736,0,-0.5325965459244815,0.0027297944892601886,0,True
2020-06-11,2020,-1.230433019447593,0.003496954573717579,0,-1.0600214466625362,0.006456478383336872,0,-1.844633486497278,0.00473703295155292,0,-1.4149947252705637,0.011202245540192992,0,True
2020-06-12,2020,2.742629772702423,0.0031803151074991905,0,2.599156544955788,0.0038127070526474296,0,-0.23073657617427656,0.003910327738834004,0,-0.2526587904367954,0.005966643120201805,0,True
2020-06-15,2020,-0.04613670794401489,0.0020142674676477657,0,-0.035661244200666097,0.006270878907962065,0,-0.4270635695270941,0.006298114389538757,0,-0.5918599159288398,0.016680304329146106,0,True
2020-06-16,2020,0.8015492426514738,0.004643152127434493,0,0.8067765594400499,0.004668912709961097,0,0.5182260701660059,0.0036133444916711887,0,0.6342169844738523,0.004519146095138742,0,True
2020-06-17,2020,0.5082490202230775,0.0030445601507735325,0,0.5174477788653316,0.0030875979553109294,0,0.4319826318604404,0.0031099255880301414,0,0.4404205921521357,0.0032624352118349317,0,True
2020-06-18,2020,-0.3318032689845665,0.0012360452336445161,0,-0.20963595681201558,0.015427852081173001,0,0.401035063165421,0.0030111577772609253,0,0.3781650712524587,0.01783522270886671,0,True
2020-06-19,2020,-0.14505086193811167,0.0012489966670606915,0,-0.16855924684236634,0.0018694774176868914,0,-0.45376009671743267,0.0017007577957306524,0,-0.7604588655715205,0.0013263473460724399,0,True
2020-06-22,2020,-2.618235146537688,0.004093004290602065,0,-2.5048847512722205,0.004138800656276817,0,-2.583841764898032,0.0038647419496483214,0,-2.5615652512330396,0.003910992585522029,0,True
2020-06-23,2020,-0.43506337903249626,0.000889430462023146,0,-0.1650385122558915,0.005258160718772274,0,-0.09684898914807727,0.0007276220305382713,0,-0.08111163594114035,0.0022531793960494056,0,True
2020-06-24,2020,2.8483270221779375,0.001770977505212692,0,2.8362051112827853,0.00409606706105312,0,2.19412703693447,0.0008774039168194241,0,2.1522507793939574,0.0021484193216454537,0,True
2020-06-25,2020,0.13312144524062663,0.0020921121424684512,0,0.06401327099710485,0.0021209000710199983,0,0.2341411929787176,0.0014438580458322938,0,0.18849293532460143,0.0014773948270793305,0,True
2020-06-26,2020,-0.5826583159527305,0.0035969685625883594,0,-0.550531587381839,0.003929152796425431,0,-1.5358713874820291,0.004691233888782999,0,-1.4825153740245085,0.0064932944334994075,0,True
2020-06-29,2020,0.04177275159080773,0.0018795753412090856,0,0.211676143499687,0.01650249631651642,0,0.7338918224151674,0.005095844114657677,0,0.7787711226389615,0.011859997461070814,0,True
2020-06-30,2020,-0.7234286779536205,0.0027765833318256143,0,-0.5739547105945515,0.0027785654241104583,0,1.2484395673039048,0.001716431330646965,0,1.2273232884288812,0.002138808864313576,0,True
2020-07-01,2020,0.9384926273049927,0.002603057358718401,0,0.8521027736092956,0.0049427286851490004,0,2.6517186986014303,0.006325952370521563,0,2.8063347048580827,0.009018429670784657,0,True
2020-07-02,2020,-0.21923361235226047,0.007415572905293012,0,-0.30199166525883836,0.035358850069442956,0,0.7728558716088569,0.008814161073486754,0,0.4312111330066748,0.04949130618572629,0,True
2020-07-03,2020,-2.4083969032903605,0.004147340453432063,0,-2.376422010637875,0.009477322939205194,0,-1.7861051024711116,0.003518301560066679,0,-1.7845271072051414,0.012607912664442222,0,True
2020-07-06,2020,-1.2784812491062771,0.004219375276581836,0,-1.29117429085222,0.004611389123701623,0,-1.0825093828442878,0.004265186930415328,0,-1.0650758498142676,0.00456560582401323,0,True
2020-07-07,2020,1.6397336288007343,0.001199829044555733,0,1.5386731942450211,0.001791664111096587,0,0.7723127407556926,0.0010324607058154643,0,1.4378867343825075,0.0022775671053686143,0,True
2020-07-08,2020,0.8003297540799585,0.0030150693064487457,0,0.9288780913773436,0.004395995471480809,0,1.4260795172259755,0.0017081911941582931,0,1.3821154707663568,0.0022284364159835626,0,True
2020-07-09,2020,-1.758166217156135,0.004771839999396942,0,-1.7875414922767598,0.005802129957013344,0,-0.658201180217513,0.0029400175784724766,0,-0.773272513981345,0.0030406576667517298,0,True
2020-07-10,2020,0.5745698626031724,0.007325316747597694,0,0.39004315507782517,0.01064703560979891,0,0.5887087038066703,0.005895485504364013,0,0.6390630406598627,0.00943730750049267,0,True
2020-07-13,2020,-0.5289094944126163,0.009735932840781782,0,-0.5702644176940268,0.01643624963053464,0,-0.5197503291083874,0.0114643370851338,0,-0.445001857931524,0.023232916298759985,0,True
2020-07-14,2020,2.1297175672131554,0.0009264244056534361,0,2.206356681453128,0.0012012967801992853,0,2.629292961641306,0.0010898706909416341,0,2.5858772498007045,0.001095607967443198,0,True
2020-07-15,2020,-2.0966587643512606,0.004880279652475161,0,-2.049469992641909,0.005108085144032453,0,-2.045427350688286,0.006196735159877069,0,-2.090615149835685,0.006454048908824012,0,True
2020-07-16,2020,-0.40530755416640796,0.001050233712077628,0,0.2603289330773082,0.004501150475284905,0,-0.6819752035954911,0.000997791243400021,0,0.10594760373497492,0.0019881698757871144,0,True
2020-07-17,2020,-0.1360135544082426,0.0014725196465610831,0,-2.0804963062539237,0.03907027643977215,0,0.09122338382103568,0.001654394747503721,0,-0.8988222039985396,0.019235307471425482,0,True
2020-07-20,2020,-0.023591269187294373,0.0011952755341292861,0,0.022674875909873604,0.002501310198106927,0,-0.5548805617424657,0.0015061902867092752,0,-0.41992397773723456,0.0015198199691462079,0,True
2020-07-21,2020,-1.9836235199463599,0.0028824033005554065,0,-1.9206468822958993,0.006509392865558922,0,-1.9551586067083588,0.0021596995478903643,0,-2.007825589100783,0.0033549060188608013,0,True
2020-07-22,2020,-1.3733051185121492,0.0016104555555302381,0,-1.3115971716296722,0.0017187974483240456,0,-1.5374107236778163,0.0017196380992308847,0,-1.5683165849496294,0.0019501184101967542,0,True
2020-07-27,2020,1.4805511388774009,0.004557898709786775,0,1.5671939796604453,0.005851282860302551,0,1.37435998887155,0.004320651097372268,0,1.4666603500641884,0.004837973850249431,0,True
2020-07-28,2020,2.7769387005244797,0.0014590312625853625,0,2.873028804428765,0.0014618316065552112,0,-3.531029930716419,0.0014180979307344508,0,-3.568355221078134,0.0034212478396364594,0,True
2020-07-29,2020,-0.5528006746368348,0.0026332620625550917,0,-0.46640248725577393,0.00304293450395073,0,-1.5837947513270265,0.003619211792062566,0,-1.203658211681474,0.0036656860242680073,0,True
2020-07-30,2020,2.037268165455981,0.01197364010525816,0,1.9916481593144,0.012843999030765321,0,2.054631565176317,0.017682053855961104,0,1.9239945881520018,0.01778432938101469,0,True
2020-07-31,2020,-3.5020198834590626,0.015706579130582175,0,-3.540415139637084,0.012936756173912559,0,-3.8592900663917065,0.00891806980318875,0,-3.9425430777068793,0.00706754449136338,0,True
2020-08-03,2020,0.0026771304598888768,0.010948602851325095,0,0.09091763207847525,0.008136255103410872,0,-0.48092577119062674,0.025306801022120656,0,-0.5638449530910209,0.022485586013627337,0,True
2020-08-04,2020,-0.5609328499678801,0.009075979779938254,0,-0.6495998737530586,0.008568756056907998,0,0.05925739883844028,0.006363879390348898,0,-0.21404219044198997,0.005751142970224124,0,True
2020-08-05,2020,0.25166025718262797,0.0023381022001211773,0,-0.04335101409970443,0.003446508972690137,0,-0.02194339643643728,0.0030036761994659475,0,-0.2991213706090615,0.0038974143779349035,0,True
2020-08-06,2020,-1.1551657063620744,0.0036736771129027585,0,-1.8249400006962073,0.006083862268990777,0,-0.9518223077398402,0.007441706963156043,0,-0.9211871082559733,0.008821221101556746,0,True
2020-08-07,2020,1.735909452030738,0.004666062889375133,0,1.7492428106215983,0.005751746841926277,0,1.6419297685072538,0.006550941911647088,0,1.69015176216946,0.0077940140415121,0,True
2020-08-11,2020,-1.2876308310317688,0.01687720442579582,0,-1.3627229696772143,0.018710878078973103,0,0.25707250442897833,0.007775046846801382,0,0.5498466993175597,0.010400901498425517,0,True
2020-08-12,2020,0.6781026723318146,0.006074451730666128,0,0.8515167719823464,0.008265283188146127,0,0.6465409548371548,0.0075971633911304,0,0.8560736025598379,0.00760938459844575,0,True
2020-08-13,2020,0.3996164930914561,0.0014405219340686986,0,0.29470646426806013,0.0018813509718054852,0,0.28859783695529795,0.0017684973467797128,0,0.3294264884774152,0.0019743868205704686,0,True
2020-08-14,2020,-2.919993441961504,0.007590978930566598,0,-2.930083018439447,0.007740578600055887,0,-2.648229161835365,0.005097684523244614,0,-2.6467761518316135,0.005206228817962199,0,True
2020-08-17,2020,0.4810684169650433,0.002080620845850346,0,0.5518641369494063,0.003119612579286033,0,-1.447804897603604,0.0017256187568232921,0,-1.3192433583136123,0.0026198649119958477,0,True
2020-08-18,2020,0.5868918445061464,0.0009398633133899954,0,0.39244211473318136,0.0010414913016133457,0,0.3225513647825813,0.0012992051102464783,0,0.24362661468885638,0.0016206880345408185,0,True
2020-08-19,2020,2.8403597540760455,0.0013739460321904166,0,2.633079529934091,0.009670105943791673,0,2.042576717252926,0.001634393012254593,0,1.6084133761168449,0.008743168696536883,0,True
2020-08-20,2020,3.358980258623004,0.003500443933703349,0,3.6457922540879095,0.003923070305038008,0,3.2642383884942934,0.0028640339845178706,0,3.329425128202072,0.0036176746142028166,0,True
2020-08-21,2020,0.5232966018134295,0.0016424708697335474,0,0.5486164130506062,0.0018769761287228052,0,1.030550600179411,0.001874133942694789,0,1.3503908060482375,0.0019706102120727606,0,True
2020-08-24,2020,0.806787557587794,0.0018055177823797204,0,0.8730487591335568,0.0017667298304065776,0,0.7825119379816199,0.0013681600362636813,0,1.0269074898647608,0.0014038589049193489,0,True
2020-08-25,2020,1.2891498083921902,0.0011916086185317194,0,1.0751835498454376,0.0016084334043620252,0,0.515142700413983,0.0017179788650294732,0,0.45613914166578606,0.00198435787579212,0,True
2020-08-26,2020,-2.1737973171354454,0.0013318032626918924,0,-0.874362258007189,0.0015797425695777939,0,-0.5695601770131948,0.0011935125459424077,0,0.19536293333772292,0.001453612764775491,0,True
2020-08-27,2020,2.726470956233213,0.0028354552122749933,0,2.7624360791223395,0.002788963757571055,0,3.6174762630052415,0.002141631090141718,0,3.7001922212035483,0.0020859429422356375,0,True
2020-08-28,2020,-0.28647670396228786,0.009911179303159547,0,-0.2994446977800558,0.010119962535426583,0,-0.19919392467629335,0.008746901132279038,0,-0.13261625934414473,0.009118502685446813,0,True
2020-08-31,2020,-0.1685012498438313,0.0041848888054356005,0,-0.05030985433372681,0.004904117141619461,0,-0.3026155533352519,0.0025279149618100665,0,-0.40467678627881853,0.0033349128062644417,0,True
2020-09-01,2020,0.391415318866834,0.001796190446389474,0,0.4484483821945006,0.0039801835138576006,0,-0.14613779045646896,0.0024709227114832204,0,-0.23411387024080105,0.004517226193969996,0,True
2020-09-02,2020,-0.6620699641026098,0.0017509245184627801,0,-0.7571039894979923,0.0026665513595473564,0,-0.6787809498546853,0.001326247006208234,0,-0.8131970965561368,0.0014013255770026465,0,True
2020-09-03,2020,-0.7845115795184023,0.002532190605174251,0,-1.056592740726536,0.003158125098202255,0,-0.028119144616587224,0.0015025372719208285,0,-0.15887950176689186,0.0014747734938321381,0,True
2020-09-04,2020,0.15604426124852022,0.0015152576458681384,0,0.6430806645819269,0.0022641022635082894,0,0.7106140564663148,0.0012869778480459726,0,0.5170286334432523,0.0012417387416522264,0,True
2020-09-07,2020,0.05237844612815401,0.003218533301595569,0,-0.04572570458548997,0.0032349538255917265,0,0.26864964928060675,0.002553957326094455,0,0.1425215995754754,0.002781000385439602,0,True
2020-09-08,2020,-1.1055760363183913,0.005184088659935111,0,-1.10985812119319,0.005705079598371394,0,-0.7395318243554933,0.002747813629807362,0,-0.6343792750755923,0.00418976137568227,0,True
2020-09-09,2020,-0.8111556029537044,0.0039522019330419916,0,-0.7823390133688213,0.0055999911600240525,0,-0.9822603977896147,0.0038095984368322145,0,-0.99734858998007,0.006595464115099313,0,True
2020-09-10,2020,-0.05228115034686942,0.0028991200002862817,0,0.009901557572826736,0.0030884984773435244,0,-0.15723078321042894,0.0020621253664317245,0,0.183716577302099,0.002406997129705033,0,True
2020-09-11,2020,-1.3112356869520678,0.00129375319070519,0,-1.7712072253161377,0.0033141538540525594,0,-1.4907653409421597,0.0029211826805469457,0,-1.6025751132603174,0.003490010811070342,0,True
2020-09-14,2020,-2.378370745565892,0.0067283082631617456,0,-1.6999141384838792,0.007807745780123238,0,-2.147641506162743,0.009527624594598483,0,-1.755407555139608,0.010886235234350821,0,True
2020-09-15,2020,-0.5832227853323059,0.001786170311815612,0,-0.7287737593973342,0.0018158760308800215,0,-0.41231244771451064,0.0019021205260689974,0,-0.5929161925566405,0.0019806860093273034,0,True
2020-09-16,2020,-0.38778585036525204,0.00686136092787198,0,-0.5003314823887477,0.0038629045127000026,0,-0.39813416035851956,0.0015581193263211291,0,-1.291925968810642,0.0024729326004243,0,True
2020-09-17,2020,0.593571763678301,0.00823251473736997,0,-0.18661628952057974,0.014350318990667806,0,0.2802411723530408,0.001136608979199473,0,-0.3551914332399371,0.001714573450281138,0,True
2020-09-18,2020,0.9958977796595829,0.006752070938236799,0,0.8811028641445562,0.008674986028775863,0,1.2023291908218507,0.005695270889964364,0,0.9857149238683429,0.006618876740576879,0,True
2020-09-23,2020,0.26998729273435496,0.0024990307849313896,0,0.45792043669450355,0.002674688727733803,0,0.09944590550477272,0.002132368761657188,0,0.6914065836346264,0.003241666360448855,0,True
2020-09-24,2020,0.4874005865246591,0.003015294306368649,0,0.5538693179674241,0.003643976734652206,0,0.47022843171678597,0.001761599411058154,0,0.6266285502528866,0.0022329916869842105,0,True
2020-09-25,2020,1.7323760614724386,0.020832739805941577,0,1.624247547694392,0.020569615848581434,0,2.139649432663381,0.02017404642278014,0,1.9752788508196106,0.01983391320190005,0,True
2020-09-28,2020,1.6785467053843992,0.011421219978474874,0,1.509469023641747,0.010824472067586449,0,2.3189737478154604,0.02373327421686434,0,2.262788040414976,0.01980979736937446,0,True
2020-09-29,2020,0.0,0.006103411984061146,0,0.0,0.007898676792520678,0,0.0,0.006033379574983111,0,0.0,0.007992502612342422,0,True
2020-09-30,2020,1.982106270853937,0.005652677382393441,0,2.077350989914656,0.0056429571695828995,0,1.1929685091923325,0.005450584203223586,0,1.1319212979901614,0.00676192958577219,0,True
2020-10-02,2020,1.7887802055986708,0.0023233761678160838,0,1.8450297984021893,0.002393206445367981,0,1.995409195455074,0.0048116930555696475,0,2.077935122930756,0.004722122510050759,0,True
2020-10-05,2020,0.022190298121389618,0.0017970243908746672,0,0.08205538828160502,0.0018555143774642829,0,-0.2085803116786217,0.003830450097605847,0,-0.30697186196585735,0.003849020559716315,0,True
2020-10-06,2020,-0.5177585874023329,0.0011997664547382567,0,-0.890896584746328,0.0024743921487022287,0,-1.3129797930015692,0.0017194325120737381,0,-1.7506807226405892,0.003933010564409869,0,True
2020-10-07,2020,-0.025512577700416594,0.001961629622752669,0,-0.3473782497487228,0.00476800552060561,0,-1.1832206097284734,0.0011302796256334436,0,-1.4954158779389286,0.0040973270423765905,0,True
2020-10-08,2020,-0.2712707531267634,0.00433443579388897,0,-0.006926669733055446,0.004969660259287687,0,0.009716662047572211,0.003929392664068096,0,0.04256071837117381,0.005094824625823123,0,True
2020-10-09,2020,-0.1311572327006132,0.0007925158641750122,0,0.029591166302346265,0.0008197220666747477,0,-0.634887937698796,0.0010782405881518743,0,-0.5541518900536806,0.0011497476821493943,0,True
2020-10-12,2020,-0.6432151847751446,0.0026353335609054698,0,-0.6185385489685138,0.004235218319282998,0,-0.22659448190310771,0.0015277351157932688,0,-0.21728476614342196,0.003943750495544993,0,True
2020-10-13,2020,-0.16086340794857024,0.004279715328709806,0,0.09339789049341318,0.0044288316613500835,0,-0.46046859897281056,0.004512010367904224,0,-0.10079198559626623,0.005234518189907257,0,True
2020-10-14,2020,0.10017302902065994,0.004872915608331379,0,0.12177626238919581,0.005616240027226498,0,0.33294963426936963,0.004177739163687238,0,0.3497413112703667,0.004904875759419742,0,True
2020-10-15,2020,0.815074533911412,0.0028327457180225483,0,0.9130313962037118,0.0033953927603357524,0,0.7565540974212741,0.0027324113534534906,0,0.7795139209040718,0.0032830406610454017,0,True
2020-10-16,2020,-0.6623517639065218,0.004275100267855532,0,-0.7872012584642097,0.006398322098846128,0,0.834050170246626,0.0028071448834468085,0,0.9563070472632725,0.003639484884127087,0,True
2020-10-19,2020,-0.7228249625159977,0.0011149609057960772,0,-0.7566129477540007,0.0032547090492614484,0,-0.5596926620086389,0.0011481662949943035,0,-0.3182204439579146,0.006502875047227016,0,True
2020-10-20,2020,-0.14941097467445186,0.02059989082957171,0,-0.1300235056971304,0.021697682118016457,0,-0.872886518113765,0.0028340898372219733,0,-0.6803282104839408,0.0036409754996024448,0,True
2020-10-21,2020,0.3583051834356829,0.003283285935453037,0,0.511023417888341,0.003916894328894355,0,-0.27263940708110046,0.006045584578795239,0,-0.2211603886225763,0.006283279567039115,0,True
2020-10-22,2020,-0.8119585412341456,0.004423148377768428,0,-0.826942832685427,0.0051530410618899096,0,-0.6100659439651774,0.010046407920046465,0,-0.6320735580516826,0.008877539181393772,0,True
2020-10-23,2020,-1.6533644099576223,0.0013032894008237778,0,-1.9223160458342758,0.005030817196709309,0,-0.302348280436614,0.0007055952024234983,0,-0.875978440269616,0.002421301864343135,0,True
2020-10-26,2020,0.9643995036458552,0.0029180441992704893,0,0.7419362255095736,0.002741533756076999,0,2.0492762277790497,0.0032908522201695583,0,2.1172576822330456,0.003473772514023217,0,True
2020-10-27,2020,-0.5468432899838873,0.0015553874395195795,0,-0.5005614174084954,0.001544314126455501,0,-0.32195488702322134,0.0016161816075889567,0,-0.3347240766800082,0.0016036823834669604,0,True
2020-10-28,2020,1.1709429677413388,0.003193227225584742,0,1.4487021093512853,0.0032262230036715985,0,1.5333213577608826,0.003955439439091959,0,1.5513568519648255,0.0037331989232447594,0,True
2020-10-29,2020,0.26858062916923053,0.002339869499393075,0,0.1540510938733668,0.0023621522129328404,0,-0.19567555087276212,0.001344616362500997,0,-0.31117711170163087,0.002185495578819057,0,True
2020-10-30,2020,-0.1849620702039385,0.003162010151506231,0,-0.07841078220032993,0.002777989967269218,0,0.34844493798839093,0.0020146454081237998,0,0.30961350368277696,0.002194304130187177,0,True
2020-11-02,2020,-2.105507586266198,0.006734296884887345,0,-2.080135027185716,0.00781445152722858,0,-0.6935701300349495,0.00770000368238798,0,-0.9547993430618742,0.008907697624277637,0,True
2020-11-04,2020,1.2878408475718524,0.0022006347324645265,0,1.3036354899769607,0.0026089595052139576,0,-0.8224821676473101,0.0027547756998147653,0,-0.62540726435353,0.0031869538632790027,0,True
2020-11-05,2020,0.7414145602232962,0.02790557594408521,0,1.3290616249993938,0.036468220617319656,0,0.6315439710990018,0.024624714873483756,0,1.298886071434886,0.02871724306116983,0,True
2020-11-06,2020,1.3246804526581535,0.005626738102429735,0,1.0268187423745267,0.005756001425760151,0,4.604918437236719,0.0032519077512679446,0,3.884860126626756,0.0032714053978329374,0,True
2020-11-09,2020,0.6705153686924734,0.0042200558814039,0,0.22311080765288827,0.00667146673942121,0,0.2458677655303685,0.0028882673547816306,0,-0.534125362433199,0.0051210294894871505,0,True
2020-11-10,2020,3.676405027177071,0.04376766031375296,0,3.1181056284050395,0.06191386025210805,0,2.7834709919043497,0.06843586016233712,0,2.636647767049023,0.08295417972626343,0,True
2020-11-11,2020,0.18815135763196134,0.015960513737215902,0,0.14843315451520578,0.015941578665972216,0,0.9440448093058236,0.014827646277487696,0,0.5367694115374375,0.014411157463538672,0,True
2020-11-12,2020,2.821467183455994,0.00328517697198039,0,2.924065171832286,0.003086875692597592,0,3.064499087409824,0.001724486294743336,0,3.0472293295421577,0.001878337189948085,0,True
2020-11-13,2020,0.6652232408603473,0.003044476333331157,0,0.7250055211401689,0.0030114436923536357,0,0.05226706676857118,0.0038087717953798634,0,-0.06853517222032313,0.0038007255056036805,0,True
2020-11-16,2020,-0.34715948926624124,0.0031897340014400703,0,-0.5787856668756003,0.003481100233320174,0,-0.15124481716794214,0.0034243469894986887,0,-0.313571931193801,0.003920909848443249,0,True
2020-11-17,2020,-0.032524158214733534,0.011439327558662863,0,-0.09376917109014138,0.014633777894873955,0,-0.34456475744841797,0.009765704640861746,0,-0.39008428510663085,0.010684083866056118,0,True
2020-11-18,2020,-0.9632563892528628,0.0017908860918995338,0,-0.7677716477579244,0.0025251697784045624,0,-0.797137265443064,0.0024092786098591523,0,-0.6318024210458991,0.0023268471200902285,0,True
2020-11-19,2020,2.4667702834119356,0.002190843651208481,0,2.452784923047289,0.002169620112964433,0,2.3547126236307854,0.0021194864942132097,0,2.226693131135293,0.002034544314428559,0,True
2020-11-20,2020,-1.3641400558752421,0.0047242375068867574,0,-1.4863656122472466,0.0050249090228781145,0,-1.5143770104399932,0.004325895548584076,0,-1.241346920691157,0.005421002614774783,0,True
2020-11-24,2020,-0.8962588436088186,0.005503338282107014,0,-0.8977209385133587,0.005787713133811571,0,-0.780537035679792,0.008556874274014345,0,-0.7912243476236571,0.008308337732491846,0,True
2020-11-25,2020,-0.22161581201226754,0.0020439478676555593,0,-0.27828228708498526,0.002145582350159911,0,-0.7399285209110544,0.0016518707998378255,0,-0.9033041236260744,0.002012896720045958,0,True
2020-11-26,2020,0.7357936766883508,0.0026075189717141016,0,0.6752594732178698,0.003149978582585599,0,0.8406215446172296,0.003724259819506317,0,0.8102071656649343,0.0038612299785576597,0,True
2020-11-27,2020,-0.32212597012430777,0.001670601750086343,0,-0.5260510807625938,0.0017291460708536172,0,1.0936207290366902,0.005221786578339121,0,0.9740014707068361,0.005838899804519089,0,True
2020-11-30,2020,-0.7402119632339852,0.007996807731524665,0,-0.6085941728527019,0.008753601110718625,0,-0.4988848562797143,0.020450392256076103,0,-0.4584413341319656,0.0265968138023279,0,True
2020-12-01,2020,-0.708464913596814,0.0038948597249489603,0,-0.6732675288818076,0.004070502733701763,0,-0.6874078140521979,0.0037048305075947363,0,-0.7244766410206255,0.003938065841072322,0,True
2020-12-02,2020,-0.33917187178588065,0.0019046652081829286,0,-0.35856808664792994,0.001922864209784775,0,1.2938845260811127,0.0023456817639661938,0,1.4508125329460795,0.0029131673652397013,0,True
2020-12-03,2020,0.5035367273969107,0.006056864205995964,0,0.31690720385143756,0.006179875386624352,0,0.5469042891213469,0.0050262955896935475,0,0.1769263169835269,0.005684491029838693,0,True
2020-12-04,2020,-1.905325953301413,0.0035109302603280657,0,-1.8380791752747285,0.0036611494755807365,0,-2.022247986019451,0.0054151902499170405,0,-1.9893789244298923,0.005872409550691897,0,True
2020-12-07,2020,1.0075847906169846,0.0013161309326674637,0,0.8259239523080681,0.0018029533682190817,0,0.14843397064332198,0.002315285081367523,0,0.08625285724192322,0.0025711567819171645,0,True
2020-12-08,2020,-0.46550172017640745,0.00288955444513975,0,-0.4202130669372197,0.002944650980264899,0,-0.5394105329920008,0.005493216158985418,0,-0.47804648859115073,0.005477987041010281,0,True
2020-12-09,2020,-1.5329359862498677,0.0059718334840453404,0,-1.6017591136667149,0.007836449001555676,0,-1.3005715098374828,0.005186322128823158,0,-1.375899083041575,0.008491079665672302,0,True
2020-12-10,2020,-1.6740212757204451,0.0018182256457188641,0,-1.6173929107118243,0.0030270474614710074,0,-0.9173848313148187,0.0017246171810695562,0,-0.9944375803018204,0.0026479734256777423,0,True
2020-12-11,2020,-0.8108445550582769,0.058945400908101374,0,-0.8343240358833693,0.05984969030046012,0,-1.165460313025164,0.05418317639967138,0,-1.2183274823029508,0.05572078108623374,0,True
2020-12-14,2020,0.06342201018562003,0.0016539981731702996,0,0.03158698512582522,0.0022277207705937575,0,0.2365281380146829,0.0019498573892487102,0,0.20068301738921895,0.002113916285173465,0,True
2020-12-15,2020,1.1527238295193112,0.0011178839813948374,0,0.6194064250243245,0.0012589696984105607,0,-0.08669344082956577,0.0008250379301203525,0,-0.8851003070595581,0.0011487864602294565,0,True
2020-12-16,2020,0.9257620868570482,0.0008580566995525537,0,0.7398900435021044,0.0009366717046252956,0,0.5457458749985644,0.0007402794278467426,0,0.5808755142669474,0.0007818681812880339,0,True
2020-12-17,2020,-0.5672672331435905,0.003095027536940423,0,-0.4683241077771073,0.0048938680883654564,0,-0.5158778436793617,0.003546738342550507,0,-0.42003422379638466,0.005793433765275516,0,True
2020-12-18,2020,1.9174819146414461,0.003194908892003839,0,2.0188200042414315,0.004865660955577171,0,1.8439775718022644,0.005091386836333907,0,1.9133107879143614,0.0056822347370503535,0,True
2020-12-21,2020,-0.42424640870931973,0.018622838533622673,0,-0.4321443838739861,0.018616585095045293,0,-0.8628939805363005,0.03256898426248722,0,-1.0208309855567308,0.032469068454824605,0,True
2020-12-22,2020,0.719006062063217,0.002435411715067116,0,0.5315194944490944,0.0028119372955698416,0,0.34436798876999997,0.0025202424166069215,0,0.11285913241427092,0.0027072738435164364,0,True
2020-12-23,2020,0.7323295957789273,0.0012483067555289465,0,0.46594756257697534,0.0029753909855921344,0,1.0300992786427157,0.001318853637646252,0,0.7559248472830651,0.00284277093805293,0,True
2020-12-24,2020,0.20119005216781846,0.0007044375209001848,0,-0.9949341986048233,0.0016234899956005593,0,1.768034463208306,0.0007699955576293978,0,1.2230050246380797,0.001631967511625945,0,True
2020-12-25,2020,0.3806928437688972,0.0011861568950663364,0,0.13924716061567644,0.0017821331848765299,0,-1.1960560436182344,0.002223586958128381,0,-1.3509110791683248,0.002308583742218723,0,True
2020-12-28,2020,-1.1243250865946848,0.009826567452139445,0,-1.1049205878693416,0.010104465151662292,0,-0.9983791910955809,0.011079004560323976,0,-1.0279706860849342,0.011781492806583194,0,True
2020-12-29,2020,0.15808330771974344,0.0016835471798013427,0,-0.0685824122279044,0.0019550698497624963,0,-0.16497146486630854,0.0020735919413331335,0,-0.5235512612534499,0.0023872542899304075,0,True
2020-12-30,2021,-0.6982084456326295,0.0015456397024928587,0,-0.6248974964384247,0.0016302165182256274,0,-0.5916499987284501,0.0018648491818704864,0,-0.5746876983046476,0.0019445332284622815,0,True
2021-01-04,2021,-0.5536269017128854,0.0038383757150508013,0,-0.5165968247178689,0.003938706132588237,0,-1.4927506857102701,0.0036938391981776357,0,-1.5737125182385434,0.0036126590296177573,0,True
2021-01-05,2021,-1.452909104140946,0.0023822721099187746,0,-1.5543619742122419,0.002379303584439734,0,-0.9856679921067311,0.0017756292309944611,0,-0.8842765205150809,0.001891017880915381,0,True
2021-01-06,2021,-1.375878697193969,0.0028668867537968504,0,-1.347554759693026,0.003305857940241964,0,-1.2391206940791277,0.003494814048214146,0,-1.1948533696733952,0.003779827213245463,0,True
2021-01-07,2021,0.6801178224491631,0.013854600429048361,0,0.6793553419831051,0.014102487346698653,0,0.7143208290885157,0.025454310072147587,0,0.697045272097703,0.02567331594882446,0,True
2021-01-08,2021,0.8967571362008644,0.0016069668230618446,0,1.2301922214135381,0.0013645409270907672,0,1.3722022996825567,0.0014296908249527872,0,1.291612098737763,0.0011947397425845828,0,True
2021-01-12,2021,1.2704636907844937,0.008816234847254226,0,1.3102303182025195,0.008383634020646688,0,0.5742363733369263,0.003279631319699865,0,0.6369120898327517,0.004243492849835135,0,True
2021-01-13,2021,-0.0949163537844453,0.004130831392882951,0,-0.12956270644356183,0.004187783051235786,0,-0.29437206450886466,0.0011214246643035325,0,-0.20884114814022114,0.0011695111380211275,0,True
2021-01-14,2021,0.3968168155218772,0.0016739103485313457,0,0.2584913778026688,0.002432751183824896,0,0.1639910136412004,0.0012157282471301227,0,-0.13350737718105563,0.0019445326990557602,0,True
2021-01-15,2021,2.864560874845304,0.008144479078183922,0,2.959576231967053,0.012334191240426829,0,3.283500420515119,0.0073065037829550495,0,3.4471204775995568,0.013812074942708327,0,True
2021-01-18,2021,1.2621639039400792,0.0010736304230116714,0,1.217028453559983,0.0011659025135247604,0,0.5052143751151249,0.0006314012995348937,0,0.5485027650759905,0.0007716018041012116,0,True
2021-01-19,2021,-1.0892380999619153,0.004470502204292118,0,-1.0831280502464802,0.004669848242406848,0,-1.2801562338974874,0.004302753144808236,0,-1.2395016977577873,0.0045124124466765555,0,True
2021-01-20,2021,-0.03971415850541338,0.001978528027024864,0,-0.13909461312118032,0.0025420478881412107,0,0.39339424577438736,0.0025060423266992085,0,0.4305322647831204,0.0033545414438940573,0,True
2021-01-21,2021,0.18829563253899284,0.0017834743111859131,0,0.2033191268344836,0.001794932581905663,0,0.5863323516962722,0.0016289014641905108,0,0.5327141623899658,0.0016325372596787575,0,True
2021-01-22,2021,-0.40612025392605844,0.0030398762444107516,0,-0.14799771401525175,0.006779804458177647,0,0.37992112171363046,0.0017243604915370646,0,0.6563763797638448,0.003605020512597346,0,True
2021-01-25,2021,0.2785490808241382,0.0007305180264280323,0,0.30367463193478605,0.0009923712496550463,0,0.4367934538134328,0.0010848024494120767,0,0.454649537425705,0.0011377679178445242,0,True
2021-01-26,2021,0.2379674632695717,0.0024475342762515446,0,0.25298633916581725,0.0024559760568486945,0,0.18813960203890115,0.0018678024225338772,0,0.1802435269634694,0.0018850956037627844,0,True
2021-01-27,2021,2.131375036316045,0.0011626769426726878,0,2.3010971803684073,0.0013868716468729667,0,1.6101984388632613,0.0014009668250631096,0,1.7259479260488226,0.0015662473322278993,0,True
2021-01-28,2021,-0.2136799867056427,0.017032491734664253,0,-0.2304829385699474,0.023055383536530274,0,0.09624041048532406,0.01809185522707547,0,-0.0676031268000099,0.03260653149430523,0,True
2021-01-29,2021,0.5632778270670031,0.01784411695854997,0,0.5284327209670843,0.017934200056581025,0,0.289543659846232,0.010847610978297067,0,0.20889725479081145,0.011182699637065382,0,True
2021-02-01,2021,-1.3720091977849806,0.006120959566536701,0,-1.3866539790423937,0.006263444055934073,0,-1.5249859577903628,0.012883079393114656,0,-1.4253802622174208,0.013454078428371248,0,True
2021-02-02,2021,0.17201856330517093,0.0015039736077006184,0,0.2377153863567855,0.0030750305841277924,0,-0.25972616496313844,0.001970609161684204,0,-0.2516343262501085,0.003488200272369524,0,True
2021-02-03,2021,-1.1127273305203071,0.0038868268606019234,0,-0.9516317377554926,0.004316337612958255,0,-0.9472304921290498,0.0037275996324951507,0,-0.9587700096608067,0.0037151086134497883,0,True
2021-02-04,2021,-0.7437819598738238,0.006341315056284691,0,-0.7823611996241602,0.006278846608258962,0,-0.9741904682145017,0.0036799808478654833,0,-1.0193709158875313,0.0035962749295449757,0,True
2021-02-05,2021,0.10515038709167404,0.0014252292558201076,0,-0.18102465149727953,0.0016548860191448777,0,-1.3556968659890833,0.0019139558934108947,0,-1.5278220001625764,0.0021272907485785776,0,True
2021-02-08,2021,-1.0300180222909794,0.0018989088313469003,0,-1.2223224222183924,0.002366527667082035,0,-0.5013624334588056,0.0016581515410161245,0,-0.6517521608775664,0.00169054894612372,0,True
2021-02-09,2021,0.36266686198195713,0.0015945025686011946,0,0.5446654390319153,0.004031816344914495,0,1.2899303001965772,0.0023836905621170417,0,1.0388754599781922,0.0047885265172086106,0,True
2021-02-10,2021,0.7136278255836853,0.0037741325995117505,0,0.6620356777024679,0.004264562466370881,0,0.24713895810312025,0.005218792784129135,0,0.3638488347967217,0.005573265946543189,0,True
2021-02-12,2021,-0.6477139895940193,0.014151493955577145,0,-0.667152879413393,0.014544248120633999,0,-0.5107612105950049,0.01272138851980781,0,-0.5007828861125762,0.012926468701570772,0,True
2021-02-15,2021,1.1541981917697886,0.0031344113901539995,0,0.9683062646050209,0.004178232921108149,0,-1.4606658618021577,0.0016205239013265937,0,-1.4294009367375342,0.0017005393469136764,0,True
2021-02-16,2021,-0.7859619268567473,0.006864435396134618,0,-0.40905576987583814,0.01189936646034347,0,-0.6349633541836233,0.005966221488468295,0,-0.3474617801469253,0.012782409725860332,0,True
2021-02-17,2021,-1.284975987931482,0.008860207590823227,0,-1.2509246285494615,0.008673428277861309,0,-1.1965383760649753,0.008766631732972664,0,-1.218410206297427,0.006367373971598837,0,True
2021-02-18,2021,-2.8142923450466917,0.004958126806547549,0,-2.661191497102964,0.0030189983101150284,0,-1.333209664000609,0.0027906659886723323,0,-1.641742100617099,0.002452463455961587,0,True
2021-02-19,2021,-0.7964256324724694,0.001976113771540471,0,-0.6011926695106471,0.0015554866379811699,0,0.5995493328135373,0.0026028798919943857,0,0.5233573145875854,0.002588645105537927,0,True
2021-02-22,2021,-0.15634568033907348,0.0018482450021936217,0,-0.12773601164786275,0.002837534433594685,0,0.2565873997555762,0.0019807544085564364,0,0.2975102501673865,0.002026687018958024,0,True
2021-02-24,2021,-0.44644483152169245,0.0028242288460044312,0,-0.42727876668018805,0.0050357710211219354,0,0.5042029344609764,0.0028862319924348096,0,0.5094993415078646,0.0037593068476921066,0,True
2021-02-25,2021,-0.4507207595291032,0.0020830033328853004,0,-0.4074544742014927,0.002125819206486874,0,0.012749138878597854,0.0012496641738941135,0,-0.0689615100097214,0.0013409233447324689,0,True
2021-02-26,2021,-0.4774319361122419,0.0027663259864767094,0,-0.7639678302448293,0.00601116845202565,0,-0.8899616658713665,0.002690842431991086,0,-1.0875977221867887,0.004884080296780559,0,True
2021-03-01,2021,3.210038272929399,0.0024156938393951255,0,3.1919164976111682,0.0027096706360112324,0,3.0764422702634673,0.00403944169088132,0,3.1785566798018436,0.004296983070682433,0,True
2021-03-02,2021,-0.9413565559324242,0.0013225836195843983,0,-0.9119245869645825,0.001337064840076251,0,-0.6615239336988697,0.0014190737630169635,0,-0.6368633186792589,0.0014699401178855016,0,True
2021-03-03,2021,0.22315802839339363,0.003193863646240829,0,0.1272417082436893,0.01017889310580361,0,1.5544272513668562,0.0025363786248736434,0,1.2172759629731513,0.012480906689277276,0,True
2021-03-04,2021,-1.818912557479205,0.004433605739278778,0,-1.7468598226424228,0.004451914400364164,0,-1.49956428455559,0.0025940098324872107,0,-1.3315676525796536,0.004332733140088713,0,True
2021-03-05,2021,1.036784096962995,0.002198825261689513,0,1.0565959515957166,0.0022882258984546397,0,0.7334244695445897,0.0021494968484908777,0,0.8719010440951163,0.0023085203790118884,0,True
2021-03-08,2021,-0.2995813542493929,0.001672075849149019,0,-0.48982854755236227,0.003728348433949508,0,-1.0410658643068704,0.0014155947133165116,0,-1.0235731589685166,0.003548190100112764,0,True
2021-03-09,2021,-1.0532650889830566,0.008497970440016158,0,-1.174897256371873,0.008679670162430903,0,-1.1114930330270092,0.006160458696540715,0,-0.9329967196114681,0.005300607326630681,0,True
2021-03-10,2021,-1.990001552302397,0.0036017750033605052,0,-2.5049403925599596,0.007467867937461362,0,-1.047072466898195,0.00867295539593143,0,-1.3528913097323998,0.011087636224114095,0,True
2021-03-11,2021,-1.8493205517978353,0.0021286272859198188,0,-2.081396255541646,0.0023950840254730638,0,-2.085919138740792,0.0013214744897306872,0,-2.2751933083808553,0.0015167304136580672,0,True
2021-03-12,2021,-1.253684920478196,0.0027013183123313104,0,-1.2470104816346457,0.0028925178525067556,0,-0.7036546356069397,0.0036264272342108584,0,-0.7493933417871923,0.003690129843693236,0,True
2021-03-15,2021,-0.5978020425342394,0.001032259852875698,0,-0.4937200737237142,0.0012499599818318373,0,-0.4675258342840777,0.002455550332093308,0,-0.3164301684460016,0.003583042751480881,0,True
2021-03-16,2021,0.3170729367758629,0.0015890721160237461,0,0.3878535927197839,0.001622353562788827,0,-0.435002857347627,0.002065274075057158,0,-0.4439415335567769,0.002205661554577955,0,True
2021-03-17,2021,-1.8972561522415965,0.006183883799194653,0,-1.8537491939166941,0.006188071837200311,0,-1.0197265454424778,0.005285210880115411,0,-0.9371771242378605,0.005483942455942189,0,True
2021-03-18,2021,0.37460746065617734,0.0018884197126806637,0,0.18569217729336573,0.001985356618303411,0,0.5637429880979726,0.0038167221780915804,0,0.5160760326063005,0.004028058921572574,0,True
2021-03-19,2021,1.6754632267035334,0.001173405230943966,0,1.5488370377357592,0.0028231415590077177,0,-1.0074504886910134,0.0018377576217744592,0,-1.20026837740118,0.004207995587725638,0,True
2021-03-22,2021,-0.5122836393128072,0.0015853246871722932,0,-0.5744989198554906,0.001734518847593068,0,0.4316384761196552,0.0016054604769031768,0,0.4369230961408359,0.0017292590058705444,0,True
2021-03-23,2021,-0.07951101434971575,0.004997706182601875,0,-0.3508177259522336,0.008558315059299475,0,0.13140101992135023,0.005080077814449031,0,-0.044178890473864474,0.007962807328476476,0,True
2021-03-24,2021,-0.19728074454019806,0.003322241672571608,0,-0.23766690921845912,0.007782176264903369,0,0.5342602412912179,0.005943324706931016,0,0.5535317245158087,0.007473516472337495,0,True
2021-03-25,2021,-0.44628531740865696,0.004606830492705546,0,-0.47500845854992446,0.004623420140828166,0,0.7019862833936046,0.0033777917496793856,0,0.7239558125198199,0.00397068219791111,0,True
2021-03-26,2021,3.2689308520519345,0.0012196837575380228,0,3.268574416656852,0.004225701036540884,0,0.6989048933959674,0.0012657971783194587,0,0.8322401952873575,0.0057656636206415745,0,True
2021-03-29,2021,1.725524589651314,0.0028315805391544322,0,1.6974139790144074,0.01043320286838203,0,1.6027920948797558,0.005325247060018869,0,1.6169831412347155,0.014367521304688921,0,True
2021-03-30,2021,-0.09366167452918725,0.0031668209879825433,0,0.09017318098924504,0.0037355576528324734,0,-0.21564624514892683,0.008296602167983494,0,-0.22244408613290012,0.008358759635188494,0,True
2021-03-31,2021,0.8846346013256188,0.0016959077853717268,0,0.9481329362004001,0.0023868640977547013,0,1.8559041623813717,0.0018212381453889751,0,1.7441396357941505,0.002512144484668273,0,True
2021-04-01,2021,1.1684740413664354,0.0018029664688351348,0,1.113043333598064,0.002218276377395887,0,0.5691629959324525,0.003342621154014373,0,0.5018170971724589,0.004092398389697295,0,True
2021-04-02,2021,-0.42015481096383045,0.00200830915640242,0,-0.4510199069622054,0.004514126593128528,0,-0.8421400484186119,0.00332757156149928,0,-0.865890212015993,0.0054424422977096985,0,True
2021-04-05,2021,-1.0799793221390814,0.0031992042817389657,0,-0.7631823193116283,0.004426119546112887,0,-1.2658336717565037,0.003935350504794661,0,-1.2336986491263295,0.004544318977710157,0,True
2021-04-06,2021,-1.199348684392823,0.0016132147826731717,0,-1.0851189553441505,0.002659906680795321,0,-0.7841842774420789,0.0021302238030544212,0,-0.8770317710206545,0.003001155157926951,0,True
2021-04-07,2021,-0.015026344092383681,0.0006962817237786199,0,-0.01915449275363601,0.0008698240788634679,0,-0.4633274837674775,0.00042745859615367197,0,-0.13857000125422897,0.0005275395946213465,0,True
2021-04-08,2021,-1.9042811566439295,0.002145043281040453,0,-1.9166767744482924,0.002251604921376971,0,-1.8284048434991274,0.003777358233698863,0,-1.7776983421550532,0.003881540650529153,0,True
2021-04-09,2021,-0.1039433227659623,0.0008329023554190731,0,-0.13571462933884368,0.010009672251733229,0,0.29717554703143223,0.0008555728396353011,0,0.3404227262529877,0.0033620998483084247,0,True
2021-04-12,2021,0.2082351475437643,0.003153816576711946,0,0.22345033828871094,0.0033860192712398653,0,0.2570566302265422,0.002093697289490027,0,0.266409948803306,0.0020934382046802185,0,True
2021-04-13,2021,0.0075697177158317586,0.0027416618512774884,0,-0.03550882642905309,0.0027745255651178305,0,-0.07937527835978325,0.0027813764375399334,0,-0.09252628874267632,0.0028197284643425077,0,True
2021-04-14,2021,-0.04299407245866027,0.0010398905417700905,0,-0.028133365067072535,0.0010464666544216445,0,0.5457630919452916,0.0007969833475465589,0,0.4185088293134535,0.0012511492666502238,0,True
2021-04-15,2021,-0.8387908464292458,0.002951476570764315,0,-0.9475451117154412,0.0033458188526537046,0,-0.6466837614398442,0.004857382253320264,0,-0.6303700888628121,0.00500333502595695,0,True
2021-04-16,2021,-0.5672879772445207,0.0015279704426352455,0,-0.6033854655056672,0.001529317055388144,0,-0.22587730659638527,0.003649600619337804,0,-0.26426155058223566,0.0036645886880683257,0,True
2021-04-19,2021,0.27780291838665194,0.003809233895333232,0,0.22245897990778873,0.005175490880834008,0,-2.582738647711103,0.0036141044310349954,0,-2.503584615831898,0.004068596924907737,0,True
2021-04-20,2021,0.8924213423283818,0.0019591768364244605,0,0.9279103669633129,0.0028091481899475738,0,0.18870508250306628,0.001463475024181713,0,0.2042891277965393,0.00206449891958228,0,True
2021-04-21,2021,0.07357766233904339,0.0006935593268903987,0,0.011362866964759633,0.0007474276044719668,0,0.032777428367968264,0.0010449797149605744,0,0.06475751989869116,0.0011666042309385622,0,True
2021-04-22,2021,-0.00907017140128702,0.0034960488253505573,0,-0.18235892095295658,0.004906100359529161,0,0.5334809959801795,0.0021455206683673785,0,0.3300950498998729,0.0028801172813479182,0,True
2021-04-23,2021,0.06503345526002169,0.0012972385237591823,0,0.20184800061332198,0.002861834521418301,0,-0.0629456346391346,0.0012408526556600445,0,-0.05847492122486164,0.001406801537897125,0,True
2021-04-26,2021,0.18290191219157226,0.0032732521893463606,0,0.24883421028783892,0.004299576360527056,0,-0.21395862298688662,0.001641904345524173,0,-0.33345870267920785,0.0028390241511050737,0,True
2021-04-27,2021,-0.828111190597252,0.001728116139946506,0,-0.7755468268911877,0.002056681594770071,0,-0.12830639658696702,0.002007705569648707,0,0.32493714306641075,0.0017970725848507707,0,True
2021-04-28,2021,0.43048331593832123,0.015950027889424886,0,-0.2693837834356949,0.015811783352267662,0,0.3981215639958011,0.020914445703451398,0,-0.3135780982656109,0.019589164397787007,0,True
2021-04-30,2021,-0.12846514311378332,0.006029087157792743,0,-0.05346293044778405,0.008009903174898702,0,-0.3013589640677712,0.005908770573428953,0,-0.28289200843529305,0.006224433016137209,0,True
2021-05-06,2021,2.072527810471357,0.0024161951439226983,0,2.113886389504365,0.0024626012706940605,0,2.260752138681365,0.0020569675918928085,0,2.288631111878253,0.003164372769688097,0,True
2021-05-07,2021,-1.3843111371997736,0.08063721939708532,0,-1.362617679854936,0.07507544311257254,0,-1.1325468274999277,0.0014701383570851028,0,-1.0667633443073163,0.0014600232789285135,0,True
2021-05-10,2021,1.06416820396639,0.003497173391008013,0,1.0642803983308964,0.004234584405852431,0,0.7941831976000748,0.004458412498989622,0,0.8414991947616848,0.005508815384375193,0,True
2021-05-11,2021,-0.11316783850632861,0.012412604246789164,0,-0.24144070259790196,0.011231285645975364,0,-0.5270096601054908,0.01305475987643583,0,-0.5249248510520537,0.012890597651904446,0,True
2021-05-12,2021,0.9431294094147789,0.00830612515376655,0,0.8552575223239778,0.012247120649139858,0,1.0360187800626468,0.010808523946313152,0,1.0098669437861618,0.021611566251518832,0,True
2021-05-13,2021,-0.06393101061959394,0.005531785670114304,0,-0.20075361202787123,0.004704863229180518,0,-0.7617139029480265,0.007506953342051355,0,-1.1513498403317297,0.011822476592435469,0,True
2021-05-14,2021,-0.20241602892976385,0.002996882360064078,0,-0.33329293538138804,0.003525107542170651,0,0.452141626601966,0.003730545312041062,0,0.24118727682284202,0.005340602916663017,0,True
2021-05-17,2021,0.40313023890911914,0.012729773031849165,0,0.5735137303139345,0.00515527592212404,0,0.027948413362781623,0.01815424915981081,0,0.2154666383023514,0.009648261635749658,0,True
2021-05-18,2021,0.07834396834243917,0.001416378212424502,0,0.18509114417740324,0.0011772272250082547,0,-0.40782041292470717,0.0016685930258428688,0,-0.3228707241018076,0.0014365291692742747,0,True
2021-05-19,2021,0.12913479366432867,0.001711929688628882,0,0.13661857060108662,0.0028524729844210442,0,-0.3340246649219312,0.001984040825410695,0,-0.33919649948194014,0.002740171970509474,0,True
2021-05-20,2021,-1.3850902902239206,0.003360342791941156,0,-1.4535326232902963,0.003431483625234592,0,-1.3994389095459874,0.0031259625196034843,0,-1.3665112076760302,0.0031386715759348428,0,True
2021-05-21,2021,0.5884490914843847,0.001678305990311923,0,0.8243177562025432,0.00480121727235933,0,0.23744036112514183,0.0027286330031379953,0,0.11313213692114776,0.006283050429584249,0,True
2021-05-24,2021,-0.31909769616792755,0.0024594514313988213,0,-0.263919185384683,0.002689801904801997,0,0.039669169103873636,0.001417082418838808,0,-0.0025225574972149167,0.0019053155530791832,0,True
2021-05-25,2021,0.9573601382158419,0.002123197295749907,0,0.8298891906179812,0.002133563813657036,0,0.2655835673869682,0.0018898397718136771,0,0.32590851355758277,0.0020044777639611887,0,True
2021-05-26,2021,-0.009379442649381176,0.004041897934335535,0,-0.004089599548550371,0.004098385390978534,0,-0.008925971261231513,0.004695629934101866,0,-0.030425808102711116,0.0048492878298543,0,True
2021-05-27,2021,-0.9077571607040766,0.004936871296415269,0,-1.0515515222884801,0.0068248355041674305,0,-0.7514767683652319,0.0044193110852392675,0,-1.0149332106817852,0.007980983651067627,0,True
2021-05-28,2021,0.07346042103551598,0.0007797898996353474,0,-0.011370563961909053,0.004022939598291121,0,1.0361645795455514,0.0009209603428691711,0,1.1351148138366254,0.0028313384952245134,0,True
2021-05-31,2021,-1.055054155766463,0.0035527870648436725,0,-1.0755050323074535,0.003575365175786015,0,0.0799144077231343,0.001895541434965303,0,0.11323261637943738,0.001888167557183426,0,True
2021-06-01,2021,-0.546893333755121,0.00047013975546412675,0,-0.8645671545786939,0.007954868983197583,0,-0.3124838559064571,0.0005364035629595461,0,-0.5252101294980134,0.004823894492721326,0,True
2021-06-02,2021,-1.2980034824127578,0.002421741113948769,0,-0.8616451229538651,0.009303895200922485,0,-0.7334951673093034,0.0024327331666503817,0,-0.7243016696149627,0.012918663266352378,0,True
2021-06-03,2021,-0.6936963974998926,0.0006955191774223499,0,-0.609266336195992,0.001845606680445005,0,-1.0540162397736976,0.0008985790736770869,0,-1.1516595954675972,0.0013333100439083556,0,True
2021-06-04,2021,-0.09161312745704286,0.0017170232381996577,0,-0.21426170667682798,0.003784740324444843,0,0.08437725009804908,0.0019441361671073988,0,0.08304988816025571,0.004082524439340161,0,True
2021-06-07,2021,-0.5455976034527424,0.0012806728591621284,0,-0.4393335213549737,0.002766600418161959,0,0.0027637782064174887,0.0012241884124990189,0,0.06968124309578513,0.0021071353629532425,0,True
2021-06-08,2021,-0.6552135407886257,0.001815445474496844,0,-0.7129116036539117,0.0029502791097592114,0,-0.8397145580579004,0.0027050170722645707,0,-0.8246814980196104,0.003896195165793037,0,True
2021-06-09,2021,0.577284999373896,0.0013131566970102733,0,0.2532049873097526,0.0055747468334834275,0,0.5579825989014415,0.0014663760948878297,0,0.20560661747056436,0.0044879280599280065,0,True
2021-06-10,2021,0.18880564268007216,0.002150776545374282,0,-0.054471406073593576,0.00435529467326208,0,-0.34555490064876115,0.0018551705266643503,0,-0.33405000013242747,0.00500009114793461,0,True
2021-06-11,2021,-0.16923111346428954,0.001112368725092647,0,-0.2329687025059155,0.0013291911813448959,0,-0.2694306281545853,0.001320569205452753,0,-0.26930257239661415,0.0013544313099770004,0,True
2021-06-14,2021,0.08751696792651098,0.002125823168875258,0,0.16271534820006273,0.002213880329348874,0,0.7110681949171382,0.003361707851101386,0,0.8110370796146809,0.0038411931845167098,0,True
2021-06-15,2021,-1.3458802316848644,0.0024763940288695676,0,-1.349855264549375,0.0025346393231619048,0,-1.932396370533942,0.004705918182667646,0,-1.9128429821190744,0.00501003631499313,0,True
2021-06-16,2021,0.7067244752369526,0.0026768507965637535,0,0.895572169728591,0.00368281559987693,0,0.4812827403106976,0.0011746847906753996,0,0.862588254452852,0.004544830545807168,0,True
2021-06-17,2021,-1.1389011041969481,0.0029445471235705714,0,-1.1444458657800363,0.0028400375431515907,0,-0.9168537155145207,0.005926089164130249,0,-1.072503727078304,0.006106629323949388,0,True
2021-06-18,2021,-0.44916789320521655,0.00367067678627516,0,-0.9852740484509983,0.007333062933125633,0,0.20200221145378272,0.0031295472425429812,0,-0.12873931696432894,0.006184906998871063,0,True
2021-06-21,2021,0.9168738307642135,0.0031207451886425923,0,0.8912645726702083,0.0032743606975566006,0,-0.17468639929683588,0.0011039842213824867,0,-0.14604323030670927,0.0013021247730168933,0,True
2021-06-22,2021,0.08092503481050839,0.003468043775674264,0,0.13405228398916946,0.004286524224594082,0,0.605643125891768,0.0019178720293406158,0,0.52526674323784,0.002816465793628773,0,True
2021-06-23,2021,-0.00478767476319053,0.001934060727292468,0,0.01979955107686071,0.002730523614565874,0,0.3044184123110978,0.003203640713374619,0,0.4235696197598178,0.0036479106480994568,0,True
2021-06-24,2021,-0.403254066683868,0.0010503173464782288,0,-0.3676333819386228,0.004425122261644233,0,-0.32155171980248887,0.0008909790304693669,0,-0.13956877830532965,0.005085399974695159,0,True
2021-06-25,2021,-0.6927590940398456,0.000579594046924454,0,-0.6723810102543345,0.0007944580414714642,0,-0.9049756092031209,0.0007146123035820246,0,-0.45604649368183137,0.0009052633099935358,0,True
2021-06-28,2021,-0.2690390387325083,0.0010919685751124128,0,-0.38063303463723464,0.001180296194662861,0,-0.4092985132127802,0.0008306832199666721,0,-0.45675900643482525,0.0008840406349607522,0,True
2021-06-29,2021,0.7117106350264808,0.0011829281183124195,0,0.1534268928272291,0.0013798810908516735,0,0.9054607069342575,0.0023745325567166233,0,0.7037824398201173,0.002353223951243795,0,True
2021-06-30,2021,-0.17321903853067222,0.0018192853398999282,0,-0.15091801501467672,0.0021572353091845486,0,-0.2652563458926087,0.002015738364119752,0,-0.28812214569274097,0.0023328522815343738,0,True
2021-07-01,2021,0.3436231405203871,0.001121831486758717,0,0.35978553248665107,0.0011718244951450447,0,-0.26730243810563886,0.0016404189919993057,0,-0.2614839538611777,0.0016353147221388087,0,True
2021-07-02,2021,-0.3975549031084886,0.0006526233718203707,0,-0.4114935913832559,0.00167078089987355,0,0.24428157653304378,0.00048302065872870317,0,0.3838290033052467,0.0021745672865639354,0,True
2021-07-05,2021,-0.028097467383564334,0.002703061270626484,0,0.1380848590334014,0.0030530489615951794,0,-0.1944545424439752,0.003718415822233699,0,0.0683317666203731,0.004032709957643815,0,True
2021-07-06,2021,0.7364139279893842,0.0026294318099597627,0,0.8815388610735693,0.0030284177619109677,0,0.3958703477003005,0.0013573505920005818,0,0.5793951336676431,0.0014336329618547916,0,True
2021-07-07,2021,1.382004869477142,0.0006987634906153178,0,1.3116358530624104,0.002604598131302146,0,1.1525740765816161,0.0010479204339735116,0,1.2239775679939005,0.0015825611419425746,0,True
2021-07-08,2021,1.1969214329419375,0.0016077515197457147,0,1.2887400701483829,0.0018986943210309753,0,0.46511029611983457,0.0017901832839306259,0,0.6221750531729042,0.00227409996554045,0,True
2021-07-09,2021,-0.7270558680420229,0.0018927524045617436,0,-0.6353850429039432,0.002029301550119409,0,-0.5592700392969367,0.0016063144130801807,0,-0.43847856948098607,0.001916244317174154,0,True
2021-07-12,2021,-0.6721405210709804,0.0018505307325232805,0,-0.9107616341985462,0.001768636970952067,0,-1.033075352126976,0.0015227490275902375,0,-1.1867422057324246,0.0015841187393139397,0,True
2021-07-13,2021,0.44328725595139895,0.00465145525961215,0,0.5184300283050789,0.004922424976868842,0,0.09130209877567497,0.005168005422873004,0,0.09115036974315771,0.005086146018264325,0,True
2021-07-14,2021,1.0573622689366786,0.0007549261431588611,0,1.0255175113266088,0.004969238516754364,0,0.79496595705645,0.0009145704884075195,0,0.8770988214064741,0.0026507643154196087,0,True
2021-07-15,2021,0.6917130764657324,0.001111510344418453,0,0.6551279620704258,0.0024816470916666383,0,0.6051664190192634,0.0011006876894145547,0,0.5777114359074664,0.0023309772249511004,0,True
2021-07-16,2021,0.5033621427503427,0.000681490004602907,0,0.5106217736212069,0.0005999104254975307,0,-0.10150844774751455,0.00035010184467055427,0,-0.3022666940311405,0.0004429122745135493,0,True
2021-07-19,2021,-0.1767830001312154,0.0011636108357801172,0,-0.360994529094971,0.0013990097536320854,0,0.3848386600899767,0.000926241913569027,0,0.27508578463052125,0.0017393804606726198,0,True
2021-07-20,2021,-0.9432165462818862,0.0018845281711673482,0,-0.756163844003297,0.0028547570150905615,0,-0.25422788774430494,0.0033719810344544493,0,0.04467172630706129,0.0033179553001188022,0,True
2021-07-21,2021,0.2516101485506972,0.0009849710660830458,0,0.18167091418350978,0.002434572281062186,0,0.14237802237405406,0.001308341814104265,0,0.2753703896440145,0.0013307302765835985,0,True
2021-07-26,2021,0.2812371211141431,0.02976469813689169,0,0.26660648108085794,0.0335989444529186,0,0.011910760127001208,0.001580739128421398,0,-0.14703480825309923,0.0074536447194209635,0,True
2021-07-27,2021,0.9450603392044408,0.0018421792350521529,0,0.9242989543186122,0.002510701785488922,0,1.0285688755938989,0.000981932654846379,0,1.139094306203627,0.003160073482040414,0,True
2021-07-28,2021,-0.9214237591752847,0.0019522161951908649,0,-1.015414133698418,0.0026347406394944496,0,-0.46818878759233407,0.0021448023118296696,0,-0.5002068004890861,0.0033134751665562815,0,True
2021-07-29,2021,-1.452331368458796,0.002359796098819875,0,-1.3552870690182663,0.0027715984756278423,0,-0.6656721997922843,0.0029360205435038267,0,-0.7197778758163369,0.0029461439511535045,0,True
2021-07-30,2021,0.7331672179090225,0.0021671755073254728,0,0.694212454610278,0.00260421250723324,0,1.096945914213534,0.004114408823148141,0,1.0835804012563717,0.0048236306423430205,0,True
2021-08-02,2021,0.9511143469589045,0.005882196052176402,0,1.3735518038169066,0.005709297952459952,0,0.6037689868717624,0.015049664204783307,0,0.6595640354863785,0.015218178871414662,0,True
2021-08-03,2021,-0.6207670494094709,0.003505082671843426,0,-0.6164175471699334,0.0034046306146329874,0,-0.10760304119354641,0.0038937942828658695,0,-0.0900370018317046,0.004394951030664128,0,True
2021-08-04,2021,-1.2395770430771158,0.0023727227136558188,0,-1.080554143841319,0.003691224145638411,0,-0.8359491092313199,0.0033004046750818835,0,-0.46626402561479163,0.0037236326899676687,0,True
2021-08-05,2021,1.699584446857958,0.002171158495741462,0,1.7117439582567895,0.002241253847322109,0,1.6572997213960847,0.0014778171854918228,0,1.508286292205331,0.0015256963246771808,0,True
2021-08-06,2021,-1.6077796326078664,0.06804529421140208,0,-1.1237946980455693,0.003309157096997391,0,1.0008259848415115,0.02763092513905706,0,0.8712646962677904,0.0030102793791314027,0,True
2021-08-10,2021,-1.7511836413495716,0.04609325876374516,0,-1.720757667503921,0.03552153147741836,0,-2.2926982981770414,0.046131923107904656,0,-2.3068454720619567,0.02284656767910044,0,True
2021-08-11,2021,1.1937319689548054,0.1041801607737805,0,1.084467805833022,0.06331620973028645,0,0.5973260134201201,0.04277407324583807,0,0.508350946343469,0.05294855241788623,0,True
2021-08-12,2021,-0.5155557556316146,0.006650249577968119,0,-0.2508322688327822,0.14944952393715003,0,-0.7272012916021513,0.004685985092435595,0,-0.41610256882125185,0.05116355732456184,0,True
2021-08-13,2021,-1.78742678236621,0.005909518186606916,0,-1.8020170537544842,0.006335104325105849,0,-1.7165714773611362,0.009187765124925418,0,-1.7007473033004328,0.007840245416334794,0,True
2021-08-16,2021,-1.8386435451819378,0.010161343134736114,0,-1.9348759817271333,0.005055761670214127,0,-1.8576256002105784,0.010485220708136107,0,-1.8790461529965385,0.0033624412471665093,0,True
2021-08-17,2021,0.10101317240143137,0.014059503067920408,0,0.10402313239509997,0.08429910262267144,0,-0.2801197853655055,0.014893179758482863,0,-0.19008406234642372,0.030321683515742402,0,True
2021-08-18,2021,0.1011966796071091,0.004248307077409532,0,0.033555531215222256,0.006261048604439301,0,-1.781264904552411,0.0068192226892061815,0,-1.5552365908757082,0.009979127295341842,0,True
2021-08-19,2021,0.22580577916212663,0.0036056755713197814,0,0.2917450967596409,0.006050274430827006,0,-1.231676451012968,0.0018150579964407714,0,-1.1916364612508183,0.0021716035665442827,0,True
2021-08-20,2021,0.022897793610777928,0.0025057765674262344,0,0.046349443457379014,0.0025190893243472773,0,0.9206873420285109,0.0032310916323368623,0,0.9070778997793902,0.011665717255048919,0,True
2021-08-23,2021,1.2590648499874995,0.0009401125478832532,0,1.2767626401844627,0.009077163153985239,0,0.6116168397853271,0.002371231188469414,0,0.7199738860123726,0.002356604125338832,0,True
2021-08-24,2021,0.03605290494087787,0.0018735178887146835,0,0.016489779994156906,0.02620980103357284,0,0.834664854938485,0.002323123212767494,0,0.8472609569767806,0.02082884306117199,0,True
2021-08-25,2021,-0.7044834509194634,0.0014234950275695145,0,-0.7098060112380958,0.002798866155664268,0,-0.42270772731618494,0.0005890195018252775,0,-0.42360683199891075,0.002236403464279939,0,True
2021-08-26,2021,-0.10282435224414144,0.001499588271386983,0,-0.17588432158058476,0.002544941431735546,0,-0.08778535518976938,0.0012434754889509877,0,-0.04331014399242239,0.005200696913039392,0,True
2021-08-27,2021,-0.5852975181854301,0.002267946199098722,0,-0.5347778454922287,0.020798243144571422,0,-0.13922735144282794,0.0023834069779394853,0,-0.20318215972276954,0.018881508157611155,0,True
2021-08-30,2021,0.6438588090783284,0.0029077881177386614,0,0.7374084921508068,0.005123953143709527,0,-0.39890925395645005,0.005674720538406312,0,-0.2999923483856466,0.016563180108834476,0,True
2021-08-31,2021,0.6967390892449719,0.0019334194519056212,0,0.6388927967356441,0.018684524886253346,0,0.5130431796884359,0.002112318051054738,0,0.4787455251232141,0.021264999915137327,0,True
2021-09-01,2021,1.457271475843744,0.0011956528846778101,0,1.47090475224485,0.008100966571431834,0,0.8340577702802987,0.002017564349594317,0,0.7565180284141606,0.011368479737869771,0,True
2021-09-02,2021,-0.49258896294117527,0.0010374946015598377,0,-0.12986081030737484,0.0011036881861160028,0,-0.23748558586461033,0.0017015702113472744,0,0.07085036846037074,0.004090015247013562,0,True
2021-09-03,2021,0.7169283128338971,0.001233590298566816,0,0.7174050416361626,0.052504777572560106,0,0.7352914766129688,0.001703126783059271,0,0.7956023617974979,0.04470764300862788,0,True
2021-09-06,2021,0.05216762510178885,0.0008824165764244597,0,0.08706205072042894,0.003127230535800171,0,0.17923618835074073,0.0014003323612331528,0,0.2595422690749545,0.0054091305801989755,0,True
2021-09-07,2021,0.1265032307609224,0.0044850857307319365,0,0.02877716773076089,0.01548056796387609,0,-0.012093186989692306,0.008560378807440061,0,-0.09984648925402473,0.012432637587553346,0,True
2021-09-08,2021,-0.5884236216370229,0.0015664285501257806,0,-0.4750413837830565,0.0015543065662617403,0,0.22156610440023705,0.0006416184494604199,0,1.0477967546222415,0.00130193277255199,0,True
2021-09-09,2021,-0.8772890479281954,0.003813328698331697,0,-0.7234411227835311,0.003862563576019319,0,-0.8924927042407548,0.007094333956981546,0,-0.8513780857079088,0.008286602842320875,0,True
2021-09-10,2021,0.18482691246394722,0.0013257570501716265,0,0.29900208856493293,0.006869903828402432,0,-0.5910714025403396,0.0018175661295168353,0,-0.6576406577626688,0.010998387532408933,0,True
2021-09-13,2021,-0.6331734737507317,0.003391810345654941,0,-0.6496819681887813,0.006973315803744994,0,-0.44927028843838546,0.007333089000490973,0,-0.5077934548249381,0.026441545666128812,0,True
2021-09-14,2021,-1.309793777994733,0.0018764577547760748,0,-0.9290188207056098,0.03688059755417945,0,-1.803534153679116,0.0024216128520684515,0,-1.4846306989028912,0.017588715688377093,0,True
2021-09-15,2021,-0.2961524567894862,0.03539703621018129,0,-0.30762401614556834,0.06862381730345124,0,0.13099103264620449,0.013762450839173684,0,-0.0032849173315372404,0.021138265297463096,0,True
2021-09-16,2021,0.837015175814857,0.0007169088506996659,0,0.9283388630495555,0.0008683295422841464,0,0.4621982724381546,0.00042117452940340573,0,0.5857893109119492,0.005024150432966991,0,True
2021-09-17,2021,0.7773968018371056,0.0033313495962506838,0,0.7910505973347157,0.006319930313360089,0,1.1113683059032524,0.0020394523889912335,0,1.1607538503444108,0.012668215981499927,0,True
2021-09-21,2021,0.913739922024523,0.003360572894768367,0,1.1450487978944883,0.005740186544403691,0,0.7615849308946636,0.00336251954979592,0,0.6277664334727326,0.0233498473899955,0,True
2021-09-22,2021,-0.4177975577581029,0.0013363832944196352,0,0.010255107814115205,0.02888013751150022,0,-1.0900661651907964,0.001328604856775064,0,-0.35276286958864655,0.018906817026153863,0,True
2021-09-24,2021,-0.8752292774558837,0.002930517949724816,0,-1.1918600535592063,0.06157493641170124,0,-1.3662799082045738,0.0036323704391721095,0,-1.3918509580290188,0.04342709087613684,0,True
2021-09-27,2021,2.007066145831111,0.006650915701406269,0,1.0567785687830324,0.1538393613825434,0,2.521235430391741,0.005757269492231433,0,2.609605443494276,0.13979108204638946,0,True
2021-09-28,2021,0.1090759992772564,0.0031709856371027064,0,0.093178856172425,0.039275172344259195,0,-0.8864825321433197,0.0012103010144198744,0,-0.5229712917891887,0.029986296247053876,0,True
2021-09-29,2021,0.5511754544907324,0.0012581571083516126,0,0.6448638083214591,0.0013196652112326976,0,0.08224538855498054,0.0010406971482713663,0,0.18012011958298046,0.005449716546506647,0,True
2021-09-30,2021,-0.41619952467547694,0.0013548225290084858,0,-0.1942949028672547,0.01516425614927846,0,-1.1184744551440828,0.0015712006110719622,0,-1.2198076172250212,0.0016129550576265408,0,True
2021-10-01,2021,-0.7855930537726774,0.00800515389018932,0,-0.9128268032040614,0.018251137984099743,0,-0.7814778391892037,0.00400571316952223,0,-0.8221805373097175,0.0060424019719052535,0,True
2021-10-04,2021,0.44991107634933114,0.0016516432418970926,0,-0.430020525430042,0.0021640648905532633,0,-1.0855801452089384,0.0020800593131332203,0,-1.2873846943472411,0.0026754251257899496,0,True
2021-10-05,2021,-0.3501681232881612,0.0006354117195684238,0,-0.7474484910066754,0.0066772572510741274,0,-3.5232221101011314,0.0012977854715749495,0,-3.6168172182660494,0.0015245977039843419,0,True
2021-10-06,2021,-1.602638888871327,0.0020405529649271687,0,-1.5243597960483917,0.018136043961431658,0,-1.3896740508038308,0.003168233287996289,0,-1.5808220819182779,0.010127399994982956,0,True
2021-10-07,2021,-0.18120132855518545,0.0008128207210967237,0,-0.28028884200503645,0.0011531429682688646,0,-0.7994667752256319,0.0013136474303397903,0,-1.0945876362957692,0.011764947168682097,0,True
2021-10-08,2021,0.8786353970461633,0.003106928544262399,0,0.8505633742729946,0.06360820753665927,0,0.8878221210549477,0.0022193679892970756,0,0.7046102809427239,0.07187516555350582,0,True
2021-10-11,2021,0.4781433988751448,0.001197385475300992,0,0.47671621560950717,0.03505468912359821,0,0.7078576942960011,0.0009738471530981195,0,0.7352451565893993,0.06003136074615571,0,True
2021-10-12,2021,-0.6115260018372168,0.0009389176759572749,0,-0.51799268985355,0.0009055770951240291,0,0.5551178086580306,0.001598006625864796,0,0.5650475084323595,0.001633709371674528,0,True
2021-10-13,2021,1.7281894474597848,0.0028746249863881024,0,1.3354873566709755,0.003141207470046371,0,1.6816035293245757,0.003680035766998733,0,0.7908367999637709,0.004333203593425934,0,True
2021-10-14,2021,1.4156588574325084,0.001790480418245464,0,1.6025527008036922,0.05125000498706589,0,0.689466816325664,0.0028087603248313597,0,0.6823990968049696,0.020014444365331965,0,True
2021-10-15,2021,-0.8889873408608405,0.0037360861603116173,0,-0.8964671140340601,0.018315604986059938,0,0.28894768069532306,0.0034099687014192775,0,0.2826975037403672,0.033552479988814464,0,True
2021-10-18,2021,-0.8986589071160116,0.009218693012980233,0,-0.8228827844791006,0.08209374362948393,0,-0.6984787912424277,0.009903663150018642,0,-0.8734476695896274,0.16990415282464813,0,True
2021-10-19,2021,-0.7466043695821791,0.0005940554828506532,0,-0.5161355563901249,0.020623704156785876,0,0.3507957960601962,0.001002202951013925,0,0.3677723807538653,0.019006192479400802,0,True
2021-10-20,2021,-0.8471154758137931,0.0014983323454798203,0,-0.658883755064563,0.049881800707483215,0,-0.6541551189011343,0.0012718675951730448,0,-0.8217301638187415,0.004152878153811401,0,True
2021-10-21,2021,-0.3342165532740876,0.000851951892569451,0,-0.017259837040212167,0.025636129572869815,0,-0.8988528493262204,0.0009453456146472141,0,-0.4707391781503313,0.07902343977949595,0,True
2021-10-22,2021,-0.058351071375049024,0.0013577641588141548,0,-0.17486159065853202,0.008706346370068662,0,-0.22590589285212404,0.0010995381142370707,0,-0.3204093974031883,0.005225480412244992,0,True
2021-10-25,2021,0.2793949537407947,0.001963987030167102,0,0.24948276515415801,0.010376967323685876,0,-0.08456586637811891,0.0016150861186405307,0,-0.032062637933375604,0.003359882640026768,0,True
2021-10-26,2021,0.4316078550677723,0.000966680845965952,0,0.67817722394454,0.03972124709164767,0,0.431844046348026,0.0009690640098005313,0,0.6637859003017915,0.019160385816741617,0,True
2021-10-27,2021,-0.3683895753413373,0.005677917890920402,0,-0.262609184197685,0.008342923642045781,0,-0.20049218787189169,0.006781024191261112,0,-0.14308098701161856,0.010403565816629242,0,True
2021-10-28,2021,-0.27003233337225074,0.007928241221451474,0,-0.3698923977232398,0.0559458793321192,0,-0.3375249464570991,0.01583906255942234,0,-0.40400463673783227,0.02762082724705119,0,True
2021-10-29,2021,-0.8540476871033613,0.0014546360345649558,0,-1.020597425416819,0.007494542783976509,0,-1.9471196410484506,0.0012350477953618508,0,-1.9129639190337113,0.004043525434722801,0,True
2021-11-01,2021,-0.09089705896506795,0.002082197139266433,0,-0.05677634501858986,0.04966681133094352,0,-0.1898833163981961,0.001912341228411998,0,-0.13709973126457387,0.0542077978055257,0,True
2021-11-02,2021,1.3748928491634032,0.0015480119854626513,0,1.609415530870968,0.00389023863248402,0,-0.1465934946709142,0.001015226517062801,0,-0.11076644102806243,0.0010025196799998309,0,True
2021-11-04,2021,-1.517996643082254,0.0032220833985606126,0,-0.7949563703269787,0.007264592039559216,0,-1.8629768551529335,0.008286601775147897,0,-1.8380587000160877,0.00916403072186369,0,True
2021-11-05,2021,-0.004510913687157503,0.011258527490284989,0,-0.015962706803680504,0.023293035762210902,0,-0.20673971674909364,0.01068784176231212,0,-0.1431672117402112,0.03227265541945998,0,True
2021-11-08,2021,0.4538682584354108,0.0512615965324114,0,0.2605095379519591,0.012942643954757147,0,0.4476590501359646,0.050518953037956435,0,0.4225630788428455,0.027053089454437098,0,True
2021-11-09,2021,0.2691377801209619,0.027385460806486798,0,0.14698638205342612,0.0596842839507079,0,1.0687289407072553,0.03752283732978614,0,0.9333818964252281,0.039170210346336186,0,True
2021-11-10,2021,-0.5661428320302844,0.02699472567768563,0,-0.7412176341522345,0.006854233387377412,0,-0.03359738023107717,0.021056222677702834,0,0.04964730805579354,0.027175186654611924,0,True
2021-11-11,2021,-0.3964277297784147,0.004015798206151109,0,-0.33296623856046614,0.06150773722361229,0,-1.0701284020348312,0.004549548287123887,0,-1.045301552713133,0.057431622534932225,0,True
2021-11-12,2021,-0.27905623679388303,0.016559117146460793,0,-0.29831233497889875,0.1187082386655453,0,0.4588229367422473,0.04229092773988703,0,0.5313498748861729,0.1904449490467082,0,True
2021-11-15,2021,2.2635268775221453,0.018221259589363176,0,2.6575534822152735,0.2957147827108706,0,2.368509067494382,0.006592163218128804,0,2.627338252542034,0.07515379244202743,0,True
2021-11-16,2021,0.36532609551253464,0.027730503832495267,0,0.37561623230992625,0.006569044448542658,0,0.5723918954612541,0.02182796091434545,0,0.6469389518115057,0.0031099552706339126,0,True
2021-11-17,2021,1.6413875366048005,0.004687483802494572,0,1.7012085474588856,0.043832305934222195,0,2.3358508289366067,0.004426360074042644,0,2.296502417285354,0.00422719528588809,0,True
2021-11-18,2021,-0.07728306867938632,0.001269785162679065,0,-0.033456739691562834,0.021083072069758867,0,-0.1635101810696495,0.0010121210879101485,0,-0.30450845876644494,0.02154252445667472,0,True
2021-11-19,2021,-0.1944610175949677,0.0011093454093801544,0,-0.1880434307300618,0.006826764094540253,0,-0.48875153072226896,0.0022826063028080165,0,-0.5622161942782857,0.02160315152185114,0,True
2021-11-22,2021,0.2813731326067425,0.0010532030034123032,0,0.23168254329349783,0.027261312130190063,0,0.4159368193368275,0.0012908981375828782,0,0.503914983445998,0.005269483086600083,0,True
2021-11-24,2021,1.4548504648749616,0.0010621271608179802,0,1.7908437893189184,0.057098627367380826,0,1.4579596081929913,0.0019601511659415273,0,1.5774810456315227,0.093426767974737,0,True
2021-11-25,2021,-0.47499638719380854,0.03268173856178344,0,-0.5063843932587524,0.04122636755727842,0,-0.9163562664521816,0.03828009788550387,0,-0.897376115225887,0.04223243154562161,0,True
2021-11-26,2021,-1.111074029192966,0.004623302795082754,0,-1.2225813846647062,0.027496344578428113,0,-1.2158527840387892,0.005396153328707871,0,-1.238909116882139,0.024209414844327305,0,True
2021-11-29,2021,0.5901620254805465,0.0025956034205720344,0,0.5989539234768554,0.11590375110282262,0,0.41277888918394484,0.0034145266329164183,0,0.39113427520671556,0.16426748806582725,0,True
2021-11-30,2021,-2.1630666415470223,0.03023323779293029,0,-2.106259467475501,0.039881769592609494,0,-1.90437763970037,0.034439949665850095,0,-1.6722958089037487,0.022389907386568673,0,True
2021-12-01,2021,-1.1249639948302863,0.006853801496426118,0,-1.045303577965727,0.01686719899537946,0,-0.8807195140019983,0.011437572842928956,0,-0.7864558376565989,0.021842198889681592,0,True
