Date,ValidationYear,StocksRanked,SelectedMissingTargets,AllMissingTargets,FallbackStocks,SelectedFallbackStocks,OfficialDailySpread,IllustrativeGrossOneReturn,RankIC,NormalizedHardRankMSE,AllStockForecastMSE,MaxAbsoluteScore
2017-12-29,2018,1896,0,0,42,3,-0.10945294907760139,-0.0002736323726940035,-0.04005220045873389,0.17351916281145943,0.0003131460377284182,0.011874176709954925
2018-01-04,2018,1896,0,0,41,7,0.21725764170517126,0.0005431441042629281,-0.044070682108741766,0.1741906603508742,0.0004052455826018481,0.012416181768520782
2018-01-05,2018,1896,0,0,41,10,-0.7183534468363558,-0.0017958836170908895,-0.048767344169454246,0.17497317364137746,0.00037016102588307637,0.007084117414616699
2018-01-09,2018,1896,0,0,39,16,0.3804981313416671,0.0009512453283541677,0.050316661290466795,0.15844250090261067,0.0003796616574366199,0.023522433163278504
2018-01-10,2018,1896,0,0,39,2,-1.7696485520755683,-0.004424121380188921,-0.11601754278364444,0.1861949315330411,0.0005706351967434713,0.005663062891314834
2018-01-11,2018,1896,0,0,39,7,-0.33125855004768673,-0.0008281463751192168,-0.024463034328997272,0.17091737541174865,0.0004601166189569915,0.009286049995804449
2018-01-12,2018,1896,0,0,39,4,-0.5664527833353274,-0.0014161319583383186,0.009855359882010976,0.16518883414132812,0.00038487569786897015,0.035760925168110774
2018-01-15,2018,1896,0,0,39,4,-1.1520235686862195,-0.0028800589217155485,-0.01840156302286833,0.16991053858575045,0.0003816772390033634,0.013918178467947535
2018-01-16,2018,1896,0,0,39,2,-0.009491835913888691,-2.3729589784721728e-05,0.025673593967016545,0.16255712803635483,0.0003902887721773728,0.013608193717284079
2018-01-17,2018,1896,0,0,39,2,-0.645544739558231,-0.0016138618488955774,-0.060822709785662885,0.17698397848809488,0.0003033583402753222,0.009520037170369982
2018-01-18,2018,1896,0,0,40,0,-1.6752649448523365,-0.004188162362130841,-0.1000356045332724,0.1835253354611181,0.0004465903899790391,0.009634205958972178
2018-01-19,2018,1896,0,0,40,9,-0.30682794879254827,-0.0007670698719813707,-0.007087538576647315,0.1680210177053864,0.0003790933328335185,0.029702119069945902
2018-01-22,2018,1896,0,0,39,2,1.335007263042921,0.0033375181576073025,0.04588591467883799,0.15917888190956136,0.00032527626863997316,0.03752603944635051
2018-01-23,2018,1896,0,0,39,10,0.37238529739819537,0.0009309632434954885,-0.00905941554231602,0.1683496370919096,0.0003397608728686813,0.013440939291813206
2018-01-24,2018,1896,0,0,39,13,-0.11698380600209024,-0.0002924595150052256,-0.008825152800674934,0.16830765647961365,0.00031899189860976545,0.013361663043929276
2018-01-25,2018,1896,0,0,38,5,0.7533238654963034,0.0018833096637407584,0.10709418163723053,0.14896774511126643,0.0003755183343064816,0.01144023239517362
2018-01-26,2018,1896,0,0,38,6,1.1477753092449714,0.0028694382731124287,0.025907547621575565,0.16251931495764596,0.0005159491269299416,0.034488763433197914
2018-01-29,2018,1896,0,0,38,7,-0.5304415266082239,-0.0013261038165205596,-0.005571170864400485,0.16777043738643196,0.0006583735656039418,0.012404293087186434
2018-01-30,2018,1896,0,0,38,5,0.6449854010805542,0.0016124635027013857,0.027378898871401342,0.1622740851643236,0.0010547045509277364,0.025396783896679233
2018-01-31,2018,1896,0,0,37,2,0.0626784411234299,0.00015669610280857476,0.04376657716777749,0.1595369153442403,0.0004284533738606962,0.008502460537195748
2018-02-01,2018,1896,0,0,36,2,0.8428885940559265,0.002107221485139816,0.07573350679139301,0.1542069344410175,0.0011269202446960195,0.02924463171078861
2018-02-02,2018,1896,0,0,37,3,0.2861256650534383,0.0007153141626335957,-0.016365506066868853,0.1695730268942582,0.004430262027829156,0.03186294406784072
2018-02-05,2018,1896,0,0,36,0,-0.6202461024728104,-0.001550615256182026,-0.06713329239035448,0.1780394998172454,0.000606694074476213,0.022211920596755533
2018-02-06,2018,1896,0,0,36,8,-1.6371686293591439,-0.00409292157339786,-0.145709322003797,0.1911495751083845,0.0009676910069534581,0.06556402462902629
2018-02-07,2018,1896,0,0,35,2,-0.7562030808897786,-0.0018905077022244466,-0.029321679862372673,0.1717345147009582,0.000992939465408867,0.018988770897880557
2018-02-08,2018,1896,0,0,34,0,0.23406335911318976,0.0005851583977829744,-0.05950269053392906,0.17676748242519874,0.0011485399506758036,0.01689542513335467
2018-02-09,2018,1896,0,0,34,2,-0.9425463489916073,-0.0023563658724790183,-0.10103571247550398,0.18369822296661595,0.0009581468098843237,0.07819932400666857
2018-02-13,2018,1896,0,0,33,0,0.3260608528575031,0.0008151521321437577,0.031618835543508986,0.16156379027390633,0.0011932808475013047,0.037665523209406845
2018-02-14,2018,1896,0,0,33,7,0.6030752318525998,0.0015076880796314996,0.015028645238834305,0.1643331386672887,0.0009296099321095937,0.034794780671278364
2018-02-15,2018,1896,0,0,34,0,0.39490257369477355,0.000987256434236934,0.07675591074965292,0.15403638560115163,0.0013646122671677901,0.03413296419303782
2018-02-16,2018,1896,0,0,34,0,-0.7800575153540026,-0.0019501437883850065,-0.011024962468166036,0.16867356534106642,0.0003330363632267621,0.05159865258980522
2018-02-19,2018,1896,0,0,34,1,-0.15735680640903804,-0.0003933920160225951,0.024145275718578937,0.16280983097012514,0.0005122881789000038,0.03652404730555328
2018-02-20,2018,1896,0,0,34,1,-0.08210435499350544,-0.00020526088748376359,-0.04069055155150714,0.1736278158096734,0.0003518449871164713,0.019674986804173962
2018-02-21,2018,1896,0,0,33,0,1.3434577756828086,0.0033586444392070215,0.16235548585392384,0.13975369369786966,0.0003699263590672588,0.043868915357703896
2018-02-22,2018,1896,0,0,34,3,-0.26580166935616245,-0.0006645041733904061,-0.010113592690920945,0.1685260538190661,0.0004025327530265086,0.024445748983233276
2018-02-23,2018,1896,0,0,33,1,0.9719099364060433,0.0024297748410151082,0.11186100745753089,0.1481717241651178,0.0002953685046368961,0.09876823372424999
2018-02-26,2018,1896,0,0,32,4,-1.2493375571907877,-0.003123343892976969,-0.1544996208904343,0.19261692006298992,0.00038394454621085145,0.02352562863004747
2018-02-27,2018,1896,0,0,30,2,-0.8655060815259177,-0.0021637652038147943,-0.09660992243131171,0.1829594297838813,0.0005587006362972625,0.0069166255073417025
2018-02-28,2018,1896,0,0,32,6,0.4754554669211859,0.0011886386673029647,-0.004173611229580041,0.1675384151129,0.00048329844968701154,0.019466507955169868
2018-03-01,2018,1896,0,0,35,10,2.7627713927186903,0.0069069284817967255,0.1713960645954701,0.1382452125063196,0.0007452402515859889,0.030953083441366578
2018-03-02,2018,1896,0,0,36,14,0.037050977182234934,9.262744295558734e-05,-0.020646168621006135,0.17028668702214914,0.000924905309164787,0.02389551084612651
2018-03-05,2018,1896,0,0,35,8,-0.6091217539904166,-0.0015228043849760415,-0.05312769750245046,0.17570151024367273,0.0004105697071378048,0.3227051872838375
2018-03-06,2018,1896,0,0,34,4,-0.03290709060029062,-8.226772650072655e-05,-0.01931054451910548,0.17005823428703246,0.0004183786703447187,0.03304652579999089
2018-03-07,2018,1896,0,0,35,1,0.770831082272827,0.0019270777056820676,0.08592026742008324,0.15250356895092154,0.0004159963286822726,0.050531604868966074
2018-03-08,2018,1896,0,0,35,3,1.1476672544098925,0.002869168136024731,0.17954839767766395,0.13688533337199038,0.0006124039711537699,0.015447227422880702
2018-03-09,2018,1896,0,0,36,3,-0.0238688862755303,-5.967221568882575e-05,-0.004868212806989196,0.16765141248031123,0.000514020400028806,0.017172326587508245
2018-03-12,2018,1896,0,0,35,7,-0.36574258303028234,-0.0009143564575757059,0.0027806003043435545,0.16636974381484407,0.0003851394977683257,0.02391186254261422
2018-03-13,2018,1896,0,0,34,3,-1.174472305575673,-0.0029361807639391824,-0.08735404843143141,0.18141132316892822,0.0004342072162975661,0.35498468481423573
2018-03-14,2018,1896,0,0,34,8,-0.0923800952894428,-0.000230950238223607,-0.014239738631831539,0.169214100615996,0.0003705552786271138,0.044681690217127215
2018-03-15,2018,1896,0,0,32,3,0.5582927505188078,0.0013957318762970194,0.032075660045067886,0.1614899669144098,0.0005328982902051166,0.022904063995325144
2018-03-16,2018,1897,0,0,31,8,0.25381500738827006,0.0006345375184706752,0.03674649039151094,0.16070556855488724,0.0002603689880159495,0.016229065981511033
2018-03-19,2018,1897,0,0,31,11,-0.4091590651128858,-0.0010228976627822146,-0.01986983502664849,0.17015047691636187,0.0003615085912632421,0.013225726062999803
2018-03-20,2018,1897,0,0,29,10,-1.0512456722473464,-0.002628114180618366,-0.15539198447936795,0.19276844771975657,0.0017027743743815093,0.03474466262336339
2018-03-22,2018,1898,0,0,28,3,0.048416659987126076,0.00012104164996781519,-0.040911955066835745,0.1736632854123868,0.0003138362585154653,0.015245368055496866
2018-03-23,2018,1900,0,0,30,2,-0.6075427785837917,-0.0015188569464594792,-0.06319664736009417,0.17738593824768414,0.002222171952901049,0.0588045218734947
2018-03-26,2018,1900,0,0,28,4,-0.016179895725393134,-4.0449739313482835e-05,0.0003555875897644889,0.16678214560507243,0.000527841628633419,0.03179358083113217
2018-03-27,2018,1901,0,0,29,1,-0.8334232924300066,-0.0020835582310750164,-0.07601936604810391,0.17951701947218335,0.0006371619223996295,0.10620183630334994
2018-03-28,2018,1901,0,0,31,1,-2.1611961375633935,-0.005402990343908484,-0.21960846473399384,0.20347970597192613,0.0006549548775393085,0.02635385137453434
2018-03-29,2018,1901,0,0,33,3,0.2220243958113851,0.0005550609895284628,-0.05482801724660357,0.1759849416621373,0.0003219986405360989,0.014410360235316874
2018-03-30,2018,1901,0,0,32,8,-0.00697503985868346,-1.743759964670865e-05,-0.0481237344509675,0.17486698464578346,0.00031891194058018715,0.007301655023289506
2018-04-02,2018,1902,0,0,33,6,-1.9199547362791136,-0.004799886840697784,-0.16629179889952456,0.19458276009896264,0.0005210048201197201,0.025328774614231164
2018-04-03,2018,1902,0,0,34,1,-0.11351692926903378,-0.00028379232317258445,-0.027976986195860323,0.17150469559090967,0.000407462948796431,0.033892935910592524
2018-04-04,2018,1902,0,0,34,8,0.4249990380279466,0.0010624975950698666,-0.03759452607267852,0.17310985301540083,0.0003967167219251246,0.052407338107893976
2018-04-05,2018,1902,0,0,34,4,-0.3529587385865848,-0.0008823968464664619,-0.07602979497861471,0.17951613693255006,0.00035842085290060173,0.015681064120681293
2018-04-06,2018,1902,0,0,34,2,-2.2770032718069295,-0.0056925081795173235,-0.16523115020750445,0.19440613786588345,0.00037473353338686905,0.02817894352806553
2018-04-09,2018,1902,0,0,36,7,-4.508336414992682,-0.011270841037481705,-0.3203783127019613,0.2202890798222089,0.0005612723698227912,0.030984578253167284
2018-04-10,2018,1902,0,0,37,0,-0.7129857926859633,-0.0017824644817149083,-0.11122331191035684,0.18538643546144148,0.00032575526283916157,0.023339098699105696
2018-04-11,2018,1902,0,0,38,0,0.31213470837144297,0.0007803367709286074,0.04335923126390361,0.15960236416675433,0.00042924289546332256,0.017495973583257312
2018-04-12,2018,1902,0,0,40,0,-0.7359817537149892,-0.001839954384287473,-0.10606145629452861,0.1845332992016503,0.000623489766448164,0.019815385582043196
2018-04-13,2018,1902,0,0,40,3,-0.5695582756089066,-0.0014238956890222664,-0.07430716319833892,0.17923564720182036,0.0003826172776973168,0.027615343484409898
2018-04-16,2018,1902,0,0,40,3,-0.956239917952675,-0.0023905997948816876,-0.06474899941276335,0.17764293731185687,0.0004567612253877109,0.00568598024066064
2018-04-17,2018,1902,0,0,40,10,-0.8282946783532159,-0.0020707366958830397,-0.017623395897020576,0.1697744845088992,0.00038171518406841917,0.06873798816036013
2018-04-18,2018,1902,0,0,41,8,-0.37258856164925525,-0.0009314714041231381,-0.04995749756646232,0.17516007554135368,0.0002559048130279511,0.01365241167735263
2018-04-19,2018,1902,0,0,42,7,-0.043756525971702376,-0.00010939131492925594,0.025898496447068278,0.16251500548232292,0.0003558385949440351,0.011370536574042635
2018-04-20,2018,1903,0,1,43,6,1.067514825007622,0.002668787062519055,0.06754571410107588,0.15556866740475253,0.00033259129441986596,0.006205981959063875
2018-04-23,2018,1903,0,0,43,3,-0.7061820383130955,-0.0017654550957827387,-0.09777263734953782,0.18314512405679723,0.00031954726380724216,0.019810684610032207
2018-04-24,2018,1903,0,0,45,4,-0.14197234163973022,-0.00035493085409932554,-0.019798798451278285,0.1701391000396105,0.0003943161293585341,0.019621988478858893
2018-04-25,2018,1903,0,0,45,5,-1.3574583245680059,-0.0033936458114200148,-0.09633644483183026,0.18291012421611913,0.0005443291890222859,0.008409804372434885
2018-04-26,2018,1903,0,0,44,3,-0.34429092711862985,-0.0008607273177965746,0.008833221050740196,0.16536330365764404,0.0007194500734832401,0.020058922527740667
2018-04-27,2018,1903,0,0,45,2,0.9919973221087988,0.0024799933052719967,0.1441380910386115,0.14278891131574284,0.000304193692362027,0.01679655251938838
2018-05-01,2018,1903,0,0,46,0,-0.12854673167092479,-0.00032136682917731195,-0.038222737443896884,0.173210212895631,0.0004205489980479277,0.010396265532681765
2018-05-02,2018,1903,0,0,48,0,1.910372141446288,0.00477593035361572,0.13700111023029804,0.1439788374534403,0.00044088241383490924,0.004839065259767443
2018-05-07,2018,1903,0,0,47,1,1.2997265018848452,0.003249316254712113,0.06965134560176237,0.15521373844137237,0.0006648885294698244,0.006237781319656504
2018-05-08,2018,1903,0,0,47,5,0.7764897917422073,0.0019412244793555182,0.04091856608771522,0.16000834661135646,0.0007754515554224322,0.010081827726553493
2018-05-09,2018,1903,0,0,48,4,0.26623320201636647,0.0006655830050409161,0.0617400428037978,0.156539096060005,0.0008200357655672457,0.013753762987795525
2018-05-10,2018,1903,0,0,48,4,0.5919196967158675,0.0014797992417896688,0.047298758167207244,0.1589474795569104,0.001055827632210272,0.022248397658937005
2018-05-11,2018,1903,0,0,47,0,0.690104388547623,0.0017252609713690576,-0.009028957204239104,0.16834337683461337,0.0007065551520696679,0.018025407072226444
2018-05-14,2018,1903,0,0,47,3,-0.6729318432335208,-0.001682329608083802,-0.04896924426045825,0.17500838885530032,0.0006377051389838187,0.00738272175709808
2018-05-15,2018,1903,0,0,47,1,0.5230487746142555,0.0013076219365356387,0.06918657178935196,0.15529225360887694,0.00038600381516910545,0.005642077743413275
2018-05-16,2018,1903,0,0,47,3,0.6017799446764737,0.0015044498616911843,0.053547883392338784,0.1579030515003621,0.00029624264317369106,0.011528201565911526
2018-05-17,2018,1903,0,0,48,1,1.4690042969793142,0.0036725107424482855,0.12188160726525875,0.14650151368205577,0.0003519043964081147,0.01947742980652492
2018-05-18,2018,1903,0,0,49,2,0.780556080293028,0.00195139020073257,0.06749644577131374,0.15557591765360632,0.00023424820744975822,0.01642693512823802
2018-05-21,2018,1903,0,0,50,3,0.33339266839068066,0.0008334816709767017,-0.05977000660273259,0.17680672554299334,0.00029363306084252173,0.03501480400877578
2018-05-22,2018,1903,0,0,51,1,-0.22348843826873988,-0.0005587210956718497,-0.021508762759902544,0.17042818852804006,0.00038724030409270296,0.026471613436736294
2018-05-23,2018,1903,0,0,50,9,-1.7120376809051985,-0.004280094202262996,-0.14963721778136435,0.19180132322499815,0.0002883027515441007,0.03082674436293444
2018-05-24,2018,1903,0,0,50,1,-0.30261450503258674,-0.0007565362625814669,-0.024582801255240917,0.17093401312772347,0.00035493242859472625,0.010471844784504346
2018-05-25,2018,1903,0,0,50,7,-0.30380012277473933,-0.0007595003069368483,-0.07654356114148632,0.1796083083249389,0.00027857834610295026,0.013004853386608922
2018-05-28,2018,1903,0,0,50,14,0.24371475690083666,0.0006092868922520917,0.036539532661233415,0.16074500011229317,0.00037855313906299274,0.0309985450497938
2018-05-29,2018,1903,0,0,50,13,1.307367392352827,0.0032684184808820676,0.06638832705864717,0.15576116639693208,0.00046116271350233836,0.015665249071072588
2018-05-30,2018,1903,0,0,50,9,-0.6084523498868168,-0.0015211308747170422,-0.0655048210730206,0.17776625143592004,0.0004290668069177353,0.012077559359709347
2018-05-31,2018,1904,0,0,51,11,-2.0184230397842233,-0.005046057599460558,-0.1984262520002738,0.19994682609910194,0.0006118919585855605,0.015698068280840444
2018-06-01,2018,1904,0,0,51,9,0.28025858738439147,0.0007006464684609786,-0.036767324726055046,0.17296701762718195,0.0003503748202679418,0.21219714483401286
2018-06-04,2018,1904,0,0,51,14,1.1486865242608761,0.0028717163106521905,0.042418900361817134,0.15975641956190081,0.00034743318588372965,0.05539687840771556
2018-06-05,2018,1904,0,0,52,7,0.45390287043788224,0.0011347571760947056,0.088316130887892,0.15210216265445373,0.00040363605871014837,0.027264188994171365
2018-06-06,2018,1904,0,0,52,6,-0.3207693102042739,-0.0008019232755106848,-0.0343688119572516,0.17256624695565417,0.0003101901139886424,0.027801774113669738
2018-06-07,2018,1904,0,0,51,9,-0.28124401559690126,-0.0007031100389922532,-0.023300732815911388,0.17072121704307808,0.00032619440707141187,0.03252574249129485
2018-06-08,2018,1904,0,0,51,17,-0.6833620844341259,-0.0017084052110853149,-0.05482445995956117,0.17598044229829474,0.0002488488701664933,0.022916571659106388
2018-06-11,2018,1904,0,0,51,10,0.062429015020812884,0.0001560725375520322,-0.012147851182648599,0.16886053934898748,0.0003453318761496137,0.02019334984436197
2018-06-12,2018,1904,0,0,52,1,0.6772240316904082,0.0016930600792260206,0.048373398747968484,0.15876273344275713,0.00032777111114605273,0.007444292445938515
2018-06-13,2018,1904,0,0,53,3,1.7702568081609198,0.004425642020402299,0.14846334009004777,0.14207039710396763,0.00039499238611404437,0.005534610641872332
2018-06-14,2018,1904,0,0,53,8,-2.0367250055197124,-0.005091812513799281,-0.18007999392587226,0.1968845753867643,0.00046698065459651786,0.011075578696789053
2018-06-15,2018,1904,0,0,53,11,0.3397416424789368,0.000849354106197342,0.009025195511043742,0.1653353320506749,0.0006075294508002609,0.01602666787743389
2018-06-18,2018,1904,0,0,51,6,0.23983137239497154,0.0005995784309874288,0.01175734949650388,0.16487628334926074,0.00031527064901164785,0.020803811596531132
2018-06-19,2018,1905,0,0,51,16,1.2176429078850985,0.0030441072697127464,0.1112723087717558,0.14827405697399387,0.0003357748039652562,0.027493950479625818
2018-06-20,2018,1905,0,0,50,17,0.21847804739301613,0.0005461951184825404,0.01908184425695365,0.16365539803809434,0.0004332139331561685,0.06176378515473726
2018-06-21,2018,1906,0,0,51,4,-0.46206809552033556,-0.001155170238800839,-0.020743683116594434,0.1703010129513322,0.0006275136942425339,0.016048784901480612
2018-06-22,2018,1907,0,0,51,8,-1.8728693459049608,-0.004682173364762402,-0.16516205780235133,0.1943930360198485,0.00040525005208129366,0.018811421892306637
2018-06-25,2018,1907,0,0,51,8,0.8676408375361686,0.0021691020938404216,0.16268010110928682,0.13969746301017713,0.0005547109544529842,0.017842776851615682
2018-06-26,2018,1908,0,0,51,9,-0.149117800277359,-0.00037279450069339746,-0.023541772694690426,0.17076566557555745,0.00031498111486595555,0.022430408807347417
2018-06-27,2018,1909,0,0,50,4,0.8966182370956726,0.0022415455927391813,0.12053701533352679,0.14672635604269682,0.00033249925646732724,0.0073691633353102125
2018-06-28,2018,1909,0,0,50,12,-0.49627321282685166,-0.0012406830320671291,-0.017634219667326867,0.1697831175187079,0.0008072063128318324,0.040723521000877706
2018-06-29,2018,1910,0,0,51,5,-0.8888834268360851,-0.0022222085670902127,-0.0735369558664962,0.17910721028459148,0.00038336288653936893,0.013802222983666979
2018-07-02,2018,1910,0,0,52,17,0.34833516604070525,0.0008708379151017631,0.023031684829301208,0.16299512127638058,0.0003996606401115561,0.027093369494944577
2018-07-03,2018,1910,0,0,52,5,0.2972137415936418,0.0007430343539841045,0.0414253818381531,0.15992955539168247,0.0005457468742962365,0.015920937726922647
2018-07-04,2018,1910,0,0,52,4,1.664452525794435,0.0041611313144860875,0.11173444008040767,0.1481972828512941,0.0008006928600319809,0.01705903215598815
2018-07-05,2018,1910,0,0,51,26,0.0880670877265941,0.00022016771931648526,-0.020931872736701163,0.1703315406030487,0.0012847220732285327,0.04786433492121467
2018-07-06,2018,1910,0,0,52,8,1.0463331948196244,0.0026158329870490608,0.06596943278152606,0.15583277904856246,0.000441191858405285,0.028609177062585547
2018-07-09,2018,1910,0,0,51,1,-0.5702957905725599,-0.0014257394764313996,-0.047807756429463284,0.17481610528791944,0.0004955220106840124,0.03400137387116324
2018-07-10,2018,1911,0,0,51,5,0.1407654252209133,0.0003519135630522832,0.06749609694567167,0.15557320849913472,0.00035480962105716006,0.012287725567998488
2018-07-11,2018,1911,0,0,53,8,0.10603107971398362,0.00026507769928495905,0.02977920239470655,0.1618678923937826,0.0006043210451295645,0.04191077538726893
2018-07-12,2018,1911,0,0,54,8,2.048325245140363,0.0051208131128509075,0.15027577164629644,0.1417675670572286,0.0006528239276157279,0.008689506113900345
2018-07-13,2018,1911,0,0,55,2,0.2845838565098002,0.0007114596412745005,0.05184322118004484,0.15818787213822597,0.00040165514368110586,0.011875162005631159
2018-07-17,2018,1911,0,0,54,2,1.7289127111223834,0.004322281777805958,0.15801891740306437,0.14047471956291419,0.000277498902341525,0.01862715217058107
2018-07-18,2018,1911,0,0,54,3,-1.0104397770897848,-0.002526099442724462,-0.038587489147081565,0.17327304295845652,0.0003277750322652748,0.012915570309666417
2018-07-19,2018,1911,0,0,55,6,0.38332804929490066,0.0009583201232372517,0.0685638696215531,0.1553926581080442,0.00033024013409784983,0.04251851329785034
2018-07-20,2018,1911,0,0,54,4,0.2967512994087882,0.0007418782485219704,0.053332976751231526,0.15793787863250636,0.00032652851986613286,0.009516003505897586
2018-07-23,2018,1912,0,0,55,4,0.8100494555219471,0.0020251236388048677,0.08610824023384041,0.15246751685519452,0.0003175588470902293,0.008276678187107115
2018-07-24,2018,1912,0,0,57,4,0.4656272519964524,0.001164068129991131,0.04261563959339819,0.1597294437324732,0.0003698739826966783,0.011495124479550499
2018-07-25,2018,1913,0,0,58,6,0.6463531822656796,0.001615882955664199,0.04820215149139342,0.15879592874170148,0.00034759012434392757,0.019456246905674775
2018-07-26,2018,1913,0,0,58,9,0.10378421243076785,0.0002594605310769196,0.07094901188104318,0.1549991259435256,0.0007498595398183183,0.025297583040315708
2018-07-27,2018,1913,0,0,57,5,1.100235594608736,0.0027505889865218403,0.12751017824763736,0.1455649386476775,0.0007903399206999196,0.011205444436333947
2018-07-30,2018,1913,0,0,57,2,-1.5749837770332766,-0.003937459442583191,-0.045379716843052136,0.1744081055070475,0.0008350387195126563,0.01246763716101224
2018-07-31,2018,1913,0,0,57,7,1.1048538385152682,0.0027621345962881706,0.09583520064718028,0.1508439040240949,0.0005447398085271127,0.014731035578388181
2018-08-01,2018,1913,0,0,58,4,-0.5567958190882412,-0.001391989547720603,-0.034027511152556505,0.1725155213466936,0.00072033333797504,0.03069621638677613
2018-08-02,2018,1913,0,0,56,2,-0.9975877549707186,-0.0024939693874267963,-0.028285660915025383,0.1715558232355554,0.0008157489042177323,0.05651889776032219
2018-08-03,2018,1913,0,0,56,0,0.7836795594833086,0.0019591988987082715,0.0014590249202798195,0.16659415486151302,0.000589567026082197,0.03176113322759156
2018-08-06,2018,1913,0,0,57,1,0.2813054712160781,0.0007032636780401951,0.026520753262629957,0.16241306526541685,0.0007246006921570519,0.01689663846094064
2018-08-07,2018,1913,0,0,58,1,0.10533829435375405,0.0002633457358843851,0.03118180629310542,0.1616348046605022,0.0006425237383836963,0.011856587978408151
2018-08-08,2018,1913,0,0,57,2,0.1206253433768798,0.0003015633584421995,0.06075367182958036,0.1567018642157252,0.0010147064917166604,0.011835971059574657
2018-08-09,2018,1913,0,0,58,0,1.071579128284191,0.002678947820710478,0.07529755980379012,0.15427794956306148,0.001531728702225248,0.011364380320486625
2018-08-10,2018,1913,0,0,58,1,0.6492538237834466,0.0016231345594586166,0.02796344127125805,0.1621746263266367,0.0007436015066606978,0.011061996069937224
2018-08-13,2018,1913,0,0,58,7,-1.4839797136696982,-0.0037099492841742455,-0.12379666233198879,0.18749347381098896,0.0006175855350826762,0.010465545288848426
2018-08-14,2018,1913,0,0,60,2,0.34836946833689497,0.0008709236708422375,0.026091852703292992,0.1624846221992935,0.0005956792115976575,0.012409580702993656
2018-08-15,2018,1913,0,0,61,2,0.13172703536755503,0.0003293175884188876,0.08672406598449377,0.15236608675967736,0.00029964833192023464,0.014963832349108754
2018-08-16,2018,1913,0,0,62,7,-0.24160093439445385,-0.0006040023359861346,-0.0761949288939432,0.17954957992943016,0.000365440973843886,0.04305757726966529
2018-08-17,2018,1913,0,0,63,7,-0.19997896040333507,-0.0004999474010083377,-0.056154077653600816,0.17620601649317022,0.0003286710292310308,0.0331165130101984
2018-08-20,2018,1913,0,0,64,6,-0.2673424110299525,-0.0006683560275748812,-0.0015386685911342453,0.16709486829656545,0.0005003915445879672,0.02540074337416533
2018-08-21,2018,1913,0,0,64,10,-1.2443424133236511,-0.003110856033309128,-0.011212028894987026,0.1686995781064642,0.00036176235102668315,0.03110586581343384
2018-08-22,2018,1913,0,0,65,10,-0.13088486906822494,-0.0003272121726705624,0.03846475608135384,0.16041621450948584,0.00031433153960671825,0.03031602203481127
2018-08-23,2018,1913,0,0,64,15,-0.4909252450010557,-0.0012273131125026392,-0.0293777038497226,0.171740868695266,0.0004835780720250503,0.020714034331505548
2018-08-24,2018,1913,0,0,64,10,1.1259525219725508,0.002814881304931377,0.12228734137040762,0.14642491277858238,0.00024722216244871286,0.012245296755313415
2018-08-27,2018,1913,0,0,64,6,0.4989975052900768,0.001247493763225192,0.02337100237262155,0.1629379339147472,0.0003786795609036319,0.011839332566027979
2018-08-28,2018,1913,0,0,64,9,-0.6559397599315935,-0.0016398493998289838,-0.03333952883397814,0.17239412297768258,0.0003649718777328958,0.009722260313435463
2018-08-29,2018,1913,0,0,63,5,0.0011885425396858107,2.9713563492145268e-06,-0.04663090307613299,0.1746080976204547,0.0002577388678890097,0.01014763415594917
2018-08-30,2018,1913,0,0,63,7,-0.28503252480096775,-0.0007125813120024193,-0.0004754861883487121,0.16691624113901954,0.0005937743144221438,0.03866123038803862
2018-08-31,2018,1913,0,0,65,12,-0.5619823883448433,-0.0014049559708621082,-0.09283563960036224,0.1823206100359786,0.00033627829617449337,0.007622184917680302
2018-09-03,2018,1913,0,0,64,7,-0.21483973592493277,-0.0005370993398123319,0.009013589565113937,0.1653253527852115,0.00037483649092225746,0.01827182058251453
2018-09-04,2018,1913,0,0,64,13,-0.47856013966893474,-0.001196400349172337,0.009735116166619108,0.16521323525882406,0.000451936035890702,0.011765583968540019
2018-09-05,2018,1913,0,0,65,20,-0.8319791142395944,-0.002079947785598986,-0.09265235219100183,0.18229349619116794,0.0003439625330328238,0.007654592678293857
2018-09-06,2018,1913,0,0,63,11,-0.8628375812276241,-0.0021570939530690604,0.0052623601549878175,0.16595253641498073,0.000427772453641302,0.28144160340429347
2018-09-07,2018,1913,0,0,63,6,0.586745823611235,0.0014668645590280873,0.07551235728052519,0.15423175547548468,0.0003602575554036981,0.01058809947541614
2018-09-10,2018,1913,0,0,64,7,0.4787878764247474,0.0011969696910618685,0.10483517299342714,0.14934604516088876,0.000417288175184773,0.006511402579994562
2018-09-11,2018,1913,0,0,61,10,-0.7188843051748013,-0.0017972107629370031,-0.0302784795766035,0.17188708754502607,0.0003954517466065911,0.006005711475385341
2018-09-12,2018,1913,0,0,62,0,-2.0575408756400373,-0.005143852189100093,-0.22453432277435786,0.2042979438626551,0.0006650234261811423,0.013936394595921978
2018-09-13,2018,1913,0,0,63,8,-0.11041670116092961,-0.000276041752902324,0.03664537160998589,0.1607255270272871,0.000716407612980985,0.012492395459213
2018-09-14,2018,1913,0,0,61,8,1.3529767469342513,0.003382441867335628,0.18054435080072553,0.13671742307758517,0.0005347060186194673,0.021609069021160273
2018-09-18,2018,1913,0,0,59,4,0.11984441379037986,0.00029961103447594963,-0.003996075762090365,0.16750181147520105,0.0003354816521012912,0.030540765138559002
2018-09-19,2018,1913,0,0,58,6,0.23388085704712758,0.0005847021426178189,0.04059272269377136,0.16006676751289414,0.0004621992450602593,0.02283629136203273
2018-09-20,2018,1913,0,0,57,5,0.12496129483095109,0.0003124032370773777,-0.016458588811081722,0.16958607002344042,0.0005846849666489814,0.017089441451519933
2018-09-21,2018,1914,0,0,58,12,-2.1019219281636223,-0.005254804820409056,-0.18185772833828498,0.19717933146253672,0.0005428747109479908,0.03975688561279088
2018-09-25,2018,1915,0,0,59,21,-0.5435994279711229,-0.0013589985699278074,-0.050640098156931164,0.1752887895965223,0.0009665399799108124,0.028352978664646214
2018-09-26,2018,1915,0,0,58,8,0.4458057648810948,0.001114514412202737,0.041189000831130654,0.15996490267372138,0.0003370912210377227,0.027996546752669445
2018-09-27,2018,1916,0,0,59,12,0.6526980303209637,0.0016317450758024093,0.0979728108592651,0.1504921974231737,0.0003723540201935231,0.06216534759720431
2018-09-28,2018,1917,0,0,60,20,-1.108802315361332,-0.00277200578840333,-0.0944143963065563,0.18258834789723918,0.00039341502344473355,0.012114969020598273
2018-10-01,2018,1920,0,0,63,16,0.4758032906995393,0.0011895082267488484,0.042484539087217624,0.15975002320622342,0.0005291219436378965,0.017221829286867572
2018-10-02,2018,1920,0,0,63,12,-0.9707053420060636,-0.002426763355015159,-0.04505150543934535,0.17435236582808813,0.00031672561487985576,0.020796436068359743
2018-10-03,2018,1920,0,0,63,2,-0.7933819801743234,-0.0019834549504358086,-0.06369705871792618,0.17746272588050818,0.00043408646774949444,0.016285631445988928
2018-10-04,2018,1920,0,0,62,6,-0.9238584379647059,-0.002309646094911765,-0.04228522272775908,0.1738939713507122,0.0008254070166012865,0.027963550596352284
2018-10-05,2018,1920,0,0,65,6,0.6171934457462933,0.0015429836143657334,0.08876360099489773,0.15202716884164763,0.0005299173141941883,0.037662852117437084
2018-10-09,2018,1920,0,0,65,4,-0.4501381656118779,-0.001125345414029695,0.03203844526456628,0.1614950510154482,0.0013580750216045214,0.023937108190004695
2018-10-10,2018,1920,0,0,64,1,2.544926918681526,0.006362317296703815,0.18554795746398958,0.13588254093641172,0.0006602037074060518,0.016601358265966773
2018-10-11,2018,1920,0,0,63,32,1.3742062776614759,0.0034355156941536895,0.05602646457988708,0.15749236811125916,0.000521014962140142,0.10403088590172313
2018-10-12,2018,1920,0,0,63,5,-0.39980789307249576,-0.0009995197326812394,-0.09215863982717609,0.18221244608202009,0.0004895278811065472,0.025146042054071355
2018-10-15,2018,1920,0,0,63,9,0.5588224008027898,0.0013970560020069745,0.09089627972925411,0.15167477156182887,0.0009034687382282289,0.03493008247608185
2018-10-16,2018,1920,0,0,64,11,-1.1538325417577053,-0.0028845813543942633,-0.1041155294455829,0.18420597544638997,0.000374728739171776,0.02399317477283891
2018-10-17,2018,1920,0,0,63,4,-1.406645772010922,-0.003516614430027305,-0.1252882125181058,0.18773894553557066,0.0005118090193121811,0.06670172154774527
2018-10-18,2018,1920,0,0,63,15,-0.4148219571866562,-0.0010370548929666404,-0.00836199666059359,0.16822984235981883,0.0003214714654230406,0.03867722917305386
2018-10-19,2018,1921,0,0,64,10,0.8003755006251243,0.002000938751562811,0.11812315236410179,0.1471323203213116,0.0006486069297534183,0.013921810696529171
2018-10-22,2018,1921,0,0,63,13,0.24224783785415333,0.0006056195946353833,0.04540936571764144,0.15925483364264306,0.0003962963466405493,0.0329832877171744
2018-10-23,2018,1921,0,0,62,9,1.046178988589669,0.0026154474714741725,0.11649820804044247,0.14740367777538282,0.0009892661961327241,0.04015993707247578
2018-10-24,2018,1921,0,0,63,15,-0.05299250239025888,-0.0001324812559756472,-0.003933641801798266,0.16749470477920844,0.0006921250855807791,0.10077823720227178
2018-10-25,2018,1921,0,0,62,36,0.16619927323342631,0.00041549818308356576,0.06593185135348584,0.15583835813403302,0.001512849964803614,0.07556726604982268
2018-10-26,2018,1921,0,0,62,26,-1.750843233702124,-0.00437710808425531,-0.08999275854874403,0.18185414065550168,0.0024059859000480975,0.027333725397482606
2018-10-29,2018,1921,0,0,62,15,-1.6491040822286087,-0.004122760205571522,-0.15441499380424362,0.19260227937448487,0.002383240356069713,0.03654003658066825
2018-10-30,2018,1921,0,0,63,30,1.8569974500330786,0.004642493625082697,0.08828103385809488,0.15210912660890777,0.0018152833766758574,0.1307672441119184
2018-10-31,2018,1921,0,0,62,8,3.742105138421131,0.009355262846052828,0.24003150428881193,0.1267923620911192,0.0008805541834366491,0.07430938532654383
2018-11-01,2018,1921,0,0,62,11,1.3074455446380238,0.0032686138615950593,0.05002251444037637,0.15849015615793008,0.0005912551125133029,0.035148596802580166
2018-11-02,2018,1921,0,0,61,5,-0.5295359919061257,-0.001323839979765314,0.016088841303778585,0.16415168701750843,0.0006385007113704359,0.04044553382195442
2018-11-05,2018,1921,0,0,61,6,0.4322146339651559,0.0010805365849128898,0.04704882374502282,0.15898741175408676,0.0006377968857136996,0.029005362402903988
2018-11-06,2018,1921,0,0,60,6,0.17469712608035737,0.00043674281520089344,0.02557391305709247,0.16257207923989334,0.0009363998282421082,0.018236415785161265
2018-11-07,2018,1921,0,0,60,12,-0.1971611120464405,-0.0004929027801161012,-0.012523884234525441,0.16892136337648306,0.0007545806870038484,0.025181237897716733
2018-11-08,2018,1921,0,0,60,5,0.07352107424164633,0.00018380268560411582,-0.029094495629573267,0.17168950085449924,0.0011291994587880516,0.028548383772433815
2018-11-09,2018,1921,0,0,62,5,-0.7335535568111031,-0.0018338838920277578,-0.0253799452995309,0.17107405720400257,0.0009620533851036979,0.014224488011906547
2018-11-12,2018,1921,0,0,61,2,0.9561976049637417,0.0023904940124093543,0.03697074707646049,0.1606689525848941,0.0007745485486904118,0.012172810249372777
2018-11-13,2018,1921,0,0,58,9,-0.7184210094938999,-0.0017960525237347496,-0.06714071325878358,0.17803755334406993,0.0007357387889253628,0.012354648645982385
2018-11-14,2018,1921,0,0,59,6,-1.317385572866915,-0.0032934639321672877,-0.1700394583671968,0.1952072863203979,0.0005344705402636035,0.014019146486394515
2018-11-15,2018,1921,0,0,58,7,0.06883872189874118,0.00017209680474685295,0.010638873710707255,0.1650625080631787,0.0005349622308810806,0.022324378978234482
2018-11-16,2018,1921,0,0,58,13,1.0782947335429351,0.002695736833857338,0.0925334093274541,0.15139798968997628,0.0004554806600510861,0.04720788346715487
2018-11-19,2018,1921,0,0,58,5,-0.11571019191695897,-0.0002892754797923974,0.010139604623041927,0.1651445838795396,0.0003329213000102408,0.059380386819693064
2018-11-20,2018,1921,0,0,59,4,-0.08222459830916362,-0.00020556149577290905,0.003591651191836075,0.16623796750620878,0.00041656983499623154,0.020122958499335968
2018-11-21,2018,1921,0,0,59,14,0.8272716336039838,0.0020681790840099594,0.04027433242433296,0.1601151121846577,0.0003907183689636155,0.02228590900543121
2018-11-22,2018,1921,0,0,59,4,1.211025417305179,0.0030275635432629477,0.12898985382019293,0.14531634730830476,0.0003397997444227331,0.015747730174677708
2018-11-26,2018,1921,0,0,60,4,2.4692145987402565,0.006173036496850641,0.1844598738957562,0.13606164675753457,0.00046790611078751987,0.021559392019449435
2018-11-27,2018,1921,0,0,60,7,0.8940966533514132,0.002235241633378533,0.10098724485013062,0.14998790516131552,0.00037788884702354895,0.016276028491229902
2018-11-28,2018,1922,0,0,61,5,0.30830771139921376,0.0007707692784980343,0.007959204398668518,0.16550987552411778,0.0003765243216949383,0.029291675721198535
2018-11-29,2018,1922,0,0,62,13,1.7629010840075654,0.004407252710018914,0.1563129628893463,0.14075841989605276,0.00040943214279132606,0.0623554425666344
2018-11-30,2018,1922,0,0,61,4,-0.821858886944483,-0.0020546472173612073,-0.08071435960518751,0.18030620025259236,0.0009161054156955132,0.011508137725238022
2018-12-03,2018,1922,0,0,62,11,-1.6845624482902397,-0.0042114061207256,-0.16141947591502212,0.19376962612647156,0.0005335691039737273,0.016869361493692545
2018-12-04,2018,1922,0,0,61,10,0.2153000071807729,0.0005382500179519322,0.02542823658681458,0.16259688393387758,0.0007535034163565137,0.06232371450107039
2018-12-05,2018,1922,0,0,62,14,-0.613030891056594,-0.0015325772276414851,-0.09430734177303826,0.18257074177012858,0.00042293442422237026,0.025613723222546878
2018-12-06,2018,1922,0,0,62,18,1.246225926196313,0.003115564815490782,0.10737245764766543,0.14892597906266425,0.0006866655538630667,0.02019466001525662
2018-12-07,2018,1922,0,0,62,10,-0.2741424281913942,-0.0006853560704784856,-0.055907595020012246,0.17616644365356868,0.0006339205255841021,0.009786282380462665
2018-12-10,2018,1922,0,0,60,18,-1.469189004768709,-0.003672972511921773,-0.07797404417699717,0.179848888019674,0.0015852117276237213,0.03888112594446516
2018-12-11,2018,1922,0,0,59,19,-2.0102315289679367,-0.005025578822419842,-0.21213404688825677,0.20222927181724598,0.0011162318698458358,0.02703635120868663
2018-12-12,2018,1923,0,0,58,4,-0.8434647376596365,-0.0021086618441490913,-0.0973697369932226,0.18308393177765353,0.0011263087545163222,0.06031191942529504
2018-12-13,2018,1924,0,0,59,1,-1.070966336747328,-0.00267741584186832,-0.13650495184509165,0.1896122747272472,0.0007027853901717756,0.02886979324954739
2018-12-14,2018,1923,0,0,60,11,-0.6754598529924261,-0.001688649632481065,-0.05711725111020508,0.17636940667189244,0.0007765723451424655,0.04748190129721624
2018-12-17,2018,1923,0,0,59,7,0.4111559214254609,0.0010278898035636524,0.015314735068355352,0.1642827276065788,0.00046532975436921445,0.014933074969196334
2018-12-18,2018,1923,0,0,57,11,1.957663037947933,0.004894157594869833,0.1622216936018285,0.1397749872341175,0.0008132196847429788,0.05594920724553618
2018-12-19,2018,1925,0,0,59,17,0.7200453538177172,0.001800113384544293,-0.01042522292296472,0.16857916083747687,0.0010196173469739817,0.03617961954188202
2018-12-20,2018,1925,0,0,59,33,4.7338991055522675,0.011834747763880668,0.19733141875034937,0.13391714988388584,0.0016559528666137454,0.08851412017439099
2018-12-21,2018,1928,0,0,61,44,-2.4851298426681816,-0.006212824606670454,-0.17148205382553752,0.19544924216310544,0.0028803886239571245,0.03948426718910185
2018-12-25,2018,1929,0,0,61,39,-2.6911398940610116,-0.006727849735152529,-0.18010367273104919,0.19688796349974638,0.014308942583784645,0.14788962925787438
2018-12-26,2018,1929,0,0,58,1,-0.11515550984002315,-0.0002878887746000579,-0.04751553503639419,0.17476284727046654,0.001012484424461878,0.12585851586859595
2018-12-27,2018,1929,0,0,58,2,-0.1777844008863192,-0.00044446100221579796,-0.011813750396966414,0.1688087039755057,0.0010128923596346847,0.09924621658477342
2018-12-28,2019,1930,0,0,58,9,0.1717806309562553,0.0004294515773906382,-0.09933060500810405,0.1834116735757241,0.0021073702414419974,0.04630302825556189
2019-01-04,2019,1930,0,0,57,42,-2.194504408786245,-0.005486261021965613,-0.15419081626691963,0.19256209812688596,0.0009033111122992394,0.09034989706564704
2019-01-07,2019,1930,0,0,57,10,1.1263237500950414,0.0028158093752376034,0.030263466631975294,0.16178801275139854,0.0007637261604020835,0.0809932890862335
2019-01-08,2019,1930,0,0,56,15,-0.9805050350249219,-0.002451262587562305,-0.07752296719518452,0.17976906618419655,0.000814950520621371,0.038470448385656414
2019-01-09,2019,1930,0,0,57,15,-0.3022191118021125,-0.0007555477795052811,0.04822533109213508,0.15878655011122833,0.0004797169180091306,0.03281261909199777
2019-01-10,2019,1930,0,0,55,13,-0.30898840390489113,-0.0007724710097622279,0.030729136589919586,0.16170981878541751,0.000826103494606777,0.030950428474137065
2019-01-11,2019,1930,0,0,56,10,-0.12857071444257634,-0.00032142678610644083,0.002680314699172956,0.16638864164973013,0.0004405883929428467,0.02390418176902686
2019-01-15,2019,1930,0,0,56,11,0.43591246989043686,0.001089781174726092,0.06768457722169975,0.15554146693026719,0.0004391694617575666,0.020539927037928726
2019-01-16,2019,1930,0,0,57,6,1.3770176327183856,0.003442544081795964,0.06474618447374592,0.15603368008695845,0.0005466535482257987,0.03862916609784785
2019-01-17,2019,1929,0,0,59,16,0.8117880928582697,0.0020294702321456744,0.02056719560134779,0.163404858519009,0.00046718215861948545,0.03575159929807352
2019-01-18,2019,1929,0,0,58,5,-0.8348508787265859,-0.002087127196816465,-0.044949569107006156,0.17433315605347421,0.0004548407584373717,0.028428206820176584
2019-01-21,2019,1929,0,0,59,1,-0.9915635045905479,-0.0024789087614763695,-0.07607674487685993,0.17952918060208617,0.00046141668310748445,0.041498548888299853
2019-01-22,2019,1929,0,0,61,6,-0.31526702853692057,-0.0007881675713423014,-0.04632622632443066,0.17456189601709143,0.0004992802088366404,0.014801853112203875
2019-01-23,2019,1929,0,0,61,9,-1.5385985025292288,-0.003846496256323072,-0.12439332787467122,0.1875879839036042,0.000564796881023848,0.017863120182885404
2019-01-24,2019,1929,0,0,60,11,0.549254653568848,0.00137313663392212,0.009241018330782565,0.16529503987461908,0.0004591150722224948,0.08586540688594474
2019-01-25,2019,1929,0,0,60,3,1.4908180808250326,0.0037270452020625815,0.08904472280961856,0.15197731951009874,0.00036537288595297975,0.023133437047797217
2019-01-28,2019,1929,0,0,60,4,0.3207366562885423,0.0008018416407213558,-0.038914928816869886,0.17332974579734817,0.0007559731956350413,0.01131646079801812
2019-01-29,2019,1929,0,0,61,4,0.10853543980009839,0.000271338599500246,-0.018157618982579615,0.16986490535477752,0.0008041356534050736,0.02149416912918417
2019-01-30,2019,1929,0,0,62,5,0.13014931294070986,0.00032537328235177467,0.02927918612063238,0.16195219055558877,0.000914540676718571,0.236998458770847
2019-01-31,2019,1929,0,0,62,12,0.9376531881376251,0.0023441329703440626,0.0740132440588132,0.15449057721182788,0.0009646928693611113,0.021828130779122597
2019-02-01,2019,1929,0,0,62,15,0.5167852975337308,0.001291963243834327,-0.004431263305369887,0.16757393843797933,0.0005357342587612907,0.018538717420454383
2019-02-04,2019,1929,0,0,62,24,-1.040579400415708,-0.00260144850103927,-0.08585441620466751,0.18115650843490064,0.000516565211748237,0.016911704531853998
2019-02-05,2019,1929,0,0,64,10,-0.32359170833289785,-0.0008089792708322447,-0.03810263663314282,0.1731924415440034,0.0007244789822390226,0.06841259319756725
2019-02-06,2019,1929,0,0,64,5,0.16965722999400912,0.0004241430749850228,0.00016955246849898676,0.16681040350280288,0.0011737590236936765,0.015041955520285234
2019-02-07,2019,1929,0,0,66,6,0.7401191608703863,0.0018502979021759658,0.022906711057286762,0.1630170243802186,0.0012720430299897863,0.025981705518124256
2019-02-08,2019,1929,0,0,65,1,0.9540042068349703,0.0023850105170874257,0.04353064605669788,0.15957357758018872,0.0007872208658178426,0.06526132127533989
2019-02-12,2019,1929,0,0,64,1,1.2137090952218599,0.0030342727380546497,0.08724540046275472,0.15227961157320927,0.0006779428663800928,0.05483472064471762
2019-02-13,2019,1929,0,0,64,2,0.5639411910596568,0.001409852977649142,0.04962226507106247,0.15855535416302338,0.0008006531933213592,0.022691963874863157
2019-02-14,2019,1929,0,0,65,1,0.20673848227710456,0.0005168462056927614,0.005655783252172066,0.1658956616263478,0.000897734642005307,0.02047589374452335
2019-02-15,2019,1929,0,0,64,1,0.8374474682956443,0.0020936186707391107,0.04712777678890402,0.15896757903744999,0.0003454726050339066,0.023120215916586286
2019-02-18,2019,1929,0,0,63,4,0.4867291588318838,0.0012168228970797093,0.029942233676976578,0.16183865385505533,0.00033600512855392034,0.013957486107020668
2019-02-19,2019,1929,0,0,63,3,1.212382282904434,0.003030955707261085,0.0851848839104573,0.15261793953007513,0.0002860726948469907,0.02741048272468919
2019-02-20,2019,1929,0,0,64,7,-0.6321767957952323,-0.0015804419894880808,-0.06960882843776965,0.17844171464882944,0.00030997407978905755,0.016124503500857423
2019-02-21,2019,1929,0,0,64,4,-0.2978202763592217,-0.0007445506908980542,-0.005701804976222619,0.16778732224798068,0.00038202361108386986,0.011925519692501368
2019-02-22,2019,1929,0,0,64,2,-0.01687909954026079,-4.2197748850651976e-05,0.008835402608900696,0.16535760890852105,0.0003072679254051404,0.010641746760611246
2019-02-25,2019,1929,0,0,63,6,0.7910028642600269,0.0019775071606500673,0.0798391022822792,0.15351375678686746,0.0003998257004947032,0.011727743663721443
2019-02-26,2019,1929,0,0,62,4,0.4168826548911838,0.0010422066372279596,0.05613342328742718,0.15746730017118976,0.00040543032139662196,0.014258927195389536
2019-02-27,2019,1929,0,0,62,7,-0.4930600681589543,-0.0012326501703973857,-0.03637623622512607,0.17290283202190174,0.0003001108805124956,0.01773175381942158
2019-02-28,2019,1930,0,0,60,5,0.0903556681685167,0.00022588917042129175,-0.01443901608841746,0.16924565490798296,0.00041390102987379863,0.016082937924456347
2019-03-01,2019,1931,0,0,61,4,-0.7348497032011612,-0.001837124258002903,-0.06647389019036194,0.17792302224539855,0.00034564184730657825,0.00921856819917935
2019-03-04,2019,1931,0,0,61,11,-0.602944010428563,-0.0015073600260714075,-0.05753947754336663,0.1764305871001038,0.00026291023096766,0.011223535311483889
2019-03-05,2019,1932,0,0,63,7,-0.3334591938648581,-0.0008336479846621453,-0.006012064879196673,0.16783942306286084,0.00044346749619840324,0.017673850971384283
2019-03-06,2019,1932,0,0,64,4,1.160477054354224,0.00290119263588556,0.06235112241311515,0.15643645223728347,0.0009780230996712259,0.01017333692865107
2019-03-07,2019,1932,0,0,63,1,-0.6418323773896795,-0.0016045809434741987,-0.06088985660312665,0.17699389584813952,0.0004099470576857922,0.010111109852028595
2019-03-08,2019,1932,0,0,63,1,0.7099185342367065,0.001774796335591766,0.13351697673111482,0.1445620760245616,0.0006328566107006827,0.01592715736751412
2019-03-11,2019,1932,0,0,63,8,-0.9109603853381525,-0.002277400963345381,-0.08152546644817138,0.1804354416761918,0.00035597712512228574,0.013498821888820975
2019-03-12,2019,1932,0,0,63,15,-0.34055568034569283,-0.0008513892008642321,-0.06336048594076804,0.17740248000817538,0.00036293904734336133,0.04055342386812467
2019-03-13,2019,1933,0,0,66,7,-0.46898678912237113,-0.0011724669728059279,-0.04064593625972611,0.17361707424802406,0.0005156511519899783,0.023525987510755866
2019-03-14,2019,1933,0,0,65,17,-0.8245803996953884,-0.002061450999238471,-0.06346116472400923,0.17742421576044315,0.0006863943396429345,0.03907336377352487
2019-03-15,2019,1934,0,0,65,12,0.35502853594053574,0.0008875713398513393,0.023412121966417627,0.16292901569426285,0.00030718535697006784,0.035875909842034384
2019-03-18,2019,1934,0,0,65,5,-0.3718317692585765,-0.0009295794231464413,-0.05047705814499395,0.17525421650422762,0.00028318272255416324,0.012675625426196987
2019-03-19,2019,1935,0,0,66,7,0.1849710283242223,0.00046242757081055573,-0.02205790062120644,0.17051355076557917,0.0004017155930609143,0.014304171581764804
2019-03-20,2019,1936,0,0,67,7,0.009774251256508215,2.4435628141270537e-05,-0.04836108818145429,0.17490727048856342,0.0010584036004221218,0.012765773410045245
2019-03-22,2019,1936,0,0,66,6,-0.8667047401658143,-0.002166761850414536,-0.01913859843293148,0.17003173089036455,0.0009965390308651705,0.020308414985717168
2019-03-25,2019,1936,0,0,65,12,1.4709563228004243,0.0036773908070010606,0.17271546391829606,0.13802168348899177,0.0004921195933802946,0.016194846811243974
2019-03-26,2019,1936,0,0,63,5,-0.38301800347644255,-0.0009575450086911064,-0.05971816370030384,0.17680151827754134,0.0009457576538225608,0.02446956995090614
2019-03-27,2019,1936,0,0,61,12,0.38589841928893925,0.0009647460482223481,0.07378143894686137,0.15452581355452685,0.00034376765986970996,0.016507000680555946
2019-03-28,2019,1937,0,0,63,18,0.3142298224134492,0.000785574556033623,-0.00877328471518685,0.1683018740857158,0.0006113821526665973,0.053660716393811536
2019-03-29,2019,1937,0,0,64,8,0.8980210467661124,0.002245052616915281,0.03169237623743328,0.16154879734557945,0.0005390099593602518,0.02272147741220384
2019-04-01,2019,1937,0,0,63,6,-0.9576056384745419,-0.0023940140961863548,-0.08838799376927883,0.18158110415804893,0.0004362497553214662,0.05379643108719858
2019-04-02,2019,1937,0,0,63,6,0.1702389041081959,0.00042559726027048973,-0.0436801150591097,0.17410909264373176,0.00033890252159176807,0.06636032796633141
2019-04-03,2019,1937,0,0,63,7,0.9684132562278805,0.0024210331405697012,0.04278494796588595,0.15969365835516222,0.00033876875506983406,0.0250974149088726
2019-04-04,2019,1937,0,0,65,8,0.7133449655035371,0.0017833624137588427,0.05944592794077058,0.15691582386375758,0.00030740904474479465,0.01260388949390187
2019-04-05,2019,1937,0,0,64,7,0.6558314589108583,0.0016395786472771456,0.04756268871334274,0.15888817562806382,0.0003433720657097353,0.04571766717986559
2019-04-08,2019,1937,0,0,63,7,0.6754575715058404,0.001688643928764601,0.07200842885564063,0.15481916152111644,0.0002509596127057729,0.014516289800270634
2019-04-09,2019,1937,0,0,64,10,1.3310789768680253,0.0033276974421700633,0.13032304218874166,0.14508433763569073,0.0003326411321181991,0.021390734487328443
2019-04-10,2019,1938,0,0,63,9,-0.04328938816971617,-0.00010822347042429042,-0.026263795921603977,0.17121140985407454,0.0002792381479871399,0.013142041840911896
2019-04-11,2019,1938,0,0,66,7,-1.8188451180672343,-0.004547112795168086,-0.1637631942277418,0.19415922449862164,0.0008495091089783431,0.013803992649595875
2019-04-12,2019,1938,0,0,65,6,0.7148776135242363,0.0017871940338105908,0.05451134579972404,0.1577372524868271,0.0003305234561493884,0.03028134489624877
2019-04-15,2019,1938,0,0,64,22,0.12594572007068427,0.0003148643001767107,0.02141381216683433,0.1632570753676572,0.00039667248697149485,0.02363750352508489
2019-04-16,2019,1938,0,0,65,10,-0.5025696990918775,-0.0012564242477296939,-0.048170131643733,0.17487414522215558,0.0006573512687017747,0.012228206300789602
2019-04-17,2019,1938,0,0,65,9,2.8176111078712904,0.007044027769678226,0.23700151184044826,0.12729234425086225,0.0003146414894166186,0.01753243417376323
2019-04-18,2019,1938,0,0,65,14,0.7338768449217881,0.0018346921123044702,0.14333071960582378,0.14291551593238558,0.00025947331477517985,0.017303231601824395
2019-04-19,2019,1938,0,0,65,15,0.02743828437887358,6.859571094718395e-05,0.03279402834961846,0.16135268114953455,0.00021922587131459456,0.025264268440178875
2019-04-22,2019,1938,0,0,64,13,0.15204345669183417,0.0003801086417295854,0.04641164853370473,0.15909275589305086,0.0003505279309101837,0.022253361319938905
2019-04-23,2019,1938,0,0,63,6,-0.16152287615846328,-0.0004038071903961582,0.015889115245984384,0.16418267900972108,0.0003712078528901884,0.02183790582356583
2019-04-24,2019,1938,0,0,64,16,-0.1455529314508583,-0.00036388232862714573,-0.020870761686374095,0.17031503262746006,0.00042427858902186524,0.04403315179299926
2019-04-25,2019,1938,0,0,64,15,-1.9710791084654748,-0.004927697771163687,-0.12009665683646674,0.1868733903293605,0.0009424804629006425,0.031476499466397814
2019-04-26,2019,1938,0,0,64,11,-0.48307686296398167,-0.0012076921574099542,-0.05700080928657514,0.17634678478490678,0.0007261398114136472,0.007630758978089675
2019-05-07,2019,1938,0,0,63,13,-0.16543498220091957,-0.0004135874555022989,-0.00937852343130962,0.1684022490750471,0.000969053046804064,0.2178524020397462
2019-05-08,2019,1938,0,0,63,6,-0.3793408339224921,-0.0009483520848062304,-0.0160564684809875,0.16951287287225641,0.0008231316167809667,0.10138044983153204
2019-05-09,2019,1938,0,0,63,10,9.602723635060428e-05,2.400680908765107e-07,-0.03432919390327069,0.17256432432038674,0.001457791296382312,0.0145398153209853
2019-05-10,2019,1938,0,0,64,9,1.2917734642791971,0.0032294336606979927,0.03722586526937844,0.16062599095250807,0.0010029816044672798,0.010625585363937803
2019-05-13,2019,1938,0,0,62,7,0.3896719831858635,0.0009741799579646587,0.06720103390834735,0.1556253315271645,0.001156909690513564,0.0212716856637643
2019-05-14,2019,1938,0,0,61,5,-0.17162402321438341,-0.0004290600580359585,-0.014893144970106966,0.16931934201551804,0.0010383581398348517,0.004569164489760338
2019-05-15,2019,1938,0,0,61,3,-0.33368886020722366,-0.0008342221505180592,0.009956394683472427,0.16517518477861015,0.0006124619440545677,0.00475773377047159
2019-05-16,2019,1938,0,0,61,2,-1.041025482920559,-0.0026025637073013976,-0.09900313773475695,0.18335078159185503,0.0004639541462419979,0.011176358160932355
2019-05-17,2019,1938,0,0,60,5,-0.8825370582514727,-0.0022063426456286816,-0.059595025218748515,0.17677734398953818,0.00037075777538275354,0.009165724628078815
2019-05-20,2019,1938,0,0,61,8,1.4954985610371256,0.003738746402592814,0.16439236035549007,0.13940475395012,0.00031118790768390025,0.005069605561424325
2019-05-21,2019,1938,0,0,61,6,-0.7834418091803156,-0.001958604522950789,-0.13074157738003706,0.18864436557485065,0.00041419402306494226,0.010376245704131933
2019-05-22,2019,1938,0,0,60,9,-0.4219533083899173,-0.0010548832709747933,0.008429224533123076,0.16542638882744998,0.00030050868193838093,0.004830420126976085
2019-05-23,2019,1938,0,0,61,5,-0.0083024933748026,-2.07562334370065e-05,-0.0005135381359721485,0.16691578808009877,0.00032964752785370044,0.016992596972764663
2019-05-24,2019,1938,0,0,60,10,0.19187705198339378,0.00047969262995848445,0.03722647311208494,0.16062381459266212,0.0003913965120808626,0.008190530450957755
2019-05-27,2019,1938,0,0,60,5,-0.2782727166379042,-0.0006956817915947605,-0.010763675980387431,0.16862966176316826,0.00036408839623532454,0.013094435335947069
2019-05-28,2019,1938,0,0,60,5,1.2019778340328877,0.0030049445850822195,0.10153620659183286,0.14989423258344847,0.00037750828707570655,0.006028667857877727
2019-05-29,2019,1938,0,0,60,6,-0.3092591863236953,-0.0007731479658092383,-0.07921797964152996,0.18005094828006019,0.00039372499120770584,0.013198839030015595
2019-05-30,2019,1938,0,0,59,3,-0.735700785523993,-0.0018392519638099824,-0.008712998750033773,0.16829113534973703,0.0007051684198721432,0.011819735403705957
2019-05-31,2019,1938,0,0,59,6,-1.0408528280684866,-0.0026021320701712165,-0.007356571310385195,0.16806466568211914,0.0005457009910801316,0.009389402489297491
2019-06-03,2019,1939,0,0,58,10,-0.739636690174641,-0.0018490917254366025,-0.061756841848599225,0.17714175895810186,0.0009442895949352105,0.0069016815972728525
2019-06-04,2019,1939,0,0,58,9,-0.8214895915684273,-0.0020537239789210683,-0.029082763110350414,0.1716822057883025,0.00036714662727144697,0.004762385966579382
2019-06-05,2019,1939,0,0,57,6,-0.3793120514080519,-0.0009482801285201298,-0.012253293365902316,0.16887789862673744,0.0004144001983668572,0.010946726472090065
2019-06-06,2019,1939,0,0,59,4,-0.18007358408552943,-0.00045018396021382354,0.024808451481078124,0.1626967257279376,0.0004944860706855412,0.010281701306486892
2019-06-07,2019,1939,0,0,59,8,0.5256871344463717,0.0013142178361159292,0.043897168266585206,0.15950461837576774,0.0002959758247581467,0.013312374953137604
2019-06-10,2019,1939,0,0,59,2,0.3146006971281196,0.000786501742820299,-0.008611022403964214,0.16826871382183647,0.0002809350826419856,0.017364758185055302
2019-06-11,2019,1939,0,0,61,3,-1.467576031494187,-0.0036689400787354677,-0.15559716267969656,0.19279430568889494,0.0004595414663715451,0.010700137285646602
2019-06-12,2019,1940,0,0,62,7,-0.775491446478071,-0.0019387286161951776,-0.02866861118770943,0.17161152616454428,0.0003125371718617436,0.02199546047263992
2019-06-13,2019,1940,0,0,62,11,-1.0123649099746994,-0.0025309122749367485,-0.14290881959465884,0.1906753134486945,0.00038577564339678787,0.009523528293855025
2019-06-14,2019,1940,0,0,59,11,-0.13669890984078625,-0.0003417472746019656,0.010776596902963656,0.1650393716700908,0.00046639806424348827,0.008013918602168386
2019-06-17,2019,1940,0,0,57,9,-1.1558370277017742,-0.0028895925692544355,-0.10147380321344471,0.1837670078047056,0.0008088801314029006,0.02550588581150892
2019-06-18,2019,1941,0,0,58,7,-0.29575779171991456,-0.0007393944792997864,-0.03017684417440193,0.1718627472359354,0.00037843378038646965,0.0646184895308027
2019-06-19,2019,1942,0,0,58,13,-0.5594236878929704,-0.001398559219732426,-0.07512425178229463,0.1793694908655555,0.0004902430109086293,0.05448806567570059
2019-06-20,2019,1942,0,0,57,10,-0.21338320623188928,-0.0005334580155797232,-0.00306801602979211,0.1673413599647235,0.00027779307757983386,0.022884653393500744
2019-06-21,2019,1942,0,0,57,13,0.18133296389700315,0.00045333240974250786,0.06244645395374976,0.15640956862486058,0.00027343030040579894,0.01758176578190504
2019-06-24,2019,1942,0,0,57,20,0.3592960308444515,0.0008982400771111287,0.011747604193116061,0.16487535169835338,0.00043383581026438676,0.013485003428129264
2019-06-25,2019,1942,0,0,57,14,1.3256617430095936,0.003314154357523984,0.08321064699223392,0.1529540177690992,0.0005309353723843477,0.00888916515691968
2019-06-26,2019,1942,0,0,57,29,-0.05657456168401924,-0.0001414364042100481,-0.009930224169476426,0.16848646799845776,0.00037374550998444165,0.015493053464034862
2019-06-27,2019,1943,0,0,57,3,0.15289748259522273,0.00038224370648805685,-0.0020523197576751556,0.16718045888109384,0.0008315751591925445,0.03445693216842662
2019-06-28,2019,1943,0,0,57,11,-0.4413017066097855,-0.0011032542665244639,-0.035598795386743036,0.17277174190496428,0.0002868004278544066,0.04500512110831158
2019-07-01,2019,1943,0,0,58,26,-2.3128334390544527,-0.005782083597636132,-0.20654059369276453,0.20129287637343407,0.000630111822053459,0.09044600890167476
2019-07-02,2019,1943,0,0,57,9,1.318322475993522,0.003295806189983805,0.10099370676615488,0.14998470988458315,0.0002456128949945787,0.1760823325373983
2019-07-03,2019,1943,0,0,57,3,0.2684223090821641,0.0006710557727054102,0.06743573468761371,0.15557445116860244,0.0002551031527254453,0.04316240663929921
2019-07-04,2019,1943,0,0,58,6,0.06528739136804007,0.0001632184784201002,-0.003574497598216644,0.16742945856684396,0.0004696007246725325,0.03230145416764944
2019-07-05,2019,1943,0,0,55,6,0.459016967464439,0.0011475424186610974,-0.017556955007863903,0.16976219700425862,0.0003401904819219518,0.060031304655307136
2019-07-08,2019,1943,0,0,54,1,0.38642796926075595,0.0009660699231518898,0.031328027281960116,0.16160529360615877,0.0002665864005805427,0.018710842179998674
2019-07-09,2019,1943,0,0,53,3,-0.227752637718176,-0.00056938159429544,0.011587059425386126,0.16490094605240369,0.0003279693298752195,0.021613176949406013
2019-07-10,2019,1943,0,0,54,7,0.14939168860517626,0.00037347922151294066,0.05208863871033416,0.15814219674882452,0.0003959112964669051,0.2240916622183754
2019-07-11,2019,1943,0,0,55,4,0.005749472749070339,1.4373681872675847e-05,-0.027761504749528813,0.1714622922682378,0.0005638611652904183,0.010346430455058647
2019-07-12,2019,1943,0,0,52,1,0.014373044470438912,3.593261117609728e-05,0.028418970271278987,0.16208990437095977,0.00028789322130856365,0.010902221380199556
2019-07-16,2019,1943,0,0,51,4,-0.5431874795339322,-0.0013579686988348305,-0.057031666016983576,0.1763531058685079,0.0009719887123183665,0.012306873603721041
2019-07-17,2019,1943,0,0,54,3,0.6898192379991364,0.001724548094997841,0.05889606911176647,0.1570118901182631,0.0005261071367355764,0.008775867701916032
2019-07-18,2019,1944,0,0,55,15,-1.1068589249530605,-0.002767147312382651,-0.08511463493182135,0.18103274575712258,0.0003101900048990877,0.02940598901490858
2019-07-19,2019,1944,0,0,54,9,-0.38796629958334927,-0.0009699157489583732,-0.010365624138381725,0.1685638314754846,0.00021631005307166883,0.016000632903835372
2019-07-22,2019,1944,0,0,54,7,0.26470660482787073,0.0006617665120696769,-0.0489797253047911,0.1750006331444039,0.0002482140559167925,0.03297377325990861
2019-07-23,2019,1944,0,0,54,8,0.005155983056967295,1.2889957642418237e-05,-0.03197533638783862,0.17216438418729021,0.0002528311108340444,0.011068144407853534
2019-07-24,2019,1944,0,0,54,10,-0.6822141607437632,-0.001705535401859408,-0.039169165124720066,0.17336168352777345,0.0003379618301238106,0.012554207688754527
2019-07-25,2019,1944,0,0,54,10,-0.8225100131689954,-0.0020562750329224887,-0.07108445204444937,0.17868981333274978,0.00033855459515742066,0.03280082711364228
2019-07-26,2019,1944,0,0,54,9,-0.32659177426841646,-0.0008164794356710412,0.02193590128343726,0.16317211962178949,0.00035424014784657534,0.037527818256165336
2019-07-29,2019,1945,0,0,54,7,-0.23747086231072623,-0.0005936771557768155,-0.023495513845730776,0.17075257025601717,0.0005169289212812488,0.027745480339397555
2019-07-30,2019,1945,0,0,55,11,0.05087392568627312,0.0001271848142156828,0.019977411478385162,0.16349620007811472,0.0004723164526145074,0.01278520722897223
2019-07-31,2019,1945,0,0,56,4,-1.8672717972095811,-0.004668179493023953,-0.16608182886320066,0.19454651698574071,0.001279732547019432,0.012937584921101862
2019-08-01,2019,1945,0,0,55,7,-0.570640298233358,-0.001426600745583395,-0.070758851348859,0.17864256719322602,0.0010231067159712929,0.019233923860146166
2019-08-02,2019,1945,0,0,56,25,0.8216320917394139,0.0020540802293485348,0.054380614819786635,0.15775901618197707,0.00039637470817967897,0.028338486620996854
2019-08-05,2019,1945,0,0,54,22,0.5445293352860122,0.0013613233382150306,0.03639227915532736,0.16076091701769968,0.0006131738692798602,0.027491064713573096
2019-08-06,2019,1945,0,0,54,24,0.7466960438739156,0.001866740109684789,0.04807834032911665,0.15881150978168931,0.0006055010602141456,0.052766731220656476
2019-08-07,2019,1945,0,0,55,9,-1.3528304514468366,-0.0033820761286170913,-0.04281929084636066,0.1739687229444014,0.0005841852274696721,0.04869772897818325
2019-08-08,2019,1945,0,0,53,11,-1.1307956812102269,-0.002826989203025567,-0.10378434283499255,0.18415209619219122,0.001072356133028506,0.034559740003279896
2019-08-09,2019,1946,0,0,54,10,1.37495845087172,0.0034373961271793,0.08886099269446635,0.15201018779914738,0.0006368851699731286,0.046542077021771704
2019-08-13,2019,1946,0,0,54,8,0.9474171441543129,0.002368542860385782,0.06193257259850561,0.15650325767932347,0.0005470923310523235,0.03843414712037544
2019-08-14,2019,1946,0,0,54,3,-0.33719744476188074,-0.0008429936119047018,-0.021823405886486087,0.17047086123002825,0.00033071017003164887,0.018713846381112235
2019-08-15,2019,1946,0,0,54,15,-0.6961913824591739,-0.0017404784561479347,-0.06682090100948068,0.1779710960411928,0.0003963115623764527,0.07032567156462216
2019-08-16,2019,1946,0,0,54,12,-0.7772219766132662,-0.0019430549415331655,-0.037258507912821086,0.1730499755109733,0.0004595598041500534,0.01590774081096638
2019-08-19,2019,1946,0,0,54,5,-0.5822741952118153,-0.0014556854880295384,-0.09427077176550831,0.1825617420921648,0.00034880991657786845,0.07467613847059676
2019-08-20,2019,1946,0,0,54,3,0.10407234467015036,0.0002601808616753759,0.036320869494276785,0.1607570347940871,0.0002729921921257545,0.02083391535067744
2019-08-21,2019,1946,0,0,57,8,0.12570799720214398,0.00031426999300535996,0.02474044257621864,0.16269488329951343,0.00022778706652879942,0.019734908680612485
2019-08-22,2019,1946,0,0,57,10,-0.1925750342510959,-0.00048143758562773975,-0.0012006104835683379,0.1670377729237044,0.000604349392411823,0.016229316902579234
2019-08-23,2019,1946,0,0,57,8,0.3531267349130398,0.0008828168372825995,-0.011759318364252423,0.1687901249219846,0.0003079263170396731,0.010563429025529784
2019-08-26,2019,1946,0,0,58,3,0.8366681568668674,0.0020916703921671684,0.041133422969522715,0.1599621260068057,0.0003304826896139614,0.10346171329782632
2019-08-27,2019,1946,0,0,54,9,-0.06173131413906441,-0.00015432828534766102,-0.014103713087536014,0.16917816581431575,0.0003205201668466714,0.031819740107431056
2019-08-28,2019,1946,0,0,54,12,2.5836251802555936,0.006459062950638984,0.24524701709165023,0.12592087539205007,0.0006239708123237948,0.026451228038973505
2019-08-29,2019,1946,0,0,53,15,-0.17084182817543936,-0.0004271045704385984,-0.0248621845461468,0.17098251029187406,0.0002931891928994914,0.013284683623454974
2019-08-30,2019,1946,0,0,53,2,0.04275042803547713,0.00010687607008869282,0.06141557740958452,0.15658357990741256,0.0002896791053083635,0.0317645059884416
2019-09-02,2019,1947,0,0,53,6,-1.0274061436927937,-0.0025685153592319844,-0.06937482784176822,0.17840657060069243,0.0002718209827830865,0.014274098552629629
2019-09-03,2019,1947,0,0,53,6,1.317856602627026,0.003294641506567565,0.15867979838751683,0.1403638277603526,0.0005839161147834614,0.03152237529406927
2019-09-04,2019,1947,0,0,54,7,-0.4360899181423098,-0.0010902247953557744,-0.042473563611810254,0.17391584896363974,0.00025315302596510923,0.040242147625398884
2019-09-05,2019,1947,0,0,53,4,-0.11188326013783101,-0.00027970815034457754,0.023026971874103467,0.16299239275442076,0.0003360089730878496,0.027678896468660483
2019-09-06,2019,1947,0,0,52,10,4.803520530409978,0.012008801326024944,0.32278055186764143,0.11298425490292335,0.00046626309904429085,0.02376841744427065
2019-09-09,2019,1947,0,0,51,21,1.6902897978792963,0.004225724494698241,0.19034601245643434,0.13508046885732009,0.00046227964464637573,0.02930615426787766
2019-09-10,2019,1947,0,0,51,7,1.5078785272559356,0.003769696318139839,0.1378268314941303,0.14383802776776622,0.00034461090611448316,0.019335907480052077
2019-09-11,2019,1947,0,0,51,7,0.7986789329417825,0.0019966973323544564,0.1174451999781381,0.14724063622239314,0.00033771663116647467,0.0530878914216627
2019-09-12,2019,1947,0,0,50,6,-0.20048574934972885,-0.0005012143733743222,-0.044918248518718056,0.1743218967136055,0.00038699209723467784,0.017261849914173545
2019-09-13,2019,1946,0,0,50,8,-1.951865095538283,-0.004879662738845708,-0.14007958021086175,0.19020458764473333,0.0004970350184639296,0.017199273592739563
2019-09-17,2019,1945,0,0,50,11,0.2639992907100004,0.000659998226775001,0.0018070628620311864,0.16653522668594564,0.000291769293909941,0.015441157901111724
2019-09-18,2019,1945,0,0,49,5,0.19225324491458778,0.00048063311228646946,-0.03514512410984198,0.1726912958568112,0.0003463934426314595,0.031146736034476024
2019-09-19,2019,1945,0,0,48,13,-0.22320403679706158,-0.0005580100919926539,-0.05302823564936632,0.175678433929714,0.00035964117777239246,0.01711263244401464
2019-09-20,2019,1946,0,0,50,11,0.2212182273995894,0.0005530455684989735,0.010654146199928268,0.1650531516100147,0.000228653395286376,0.013206703600057908
2019-09-24,2019,1947,0,0,50,5,-1.3011122394182413,-0.003252780598545603,-0.08655443255698243,0.1812735397900293,0.0002643740381403204,0.014024434050158255
2019-09-25,2019,1947,0,0,50,3,0.5792496856115059,0.0014481242140287648,0.002200014694436359,0.1664698107323076,0.0005753101878783433,0.012565048478523643
2019-09-26,2019,1947,0,0,51,12,0.790870540523332,0.0019771763513083303,0.02602646900226306,0.1624938160620897,0.00044236491510453614,0.011434221416958847
2019-09-27,2019,1948,0,0,51,6,1.4670816508162972,0.003667704127040743,0.09888227246184801,0.1503398036539131,0.0006203146633366891,0.02825169329643715
2019-09-30,2019,1948,0,0,52,3,0.062480672241340296,0.00015620168060335074,-0.023124133211329567,0.17069077654141498,0.0003176502698985304,0.026911870786417116
2019-10-01,2019,1949,0,0,52,4,0.4492575043878153,0.0011231437609695383,0.02577993881479333,0.1625362378741944,0.0006637534221762683,0.03823947597175631
2019-10-02,2019,1949,0,0,52,8,-0.009420888277107853,-2.3552220692769632e-05,-0.032199581693235384,0.17220168429882676,0.0002593142911174545,0.023193639716663765
2019-10-03,2019,1949,0,0,52,2,-0.2793893033207904,-0.0006984732583019761,0.03695821560396069,0.16065808232326495,0.00028354948688937384,0.025311312733323817
2019-10-04,2019,1949,0,0,50,3,0.3695094749091177,0.0009237736872727941,0.07081613540188605,0.15501982247653318,0.0004417994346533301,0.01585147614298409
2019-10-07,2019,1949,0,0,49,5,-0.6005805258188935,-0.0015014513145472337,-0.06850299408445198,0.17825698022429926,0.00023176519578502802,0.010934907572031267
2019-10-08,2019,1950,0,0,52,12,0.43262233036920517,0.0010815558259230128,0.06903170057813574,0.15531244475234907,0.0003432406651490805,0.020342787848188805
2019-10-09,2019,1951,0,0,56,7,-0.003435990394213495,-8.589975985533738e-06,-0.048516846499556794,0.1749225636914396,0.00032346941800210044,0.014741401539200638
2019-10-10,2019,1951,0,0,58,14,-0.004360132865937061,-1.0900332164842653e-05,-0.03305092758643574,0.1723510492941633,0.0006069626641791857,0.05364211119530569
2019-10-11,2019,1951,0,0,58,8,-0.24201841016185632,-0.0006050460254046408,-0.026284344358845853,0.17121775821903568,0.0004330688884922587,0.12517458340049872
2019-10-15,2019,1951,0,0,57,11,-0.08412226791616617,-0.00021030566979041542,-0.010518905328753294,0.168587368435951,0.00031585762995838153,0.01826959331256004
2019-10-16,2019,1951,0,0,56,8,-1.0334848090206157,-0.0025837120225515394,-0.09297814100285381,0.18234332756748087,0.0003052000650870473,0.008096015792921041
2019-10-17,2019,1951,0,0,56,7,-0.34056795052235467,-0.0008514198763058866,-0.01882011887015221,0.1699685926501051,0.00031672526239830227,0.014661295337978688
2019-10-18,2019,1951,0,0,56,5,-0.6118204953652027,-0.0015295512384130067,-0.020575143408136046,0.17026620742039264,0.0003186835398650918,0.027810173077764275
2019-10-21,2019,1951,0,0,57,10,-0.5261554098430621,-0.0013153885246076553,-0.04876343782468359,0.17496370188621893,0.000329379832146319,0.049725075389000735
2019-10-23,2019,1951,0,0,57,10,0.8860389500066036,0.002215097375016509,0.07909068953069723,0.1536306659104672,0.0002454282397732865,0.011586820360468677
2019-10-24,2019,1951,0,0,58,8,1.0229561676171528,0.002557390419042882,-0.03607919160422828,0.17285165435483618,0.00034633618891164635,0.024560892709421186
2019-10-25,2019,1952,0,0,58,17,0.15751237238994897,0.00039378093097487243,-0.06138067006270681,0.17707366869660077,0.0003239692159677545,0.015561394929495428
2019-10-28,2019,1953,0,0,60,12,-0.32883067878238664,-0.0008220766969559666,0.04857492940978583,0.15873052034964744,0.0006014474222678861,0.03250531538646227
2019-10-29,2019,1953,0,0,59,14,-0.8337053997464186,-0.002084263499366046,-0.028165707666052225,0.17153185670047894,0.0005613642376706831,0.012812254073157264
2019-10-30,2019,1954,0,0,59,2,0.7881363553853052,0.001970340888463263,0.03388094270098616,0.16118262603757463,0.0005499122535557652,0.018186250459564228
2019-10-31,2019,1954,0,0,59,5,0.18912982852367533,0.0004728245713091883,0.06454478650786667,0.15606636732156257,0.0006570607893998052,0.06853041208816868
2019-11-01,2019,1955,0,0,63,8,0.3413745853260146,0.0008534364633150366,0.04867311158869501,0.15871001029500392,0.0004443130490321194,0.02011761283053406
2019-11-05,2019,1955,0,0,63,21,-0.17496139146423753,-0.00043740347866059385,-0.044354783193040544,0.17423131368878358,0.00043544357922487817,0.025602321089574536
2019-11-06,2019,1955,0,0,61,18,-0.024618819490009658,-6.154704872502415e-05,-0.006309032590445694,0.1678816453359937,0.0005695278085543794,0.014183535170323208
2019-11-07,2019,1955,0,0,62,15,1.2311448406461638,0.0030778621016154094,0.05072719548262668,0.15837189050957573,0.000609832699440596,0.07817720111146467
2019-11-08,2019,1955,0,0,61,16,-0.48502599803081387,-0.0012125649950770346,-0.040379639732610134,0.1735679088112226,0.0003593940450677994,0.06510190318751537
2019-11-11,2019,1955,0,0,61,17,0.6073032950831341,0.0015182582377078352,0.029220076693465047,0.1619597950022292,0.0005003081237946585,0.03477092548809631
2019-11-12,2019,1955,0,0,61,20,-0.5965185924452914,-0.0014912964811132285,-0.02219642401882547,0.17053892795895031,0.0006625931212814717,0.026414631403452637
2019-11-13,2019,1955,0,0,61,26,0.3921878476857916,0.000980469619214479,0.06090853355321737,0.15667294096351356,0.0005446964689971839,0.024439080613094705
2019-11-14,2019,1955,0,0,61,29,-1.1310354674340424,-0.002827588668585106,-0.09167285220293422,0.18212655872090786,0.0003598819022548105,0.023330576229927666
2019-11-15,2019,1955,0,0,61,26,-1.5572984407254593,-0.003893246101813648,-0.09661518488284482,0.18294926438981615,0.00031659073933153317,0.02044417993555189
2019-11-18,2019,1955,0,0,61,24,-1.2728222110418341,-0.0031820555276045855,-0.07897038355658555,0.18000849598861762,0.0003685820454848789,0.018323116712788766
2019-11-19,2019,1955,0,0,61,20,-0.4498211344668793,-0.0011245528361671982,-0.05701547158949124,0.1763406650907829,0.000257443941745015,0.016511061656880977
2019-11-20,2019,1955,0,0,60,23,-0.5568082512365243,-0.0013920206280913108,-0.005086160090224668,0.16767319167566627,0.0002555346326138866,0.039139518174604544
2019-11-21,2019,1955,0,0,58,22,1.2700674383346235,0.003175168595836559,0.19149726934667283,0.13488678816779576,0.0003363694156740662,0.02256704742378198
2019-11-22,2019,1955,0,0,58,19,-0.1491864815435193,-0.00037296620385879824,-0.00623220452178283,0.1678712639489029,0.0003080994714243834,0.012880390673627368
2019-11-25,2019,1955,0,0,58,29,0.4338424492408802,0.0010846061231022006,0.03709161198334113,0.160644272398198,0.0002966102569509498,0.050266979700191006
2019-11-26,2019,1955,0,0,59,15,-0.22561835042886136,-0.0005640458760721534,-0.03304778474751583,0.17234401828243037,0.00028643467881494074,0.01853129220992601
2019-11-27,2019,1955,0,0,58,24,-0.8447582094163968,-0.002111895523540992,-0.03037884819989159,0.1718944143684324,0.00024326729060603387,0.010045563249279401
2019-11-28,2019,1955,0,0,58,23,0.4114978972774185,0.0010287447431935463,0.05169574684788337,0.15820884528636947,0.0002756143141431878,0.009265138539521557
2019-11-29,2019,1955,0,0,58,22,-0.5792919077588071,-0.0014482297693970178,-0.09247274024223454,0.18226148004559842,0.00036346356800374523,0.00859390770837301
2019-12-02,2019,1955,0,0,57,20,0.45587795618961247,0.0011396948904740312,0.03312068801653225,0.16130163695119928,0.00027601864757852964,0.010740839227600074
2019-12-03,2019,1955,0,0,55,23,0.9607932565484676,0.002401983141371169,0.12528848848685337,0.14593017935689276,0.00030681299248306394,0.02742296734747755
2019-12-04,2019,1955,0,0,55,23,0.11888160926325642,0.00029720402315814106,-0.004655564630862973,0.16760579759588398,0.00022526425193018727,0.01956271213848996
2019-12-05,2019,1955,0,0,55,18,-0.5056775257829864,-0.0012641938144574661,-0.0818850508004819,0.18049077613268,0.0003198822336101029,0.02368972087481308
2019-12-06,2019,1955,0,0,54,18,-0.3027790644712305,-0.0007569476611780763,-0.018378810341421973,0.1698875493391193,0.00024097445720277678,0.007864435445556112
2019-12-09,2019,1955,0,0,54,21,-1.0057769696173573,-0.0025144424240433933,-0.06877038492353175,0.17830285750737515,0.0002849978757422239,0.020181896892428934
2019-12-10,2019,1956,0,0,54,20,0.24937730247601164,0.0006234432561900292,-0.0009703895595276264,0.1669911957800184,0.0003043442073136732,0.013480758236898815
2019-12-11,2019,1957,0,0,55,19,-0.47586891561262146,-0.0011896722890315536,-0.04617292627165148,0.17453765818637193,0.00044429483922779324,0.008783662839883067
2019-12-12,2019,1958,0,0,55,17,0.039955803313126814,9.988950828281703e-05,0.03515348237415315,0.16096289820813567,0.00036018536720712127,0.008916359666818668
2019-12-13,2019,1958,0,0,54,12,0.9505782247827077,0.0023764455619567693,0.11786718778038245,0.14716343841398807,0.00042051251722948564,0.00870272985733641
2019-12-16,2019,1960,0,0,56,13,-0.19460978183609035,-0.0004865244545902259,-0.0005845930677368717,0.16692777699951228,0.0003989457295202074,0.007789567219963075
2019-12-17,2019,1962,0,0,58,23,-0.3769630189245249,-0.0009424075473113122,-0.02127976705915392,0.17038111181190918,0.0002936889326369026,0.007438725254707949
2019-12-18,2019,1964,0,0,59,19,0.12396626486192797,0.0003099156621548199,0.014211497257810679,0.16445674272477387,0.00031044142890122666,0.058093250677138
2019-12-19,2019,1965,0,0,56,14,0.1691940358445574,0.00042298508961139346,0.06356434148777751,0.15622683824879402,0.000338332251064897,0.008070870468315193
2019-12-20,2019,1965,0,0,56,12,0.17098521237604392,0.0004274630309401098,0.03007747217229897,0.16180417353208063,0.0002054917267483819,0.00849373727228812
2019-12-23,2019,1965,0,0,56,10,0.4392815068700281,0.0010982037671750703,-0.029894564974766058,0.17181740889764407,0.0003786424043121789,0.008049389428739614
2019-12-24,2019,1965,0,0,56,12,1.33235094900584,0.0033308773725146,0.12982783091579625,0.14517295160834787,0.00019808869120997616,0.007790779525967609
2019-12-25,2019,1966,0,0,57,6,0.46060380943054535,0.0011515095235763635,0.06340917098485942,0.15625283326775385,0.0002914446785594357,0.00881635666955831
2019-12-26,2019,1966,0,0,58,15,-0.17904705861323944,-0.0004476176465330986,-0.0185477172651969,0.16992736710943843,0.0003457977913995569,0.007347429469912537
2019-12-27,2019,1966,0,0,57,12,-0.8943128947120091,-0.002235782236780023,-0.04703900946643592,0.1746837991018866,0.0006393048330266874,0.008445457707349635
2019-12-30,2020,1966,0,0,57,11,0.9378160077118403,0.0023445400192796005,0.10488010306625362,0.14933798813722793,0.0004425050055993753,0.009278898662943656
2020-01-06,2020,1966,0,0,56,10,-1.670017966094205,-0.0041750449152355125,-0.09958054347724693,0.18344964876190636,0.0006841592217865224,0.013556261494740854
2020-01-07,2020,1966,0,0,56,4,-0.5965509733874521,-0.0014913774334686302,-0.016582587402472853,0.16960254029934665,0.00047650253801229694,0.006755961691604064
2020-01-08,2020,1966,0,0,55,9,-1.2537167833970628,-0.003134291958492657,-0.08564688006618544,0.18111745782847774,0.00032638527143751727,0.034926568118060095
2020-01-09,2020,1966,0,0,51,13,-1.0613633123151796,-0.0026534082807879488,-0.10556015678693981,0.18444407414571434,0.000516179993556391,0.005998351504775101
2020-01-10,2020,1966,0,0,50,15,0.3250609889640133,0.0008126524724100333,0.006597999706047328,0.16572324212780765,0.000404049155047498,0.008527010680215854
2020-01-14,2020,1966,0,0,48,11,-0.8397371682323977,-0.0020993429205809944,-0.07044278841232973,0.17858291596180975,0.0003132840506887107,0.01971196090782236
2020-01-15,2020,1966,0,0,48,7,0.7171210926978179,0.0017928027317445448,0.08662942950427975,0.15237073460503614,0.00023078113617585076,0.012476371787532213
2020-01-16,2020,1966,0,0,48,5,1.466588465510561,0.0036664711637764023,0.10028055700639256,0.1500988986761175,0.0002629537769516108,0.020050780123534805
2020-01-17,2020,1966,0,0,48,7,0.045109430046847254,0.00011277357511711814,0.08581715523014949,0.15251080876107825,0.00027126079289376253,0.005502041254254594
2020-01-20,2020,1966,0,0,49,11,-0.657224388153983,-0.0016430609703849575,-0.10268187170110997,0.18395992910630155,0.00025331122999455984,0.008003402897810276
2020-01-21,2020,1966,0,0,50,10,-0.5792793350988916,-0.001448198337747229,-0.07694803076687165,0.17967235847167057,0.00033435847352864884,0.03200228125898733
2020-01-22,2020,1966,0,0,50,15,-0.6738256442030796,-0.0016845641105076989,-0.0443668459545083,0.17423150238790316,0.0003484944307264483,0.029553848556881146
2020-01-23,2020,1966,0,0,50,15,-1.028607809977057,-0.0025715195249426427,-0.0850480648589236,0.18102513771809578,0.00081829000006168,0.020746996160122256
2020-01-24,2020,1966,0,0,47,15,0.7328371564615072,0.001832092891153768,0.04689248689445424,0.15900948982378976,0.00035328900331042687,0.01023614555881885
2020-01-27,2020,1966,0,0,46,8,-2.183258552120988,-0.00545814638030247,-0.2065043197726812,0.20128356098175584,0.0003407676400322501,0.0188053158674126
2020-01-28,2020,1966,0,0,45,6,1.2806629093262933,0.0032016572733157334,0.060108382906664835,0.15680763100188655,0.000753234698626696,0.012561896740974477
2020-01-29,2020,1966,0,0,45,3,-0.7120209624494366,-0.0017800524061235914,-0.01336972727470297,0.16906468093281055,0.0005560682018201632,0.02104780115493086
2020-01-30,2020,1966,0,0,44,8,1.9025328787340727,0.004756332196835182,0.1288682835212797,0.1453347991551261,0.0005299353095767686,0.023390659072355983
2020-01-31,2020,1966,0,0,44,3,1.1678755032266115,0.0029196887580665285,0.09604817751849418,0.150809609169055,0.0005330306959685408,0.019607465551058613
2020-02-03,2020,1966,0,0,41,6,-0.2602603502820562,-0.0006506508757051405,-0.04057425683007277,0.17359992444377817,0.0004966880846068692,0.03247014054794923
2020-02-04,2020,1966,0,0,41,3,1.9192815623628214,0.004798203905907053,0.20531049016330288,0.13258208889544654,0.000641947453586064,0.046570174367046274
2020-02-05,2020,1966,0,0,42,1,-0.5033454232378062,-0.0012583635580945155,-0.08296847290381369,0.1806760079296621,0.0005051967989728492,0.019849039347510557
2020-02-06,2020,1966,0,0,39,1,-1.167094222457334,-0.002917735556143335,-0.1191049845734958,0.18670411248355467,0.0005325533360407513,0.013430468585552961
2020-02-07,2020,1967,0,0,41,0,0.6284944884215633,0.0015712362210539082,0.0697623482694457,0.15519439375700178,0.0005550033647809601,0.012506511895381128
2020-02-10,2020,1967,0,0,39,1,0.5030308875403986,0.0012575772188509965,0.0671834191943851,0.15562376791912172,0.0005728666681233742,0.011310304809401714
2020-02-12,2020,1967,0,0,40,9,0.5468510831468734,0.0013671277078671834,-0.00906197173087909,0.16834394939824562,0.0007123403781174373,0.01218674783006988
2020-02-13,2020,1967,0,0,40,5,-0.031400859494726596,-7.850214873681648e-05,0.002273103907997359,0.16645597489905437,0.0008567268931578373,0.008127134282876631
2020-02-14,2020,1967,0,0,39,8,0.6855813438519434,0.0017139533596298585,0.04190883661531415,0.1598436256661535,0.0006812764596997011,0.01733344835257619
2020-02-17,2020,1967,0,0,39,11,-1.3744421230650476,-0.003436105307662619,-0.03971644795327714,0.17345651891662067,0.0003883868566963633,0.011424817603565987
2020-02-18,2020,1967,0,0,39,10,-0.27142554148203735,-0.0006785638537050934,-0.028592990450586876,0.1715971934142335,0.00027401073129528495,0.00675840557217565
2020-02-19,2020,1967,0,0,40,19,-0.5108943099773863,-0.0012772357749434658,-0.046870833223582424,0.1746441423323962,0.0002806836457366245,0.05993480371687648
2020-02-20,2020,1967,0,0,40,18,-0.7213251324560161,-0.0018033128311400403,-0.07884897643480585,0.17999106510748036,0.001985698608099096,0.00886536088633647
2020-02-21,2020,1967,0,0,39,14,-1.347109847485547,-0.0033677746187138675,-0.06895325421727147,0.17833770344172026,0.00040770867635771447,0.0036581453670438786
2020-02-25,2020,1967,0,0,39,22,-0.67333372867874,-0.00168333432169685,-0.05296084649614547,0.1756719272547852,0.0010093657144716617,0.023907025734716737
2020-02-26,2020,1967,0,0,39,22,-1.0621746833162398,-0.0026554367082905995,-0.02008570127125894,0.17018723013921916,0.0022393271581000076,0.01464659188962866
2020-02-27,2020,1967,0,0,40,33,0.21589156329207881,0.0005397289082301971,0.044225425180706254,0.15945768059025614,0.0036209616335976962,0.08634011844398111
2020-02-28,2020,1967,0,0,40,36,1.002675732840086,0.002506689332100215,-0.05671446754920415,0.17629785564668246,0.0015822704214105763,0.1566510586864915
2020-03-02,2020,1968,0,0,41,8,-1.1558712000381843,-0.0028896780000954607,-0.08608814939179948,0.18119007042333385,0.00075847985036054,0.14288231025871065
2020-03-03,2020,1968,0,0,41,40,0.9669894224162062,0.0024174735560405156,0.05892779131073618,0.15699782170157167,0.0005206408767612217,0.02590686167595393
2020-03-04,2020,1968,0,0,43,29,1.9120240150909735,0.004780060037727434,0.17802992592146638,0.13713424611075284,0.0012997376644306043,0.012250951965321152
2020-03-05,2020,1968,0,0,43,2,2.977693927364898,0.007444234818412245,0.19601020159222055,0.13413454166466493,0.004866022766738086,0.019155769081283656
2020-03-06,2020,1968,0,0,43,43,0.2483886178387973,0.0006209715445969933,0.053248092726867445,0.15795189416156485,0.003473335442257201,0.08902999713775285
2020-03-09,2020,1969,0,0,43,43,-2.6990688953562523,-0.006747672238390631,-0.1694342423463896,0.1951025333981492,0.003694663056827122,0.16272878390490367
2020-03-10,2020,1970,0,0,44,7,-1.2278438350953067,-0.003069609587738267,-0.024731695760216974,0.17096205705060602,0.005830969453526579,0.16088803972438398
2020-03-11,2020,1970,0,0,43,36,3.183687590586409,0.007959218976466023,0.14416795405229452,0.14278354738932136,0.002079409597988257,0.05366086918155175
2020-03-12,2020,1970,0,0,42,42,2.2184640008264163,0.0055461600020660405,0.08294728286291447,0.1529968581139859,0.003083753147127366,0.08344394723627255
2020-03-13,2020,1971,0,0,42,42,1.6776023850740183,0.004194005962685046,0.08167726056519405,0.15320906317412214,0.015571704277860665,0.16186655856050536
2020-03-16,2020,1971,0,0,42,11,-3.084696318356261,-0.007711740795890653,-0.0497001554118339,0.17512729679426642,0.0024758011640830333,0.1108087839473704
2020-03-17,2020,1971,0,0,40,2,3.0926576860353747,0.007731644215088437,0.10203675839956909,0.14981241105096538,0.004532914658875756,0.21385811107644037
2020-03-18,2020,1971,0,0,39,1,2.8527438345598357,0.007131859586399589,-0.0667240635490095,0.1779676544009083,0.00416331227337152,0.057759352449890965
2020-03-19,2020,1971,0,0,36,0,2.0184888185405256,0.005046222046351314,-0.05716878289595659,0.17637362377264007,0.005157649420602695,0.05530501835443869
2020-03-23,2020,1971,0,0,35,0,5.399045433475276,0.01349761358368819,0.19132768386909027,0.1349155108447897,0.004452602006954795,0.11622120893938452
2020-03-24,2020,1971,0,0,35,0,0.059847360685294504,0.00014961840171323626,-0.00876767049315143,0.16829797864338114,0.0020667768312874458,0.1533637350823166
2020-03-25,2020,1971,0,0,35,3,2.2007603012462003,0.005501900753115501,0.12324176027356264,0.1462746190840913,0.00251495370233418,0.2783629309870038
2020-03-26,2020,1972,0,0,36,8,1.6674014691128138,0.0041685036727820346,0.06039362068244275,0.15675974175177151,0.0015408631392295287,0.025727621200816668
2020-03-27,2020,1972,0,0,35,10,-1.0927267525434732,-0.002731816881358683,-0.1495977855947139,0.19179335920704438,0.002940508225880888,0.12941551125648657
2020-03-30,2020,1973,0,0,35,2,1.3338383610337035,0.0033345959025842587,0.03165924227640689,0.16155367133663756,0.0014393777459957306,0.07443704674152335
2020-03-31,2020,1974,0,0,38,6,2.42368773613233,0.0060592193403308245,0.11616592010010958,0.14745458438765557,0.0010000231996533878,0.04662865240454742
2020-04-01,2020,1974,0,0,39,26,2.6428956946704933,0.006607239236676233,0.06535819173834151,0.1559304144345179,0.0008387304340263787,0.0926412806875289
2020-04-02,2020,1974,0,0,39,26,-1.4955116423664236,-0.003738779105916059,-0.036570102203789555,0.17293669822754423,0.004421486968472403,0.061272747651758705
2020-04-03,2020,1974,0,0,39,22,-2.9043130988648964,-0.007260782747162241,-0.06528809063214643,0.17772760887625424,0.0031646295345309837,0.08212138755239985
2020-04-06,2020,1974,0,0,39,8,-0.34339838618113605,-0.0008584959654528401,0.028820734182368007,0.16202553380270382,0.0015409495600935696,0.0838095961940233
2020-04-07,2020,1974,0,0,38,18,1.555258377474937,0.003888145943687342,0.13345327219054173,0.14456928829198393,0.0013086887652659404,0.06610665779733556
2020-04-08,2020,1974,0,0,39,13,0.39854916979927735,0.0009963729244981934,0.08241168006533649,0.1530849249715806,0.0009159504040152337,0.13692872533129455
2020-04-09,2020,1974,0,0,40,10,-1.6581003633078117,-0.0041452509082695295,-0.06165868129816293,0.17712127705582878,0.0012484835925707432,0.3484481833635948
2020-04-10,2020,1974,0,0,42,6,0.2164524310765592,0.000541131077691398,0.12115157055695723,0.14662234474703534,0.0008022823675466481,0.20588780623174244
2020-04-13,2020,1974,0,0,42,4,-2.7306127137783336,-0.006826531784445834,-0.13323710422739757,0.18906302755534807,0.001475550750657483,0.05858633484924772
2020-04-14,2020,1974,0,0,42,12,-2.0413725055622733,-0.005103431263905683,-0.0496939283462989,0.17512472574661675,0.0010538878054176504,0.0731975713391746
2020-04-15,2020,1974,0,0,43,8,1.8274419612609578,0.004568604903152394,0.10778730584887793,0.14885054334574033,0.0006879768288451383,0.050341422118673956
2020-04-16,2020,1974,0,0,43,7,-2.770007920714827,-0.006925019801787068,-0.14424566543220682,0.1908988591489384,0.0009602572469076114,0.038371775930517035
2020-04-17,2020,1974,0,0,44,9,0.10468200983794151,0.0002617050245948538,-0.022672588797811602,0.17061625721448725,0.0013369921966411332,0.040287104843948644
2020-04-20,2020,1974,0,0,45,10,-0.7335945298089261,-0.0018339863245223154,-0.008234246239515408,0.1682084442707804,0.0010227053735133262,0.036530367010565654
2020-04-21,2020,1974,0,0,45,7,3.716787544050557,0.009291968860126393,0.2368687640794374,0.12731693445609193,0.000965550820171768,0.13246548073317133
2020-04-22,2020,1974,0,0,47,9,-1.9064024197127443,-0.00476600604928186,-0.10420985294989225,0.18421775959648135,0.0006260598981724483,0.0516659572530654
2020-04-23,2020,1974,0,0,47,9,0.5330543607026521,0.0013326359017566303,0.07189648060809722,0.15484016304751166,0.0009072614023029352,0.03983457446711166
2020-04-24,2020,1974,0,0,47,7,-0.7493318873127556,-0.001873329718281889,-0.06094186700561801,0.17699783190963275,0.0007121224116461606,0.04600726564469622
2020-04-27,2020,1974,0,0,47,11,4.782864275881856,0.01195716068970464,0.2649087715414323,0.12263895582203539,0.0009787320938297224,0.0347613336967894
2020-04-28,2020,1974,0,0,48,4,-2.8025159251519485,-0.007006289812879871,-0.22114101679829762,0.2037288916699933,0.0012758686917464512,0.018251951686556786
2020-04-30,2020,1974,0,0,47,7,-1.873888319167371,-0.004684720797918427,-0.08689389305109461,0.18133030720626314,0.0010113427197964246,0.02929531250184588
2020-05-01,2020,1974,0,0,46,1,4.077977911794004,0.010194944779485009,0.2625038532163219,0.12304014451125182,0.0009992400132440976,0.02204919991607372
2020-05-07,2020,1974,0,0,47,0,4.759391831244837,0.011898479578112093,0.29574314034668836,0.11749479546860472,0.0015046849801443802,0.01431240076443624
2020-05-08,2020,1974,0,0,48,4,-2.1464860132502364,-0.0053662150331255905,-0.1675666457565661,0.19478656269636024,0.0008301388849979674,0.030788462629391562
2020-05-11,2020,1974,0,0,48,5,-1.2655273346841025,-0.003163818336710256,-0.1267803847369993,0.18798214097657473,0.0011257216441525279,0.03434288221818011
2020-05-12,2020,1974,0,0,46,5,-0.7778089324131532,-0.001944522331032883,-0.07355494248195714,0.17910664900036324,0.0017527413187392571,0.11130977838860784
2020-05-13,2020,1974,0,0,46,2,-0.8103494813353282,-0.002025873703338321,-0.015620035696695633,0.16944029222456625,0.0008766559946576533,0.046467748085195375
2020-05-14,2020,1974,0,0,46,0,-0.7981230656570856,-0.001995307664142714,-0.019487750482913825,0.17008422681833701,0.0010500243676504458,0.03159261611811048
2020-05-15,2020,1974,0,0,47,1,3.0536999730362364,0.007634249932590591,0.24797812379239742,0.12546274413468408,0.0006742887495993552,0.028664249417536248
2020-05-18,2020,1974,0,0,46,0,-1.3546348501934136,-0.003386587125483534,-0.06017076334667512,0.1768704590526513,0.0006685016678310028,0.024142030574512516
2020-05-19,2020,1974,0,0,46,4,0.7416608868121473,0.001854152217030368,0.05563814236468471,0.1575444072467943,0.0004629379053825978,0.03506747101305846
2020-05-20,2020,1974,0,0,46,7,-1.0822130453078442,-0.0027055326132696105,-0.10532510923617469,0.18440458902705611,0.0005381046712337882,0.033061209719137286
2020-05-21,2020,1974,0,0,47,4,-0.3904374830427306,-0.0009760937076068266,-0.017139654238716596,0.16969429362357336,0.0009851900204162782,0.017737479173419304
2020-05-22,2020,1974,0,0,49,1,4.285359756794826,0.010713399391987065,0.2747347261485622,0.12099944801800688,0.0008431326887086811,0.02038324628521426
2020-05-25,2020,1974,0,0,49,11,4.979444358759892,0.01244861089689973,0.3216037502722938,0.11317833930817116,0.0006593256525950194,0.019007882603765326
2020-05-26,2020,1974,0,0,49,23,3.0647975563266288,0.007661993890816572,0.14743268465672962,0.14223762809252086,0.0005448751267704182,0.048042223021206
2020-05-27,2020,1974,0,0,49,25,2.5224465448710576,0.006306116362177644,0.11042332396804716,0.14841171115049548,0.0009013538795482887,0.024927968301568633
2020-05-28,2020,1974,0,0,49,27,0.40441655633221496,0.0010110413908305375,0.06263433510119977,0.15638277632231137,0.0006822516272371066,0.02977556460041022
2020-05-29,2020,1974,0,0,48,26,0.5458400874677292,0.001364600218669323,-0.04468467222415591,0.1742893485181684,0.0007588154068146099,0.04552709693474618
2020-06-01,2020,1974,0,0,48,8,2.356001672225994,0.005890004180564985,0.1901667314651847,0.13510614173192473,0.0003950197632489419,0.020130967932387257
2020-06-02,2020,1974,0,0,48,16,0.059899890414983004,0.0001497497260374575,-0.005825252615953548,0.16779751428881898,0.0004978931808483023,0.09668641658411765
2020-06-03,2020,1974,0,0,48,29,-1.1860889749200203,-0.0029652224373000508,-0.09536877729070843,0.1827436874548398,0.0005491690943233254,0.028715127167112088
2020-06-04,2020,1974,0,0,48,27,-0.029147084559298264,-7.286771139824566e-05,-0.04824650859938871,0.1748838091689849,0.0008410996654383784,0.01824110786079853
2020-06-05,2020,1974,0,0,46,22,1.4379956704298928,0.0035949891760747323,0.15313921457663301,0.1412828147638917,0.0004643126331827064,0.025867278833284234
2020-06-08,2020,1974,0,0,45,16,-0.6259738109820547,-0.0015649345274551369,-0.02589404934482855,0.17114974715507084,0.0006212272106161147,0.026186447935147468
2020-06-09,2020,1974,0,0,45,37,4.773031160038771,0.011932577900096927,0.3045947864938655,0.11601805260335457,0.0013016853104005958,0.02007272790936976
2020-06-10,2020,1974,0,0,45,31,0.5209130189462288,0.001302282547365572,0.06315208714491109,0.15629915407589565,0.0007896575338252223,0.017535586152226248
2020-06-11,2020,1974,0,0,44,1,-0.4704132087244792,-0.001176033021811198,0.0013509370765564404,0.16660998544632163,0.0013319785429227946,0.06451110983027437
2020-06-12,2020,1974,0,0,44,0,0.1617758162317875,0.00040443954057946876,0.013085394746844512,0.1646524693214555,0.0025994982811468363,0.040176137052004235
2020-06-15,2020,1974,0,0,44,0,-1.2166200461750403,-0.0030415501154376005,-0.06639429871407553,0.17791004516332412,0.0007292090716468521,0.042151468834508904
2020-06-16,2020,1974,0,0,44,4,-0.9976018469867491,-0.002494004617466873,-0.09167563235120764,0.182121150208007,0.0007142331171555823,0.1550192098670024
2020-06-17,2020,1974,0,0,45,19,1.4090153776901067,0.003522538444225267,0.04768434315150832,0.15887705752973003,0.0005230030733075908,0.07223002607285212
2020-06-18,2020,1974,0,0,45,17,-0.8183865419073881,-0.0020459663547684704,-0.06856665498814864,0.1782665227705122,0.00045208988476796714,0.029971316027021973
2020-06-19,2020,1974,0,0,46,5,0.34169861908820487,0.0008542465477205122,0.018692007134164895,0.1637090962809214,0.0003120201540648382,0.03193476419343499
2020-06-22,2020,1974,0,0,46,19,-0.3731479832890936,-0.000932869958222734,-0.03467163598814542,0.1726172662799108,0.0005199228010372336,0.027154495253289977
2020-06-23,2020,1974,0,0,45,17,0.4022317989287172,0.001005579497321793,0.05551392418745325,0.15757201248888633,0.0005842679741618871,0.02093748548507208
2020-06-24,2020,1974,0,0,46,16,-1.7473710422853939,-0.004368427605713485,-0.11566070582314958,0.18612980815661298,0.0006571136195946894,0.03820676167320008
2020-06-25,2020,1974,0,0,45,9,-0.10516670745065859,-0.00026291676862664646,-0.02511533223411583,0.17102479255714442,0.0008437359203622473,0.025862333117437776
2020-06-26,2020,1974,0,0,44,14,1.5579823078776065,0.0038949557696940163,0.15572518344229014,0.14085139344438513,0.0004913708412003138,0.07075494268979914
2020-06-29,2020,1974,0,0,43,18,0.9090570757032936,0.002272642689258234,0.07369637142950794,0.1545398755260165,0.0006044160363953984,0.050352696706118284
2020-06-30,2020,1975,0,0,44,21,1.7808328396312927,0.004452082099078231,0.048209130457980316,0.15879007419124413,0.0007300069475163927,0.04594452443425709
2020-07-01,2020,1975,0,0,44,25,-0.1469371691506831,-0.0003673429228767078,0.013611204207718868,0.1645620204749388,0.0007912109108488239,0.04997341301745184
2020-07-02,2020,1975,0,0,44,13,0.3783917507736745,0.0009459793769341862,-0.034816834062972764,0.17264349084752548,0.0012690182182572864,0.0827676150217443
2020-07-03,2020,1975,0,0,44,4,-1.989841383748891,-0.004974603459372228,-0.12046775723362482,0.18692948404671447,0.0005605712668005744,0.03181441019135804
2020-07-06,2020,1975,0,0,44,2,-0.6566559958463472,-0.0016416399896158678,0.02432649972311088,0.16277493679747895,0.0005947175435363514,0.027179076400197004
2020-07-07,2020,1975,0,0,45,10,0.12685517549364977,0.00031713793873412445,0.05859231982869011,0.15705611121902524,0.0005623672177243706,0.04498928645010856
2020-07-08,2020,1975,0,0,46,3,-0.8583079934790927,-0.002145769983697732,-0.002931009930516834,0.16732376803697316,0.0009743923923261613,0.052057043343957866
2020-07-09,2020,1975,0,0,44,2,-0.06364115019465277,-0.00015910287548663194,-0.005081645319731258,0.1676831489262429,0.0013492937051398461,0.030243025150075358
2020-07-10,2020,1976,0,0,45,5,0.033843580720586464,8.460895180146616e-05,-0.033943468370166714,0.17249154656389412,0.00048050628927984743,0.0871571134224691
2020-07-13,2020,1976,0,0,45,1,0.5952188044938973,0.0014880470112347433,0.09115459909722878,0.15162623619307347,0.0006931266954923772,0.02926301369583649
2020-07-14,2020,1976,0,0,45,3,0.33608936887612584,0.0008402234221903146,-0.003608973036020862,0.16743442294555982,0.0006918993380966975,0.04687894861106465
2020-07-15,2020,1978,0,0,47,20,-0.5522261235921759,-0.0013805653089804398,-0.07934500115663838,0.180070171116624,0.00047671952314818803,0.016671406697771812
2020-07-16,2020,1978,0,0,48,5,-1.2484401215364886,-0.0031211003038412216,-0.08310467331315487,0.18069551783753382,0.00047324965191721533,0.02934905274735502
2020-07-17,2020,1978,0,0,47,4,-0.1946831286897721,-0.00048670782172443027,0.030561450109417493,0.16173263933100912,0.0005268697341443748,0.014963248136481852
2020-07-20,2020,1978,0,0,47,11,0.43130554480757577,0.0010782638620189394,0.03867580269196836,0.16038018869863702,0.0004557194692620062,0.012248678464927925
2020-07-21,2020,1978,0,0,47,13,-0.629879729593232,-0.00157469932398308,-0.06774626421943096,0.17813442330949514,0.0005462924561204929,0.06046706466283809
2020-07-22,2020,1978,0,0,47,5,-1.1253392919006229,-0.002813348229751557,-0.12636038125789534,0.1879119112847107,0.0005354460628844218,0.021801100676808204
2020-07-27,2020,1978,0,0,48,6,-2.4510888632329144,-0.006127722158082286,-0.124387302698208,0.18758642317217603,0.0008613305700027881,0.01695203138350721
2020-07-28,2020,1978,0,0,49,8,0.9864603681414709,0.0024661509203536772,0.0222184351329766,0.16312568718799617,0.0007259515916649032,0.018246002167782795
2020-07-29,2020,1978,0,0,50,11,0.9152628539336876,0.0022881571348342187,0.05006130118331031,0.15848318171082246,0.0017939472116870446,0.24167250504318122
2020-07-30,2020,1978,0,0,49,4,-0.8596036660239195,-0.0021490091650597986,-0.06499257540250955,0.17767778259421305,0.001794783742342904,0.06840885129257585
2020-07-31,2020,1980,0,0,51,10,-3.3516897692400756,-0.00837922442310019,-0.24004828279022275,0.20688210155520528,0.0024271052941698045,0.04768446591886107
2020-08-03,2020,1981,0,0,52,3,0.49072087252099933,0.0012268021813024983,0.018771355690506697,0.1636979025592635,0.0006045791494997203,0.038538358325254825
2020-08-04,2020,1981,0,0,52,3,-0.18117806472344933,-0.0004529451618086233,0.0034200742982855863,0.16626162037983433,0.0007396779965773988,0.08999688389077624
2020-08-05,2020,1981,0,0,52,5,1.7511532960476244,0.004377883240119061,0.08218340184056509,0.1531202678635487,0.0009012954335431861,0.04077061768323285
2020-08-06,2020,1981,0,0,52,11,2.167232210493705,0.005418080526234262,0.0881215790277404,0.15213295624059622,0.0018759669123944696,0.021691387915196855
2020-08-07,2020,1981,0,0,54,3,3.171501127996428,0.007928752819991069,0.21002583061721233,0.13179422630488055,0.0007827775159865415,0.019986345835897805
2020-08-11,2020,1981,0,0,55,0,0.49634848946322396,0.00124087122365806,0.04721757163092755,0.1589538079230498,0.0006814313091033067,0.02914871963676947
2020-08-12,2020,1981,0,0,55,0,1.3651648129406766,0.0034129120323516914,0.0900225845290755,0.1518137663378053,0.0005381025303082393,0.0659311123347599
2020-08-13,2020,1981,0,0,54,3,-0.4793696419830408,-0.0011984241049576019,-0.027089646650295156,0.1713510487293815,0.0006559312966593823,0.06086564489284817
2020-08-14,2020,1981,0,0,54,1,-1.1716490912385287,-0.0029291227280963217,-0.13812038075711283,0.18987357629342852,0.0005596395939382643,0.0447039704787196
2020-08-17,2020,1981,0,0,54,1,-0.3129261774057132,-0.000782315443514283,0.014742691890610077,0.1643691498297184,0.0004727733659409966,0.026996483697582105
2020-08-18,2020,1981,0,0,54,2,-0.959640367710829,-0.0023991009192770724,-0.047148107669838055,0.1746965954524312,0.0004990517322791548,0.03789898731150626
2020-08-19,2020,1981,0,0,54,0,-0.5220609784556447,-0.0013051524461391117,-0.04454269866841208,0.17425637803341518,0.00041011909866157524,0.04800057753366431
2020-08-20,2020,1982,0,1,55,0,-1.0227647756893694,-0.0025569119392234237,-0.18159834436763936,0.19712618616783947,0.0004895511770854135,0.03220476332085346
2020-08-21,2020,1982,0,0,57,1,0.053810210700222516,0.0001345255267505563,0.10768914027192579,0.14886693794200925,0.0004997592229970626,0.01889311277223672
2020-08-24,2020,1982,0,0,56,13,2.269854447519827,0.005674636118799568,0.11307828394679412,0.1479585196924259,0.0004322779219362689,0.0560455559515416
2020-08-25,2020,1982,0,0,56,1,-0.27107235276418806,-0.0006776808819104702,-0.05650050346903114,0.1762579294304933,0.0004447187623862894,0.01310852441240621
2020-08-26,2020,1982,0,0,57,7,1.3732990241839618,0.0034332475604599046,0.15037037329093228,0.1417466174304386,0.0007982040056006619,0.01495587089210938
2020-08-27,2020,1982,0,0,58,11,-2.459365876266258,-0.006148414690665644,-0.1250719528580487,0.18769894571388981,0.0007258887738714078,0.06336031339177753
2020-08-28,2020,1982,0,0,58,2,0.17189258275315397,0.0004297314568828849,-0.006936045524228787,0.1679865762130256,0.0005384042521407983,0.029796446439214933
2020-08-31,2020,1982,0,0,58,7,-1.1833496780017099,-0.0029583741950042746,-0.10965109102537951,0.1851231315053064,0.0003796416338039035,0.009973976021707402
2020-09-01,2020,1982,0,0,58,11,0.11485663249439626,0.00028714158123599063,0.02095446353877282,0.16333277235624102,0.00035153563800866797,0.02374676855938148
2020-09-02,2020,1982,0,0,58,19,-0.08339048602695653,-0.00020847621506739133,0.07569492103095338,0.15420028875899822,0.0005016096520607385,0.020865262383715753
2020-09-03,2020,1982,0,0,58,13,-1.374752600187438,-0.0034368815004685947,-0.030935429413700963,0.17199327625577862,0.0005799452688154277,0.012814068015995116
2020-09-04,2020,1982,0,0,58,3,1.5008764926657756,0.003752191231664439,0.062184004439982225,0.15645744027909772,0.0006780839401203909,0.021507641921243315
2020-09-07,2020,1982,0,0,56,5,-0.9497892703207843,-0.002374473175801961,-0.06681214724144215,0.17797522392811155,0.00034767288005585007,0.01825984699090694
2020-09-08,2020,1982,0,0,56,10,-1.312085303545468,-0.0032802132588636702,-0.1585212245269217,0.19327520701127077,0.00039368540210364043,0.012870790952870453
2020-09-09,2020,1982,0,0,56,4,0.4529343283902827,0.0011323358209757066,0.03204445010794228,0.16148307416306776,0.0005062917284730646,0.009635228480709138
2020-09-10,2020,1982,0,0,58,6,1.1787366403638349,0.0029468416009095872,0.06258432667814078,0.15638813792462164,0.0005525863189361443,0.017213876784884112
2020-09-11,2020,1982,0,0,58,12,-1.7532859789026964,-0.004383214947256741,-0.14886474910584593,0.1916644652396276,0.00048446375019403246,0.028335926772749823
2020-09-14,2020,1982,0,0,57,9,-2.564183559682562,-0.006410458899206405,-0.16273531102795905,0.19398128036450593,0.0005999831241880196,0.03391397244294459
2020-09-15,2020,1982,0,0,58,6,-0.5867532902911775,-0.0014668832257279437,-0.025112716982490527,0.17101295115409523,0.00038260915563625937,0.03340705145060685
2020-09-16,2020,1982,0,0,57,10,0.09888534246604919,0.000247213356165123,0.09190822960336426,0.15149731874143615,0.00040354278627869667,0.016369238798270517
2020-09-17,2020,1983,0,0,58,7,-0.3644695405100008,-0.000911173851275002,-0.03310406004939223,0.1723532760001505,0.0006571729787084446,0.007748464400922885
2020-09-18,2020,1983,0,0,58,7,1.4192710070975634,0.0035481775177439085,0.13050578908062876,0.14505991934014265,0.0007797933714092259,0.0224247620956494
2020-09-23,2020,1983,0,0,58,8,0.6241534435016889,0.0015603836087542222,0.02282102177214284,0.1630248869867281,0.00045353171212988725,0.008495253691593345
2020-09-24,2020,1984,0,0,58,2,1.1198051621125305,0.002799512905281326,-0.0178175356150405,0.16980698586526294,0.000979309993438464,0.04107187426771393
2020-09-25,2020,1986,0,0,60,6,-1.1911776028934504,-0.002977944007233626,-0.1331672518930226,0.18904875391245243,0.0006344111833931647,0.04106041508764944
2020-09-28,2020,1986,0,0,60,12,-2.2769310440088857,-0.005692327610022214,-0.1608244157735821,0.19366535828651443,0.001565841889599353,0.04918712135474155
2020-09-29,2020,1986,0,0,59,11,0.0,0.0,,0.08341729638958859,2.546634482005267e-05,0.048853427330219815
2020-09-30,2020,1986,0,0,59,8,0.08409944926665669,0.00021024862316664173,0.07052971743312031,0.1550672043415252,0.0009016883581884558,0.13680942700688586
2020-10-02,2020,1989,0,1,62,1,1.5919916382206911,0.003979979095551728,0.18867729014095427,0.13535126198755446,0.00035259294288082316,0.037807607233892815
2020-10-05,2020,1990,0,0,61,1,-1.1182657086774963,-0.0027956642716937406,-0.03641314584577183,0.17290619495573376,0.00041162209700652423,0.02432348661332892
2020-10-06,2020,1990,0,0,62,4,-1.0171447466115726,-0.0025428618665289315,-0.07779587979602548,0.17980549475574506,0.00040277474186103344,0.008679082613109963
2020-10-07,2020,1990,0,0,61,7,1.6804739769260564,0.004201184942315141,0.05801486214590533,0.15715117759779004,0.0004452013700928177,0.007807908100595119
2020-10-08,2020,1990,0,0,60,9,0.6497857343504849,0.0016244643358762122,0.0739584324137186,0.1544900467760487,0.0004339598980871847,0.049237462257452916
2020-10-09,2020,1990,0,0,57,9,0.22738507986006365,0.0005684626996501591,0.02262152789429707,0.16305161243556532,0.00034050542586827696,0.01598775531322581
2020-10-12,2020,1990,0,0,57,13,2.771151438437342,0.006927878596093355,0.17057759878460677,0.13837342305098083,0.0004833107551463011,0.009197379236215233
2020-10-13,2020,1990,0,0,59,13,0.31134961255581994,0.0007783740313895499,-0.018489524532655118,0.16991361915742043,0.0005059454982914498,0.009229119329074194
2020-10-14,2020,1990,0,0,59,7,-2.0246791354851337,-0.005061697838712834,-0.08008110195487321,0.18019228904872187,0.0007777719153441287,0.014175253928241828
2020-10-15,2020,1989,0,0,57,14,-0.1364926931728241,-0.0003412317329320602,-0.04600799325497307,0.1745082979198526,0.0008307036638935283,0.04000676952875024
2020-10-16,2020,1989,0,0,57,9,-1.1817641033374457,-0.0029544102583436145,-0.04036988335783116,0.1735679530511384,0.0005004522608172916,0.05401090105598853
2020-10-19,2020,1989,0,0,58,4,-0.07131232508107277,-0.00017828081270268193,0.024313311928966564,0.16277433867356167,0.0005042439970169123,0.02278218253231724
2020-10-20,2020,1989,0,0,57,4,-2.4308354162920884,-0.0060770885407302215,-0.07233504634223877,0.17889996876628972,0.0005850534870616628,0.028037368885187777
2020-10-21,2020,1989,0,0,58,5,0.33358165376584814,0.0008339541344146203,0.023093458434892876,0.16297605047034097,0.0004554355515143956,0.009176150920837817
2020-10-22,2020,1989,0,0,58,10,1.2188407429409458,0.0030471018573523644,0.06842467635030121,0.15541028389036068,0.0005462242939491204,0.012591696233783959
2020-10-23,2020,1989,0,0,58,6,-2.771511198139917,-0.006928777995349793,-0.20581973050685015,0.20116558740801088,0.0004331953080712829,0.016197639996133998
2020-10-26,2020,1989,0,0,57,8,-3.5204978201488677,-0.00880124455037217,-0.2057040487614484,0.2011493247800903,0.0005842130114649643,0.032080358955855426
2020-10-27,2020,1989,0,0,57,1,1.1458577616176266,0.002864644404044067,0.14065431571014747,0.14336172441702888,0.00044196712635231796,0.013069670756566605
2020-10-28,2020,1990,0,0,54,1,0.7501854783649922,0.0018754636959124804,0.06050813420013611,0.15673909376173248,0.0009553625771592329,0.016973708528034398
2020-10-29,2020,1991,0,0,53,6,2.958872375393257,0.0073971809384831425,0.2281326701769711,0.1287730998173379,0.0008196819852404576,0.027589740405933448
2020-10-30,2020,1991,0,0,53,9,-2.147434153464091,-0.005368585383660227,-0.18316382012372245,0.19738785926533292,0.0010228843148522987,0.06421725280666934
2020-11-02,2020,1991,0,0,53,1,-0.8361128745896795,-0.0020902821864741987,-0.04079108251247448,0.17363787621301488,0.0009801792580719738,0.09437885728424893
2020-11-04,2020,1991,0,0,53,0,0.6140440120628965,0.0015351100301572412,0.029311884772919898,0.16193907450069084,0.0006546308410450933,0.01672305668093791
2020-11-05,2020,1991,0,0,53,0,-1.955256609169039,-0.004888141522922598,-0.1846101371616339,0.19763016469747816,0.0009614157629268305,0.025520338960482194
2020-11-06,2020,1991,0,0,53,3,5.463057630374743,0.013657644075936858,0.19631538948203656,0.13408162353681896,0.0021373175386379226,0.024268776799450886
2020-11-09,2020,1991,0,0,53,10,-1.134203768266738,-0.002835509420666845,-0.06298705450988379,0.1773402527352481,0.0008172278366663676,0.0477338225176882
2020-11-10,2020,1991,0,0,53,4,0.8541549826539894,0.0021353874566349736,-0.031147841670349903,0.17202726376925756,0.0007256107836801273,0.0524638153714329
2020-11-11,2020,1991,0,0,53,5,-1.120186836514058,-0.002800467091285145,-0.09062485209772131,0.18195263156820018,0.001197094867208246,0.057126401662729344
2020-11-12,2020,1991,0,0,53,0,-2.6039750500689633,-0.006509937625172408,-0.21100966084900677,0.20203636985865195,0.0010581548185090324,0.03225908069455348
2020-11-13,2020,1991,0,0,53,0,-0.9574954554419578,-0.0023937386386048945,-0.09718329498137034,0.1830450275906994,0.0007361912440771453,0.05244921139983385
2020-11-16,2020,1991,0,0,53,5,1.0365974330419319,0.0025914935826048297,-0.030698085044876533,0.171953057907829,0.0004964260663263731,0.06673990337020708
2020-11-17,2020,1991,0,0,52,3,-0.7572096046656838,-0.0018930240116642094,-0.03642101964744429,0.17289981002235116,0.0004741608073458433,0.05164143613105779
2020-11-18,2020,1991,0,0,52,4,0.3115783652275861,0.0007789459130689652,0.014894715474292185,0.1643451678864326,0.00033412697897098416,0.04998851406193262
2020-11-19,2020,1991,0,0,51,3,2.2868210090431833,0.005717052522607958,0.09156695637687835,0.15155579580854434,0.0005983494197016012,0.06384062902944078
2020-11-20,2020,1991,0,0,51,4,-0.619136202281297,-0.0015478405057032423,-0.02470783393050757,0.17095316426761262,0.0005195911196041793,0.035891894942149574
2020-11-24,2020,1991,0,0,51,5,0.7833659711135725,0.001958414927783931,0.019922419984553998,0.16350512224583363,0.00045366460784974666,0.09180240445967422
2020-11-25,2020,1991,0,0,51,4,0.9040586793238437,0.002260146698309609,0.020999146681199014,0.16332753755374854,0.0004805852956808713,0.05788893586657901
2020-11-26,2020,1991,0,0,50,6,0.7943806719881223,0.001985951679970306,0.038784909790380684,0.16036291382481996,0.0011909732644427395,0.061720361219416674
2020-11-27,2020,1991,0,0,50,2,-0.17234846781903013,-0.0004308711695475753,-0.022694211691472493,0.17061800291407542,0.0005557915556584824,0.06768298868343131
2020-11-30,2020,1991,0,0,50,4,-0.2655084265947246,-0.0006637710664868116,0.02713862744072152,0.16230328231035773,0.0004311142232510407,0.06430291526422555
2020-12-01,2020,1991,0,0,51,2,0.6021578005818073,0.0015053945014545183,-0.017928483855894455,0.16982033985895292,0.0005087804064152256,0.05077463996450471
2020-12-02,2020,1991,0,0,52,9,0.6665893251556263,0.0016664733128890657,0.028716584494343805,0.16203819786194512,0.00048650468887902876,0.036003703353759305
2020-12-03,2020,1991,0,0,52,6,-0.3529406639671966,-0.0008823516599179914,0.0015562752537512628,0.16657135190983602,0.0007779262823470547,0.034449974275653196
2020-12-04,2020,1991,0,0,51,3,1.859942950899827,0.004649857377249568,0.061927208322776775,0.15649583697076988,0.0003952791599913282,0.030991727116591636
2020-12-07,2020,1991,0,0,51,2,-1.448547371696101,-0.0036213684292402525,-0.15476097670447778,0.19264863897082085,0.0004166309039633233,0.021971894209775782
2020-12-08,2020,1991,0,0,51,4,-0.026167243607822188,-6.541810901955547e-05,0.04819137794388888,0.1587901206168903,0.0003959062234664432,0.019524214325018947
2020-12-09,2020,1991,0,0,52,8,1.4383645747558977,0.0035959114368897442,0.09879782298387783,0.1503458682933837,0.0005024458540506525,0.020792952285030992
2020-12-10,2020,1991,0,0,49,12,0.9732467248190477,0.002433116812047619,0.02191115922872897,0.1631742759084652,0.0005014607112756117,0.01905806568237395
2020-12-11,2020,1991,0,0,49,5,-0.1888194396079373,-0.0004720485990198432,-0.013385429390191866,0.16905869917317254,0.00046081158579639413,0.019080931175517207
2020-12-14,2020,1991,0,0,50,2,-0.5607995848785283,-0.0014019989621963209,-0.05411833331722905,0.1758556167078512,0.0005150876704990568,0.04405811440210817
2020-12-15,2020,1990,0,0,49,10,0.7760921421727485,0.0019402303554318713,0.0475256160530137,0.15890189318853357,0.0004935566741189696,0.01708700035481479
2020-12-16,2020,1993,0,0,50,12,0.0647077561482911,0.00016176939037072777,0.016226221941984195,0.16412379501158522,0.00038087754817231457,0.02564735041202469
2020-12-17,2020,1994,0,0,51,9,-0.9327750064563899,-0.0023319375161409747,-0.03005917739940624,0.1718409040202975,0.00036753610830622403,0.045015952861040306
2020-12-18,2020,1995,0,0,52,11,1.511576867107288,0.00377894216776822,0.08873060241594816,0.15203037424780783,0.001004584778866479,0.007352887337848394
2020-12-21,2020,1996,0,0,53,12,-0.9481497321525665,-0.0023703743303814164,-0.04302507974844274,0.17400834130368384,0.0003842980134867101,0.008175820132691056
2020-12-22,2020,1998,0,0,52,9,-1.1025788699260186,-0.0027564471748150465,-0.06204090952544166,0.17717598642039886,0.0004468806199818551,0.035044699401912315
2020-12-23,2020,1999,0,0,54,13,-0.8230214176715923,-0.0020575535441789807,-0.06036965290390495,0.17689788318815292,0.0003759215118968173,0.03677597939516643
2020-12-24,2020,1999,0,0,54,5,-1.7211428944444789,-0.004302857236111197,-0.16635240525998982,0.1945821011860538,0.0004305472643547236,0.016538957038165474
2020-12-25,2020,1999,0,0,54,7,0.9927647247558058,0.0024819118118895147,0.12451058762850983,0.1460603703155785,0.0005121722795849656,0.013290947996615596
2020-12-28,2020,1999,0,0,51,3,0.2883360274085691,0.0007208400685214228,-0.0023668990085212805,0.16722508133679184,0.0003429215085217078,0.02238382238922892
2020-12-29,2020,1999,0,0,51,12,0.11591823414573699,0.0002897955853643425,0.02307748229491431,0.16298226878892585,0.0006889676374631687,0.03640584474728772
2020-12-30,2021,1999,0,0,50,14,0.1614192172389927,0.00040354804309748174,0.045295306099969394,0.15926992710754964,0.0003730761773185786,0.02343320040655928
2021-01-04,2021,1999,0,0,50,4,0.10884426593080154,0.0002721106648270039,0.09717595677094056,0.15061819457535836,0.0004213058393658448,0.01687762426059396
2021-01-05,2021,1999,0,0,50,6,0.7777573995011904,0.001944393498752976,0.0461260073474817,0.1591351364002955,0.0005127595954733782,0.006726227200541707
2021-01-06,2021,1999,0,0,49,4,-1.5746909532511657,-0.003936727383127914,-0.11476363383046678,0.18597786824536586,0.0005509830125682829,0.01475302464958798
2021-01-07,2021,1999,0,0,49,11,-0.8616429829034387,-0.0021541074572585966,-0.07601076813883896,0.1795122124088534,0.0005667758490228452,0.034080388314777985
2021-01-08,2021,1999,0,0,48,3,0.6443508484383752,0.001610877121095938,0.06893105300332505,0.1553279285556961,0.0005481677823845076,0.07230228557291606
2021-01-12,2021,1999,0,0,47,14,-1.0375803402017192,-0.002593950850504298,-0.08473389723996405,0.18096414991196214,0.0005144506356363605,0.017851384309605835
2021-01-13,2021,1999,0,0,47,7,-0.06295295530279277,-0.00015738238825698192,-0.06408484169673952,0.17752422742136068,0.0007158103977985156,0.0243065068284255
2021-01-14,2021,1999,0,0,47,10,0.5837354112409009,0.0014593385281022522,0.07689843523376391,0.1540016139837322,0.0004619130868614769,0.03897682545485709
2021-01-15,2021,1999,0,0,47,8,-2.970916439585483,-0.007427291098963708,-0.22054726071716124,0.20362379440272993,0.00045138162455997567,0.022498053392640913
2021-01-18,2021,1999,0,0,46,6,-0.7979953152599757,-0.0019949882881499393,0.015413872131118982,0.16425794737216465,0.00040668671095012317,0.028688078764220873
2021-01-19,2021,1999,0,0,45,9,-0.9399929200805187,-0.0023499823002012966,-0.016425028246735734,0.16956520308709416,0.00039653269318174026,0.10265554087851136
2021-01-20,2021,1999,0,0,44,5,-0.42495549818334255,-0.0010623887454583563,-0.04716816990004839,0.17469958095307056,0.0004261147447288686,0.03774971157735533
2021-01-21,2021,1999,0,0,43,5,-0.6754591312790887,-0.001688647828197722,-0.0745931975495191,0.179274912884523,0.0005080596880302805,0.0490826372251354
2021-01-22,2021,1999,0,0,43,4,1.2901157293515935,0.003225289323378984,0.08407416019356723,0.15280307421829886,0.00047845976149149647,0.030191686420636455
2021-01-25,2021,1999,0,0,43,6,0.20898838147011634,0.0005224709536752908,0.00015823228831710114,0.16680233074309742,0.0004022251271159522,0.02641444588908882
2021-01-26,2021,1999,0,0,42,5,-0.22818929722370473,-0.0005704732430592618,-0.011279071500421173,0.16870896482849607,0.000599470113499301,0.04820488419056309
2021-01-27,2021,1999,0,0,42,6,-1.2252119093601812,-0.003063029773400453,-0.08413885348439992,0.18086957134214748,0.0008044723998793066,0.00738124803573146
2021-01-28,2021,1999,0,0,41,10,-0.0659847283877335,-0.00016496182096933376,0.01394707578688084,0.1645032746372956,0.0006793883170043638,0.03212882634690571
2021-01-29,2021,1999,0,0,41,2,0.2473489358227492,0.000618372339556873,0.04225210526772541,0.15978003842838415,0.0007258902891310775,0.06761362029863549
2021-02-01,2021,1999,0,0,41,2,1.3201986894469453,0.003300496723617363,0.09029208701081806,0.1517679910174456,0.0005547817379155065,0.05124580688922866
2021-02-02,2021,1999,0,0,41,1,-0.012719791976334549,-3.179947994083637e-05,0.04982047031787394,0.158516499670435,0.000453306348771578,0.10331316098133303
2021-02-03,2021,1999,0,0,41,1,-2.5854523467937893,-0.0064636308669844735,-0.10806407483978522,0.18485840206829582,0.0008232410541635833,0.07906866942476702
2021-02-04,2021,1999,0,0,41,4,0.7463554323342148,0.0018658885808355368,0.048451017499149006,0.1587491449434433,0.0008515616086201226,0.052185153170707
2021-02-05,2021,1999,0,0,41,1,2.905051385573438,0.007262628463933595,0.20888424935217728,0.13198177247112375,0.0004951991132463659,0.06443896077111273
2021-02-08,2021,1999,0,0,41,1,-0.7210133882318412,-0.001802533470579603,-0.054438229225508665,0.17591245183012788,0.0006752167616768381,0.06262656567633518
2021-02-09,2021,1999,0,0,41,2,-1.1426061454257197,-0.0028565153635642993,0.011587486200323039,0.16489869076197275,0.0008731113832891144,0.08949963880370704
2021-02-10,2021,1999,0,0,41,3,0.05411358274342015,0.0001352839568585504,0.035576256575853206,0.16089473068018648,0.0009026487399670537,0.05892902730960907
2021-02-12,2021,1999,0,0,41,3,1.1475038715613166,0.0028687596789032915,0.08148091748968933,0.1532364595651119,0.0005600042314984247,0.07360986813516761
2021-02-15,2021,1999,0,0,42,3,-2.4688167211571184,-0.006172041802892796,-0.12928480507749096,0.18839813137637723,0.0007668114803868146,0.06876403311636348
2021-02-16,2021,1999,0,0,42,4,-0.13559810452428778,-0.00033899526131071946,0.011200921682574621,0.16496196964515458,0.0006351951778584191,0.04761744497619338
2021-02-17,2021,2000,0,0,40,3,1.1602905899049107,0.002900726474762277,0.09276848355209252,0.1513532842584374,0.00043752060224165693,0.051370500346585586
2021-02-18,2021,2000,0,0,41,1,-2.1987956656336234,-0.005496989164084059,-0.15990056372841707,0.19350742454769157,0.0006724576943636992,0.04959811349843329
2021-02-19,2021,2000,0,0,42,0,-1.424528199536443,-0.0035613204988411075,-0.15339184756709534,0.19242305019443187,0.0009077502707954046,0.03886939194964983
2021-02-22,2021,2000,0,0,42,4,-0.7588233261150099,-0.0018970583152875247,-0.09965965019016043,0.18345431832975018,0.0005570808272048175,0.06567878134094346
2021-02-24,2021,2000,0,0,42,0,-0.49935429293162326,-0.0012483857323290581,0.019475194784736527,0.16358373715371943,0.0008667636102893444,0.06151512840173304
2021-02-25,2021,2000,0,0,42,3,2.170382704912022,0.005425956762280055,0.14088320115725936,0.14332916714735558,0.0009030213615421829,0.1263326649255668
2021-02-26,2021,2000,0,0,42,2,1.6367981693201021,0.004091995423300255,0.09970716161606764,0.15019230988680932,0.00038072899991552033,0.07881251624107281
2021-03-01,2021,2000,0,0,41,3,-2.3187572118159006,-0.005796893029539752,-0.2525031681270455,0.20895595527878996,0.00046405522314013593,0.040689390565968785
2021-03-02,2021,2000,0,0,41,2,-0.43083802002951577,-0.0010770950500737894,-0.09346072532594324,0.18241878367898307,0.0003832443413305887,0.029265513164127295
2021-03-03,2021,2000,0,0,41,3,0.2622415904138038,0.0006556039760345094,-0.026456071851111693,0.17124247116054275,0.00034853210845770465,0.030377779409990584
2021-03-04,2021,2000,0,0,41,2,-1.6095553295620828,-0.004023888323905207,-0.17198447350972484,0.19552141622336933,0.0004129390973059931,0.07137767948277282
2021-03-05,2021,2000,0,0,38,1,-1.176925299487472,-0.00294231324871868,-0.1312839106544225,0.18873456763399207,0.0007278620716048125,0.033615822379674386
2021-03-08,2021,2000,0,0,38,1,1.1494563457684817,0.002873640864421204,0.12429850202699144,0.14609210020217714,0.00030788064137768264,0.022365871819829932
2021-03-09,2021,2000,0,0,38,1,1.4037888536034373,0.0035094721340085933,0.12069063135448273,0.1466965731490057,0.0004436353834616622,0.03124271480937364
2021-03-10,2021,2000,0,0,38,2,3.1312562274509963,0.007828140568627491,0.2486288092602801,0.12535089505733357,0.0004689628731040354,0.016473375538805967
2021-03-11,2021,2000,0,0,37,3,-3.567800868359446,-0.008919502170898616,-0.3069787905989965,0.2180464038922913,0.0006600936818442211,0.027096996685017295
2021-03-12,2021,2000,0,0,37,0,0.8799896572934356,0.002199974143233589,0.1610310754340209,0.1399668860192978,0.0004705070506209351,0.0066406775033537105
2021-03-15,2021,2000,0,0,37,10,0.32838219860377493,0.0008209554965094374,0.0017369365003054727,0.16653653608945543,0.000324647582315052,0.01832498968544262
2021-03-16,2021,2000,0,0,34,11,-1.5874360873519366,-0.003968590218379841,-0.12487613569730534,0.1876602176150607,0.00035228448913229203,0.023004878720945674
2021-03-17,2021,2000,0,0,35,4,1.3333788961106947,0.0033334472402767367,0.08332014720156927,0.15292968795553355,0.0003804839802040488,0.03154756345693947
2021-03-18,2021,2000,0,0,35,14,0.032648604448513696,8.162151112128424e-05,0.026242149466910444,0.16245155656867954,0.0004312820440789059,0.011460913865841572
2021-03-19,2021,2000,0,0,33,7,-1.137013495080281,-0.0028425337377007026,-0.14575348976360458,0.19114775065121356,0.0006676528424277069,0.009735079807962541
2021-03-22,2021,2000,0,0,30,8,0.20412676043858102,0.0005103169010964526,-0.009268762917045897,0.16837946361875286,0.0010609298775179287,0.01684656106158332
2021-03-23,2021,2000,0,0,30,8,-0.32652318626101806,-0.0008163079656525452,-0.11415004802167467,0.18587581666020606,0.0005229084783391624,0.045806569286760516
2021-03-24,2021,2000,0,0,29,1,0.9876070230992866,0.0024690175577482165,0.15324235944109169,0.14126660478813693,0.0005599568323035704,0.061512172789468564
2021-03-25,2021,2000,0,0,30,2,-0.6173592869073742,-0.0015433982172684355,-0.07634474817230587,0.1795685958286797,0.00043653253439430707,0.03759315465821364
2021-03-26,2021,2000,0,0,29,5,-2.02205114614164,-0.0050551278653540995,-0.09810196745404402,0.18319839221761958,0.0007145841515168325,0.023484173435997315
2021-03-29,2021,2000,0,0,29,4,0.3392284510162502,0.0008480711275406256,-0.005767549396948085,0.1677949615753349,0.0005979122903391232,0.023824684663006083
2021-03-30,2021,2000,0,0,29,4,1.6805704928995433,0.0042014262322488585,0.13691769952491378,0.14398921015034782,0.0004299331552098716,0.06238571419954398
2021-03-31,2021,2000,0,0,29,1,0.35923675909506214,0.0008980918977376553,0.023940977614812644,0.16283496381757662,0.0003460745487694611,0.034392818195457524
2021-04-01,2021,2000,0,0,29,0,0.31278457481738275,0.0007819614370434568,0.07436608893784943,0.15442457878514046,0.0003208913695049218,0.028233935494099825
2021-04-02,2021,2000,0,0,29,0,-0.7327258491862914,-0.0018318146229657285,-0.03734597909993483,0.17306327419587733,0.0004915915129332874,0.060976216007608615
2021-04-05,2021,2000,0,0,30,2,-0.32971403995927506,-0.0008242850998981876,-0.0008830511065543261,0.16697957889650178,0.00034710811934015207,0.03559535082233362
2021-04-06,2021,2000,0,0,29,2,-0.6972705386510119,-0.0017431763466275296,-0.04195090169241226,0.173831673903485,0.0005544575420486199,0.02348211834623721
2021-04-07,2021,2000,0,0,29,4,0.2047781009955832,0.000511945252488958,0.03492769785972323,0.16099624168011967,0.00024619694676077136,0.013283225187968603
2021-04-08,2021,2000,0,0,28,4,-3.102080632131135,-0.007755201580327838,-0.268038354822086,0.21154622990584837,0.0004903545652281089,0.03203287891668481
2021-04-09,2021,2000,0,0,27,4,-0.026570571224954098,-6.642642806238525e-05,-0.004134399274701172,0.16751578853458746,0.0003002039810147974,0.03409071201884265
2021-04-12,2021,2000,0,0,29,4,0.39844624724560124,0.000996115618114003,0.06272845037208247,0.15636456203339288,0.0002999185937771314,0.024077167745030013
2021-04-13,2021,2000,0,0,29,3,0.44891669419165503,0.0011222917354791375,0.0229970133593753,0.16299309547219834,0.00034242659953765976,0.008150979380082225
2021-04-14,2021,2000,0,0,29,7,0.8211088479403089,0.002052772119850772,0.024387998527223148,0.16275000200200151,0.00026006675838528506,0.012592805251907629
2021-04-15,2021,2000,0,0,30,0,-0.7749564674612135,-0.0019373911686530337,-0.07657938035133831,0.17960408487135013,0.0003448972603839737,0.019547231427780868
2021-04-16,2021,2000,0,0,29,4,0.08679500251592964,0.0002169875062898241,0.016473044672750195,0.16408459407292442,0.0004056252201669331,0.014270539728511012
2021-04-19,2021,2000,0,0,29,4,-1.890315330790684,-0.0047257883269767095,-0.11087017892760326,0.18532991608360458,0.0007346231739634107,0.0064894934705603344
2021-04-20,2021,2000,0,0,28,4,0.2884886826327686,0.0007212217065819215,0.0059919394944164695,0.16583140169384342,0.000522384331216365,0.015878743530287173
2021-04-21,2021,2000,0,0,29,6,0.32235332638712133,0.0008058833159678033,0.029561135503566805,0.16189449057945682,0.00031769124209599385,0.04297241240831979
2021-04-22,2021,2000,0,0,29,1,0.8153293653661171,0.0020383234134152928,0.046712991876826704,0.15903625868712246,0.0003412748747751906,0.03184856741810261
2021-04-23,2021,2000,0,0,29,9,-1.269149767323521,-0.0031728744183088025,-0.08273313637418135,0.18062983799303353,0.0003082354069419541,0.027897448253901492
2021-04-26,2021,2000,0,0,29,10,-0.4461987435790723,-0.0011154968589476807,-0.018247919225622595,0.16987443584223327,0.00036660094619636564,0.02420186907192239
2021-04-27,2021,2000,0,0,29,6,-0.32134951889216873,-0.0008033737972304218,-0.03262255311381871,0.17227022321816235,0.0005096207027503407,0.17729194082309313
2021-04-28,2021,1999,0,0,30,4,-1.3993853236266,-0.0034984633090665,-0.06260339562818726,0.17727653117601594,0.0007101824215376773,0.018417530246810143
2021-04-30,2021,1999,0,0,30,3,-0.8122631658105964,-0.002030657914526491,-0.07243905573784061,0.1789167896048914,0.0005780635774592181,0.009526019143924806
2021-05-06,2021,1999,0,0,30,3,0.1297526048529405,0.0003243815121323512,-0.027035899431951848,0.17133716701637547,0.0005669059773251723,0.013210680325519357
2021-05-07,2021,1999,0,0,31,4,-2.0029528841071444,-0.005007382210267861,-0.11704383811269864,0.18635990858231857,0.0009363632720843751,0.3275213237939848
2021-05-10,2021,1999,0,0,31,2,-0.372859056409542,-0.0009321476410238549,-0.004359771668306872,0.16755989614184227,0.0009047702022230663,0.02830876130601741
2021-05-11,2021,1999,0,0,32,4,-0.13171779999159128,-0.0003292944999789782,-0.04733756293633997,0.17473017631780696,0.0009772219887017146,0.026066664857475733
2021-05-12,2021,1999,0,0,31,13,1.9898905735105443,0.004974726433776361,0.063922858508059,0.15616807004204908,0.0010598248629053268,0.04686605262967669
2021-05-13,2021,1999,0,0,33,16,-0.45518648088050484,-0.001137966202201262,-0.04799191539378466,0.1748384335569445,0.001120418825998372,0.024393362983026478
2021-05-14,2021,1999,0,0,33,2,0.4410254454493763,0.0011025636136234407,0.013252893211436318,0.16462164946266858,0.0006359243911246207,0.010370411437702873
2021-05-17,2021,1999,0,0,33,1,1.0832431725346037,0.002708107931336509,0.03231025820711105,0.16144076868339152,0.00037651235242254396,0.04322361501822852
2021-05-18,2021,1999,0,0,33,4,0.17448398353161232,0.0004362099588290308,0.03740353249723953,0.16058671544547615,0.0004173998608036144,0.0643188066818937
2021-05-19,2021,1999,0,0,33,0,0.2566655807087004,0.0006416639517717509,0.018469419658304558,0.16374310980767112,0.00029963631937797983,0.016909625276885127
2021-05-20,2021,1999,0,0,33,0,-1.3809119862249493,-0.003452279965562373,-0.12190129639278097,0.18716686636325885,0.00036402877672438947,0.022289497605212424
2021-05-21,2021,1999,0,0,33,5,-0.6055883209697175,-0.0015139708024242938,-0.0464617768592534,0.17458173620182305,0.00032621941903580496,0.014948241439893388
2021-05-24,2021,1999,0,0,33,3,0.01322706880677288,3.30676720169322e-05,0.0001366293095396705,0.16680406175466517,0.0003244652184608163,0.016366573288418007
2021-05-25,2021,1999,0,0,32,1,-0.7407479658601201,-0.0018518699146503003,-0.048099712437201625,0.17485676854525445,0.00041599648264666343,0.012461505328677352
2021-05-26,2021,1999,0,0,32,1,1.5377516990213769,0.0038443792475534424,0.12617708964617633,0.1457819206231075,0.0006061191314273982,0.03488482971896564
2021-05-27,2021,1999,0,0,32,5,-3.0130384684361817,-0.007532596171090454,-0.25428999450222745,0.20925528104668226,0.0004553770167412772,0.019862255833964722
2021-05-28,2021,1999,0,0,33,2,0.6914100205737823,0.0017285250514344557,0.02642538183407948,0.16241816095978662,0.0002683888548020308,0.017366927021837144
2021-05-31,2021,1999,0,0,32,6,-1.0430644050388547,-0.0026076610125971367,-0.11558646532648487,0.18611166246338937,0.0004049900473475745,0.03907765158093016
2021-06-01,2021,1999,0,0,33,0,0.9037464999642143,0.002259366249910536,0.04796232945760107,0.15882351653621923,0.000342061993516809,0.01588848910118873
2021-06-02,2021,1999,0,0,32,3,-0.7751596391575273,-0.0019378990978938181,-0.09050205660005799,0.18192396891531246,0.0003105168353345569,0.01661144669000973
2021-06-03,2021,1999,0,0,32,2,0.35762046932205893,0.0008940511733051473,-0.010313054492795232,0.1685475803149004,0.00030153410491463905,0.02362650661494939
2021-06-04,2021,1999,0,0,30,0,0.1000559291038643,0.0002501398227596607,0.028204771283279504,0.16212260259233696,0.0003334351267913746,0.014106449336533204
2021-06-07,2021,1999,0,0,31,3,0.05102710459187518,0.00012756776147968793,0.005041749473418697,0.16598528269416268,0.00029338074955450856,0.020543846157260185
2021-06-08,2021,1999,0,0,31,3,0.9362994365098422,0.0023407485912746054,0.07787906614997908,0.15382951050666038,0.00026109483663380744,0.009474101021789425
2021-06-09,2021,1999,0,0,30,1,0.3236186714196128,0.0008090466785490321,0.033323874356212306,0.16126292586945334,0.00030723594426486703,0.02386141383961569
2021-06-10,2021,1999,0,0,30,4,0.26142021529198667,0.0006535505382299667,0.007891880287441831,0.16550826034208863,0.0003477982927019832,0.01104256456451063
2021-06-11,2021,1999,0,0,30,0,-0.1856932455180037,-0.00046423311379500926,0.016721900870565264,0.16403345408782813,0.0003353603557142336,0.04705863635865581
2021-06-14,2021,1999,0,0,30,3,-1.5010240564480268,-0.0037525601411200673,-0.06500643493185049,0.1776719167869698,0.0003106331267984204,0.012508033573155993
2021-06-15,2021,1999,0,0,30,3,-0.8015653455552201,-0.0020039133638880503,-0.12080037171021019,0.1869793359120981,0.0002935558726123923,0.005612111973759549
2021-06-16,2021,1999,0,0,31,4,1.055296587295647,0.0026382414682391176,0.07547983898703706,0.1542380274196132,0.0004551125018739788,0.017143852138454624
2021-06-17,2021,1999,0,0,33,3,0.38117346467359425,0.0009529336616839856,0.0030201280145026326,0.16632943024992905,0.0006374237226888762,0.009833347945635756
2021-06-18,2021,1999,0,0,32,13,1.8248252990457212,0.004562063247614303,0.17444929446713878,0.13772933764179388,0.0008910541571853653,0.008633823400656703
2021-06-21,2021,1999,0,0,32,11,-0.8811416810246502,-0.0022028542025616256,-0.09459131021976304,0.18260587976645956,0.00031152536010422205,0.013710808293184893
2021-06-22,2021,1999,0,0,33,10,0.0962185974539696,0.000240546493634924,0.03577731001748246,0.1608586745494539,0.0003464950781914104,0.3281748069569584
2021-06-23,2021,1999,0,0,34,13,0.023459129014725022,5.8647822536812556e-05,-0.022546878245035807,0.17059074081835962,0.00035771028746976996,0.07378995497301216
2021-06-24,2021,1999,0,0,34,6,0.7283728864258071,0.0018209322160645178,0.019350086876693755,0.16360000821482062,0.00031184620789280487,0.0269118705701205
2021-06-25,2021,1999,0,0,35,11,0.09456968816535327,0.00023642422041338318,-0.03770868211653028,0.17312198317553346,0.00036229546034482194,0.052569744886144965
2021-06-28,2021,1999,0,0,34,4,-0.11107848382461416,-0.0002776962095615354,-0.020479581108496483,0.17024471901822988,0.0003430059389790361,0.0252531574726529
2021-06-29,2021,1999,0,0,34,7,1.50918344253405,0.003772958606335125,0.16460489751980323,0.13936316193569695,0.00035007705289164215,0.010796501038515191
2021-06-30,2021,1999,0,0,34,12,0.21086244971908807,0.0005271561242977202,0.08288509809041533,0.1530033105963714,0.00036408749717498925,0.17377898821937082
2021-07-01,2021,1999,0,0,34,6,-1.0577791372497556,-0.002644447843124389,-0.0821445811125988,0.18053300127745758,0.000237217243087011,0.022856205040696326
2021-07-02,2021,1999,0,0,34,7,-0.3357736938386292,-0.000839434234596573,-0.09018651390993673,0.18186092154795724,0.000238592255649304,0.006960094701035841
2021-07-05,2021,1999,0,0,34,3,0.9266094315526872,0.0023165235788817178,0.1029596376657806,0.14965505991449396,0.00025475517339544406,0.010897319920846674
2021-07-06,2021,1999,0,0,35,0,0.5476436767446486,0.0013691091918616215,-0.04086465220417744,0.17364873794671526,0.0003495757367183516,0.019623716482578494
2021-07-07,2021,1999,0,0,35,3,-0.5229161310981147,-0.0013072903277452869,-0.0304565638982769,0.17190514858461695,0.00026385672829727804,0.017031780276673802
2021-07-08,2021,1999,0,0,35,12,0.31106546022686654,0.0007776636505671664,0.04658460744787723,0.15906135321486137,0.0006902152655528427,0.011900612530688318
2021-07-09,2021,1999,0,0,35,24,0.7983003080485399,0.0019957507701213496,0.10047829082133986,0.15006739599272353,0.00036260167099848534,0.02990431792932513
2021-07-12,2021,1999,0,0,35,7,-0.05353762726597236,-0.0001338440681649309,-0.03165801158045232,0.17210433985200246,0.0003107401309706788,0.04356069741037961
2021-07-13,2021,1999,0,0,34,12,0.14331941593863462,0.00035829853984658655,0.007282595460383407,0.1656163850000383,0.00037023925030706345,0.01873930779505141
2021-07-14,2021,1999,0,0,34,9,0.9423335199252503,0.0023558337998131258,0.04092587134719876,0.1599927202702314,0.0002666380092873734,0.015250723539441981
2021-07-15,2021,1999,0,0,35,5,-1.0851975810429981,-0.0027129939526074954,-0.05171261487490618,0.17545967234925827,0.0004021414509009082,0.025863749396084393
2021-07-16,2021,1999,0,0,33,5,0.20226699276549187,0.0005056674819137296,0.0066168682847225855,0.16572631667190962,0.0002819310169955285,0.06147512273003572
2021-07-19,2021,1999,0,0,34,12,0.21338629270761378,0.0005334657317690345,0.046656291530303345,0.1590457879578416,0.00025377814431016594,0.025223421201557402
2021-07-20,2021,1999,0,0,36,14,0.608406946790482,0.001521017366976205,0.08089621924587886,0.1533354212088474,0.00037164582354545604,0.018236427168248047
2021-07-21,2021,1999,0,0,35,11,-0.2087823036757801,-0.0005219557591894503,0.049050261360862296,0.15864754107442772,0.00032995882287656185,0.015060016469106128
2021-07-26,2021,1999,0,0,36,12,-1.0000178953322565,-0.0025000447383306413,-0.11436543670957292,0.18590857126647795,0.0003921151888120886,0.2620469880717911
2021-07-27,2021,1999,0,0,36,10,0.8878959676260818,0.0022197399190652047,0.11770321019714088,0.14719261347204948,0.0003807512036694518,0.02815429835175353
2021-07-28,2021,1999,0,0,36,5,-1.8824044497582124,-0.004706011124395531,-0.15160262687857215,0.1921249987805162,0.0006343842964901804,0.01362084682196723
2021-07-29,2021,1999,0,0,37,5,-0.6249608300289058,-0.0015624020750722644,-0.040241734100346295,0.17354651897868204,0.0009793283155892266,0.013366212127807064
2021-07-30,2021,1999,0,0,37,13,-0.946082967699702,-0.002365207419249255,-0.07686513278282713,0.179652799658373,0.0003817999196406747,0.013294854059682679
2021-08-02,2021,1999,0,0,37,7,-0.5414366855749495,-0.0013535917139373738,-0.07238734026583706,0.1789074597363752,0.0003833508144778923,0.02489042129567538
2021-08-03,2021,1999,0,0,39,9,-0.33852375473366364,-0.0008463093868341591,-0.08417417910039159,0.18086961576561733,0.00043809434854742403,0.01165681338342939
2021-08-04,2021,1999,0,0,39,3,-0.3373189264631411,-0.0008432973161578527,-0.02322292359932867,0.1707025902182164,0.0005740496154868041,0.023696451956303374
2021-08-05,2021,1999,0,0,39,4,1.6080644998092297,0.0040201612495230745,0.10355580932209724,0.14955457690789317,0.0008252236336166244,0.07301599757162439
2021-08-06,2021,1999,0,0,39,7,-1.1719930064849882,-0.0029299825162124706,-0.0781499461976244,0.1798687087493903,0.0006796625771578443,0.041772825270353135
2021-08-10,2021,1999,0,0,39,3,1.5463153439978292,0.003865788359994573,0.09544868379460376,0.1509016137440835,0.0005458483712001522,0.009216583830581226
2021-08-11,2021,1999,0,0,40,7,1.0637725977517634,0.0026594314943794084,0.023681755564213113,0.16287464782670844,0.0006234457385280535,0.040538325590619866
2021-08-12,2021,1999,0,0,40,8,0.2411310960552826,0.0006028277401382065,-0.01514529985072244,0.16935920512909208,0.000816527957854209,0.024310692616942763
2021-08-13,2021,1999,0,0,40,9,-0.8508069991810026,-0.002127017497952506,-0.08894841369894982,0.18166788020558747,0.0005327984440882676,0.02020993028019016
2021-08-16,2021,1999,0,0,39,9,0.060833491568385245,0.0001520837289209631,0.06968046851133156,0.1552059125095518,0.00042981046183051934,0.05453259875753626
2021-08-17,2021,1999,0,0,40,5,-0.7128513513754726,-0.0017821283784386814,-0.10142167033373964,0.1837516644371398,0.0005292514282234453,0.01169040304578763
2021-08-18,2021,1999,0,0,40,7,-1.5086336385107209,-0.003771584096276802,-0.13849684717064942,0.18993567202869555,0.0005031316295424193,0.051842455933970445
2021-08-19,2021,1999,0,0,41,7,-1.1254277606377587,-0.0028135694015943968,-0.056100313443053496,0.17619096869038403,0.0006331973273789519,0.06731842719041228
2021-08-20,2021,1999,0,0,41,5,0.44941067177505767,0.001123526679437644,0.10669674172422415,0.1490297062808043,0.0004683830872235058,0.05934038768633502
2021-08-23,2021,1999,0,0,41,11,-0.7093850231385694,-0.0017734625578464235,0.038988241002661135,0.16031861184755453,0.0002982807348176797,0.04391914652451066
2021-08-24,2021,1999,0,0,41,12,-0.806192675527307,-0.0020154816888182676,-0.09662275206892205,0.1829458658017457,0.00032288449930600275,0.03226727969028597
2021-08-25,2021,1999,0,0,41,17,-0.7723322962132435,-0.0019308307405331087,-0.03908981121004558,0.173342779788082,0.00024365618627724314,0.017434604119403736
2021-08-26,2021,1999,0,0,40,14,-0.9470173062428155,-0.0023675432656070387,-0.06332822619293321,0.17739745750003383,0.0005442647906394664,0.008584063624648535
2021-08-27,2021,1999,0,0,40,8,-0.21798926052176237,-0.0005449731513044059,-0.0010607581833793878,0.16700426924808387,0.00035939388570218776,0.008918255060459982
2021-08-30,2021,1999,0,0,40,13,-0.14501785573004966,-0.00036254463932512416,0.015127035157650591,0.16430254916245912,0.00036215655371194303,0.07614799522074078
2021-08-31,2021,1999,0,0,41,9,0.5978786213026188,0.0014946965532565471,0.041217392884282326,0.15995153288412028,0.00032688700119099754,0.030829320059467133
2021-09-01,2021,1999,0,0,42,6,-0.11212994996720926,-0.00028032487491802316,-0.0693299541414965,0.1783973895808717,0.0005820239726171503,0.028118997398269004
2021-09-02,2021,1999,0,0,42,11,0.08245328360400861,0.00020613320901002153,-0.040834105140261374,0.17363883401919938,0.0004541356886357442,0.009534442382951258
2021-09-03,2021,1999,0,0,43,8,-0.676403632446049,-0.0016910090811151225,-0.029809698660742116,0.17180037836856488,0.00035247706086959676,0.07040692104919033
2021-09-06,2021,1999,0,0,43,6,-0.20135978872256333,-0.0005033994718064084,-0.014654364450243743,0.1692700823127523,0.0002845454754444461,0.05848925024128392
2021-09-07,2021,1999,0,0,45,10,0.1805847065284245,0.0004514617663210613,-0.011621276662948536,0.16876408558266756,0.0003420231580356984,0.0179921780555357
2021-09-08,2021,1999,0,0,45,20,1.307000981484657,0.0032675024537116427,0.12102744019679733,0.14664091282355368,0.0005185822331568214,0.02540162033388043
2021-09-09,2021,1999,0,0,44,3,-0.11510288637556232,-0.0002877572159389058,0.021633710984471418,0.16321903617146583,0.0004146857572682169,0.036162149591339295
2021-09-10,2021,1999,0,0,45,31,0.9141585600490083,0.002285396400122521,0.07849029904600544,0.15373538187328717,0.00032271422146554923,0.0690989516865746
2021-09-13,2021,1999,0,0,46,28,0.028848840616014115,7.212210154003529e-05,-0.025795946225144376,0.17113570163074143,0.0007673910513873114,0.016418696203467358
2021-09-14,2021,1999,0,0,45,37,1.3766774943341533,0.003441693735835383,0.2023506814346386,0.13306813902782555,0.0005924684089237348,0.020378822558877602
2021-09-15,2021,1999,0,0,45,7,-0.4346598470040386,-0.0010866496175100965,-0.01958452818237304,0.1700933451361969,0.00042624686555223755,0.03345218137034548
2021-09-16,2021,1999,0,0,46,6,0.15630348331774835,0.00039075870829437086,0.05582798391323622,0.15751924640628254,0.0006319687891222311,0.024884212320636024
2021-09-17,2021,1999,0,0,47,18,-0.6199930502046889,-0.0015499826255117222,-0.0625245055407285,0.17726351942264953,0.0005463016885606338,0.028126827239993296
2021-09-21,2021,1999,0,0,45,3,-0.04295141973201666,-0.00010737854933004165,-0.03296370363666446,0.1723327286799088,0.0011334299767083054,0.08452279444734839
2021-09-22,2021,1999,0,0,45,2,0.7432451046601568,0.001858112761650392,0.10481799626187198,0.14934377501215224,0.0003546922672260075,0.03770737447332263
2021-09-24,2021,1999,0,0,46,3,0.9930415159131041,0.0024826037897827604,0.05016395882062875,0.1584591969030935,0.0005595101169819122,0.10891690658221025
2021-09-27,2021,1999,0,0,46,21,0.1342752521555699,0.00033568813038892476,0.12910888085334624,0.14529297956058884,0.0005994599331624449,0.01887329690910095
2021-09-28,2021,1999,0,0,46,7,1.113427715227987,0.0027835692880699677,0.06861554240323538,0.1553818553272985,0.0004247544208720325,0.07006346835474808
2021-09-29,2021,1999,0,0,46,3,-0.1229132584631385,-0.00030728314615784623,0.03202302860984571,0.16149088481100332,0.000644568636671615,0.01394453087556016
2021-09-30,2021,1998,0,0,46,2,-2.9358332142369816,-0.007339583035592454,-0.1713301133564921,0.19541480604864617,0.000544908814793542,0.012037753015340328
2021-10-01,2021,1998,0,0,46,11,-0.33701304124028786,-0.0008425326031007197,-0.004515573680762887,0.16758620254719436,0.00036748417038274996,0.0632496629275752
2021-10-04,2021,1998,0,0,46,9,-0.8127585972929139,-0.002031896493232285,0.02186495616774781,0.16318241055171184,0.0004471536568686247,0.044821166134231906
2021-10-05,2021,1998,0,0,45,30,-2.4834037373404927,-0.006208509343351232,-0.12264328213492062,0.187290904449454,0.0004463545362635976,0.02425769785667718
2021-10-06,2021,1998,0,0,45,1,-1.3173100952505243,-0.003293275238126311,-0.021392338676725103,0.17039887529046405,0.0005110744774059424,0.04191834352200705
2021-10-07,2021,1998,0,0,47,2,-0.8338913009674318,-0.0020847282524185796,-0.054283269235254186,0.17588838815934843,0.00048516348691274866,0.030099267602739576
2021-10-08,2021,1998,0,0,47,1,-0.8176499110378841,-0.0020441247775947104,-0.05378266293125466,0.17580449697234038,0.00046767249964577666,0.03893147319109839
2021-10-11,2021,1998,0,0,46,1,-0.5918337916073269,-0.0014795844790183171,-0.06414500016655406,0.17753023329891385,0.00040936145656118037,0.02599461217746344
2021-10-12,2021,1998,0,0,48,9,-0.7380203585562574,-0.0018450508963906433,-0.039190574955546606,0.17336692171308893,0.0003868861163623691,0.012854436602590252
2021-10-13,2021,1998,0,0,47,10,0.9626890917260882,0.0024067227293152207,0.039138392221810224,0.16030370860061566,0.0009535826133193784,0.009519765830327858
2021-10-14,2021,1998,0,0,49,4,0.01183429577185191,2.9585739429629775e-05,0.04907097469632571,0.15864199120129585,0.00043246309448406614,0.04007440949927349
2021-10-15,2021,1998,0,0,48,7,0.17290128162267826,0.00043225320405669565,0.00018926314651071955,0.16679438204546349,0.00035298603663921755,0.02465360422181338
2021-10-18,2021,1998,0,0,48,2,0.8466040134022133,0.0021165100335055332,0.13572194293643175,0.1441801379304028,0.00029789747700362126,0.01899844554078993
2021-10-19,2021,1998,0,0,48,1,0.20313647922734623,0.0005078411980683656,0.08166680622232755,0.1532057919320335,0.0003627882530052635,0.01209225636832101
2021-10-20,2021,1998,0,0,48,3,-0.6601266162033765,-0.0016503165405084414,-0.05877064525450159,0.17662807345635292,0.00026273523043019554,0.01174474722804743
2021-10-21,2021,1998,0,0,49,3,-1.11369148481711,-0.002784228712042775,-0.10244695344242717,0.1839173125355654,0.000270470113366113,0.010358686874028664
2021-10-22,2021,1998,0,0,48,4,-0.355242574227262,-0.0008881064355681551,-0.026131634604251837,0.17118685225069888,0.00034060028461750327,0.00871171451218324
2021-10-25,2021,1998,0,0,48,12,0.5985053532498914,0.0014962633831247284,0.03781311166428726,0.16051911704146943,0.00028482960478617357,0.023482935998655852
2021-10-26,2021,1998,0,0,48,1,0.6250930454743844,0.001562732613685961,0.05530465403051765,0.15760105165570398,0.00043929146877421256,0.016970712837577534
2021-10-27,2021,1998,0,0,48,2,0.48467859439819594,0.00121169648599549,0.030637266664170916,0.16171149755621356,0.0004352758218686586,0.019485089152937677
2021-10-28,2021,1998,0,0,47,4,0.19521185931950225,0.0004880296482987556,0.03784037272830185,0.16052006476488967,0.0008938819212727507,0.02102765966994782
2021-10-29,2021,1998,0,0,47,4,-0.02676664060930256,-6.69166015232564e-05,-0.02796379630971379,0.17149727826321082,0.00047641709377502066,0.01169204744048295
2021-11-01,2021,1998,0,0,46,10,0.06971466440822427,0.00017428666102056067,-0.04430663829237588,0.17422241482110704,0.0007809183921393239,0.06750036298376544
2021-11-02,2021,1997,0,0,46,12,-0.9525631210191225,-0.0023814078025478063,-0.0469260099257566,0.17465962671110172,0.0007512714938235645,0.07587754425323572
2021-11-04,2021,1997,0,0,46,12,0.2308644278157012,0.000577161069539253,0.005601760718777907,0.165891758939428,0.0007035099548141104,0.036744383614869744
2021-11-05,2021,1997,0,0,46,8,0.4157822850238173,0.0010394557125595434,-0.01719820449356199,0.16970071324642716,0.0005791818737778763,0.04609513232043295
2021-11-08,2021,1996,0,0,46,17,0.6308008935086787,0.0015770022337716968,0.02616044478942035,0.1624644556731128,0.0006502070499230142,0.03558367379306429
2021-11-09,2021,1996,0,0,46,19,0.31039919423552625,0.0007759979855888156,-0.01759031724877537,0.16976036173577674,0.000617148896073554,0.01973320959139343
2021-11-10,2021,1996,0,0,46,10,1.2061615326234487,0.0030154038315586217,0.041018915112139794,0.15998863783685108,0.0009627267017559996,0.0175778089721597
2021-11-11,2021,1996,0,0,46,8,0.8132267608045681,0.0020330669020114205,-0.022456716406683456,0.17057575927855861,0.0009838328283505412,0.011799168692905846
2021-11-12,2021,1996,0,0,46,6,1.5246571247729168,0.003811642811932292,0.08484037806570258,0.1526738200743671,0.0005696746759125685,0.010586137108296603
2021-11-15,2021,1996,0,0,46,3,1.1057295517057928,0.002764323879264482,0.028270687745085336,0.16211481259892285,0.0005648496770952741,0.018526705480923934
2021-11-16,2021,1996,0,0,45,10,-0.6600970517632622,-0.0016502426294081555,-0.04595729578728336,0.1744939958119265,0.0003710576520559407,0.017813770641427234
2021-11-17,2021,1997,0,0,45,9,1.728895534568311,0.004322238836420777,0.0975422529179047,0.1505558461235534,0.00037456546973282196,0.012844527279327344
2021-11-18,2021,1997,0,0,45,11,0.34967301447333193,0.0008741825361833299,0.028243231952497314,0.1621159208154725,0.0003507140194100997,0.009025630561319026
2021-11-19,2021,1997,0,0,45,6,0.10794694517666059,0.0002698673629416515,-0.030039747173932527,0.17183977923151972,0.0005558723921584012,0.012890877741160543
2021-11-22,2021,1997,0,0,45,11,-0.7498323702658225,-0.0018745809256645563,-0.04789410361524376,0.17481796059004712,0.0003011712452351551,0.005803338525303253
2021-11-24,2021,1997,0,0,47,12,-0.11934913218383425,-0.00029837283045958563,-0.015260158042265893,0.1693791854946407,0.0005619765250993345,0.006323579258084601
2021-11-25,2021,1997,0,0,48,5,0.6610016026196908,0.0016525040065492268,0.049959363426625464,0.15849860058067955,0.0009340966351747746,0.010951994201222157
2021-11-26,2021,1997,0,0,47,10,-1.1416757192011517,-0.0028541892980028793,-0.015191867978136455,0.16936497925228491,0.0004292270268812353,0.006897231016802917
2021-11-29,2021,1997,0,0,46,9,-1.3969353861534475,-0.0034923384653836186,-0.12110746258275,0.18703690322090416,0.00040874182762640833,0.010373474169220825
2021-11-30,2021,1996,0,0,46,7,-1.6041671058804676,-0.004010417764701169,-0.14753750473704827,0.19144436000473758,0.0005448685611215161,0.008395313068746864
2021-12-01,2021,1996,0,0,46,12,0.28255851500314044,0.000706396287507851,0.0008973578884785993,0.16668384929103436,0.0010377429232158956,0.0058848630578670486
