Date,ValidationYear,StocksRanked,SelectedMissingTargets,AllMissingTargets,FallbackStocks,SelectedFallbackStocks,OfficialDailySpread,IllustrativeGrossOneReturn,RankIC,NormalizedHardRankMSE,AllStockForecastMSE,MaxAbsoluteScore
2017-12-29,2018,1896,0,0,42,3,-0.10945294907760139,-0.0002736323726940035,-0.04005220045873389,0.17351916281145943,0.0003131460377284182,0.01187417670995562
2018-01-04,2018,1896,0,0,41,7,0.21725764170517126,0.0005431441042629281,-0.04407075165525561,0.17419067195387516,0.0004052455761019803,0.012416184175593304
2018-01-05,2018,1896,0,0,41,10,-0.7183534468363558,-0.0017958836170908895,-0.048767344169454246,0.17497317364137746,0.00037016103737747203,0.007084124245040497
2018-01-09,2018,1896,0,0,39,16,0.3804981313416671,0.0009512453283541677,0.05031691923004715,0.15844245786869557,0.00037966166498796573,0.023522436401428027
2018-01-10,2018,1896,0,0,39,2,-1.7696485520755683,-0.004424121380188921,-0.11601754278364444,0.1861949315330411,0.0005706352073063319,0.005663066301369373
2018-01-11,2018,1896,0,0,39,7,-0.33125855004768673,-0.0008281463751192168,-0.024464015034261963,0.1709175390287501,0.00046011663896710546,0.009286064660244033
2018-01-12,2018,1896,0,0,39,4,-0.5664527833353274,-0.0014161319583383186,0.00985558173318571,0.16518879712922366,0.0003848755441777853,0.03576099981944073
2018-01-15,2018,1896,0,0,39,4,-1.1523534461616247,-0.002880883615404062,-0.018434554002327307,0.16991604281442743,0.0003816776673666971,0.013917947236008966
2018-01-16,2018,1896,0,0,39,2,-0.00953579778534741,-2.3839494463368528e-05,0.025674079024592802,0.1625570471090947,0.0003902890450405592,0.013608372717170268
2018-01-17,2018,1896,0,0,39,2,-0.6454397229369195,-0.0016135993073422988,-0.060875289173256894,0.17699275065059789,0.0003033620484498679,0.00952172397924502
2018-01-18,2018,1896,0,0,40,0,-1.677377099307149,-0.0041934427482678725,-0.10006196828886343,0.18352973387973776,0.00044663393256500324,0.00963791411358945
2018-01-19,2018,1896,0,0,40,9,-0.3075343535176698,-0.0007688358837941744,-0.007017653362727669,0.16800935815811552,0.00037909097028495135,0.029742199368219938
2018-01-22,2018,1896,0,0,39,2,1.3337524015430025,0.0033343810038575063,0.04587884014180284,0.1591800621844479,0.0003252585774444632,0.03752303404320467
2018-01-23,2018,1896,0,0,39,10,0.37281748618910404,0.00093204371547276,-0.009215965452094367,0.16837575559403445,0.00033980244356885585,0.013471316606324285
2018-01-24,2018,1896,0,0,39,13,-0.11663344366180162,-0.00029158360915450406,-0.008648663795044174,0.1682782118817844,0.0003189893800497128,0.01337447867638713
2018-01-25,2018,1896,0,0,38,6,0.7820963683895791,0.0019552409209739477,0.1071008846418751,0.14896662681696754,0.00037551739980204316,0.011442523622754781
2018-01-26,2018,1896,0,0,38,6,1.1477702065423852,0.002869425516355963,0.02574303510907134,0.16254676251744235,0.0005159690112966364,0.034513501584140405
2018-01-29,2018,1896,0,0,38,7,-0.5297270829194833,-0.0013243177072987083,-0.005648209436547293,0.16778329057407154,0.0006583921523292591,0.012415863351164243
2018-01-30,2018,1896,0,0,38,5,0.6652859680435208,0.001663214920108802,0.027394607199759086,0.16227146435483186,0.0010546828592086423,0.025394468056913106
2018-01-31,2018,1896,0,0,37,2,0.06393921645199191,0.00015984804112997977,0.043804082787263665,0.15953065794861235,0.00042844745574019264,0.008502270134724542
2018-02-01,2018,1896,0,0,36,2,0.8431792970887955,0.0021079482427219885,0.07574719211928248,0.1542046511466688,0.001126933513925843,0.029249322470631986
2018-02-02,2018,1896,0,0,37,3,0.3460637299389706,0.0008651593248474265,-0.02014870290794563,0.1702042251549713,0.004429480139906854,0.03185185624752359
2018-02-05,2018,1896,0,0,36,0,-0.6366512735181582,-0.0015916281837953954,-0.06783078935811397,0.17815586954549165,0.0006067643485417055,0.022618537756873613
2018-02-06,2018,1896,0,0,36,8,-1.6193241714297766,-0.004048310428574442,-0.14566891672480956,0.19114283391167683,0.0009676763051262136,0.06563989188276996
2018-02-07,2018,1896,0,0,35,2,-0.522028285624232,-0.00130507071406058,-0.027185940980128106,0.17137818286840695,0.000989118489520841,0.019360154457584162
2018-02-08,2018,1896,0,0,34,0,0.19386802961100447,0.00048467007402751115,-0.059476948076778925,0.17676318755234752,0.0011483157947551517,0.016872354340472087
2018-02-09,2018,1896,0,0,34,2,-1.0689141213941933,-0.002672285303485483,-0.1014800196433343,0.1837723517494109,0.0009587807347903385,0.07993322477822427
2018-02-13,2018,1896,0,0,33,0,0.06194446152822852,0.0001548611538205713,0.03233497877736307,0.16144430961953116,0.001181505901524433,0.03117453480822483
2018-02-14,2018,1896,0,0,33,7,0.5535901650007014,0.0013839754125017534,0.013288121344096258,0.16462352858892793,0.0009362725584665956,0.03391141763163396
2018-02-15,2018,1896,0,0,34,0,0.37780165332922255,0.0009445041333230564,0.07555440769566336,0.15423684741821628,0.0013711562024361597,0.035498702073402166
2018-02-16,2018,1896,0,0,34,0,-0.7352411008769569,-0.0018381027521923922,-0.011071263006122045,0.1686812898553905,0.0003333166139378556,0.05242187672486989
2018-02-19,2018,1896,0,0,34,1,-0.15783866093944687,-0.00039459665234861717,0.024029554852218412,0.16282913762942228,0.0005127196693773631,0.036551736135059854
2018-02-20,2018,1896,0,0,34,1,0.009221836754520263,2.3054591886300656e-05,-0.03666153160817816,0.17295561797774262,0.0003458500665500104,0.01867635663629171
2018-02-21,2018,1896,0,0,33,0,1.4576335971718315,0.0036440839929295786,0.16179029690610577,0.13984799055263095,0.00036640794579975076,0.046947111882487826
2018-02-22,2018,1896,0,0,34,5,-0.04179959507391451,-0.00010449898768478627,-0.013255289215073709,0.1690502104299699,0.00041146930373253465,0.0222563006470601
2018-02-23,2018,1896,0,0,33,1,0.8610538149628755,0.0021526345374071887,0.11013562474410911,0.1484595765545003,0.00029558536005977514,0.10153934253326405
2018-02-26,2018,1896,0,0,32,5,-1.1985011296747703,-0.0029962528241869258,-0.15563412979054345,0.19280620172766041,0.0003839771196333798,0.023657454185313675
2018-02-27,2018,1896,0,0,30,2,-0.9902826049860838,-0.0024757065124652094,-0.09685438555877167,0.18300021624175156,0.0005589739648180199,0.006901895540574001
2018-02-28,2018,1896,0,0,32,6,0.5216210903563958,0.0013040527258909895,-0.0024460248108664944,0.16725018099947192,0.000483210941617269,0.019683955404873832
2018-03-01,2018,1896,0,0,35,10,2.7615162536125473,0.006903790634031368,0.1712263337891599,0.13827353058493785,0.0007452618832398292,0.030813164073800765
2018-03-02,2018,1896,0,0,36,14,0.04119427906912776,0.0001029856976728194,-0.020280644521487937,0.17022570223638592,0.0009250229842866807,0.023903435114756746
2018-03-05,2018,1896,0,0,35,8,-0.5784799455681884,-0.001446199863920471,-0.05310175486193056,0.17569718203055282,0.00041064417250066587,0.3226508482959513
2018-03-06,2018,1896,0,0,34,4,-0.031338140872037235,-7.834535218009308e-05,-0.019129303831044192,0.17002799671955254,0.0004184932369259021,0.03306499707568037
2018-03-07,2018,1896,0,0,35,1,0.7446490229901236,0.001861622557475309,0.08585301256896145,0.15251478964038245,0.0004161132721072586,0.05074455214042517
2018-03-08,2018,1896,0,0,35,3,1.143050984035515,0.0028576274600887876,0.17962518864511898,0.13687252145578477,0.0006124157876627971,0.01544517690971602
2018-03-09,2018,1896,0,0,36,3,-0.022021787496533607,-5.5054468741334015e-05,-0.005045713592844587,0.1676810265700792,0.0005141309853651095,0.017168416542410244
2018-03-12,2018,1896,0,0,35,7,-0.36695377356322645,-0.0009173844339080661,0.002865009967004958,0.16635566144346564,0.00038515110077969364,0.023928597303750947
2018-03-13,2018,1896,0,0,34,3,-1.155996300244176,-0.00288999075061044,-0.08740839702508978,0.18142039054702624,0.000434418651181495,0.35537199571412437
2018-03-14,2018,1896,0,0,34,8,-0.09191188397112415,-0.00022977970992781038,-0.01394184252228378,0.169164400115889,0.0003705431297471146,0.044682330088579254
2018-03-15,2018,1896,0,0,32,3,0.5549970274394376,0.001387492568598594,0.031886918313051224,0.1615214568716306,0.0005328975266355224,0.022891125270307663
2018-03-16,2018,1897,0,0,31,8,0.25340449504911206,0.0006335112376227802,0.03644504377428779,0.16075586076715653,0.0002603917678552052,0.016249894445664787
2018-03-19,2018,1897,0,0,31,11,-0.41015830883255,-0.001025395772081375,-0.019467152349639225,0.17008329515735013,0.00036146516879742357,0.013220162226518829
2018-03-20,2018,1897,0,0,29,10,-1.0223376422668702,-0.0025558441056671754,-0.1554067345167157,0.19277090865235913,0.0017027559628693739,0.034782278224042854
2018-03-22,2018,1898,0,0,28,3,0.041463566067988566,0.00010365891516997141,-0.04081578890945265,0.1736472412784436,0.0003138176188767041,0.015216866643549643
2018-03-23,2018,1900,0,0,30,2,-0.6086924061158117,-0.001521731015289529,-0.06323428320441914,0.1773922174901685,0.002222309515157574,0.05880601592556571
2018-03-26,2018,1900,0,0,28,4,-0.014794982127108502,-3.6987455317771256e-05,0.0004510456780645871,0.16676621923707174,0.0005278200285540921,0.03180196539736907
2018-03-27,2018,1901,0,0,29,1,-0.8335295545845236,-0.002083823886461309,-0.07606748821892274,0.17952504790451446,0.0006372089760504933,0.10622052122714468
2018-03-28,2018,1901,0,0,31,1,-2.162507238812331,-0.0054062680970308275,-0.21962295346057728,0.20348212327379817,0.000655089616438665,0.0263210760817619
2018-03-29,2018,1901,0,0,33,3,0.20410823512676285,0.0005102705878169071,-0.05461787893807857,0.17594988269769082,0.0003219921293329877,0.01439908554989569
2018-03-30,2018,1901,0,0,32,8,0.01776503724857942,4.441259312144854e-05,-0.04794178246249856,0.1748366281196221,0.00031890652079830594,0.007301685382046933
2018-04-02,2018,1902,0,0,33,6,-1.8622351239537294,-0.004655587809884324,-0.1665068250342104,0.19461863480785926,0.0005209990827803063,0.02532607521684064
2018-04-03,2018,1902,0,0,34,1,-0.13159206164725812,-0.0003289801541181453,-0.02798223670305682,0.1715055715702849,0.0004074271951133746,0.033899293901130424
2018-04-04,2018,1902,0,0,34,8,0.41908041686671926,0.001047701042166798,-0.037563600421259086,0.17310469345178,0.00039669708459445037,0.052400521651755225
2018-04-05,2018,1902,0,0,34,4,-0.3494672014070583,-0.0008736680035176457,-0.07599989293455706,0.17951114831657344,0.0003583882405870619,0.015683184980284832
2018-04-06,2018,1902,0,0,34,2,-2.2772638037748094,-0.0056931595094370235,-0.1655900002793379,0.19446600809550837,0.00037474904813459924,0.028184537167677604
2018-04-09,2018,1902,0,0,36,7,-4.508950350312671,-0.011272375875781677,-0.32059183759476345,0.2203247038563898,0.000561276091740862,0.031006177960852237
2018-04-10,2018,1902,0,0,37,0,-0.7133062974980326,-0.0017832657437450816,-0.11119677847364552,0.18538200886312411,0.0003257467331701046,0.023346538525266056
2018-04-11,2018,1902,0,0,38,0,0.25645150196033595,0.0006411287549008399,0.043313307189246385,0.15961002596742435,0.00042927697149790597,0.01749303071032552
2018-04-12,2018,1902,0,0,40,0,-0.7399057175147261,-0.0018497642937868152,-0.10613923496898814,0.18454627565546347,0.0006234868548637708,0.01977137669495961
2018-04-13,2018,1902,0,0,40,3,-0.49858562740143153,-0.0012464640685035788,-0.0742667055611052,0.17922889731590264,0.00038256548835108745,0.02762282887982471
2018-04-16,2018,1902,0,0,40,3,-0.9607275728904514,-0.0024018189322261283,-0.06540363068756604,0.1777521561254645,0.000456863514135211,0.005720416060690658
2018-04-17,2018,1902,0,0,40,10,-0.8319931330810177,-0.0020799828327025443,-0.018624444866044264,0.16994149381036655,0.00038190237467689876,0.06873516228948756
2018-04-18,2018,1902,0,0,41,8,-0.37058492082899924,-0.0009264623020724981,-0.0488594563921528,0.1749768938653068,0.00025599524384676474,0.013748869043058172
2018-04-19,2018,1902,0,0,42,7,-0.04519670313961782,-0.00011299175784904455,0.025493858056233925,0.1625825136526914,0.0003560088270376034,0.011433443291642262
2018-04-20,2018,1903,0,1,43,7,1.0471403625130509,0.002617850906282627,0.06692230006481037,0.15567267646160118,0.0003323393036176056,0.0062946792002972485
2018-04-23,2018,1903,0,0,43,3,-0.7145081033833665,-0.001786270258458416,-0.09635802180049832,0.18290911895783785,0.0003195789673736383,0.01986642010602388
2018-04-24,2018,1903,0,0,45,4,-0.13242721248944966,-0.00033106803122362417,-0.018928461022943814,0.16999389646914206,0.0003942595137099057,0.019710248888036352
2018-04-25,2018,1903,0,0,45,6,-1.2925783486584128,-0.003231445871646032,-0.09671554299006624,0.18297337203709466,0.0005443545788295009,0.008408815041645434
2018-04-26,2018,1903,0,0,44,3,-0.3432840825500747,-0.0008582102063751868,0.009034129824975302,0.1653297846381083,0.0007194729528325668,0.01997077292254817
2018-04-27,2018,1903,0,0,45,2,0.9739637541658792,0.002434909385414698,0.14392774093160496,0.14282400536823056,0.0003041667063106451,0.016815521204724376
2018-05-01,2018,1903,0,0,46,0,-0.15258891567630983,-0.00038147228919077457,-0.04050359681402485,0.17359073638287356,0.0004206455023299146,0.010360253108299185
2018-05-02,2018,1903,0,0,48,0,1.8809527519298936,0.004702381879824734,0.1342589387161469,0.14443632896477965,0.00044101221408432856,0.004821632042748277
2018-05-07,2018,1903,0,0,47,1,1.4110414870296535,0.0035276037175741336,0.07532149926408928,0.15426776432486689,0.000664548415938114,0.005046464452539347
2018-05-08,2018,1903,0,0,47,4,0.906606212793268,0.00226651553198317,0.048570562502946654,0.15873172582579625,0.0007751689724710943,0.00847419436745722
2018-05-09,2018,1903,0,0,48,4,0.3849489851791188,0.000962372462947797,0.062209030796310544,0.15646085020091072,0.0008197096148422536,0.013259168256367956
2018-05-10,2018,1903,0,0,48,4,0.6014975197824595,0.0015037437994561487,0.046739024675444114,0.1590408647901985,0.001055778625982654,0.02236480189208658
2018-05-11,2018,1903,0,0,47,0,0.686657092102475,0.0017166427302561875,-0.008934966150006884,0.168327695647922,0.0007066173532976548,0.018151459802231224
2018-05-14,2018,1903,0,0,47,3,-0.7559202163560381,-0.0018898005408900954,-0.05165910293631765,0.17545716067162237,0.000638014368895463,0.004825726337504711
2018-05-15,2018,1903,0,0,47,1,0.36008715844252204,0.0009002178961063051,0.061674480528457774,0.15654553331540466,0.0003863452307412214,0.0048107765619122824
2018-05-16,2018,1903,0,0,47,3,0.39240780815987597,0.00098101952039969,0.04926797932535052,0.15861709703960544,0.00029657718231626383,0.005210914534963843
2018-05-17,2018,1903,0,0,48,0,1.1352036811544997,0.0028380092028862493,0.10632395509283565,0.14909708577081193,0.00035392896048521154,0.010615443034591443
2018-05-18,2018,1903,0,0,49,1,0.7175882494350025,0.0017939706235875063,0.06311352179162102,0.15630715070543905,0.00023514906078163584,0.0072766712514002845
2018-05-21,2018,1903,0,0,50,3,0.46915433411632324,0.0011728858352908081,-0.05708553936707306,0.1763588624609835,0.00029346417118051015,0.015708649054947184
2018-05-22,2018,1903,0,0,51,0,-0.45477076266713645,-0.0011369269066678412,-0.026137360476710635,0.1712004222601319,0.00038038312337635176,0.007017289489448845
2018-05-23,2018,1903,0,0,50,10,-1.7663965503085934,-0.0044159913757714836,-0.1432901337202764,0.1907423986337219,0.0002893953612403906,0.043460313527961814
2018-05-24,2018,1903,0,0,50,2,-0.4069687380926096,-0.001017421845231524,-0.029391688294305027,0.17173629319533534,0.00036264440028069457,0.011966268998839711
2018-05-25,2018,1903,0,0,50,10,-0.44020725519166337,-0.0011005181379791585,-0.05329986366178461,0.17573037775795425,0.00026715416997892907,0.013569251559635858
2018-05-28,2018,1903,0,0,50,14,0.5928336941518209,0.001482084235379552,0.06524065817135255,0.1559564669241514,0.0003606280285193177,0.031259628760959626
2018-05-29,2018,1903,0,0,50,13,1.4948842017751622,0.0037372105044379054,0.07442268166142098,0.1544207370943533,0.0004700349129803235,0.016578552075477218
2018-05-30,2018,1903,0,0,50,8,-0.6126763718503768,-0.001531690929625942,-0.06606249239052164,0.17785929197187395,0.00043311142169351845,0.012291419684270288
2018-05-31,2018,1904,0,0,51,10,-1.9344399267454504,-0.004836099816863626,-0.18899002131067982,0.1983724744245108,0.0006207883345555053,0.016157561225360023
2018-06-01,2018,1904,0,0,51,8,0.2236606015478623,0.0005591515038696558,-0.02989849495134646,0.1718210700545821,0.0003507598949384322,0.2225610888881124
2018-06-04,2018,1904,0,0,51,15,1.1090086182350354,0.0027725215455875886,0.03146156646195984,0.16158446778680932,0.0003477193207619797,0.05717928329641729
2018-06-05,2018,1904,0,0,52,6,0.4901529530683286,0.0012253823826708216,0.09102134979698903,0.15165083335025145,0.00041246017356447607,0.027292483592249218
2018-06-06,2018,1904,0,0,52,7,-0.22863720249612463,-0.0005715930062403116,-0.015950994002741543,0.16949355791100215,0.0003092694999738754,0.02691855372130111
2018-06-07,2018,1904,0,0,51,7,-0.2753170594536384,-0.0006882926486340959,-0.02145063050542625,0.17041255732299804,0.0003257972970216728,0.032695938810299995
2018-06-08,2018,1904,0,0,51,14,-0.7033589421640408,-0.001758397355410102,-0.05069468134987663,0.1752914553690673,0.0002487662871949388,0.02255707545742884
2018-06-11,2018,1904,0,0,51,11,-0.042285603667531646,-0.00010571400916882912,-0.00982836428422267,0.1684735703821683,0.0003455562516232294,0.015807968387734298
2018-06-12,2018,1904,0,0,52,1,0.6515527879329174,0.0016288819698322935,0.04764360022363358,0.15888448792951013,0.0003264997448541921,0.0044036953936513875
2018-06-13,2018,1904,0,0,53,2,1.4328422952816893,0.0035821057382042234,0.1403124545803698,0.14343029104106705,0.0003947422974480296,0.00500099843730571
2018-06-14,2018,1904,0,0,53,9,-1.8319139859879674,-0.004579784964969918,-0.17996617330851722,0.19686558555214934,0.0004658774337496705,0.010496148938293193
2018-06-15,2018,1904,0,0,53,9,0.3641507741866743,0.0009103769354666857,0.007075986820992087,0.16566054018365955,0.0006054876081540298,0.015265621299538623
2018-06-18,2018,1904,0,0,51,6,0.23483565031836007,0.0005870891257959001,0.011765913666649227,0.16487485452149017,0.00031574043717573464,0.02080172193136027
2018-06-19,2018,1905,0,0,51,16,1.2377112732847961,0.0030942781832119905,0.11136835602777638,0.14825803258716644,0.00033585403888910896,0.02736914129986623
2018-06-20,2018,1905,0,0,50,17,0.0692827158821209,0.00017320678970530226,0.024971303132425255,0.16267280664581724,0.0004332645398018962,0.06088801117628276
2018-06-21,2018,1906,0,0,51,5,-0.3834909022657911,-0.0009587272556644777,-0.020461031202663967,0.17025385526811626,0.0006266330782463364,0.015870044298016115
2018-06-22,2018,1907,0,0,51,8,-1.971220892626467,-0.004928052231566168,-0.16489893504499964,0.19434913720655153,0.0004054500882380917,0.018426499957041237
2018-06-25,2018,1907,0,0,51,8,0.8689877487639163,0.0021724693719097905,0.163579609589042,0.1395473900778077,0.0005547892791879431,0.017784928071013402
2018-06-26,2018,1908,0,0,51,9,-0.14183347313545436,-0.0003545836828386359,-0.025102870223466862,0.17102611597004608,0.0003149727241150599,0.022487253441057484
2018-06-27,2018,1909,0,0,50,4,0.8803093202566503,0.002200773300641626,0.12147750087441482,0.14656944890884463,0.00033258421147688865,0.00755283023602082
2018-06-28,2018,1909,0,0,50,13,-0.590913230571358,-0.001477283076428395,-0.025034268280182348,0.1710177490778632,0.0008068752951725413,0.040308098730775704
2018-06-29,2018,1910,0,0,51,5,-0.8869998313789875,-0.0022174995784474687,-0.07252589975071073,0.17893852727901335,0.0003831737868419766,0.013787082471917893
2018-07-02,2018,1910,0,0,52,17,0.3230810244227551,0.0008077025610568878,0.02694255977931806,0.16234263999656431,0.00039950433273120453,0.0271576709603797
2018-07-03,2018,1910,0,0,52,5,0.28514644757218477,0.0007128661189304619,0.040954312810376266,0.16000814902304267,0.0005457494454144964,0.015948650845400036
2018-07-04,2018,1910,0,0,52,4,1.7184695626151982,0.004296173906537995,0.11143973982509842,0.14824645032896994,0.0008008667480088888,0.01710835767307863
2018-07-05,2018,1910,0,0,51,25,0.10424361636160961,0.00026060904090402406,-0.02064320427298756,0.17028337936383434,0.0012848193027307378,0.04786988938530238
2018-07-06,2018,1910,0,0,52,8,1.029713020645762,0.0025742825516144054,0.06521001575202633,0.15595947946962577,0.0004413692199761354,0.02860167110561143
2018-07-09,2018,1910,0,0,51,1,-0.5522390235133905,-0.0013805975587834762,-0.0476961101605371,0.17479747823941444,0.0004954518071795004,0.03402401337015232
2018-07-10,2018,1911,0,0,51,5,0.14104483361958498,0.00035261208404896243,0.06796026324048855,0.15549576985308694,0.00035483723401195504,0.012339105425718904
2018-07-11,2018,1911,0,0,53,8,0.1051339584899349,0.0002628348962248372,0.029726899127333638,0.1618766184689934,0.0006045524338081764,0.041879380662764976
2018-07-12,2018,1911,0,0,54,8,2.0565375279682145,0.0051413438199205365,0.15077632069554175,0.1416840557031537,0.0006530115465120881,0.008749594203928924
2018-07-13,2018,1911,0,0,55,2,0.267810878884414,0.000669527197211035,0.05194418075523723,0.15817102832006874,0.0004018321191104383,0.011904416055383258
2018-07-17,2018,1911,0,0,54,2,1.745387596850053,0.004363468992125133,0.1570872773748921,0.14063015283139654,0.0002776947411258962,0.0186459286543864
2018-07-18,2018,1911,0,0,54,3,-1.0003267414430606,-0.0025008168536076515,-0.03809733760699147,0.17319126838510707,0.0003276906661086865,0.012962029102273707
2018-07-19,2018,1911,0,0,55,6,0.3809535763374034,0.0009523839408435085,0.06853080274672248,0.15539817469624373,0.00033027572971529155,0.04253978510513677
2018-07-20,2018,1911,0,0,54,3,0.2991132175346245,0.0007477830438365612,0.051734283177370353,0.15820459783291707,0.0003267495506803581,0.00884147744503653
2018-07-23,2018,1912,0,0,55,4,0.7882658797485547,0.0019706646993713868,0.08473186779639753,0.15269714151840802,0.0003177895166446631,0.006132648524153157
2018-07-24,2018,1912,0,0,57,5,0.4893390791484393,0.0012233476978710982,0.04236654943401824,0.15977100178819284,0.000369974389805407,0.011584778888975763
2018-07-25,2018,1913,0,0,58,6,0.6355002129325562,0.0015887505323313904,0.04899398168000394,0.15866382147713906,0.0003476135911019453,0.019549258901649106
2018-07-26,2018,1913,0,0,58,9,0.09194178204110115,0.00022985445510275289,0.06946584025241077,0.15524657232579062,0.0007499226010219406,0.02532037446915903
2018-07-27,2018,1913,0,0,57,5,1.186376087856945,0.0029659402196423623,0.12795340933215754,0.14549099061526685,0.000790132095056435,0.01125231270384073
2018-07-30,2018,1913,0,0,57,2,-1.466610691667523,-0.0036665267291688076,-0.04632943176620803,0.17456655317712083,0.0008350538164804468,0.01246321125049129
2018-07-31,2018,1913,0,0,57,7,1.123792651845016,0.00280948162961254,0.09650089452507586,0.15073284477544036,0.000544417018822003,0.013684495675804624
2018-08-01,2018,1913,0,0,58,4,-0.5232463740910747,-0.0013081159352276866,-0.03115610302208188,0.17203646013678578,0.0007180120418971287,0.019331725407166916
2018-08-02,2018,1913,0,0,56,2,-1.0488930919976351,-0.0026222327299940877,-0.028385639281347852,0.17157250329984752,0.0008124231987717906,0.015315621709686306
2018-08-03,2018,1913,0,0,56,0,0.6168674655610722,0.0015421686639026805,-0.0017562861719570663,0.16713058956703122,0.0005909002273672136,0.011948962170669038
2018-08-06,2018,1913,0,0,57,0,0.30720938344842746,0.0007680234586210687,0.025432773018825305,0.16259458141679012,0.0007241350582806189,0.016836702829677117
2018-08-07,2018,1913,0,0,58,1,0.21548430606577357,0.000538710765164434,0.039339171404219095,0.16027385363329336,0.0006256877023380256,0.012604668102119269
2018-08-08,2018,1913,0,0,57,2,0.42280068257014625,0.0010570017064253656,0.06610207542159932,0.1558095479104559,0.0009830519911313124,0.010510513482367525
2018-08-09,2018,1913,0,0,58,1,1.4892705258340042,0.0037231763145850107,0.08267444419613217,0.15304718542884996,0.0014500175917289955,0.006908544791544041
2018-08-10,2018,1913,0,0,58,6,0.5050032845459107,0.0012625082113647767,0.022090934680183073,0.1631543956094276,0.0008078479708861792,0.015528809734913947
2018-08-13,2018,1913,0,0,58,13,-0.759506792001751,-0.0018987669800043774,0.0009136739916859203,0.16668688578652832,0.0005026134565010249,0.013875994503906836
2018-08-14,2018,1913,0,0,60,15,-0.16577584967552994,-0.0004144396241888249,0.025211968430846235,0.16263142009184237,0.00049765223612842,0.012915043272070038
2018-08-15,2018,1913,0,0,61,4,-1.3154353114750774,-0.0032885882786876934,-0.08825685119623479,0.18155896986803344,0.0003860195085113572,0.024796053880874
2018-08-16,2018,1913,0,0,62,6,0.5846814334802535,0.0014617035837006338,0.062411750455520255,0.15642479985558666,0.00029807216515763293,0.020558082754898795
2018-08-17,2018,1913,0,0,63,3,-0.5767673512465495,-0.0014419183781163739,-0.043494448174665634,0.1740939166324853,0.00035878655442805624,0.020091100779869565
2018-08-20,2018,1913,0,0,64,8,-0.49064487365424037,-0.0012266121841356008,-0.030233710432218616,0.17188229626801801,0.0005854732092611104,0.020501629607335908
2018-08-21,2018,1913,0,0,64,1,-0.6034056873612597,-0.0015085142184031492,-0.07448599760226723,0.1792555164201784,0.0004393111162295051,0.008647150646360652
2018-08-22,2018,1913,0,0,65,3,0.4913288104062552,0.001228322026015638,0.056320944006135076,0.15743720558859323,0.0003089532153918088,0.022531831705567697
2018-08-23,2018,1913,0,0,64,1,0.0387362563860254,9.684064096506351e-05,0.01555109969493621,0.16424496925909235,0.0004761578766535465,0.04955965346434244
2018-08-24,2018,1913,0,0,64,6,1.5964132716778907,0.0039910331791947265,0.13166089421902868,0.14486116450846684,0.000257408659691941,0.01673747103910777
2018-08-27,2018,1913,0,0,64,4,-0.4426581770825724,-0.001106645442706431,-0.01161147084485342,0.16877430772867197,0.000370517637847537,0.015973733142401993
2018-08-28,2018,1913,0,0,64,6,-0.28802731266501824,-0.0007200682816625456,-0.029731566409509438,0.17179219931205825,0.0003660168746470067,0.030588581637139282
2018-08-29,2018,1913,0,0,63,11,-0.8040283858234984,-0.0020100709645587463,-0.06410988870275827,0.177524094474484,0.0002901778762798263,0.026797107907293935
2018-08-30,2018,1913,0,0,63,7,-0.47131953289813877,-0.001178298832245347,-0.06705174959005598,0.17802361936683728,0.0006656144517221193,0.04493061520608092
2018-08-31,2018,1913,0,0,65,14,-0.5072410397816087,-0.001268102599454022,-0.07692039392161457,0.17966542823872944,0.0003388832082591085,0.00818390670313808
2018-09-03,2018,1913,0,0,64,11,0.23540530644210944,0.0005885132661052736,0.020726169469528165,0.16337135384098517,0.00038278234618951013,0.02996679875164446
2018-09-04,2018,1913,0,0,64,11,0.6553426073851685,0.0016383565184629211,0.0441645428923426,0.15946911864013089,0.0004498311914893209,0.022190488602470436
2018-09-05,2018,1913,0,0,65,6,0.07786846420830662,0.00019467116052076654,0.029380968338319952,0.16193397324090947,0.00034066800084607627,0.009415458914825672
2018-09-06,2018,1913,0,0,63,8,-1.0869414353529074,-0.0027173535883822687,-0.00346969895884628,0.16740930983654503,0.00047843655930531956,0.4035419360174762
2018-09-07,2018,1913,0,0,63,5,0.09483646013073921,0.000237091150326848,0.06152896070104023,0.15656459768634962,0.0003644373373834393,0.013484721614306316
2018-09-10,2018,1913,0,0,64,6,0.20531710643949364,0.0005132927660987341,0.07688755121780863,0.1540087247659344,0.0004173238851901551,0.008861507128397467
2018-09-11,2018,1913,0,0,61,6,-0.18041475097948,-0.0004510368774487,-0.027656602562001215,0.1714496652241274,0.00039765408495894504,0.008886551486559209
2018-09-12,2018,1913,0,0,62,0,-1.7748758719655222,-0.004437189679913805,-0.21047389379641507,0.20195214050214183,0.0006649133065266251,0.016315631367610533
2018-09-13,2018,1913,0,0,63,10,0.25193126296766133,0.0006298281574191534,0.03620584189530188,0.1607988579097592,0.0007151861807967312,0.012324600295618042
2018-09-14,2018,1913,0,0,61,8,1.2244480429421798,0.0030611201073554497,0.17083447207380517,0.1383374126391374,0.0005354152561271164,0.021909789455557903
2018-09-18,2018,1913,0,0,59,4,0.28670389569188276,0.0007167597392297069,-0.02263228876911353,0.17061098641237854,0.00033735390406722124,0.03201429684147009
2018-09-19,2018,1913,0,0,58,8,0.1378143004739938,0.0003445357511849845,0.03526325105642556,0.1609559324355183,0.0004628951316340435,0.02344960880058161
2018-09-20,2018,1913,0,0,57,6,-0.13686375039716392,-0.0003421593759929098,-0.03429777090704763,0.17256236125394087,0.0005872579660450528,0.017564776356204004
2018-09-21,2018,1914,0,0,58,11,-2.286858573475778,-0.005717146433689445,-0.18372030155843436,0.1974900803230041,0.0005437620681692514,0.03944160103873451
2018-09-25,2018,1915,0,0,59,21,-0.6901813857227612,-0.001725453464306903,-0.04453094028522956,0.1742695377226878,0.0009675784548478437,0.028343751483440375
2018-09-26,2018,1915,0,0,58,12,0.6111460980471458,0.0015278652451178646,0.04755403239257351,0.1589029815497394,0.00033637711470546416,0.029073215421109837
2018-09-27,2018,1916,0,0,59,15,0.7820302050307978,0.0019550755125769944,0.1019863909554328,0.1498225807027781,0.00037185035779078594,0.06348075474958857
2018-09-28,2018,1917,0,0,60,17,-1.0251595450069297,-0.002562898862517324,-0.09898766238654991,0.18335133593964056,0.0003936601721410675,0.013904782974854342
2018-10-01,2018,1920,0,0,63,19,0.6669686428878898,0.0016674216072197245,0.052991588430684404,0.15799704746348173,0.0005264974979158549,0.01623182741462845
2018-10-02,2018,1920,0,0,63,17,-0.667009646220363,-0.0016675241155509075,-0.040081533928036324,0.17352319493429075,0.0003163173173672046,0.02159080821354952
2018-10-03,2018,1920,0,0,63,3,-0.8595428247175969,-0.0021488570617939923,-0.06434670021654608,0.17757110932502768,0.0004335125676892479,0.016339184646951617
2018-10-04,2018,1920,0,0,62,11,-0.6553444558525148,-0.0016383611396312869,-0.03570386607782189,0.17279594345993182,0.0008258799857132001,0.02648295689916325
2018-10-05,2018,1920,0,0,65,9,0.5521139807346358,0.0013802849518365894,0.09262885370722848,0.15138230497630137,0.0005291010135086651,0.03794745366514963
2018-10-09,2018,1920,0,0,65,5,-0.7010338870766404,-0.001752584717691601,0.02923990101660859,0.161961961135878,0.0013643515283452297,0.023951922861315356
2018-10-10,2018,1920,0,0,64,2,2.665210831738973,0.0066630270793474325,0.18690725489937182,0.13565575681683661,0.0006555162033817281,0.01688591195969512
2018-10-11,2018,1920,0,0,63,31,1.4503081525964832,0.003625770381491208,0.05363886748503094,0.15789071436404356,0.0005206809800901793,0.103982990448587
2018-10-12,2018,1920,0,0,63,5,-0.4050435629241918,-0.0010126089073104795,-0.09449328603036582,0.1826019513972975,0.0004883402767125931,0.02485865996202671
2018-10-15,2018,1920,0,0,63,11,0.5602061466914754,0.0014005153667286884,0.09253543054342059,0.15140129580790831,0.0008916911226777829,0.03465621409793803
2018-10-16,2018,1920,0,0,64,12,-1.222689577488943,-0.0030567239437223575,-0.1042942512807104,0.1842357926431271,0.0003766680748402889,0.02330106567163088
2018-10-17,2018,1920,0,0,63,6,-1.3947685492846742,-0.0034869213732116855,-0.1275682384025055,0.18811933666600045,0.0005222873183125579,0.06708367049471013
2018-10-18,2018,1920,0,0,63,16,-0.5406463182261474,-0.0013516157955653684,-0.009067637796331863,0.16834756783673555,0.0003200937652408313,0.04102434141198393
2018-10-19,2018,1921,0,0,64,10,0.9405178794538047,0.0023512946986345117,0.11053549038409036,0.14839824573473379,0.0006481028132336925,0.0139964255062911
2018-10-22,2018,1921,0,0,63,13,0.16447378601021412,0.0004111844650255353,0.05515535752513541,0.15762890495085385,0.00039611657763919924,0.032442179833893754
2018-10-23,2018,1921,0,0,62,9,1.0424442274547303,0.0026061105686368256,0.1175881749908433,0.1472218273947669,0.0009865192487990093,0.04049263579686214
2018-10-24,2018,1921,0,0,63,15,-0.1613455885509385,-0.00040336397137734624,-0.002707610388195457,0.1672901556326232,0.0006919255771088119,0.10197739433921438
2018-10-25,2018,1921,0,0,62,36,0.2052588010399523,0.0005131470025998807,0.06543626191246486,0.15592104144242275,0.001513079299991615,0.07599992810127623
2018-10-26,2018,1921,0,0,62,26,-1.8589749345347997,-0.004647437336336999,-0.09466219139502963,0.1826331877555364,0.0024049162910949706,0.027321803096338276
2018-10-29,2018,1921,0,0,62,14,-1.6713833081039007,-0.0041784582702597516,-0.1556667518406325,0.19281112234025247,0.002382313500848954,0.03597959240564967
2018-10-30,2018,1921,0,0,63,31,1.824311888572466,0.004560779721431165,0.08788106477807316,0.15217585654399113,0.001818942735438116,0.13115113990199304
2018-10-31,2018,1921,0,0,62,9,3.7188296085413164,0.009297074021353291,0.2427783022794786,0.12633408913983873,0.0008769115391733643,0.07445178510057904
2018-11-01,2018,1921,0,0,62,12,1.2497093659893883,0.003124273414973471,0.04709634110425701,0.15897834632648922,0.0005917009238652994,0.026169093279959015
2018-11-02,2018,1921,0,0,61,6,-0.4315245235584133,-0.0010788113088960334,0.017743759635012415,0.16387558725641577,0.000639510774001167,0.04150734449136267
2018-11-05,2018,1921,0,0,61,6,0.512014471331821,0.0012800361783295525,0.046798230385198224,0.15902921997119737,0.0006384351847753229,0.029659222406190237
2018-11-06,2018,1921,0,0,60,7,0.22647927999220352,0.0005661981999805088,0.030226282624269952,0.16179588348319832,0.0009397888139344598,0.01831030114477457
2018-11-07,2018,1921,0,0,60,12,-0.04953090472467342,-0.00012382726181168354,-0.010032314398999756,0.16850568985055075,0.0007547403686271355,0.025615740112117258
2018-11-08,2018,1921,0,0,60,5,0.11289936076558105,0.0002822484019139526,-0.03010498178480265,0.1718580858234011,0.0011288194867244757,0.028038938725449207
2018-11-09,2018,1921,0,0,62,5,-0.6069889486917117,-0.0015174723717292793,-0.021502880401995328,0.17042720895511598,0.0009570186022609945,0.014567039248036606
2018-11-12,2018,1921,0,0,61,2,0.9441874140571929,0.002360468535142982,0.035513985111848195,0.16091199444293067,0.0007735924865859256,0.012429813489397545
2018-11-13,2018,1921,0,0,58,9,-0.7621279419216596,-0.0019053198548041488,-0.06431165819171533,0.1775655649399094,0.0007382424110208301,0.013167110014421836
2018-11-14,2018,1921,0,0,59,7,-1.2320097420497973,-0.0030800243551244934,-0.16823926532625852,0.19490694533972558,0.0005330922751618539,0.014168667508822477
2018-11-15,2018,1921,0,0,58,8,0.27380414190245816,0.0006845103547561454,0.01848382839054527,0.16375367566568247,0.0005343833291335178,0.023413997539586673
2018-11-16,2018,1921,0,0,58,11,0.9118079442707387,0.002279519860676847,0.11453049450943653,0.1477280865678683,0.0004523106265257011,0.05288998558828859
2018-11-19,2018,1921,0,0,58,4,-0.4062525143272977,-0.0010156312858182442,0.008185621674658548,0.1654705790424231,0.0003399511524333337,0.012665027859948724
2018-11-20,2018,1921,0,0,59,7,-0.20971800005785024,-0.0005242950001446256,0.001610200902184205,0.16656854710161625,0.00040660900430403423,0.019573744586966736
2018-11-21,2018,1921,0,0,59,17,0.7313821062031826,0.0018284552655079564,0.030011508204206474,0.16182730276758797,0.00039099103066083567,0.012051955921188752
2018-11-22,2018,1921,0,0,59,3,1.2231423160660722,0.00305785579016518,0.12649299991202365,0.14573291385599224,0.00033898209619587704,0.010373000770379582
2018-11-26,2018,1921,0,0,60,3,2.579441855147332,0.00644860463786833,0.18255292923867525,0.13637979423050334,0.0004672058999968222,0.017848467958840156
2018-11-27,2018,1921,0,0,60,6,0.8924413489805451,0.0022311033724513626,0.09882115711628048,0.15034928708791087,0.00037758856986179056,0.009136060083803478
2018-11-28,2018,1922,0,0,61,6,0.3084126979462275,0.0007710317448655688,0.008347600348169218,0.1654450764094703,0.0003758523614117974,0.02862742006456028
2018-11-29,2018,1922,0,0,62,13,1.672170340680002,0.0041804258517000046,0.15409462249110986,0.14112852169382256,0.0004091960738239915,0.06154902814415432
2018-11-30,2018,1922,0,0,61,4,-0.7498282097046873,-0.0018745705242617183,-0.07837030818129957,0.1799151191110487,0.0009165288277103685,0.011437936955304987
2018-12-03,2018,1922,0,0,62,10,-1.7187933574177388,-0.004296983393544347,-0.1611659500136834,0.19372732821419034,0.0005327701388766625,0.013350479600362996
2018-12-04,2018,1922,0,0,61,10,0.30973673655024925,0.0007743418413756231,0.025507948808001394,0.1625835848016199,0.0007548289654270218,0.06250595234972514
2018-12-05,2018,1922,0,0,62,14,-0.5201923787164539,-0.0013004809467911346,-0.0902318096221166,0.18189079300312447,0.00042282042219494304,0.025586993190883037
2018-12-06,2018,1922,0,0,62,17,1.140335271576332,0.00285083817894083,0.10178966569290858,0.14985741207174855,0.0006887788761681772,0.015504966105532385
2018-12-07,2018,1922,0,0,62,10,-0.13798913065759866,-0.00034497282664399667,-0.05094744814455494,0.175338898289614,0.0006349335457700954,0.009794952967295588
2018-12-10,2018,1922,0,0,60,18,-1.4541863109947109,-0.0036354657774867773,-0.07775277793646733,0.17981197202199262,0.0015830128690811319,0.038757305649434255
2018-12-11,2018,1922,0,0,59,19,-2.056010164948252,-0.00514002541237063,-0.21606142303793943,0.20288450497470828,0.001115778012611117,0.02709489680846009
2018-12-12,2018,1923,0,0,58,3,-0.8259585885626892,-0.002064896471406723,-0.09735523620849423,0.18308151248305085,0.0011273592564312372,0.06014536527814794
2018-12-13,2018,1924,0,0,59,1,-1.2581392188351606,-0.0031453480470879014,-0.13718597463125726,0.18972589524373373,0.000703331611303659,0.029058630620168443
2018-12-14,2018,1923,0,0,60,10,-0.670424873903718,-0.001676062184759295,-0.054723330320814806,0.17597000500779061,0.0007770468891899672,0.047255033582225985
2018-12-17,2018,1923,0,0,59,7,0.41144845799357355,0.001028621144983934,0.016569707313430212,0.1640733507926727,0.0004653332580922346,0.01512345716115206
2018-12-18,2018,1923,0,0,57,11,1.9563692923491889,0.004890923230872972,0.1623902351227949,0.13974686775577627,0.0008132157414846801,0.055755490912117546
2018-12-19,2018,1925,0,0,59,17,0.6865911845196866,0.0017164779612992166,-0.010699471863475618,0.16862491648094557,0.0010200497862287853,0.0361696238564895
2018-12-20,2018,1925,0,0,59,33,4.76827851316128,0.0119206962829032,0.19737394001082822,0.1339100556408249,0.0016564313879469576,0.08873064397828126
2018-12-21,2018,1928,0,0,61,44,-2.527306852852179,-0.006318267132130447,-0.17254417493637653,0.19562644570243462,0.0028809032940506434,0.039677189754429
2018-12-25,2018,1929,0,0,61,39,-2.6930222796224115,-0.006732555699056029,-0.180221894172328,0.19690768751158813,0.014307148340513647,0.14774979847390063
2018-12-26,2018,1929,0,0,58,1,-0.12150820965922515,-0.00030377052414806287,-0.0477118142296654,0.17479559362077768,0.001012875264792423,0.12587061308959735
2018-12-27,2018,1929,0,0,58,2,-0.2677954878003632,-0.0006694887195009081,-0.011266516147228936,0.16871740465838592,0.0010129540884859338,0.09926247987058291
2018-12-28,2019,1930,0,0,58,9,0.1613651675978467,0.00040341291899461675,-0.1014167894533286,0.18375973136538554,0.002104748069473846,0.046165663250581385
2019-01-04,2019,1930,0,0,57,42,-2.1967422604968725,-0.005491855651242181,-0.1555839878405178,0.19279453113316403,0.0009037276718923248,0.09079204255032688
2019-01-07,2019,1930,0,0,57,10,1.1204320200963753,0.002801080050240938,0.030266337704049937,0.16178753375011373,0.00076348178967481,0.08095413790069597
2019-01-08,2019,1930,0,0,56,15,-0.9607719394336217,-0.0024019298485840543,-0.07752044747147684,0.17976864580487129,0.0008150258551696954,0.038745466404401074
2019-01-09,2019,1930,0,0,57,15,-0.34746398575556225,-0.0008686599643889057,0.048458465791384395,0.15874765576388308,0.00047969322642013855,0.03286108159970447
2019-01-10,2019,1930,0,0,55,13,-0.3017966006871604,-0.000754491501717901,0.028747776046443515,0.1620403821671091,0.000826566115723124,0.030956646365593372
2019-01-11,2019,1930,0,0,56,8,-0.13205857973119978,-0.0003301464493279994,0.004435262486973853,0.16609585350685885,0.0004403690176496123,0.023604773524849826
2019-01-15,2019,1930,0,0,56,11,0.41300688842440714,0.0010325172210610177,0.06728412590432965,0.15560827563446075,0.0004390958284535396,0.02058829720391502
2019-01-16,2019,1930,0,0,57,6,1.3993117804324604,0.003498279451081151,0.06367689376154403,0.15621207590004274,0.0005469989755982996,0.038674341940753386
2019-01-17,2019,1929,0,0,59,15,0.8098936509444238,0.0020247341273610595,0.03077838456024021,0.16170126243839725,0.00046288586863138255,0.03786181752272741
2019-01-18,2019,1929,0,0,58,5,-0.8287679717484009,-0.0020719199293710022,-0.044728309740925495,0.17429624246001918,0.00046276389294245835,0.034516719678554325
2019-01-21,2019,1929,0,0,59,1,-0.9594244222266269,-0.0023985610555665674,-0.0770413134208494,0.17969010611333724,0.0004640184146267246,0.04283124598789638
2019-01-22,2019,1929,0,0,61,7,-0.3559607929374591,-0.0008899019823436477,-0.05059014406997805,0.17527325882810788,0.0004996807497644592,0.014887659493448632
2019-01-23,2019,1929,0,0,61,9,-1.5917248800267307,-0.003979312200066826,-0.12890617311704955,0.1883408837291361,0.0005656468814095373,0.017961523807431237
2019-01-24,2019,1929,0,0,60,11,0.5639544380119011,0.001409886095029753,0.010620321721568089,0.16506492133603853,0.0004593582072763373,0.08765532841718125
2019-01-25,2019,1929,0,0,60,3,1.4619764530981114,0.0036549411327452784,0.0904240456737969,0.15174720306343772,0.00036510951329501615,0.022986534863746466
2019-01-28,2019,1929,0,0,60,4,0.27328350290876013,0.0006832087572719004,-0.038738835578605184,0.17330036687961806,0.0007572071861884856,0.011339273488228295
2019-01-29,2019,1929,0,0,61,4,0.14052954343775315,0.0003513238585943829,-0.020526006284270926,0.1702600365969661,0.000803520785569753,0.021325240790031577
2019-01-30,2019,1929,0,0,62,5,0.1463337484973941,0.0003658343712434853,0.02939479376410904,0.16193290291815876,0.0009124673511327221,0.22842908668581857
2019-01-31,2019,1929,0,0,62,12,1.2229464937086805,0.003057366234271701,0.07303861072318553,0.15465318392906605,0.0009636615094064165,0.02199074371253424
2019-02-01,2019,1929,0,0,62,15,0.4894182137483157,0.0012235455343707893,-0.005691091307618279,0.16778412140192409,0.0005356115151714733,0.01838351006503105
2019-02-04,2019,1929,0,0,62,24,-1.0544002544708266,-0.0026360006361770666,-0.08690901483285726,0.18133245044176835,0.0005169409486126124,0.017011023443649995
2019-02-05,2019,1929,0,0,64,10,-0.07598853186297339,-0.00018997132965743347,-0.03745007682112574,0.17308357135807256,0.000725661221219272,0.0645194816224099
2019-02-06,2019,1929,0,0,64,5,0.16348830130285208,0.0004087207532571302,0.002114680067152212,0.16648588095961317,0.0011745524354499902,0.015151344023758184
2019-02-07,2019,1929,0,0,66,6,0.6500962773578061,0.0016252406933945152,0.0201762073629075,0.16347257820742095,0.0012713495809784604,0.0259717303779717
2019-02-08,2019,1929,0,0,65,1,0.8359150544560399,0.0020897876361401,0.04046301594624086,0.1600853688982144,0.0007859016219637057,0.03262730710070483
2019-02-12,2019,1929,0,0,64,1,1.1775532609109483,0.002943883152277371,0.08751521114826895,0.15223459764899128,0.0006757535053899623,0.021090503876341614
2019-02-13,2019,1929,0,0,64,1,0.2780434306098212,0.000695108576524553,0.028708744602671036,0.16204444120797534,0.0008162177044052394,0.0173334478883654
2019-02-14,2019,1929,0,0,65,4,0.09740026714437411,0.00024350066786093527,-0.007270076627055501,0.1680522026315986,0.0008750682383364371,0.017894645789766704
2019-02-15,2019,1929,0,0,64,0,0.7973980478273761,0.0019934951195684403,0.03510273379433378,0.16097371577094174,0.0003477356800038214,0.02253959347907187
2019-02-18,2019,1929,0,0,63,2,0.4287383742281,0.00107184593557025,0.02311831233588131,0.16297711620397154,0.00031586033068522074,0.035389537383663815
2019-02-19,2019,1929,0,0,63,1,1.1857841570626029,0.002964460392656507,0.09601315537544147,0.15081146689187816,0.00028208097560639876,0.01952765876579277
2019-02-20,2019,1929,0,0,64,8,-0.34413095552104156,-0.0008603273888026039,-0.07102750148352906,0.1786783903788741,0.00032689311092870733,0.012638312065314999
2019-02-21,2019,1929,0,0,64,2,-0.29107314812857865,-0.0007276828703214466,-0.006357986581001584,0.16789679699865265,0.00033344263811668263,0.008384916202893798
2019-02-22,2019,1929,0,0,64,1,-0.20717195809883343,-0.0005179298952470836,0.0022963926290968653,0.16644852262406834,0.0003131751504863865,0.01980198977464784
2019-02-25,2019,1929,0,0,63,7,-1.305978481263237,-0.0032649462031580923,-0.09253735935444053,0.1822719427245556,0.0003864511808994573,0.009631248432361423
2019-02-26,2019,1929,0,0,62,13,0.49515353466319634,0.0012378838366579909,0.07025751701767118,0.15511094710220344,0.00044112218208820623,0.027388729615118314
2019-02-27,2019,1929,0,0,62,13,-0.06313458960251095,-0.00015783647400627738,-0.02570720164402724,0.17112287390576766,0.0002893576251206485,0.040067085117398565
2019-02-28,2019,1930,0,0,60,2,1.010681726928038,0.002526704317320095,0.021598619993970735,0.16323325473158964,0.00042961223608551735,0.018290201194542353
2019-03-01,2019,1931,0,0,61,12,0.14781447298491235,0.00036953618246228086,-0.011094593035919675,0.16868392881480251,0.0003436051470040507,0.012011663306220152
2019-03-04,2019,1931,0,0,61,17,-0.4625544412908247,-0.0011563861032270618,-0.008331411343318596,0.16822114604920804,0.00026750777364765234,0.02188605364395783
2019-03-05,2019,1932,0,0,63,10,0.3270707179582848,0.000817676794895712,-0.001965115200937788,0.1671642445806394,0.00042106965918162247,0.018984197196560634
2019-03-06,2019,1932,0,0,64,9,1.18542533149299,0.0029635633287324746,0.0961430621570738,0.15079863695896725,0.0009210814116324892,0.010453036896157732
2019-03-07,2019,1932,0,0,63,5,-0.8887074099660137,-0.0022217685249150344,-0.06556084181508702,0.17777318114787857,0.00043740549570417793,0.023999958559797738
2019-03-08,2019,1932,0,0,63,1,0.625999236770153,0.0015649980919253826,0.12977898914299685,0.14518571345467207,0.0007230140033143167,0.020295456929189472
2019-03-11,2019,1932,0,0,63,10,-0.871134319164582,-0.0021778357979114547,-0.07478291309932483,0.17931055314721647,0.00034481038232995635,0.024084346165627525
2019-03-12,2019,1932,0,0,63,15,-0.38651437738971495,-0.0009662859434742874,-0.06128315039779908,0.1770559141147959,0.0003640913603589202,0.039273652253080236
2019-03-13,2019,1933,0,0,66,7,-0.480126835189864,-0.00120031708797466,-0.030995294211823708,0.17200700094809457,0.0005400787102887504,0.022505852429457063
2019-03-14,2019,1933,0,0,65,17,-0.7602174676951909,-0.0019005436692379773,-0.054810091287398506,0.17598090031958633,0.0007138555691432216,0.035761457961707266
2019-03-15,2019,1934,0,0,65,10,0.4000257241567079,0.0010000643103917697,0.02072070458596555,0.16337803824957514,0.0003032275638135019,0.034432307390317204
2019-03-18,2019,1934,0,0,65,5,-0.459247763582765,-0.0011481194089569124,-0.05127788227812372,0.175387820379563,0.00028929544979720877,0.013298680164206348
2019-03-19,2019,1935,0,0,66,10,0.07387084037144531,0.0001846771009286133,-0.03608766338204223,0.17285418593119697,0.0004043631909451995,0.013673980781856028
2019-03-20,2019,1936,0,0,67,6,0.3322570124989017,0.0008306425312472543,-0.02819635091811141,0.17154301060271937,0.0010305417212408674,0.019097923689380715
2019-03-22,2019,1936,0,0,66,8,0.24821794209817405,0.0006205448552454351,0.04560464051241597,0.15923005484920605,0.0009929048664696644,0.009026029962028267
2019-03-25,2019,1936,0,0,65,13,-1.0119843164594216,-0.0025299607911485537,0.006869274217412716,0.16569096691273708,0.000501298760564753,0.018624313844601052
2019-03-26,2019,1936,0,0,63,13,-1.1993905205256579,-0.0029984763013141446,-0.13287950196637274,0.18900762753152253,0.0013822608693089726,0.04989990342324719
2019-03-27,2019,1936,0,0,61,7,0.38219118576732153,0.0009554779644183038,0.061389601226402885,0.15659320767204635,0.00034931366613334013,0.01892119216151564
2019-03-28,2019,1937,0,0,63,11,-0.8949012260754365,-0.0022372530651885913,-0.10592371425535488,0.1845102725509084,0.0006472034389645082,0.06127834925889057
2019-03-29,2019,1937,0,0,64,3,-0.3493010243985297,-0.0008732525609963243,-0.09280174495171017,0.18231892768289149,0.0005432265403868004,0.021754848795887658
2019-04-01,2019,1937,0,0,63,5,-0.5553117354582038,-0.0013882793386455095,-0.07096884135068152,0.17867498157404157,0.0004258400563128961,0.06294782933521283
2019-04-02,2019,1937,0,0,63,7,0.26738180924536264,0.0006684545231134066,-0.028606684939168393,0.17159450872961368,0.00033595679143784716,0.06261663722489968
2019-04-03,2019,1937,0,0,63,8,1.0675716060404112,0.002668929015101028,0.07328641886887176,0.15460505108923897,0.00033781724007463424,0.026004204882382538
2019-04-04,2019,1937,0,0,65,7,0.7080773988587388,0.001770193497146847,0.033010963720636985,0.16132605854380455,0.0003057358210866459,0.012731546363405802
2019-04-05,2019,1937,0,0,64,8,0.7749063049586242,0.0019372657623965605,0.0542942509759445,0.15776519815846332,0.0003397992969839263,0.03465615025588504
2019-04-08,2019,1937,0,0,63,9,0.8938574165806916,0.002234643541451729,0.08573927679920414,0.15252840971900292,0.00024769431916709235,0.017212882520739842
2019-04-09,2019,1937,0,0,64,13,1.0887245641198942,0.0027218114102997354,0.1317331330094654,0.14484909845849203,0.0003312872942777302,0.02487837276509361
2019-04-10,2019,1938,0,0,63,9,0.1115432168430821,0.0002788580421077053,-0.020507713919750536,0.17025112370024736,0.0002786939252215803,0.014245772676334003
2019-04-11,2019,1938,0,0,66,8,-2.0508836537305237,-0.005127209134326309,-0.18794750835521112,0.19819407256666297,0.0008588745144243502,0.015353606882341754
2019-04-12,2019,1938,0,0,65,9,0.7890317405921439,0.0019725793514803595,0.05495546087276442,0.15766316012090886,0.0003307582762774856,0.03181423357213175
2019-04-15,2019,1938,0,0,64,22,0.030221937460401915,7.555484365100478e-05,0.013475747427843373,0.16458137898797792,0.00039780959945141646,0.026236993243963027
2019-04-16,2019,1938,0,0,65,11,-0.35153443523203043,-0.000878836088080076,-0.04729375793809278,0.17472793317313934,0.0006588581991480868,0.01155323876457864
2019-04-17,2019,1938,0,0,65,9,2.701036975385739,0.006752592438464347,0.23288749877567172,0.12797869209402232,0.0003151321412002001,0.014219796772454486
2019-04-18,2019,1938,0,0,65,14,0.7961436778970999,0.00199035919474275,0.14194558867860566,0.1431465930878859,0.00025959164566483506,0.01837547595488801
2019-04-19,2019,1938,0,0,65,16,-0.09831435147092826,-0.0002457858786773207,0.03381765987744309,0.16118191536060178,0.00021949410942402646,0.025766799657929475
2019-04-22,2019,1938,0,0,64,13,0.07283547420648157,0.00018208868551620392,0.047313674901757544,0.15894226552628118,0.000350480814160517,0.022461243516424007
2019-04-23,2019,1938,0,0,63,5,-0.14432082539784097,-0.00036080206349460244,0.02037570381037885,0.16343416566517874,0.0003709740627851272,0.022217864291706902
2019-04-24,2019,1938,0,0,64,18,-0.08533198961806157,-0.00021332997404515392,-0.013605532233686346,0.16910295188519248,0.0004227217428446898,0.023321503150993208
2019-04-25,2019,1938,0,0,64,14,-1.44043438315912,-0.0036010859578978,-0.10551944063460744,0.18444137359542992,0.0009408808673828176,0.00742418321394458
2019-04-26,2019,1938,0,0,64,8,0.2933412792074108,0.0007333531980185271,-0.03773327146323768,0.1731322476570012,0.0007205963273520038,0.00907265891380933
2019-05-07,2019,1938,0,0,63,10,-0.048290098142688365,-0.00012072524535672091,-0.006356841311133715,0.1678981190057004,0.0009431845080513804,0.005845452170141699
2019-05-08,2019,1938,0,0,63,8,-0.2784675099566989,-0.0006961687748917472,0.0036822538436894047,0.16621978077491653,0.0008201749806329573,0.03420803254593678
2019-05-09,2019,1938,0,0,63,12,1.1085668967069287,0.0027714172417673214,0.012352405203244533,0.16477610887115018,0.0013809029894636003,0.03367618217770735
2019-05-10,2019,1938,0,0,64,20,0.6276954342224802,0.0015692385855562005,0.004518326057650728,0.16608280653109547,0.0009955447650850054,0.015556613482136453
2019-05-13,2019,1938,0,0,62,7,0.6882083778712607,0.0017205209446781516,0.04108948295613724,0.15998170296526418,0.0012623393534193167,0.024251541976910596
2019-05-14,2019,1938,0,0,61,16,0.1247501987180829,0.00031187549679520727,0.05228462689873979,0.15811176200191515,0.0010179269017561985,0.028899791372552008
2019-05-15,2019,1938,0,0,61,11,-0.6217216026155084,-0.0015543040065387709,-0.012287228203727713,0.1688862279088305,0.0006437886291334701,0.029688512188971835
2019-05-16,2019,1938,0,0,61,11,0.7942279015945969,0.001985569753986492,-9.560624409029297e-05,0.16684967019921487,0.0004467851373041844,0.01962154063927737
2019-05-17,2019,1938,0,0,60,5,-0.5573700841714293,-0.0013934252104285732,-0.05786051944388883,0.17648796803303027,0.00037319396882474056,0.022629756002548032
2019-05-20,2019,1938,0,0,61,8,-0.47188675825191856,-0.0011797168956297964,-0.044820442252929214,0.1743078087372367,0.00032230479009316085,0.024372226507207218
2019-05-21,2019,1938,0,0,61,9,2.5518900927999644,0.006379725231999911,0.1602304384326113,0.14010079701224126,0.00038521654851931647,0.013994134485864066
2019-05-22,2019,1938,0,0,60,7,-0.47835070523376033,-0.0011958767630844008,0.010027369153885508,0.16515976611145242,0.0003072620085835687,0.00845407562619048
2019-05-23,2019,1938,0,0,61,2,0.3946842437072376,0.000986710609268094,0.05187782429720297,0.1581753311006805,0.0003805387604194646,0.031165991481797745
2019-05-24,2019,1938,0,0,60,5,-0.1725751496893354,-0.00043143787422333853,0.0030223752120804347,0.16633023726018215,0.0004023318851445791,0.019836035008168034
2019-05-27,2019,1938,0,0,60,11,-0.7859738616280003,-0.0019649346540700006,-0.06435530250464783,0.17757056265337717,0.00039376349997055724,0.010043566264868832
2019-05-28,2019,1938,0,0,60,0,2.7882680670395135,0.006970670167598784,0.2510623109313862,0.12494820713966497,0.0003680858889399365,0.015348758405630348
2019-05-29,2019,1938,0,0,60,7,0.44803392387556484,0.0011200848096889122,0.07776901148958192,0.1538600793860542,0.00036755270055082405,0.03959012093164877
2019-05-30,2019,1938,0,0,59,11,0.3965137168788786,0.0009912842921971964,0.10178454544932228,0.14985600346467795,0.0006575160701466418,0.01875393992735096
2019-05-31,2019,1938,0,0,59,2,-3.1001480512063235,-0.007750370128015809,-0.24407521603437987,0.20755816879496602,0.0007270971214305254,0.015567721687809212
2019-06-03,2019,1939,0,0,58,5,-1.4050842289645824,-0.003512710572411456,-0.16950585213489255,0.19511842598371265,0.001671469344819079,0.028315250987492005
2019-06-04,2019,1939,0,0,58,3,-1.0940156060689588,-0.002735039015172397,-0.03645244106088196,0.17291169151123303,0.0004608893078431951,0.029008190959887943
2019-06-05,2019,1939,0,0,57,5,-0.2992227372889835,-0.0007480568432224589,-0.019432903029132014,0.17007569901947392,0.0005609506686532289,0.0356941841108911
2019-06-06,2019,1939,0,0,59,7,0.12248549555426091,0.00030621373888565227,-0.03753510301557926,0.17309785379407486,0.0006898313400470464,0.030970813094866018
2019-06-07,2019,1939,0,0,59,13,0.7441549452204304,0.001860387363051076,0.06375092524675487,0.15619245799046955,0.00028353276963536783,0.04741934468566501
2019-06-10,2019,1939,0,0,59,14,-0.058610253895187814,-0.00014652563473796954,-0.023214842960007736,0.17070510014460097,0.0003683208492863394,0.04924298754271454
2019-06-11,2019,1939,0,0,61,5,-1.6343378818386065,-0.0040858447045965165,-0.20810902219770108,0.20155513326903624,0.0005623141120969931,0.012603799964900584
2019-06-12,2019,1940,0,0,62,7,-0.5343325515622881,-0.0013358313789057202,-0.006264379578412047,0.16787385561569018,0.00031351138157369976,0.07491714147157237
2019-06-13,2019,1940,0,0,62,15,-1.2706121013773997,-0.003176530253443499,-0.13312793560961092,0.18904353575402533,0.00038741724222820595,0.017788058452607964
2019-06-14,2019,1940,0,0,59,14,0.8316753330636071,0.0020791883326590176,0.06343987156977064,0.15625317258337798,0.00044953851903730194,0.012000297189354952
2019-06-17,2019,1940,0,0,57,10,-1.1295503745884372,-0.002823875936471093,-0.10532666543402676,0.1844098092582473,0.0008403716413804035,0.03257750799385811
2019-06-18,2019,1941,0,0,58,10,-0.6875967270434443,-0.0017189918176086108,-0.03467902177853505,0.17261383828849672,0.00038860226031693765,0.08137669164180027
2019-06-19,2019,1942,0,0,58,15,-0.5948617676074359,-0.0014871544190185899,-0.07651306567468501,0.17960119509913527,0.00048638335543646656,0.05252308794315846
2019-06-20,2019,1942,0,0,57,10,-0.345095252472935,-0.0008627381311823375,-0.007964917701292946,0.16815830774001983,0.00028010308932818973,0.020876179932535578
2019-06-21,2019,1942,0,0,57,14,0.1778191263829757,0.00044454781595743925,0.050676336839505925,0.15837314600553973,0.0002743158826092089,0.017126542834805872
2019-06-24,2019,1942,0,0,57,19,0.3891426623590035,0.0009728566558975089,0.001265482055312394,0.1666241393370578,0.00043433571732771724,0.014088427028908196
2019-06-25,2019,1942,0,0,57,14,1.0817555020269287,0.002704388755067322,0.06862391962473031,0.15538761775529097,0.000533354658775336,0.007840071825638817
2019-06-26,2019,1942,0,0,57,29,-0.17446333176072476,-0.0004361583294018119,-0.007658588700686966,0.16810749148398732,0.00037387971408981005,0.015405769822845496
2019-06-27,2019,1943,0,0,57,2,0.16590342174170125,0.00041475855435425314,-0.007967421291470317,0.1681673229092976,0.0008353183022989928,0.03495413396995315
2019-06-28,2019,1943,0,0,57,11,-0.503906995374467,-0.0012597674884361676,-0.035765365800850386,0.1727995312966743,0.00028744361557060964,0.046497651633695
2019-07-01,2019,1943,0,0,58,26,-2.345245719912609,-0.0058631142997815225,-0.2074594371331702,0.20144617137236548,0.0006284874513531921,0.09089029405884577
2019-07-02,2019,1943,0,0,57,8,1.3069834846303188,0.003267458711575797,0.09925663148134524,0.15027451289764168,0.000245324708086616,0.1754592780115527
2019-07-03,2019,1943,0,0,57,3,0.3425939034808553,0.0008564847587021382,0.06700425739083103,0.1556464320989087,0.00025485503562729594,0.04294636804349074
2019-07-04,2019,1943,0,0,58,6,0.05534325752162195,0.00013835814380405487,-0.0035216948903649048,0.16742064932666958,0.0004698602592866699,0.03284402020169082
2019-07-05,2019,1943,0,0,55,6,0.4666134347811338,0.0011665335869528346,-0.01770966094147716,0.16978767341090678,0.0003404861606825628,0.060963490216277096
2019-07-08,2019,1943,0,0,54,1,0.32162160801610556,0.000804054020040264,0.03166322305907051,0.1615493722896981,0.00026651711697510546,0.018576949738809818
2019-07-09,2019,1943,0,0,53,3,-0.21797010068306188,-0.0005449252517076548,0.013510110157915556,0.16458011568689626,0.0003273742118461748,0.020728431333485786
2019-07-10,2019,1943,0,0,54,6,0.29251152870754693,0.0007312788217688673,0.05242252314660686,0.15808649405305353,0.0003949020763496765,0.21991484316323207
2019-07-11,2019,1943,0,0,55,4,-0.003918473900709207,-9.796184751773019e-06,-0.025712366330278916,0.17112043283044898,0.0005638364399723546,0.010333207459253431
2019-07-12,2019,1943,0,0,52,1,-0.05346021931269157,-0.00013365054828172893,0.028488927844542565,0.16207823327405443,0.00028781678194669656,0.010895528947793824
2019-07-16,2019,1943,0,0,51,4,-0.532224666040034,-0.001330561665100085,-0.057954537624942876,0.1765070759714042,0.0009717790340785683,0.01246165511276935
2019-07-17,2019,1943,0,0,54,3,0.6418669239018469,0.001604667309754617,0.05837229942944649,0.15709927480034594,0.000526196075833425,0.009025842873523905
2019-07-18,2019,1944,0,0,55,16,-0.9595403564263989,-0.002398850891065997,-0.0856564790276579,0.18112314314117456,0.0003101431433765038,0.02866585184937214
2019-07-19,2019,1944,0,0,54,10,-0.40540724724630306,-0.0010135181181157576,-0.012519646877323647,0.16892319675593043,0.00021637318319228917,0.01529350820678567
2019-07-22,2019,1944,0,0,54,7,0.20086405837958693,0.0005021601459489673,-0.051688640063069294,0.175452559702908,0.0002485207790441558,0.033066621908735744
2019-07-23,2019,1944,0,0,54,8,0.001838139638029368,4.59534909507342e-06,-0.03193506127551447,0.17215766509269695,0.000252902871063857,0.010973335243803957
2019-07-24,2019,1944,0,0,54,9,-0.6306123173369235,-0.0015765307933423088,-0.03706844441015154,0.17301122617091877,0.0003374459020640188,0.013292313618175563
2019-07-25,2019,1944,0,0,54,10,-0.7981495397092315,-0.001995373849273079,-0.06814881865463046,0.17820005943804385,0.00033834005415019286,0.033296254954145774
2019-07-26,2019,1944,0,0,54,9,-0.3398911605125333,-0.0008497279012813333,0.021193193092237512,0.16329602690954653,0.00035358888746144537,0.038216311064153755
2019-07-29,2019,1945,0,0,54,7,-0.06369775776050157,-0.00015924439440125393,-0.02382978205939151,0.17080833714100715,0.0005165670157005964,0.02651525338630715
2019-07-30,2019,1945,0,0,55,15,-0.3279876015429174,-0.0008199690038572935,0.0210149211871048,0.1633231133588413,0.0004729246341557827,0.006984107682419973
2019-07-31,2019,1945,0,0,56,7,-1.364693331217719,-0.0034117333280442976,-0.15456490698291414,0.19262505917485373,0.0012704193268916354,0.012117307416716398
2019-08-01,2019,1945,0,0,55,8,-0.5069509164521575,-0.0012673772911303938,-0.054018735661511955,0.17584969068541004,0.0010131010337426074,0.019797058876160664
2019-08-02,2019,1945,0,0,56,25,0.79339202388757,0.0019834800597189253,0.05197359853087213,0.158160582105115,0.0003983694087200969,0.02864348579821345
2019-08-05,2019,1945,0,0,54,27,1.2123436668464547,0.003030859167116137,0.051995809097781634,0.15815774383174258,0.0006147190380586637,0.0200778170010326
2019-08-06,2019,1945,0,0,54,26,-0.14424226165289084,-0.00036060565413222707,0.01851141197146178,0.1637442355807196,0.0006111896455228174,0.010134704214871077
2019-08-07,2019,1945,0,0,55,13,-0.628024100776987,-0.0015700602519424676,-0.05316278073640302,0.1756942795558967,0.0005850377207817666,0.019450268657638478
2019-08-08,2019,1945,0,0,53,9,-2.743816833109835,-0.006859542082774588,-0.17053417571571672,0.1952884397406476,0.0010439081378423266,0.01727224480746877
2019-08-09,2019,1946,0,0,54,4,2.0569606465027666,0.005142401616256917,0.13520378674466832,0.14427857191045304,0.0006550819431299809,0.01870775664231944
2019-08-13,2019,1946,0,0,54,4,1.1974272592999504,0.002993568148249876,0.07659752329219346,0.15405661846127655,0.0005196481217142958,0.028834505667697415
2019-08-14,2019,1946,0,0,54,2,-0.08018410893860199,-0.00020046027234650498,-0.0010162942585482517,0.16699960952986742,0.00033043640759909145,0.017813506610884013
2019-08-15,2019,1946,0,0,54,8,-1.067825564304413,-0.0026695639107610324,-0.060499792095593315,0.17691658475754593,0.0004091894492189544,0.05231894099017646
2019-08-16,2019,1946,0,0,54,23,-0.5987018634228596,-0.001496754658557149,-0.0024071511832130005,0.1672355846133754,0.0004732063831757175,0.051297110037911896
2019-08-19,2019,1946,0,0,54,2,-0.7815479636712406,-0.0019538699091781013,-0.10809628152313351,0.1848683093615851,0.0003463317769522396,0.07438876740632319
2019-08-20,2019,1946,0,0,54,1,0.2900148636647588,0.0007250371591618971,0.0428137413223476,0.15967392032182925,0.0002881334390841385,0.020334408363329226
2019-08-21,2019,1946,0,0,57,6,0.4053835875457199,0.0010134589688642998,0.038769989770761466,0.16035444426916193,0.000239521457316799,0.020632197513192625
2019-08-22,2019,1946,0,0,57,15,-2.4830247215830616,-0.006207561803957654,-0.19008767914010222,0.19855121283965174,0.0006039249821968851,0.00782739253981465
2019-08-23,2019,1946,0,0,57,11,-0.30891932647357745,-0.0007722983161839436,0.014521386060621899,0.16440575870467178,0.00031288444126727053,0.0032628348569200545
2019-08-26,2019,1946,0,0,58,3,0.9110000306612346,0.0022775000766530867,0.04367047175988536,0.15953888493599563,0.000330162991898028,0.10148304241098882
2019-08-27,2019,1946,0,0,54,8,-0.02487948219584346,-6.219870548960866e-05,-0.0044167852202898405,0.16756214107927478,0.00031749334829277506,0.033504216376138915
2019-08-28,2019,1946,0,0,54,12,2.6099705688760877,0.006524926422190219,0.25254486537142157,0.12470332280907057,0.0006292990386087999,0.02680067727255302
2019-08-29,2019,1946,0,0,53,17,-0.21152505259990395,-0.0005288126314997599,-0.03549909289976114,0.1727571150329792,0.0002926513263905755,0.012706897801325882
2019-08-30,2019,1946,0,0,53,2,0.022102752579124196,5.5256881447810494e-05,0.061409736150764116,0.15658455440176172,0.0002922077011767503,0.03155578903147109
2019-09-02,2019,1947,0,0,53,5,-1.1518023479759743,-0.0028795058699399357,-0.10347284073809644,0.18409523035198183,0.0002720565599321854,0.013914849761973292
2019-09-03,2019,1947,0,0,53,6,1.2104412910140594,0.0030261032275351483,0.1705905009804903,0.13837667494498504,0.0005844895913030904,0.03346810758931365
2019-09-04,2019,1947,0,0,54,6,-0.5622863636311514,-0.0014057159090778784,-0.039759341278348646,0.173463035293001,0.00025286583117003006,0.0402265905776168
2019-09-05,2019,1947,0,0,53,4,-0.15313050353441282,-0.00038282625883603205,0.02235085796046665,0.16310519159467027,0.0003373599286265516,0.027607090733821303
2019-09-06,2019,1947,0,0,52,11,4.978588882517979,0.012446472206294946,0.32374185972209546,0.11282387461267897,0.00046566791833308147,0.023483245425970183
2019-09-09,2019,1947,0,0,51,21,1.7540860474225533,0.004385215118556383,0.19239692944784892,0.13473829944538965,0.00046226940843797985,0.030972403968811187
2019-09-10,2019,1947,0,0,51,7,1.4961671088227333,0.003740417772056833,0.13843173386937377,0.14373711072724604,0.00034469247235126657,0.018632832428416523
2019-09-11,2019,1947,0,0,51,8,0.7658751685049335,0.0019146879212623338,0.11557509284488807,0.14755263471136174,0.0003382440159576009,0.054184352802472815
2019-09-12,2019,1947,0,0,50,7,-0.16001898446732443,-0.00040004746116831106,-0.045317705217796427,0.1743885373808773,0.0003871987414299179,0.01739514789191153
2019-09-13,2019,1946,0,0,50,8,-2.0039886455314018,-0.005009971613828505,-0.14134456831014366,0.19041563128057043,0.000496884228665742,0.017204177002578123
2019-09-17,2019,1945,0,0,50,11,0.17781131467889133,0.0004445282866972283,0.002025275922019211,0.1664988207366972,0.00029285453931648616,0.015447253352015959
2019-09-18,2019,1945,0,0,49,5,0.24654259288454267,0.0006163564822113567,-0.03475800690581783,0.17262671382870948,0.00034707042982039656,0.030639007822687914
2019-09-19,2019,1945,0,0,48,12,-0.14950026234748504,-0.0003737506558687126,-0.05419825226309407,0.17587362972719142,0.00036029646748672486,0.017241484760323875
2019-09-20,2019,1946,0,0,50,11,0.1633178440054679,0.00040829461001366975,0.010668375525158987,0.1650507777233064,0.00022894693392124532,0.013377771197324674
2019-09-24,2019,1947,0,0,50,5,-1.2944230667746346,-0.0032360576669365863,-0.08767741171584154,0.18146089018966552,0.00026462775564410656,0.014076329776018602
2019-09-25,2019,1947,0,0,50,4,0.5975064162595249,0.0014937660406488123,0.0013248792791370509,0.16661581557204733,0.0005750848315662151,0.01266343009238129
2019-09-26,2019,1947,0,0,51,12,0.8562374091435205,0.0021405935228588015,0.024098063873979492,0.16281554339677878,0.0004423576952822701,0.011566513560054215
2019-09-27,2019,1948,0,0,51,6,1.4514350398383984,0.003628587599595996,0.098971876634671,0.15032485436001186,0.0006216436650506877,0.028198947285083747
2019-09-30,2019,1948,0,0,52,3,0.06536587248427617,0.0001634146812106904,-0.024509556864179605,0.1709219108010472,0.00031802410696412997,0.026888983165935892
2019-10-01,2019,1949,0,0,52,4,0.3916917283138375,0.0009792293207845936,0.02330205042887836,0.16294964206505763,0.0006631318112203459,0.03737881215031736
2019-10-02,2019,1949,0,0,52,8,-0.09876857260203131,-0.0002469214315050783,-0.03149376834055622,0.17208393357488352,0.0002592648800980899,0.023041184528507938
2019-10-03,2019,1949,0,0,52,2,-0.2712737423437142,-0.0006781843558592855,0.037027430649519105,0.16064653562131942,0.00028349048775340354,0.024812685086132154
2019-10-04,2019,1949,0,0,50,3,0.3426860938639944,0.000856715234659986,0.0707117068598539,0.1550372447485511,0.0004418096248788842,0.015466567079566316
2019-10-07,2019,1949,0,0,49,5,-0.5450597767674418,-0.0013626494419186044,-0.06794085613656786,0.17816319947358958,0.0002317134745510493,0.0113839658534919
2019-10-08,2019,1950,0,0,52,12,0.4698958169276567,0.0011747395423191418,0.06985559964148964,0.15517499455383166,0.00034332782015344086,0.020751872046258592
2019-10-09,2019,1951,0,0,56,8,-0.14128714717400326,-0.00035321786793500817,-0.046393328825554046,0.17456830027993536,0.00032331383268388006,0.014804585360152027
2019-10-10,2019,1951,0,0,58,14,0.004179147116692317,1.0447867791730791e-05,-0.03282895060352085,0.17231401533494345,0.0006067386240704956,0.05332904394664468
2019-10-11,2019,1951,0,0,58,9,-0.2952900101610443,-0.0007382250254026107,-0.025250883130342877,0.17104534312214004,0.0004330278625789176,0.12488945995998102
2019-10-15,2019,1951,0,0,57,10,-0.16758374983656918,-0.00041895937459142293,-0.012227388372305789,0.16887239888780714,0.00031596477855962515,0.018554271679696706
2019-10-16,2019,1951,0,0,56,7,-1.1959563362720924,-0.002989890840680231,-0.09375021428571996,0.1824721338136076,0.00030532978596363615,0.008152592629421553
2019-10-17,2019,1951,0,0,56,7,-0.30535238060445824,-0.0007633809515111456,-0.01859713650850037,0.1699313927583454,0.0003166736058109048,0.014193567275591755
2019-10-18,2019,1951,0,0,56,5,-0.75484484761353,-0.001887112119033825,-0.021390616142582797,0.17040225565810077,0.00031874353385204565,0.027800983778942
2019-10-21,2019,1951,0,0,57,10,-0.5463433602410347,-0.0013658584006025867,-0.05099739245442135,0.17533638933623952,0.00032957675059652606,0.049621949192299404
2019-10-23,2019,1951,0,0,57,10,0.9062228288012901,0.0022655570720032255,0.07586285225703446,0.1541691497574871,0.0002456467795996664,0.011684006355445666
2019-10-24,2019,1951,0,0,58,7,1.009353276675327,0.0025233831916883177,-0.03725771944666735,0.17304827106987736,0.0003464265926741195,0.024587930900886366
2019-10-25,2019,1952,0,0,58,17,0.01096645872679658,2.741614681699145e-05,-0.06667070273487986,0.17795622244845363,0.0003242982888337739,0.015339007517111054
2019-10-28,2019,1953,0,0,60,12,-0.38261710239538194,-0.0009565427559884549,0.04742253172730273,0.1589227800340039,0.0006014498847745881,0.03261074559122353
2019-10-29,2019,1953,0,0,59,14,-0.8096589102639173,-0.002024147275659793,-0.02642886208372271,0.1712420937321069,0.0005609518136618155,0.010215259419621155
2019-10-30,2019,1954,0,0,59,2,0.8635560079150292,0.0021588900197875727,0.03041948548258235,0.16176011880113658,0.0005498264010418472,0.01847041690761689
2019-10-31,2019,1954,0,0,59,6,0.31590058713228153,0.0007897514678307039,0.06728408654833103,0.1556093570872995,0.0006568082219864087,0.06842276506605875
2019-11-01,2019,1955,0,0,63,8,0.42003056784283904,0.0010500764196070976,0.04514185803734853,0.15929912986450362,0.0004440361946503863,0.018548147986430005
2019-11-05,2019,1955,0,0,63,18,-0.16454374850135284,-0.00041135937125338207,-0.045154695584429264,0.17436476430245634,0.00043529034526474297,0.025411616209073416
2019-11-06,2019,1955,0,0,61,17,-0.011351040749022302,-2.8377601872555754e-05,-0.006809316042691074,0.16796510718148835,0.0005695869125577616,0.014415540457121652
2019-11-07,2019,1955,0,0,62,15,1.2078968155635048,0.0030197420389087622,0.04560222606811603,0.159226914577511,0.0006089971982813326,0.008563445873279152
2019-11-08,2019,1955,0,0,61,16,-0.3176609731138593,-0.0007941524327846483,-0.03236837419406741,0.17223137880572634,0.00035842695233443995,0.008554148433799258
2019-11-11,2019,1955,0,0,61,12,0.7093470068038494,0.0017733675170096236,0.046348803210130254,0.15910212873992277,0.0004923805926545696,0.03394958832414313
2019-11-12,2019,1955,0,0,61,15,-0.5730190986348045,-0.0014325477465870111,-0.012697171917768488,0.1689541129159725,0.0006618690738396986,0.014759179829818673
2019-11-13,2019,1955,0,0,61,8,0.6313764116926239,0.0015784410292315598,0.0133996867002422,0.1645990600085436,0.0005818832797386915,0.023989184005605922
2019-11-14,2019,1955,0,0,61,4,0.5382997023755633,0.0013457492559389083,0.03616271485357417,0.1607994259130852,0.00037957471920786013,0.023399848123463914
2019-11-15,2019,1955,0,0,61,15,-0.18438441951733486,-0.0004609610487933372,-0.07754792984122284,0.1797682576615182,0.0003098289440491995,0.008541726263158408
2019-11-18,2019,1955,0,0,61,15,0.23291135352861514,0.0005822783838215378,0.024677349154612373,0.16271657328330483,0.0003460196627306257,0.01087050429782627
2019-11-19,2019,1955,0,0,61,7,-0.3520191643306197,-0.0008800479108265493,-0.04188019348146214,0.17381566420250183,0.0002473918453501714,0.010707718365302592
2019-11-20,2019,1955,0,0,60,5,-0.33659900005884047,-0.0008414975001471012,-0.026848574675255015,0.17130369983172347,0.0002661148404720593,0.024517232769660002
2019-11-21,2019,1955,0,0,58,1,1.942775677863486,0.004856939194658715,0.19743882783160963,0.1338955265303393,0.0003643908355331212,0.014746236072782646
2019-11-22,2019,1955,0,0,58,6,-0.3977644335443171,-0.0009944110838607928,-0.014079373161665054,0.16918041914320867,0.0002939549222086525,0.005779421465643297
2019-11-25,2019,1955,0,0,58,10,0.38149606275545467,0.0009537401568886366,0.02596712162803295,0.16250019730275567,0.00030395748087405264,0.010055200333332627
2019-11-26,2019,1955,0,0,59,1,0.06448926842095071,0.00016122317105237677,0.023965858300784716,0.16283239599598026,0.0002553477276587298,0.01532310576177318
2019-11-27,2019,1955,0,0,58,6,-0.42506027636437166,-0.0010626506909109292,-0.016498119456958605,0.16957874209162258,0.0002288766700977592,0.00646554518271256
2019-11-28,2019,1955,0,0,58,7,-0.24495993065819321,-0.000612399826645483,0.018838599820754306,0.16369051561721612,0.00030021084535452973,0.01519795584050185
2019-11-29,2019,1955,0,0,58,1,-0.6729766325644149,-0.0016824415814110372,-0.048211334809024085,0.17487717747722015,0.00031466815208596,0.015633571042939783
2019-12-02,2019,1955,0,0,57,17,-0.42703801847182565,-0.001067595046179564,-0.02837569175361416,0.1715608974208431,0.0002735634273249376,0.011851955629937135
2019-12-03,2019,1955,0,0,55,9,-1.2278179610655402,-0.0030695449026638504,-0.07364818959306961,0.17911925337320192,0.0003213956009347598,0.02886197494625732
2019-12-04,2019,1955,0,0,55,14,0.5367120668254385,0.0013417801670635961,0.02236716198065586,0.16309762006617215,0.00023254697683631765,0.02166015562963276
2019-12-05,2019,1955,0,0,55,6,0.19011694890715536,0.0004752923722678884,-0.02018625391110481,0.17019757195283514,0.0003319203520318767,0.010576386380825073
2019-12-06,2019,1955,0,0,54,3,0.4766689411225625,0.0011916723528064062,0.06700492440846358,0.15564370094028968,0.00023425571750019332,0.003970079210764322
2019-12-09,2019,1955,0,0,54,8,1.0891521350313667,0.0027228803375784166,0.07055692760159905,0.1550588957735021,0.0002674762962735797,0.017771292472669408
2019-12-10,2019,1956,0,0,54,6,0.18983726857460792,0.0004745931714365198,0.020685543019315907,0.16337835157325742,0.0002876038702979965,0.00982346022969196
2019-12-11,2019,1957,0,0,55,7,-0.12826481527804456,-0.0003206620381951114,-0.0424930013529008,0.17392372003005635,0.00048258795890381186,0.006975155550566022
2019-12-12,2019,1958,0,0,55,1,0.35017829087909735,0.0008754457271977434,0.03797346224182115,0.16049244811754756,0.0003467535430865495,0.029431226125588447
2019-12-13,2019,1958,0,0,54,6,0.7868752496899692,0.0019671881242249232,0.05943247815915813,0.15691191693494683,0.00044951183975852914,0.021877402904763702
2019-12-16,2019,1960,0,0,56,15,0.3780741231586435,0.0009451853078966088,-0.013634157657512073,0.16910483911018775,0.0003633177072155438,0.004279763034065635
2019-12-17,2019,1962,0,0,58,10,0.6964771344357579,0.0017411928360893947,0.0538134261941698,0.15785324025166173,0.0002850836867318273,0.011053510804072717
2019-12-18,2019,1964,0,0,59,6,0.1903066651857812,0.000475766662964453,0.017962895926860553,0.16383090584072119,0.0003216245810318268,0.03321842464348685
2019-12-19,2019,1965,0,0,56,13,0.7637267978770708,0.0019093169946926768,0.06701225682547224,0.1556516178301776,0.0002959728959141836,0.008339590644703798
2019-12-20,2019,1965,0,0,56,5,-0.13842699918869483,-0.00034606749797173707,-0.009846948019560615,0.16846443515289114,0.0001994380841591237,0.004573459394533224
2019-12-23,2019,1965,0,0,56,12,0.2357979186717858,0.0005894947966794645,0.016633358932685253,0.1640551509020022,0.0003281545977026269,0.009582731619873015
2019-12-24,2019,1965,0,0,56,8,0.10963498229563684,0.0002740874557390921,-0.015898772195668185,0.16948487727821526,0.000260313907598621,0.00738168156683855
2019-12-25,2019,1966,0,0,57,12,-0.34162883854678305,-0.0008540720963669576,-0.00039195043574511877,0.16689686871455037,0.0003487720508785903,0.008246949360990559
2019-12-26,2019,1966,0,0,58,9,-0.016075474997526706,-4.018868749381677e-05,-0.02468237466400172,0.17095083038172904,0.00034449131780210277,0.04482692461564193
2019-12-27,2019,1966,0,0,57,18,0.11578754446297168,0.0002894688611574292,0.008140163870168972,0.16547792659610824,0.0006165195961245353,0.01135368969644245
2019-12-30,2020,1966,0,0,57,11,0.7237635076484543,0.001809408769121136,0.11055192052840625,0.14839172628808844,0.0004917721199313385,0.007546710332339921
2020-01-06,2020,1966,0,0,56,10,-1.1790776091287087,-0.0029476940228217717,-0.10915872750602627,0.18504763492697404,0.0005784695742133914,0.02791442785397555
2020-01-07,2020,1966,0,0,56,6,0.18477257670408198,0.000461931441760205,0.0342062185491849,0.16112914068095988,0.00048558536467660003,0.023907225450691363
2020-01-08,2020,1966,0,0,55,11,0.5372312729966671,0.0013430781824916678,0.02297444739790545,0.16299626295338318,0.000429394832038609,0.08704662082414412
2020-01-09,2020,1966,0,0,51,8,0.63956758442897,0.001598918961072425,0.01703124628007547,0.16399176524651835,0.0005695186485013591,0.049087490027165406
2020-01-10,2020,1966,0,0,50,6,0.40010684260267576,0.0010002671065066893,0.004432150398688583,0.1660845576557395,0.00042209729224034,0.0139674745882454
2020-01-14,2020,1966,0,0,48,3,0.6034059965927181,0.0015085149914817952,0.055840377155051114,0.1575149839088999,0.0003083365792787362,0.009177755178952245
2020-01-15,2020,1966,0,0,48,5,-0.46215482054815266,-0.0011553870513703816,-0.14304056034044235,0.19068484945403696,0.00023875762005852135,0.0073699684272499014
2020-01-16,2020,1966,0,0,48,5,-0.09451860790172151,-0.00023629651975430377,0.00010737086031040191,0.16681064700666268,0.0002750570443293225,0.03343975183537326
2020-01-17,2020,1966,0,0,48,12,-0.3024759015204376,-0.0007561897538010939,0.03505873696364808,0.16097870711825274,0.0002692593457388378,0.00553130270574729
2020-01-20,2020,1966,0,0,49,2,0.06120383202055091,0.00015300958005137728,-0.002153450478871702,0.16718881705475547,0.0002527372126351438,0.013477954484163399
2020-01-21,2020,1966,0,0,50,12,0.168557127080595,0.0004213928177014875,0.013802955780791782,0.16453194006690683,0.0003281998167547307,0.040550695506298966
2020-01-22,2020,1966,0,0,50,6,-0.10148379076427605,-0.0002537094769106901,0.06474850882902548,0.15602781059387255,0.0003522366239384027,0.026301201157616506
2020-01-23,2020,1966,0,0,50,9,-1.2669421634899671,-0.003167355408724918,0.024053410392091492,0.16282307808388943,0.0007949907640794614,0.03152665266142311
2020-01-24,2020,1966,0,0,47,7,0.7287125195031383,0.0018217812987578457,0.057448100524686976,0.15724846841263904,0.0003464853757728484,0.012576379288995992
2020-01-27,2020,1966,0,0,46,6,-2.3535447631873776,-0.005883861907968444,-0.19623989797247468,0.199571126689609,0.00038304755823028434,0.018670789359554275
2020-01-28,2020,1966,0,0,45,4,1.3651900573468834,0.0034129751433672082,0.0956794907367639,0.15087309445587513,0.0007184111398729176,0.019807452163654246
2020-01-29,2020,1966,0,0,45,4,-0.43862072083988035,-0.001096551802099701,-0.010034418228329508,0.1685082374704547,0.0005758134277193458,0.02156329527694717
2020-01-30,2020,1966,0,0,44,8,1.4854156152694677,0.003713539038173669,0.12253662612692345,0.14639113786746674,0.0005281597130026124,0.020830992022183865
2020-01-31,2020,1966,0,0,44,2,1.0793576718880886,0.0026983941797202216,0.09369195072311358,0.15120270715640236,0.0005500432472262942,0.013527438183537618
2020-02-03,2020,1966,0,0,41,3,-0.28565969811528547,-0.0007141492452882136,-0.02953707523308198,0.1717585816681302,0.0005064064354834355,0.034058195638827615
2020-02-04,2020,1966,0,0,41,2,2.1355688699209123,0.005338922174802281,0.2181725776948678,0.1304362414779011,0.0006652978754019792,0.04054198571733471
2020-02-05,2020,1966,0,0,42,0,-0.38959433810500266,-0.0009739858452625066,-0.07735368819945777,0.17973927070132756,0.0004960611087805301,0.01765145180006257
2020-02-06,2020,1966,0,0,39,1,-1.0517802763805029,-0.0026294506909512573,-0.11501467724262164,0.18602171252070837,0.0005178275737932007,0.013519155503678864
2020-02-07,2020,1967,0,0,41,0,0.6136017946811474,0.0015340044867028684,0.06680571109880237,0.15568765858273262,0.0005536145822125326,0.015572235892401502
2020-02-10,2020,1967,0,0,39,1,0.40281418748918146,0.0010070354687229536,0.06058155162156682,0.156725171483117,0.0005732547423695087,0.01117327879720837
2020-02-12,2020,1967,0,0,40,6,0.5803658067694382,0.0014509145169235955,-0.0009010829525853102,0.1669824510110145,0.0007053902283035952,0.012842522761234012
2020-02-13,2020,1967,0,0,40,5,0.011277532836417858,2.8193832091044646e-05,0.005697639047515932,0.1658846418644865,0.0008452890891020321,0.008782356962155286
2020-02-14,2020,1967,0,0,39,8,-0.15306192412730057,-0.0003826548103182514,0.005634688649954739,0.1658954415582818,0.0006246857721390796,0.009417110503014114
2020-02-17,2020,1967,0,0,39,4,0.11682016494646597,0.0002920504123661649,0.004650596083210337,0.16605473834063217,0.00046277571191408293,0.027015276199120718
2020-02-18,2020,1967,0,0,39,10,0.728337419752302,0.001820843549380755,0.066653212033369,0.15570754497440756,0.000257759920160742,0.014670912148747065
2020-02-19,2020,1967,0,0,40,15,-0.7369219009997687,-0.0018423047524994218,-0.0635622722249248,0.17742869029169217,0.00027755460765113357,0.03180979105557779
2020-02-20,2020,1967,0,0,40,8,2.3389541949327466,0.005847385487331867,0.11148540724210408,0.14823639953992865,0.0017058952509182847,0.0079067074310912
2020-02-21,2020,1967,0,0,39,6,-1.6981279653511425,-0.004245319913377856,-0.13715674112517945,0.1897163611826888,0.00037253481228801506,0.00560369844536329
2020-02-25,2020,1967,0,0,39,26,-0.21246155858819993,-0.0005311538964704999,-0.030483408563286896,0.17192187818643248,0.0008537459229442954,0.07779303849605548
2020-02-26,2020,1967,0,0,39,1,0.8421349624099257,0.002105337406024814,0.07606479677864862,0.15414584565630032,0.002295956496187856,0.01583121327568798
2020-02-27,2020,1967,0,0,40,32,0.6018200344013094,0.0015045500860032734,0.06558508255757134,0.15589411914674292,0.003703439261761814,0.08387596710546417
2020-02-28,2020,1967,0,0,40,36,1.0189207749723916,0.0025473019374309793,-0.05979298636792552,0.17681146294834646,0.0015160209088573421,0.14935566919134952
2020-03-02,2020,1968,0,0,41,22,-1.3827342652833592,-0.003456835663208398,-0.08737842094013977,0.1814053240310574,0.000737555489433252,0.14036769293784285
2020-03-03,2020,1968,0,0,41,37,1.0681810829291507,0.0026704527073228767,0.053198674357565263,0.15795360264235392,0.0005659125840823386,0.025737921920977777
2020-03-04,2020,1968,0,0,43,0,0.9673830948331261,0.0024184577370828155,0.15722016140246292,0.1406060651696823,0.0012296814475720437,0.013385304671763344
2020-03-05,2020,1968,0,0,43,3,3.0783630091691947,0.007695907522922987,0.2203976266090172,0.13006583820165124,0.004695576794803519,0.023168948872131785
2020-03-06,2020,1968,0,0,43,43,0.4879773158118965,0.0012199432895297414,0.05388302225349842,0.1578459653320379,0.0034496580659656682,0.08152554262020513
2020-03-09,2020,1969,0,0,43,43,-2.7161795204661927,-0.006790448801165482,-0.17151090796654267,0.19544899385640693,0.00347838549508023,0.1546296172518433
2020-03-10,2020,1970,0,0,44,8,-1.3590652117223918,-0.0033976630293059795,-0.03395987301359775,0.17250164850912447,0.005777869938358337,0.16013565888183867
2020-03-11,2020,1970,0,0,43,34,2.580971422812514,0.0064524285570312844,0.1345614926348797,0.14438625044949743,0.0020397336696738326,0.051029002704935246
2020-03-12,2020,1970,0,0,42,42,2.140490755619245,0.005351226889048113,0.08908536173550677,0.15197280926182336,0.003058004206582714,0.08277944660372782
2020-03-13,2020,1971,0,0,42,42,1.4027622503069788,0.003506905625767447,0.0774442366122755,0.15391528290098985,0.015376041855072395,0.1568896430289896
2020-03-16,2020,1971,0,0,42,7,-2.8309571020080226,-0.007077392755020057,-0.05321111006135115,0.17571304882427813,0.0024760113363539197,0.10216153287161178
2020-03-17,2020,1971,0,0,40,2,2.5405935707516476,0.006351483926879119,0.08833015437242431,0.15209916322688674,0.0045510288378609026,0.20742833927594118
2020-03-18,2020,1971,0,0,39,1,3.1271322608987466,0.007817830652246867,-0.05193008591445437,0.1754994908065478,0.00420491146177298,0.05749058851292746
2020-03-19,2020,1971,0,0,36,0,3.2366440977674547,0.008091610244418637,0.011598294901670528,0.16490081176413823,0.005156420399440117,0.058847725935383385
2020-03-23,2020,1971,0,0,35,3,6.466726258242884,0.01616681564560721,0.2243242238049883,0.12941050597104642,0.004557101576668071,0.11967637667547243
2020-03-24,2020,1971,0,0,35,3,-0.15685290315067224,-0.0003921322578766806,-0.04121622988422002,0.17371154126548213,0.0020778418085991017,0.15375605978383042
2020-03-25,2020,1971,0,0,35,4,2.2266072809141813,0.0055665182022854535,0.12252223567444757,0.14639466151071284,0.002671816548992141,0.28083678877109497
2020-03-26,2020,1972,0,0,36,8,0.6096987906431188,0.0015242469766077972,0.02913652764904469,0.16197453588224547,0.001513122275328207,0.02749853529784601
2020-03-27,2020,1972,0,0,35,10,-0.7156942022328687,-0.0017892355055821717,-0.13134937356295748,0.1887488820102355,0.002861459624000715,0.131486344614759
2020-03-30,2020,1973,0,0,35,2,1.3887946187956528,0.003471986546989132,0.02715040157042211,0.1623059062949554,0.0013706176911132272,0.07289985764017101
2020-03-31,2020,1974,0,0,38,4,2.409370442763303,0.0060234261069082575,0.12759177347285267,0.1455483505156427,0.000948989816099429,0.04559381864769439
2020-04-01,2020,1974,0,0,39,22,2.438207717134901,0.0060955192928372525,0.05120830485063634,0.15829110246177788,0.0008567305189628526,0.08702724565941233
2020-04-02,2020,1974,0,0,39,22,-1.6102654186290462,-0.004025663546572616,-0.033237388081388534,0.1723806831782592,0.004466744753152672,0.058227802626360445
2020-04-03,2020,1974,0,0,39,18,-2.535228185617905,-0.006338070464044763,-0.05304301300037379,0.17568469824284721,0.0031664989332060617,0.08060183664062616
2020-04-06,2020,1974,0,0,39,7,-0.25833017598824926,-0.0006458254399706231,0.026016010377590156,0.16249345655147485,0.001561330164406799,0.08458124184494252
2020-04-07,2020,1974,0,0,38,16,2.029139523992467,0.005072848809981168,0.14543308085899395,0.1425706512221367,0.001298964395404474,0.06933824763496896
2020-04-08,2020,1974,0,0,39,9,0.32792034801721903,0.0008198008700430476,0.07592604410264983,0.15416694952782234,0.0009213078892218856,0.14347315689814144
2020-04-09,2020,1974,0,0,40,9,-1.9749265760890355,-0.004937316440222589,-0.08203747018448893,0.18052116176068086,0.0012603831904411025,0.36803695101205625
2020-04-10,2020,1974,0,0,42,7,0.3532868352092371,0.0008832170880230928,0.13519391052823548,0.14427959627835213,0.00080450832263661,0.21145022839246308
2020-04-13,2020,1974,0,0,42,4,-2.606568346492191,-0.006516420866230478,-0.13685424341399857,0.1896664911051586,0.0014459718229392485,0.055607867606049105
2020-04-14,2020,1974,0,0,42,12,-2.107471618139731,-0.005268679045349327,-0.0709988097500523,0.17867910613502677,0.001065799679717957,0.07180969385196746
2020-04-15,2020,1974,0,0,43,9,-0.002010635704382424,-5.02658926095606e-06,-0.02644894960711373,0.17124558400097017,0.000724553203609972,0.05763690295391162
2020-04-16,2020,1974,0,0,43,18,-1.3542325584844457,-0.003385581396211114,0.001957462019094485,0.16650723497574546,0.0008769096815954938,0.027791057159066893
2020-04-17,2020,1974,0,0,44,15,-3.083561736683498,-0.007708904341708745,-0.25704607250155603,0.2097176539032371,0.001300198583472353,0.023692597581798282
2020-04-20,2020,1974,0,0,45,8,-4.500862795301854,-0.011252156988254635,-0.28676113124174446,0.21467638977832001,0.0009710181966385954,0.02165391911131679
2020-04-21,2020,1974,0,0,45,10,3.6389216776033133,0.009097304194008284,0.1771823301405148,0.13727471555578094,0.0016629761320354497,0.47536803997277166
2020-04-22,2020,1974,0,0,47,13,-1.3880953792634172,-0.003470238448158543,-0.07890640519397694,0.1799963297275802,0.0006170721536591986,0.05207297528205253
2020-04-23,2020,1974,0,0,47,9,0.4902113452426784,0.001225528363106696,0.05206609677225478,0.15814856539946803,0.0011886188718513153,0.030476315829991024
2020-04-24,2020,1974,0,0,47,16,0.5848326614943398,0.0014620816537358494,0.06568033560078307,0.1558733424146603,0.0007983991408683369,0.01675970607129129
2020-04-27,2020,1974,0,0,47,11,3.662066278266865,0.009155165695667163,0.13999741925502915,0.14347854310253003,0.001052281992701435,0.0479820047900243
2020-04-28,2020,1974,0,0,48,7,-1.708374444209448,-0.00427093611052362,-0.12926958806655012,0.18840153463749013,0.001222647799175261,0.12244872292090438
2020-04-30,2020,1974,0,0,47,12,-1.3684035552143539,-0.0034210088880358845,-0.06389203675559976,0.177492827122206,0.0009882099171371174,0.04760220856840296
2020-05-01,2020,1974,0,0,46,1,3.7478063437752764,0.009369515859438191,0.22044619019812875,0.13005683328729356,0.0010466627041011405,0.014570820314361294
2020-05-07,2020,1974,0,0,47,3,3.693037656790694,0.009232594141976736,0.2779703906853367,0.1204599147397063,0.0015472495874435904,0.01742202682785372
2020-05-08,2020,1974,0,0,48,4,-2.133494138384729,-0.005333735345961822,-0.15007672070511122,0.19186869724177788,0.0008363048780198303,0.03261707839655156
2020-05-11,2020,1974,0,0,48,5,-0.9085211913077057,-0.0022713029782692644,-0.11053033437485993,0.18527112532659717,0.0011286860311853712,0.0354246968814175
2020-05-12,2020,1974,0,0,46,4,-1.2033601944491514,-0.0030084004861228785,-0.07316937058402936,0.1790423220732042,0.0017372220056060177,0.015738820374844906
2020-05-13,2020,1974,0,0,46,2,-0.8179007718650841,-0.0020447519296627106,-0.017532095129799963,0.16975928938659476,0.000870332936090213,0.02211751194356926
2020-05-14,2020,1974,0,0,46,0,-0.4350942448275894,-0.0010877356120689735,-0.01137943537134758,0.1687314920692101,0.0011263922241889627,0.04654141076384177
2020-05-15,2020,1974,0,0,47,1,2.49641959640389,0.006241048991009726,0.2214319366248492,0.12989154812761597,0.0007148144705042522,0.03038551516824673
2020-05-18,2020,1974,0,0,46,2,-0.3436204725129872,-0.0008590511812824681,-0.05208484564370448,0.17552146884737208,0.0006487751651940273,0.0398341211616901
2020-05-19,2020,1974,0,0,46,6,0.7377613147901692,0.001844403286975423,0.05616868580884614,0.15745589864003964,0.0004496482719496594,0.025814719022636386
2020-05-20,2020,1974,0,0,46,8,0.0376829889447966,9.420747236199151e-05,-0.05175357063714282,0.1754670940989421,0.0005819416480439687,0.02662169470603784
2020-05-21,2020,1974,0,0,47,6,-0.5864517837738021,-0.0014661294594345052,-0.017624446810738253,0.1697751738967191,0.000894989873841348,0.015773379413245556
2020-05-22,2020,1974,0,0,49,2,3.5958408208176262,0.008989602052044066,0.2261214166099229,0.1291098371852112,0.0008729895495596621,0.018344876354487196
2020-05-25,2020,1974,0,0,49,15,1.3600197268925382,0.003400049317231346,0.05336321647680609,0.1579294978721068,0.0007025066210885331,0.02236730598089428
2020-05-26,2020,1974,0,0,49,13,1.9259355717014395,0.004814838929253599,0.03721553051093726,0.16062565012697017,0.0005506383354169479,0.019610051096320733
2020-05-27,2020,1974,0,0,49,24,3.3485404633144187,0.008371351158286047,0.14490600695372088,0.1426588242722669,0.0009159509241484021,0.01982510405039951
2020-05-28,2020,1974,0,0,49,28,1.801010794093192,0.00450252698523298,0.0829594277054681,0.15299189640343067,0.0006805475101842286,0.01766515146016193
2020-05-29,2020,1974,0,0,48,23,0.49992535105792246,0.001249813377644806,-0.04429533038004131,0.17422439290221642,0.0007473937628405193,0.04550453956402715
2020-06-01,2020,1974,0,0,48,7,2.410577631153038,0.006026444077882594,0.19813394051562006,0.13377695593937308,0.00040327001164555735,0.02084866337710478
2020-06-02,2020,1974,0,0,48,11,0.08635789834649965,0.00021589474586624914,-0.0048998565228306505,0.16764313442662837,0.000508407890875441,0.1066568945418632
2020-06-03,2020,1974,0,0,48,16,-1.497759720553922,-0.003744399301384805,-0.10561631907405246,0.18445331585712268,0.000552377711910345,0.03615020254917612
2020-06-04,2020,1974,0,0,48,18,-0.3626958408821217,-0.0009067396022053042,-0.04930803172785406,0.17506090797799684,0.0008415230968445347,0.02059362366183073
2020-06-05,2020,1974,0,0,46,15,1.7484941804667493,0.004371235451166873,0.1629120358769136,0.1396524031015647,0.00046351482388047127,0.026825752399420668
2020-06-08,2020,1974,0,0,45,14,-0.5280348675369845,-0.0013200871688424612,-0.010541571091136221,0.16858849556045363,0.0006173342009642474,0.029438478259567233
2020-06-09,2020,1974,0,0,45,35,4.207712322947443,0.010519280807368607,0.29672065579893375,0.11733173459972593,0.0013080085471360477,0.0225262435479966
2020-06-10,2020,1974,0,0,45,27,0.3107947363996386,0.0007769868409990966,0.05378248253484546,0.15786233338651562,0.0007950014719692056,0.01723016793734046
2020-06-11,2020,1974,0,0,44,1,-0.5574396369350247,-0.0013935990923375618,-0.002668343061599346,0.16728054353342559,0.0013415136416090672,0.0635557558640675
2020-06-12,2020,1974,0,0,44,0,0.10563997948959969,0.0002640999487239992,0.018554006498518585,0.16374011031503216,0.002584724692006957,0.03983654688698769
2020-06-15,2020,1974,0,0,44,0,-1.268041003685576,-0.0031701025092139403,-0.06843621245624674,0.17825070430459453,0.0007275049301848279,0.041658130141547664
2020-06-16,2020,1974,0,0,44,4,-0.9888056878351145,-0.002472014219587786,-0.09247149182173794,0.18225392118659378,0.0007131817133705822,0.15631028353936235
2020-06-17,2020,1974,0,0,45,19,1.3541887191420015,0.0033854717978550036,0.04880964689755225,0.15868932046305792,0.000519006563531082,0.07152760090518348
2020-06-18,2020,1974,0,0,45,17,-0.7156523503246534,-0.0017891308758116334,-0.0724517365166639,0.17891466200525902,0.0004498036490510978,0.02937805425959249
2020-06-19,2020,1974,0,0,46,5,0.304429956776899,0.0007610748919422475,0.021442152318137665,0.16325029661208007,0.00031211329208018213,0.03237263123104221
2020-06-22,2020,1974,0,0,46,18,-0.4442868132048423,-0.0011107170330121059,-0.0354564843658413,0.1727482048083023,0.0005165902955774636,0.026439341628091233
2020-06-23,2020,1974,0,0,45,15,0.30218002599308913,0.0007554500649827228,0.05409858307697668,0.15780813894202328,0.0005779627166808526,0.02005973130395157
2020-06-24,2020,1974,0,0,46,16,-1.905217533542905,-0.0047630438338572625,-0.11794042080689371,0.18651014145179529,0.0006589887814562791,0.03757831458635367
2020-06-25,2020,1974,0,0,45,8,-0.13156677096998814,-0.0003289169274249704,-0.02409228613682582,0.17085411298474795,0.0008366119727155444,0.024903649591811853
2020-06-26,2020,1974,0,0,44,15,1.5911044388196474,0.0039777610970491185,0.16420859392612028,0.139436095766565,0.0004901851879870108,0.07045076272934216
2020-06-29,2020,1974,0,0,43,18,0.8913456250004197,0.002228364062501049,0.06879716630877271,0.15535723446338556,0.0006000015662805036,0.04278593744811901
2020-06-30,2020,1975,0,0,44,22,1.5296874501502964,0.003824218625375741,0.05089549043894747,0.15834190084321267,0.0007260270351393406,0.04030399092929091
2020-07-01,2020,1975,0,0,44,24,-0.06970125623452361,-0.00017425314058630903,0.01679581831577298,0.1640307223354833,0.0007912956995949541,0.048641503970161336
2020-07-02,2020,1975,0,0,44,13,0.3559532461722301,0.0008898831154305753,-0.03684904945078791,0.17298253515677386,0.0012716827160012421,0.07949307771672763
2020-07-03,2020,1975,0,0,44,4,-2.0070775901564604,-0.005017693975391151,-0.1280012283363549,0.18818630545624015,0.0005582106383462485,0.028510586873207056
2020-07-06,2020,1975,0,0,44,2,-0.558989219252686,-0.001397473048131715,0.025488626499742394,0.162581055224855,0.0005919083660637915,0.02706303510239632
2020-07-07,2020,1975,0,0,45,10,0.13479497196396295,0.0003369874299099074,0.05820341289949395,0.15712099300317642,0.0005598126967014226,0.044936908002428805
2020-07-08,2020,1975,0,0,46,3,-0.8708755352963595,-0.0021771888382408986,-0.0057474592886484046,0.16779364972815325,0.0009693607285449643,0.052504609332156366
2020-07-09,2020,1975,0,0,44,2,-0.09035043996474013,-0.00022587609991185032,-0.006744524165825159,0.16796057590194594,0.001356796225892088,0.030329134079805208
2020-07-10,2020,1976,0,0,45,5,0.10285488071719784,0.0002571372017929946,-0.03432868117642157,0.17255581115348612,0.00047861556227104174,0.08470661879896982
2020-07-13,2020,1976,0,0,45,1,0.4694028925469773,0.0011735072313674433,0.0902261048784931,0.15178114051845992,0.0006965689193687725,0.02929266130802037
2020-07-14,2020,1976,0,0,45,3,0.4189292138877645,0.0010473230347194113,-0.0014115937610694237,0.16706782904224188,0.0006903075989913158,0.04753444370728778
2020-07-15,2020,1978,0,0,47,20,-0.5842526373120804,-0.001460631593280201,-0.08271777411421019,0.18063286034286388,0.00047563639085882023,0.015688451960748247
2020-07-16,2020,1978,0,0,48,5,-1.1547583789191735,-0.0028868959472979337,-0.08460689680566476,0.18094613539878684,0.0004737377774935168,0.029492788075754714
2020-07-17,2020,1978,0,0,47,3,-0.15723646139156155,-0.0003930911534789039,0.03862186278766814,0.16038791065655547,0.0005264050406222427,0.014824269809714389
2020-07-20,2020,1978,0,0,47,13,0.11719599592515606,0.00029298998981289014,0.0342474029425108,0.1611189900201299,0.0004723229421812528,0.014678515671559048
2020-07-21,2020,1978,0,0,47,9,-0.8433649674853203,-0.0021084124187133006,-0.06950371221496122,0.1784276221673327,0.0005521384693189824,0.0421406700438728
2020-07-22,2020,1978,0,0,47,7,-0.5864482439184515,-0.0014661206097961287,-0.08085132146433929,0.18031958599835596,0.0005155127680247779,0.021853400207432407
2020-07-27,2020,1978,0,0,48,6,-1.6603820489189292,-0.004150955122297323,-0.08885819379835203,0.18165894743411468,0.0008365807665036612,0.018162455140843498
2020-07-28,2020,1978,0,0,49,5,2.5192875553607514,0.0062982188884018785,0.13482120471739867,0.1443398920523238,0.0006922966619112812,0.022443123181176316
2020-07-29,2020,1978,0,0,50,5,1.2214514763914268,0.003053628690978567,0.09469954622163616,0.15103595263333341,0.0017054820386041907,0.2601163460817698
2020-07-30,2020,1978,0,0,49,4,-0.902217258996147,-0.0022555431474903676,-0.06578995174303129,0.17781081268601703,0.0018412441403121034,0.07758149412742689
2020-07-31,2020,1980,0,0,51,10,-3.5810108855011906,-0.008952527213752977,-0.24382424967877125,0.2075120608689926,0.0024622682209145368,0.04803933441147819
2020-08-03,2020,1981,0,0,52,3,0.5559104166783642,0.0013897760416959103,0.023182219191575582,0.16296204032431144,0.0006098362916180936,0.037576708590395067
2020-08-04,2020,1981,0,0,52,2,-0.1864250225307813,-0.00046606255632695325,0.0028234259091293205,0.16636116054255043,0.0007415899988476324,0.0902921889131897
2020-08-05,2020,1981,0,0,52,6,1.5239765344046468,0.003809941336011617,0.07299399245068987,0.15465334629083427,0.0009034349377964732,0.04198826900511076
2020-08-06,2020,1981,0,0,52,11,2.4531184043670895,0.006132796010917724,0.0877516750592457,0.15219466905554815,0.0018971765403176975,0.020304205599037905
2020-08-07,2020,1981,0,0,54,6,3.0007096220299636,0.007501774055074909,0.20498430720746993,0.13263532175192955,0.000794179304691138,0.01913097483250319
2020-08-11,2020,1981,0,0,55,0,0.5110702875234541,0.0012776757188086353,0.05230965811886478,0.1581042891733276,0.0006902704016401623,0.03048010939501203
2020-08-12,2020,1981,0,0,55,0,1.2559722455959794,0.0031399306139899487,0.09351539801116701,0.15123105168934486,0.0005337458546218392,0.023753108409183776
2020-08-13,2020,1981,0,0,54,3,-0.539057641803723,-0.0013476441045093073,-0.026036811780940607,0.17117540256299763,0.0006509043045901235,0.06574525255344392
2020-08-14,2020,1981,0,0,54,0,-1.528715914644718,-0.003821789786611795,-0.16252978538281956,0.19394581770880087,0.0005658532978178315,0.04835323959248508
2020-08-17,2020,1981,0,0,54,0,-0.7321784621495064,-0.001830446155373766,-0.011394532301133723,0.16872958773844843,0.00047268546906602715,0.019517803062978942
2020-08-18,2020,1981,0,0,54,5,0.012841668050224797,3.210417012556199e-05,-0.02944641514604963,0.17174340727009643,0.00048188623282657237,0.06418036607251122
2020-08-19,2020,1981,0,0,54,3,1.1400137122191665,0.002850034280547916,0.01945446394702714,0.16358001816924078,0.00037676710880821734,0.023978346913322176
2020-08-20,2020,1982,0,1,55,9,-1.1347585084852156,-0.002836896271213039,-0.03839611349489952,0.1732357417144332,0.0004897996564007941,0.06998764137969242
2020-08-21,2020,1982,0,0,57,4,-2.6997378609934595,-0.006749344652483649,-0.12639203139768612,0.18791941261933753,0.0005503498986821281,0.039681049634364515
2020-08-24,2020,1982,0,0,56,9,1.5153521883498737,0.0037883804708746843,0.07642678147985676,0.15407281584105573,0.00044653241962381885,0.08361167020998986
2020-08-25,2020,1982,0,0,56,4,0.43704481818085905,0.0010926120454521477,0.004905375217263096,0.16601347332771282,0.0004369058909048782,0.021932079276426375
2020-08-26,2020,1982,0,0,57,7,0.19179281295126627,0.0004794820323781657,0.13362281750024246,0.1445406694606607,0.0008085929242178303,0.01512859203980839
2020-08-27,2020,1982,0,0,58,13,-2.338460796052347,-0.005846151990130868,-0.13373755216135247,0.18914465222978266,0.0007192734353641157,0.05268111194914356
2020-08-28,2020,1982,0,0,58,2,0.14073318784944366,0.00035183296962360916,0.0019970980394846015,0.16649626487900362,0.000528205128687097,0.025148662198110273
2020-08-31,2020,1982,0,0,58,7,-0.768110456543863,-0.0019202761413596575,-0.05222045053935767,0.17554197568705915,0.0003763645670078312,0.00852648884849552
2020-09-01,2020,1982,0,0,58,11,0.20519481016308827,0.0005129870254077206,0.007172323309802523,0.16563202717851203,0.00035199642243189804,0.010798664975996963
2020-09-02,2020,1982,0,0,58,17,0.058720881062478636,0.0001468022026561966,0.06829598963898012,0.15543464025413598,0.0004998557071766891,0.023533944400613998
2020-09-03,2020,1982,0,0,58,10,-1.9159329256651345,-0.004789832314162836,-0.03870288846907764,0.17328913891878656,0.0005808094638749125,0.01958468259776724
2020-09-04,2020,1982,0,0,58,4,1.4838286804817362,0.0037095717012043407,0.05291128998916814,0.15800442302837084,0.0006772228201996691,0.020829714466381148
2020-09-07,2020,1982,0,0,56,7,-0.9522092852994436,-0.002380523213248609,-0.07309967334992117,0.17902416573979332,0.0003484426955982187,0.01693359998942577
2020-09-08,2020,1982,0,0,56,12,-1.4571079301830911,-0.003642769825457728,-0.1563858576870491,0.1929189653999166,0.00039522127959276774,0.011828314811994955
2020-09-09,2020,1982,0,0,56,5,0.3153082938309695,0.0007882707345774237,0.031164967852152732,0.16162979732433322,0.0005064264771030943,0.009193381906125049
2020-09-10,2020,1982,0,0,58,6,0.9115168027570366,0.0022787920068925915,0.05191732310027396,0.1581677036745189,0.0005544007982922668,0.01672942014916282
2020-09-11,2020,1982,0,0,58,11,-1.7825818371058149,-0.004456454592764537,-0.14853017563196996,0.1916086485336372,0.0004838196038821492,0.028503506824851504
2020-09-14,2020,1982,0,0,57,9,-2.471006080101338,-0.006177515200253345,-0.16237395743562888,0.19392099507702096,0.0006001637941542264,0.035006507302063006
2020-09-15,2020,1982,0,0,58,6,-0.6372887118049411,-0.0015932217795123526,-0.03281636438972499,0.17229810102390952,0.000382786970172942,0.033144399707144834
2020-09-16,2020,1982,0,0,57,11,-0.1111762574145192,-0.000277940643536298,0.08166097114939515,0.15320687302901626,0.00040364508489258054,0.016592707747362927
2020-09-17,2020,1983,0,0,58,6,-1.1776035860724114,-0.0029440089651810285,-0.058630485785527105,0.17661186259262526,0.0006579782755651093,0.0069877964658375015
2020-09-18,2020,1983,0,0,58,7,1.215309164754295,0.0030382729118857378,0.1247570025609087,0.14601900394161466,0.00078064243173404,0.021651995527457665
2020-09-23,2020,1983,0,0,58,9,0.47216313447870206,0.0011804078361967551,0.011449540193434386,0.1649220159060975,0.0004533057341048113,0.008074513644771127
2020-09-24,2020,1984,0,0,58,2,1.1094751628646562,0.0027736879071616405,-0.014181404299512387,0.16920035405033199,0.000976911488144241,0.04158801633655052
2020-09-25,2020,1986,0,0,60,6,-1.2102870341746035,-0.0030257175854365085,-0.13211250438443636,0.18887278809466265,0.0006334300675426564,0.04085596176103398
2020-09-28,2020,1986,0,0,60,12,-2.300467018279297,-0.005751167545698242,-0.15882368189722018,0.19333156719999345,0.0015633231716163695,0.04962426705635269
2020-09-29,2020,1986,0,0,59,11,0.0,0.0,,0.08341729638958857,2.4890611653023885e-05,0.04931889469874383
2020-09-30,2020,1986,0,0,59,8,0.14306823283850179,0.0003576705820962545,0.07265540331016657,0.1547125677571807,0.0009016126026513079,0.13649886120171809
2020-10-02,2020,1989,0,1,62,3,1.5766563817448649,0.003941640954362162,0.18685193541923117,0.1356557820779265,0.0003526523294405674,0.037809818619427255
2020-10-05,2020,1990,0,0,61,1,-1.123001836629898,-0.0028075045915747446,-0.04072994749994243,0.1736263727644418,0.0004115726753967227,0.02466799531044426
2020-10-06,2020,1990,0,0,62,5,-1.071054163306333,-0.002677635408265833,-0.07908153826240387,0.18001997735005332,0.0004032763063395435,0.009777028986239483
2020-10-07,2020,1990,0,0,61,7,1.71253251622865,0.004281331290571625,0.06773336674484984,0.15552984157001493,0.0004444818368180617,0.0077081818813543495
2020-10-08,2020,1990,0,0,60,7,0.7180361869153055,0.0017950904672882637,0.07628471959007593,0.15410195597426224,0.00043346412550260684,0.049575120222782515
2020-10-09,2020,1990,0,0,57,9,0.36268663375294785,0.0009067165843823697,0.02342631113263758,0.1629173541024518,0.00034039362668462073,0.015394255732731137
2020-10-12,2020,1990,0,0,57,13,2.7473844597913404,0.006868461149478351,0.1712259031790639,0.13826526573802567,0.0004832252104652448,0.009144321071542484
2020-10-13,2020,1990,0,0,59,14,0.23431843573293043,0.0005857960893323261,-0.019772490615076653,0.170127655144011,0.000505674944364904,0.009302097445733853
2020-10-14,2020,1990,0,0,59,7,-2.09123149030962,-0.00522807872577405,-0.08162741948213142,0.18045026457880808,0.000777644065976304,0.014194213306946216
2020-10-15,2020,1989,0,0,57,14,-0.08572189300601352,-0.00021430473251503378,-0.04515319433751889,0.1743656895410416,0.0008304453971203075,0.039865677055010706
2020-10-16,2020,1989,0,0,57,9,-1.1316237919595376,-0.002829059479898844,-0.03981201986027811,0.17347488305084546,0.0005002644305018239,0.05502321755281488
2020-10-19,2020,1989,0,0,58,4,-0.06482876572901874,-0.00016207191432254686,0.023103502524283438,0.16297617183181187,0.0005046113578025869,0.02280080338122357
2020-10-20,2020,1989,0,0,57,4,-2.4296854537818704,-0.006074213634454676,-0.0720222077403799,0.17884777722756506,0.0005851322683469823,0.02992769165375387
2020-10-21,2020,1989,0,0,58,5,0.2549918745788108,0.000637479686447027,0.02031893522636306,0.16343892057608905,0.000455561126388803,0.009528557057473663
2020-10-22,2020,1989,0,0,58,10,1.0836462478624083,0.0027091156196560207,0.06409388206923879,0.15613276971682166,0.0005464037957738352,0.013319384738197439
2020-10-23,2020,1989,0,0,58,5,-2.7398470581391576,-0.006849617645347894,-0.20197796182211464,0.20052466933853638,0.0004328172878815025,0.01658737079992648
2020-10-26,2020,1989,0,0,57,8,-3.586069418066756,-0.00896517354516689,-0.20484666159436368,0.20100628565710688,0.0005838293526071115,0.03198734031258519
2020-10-27,2020,1989,0,0,57,1,1.1337419188496338,0.0028343547971240845,0.140264422670541,0.1434267689496869,0.00044203955493157224,0.013069839829922023
2020-10-28,2020,1990,0,0,54,1,0.7624765722040223,0.0019061914305100558,0.060611739260439154,0.156721808925267,0.0009552432978431712,0.016391309564211035
2020-10-29,2020,1991,0,0,53,6,2.9968380108400607,0.007492095027100152,0.2302998797236113,0.12841153730460336,0.0008194610893380763,0.02798351001780159
2020-10-30,2020,1991,0,0,53,9,-2.1317709426399887,-0.005329427356599972,-0.1839545040675203,0.1975197694947838,0.0010223550834016321,0.06393862234541943
2020-11-02,2020,1991,0,0,53,1,-0.9001676396361229,-0.002250419099090307,-0.04086912788802175,0.17365089672547446,0.0009797568439043865,0.09323079222010205
2020-11-04,2020,1991,0,0,53,0,0.592683220246502,0.001481708050616255,0.030536195599460927,0.1617348237645907,0.0006542505028118198,0.016720639768942405
2020-11-05,2020,1991,0,0,53,0,-1.9270845066645501,-0.004817711266661375,-0.18492452024729428,0.19768261366700898,0.0009611748037028543,0.01922132854430174
2020-11-06,2020,1991,0,0,53,3,5.595291561796575,0.013988228904491438,0.19801021589239853,0.13379886948910055,0.0021364833231723532,0.023746312637050564
2020-11-09,2020,1991,0,0,53,10,-1.090478025835947,-0.0027261950645898676,-0.06202240182074956,0.1771793178010423,0.0008172893823558522,0.04765997500725613
2020-11-10,2020,1991,0,0,53,4,0.6657513653005728,0.001664378413251432,-0.03062699824879045,0.17194037102214124,0.0007268876138891592,0.0328904698492432
2020-11-11,2020,1991,0,0,53,5,-1.0699637492611607,-0.002674909373152902,-0.08830420496367715,0.1815654701605319,0.001195397365740855,0.05704381156574541
2020-11-12,2020,1991,0,0,53,0,-2.732112305502798,-0.006830280763756995,-0.21341707903832746,0.2024380066477021,0.0010599758982449004,0.03262606728709064
2020-11-13,2020,1991,0,0,53,0,-1.043180300641695,-0.0026079507516042376,-0.10019018661918827,0.18354667263512553,0.0007373752535173669,0.05272544576176686
2020-11-16,2020,1991,0,0,53,5,1.0130383630497624,0.002532595907624406,-0.02439303638216119,0.170901176262348,0.0004954038116579628,0.06662482010568514
2020-11-17,2020,1991,0,0,52,20,0.6671012085807537,0.0016677530214518842,0.02318548536596746,0.16295601963336162,0.00042463424923419433,0.014846172982378576
2020-11-18,2020,1991,0,0,52,6,0.7953408205832845,0.001988352051458211,0.07471973486990913,0.15436455666874258,0.0003407401214923247,0.011629276890404354
2020-11-19,2020,1991,0,0,51,2,-3.2687422741933876,-0.008171855685483469,-0.15816000414083856,0.19321826999812836,0.0006980878378782363,0.021278039330296827
2020-11-20,2020,1991,0,0,51,8,-1.319321680410729,-0.0032983042010268225,-0.05830631623308324,0.17655843698349602,0.0004965949001553995,0.03638253349000949
2020-11-24,2020,1991,0,0,51,4,0.9747076690147788,0.002436769172536947,0.034520261531615595,0.1610697825196085,0.00045852790121085114,0.11879114254437372
2020-11-25,2020,1991,0,0,51,8,-1.6595881922766567,-0.004148970480691642,-0.09480349076216778,0.1826469891639217,0.000512548242990743,0.06327245810861151
2020-11-26,2020,1991,0,0,50,12,-0.5333992367601539,-0.0013334980919003847,-0.010335457772580556,0.16855783850995548,0.0011292873564928145,0.019279639267452534
2020-11-27,2020,1991,0,0,50,14,-0.026278085750368163,-6.56952143759204e-05,-0.0032676566392021225,0.1673770341197645,0.000537094223715749,0.03143326198519828
2020-11-30,2020,1991,0,0,50,2,1.189937641651821,0.0029748441041295526,0.07122360011526982,0.15494854918393597,0.00042517001819466983,0.02562111104638314
2020-12-01,2020,1991,0,0,51,10,0.13979415630621156,0.0003494853907655289,0.005925835743788407,0.16584073940164898,0.0005242441753492199,0.03564701352675792
2020-12-02,2020,1991,0,0,52,12,-0.16419843549990662,-0.00041049608874976654,-0.03955615745429087,0.17342806809577976,0.000489892608297713,0.032570638474264994
2020-12-03,2020,1991,0,0,52,5,-0.4949118336822873,-0.0012372795842057183,-0.060096551290966145,0.17685695380227415,0.00070480375789967,0.025199420163604876
2020-12-04,2020,1991,0,0,51,4,2.180900545819407,0.005452251364548517,0.1544499553494462,0.14106054788783307,0.00040450381996930254,0.026034422394091192
2020-12-07,2020,1991,0,0,51,3,-1.8691891489907486,-0.004672972872476871,-0.1875039898070559,0.19811115202370666,0.0005282924856913986,0.044146232897165634
2020-12-08,2020,1991,0,0,51,10,-0.2855721840755109,-0.0007139304601887772,0.0029537105619322056,0.1663371153499249,0.0003717443420625855,0.01705219642038708
2020-12-09,2020,1991,0,0,52,2,-0.16730945298409483,-0.00041827363246023705,-0.03507519882693825,0.17267965332392526,0.0005273387401467938,0.025710945794960045
2020-12-10,2020,1991,0,0,49,10,0.03772068117444771,9.430170293611928e-05,0.012175951365782192,0.16479839779500163,0.0005345290143238108,0.007723319818849189
2020-12-11,2020,1991,0,0,49,13,-0.01245439351351127,-3.1135983783778175e-05,-0.027455586933766294,0.17140596257310065,0.0004493831741926893,0.005348745806965715
2020-12-14,2020,1991,0,0,50,4,-0.22475577532515412,-0.0005618894383128853,0.011953726242205056,0.16483299960298353,0.0005231265587390552,0.06339297031077061
2020-12-15,2020,1990,0,0,49,12,1.1078476410363873,0.0027696191025909683,0.06148228044278682,0.15657349419853714,0.0004886270673873494,0.021998473275459795
2020-12-16,2020,1993,0,0,50,11,-0.21433255629900533,-0.0005358313907475133,-0.023815051326669872,0.17080391382681923,0.00037878271995170045,0.024362180099089758
2020-12-17,2020,1994,0,0,51,10,-0.6293120225272146,-0.0015732800563180366,-0.02451869100306452,0.17091660548389184,0.0003604666446710039,0.03886723507506862
2020-12-18,2020,1995,0,0,52,10,-1.0194314622238356,-0.002548578655559589,-0.057871157951212,0.17648847692641909,0.0009728906789806547,0.006101191931234881
2020-12-21,2020,1996,0,0,53,11,-0.2430508641160537,-0.0006076271602901343,-0.020752597814675956,0.1702926131658547,0.00038831193494093095,0.007157866304055958
2020-12-22,2020,1998,0,0,52,11,-1.1743539319555834,-0.0029358848298889585,-0.04926915893335885,0.1750453269637404,0.0004532708386326607,0.03616483421841023
2020-12-23,2020,1999,0,0,54,13,-0.6511739781559701,-0.0016279349453899254,-0.05056711773870117,0.17526255939850874,0.00037984120865855084,0.03772397366793545
2020-12-24,2020,1999,0,0,54,5,-1.6288834352748045,-0.004072208588187011,-0.1499462757137447,0.1918450732138106,0.0004260447799093844,0.019404246887132378
2020-12-25,2020,1999,0,0,54,9,1.416056633314966,0.003540141583287415,0.15458116980897682,0.14104361019629214,0.0005195924115608611,0.014150927076489881
2020-12-28,2020,1999,0,0,51,4,0.03964590691703884,9.911476729259711e-05,-0.02357171730982834,0.17076268564913288,0.00034330172594206434,0.01662343768520065
2020-12-29,2020,1999,0,0,51,11,0.19502970350644944,0.0004875742587661236,0.020861866583341562,0.1633519051407175,0.0006850041350155803,0.035184414319199296
2020-12-30,2021,1999,0,0,50,12,0.25032247048060846,0.0006258061762015212,0.05634791280864409,0.1574260607534752,0.0003705223484531713,0.02235189768009041
2021-01-04,2021,1999,0,0,50,4,0.19073964328111703,0.0004768491082027926,0.10442607935393226,0.14940865614776144,0.0004219213451652975,0.018288318130996118
2021-01-05,2021,1999,0,0,50,5,1.074335032910554,0.002685837582276385,0.07220334977216307,0.15478464411840007,0.000514593042467081,0.007650737987421831
2021-01-06,2021,1999,0,0,49,3,-1.5306010056232615,-0.003826502514058154,-0.11488359453226876,0.1859978814884571,0.0005553005476129427,0.014463300104537353
2021-01-07,2021,1999,0,0,49,11,-0.7697001219832483,-0.0019242503049581208,-0.07513655493877927,0.17936636633528874,0.000565930013338822,0.036045755261905996
2021-01-08,2021,1999,0,0,48,5,0.6965388708994062,0.0017413471772485156,0.07179299106882586,0.15485047851024383,0.0005482828414631476,0.07529826837583503
2021-01-12,2021,1999,0,0,47,14,-1.3651155045245744,-0.003412788761311436,-0.09828595746431561,0.18322501505421793,0.0005143638853084602,0.018813756600986623
2021-01-13,2021,1999,0,0,47,7,0.041362510079017145,0.00010340627519754286,-0.0531526945223937,0.17570038696699378,0.0007098856490746301,0.02567495533730903
2021-01-14,2021,1999,0,0,47,10,0.50286575198417,0.0012571643799604252,0.07508628626799914,0.1543039359341154,0.00045989341695574105,0.037096795829484074
2021-01-15,2021,1999,0,0,47,10,-2.8938192270207086,-0.007234548067551772,-0.21559414996349335,0.20279746736236992,0.00045001744111525173,0.02363003426545977
2021-01-18,2021,1999,0,0,46,8,-0.8426310168864204,-0.002106577542216051,0.01907414426606401,0.16364730624031196,0.00040555804133953085,0.031249017903030273
2021-01-19,2021,1999,0,0,45,9,-0.9374440922464896,-0.002343610230616224,-0.022547268490176853,0.1705865464032085,0.0003979865544096698,0.10591200648238153
2021-01-20,2021,1999,0,0,44,6,-0.5540262593061878,-0.0013850656482654695,-0.05191608738518794,0.1754916783627961,0.00042598030452447997,0.03898349388183791
2021-01-21,2021,1999,0,0,43,7,-0.911311843706373,-0.0022782796092659322,-0.07597847896168937,0.17950602006537633,0.0005084428795017653,0.05087412466137245
2021-01-22,2021,1999,0,0,43,3,1.1040132462109566,0.0027600331155273918,0.07870484567682118,0.15369883207186494,0.0004782587674906564,0.03247435698751634
2021-01-25,2021,1999,0,0,43,8,0.21668890807239438,0.000541722270180986,-0.009703639736782841,0.16844757431235605,0.0004032342511635841,0.026670952990494934
2021-01-26,2021,1999,0,0,42,5,-0.09421281218020383,-0.00023553203045050957,-0.02311281553996995,0.1706831564852417,0.0005989837222415487,0.04852826092609579
2021-01-27,2021,1999,0,0,42,4,-1.4672357811424126,-0.0036680894528560316,-0.10801969391103414,0.18485367112539808,0.0008042197792897207,0.006699507922740104
2021-01-28,2021,1999,0,0,41,10,0.22505930400468177,0.0005626482600117045,0.026244981498729666,0.16245161421353121,0.0006807834553037757,0.01322731433376044
2021-01-29,2021,1999,0,0,41,2,0.21753813209631012,0.0005438453302407753,0.049603104491789056,0.15855367923249963,0.0007245979726645983,0.06735675992250527
2021-02-01,2021,1999,0,0,41,4,-1.3723005271321953,-0.003430751317830488,-0.03913743485441088,0.17336092016525326,0.0005443028759322045,0.02442828757218131
2021-02-02,2021,1999,0,0,41,2,-0.4516632988903665,-0.0011291582472259163,0.03168840683245438,0.16154143458436246,0.0004263650441221663,0.02645228554566416
2021-02-03,2021,1999,0,0,41,5,-2.6637980967368313,-0.006659495241842078,-0.1878747215989318,0.19817321748386127,0.0007097609670770226,0.06063138046291487
2021-02-04,2021,1999,0,0,41,6,-0.4838602062457431,-0.0012096505156143577,-0.045483336634463765,0.17442043320435469,0.0007397041680839701,0.011444740863181804
2021-02-05,2021,1999,0,0,41,2,-1.789451542326375,-0.0044736288558159375,-0.15703910771380572,0.19302873456295264,0.0005661891500610972,0.037467674960590364
2021-02-08,2021,1999,0,0,41,3,0.6257414203310898,0.0015643535508277245,0.10995231004024392,0.14848709677949873,0.0005902181594107095,0.015339610606595735
2021-02-09,2021,1999,0,0,41,4,-0.9462992789956182,-0.0023657481974890455,-0.015652853307082618,0.16944324706589223,0.0008133570354568046,0.033278083456594706
2021-02-10,2021,1999,0,0,41,7,1.4520069027048166,0.0036300172567620415,0.049087961843902725,0.15864057404578666,0.0008155836859477989,0.008074758986339414
2021-02-12,2021,1999,0,0,41,9,-0.5936481951905789,-0.0014841204879764472,-0.0014452303924674635,0.16707102168320015,0.0005787776824125318,0.046180048725585
2021-02-15,2021,1999,0,0,42,12,-0.4892593725785678,-0.0012231484314464195,0.02691189196474488,0.16233989902393173,0.0006550610440479749,0.007467563340360181
2021-02-16,2021,1999,0,0,42,6,-0.2918525762643194,-0.0007296314406607984,0.0038372113966955316,0.1661904620447831,0.0007628267887227484,0.015829236059512343
2021-02-17,2021,2000,0,0,40,0,-0.33737791690672836,-0.0008434447922668209,-0.0002675248102658024,0.16687446618506852,0.0005486846544193118,0.021878424973888005
2021-02-18,2021,2000,0,0,41,1,-2.1779297128834374,-0.005444824282208593,-0.1568127315819123,0.19299227828021062,0.0006054801469118136,0.02470918959583125
2021-02-19,2021,2000,0,0,42,0,-1.7266832458236072,-0.004316708114559018,-0.17753011422418563,0.1964500934809576,0.0009574634797660457,0.01995277312306969
2021-02-22,2021,2000,0,0,42,1,-0.8824502747576992,-0.002206125686894248,-0.03984189129299483,0.17347502503127504,0.0004965318778678633,0.11581244498905861
2021-02-24,2021,2000,0,0,42,8,0.2284175970022928,0.000571043992505732,-0.011140429599163759,0.16869142869333614,0.0007935765386241072,0.012404291979772676
2021-02-25,2021,2000,0,0,42,3,-0.9286815776056692,-0.002321703944014173,-0.11045428554665251,0.18526059334069236,0.0008588916149190558,0.013490634433734156
2021-02-26,2021,2000,0,0,42,19,-0.13074819258306136,-0.0003268704814576534,-0.06250603754710124,0.177253699260836,0.0003824080753210961,0.08730176502600598
2021-03-01,2021,2000,0,0,41,12,0.2746125909529512,0.000686531477382378,0.08011203441655756,0.15346553485597225,0.00040910083504660144,0.017601185861560408
2021-03-02,2021,2000,0,0,41,10,0.008916748559935073,2.229187139983768e-05,-0.006041803770170391,0.16783494636262605,0.00037739077580043514,0.026046129470035716
2021-03-03,2021,2000,0,0,41,7,0.6819647863962761,0.0017049119659906904,0.10042953266510767,0.15007429352495155,0.00033001740465195273,0.029589624391700993
2021-03-04,2021,2000,0,0,41,5,1.8231633679073207,0.004557908419768302,0.20913234374074735,0.1319399426451595,0.0003774974291432244,0.0932138143651361
2021-03-05,2021,2000,0,0,38,5,0.9492329021279011,0.0023730822553197526,0.11793729034937622,0.14715644991079832,0.0006639855566104695,0.01614708161920675
2021-03-08,2021,2000,0,0,38,5,-1.395248642270773,-0.0034881216056769325,-0.13465577243971258,0.1892930926443712,0.0003353439249950324,0.00758977451134856
2021-03-09,2021,2000,0,0,38,1,-1.7166208401885226,-0.004291552100471306,-0.1061090956123594,0.18453393042193933,0.0004074642680969705,0.051855790371539166
2021-03-10,2021,2000,0,0,38,3,2.4052669477101247,0.0060131673692753115,0.12315028302311269,0.1462844173462419,0.00045181420670309695,0.019602755288997548
2021-03-11,2021,2000,0,0,37,9,-0.4839917267026208,-0.0012099793167565521,-0.05679539848957435,0.17630770900707984,0.0005765172198041548,0.07881472780836278
2021-03-12,2021,2000,0,0,37,5,1.0407083453943458,0.002601770863485864,0.16829455851766895,0.13875510441563954,0.00043281577519845016,0.012822332912671161
2021-03-15,2021,2000,0,0,37,16,-0.3396295738538675,-0.0008490739346346687,-0.04999969457610788,0.17516756696257085,0.0003777481803948576,0.06403115803682867
2021-03-16,2021,2000,0,0,34,19,-0.5483928185398597,-0.0013709820463496491,-0.033110475666318084,0.1723511865362396,0.0003213450990293181,0.05484322628234189
2021-03-17,2021,2000,0,0,35,12,1.1973205016805955,0.0029933012542014887,0.12312494769836677,0.14628905360634292,0.0003779247889762036,0.12404190713086559
2021-03-18,2021,2000,0,0,35,11,-0.43953441748591315,-0.0010988360437147828,-0.05190567078035328,0.1754889200478178,0.0004658078962368101,0.045107586268751255
2021-03-19,2021,2000,0,0,33,5,0.35179002223966194,0.0008794750555991548,-0.016353536661118447,0.16955976493749625,0.0006645040028365948,0.011124582380385504
2021-03-22,2021,2000,0,0,30,9,0.35308940056172755,0.0008827235014043189,0.01379807141678872,0.16453115151873085,0.001102829989822956,0.015679600331162582
2021-03-23,2021,2000,0,0,30,15,-0.561313050334884,-0.00140328262583721,-0.13186089945865934,0.18883055240726918,0.0005081605866089302,0.04271828008832695
2021-03-24,2021,2000,0,0,29,1,1.1017206733042277,0.0027543016832605694,0.15062473774912344,0.14170330888305585,0.0005440951047647057,0.061146642870213215
2021-03-25,2021,2000,0,0,30,2,-0.6483236843553126,-0.0016208092108882816,-0.10596502954696775,0.18451020244989927,0.0004450472512715099,0.03748174434540394
2021-03-26,2021,2000,0,0,29,3,-1.7563006969145867,-0.004390751742286467,-0.0784027908077801,0.1799119419639785,0.0007523133824524917,0.02485592509121268
2021-03-29,2021,2000,0,0,29,4,0.5172236924542988,0.0012930592311357469,0.014378277693888815,0.16443397793193745,0.0006232927575243459,0.028219509196681196
2021-03-30,2021,2000,0,0,29,3,1.8935380419522179,0.004733845104880545,0.1545835472420648,0.1410419924194213,0.00043048636949118407,0.06402227786891683
2021-03-31,2021,2000,0,0,29,1,0.3325172192388052,0.0008312930480970129,0.04011068317788867,0.160137387790944,0.00034573482366690193,0.035359094033709036
2021-04-01,2021,2000,0,0,29,0,0.23689901425562065,0.0005922475356390516,0.06229247582593863,0.15643883366145303,0.0003203706714776613,0.025427186686617937
2021-04-02,2021,2000,0,0,29,0,-0.5832800616190998,-0.0014582001540477496,-0.03338245733202628,0.17240202899098375,0.0005134636154409479,0.06477144632664751
2021-04-05,2021,2000,0,0,30,1,-0.594027325293355,-0.0014850683132333876,-0.0052926148483541735,0.16771523637006094,0.0003365730091448577,0.03459347995054796
2021-04-06,2021,2000,0,0,29,1,-0.8524866848743087,-0.0021312167121857717,-0.0711196488742036,0.1786979801181231,0.0005682188741816828,0.025365516529555602
2021-04-07,2021,2000,0,0,29,6,0.17131913745620053,0.0004282978436405013,-0.012915125348121457,0.16897752421733628,0.000247176213543686,0.012975726223309647
2021-04-08,2021,2000,0,0,28,6,-3.0619721459502207,-0.0076549303648755515,-0.26288431264598505,0.21068638352442856,0.0004899861121389821,0.03361783019101866
2021-04-09,2021,2000,0,0,27,5,-0.1034593441115802,-0.0002586483602789505,-0.009080564784367574,0.16834093785261817,0.0002996826094804145,0.03257831439211692
2021-04-12,2021,2000,0,0,29,3,0.2750581919511075,0.0006876454798777687,0.059970686256727225,0.1568246384948352,0.0003025077036475253,0.023549579719274433
2021-04-13,2021,2000,0,0,29,3,0.47762979100434516,0.001194074477510863,0.03752388387847815,0.16056958231491933,0.0003416390215940476,0.006356894847193675
2021-04-14,2021,2000,0,0,29,7,0.8506695329808206,0.0021266738324520517,0.02036303769760619,0.1634214393965367,0.00026046867030902636,0.014259621951060453
2021-04-15,2021,2000,0,0,30,1,-1.1160484487737394,-0.0027901211219343485,-0.08717898414322324,0.18137240049489475,0.00034654574120221416,0.0184748386333585
2021-04-16,2021,2000,0,0,29,3,0.2095227426928883,0.0005238068567322207,0.02466647934911901,0.16271766010569066,0.0004081997982469997,0.015049180843417418
2021-04-19,2021,2000,0,0,29,4,-2.0780530215692434,-0.005195132553923109,-0.1240004008550831,0.18752047171659864,0.0007371100121352086,0.005284678773560208
2021-04-20,2021,2000,0,0,28,4,0.18801953256649506,0.00047004883141623765,0.0031052197038036002,0.16631299616791886,0.000526016970374557,0.017099858779390437
2021-04-21,2021,2000,0,0,29,5,0.3135358430770354,0.0007838396076925886,0.03226773106096711,0.16144295991167174,0.0003191359830921265,0.04466261370981979
2021-04-22,2021,2000,0,0,29,1,0.8751218876101949,0.0021878047190254874,0.047817034768253996,0.1588520719214034,0.0003404808740146751,0.03273520846585943
2021-04-23,2021,2000,0,0,29,9,-1.0630609697389872,-0.002657652424347468,-0.08254606637486075,0.180598629542385,0.00030786754167554033,0.02873173093549317
2021-04-26,2021,2000,0,0,29,11,-0.479967614231951,-0.0011999190355798774,-0.018519374386387302,0.16991972274281214,0.0003667218973468065,0.02531421781775664
2021-04-27,2021,2000,0,0,29,7,-0.3156539750607194,-0.0007891349376517985,-0.03274776905666545,0.17229111272744926,0.0005101836717166545,0.18382938763336026
2021-04-28,2021,1999,0,0,30,4,-1.1129982400257714,-0.0027824956000644285,-0.06428157972230708,0.17755650642933873,0.0007089468924671549,0.018823307953046327
2021-04-30,2021,1999,0,0,30,4,-0.9372880155522955,-0.0023432200388807385,-0.07455921049020324,0.17927049854500066,0.0005765316155144971,0.009923514889562338
2021-05-06,2021,1999,0,0,30,3,0.08757632805606996,0.00021894082014017492,-0.02258097729083223,0.17059396637580374,0.0005641879032520689,0.013620969579489335
2021-05-07,2021,1999,0,0,31,3,-2.076768851660144,-0.00519192212915036,-0.11775969166429433,0.18647933666372565,0.0009459748742625919,0.3306992541306068
2021-05-10,2021,1999,0,0,31,2,-0.44715154740897667,-0.0011178788685224416,-0.008394725163595018,0.1682330576997505,0.0009154002417340501,0.017607946231918244
2021-05-11,2021,1999,0,0,32,4,-0.06791628613695133,-0.00016979071534237834,-0.03862030705389229,0.1732758527919121,0.0009816498638870255,0.015027992766274216
2021-05-12,2021,1999,0,0,31,7,0.617012022890195,0.0015425300572254874,0.08697914106842447,0.15232153326625988,0.0010823908472736225,0.04707877592757425
2021-05-13,2021,1999,0,0,33,4,1.481460222729122,0.003703650556822805,0.13220815995243043,0.1447753210117751,0.0010375446806746376,0.02654713198853621
2021-05-14,2021,1999,0,0,33,2,-0.6691160758915933,-0.0016727901897289831,0.0025026887921908055,0.16641513471472497,0.000714023957603924,0.04697756167705799
2021-05-17,2021,1999,0,0,33,5,0.035669587434087824,8.917396858521957e-05,0.008648503602126871,0.16538828583320547,0.000369928347630946,0.06651737977958146
2021-05-18,2021,1999,0,0,33,2,0.061543500595015566,0.0001538587514875389,0.02049608984599733,0.16340732695944835,0.00043396123910277676,0.01095752742967932
2021-05-19,2021,1999,0,0,33,2,0.3152193677637233,0.0007880484194093082,0.013120352060818992,0.1646354640339746,0.0003085228244806457,0.008697708701304468
2021-05-20,2021,1999,0,0,33,1,-1.3791441120013987,-0.003447860280003497,-0.13627122528016827,0.18956420253521505,0.0003532473195502173,0.016697169640306635
2021-05-21,2021,1999,0,0,33,1,0.10623330104054773,0.00026558325260136935,-0.007616661679651561,0.16810118641020327,0.00032419754021772507,0.042269541147177
2021-05-24,2021,1999,0,0,33,6,-0.12309138348590304,-0.0003077284587147576,-0.0006979991598942044,0.16694330019736467,0.00033796593405810806,0.06145063033123435
2021-05-25,2021,1999,0,0,32,4,0.6695972729436253,0.001673993182359063,0.058459364076549405,0.15707928463154922,0.0004005992937950961,0.02215176873677361
2021-05-26,2021,1999,0,0,32,10,-0.7406461464915095,-0.0018516153662287737,-0.05025344081470706,0.17521623881466716,0.0006305329913198611,0.03198990957408161
2021-05-27,2021,1999,0,0,32,1,-0.7764618694891081,-0.0019411546737227703,-0.0766077959210317,0.17961226502784566,0.0004206551883516886,0.01642684689116826
2021-05-28,2021,1999,0,0,33,0,-0.34755698966362664,-0.0008688924741590666,-0.011931627444750624,0.1688171310903723,0.00026574627758617624,0.013319345819315556
2021-05-31,2021,1999,0,0,32,12,-0.9981636844181306,-0.0024954092110453267,-0.09712261726885918,0.18303136563036032,0.0003979340497926155,0.04927576388658495
2021-06-01,2021,1999,0,0,33,2,0.47900506319217695,0.0011975126579804425,0.018103412431228674,0.16380472509769642,0.00031885829744276073,0.014353289542174137
2021-06-02,2021,1999,0,0,32,2,1.4979855445682002,0.0037449638614205005,0.0888581716539094,0.1520020404229776,0.0003048758373150856,0.013231649343316935
2021-06-03,2021,1999,0,0,32,7,-0.5576079566108152,-0.001394019891527038,-0.08357682867996652,0.18076996208066246,0.00030659603680930714,0.02062840703645287
2021-06-04,2021,1999,0,0,30,1,-0.925347399588969,-0.0023133684989724225,-0.09618602976205116,0.18287446450376765,0.0003161759410110275,0.01082668844363621
2021-06-07,2021,1999,0,0,31,5,0.5349784495715519,0.00133744612392888,0.01573998967390675,0.1642005340160724,0.00029753140047928637,0.006304167222237658
2021-06-08,2021,1999,0,0,31,2,0.9354517748553253,0.002338629437138313,0.06314785609136106,0.15628699167083726,0.0002667099887536796,0.006620697895879359
2021-06-09,2021,1999,0,0,30,2,0.21095413642115723,0.0005273853410528931,0.0366109123667311,0.16071457533955552,0.0003159064932158287,0.011523818508411943
2021-06-10,2021,1999,0,0,30,2,-0.007606021243238392,-1.901505310809598e-05,-0.008252754412391554,0.1682015861462942,0.0003467594812355845,0.015416352851933171
2021-06-11,2021,1999,0,0,30,0,-0.3137590950893715,-0.0007843977377234287,0.00813454791261817,0.1654660225194867,0.00033538577576841294,0.05804188063858347
2021-06-14,2021,1999,0,0,30,1,-0.44480811424563715,-0.001112020285614093,0.0008759220877952832,0.16668095535982932,0.000306957136701138,0.005958990121999192
2021-06-15,2021,1999,0,0,30,4,-0.467593863928276,-0.00116898465982069,-0.069979620527302,0.1785010818542224,0.00029977362440276965,0.007896504029804753
2021-06-16,2021,1999,0,0,31,5,-0.016643938639642863,-4.160984659910716e-05,0.01644182944495694,0.16408735955621512,0.00046768200624197886,0.042242630451127194
2021-06-17,2021,1999,0,0,33,4,0.6654074138666144,0.001663518534666536,0.014608012502326887,0.16439618537827302,0.0006559063663704868,0.014042397316330713
2021-06-18,2021,1999,0,0,32,11,1.9067187779698784,0.004766796944924696,0.1591679120217342,0.1402787809023334,0.0008578844647134808,0.01027184945181546
2021-06-21,2021,1999,0,0,32,11,-1.0672167508265562,-0.0026680418770663903,-0.1035654571747467,0.18410299744216202,0.0003142680129726519,0.013945160039106206
2021-06-22,2021,1999,0,0,33,10,0.1156334558727769,0.0002890836396819423,0.033471090103905164,0.16124341500630746,0.0003450668377954051,0.3165465384196394
2021-06-23,2021,1999,0,0,34,13,0.018365166248301534,4.5912915620753835e-05,-0.016973615259127054,0.16966095746908827,0.00034685345610928364,0.07569276679017806
2021-06-24,2021,1999,0,0,34,5,0.807270945442225,0.0020181773636055627,0.021034761017707765,0.16331895714911798,0.0003031791632968958,0.029117574307885422
2021-06-25,2021,1999,0,0,35,12,-0.18296356961043436,-0.0004574089240260859,-0.05231334909571766,0.17555849445693264,0.0003680982610581015,0.048345379272088
2021-06-28,2021,1999,0,0,34,5,-0.036784066348507505,-9.196016587126877e-05,-0.021621139690583577,0.17043516312269807,0.0003437216823226897,0.02388263354826905
2021-06-29,2021,1999,0,0,34,7,1.3137030178531721,0.0032842575446329304,0.16418224682871688,0.13943366981441327,0.00035121466164974246,0.011451716330469685
2021-06-30,2021,1999,0,0,34,12,0.34373159009220444,0.0008593289752305111,0.08190946651020788,0.15316607631020596,0.00036456111935189215,0.19377541676311896
2021-07-01,2021,1999,0,0,34,5,-0.9078803218108907,-0.002269700804527227,-0.08060645443834526,0.180276397280545,0.00023789223748323684,0.022913739676876942
2021-07-02,2021,1999,0,0,34,7,-0.2693749198190662,-0.0006734372995476655,-0.08257653227206872,0.18059145228811144,0.00023704352221277754,0.0073759461786754455
2021-07-05,2021,1999,0,0,34,3,0.6957690531992842,0.0017394226329982105,0.09486399651299668,0.15100567211945723,0.0002563935364522314,0.01089009225526099
2021-07-06,2021,1999,0,0,35,0,0.6431564010072295,0.0016078910025180736,-0.04785262905991745,0.17481455077273758,0.0003517275795631255,0.02777141141092514
2021-07-07,2021,1999,0,0,35,3,-0.5898431851400493,-0.0014746079628501232,-0.024852887111598273,0.1709703193807984,0.00026338170391663687,0.016915338972138427
2021-07-08,2021,1999,0,0,35,11,0.10679834272546085,0.0002669958568136521,0.03994470925654451,0.16016910876377644,0.0006906225398687091,0.01209369842079722
2021-07-09,2021,1999,0,0,35,25,0.9660700458021836,0.002415175114505459,0.10497434367794187,0.1493173185488938,0.0003608424141286972,0.02925475715352041
2021-07-12,2021,1999,0,0,35,7,0.027710482979515366,6.927620744878842e-05,-0.032085938512679525,0.17217572792945565,0.00031090583914810196,0.044675420661460276
2021-07-13,2021,1999,0,0,34,12,-0.055149523694250746,-0.00013787380923562686,0.005602571647039593,0.1658966656412201,0.00037286209360951235,0.019250278134818014
2021-07-14,2021,1999,0,0,34,9,0.9167294688762487,0.002291823672190622,0.04631311268567483,0.15909402081855176,0.00026636492019250097,0.015218853511827142
2021-07-15,2021,1999,0,0,35,5,-1.0419403874604245,-0.0026048509686510614,-0.05139306923978433,0.17540636180449082,0.00040201188099122406,0.026326443785370326
2021-07-16,2021,1999,0,0,33,5,0.17055869101345067,0.00042639672753362666,0.007527980688207288,0.16557431559815133,0.0002795720732914427,0.013498993116828987
2021-07-19,2021,1999,0,0,34,6,0.44657702806763533,0.0011164425701690884,0.05595110850497527,0.15749513893580921,0.00031974133633427354,0.03425875695952158
2021-07-20,2021,1999,0,0,36,8,0.29134074983286107,0.0007283518745821527,0.04571544108004101,0.15920468162429985,0.0005021892467387707,0.02840199907198877
2021-07-21,2021,1999,0,0,35,7,-0.37338534520930144,-0.0009334633630232536,0.057959912347535655,0.15716113841484086,0.00033639788492980565,0.012932151228418426
2021-07-26,2021,1999,0,0,36,3,-1.2128907586795958,-0.0030322268966989896,-0.12960056645938212,0.18845023409148565,0.0003940619800029187,0.01630644770779164
2021-07-27,2021,1999,0,0,36,8,1.6758819321922356,0.004189704830480589,0.12771648157078538,0.1455221103043012,0.00037076529587462185,0.016848474761288992
2021-07-28,2021,1999,0,0,36,5,-2.1010265962815198,-0.0052525664907038,-0.16109373660577103,0.1937084264335853,0.0006955362297951947,0.026272098727534055
2021-07-29,2021,1999,0,0,37,6,-0.16086959311588966,-0.00040217398278972414,-0.017607205155822675,0.16977033544532757,0.0008943181988643385,0.018728269979803844
2021-07-30,2021,1999,0,0,37,8,0.1228202860403389,0.00030705071510084725,-0.00971869600274874,0.1684507976768221,0.0003326639806517995,0.03127019016220221
2021-08-02,2021,1999,0,0,37,2,0.7728254253881555,0.0019320635634703888,0.08705718861404922,0.15230716844543027,0.0004075832872684517,0.0082777541220275
2021-08-03,2021,1999,0,0,39,1,0.30370606163342756,0.0007592651540835689,0.01994717966698781,0.16349935321608344,0.0004445689333454778,0.012354626996815183
2021-08-04,2021,1999,0,0,39,2,0.21098274381677917,0.000527456859541948,-0.039413029632834884,0.1734035588642447,0.0005714746464326153,0.023626258960831592
2021-08-05,2021,1999,0,0,39,2,-0.8561790313598336,-0.002140447578399584,-0.0940860784419035,0.18252734778102067,0.0008454650216642484,0.015556861217866633
2021-08-06,2021,1999,0,0,39,5,1.353111220777471,0.003382778051943677,-0.012501116906323032,0.1689164565178398,0.0006640890026451823,0.01006352165819057
2021-08-10,2021,1999,0,0,39,4,-0.8117025861654212,-0.0020292564654135533,0.013825036590002296,0.16451846426850197,0.0005534795737250092,0.014866705414289158
2021-08-11,2021,1999,0,0,40,7,-0.21180641303858844,-0.000529516032596471,-0.00451079280613669,0.16757788000303653,0.000664149121812138,0.1463509143192695
2021-08-12,2021,1999,0,0,40,8,0.6776910534680258,0.0016942276336700645,-0.021093545411699152,0.17035156567122248,0.000874775305806946,0.041297916278820096
2021-08-13,2021,1999,0,0,40,9,0.873679487270804,0.00218419871817701,-0.028008720828325128,0.17150138867967252,0.0005503237832038568,0.01949716638060852
2021-08-16,2021,1999,0,0,39,9,0.7709594597893223,0.001927398649473306,0.08638640600514438,0.1524188482967547,0.00042596795412756485,0.03263434944347475
2021-08-17,2021,1999,0,0,40,13,-0.9694693113653465,-0.0024236732784133665,-0.09616504112879178,0.18287469388927274,0.000529507422281139,0.01975834575636548
2021-08-18,2021,1999,0,0,40,4,-1.307541858476361,-0.0032688546461909023,-0.18572108286917033,0.19781410134907704,0.0005190415437461692,0.032621753845706064
2021-08-19,2021,1999,0,0,41,4,-0.464361127037376,-0.00116090281759344,-0.03541642668522867,0.17274024152219253,0.0007281672627198241,0.00971761363231272
2021-08-20,2021,1999,0,0,41,1,-1.63774621922351,-0.0040943655480587746,-0.14026923339049796,0.19023101880509063,0.000565590819408175,0.010266674846585304
2021-08-23,2021,1999,0,0,41,0,0.71469383831524,0.0017867345957881002,0.0855123109413845,0.15255733918456169,0.00031199379432921036,0.02508473375950723
2021-08-24,2021,1999,0,0,41,4,-0.7435229259057254,-0.0018588073147643137,-0.02808253386605349,0.1715115329575838,0.000329767153527503,0.013701732608302042
2021-08-25,2021,1999,0,0,41,8,-0.013422951207958167,-3.355737801989542e-05,-0.012990542727491963,0.1689888541797354,0.0002528184248837147,0.05636477972745195
2021-08-26,2021,1999,0,0,40,3,0.5458369231188311,0.001364592307797078,2.0411257446300092e-05,0.16682886076510567,0.00042611106558295347,0.04438997542325447
2021-08-27,2021,1999,0,0,40,4,0.15231126120568328,0.0003807781530142082,0.04023510546446025,0.16011499157902187,0.0003375329979176696,0.006859539605042115
2021-08-30,2021,1999,0,0,40,6,-0.46568607942164997,-0.0011642151985541249,-0.036154513667960096,0.17285765168784506,0.0003178509825616451,0.023577252946269667
2021-08-31,2021,1999,0,0,41,8,-0.6844213533676142,-0.0017110533834190356,0.019328295442768963,0.1636032414790162,0.00036569761944203776,0.04069654015987465
2021-09-01,2021,1999,0,0,42,6,-0.2851458538642275,-0.0007128646346605688,-0.00823763391249064,0.16820529647720273,0.0005126868703755537,0.02494930627235758
2021-09-02,2021,1999,0,0,42,8,-0.030415143727342997,-7.60378593183575e-05,0.02003071434322894,0.1634849620168606,0.0004156985411284649,0.010112083785007223
2021-09-03,2021,1999,0,0,43,8,-0.5113716132160229,-0.0012784290330400572,0.006102636622637623,0.16580922020247038,0.0003638241651350589,0.09450313784043048
2021-09-06,2021,1999,0,0,43,20,0.10499624016927589,0.0002624906004231897,0.0012978097746904167,0.16660885506575868,0.00026856179080933697,0.05292890550982326
2021-09-07,2021,1999,0,0,45,15,0.1852484154003612,0.00046312103850090297,0.015321006617470052,0.16426942942934925,0.00037407559821570627,0.012692411753839512
2021-09-08,2021,1999,0,0,45,18,1.2768638239033292,0.003192159559758323,0.12667849493017158,0.14569813501411433,0.0004906799427616201,0.01293197623038212
2021-09-09,2021,1999,0,0,44,9,-0.49262062144990204,-0.0012315515536247552,-0.0394865521934786,0.17341561648418533,0.00040749811081259175,0.03858925083985336
2021-09-10,2021,1999,0,0,45,21,0.6849206229317857,0.001712301557329464,0.06903404403680757,0.15531296805936878,0.000317603232684857,0.06755722388673355
2021-09-13,2021,1999,0,0,46,30,-0.3838071098642053,-0.0009595177746605133,-0.0332532212271005,0.17237981455043688,0.0007935531230396127,0.014322573996300984
2021-09-14,2021,1999,0,0,45,25,1.2410227911613578,0.0031025569779033948,0.18568614810098874,0.13584820588622792,0.0006067123480565251,0.020703624838420153
2021-09-15,2021,1999,0,0,45,12,-0.29543353221392965,-0.0007385838305348241,-0.011584915580569547,0.1687588006935118,0.00041624908060547693,0.03096535131477371
2021-09-16,2021,1999,0,0,46,9,0.7916641248857617,0.0019791603122144043,0.07488187303095906,0.1543404249587171,0.0006725619236600249,0.023246910477440933
2021-09-17,2021,1999,0,0,47,7,-0.6088268343011118,-0.0015220670857527797,-0.07785958819420512,0.17982190815397958,0.0005675542290760196,0.02902452983734058
2021-09-21,2021,1999,0,0,45,4,-0.15135414076320863,-0.00037838535190802157,-0.027946617325679584,0.17149571168603955,0.0010745569553504428,0.0822380165158266
2021-09-22,2021,1999,0,0,45,2,0.6710155736242805,0.0016775389340607013,0.09441947612032711,0.1510785666475248,0.00037867452345495886,0.03517142875596283
2021-09-24,2021,1999,0,0,46,3,1.0217764383282857,0.0025544410958207144,0.05615271099250422,0.15746010567270047,0.0005868406999532691,0.112775241809933
2021-09-27,2021,1999,0,0,46,7,1.2246416960371858,0.0030616042400929645,0.13625767419775447,0.14410032819187343,0.0006405931877681172,0.011716588216572177
2021-09-28,2021,1999,0,0,46,6,1.4490274093036628,0.003622568523259157,0.057704498641727074,0.15720213288153914,0.0004319057483381143,0.06900617867721175
2021-09-29,2021,1999,0,0,46,3,0.09025957558038789,0.00022564893895096972,0.0731466011914199,0.154630099566031,0.0006683008379629583,0.015115471589060493
2021-09-30,2021,1998,0,0,46,1,-2.276877632943475,-0.005692194082358687,-0.16450416012413163,0.19427602176255704,0.0005577621175497759,0.013309613632710632
2021-10-01,2021,1998,0,0,46,8,-0.3334709192380765,-0.0008336772980951912,-0.003942316243167515,0.1674905643713763,0.0003901761069875653,0.06281920487235741
2021-10-04,2021,1998,0,0,46,9,-0.4454567397111189,-0.0011136418492777972,0.05077721872993875,0.15835897361616083,0.0004360131740739098,0.044898237997995034
2021-10-05,2021,1998,0,0,45,28,-2.64038972713999,-0.0066009743178499745,-0.12678042160988345,0.1879811046281709,0.00044610490265757587,0.025222265582921212
2021-10-06,2021,1998,0,0,45,1,-1.4736063888650008,-0.003684015972162502,-0.05299824272177194,0.17567168799588287,0.0005015860531049368,0.042611649699763
2021-10-07,2021,1998,0,0,47,3,-1.1445567616708416,-0.0028613919041771043,-0.06710008483819192,0.17802664559304276,0.0004675771053955625,0.029149599698310536
2021-10-08,2021,1998,0,0,47,2,-0.36554578518659486,-0.0009138644629664871,-0.03841671664862861,0.17324096793394633,0.0005065596644664646,0.036989605122192605
2021-10-11,2021,1998,0,0,46,1,-0.7385667619898149,-0.0018464169049745372,-0.06479254756360978,0.1776382629757083,0.00045289182535882493,0.02452939217225584
2021-10-12,2021,1998,0,0,48,10,-0.6258408767835253,-0.0015646021919588132,-0.048573962546835894,0.17493234105050928,0.0003842630410238423,0.013179261228693593
2021-10-13,2021,1998,0,0,47,10,0.5617883473384486,0.0014044708683461215,0.0005682684716620437,0.16673848945591563,0.0009727334581477879,0.01031782133840968
2021-10-14,2021,1998,0,0,49,4,-0.15286257674437925,-0.00038215644186094814,0.03635117233887976,0.1607640157887913,0.0004320502438307176,0.03965994446938095
2021-10-15,2021,1998,0,0,48,2,0.582415739421767,0.0014560393485544177,-0.001499857568981546,0.16707617122341611,0.00038707627198123824,0.029323880682474456
2021-10-18,2021,1998,0,0,48,6,0.8925140780339602,0.0022312851950849004,0.13365711567633665,0.1445245954528657,0.0003061878551490974,0.013835806511427108
2021-10-19,2021,1998,0,0,48,8,-0.2474058463389639,-0.0006185146158474098,0.03651745552501909,0.16073807114637262,0.0004014939133183363,0.021400663449882073
2021-10-20,2021,1998,0,0,48,8,-0.8286954141426944,-0.002071738535356736,-0.08408954482419148,0.18085186683947369,0.00026758430382195416,0.013600137605355373
2021-10-21,2021,1998,0,0,49,10,-0.7360790749235817,-0.0018401976873089543,-0.05993932219909122,0.17682591528544483,0.0002826585861381504,0.029343319603392568
2021-10-22,2021,1998,0,0,48,9,0.023907167616481706,5.976791904120426e-05,-0.021582861150360497,0.17042799229317615,0.0003540234280402851,0.014915442935091505
2021-10-25,2021,1998,0,0,48,15,0.5337661920149419,0.0013344154800373547,0.036767273246641335,0.16069359152380028,0.00028266253696062336,0.01533470227464263
2021-10-26,2021,1998,0,0,48,5,0.39449420502873406,0.000986235512571835,0.05303050881624903,0.15798044134853303,0.0004458960361807556,0.01905165750738758
2021-10-27,2021,1998,0,0,48,8,0.13068063773615188,0.0003267015943403797,-0.010086242407596362,0.168505094417561,0.00043854085325545643,0.01626362841640145
2021-10-28,2021,1998,0,0,47,11,0.1985646947428994,0.0004964117368572485,0.04564677445185156,0.15921769863486143,0.0009165230418434671,0.009207040305553544
2021-10-29,2021,1998,0,0,47,6,-0.30255196737440326,-0.0007563799184360082,-0.053376857364408656,0.1757369906136622,0.0004595164793961324,0.006905963741149396
2021-11-01,2021,1998,0,0,46,12,0.7461579785522643,0.0018653949463806607,0.0028706902794138974,0.16635178774086937,0.0007786289791149043,0.06775136246736649
2021-11-02,2021,1997,0,0,46,8,-0.6518592261265377,-0.0016296480653163442,0.013478914217112689,0.16458221780071924,0.0007312204843830947,0.044930034084724645
2021-11-04,2021,1997,0,0,46,3,1.0033322901230601,0.0025083307253076503,0.027857789856127513,0.16217886839807866,0.0007038591907669871,0.04079251016814143
2021-11-05,2021,1997,0,0,46,3,-0.6466808148701297,-0.0016167020371753243,-0.022714431409714672,0.1706209937167308,0.0005595439663088465,0.008141253280857385
2021-11-08,2021,1996,0,0,46,4,-0.20468975611653217,-0.0005117243902913305,-0.05300116392389189,0.17567088952057544,0.0006472120081077669,0.005914426994386163
2021-11-09,2021,1996,0,0,46,9,1.5778254594755285,0.003944563648688821,0.060815054462915026,0.15668031957785583,0.0006157541511565784,0.007372698723914377
2021-11-10,2021,1996,0,0,46,11,1.607851504190395,0.004019628760475988,-0.0002658891428013814,0.1668762602308404,0.0010055751711427398,0.005565820525306848
2021-11-11,2021,1996,0,0,46,4,1.9094936471254218,0.004773734117813555,0.09095690140231645,0.1516550424861507,0.0009937967618537896,0.008074717584563858
2021-11-12,2021,1996,0,0,46,1,1.2272908195276944,0.0030682270488192357,0.043196594246697986,0.15962114969947808,0.0005713381396346872,0.01879019470979838
2021-11-15,2021,1996,0,0,46,7,1.5413008643609247,0.003853252160902312,0.0056470019628168215,0.16588915030203624,0.0005694518696259869,0.030925789799832036
2021-11-16,2021,1996,0,0,45,5,-0.4309848781171489,-0.0010774621952928723,-0.04874935215686265,0.17495978640782298,0.00037549609344846995,0.026792040682731045
2021-11-17,2021,1997,0,0,45,6,2.39681089217993,0.005992027230449825,0.07694599191361695,0.15399189341882066,0.0003687469794583911,0.040751057299077215
2021-11-18,2021,1997,0,0,45,6,1.4440673896285483,0.0036101684740713707,0.039745439799004904,0.16019703424166895,0.000352014470588164,0.010287541186994001
2021-11-19,2021,1997,0,0,45,6,-1.3408712140546857,-0.003352178035136714,-0.10020654521661791,0.18354558681036243,0.0005662920377589415,0.05290743770691513
2021-11-22,2021,1997,0,0,45,6,-0.878854103721253,-0.0021971352593031326,-0.08887178928185059,0.18165418135808098,0.000303287739678804,0.01656644497997539
2021-11-24,2021,1997,0,0,47,10,-0.34094008005984033,-0.0008523502001496009,-0.04998024167073395,0.17517165104024082,0.0005252742295627019,0.010451047826138985
2021-11-25,2021,1997,0,0,48,10,0.5366665775355095,0.0013416664438387737,0.006517356430375026,0.16574618247375805,0.0009146129133051637,0.013374168696375246
2021-11-26,2021,1997,0,0,47,3,-0.1612847890105955,-0.00040321197252648876,0.02480934445990606,0.1626915564963141,0.00046727292220629746,0.04442583620773911
2021-11-29,2021,1997,0,0,46,10,-2.469212037250313,-0.006173030093125782,-0.12607364478689262,0.18786542267266546,0.0007716607109589961,0.027646526787469844
2021-11-30,2021,1996,0,0,46,0,2.0691753179387575,0.005172938294846894,0.1400615185949593,0.14346404500510496,0.0005283907274297036,0.03749696451005094
2021-12-01,2021,1996,0,0,46,5,0.06603162881467028,0.00016507907203667572,-0.019576468619681292,0.17009957062761524,0.0013164374544646143,0.030877989999565824
