Date,ValidationYear,StocksRanked,SelectedMissingTargets,AllMissingTargets,FallbackStocks,SelectedFallbackStocks,OfficialDailySpread,IllustrativeGrossOneReturn,RankIC,NormalizedHardRankMSE,AllStockForecastMSE,MaxAbsoluteScore
2017-12-29,2018,1896,0,0,42,3,-0.13969244757279742,-0.00034923111893199357,-0.03967676583114176,0.17345652643397158,0.00031314302522443126,0.011877179086756354
2018-01-04,2018,1896,0,0,41,7,0.23519728990464372,0.0005879932247616093,-0.04367253712029062,0.17412423463888244,0.00040523034002616404,0.012417214955636904
2018-01-05,2018,1896,0,0,41,10,-0.7133368770919957,-0.0017833421927299891,-0.048865096353078424,0.17498948232021364,0.0003701662709873699,0.007084944046538774
2018-01-09,2018,1896,0,0,39,16,0.38017434965258634,0.0009504358741314659,0.04981976313756881,0.15852540199478204,0.00037966960603634823,0.023525081582894583
2018-01-10,2018,1896,0,0,39,2,-1.7845494956530399,-0.0044613737391326,-0.11584144736658541,0.18616555200014148,0.0005706167234091133,0.005663569155131245
2018-01-11,2018,1896,0,0,39,7,-0.30683731900799566,-0.0007670932975199892,-0.024422138743390543,0.1709105525534137,0.00046010828353471186,0.009206396476610328
2018-01-12,2018,1896,0,0,39,4,-0.5660009451572323,-0.0014150023628930809,0.009908486195465489,0.16517997091729827,0.0003848675090814183,0.03576217168774826
2018-01-15,2018,1896,0,0,39,4,-1.1857594197608832,-0.002964398549402208,-0.018833403640640883,0.16998258705327746,0.00038169831152675527,0.013927888941878366
2018-01-16,2018,1896,0,0,39,2,0.0038019689625456987,9.504922406364247e-06,0.025624391874467245,0.1625653369392523,0.0003902276391666753,0.0136029372466626
2018-01-17,2018,1896,0,0,39,2,-0.6387970820895168,-0.001596992705223792,-0.06089424032479452,0.1769959123949337,0.0003033205344036355,0.009523657630780611
2018-01-18,2018,1896,0,0,40,0,-1.5750748733677626,-0.003937687183419407,-0.09988680561981644,0.18350051047329463,0.0004464987926621821,0.009636934465463383
2018-01-19,2018,1896,0,0,40,9,-0.30664763058975253,-0.0007666190764743814,-0.00706945830300013,0.16801800121887325,0.00037909662215811717,0.029726085164070153
2018-01-22,2018,1896,0,0,39,2,1.309414843920822,0.003273537109802055,0.045887666586341726,0.15917858963143494,0.0003253052206846865,0.03750539411484947
2018-01-23,2018,1896,0,0,39,10,0.35474337027807645,0.0008868584256951911,-0.009121875285322115,0.16836005776179522,0.00033984578959276343,0.013493058721888272
2018-01-24,2018,1896,0,0,39,13,-0.043808048789095555,-0.00010952012197273888,-0.00804974950417302,0.1681782918308675,0.00031894355261464125,0.01337861502975837
2018-01-25,2018,1896,0,0,38,6,0.7830728052677169,0.0019576820131692926,0.1071293297145138,0.1489618811895585,0.00037552089451692734,0.011459701442081452
2018-01-26,2018,1896,0,0,38,6,1.1468447849865793,0.002867111962466448,0.025588503615658464,0.16257254482628503,0.000515983706954019,0.03463531070207792
2018-01-29,2018,1896,0,0,38,7,-0.5678865477448423,-0.0014197163693621057,-0.006066517298292013,0.16785308145010014,0.0006585618099523395,0.012459655178852797
2018-01-30,2018,1896,0,0,38,5,0.6587104371490389,0.0016467760928725972,0.027056937121125557,0.16232780191838436,0.0010544740231529263,0.025394337552756642
2018-01-31,2018,1896,0,0,37,2,0.09354221081643552,0.0002338555270410888,0.042457636857893964,0.1597552974822927,0.00042848873530172346,0.0084953921898421
2018-02-01,2018,1896,0,0,36,2,0.9095680672297961,0.00227392016807449,0.07840699712839633,0.15376088262354254,0.0011260462749969067,0.028656231252244212
2018-02-02,2018,1896,0,0,37,3,0.4311455093866545,0.0010778637734666363,-0.017358671758730047,0.16973872920466837,0.00442808170228424,0.03148441230205155
2018-02-05,2018,1896,0,0,36,0,-0.6702639971275223,-0.0016756599928188056,-0.06815137124087528,0.17820935512077302,0.0006065770160474033,0.020766439690932587
2018-02-06,2018,1896,0,0,36,8,-1.6295184450367322,-0.00407379611259183,-0.14565360518580073,0.1911402793421022,0.0009667853990283493,0.06551839439599216
2018-02-07,2018,1896,0,0,35,2,-0.5738334164481969,-0.001434583541120492,-0.02814292760407181,0.1715378488277018,0.0009905015126190516,0.01911015822804862
2018-02-08,2018,1896,0,0,34,0,0.20281641917472237,0.000507041047936806,-0.06015140098230749,0.17687571330917384,0.0011486644719430766,0.016884912571382783
2018-02-09,2018,1896,0,0,34,2,-1.0770159623397375,-0.0026925399058493438,-0.10335591790166572,0.1840853290421617,0.0009588416349424559,0.07976823300156874
2018-02-13,2018,1896,0,0,33,0,-0.011963198130743091,-2.9907995326857728e-05,0.03306318957588224,0.1613228156241723,0.0011820638845041656,0.031179387933235193
2018-02-14,2018,1896,0,0,33,7,0.5122564220822885,0.0012806410552057212,0.007973318249526514,0.16551025313136358,0.0009368792222865331,0.03389922518347533
2018-02-15,2018,1896,0,0,34,0,0.3193018418831022,0.0007982546047077554,0.07458657104773184,0.15439832373941398,0.0013702994139541253,0.035458863666695525
2018-02-16,2018,1896,0,0,34,0,-0.8319285569803525,-0.002079821392450881,-0.012555008920365962,0.16892882945371573,0.0003335178075726194,0.05246508381132431
2018-02-19,2018,1896,0,0,34,1,-0.1985969214813108,-0.000496492303703277,0.024956138733631606,0.16267454805650175,0.0005119975330199526,0.036504846591464676
2018-02-20,2018,1896,0,0,34,0,-0.15536307747075795,-0.00038840769367689485,-0.043308057265749496,0.17406451795831715,0.00035679105786707183,0.020415306095290495
2018-02-21,2018,1896,0,0,33,0,1.2653606732483549,0.0031634016831208873,0.16172210657626512,0.1398593675154218,0.000370517710031074,0.04211393462331297
2018-02-22,2018,1896,0,0,34,3,-0.2255348686774441,-0.0005638371716936103,-0.00861906831771688,0.1682767092931549,0.0004000780183161151,0.025107223339477187
2018-02-23,2018,1896,0,0,33,1,0.8787067033637908,0.002196766758409477,0.11017122990428661,0.14845363640548193,0.0002959143384157459,0.0996996469321867
2018-02-26,2018,1896,0,0,32,4,-1.2086668769028086,-0.0030216671922570215,-0.15384317112071252,0.1925073978678149,0.0003842302155467838,0.023754843791595183
2018-02-27,2018,1896,0,0,30,2,-1.1712471285762336,-0.002928117821440584,-0.09912356287783435,0.18337880791766467,0.0005595524457528858,0.008660972474899942
2018-02-28,2018,1896,0,0,32,6,0.5054926380769973,0.0012637315951924933,-0.005590374598165732,0.1677747908617819,0.0004827939715742166,0.01934273024960896
2018-03-01,2018,1896,0,0,35,10,2.6947244466312448,0.006736811116578112,0.17127331377909985,0.13826569239057862,0.0007433430809530303,0.03082490177038949
2018-03-02,2018,1896,0,0,36,13,0.10628309936213887,0.00026570774840534714,-0.019336476634399757,0.17006817534173116,0.0009261768811780741,0.023605566540876248
2018-03-05,2018,1896,0,0,35,8,-0.7532494133227489,-0.0018831235333068722,-0.05368905208561511,0.17579516540841666,0.00041034339476951766,0.31992259788207056
2018-03-06,2018,1896,0,0,34,4,-0.006104452692747342,-1.5261131731868356e-05,-0.015224078702898134,0.16937646251054223,0.0004181183435892343,0.03346053396764748
2018-03-07,2018,1896,0,0,35,1,0.7702482970548991,0.0019256207426372476,0.08921003911855416,0.15195470881652123,0.00041582106498849183,0.050971850448067665
2018-03-08,2018,1896,0,0,35,3,1.1005675055976636,0.002751418763994159,0.17615005382391308,0.13745231798144678,0.0006130997491339908,0.015435987972031526
2018-03-09,2018,1896,0,0,36,3,0.0038689146366368554,9.672286591592138e-06,-0.0034752625591902672,0.16741901377017718,0.0005136986759859186,0.017338866650934485
2018-03-12,2018,1896,0,0,35,7,-0.3613179037813177,-0.0009032947594532942,0.0031878559521412455,0.1663017998722025,0.0003849176997826568,0.023947099689003788
2018-03-13,2018,1896,0,0,34,3,-1.161739546113783,-0.0029043488652844575,-0.08742954892446503,0.18142391947493805,0.0004339356173858432,0.35437742877228434
2018-03-14,2018,1896,0,0,34,8,-0.10705650213743534,-0.00026764125534358834,-0.015153895598564277,0.16936661707044667,0.0003706959446403397,0.04458129376173755
2018-03-15,2018,1896,0,0,32,3,0.5418655974077011,0.0013546639935192529,0.031154216363325087,0.16164370197771244,0.000533263721789292,0.022931211019130194
2018-03-16,2018,1897,0,0,31,8,0.2729896839503561,0.0006824742098758903,0.03523600693701364,0.16095757189538784,0.00026063440438223856,0.016379139087321033
2018-03-19,2018,1897,0,0,31,12,-0.36456783075269317,-0.0009114195768817329,-0.019803239978210395,0.17013936649927422,0.0003615412867933343,0.013372226626304624
2018-03-20,2018,1897,0,0,29,10,-1.0348560620878473,-0.0025871401552196183,-0.15504077942790395,0.19270985180294956,0.0017035633631466791,0.03484232183179211
2018-03-22,2018,1898,0,0,28,3,0.031126242899714163,7.78156072492854e-05,-0.040812454194548514,0.1736466849225068,0.0003138885057256083,0.015184494021442915
2018-03-23,2018,1900,0,0,30,2,-0.6049105948537434,-0.0015122764871343586,-0.0631984528728937,0.17738623948319193,0.0022220792937739362,0.05882396458461337
2018-03-26,2018,1900,0,0,28,4,0.010120517564438103,2.5301293911095257e-05,0.0006967047816636117,0.16672523311052853,0.000527986216706255,0.03179802474745477
2018-03-27,2018,1901,0,0,29,1,-0.8766969041810472,-0.002191742260452618,-0.07606527670925756,0.17952467894867988,0.0006371794900394358,0.10614249549818754
2018-03-28,2018,1901,0,0,31,1,-2.1634887465139494,-0.005408721866284874,-0.22039948509835786,0.20361167995849974,0.0006548312794530433,0.026395497219994978
2018-03-29,2018,1901,0,0,33,3,0.23878103178065288,0.0005969525794516322,-0.05454926056507586,0.1759384345751835,0.00032194620428297203,0.014380347047605792
2018-03-30,2018,1901,0,0,32,8,0.023839824185881257,5.959956046470314e-05,-0.04624899968180899,0.1745542074371121,0.0003188468033526244,0.007281747742477028
2018-04-02,2018,1902,0,0,33,6,-1.8922205607902536,-0.004730551401975634,-0.16588127908125785,0.19451426945247383,0.000520917147011845,0.025286035740100063
2018-04-03,2018,1902,0,0,34,1,-0.118514053845029,-0.00029628513461257247,-0.02762228264915504,0.17144551788110307,0.0004074843546926053,0.03382616975444091
2018-04-04,2018,1902,0,0,34,8,0.407892062093948,0.00101973015523487,-0.03720942043936433,0.17304560288890006,0.0003966490473352467,0.05230482048169952
2018-04-05,2018,1902,0,0,34,4,-0.34512110801233925,-0.0008628027700308481,-0.07548703045327937,0.17942558647461493,0.000358384285487638,0.015651504360733176
2018-04-06,2018,1902,0,0,34,2,-2.2776340737963925,-0.005694085184490981,-0.16606555913958485,0.19454534991650252,0.00037478514771012005,0.028133099661514897
2018-04-09,2018,1902,0,0,36,7,-4.509552087416921,-0.011273880218542302,-0.3205007716609428,0.22030951061172138,0.0005613387923401267,0.03096787530766875
2018-04-10,2018,1902,0,0,37,0,-0.7040731344596138,-0.0017601828361490347,-0.11060305685456616,0.18528295772441974,0.0003257553465215865,0.023311929826642992
2018-04-11,2018,1902,0,0,38,0,0.24707969986816702,0.0006176992496704176,0.04321690700777063,0.15962610901276683,0.0004292616741658106,0.017572876506944963
2018-04-12,2018,1902,0,0,40,0,-0.7236050994510851,-0.0018090127486277128,-0.10601439563142098,0.18452544768546694,0.0006234721239586224,0.019827631824401996
2018-04-13,2018,1902,0,0,40,3,-0.5261315634233092,-0.001315328908558273,-0.07384435119867688,0.17915843240598234,0.0003825093314984867,0.027557628979872385
2018-04-16,2018,1902,0,0,40,3,-0.9637157652359818,-0.0024092894130899544,-0.06517378117185746,0.17771380798601522,0.00045690350180711657,0.005719563450427595
2018-04-17,2018,1902,0,0,40,10,-0.8256319486847304,-0.002064079871711826,-0.017283116162102246,0.1697177141783852,0.00038186458425151575,0.06837454672255393
2018-04-18,2018,1902,0,0,41,8,-0.36165983038278215,-0.0009041495759569553,-0.04827046961438715,0.1748786356326969,0.0002558302457643869,0.013574083638350208
2018-04-19,2018,1902,0,0,42,7,-0.04150089435857962,-0.00010375223589644905,0.026112930882896006,0.162479230141291,0.00035582747839551626,0.011461559172916627
2018-04-20,2018,1903,0,1,43,7,1.0760208942968275,0.0026900522357420687,0.06665123349822705,0.15571790062450655,0.0003326409011916652,0.006271711356232454
2018-04-23,2018,1903,0,0,43,3,-0.7294147443633001,-0.0018235368609082502,-0.09627189962486439,0.18289475090384827,0.0003195143684514127,0.01977296074747209
2018-04-24,2018,1903,0,0,45,4,-0.13392248284570785,-0.00033480620711426963,-0.018873918281217653,0.1699847967790863,0.0003942390021597645,0.019580043931751643
2018-04-25,2018,1903,0,0,45,6,-1.283485648607248,-0.00320871412151812,-0.0962107248053848,0.18288914939059459,0.0005443098454229332,0.008397503659429904
2018-04-26,2018,1903,0,0,44,3,-0.34101768569107693,-0.0008525442142276923,0.008760239853441288,0.16537547962251825,0.0007194229293516317,0.019972191974354632
2018-04-27,2018,1903,0,0,45,1,0.964271536149663,0.0024106788403741573,0.1432675095155992,0.14293415599423728,0.000304205161182431,0.01679968014911444
2018-05-01,2018,1903,0,0,46,0,-0.1607070788661651,-0.0004017676971654127,-0.04064877703160172,0.1736149572898679,0.0004206512441740138,0.010348490861986762
2018-05-02,2018,1903,0,0,48,0,1.8752416774515457,0.004688104193628864,0.1340339768145759,0.1444738605924741,0.0004410629054208594,0.004812127200959696
2018-05-07,2018,1903,0,0,47,1,1.4207744798850948,0.0035519361997127367,0.07488512336338299,0.15434056663882845,0.0006644289579949142,0.005005722165085422
2018-05-08,2018,1903,0,0,47,4,0.9064437729760481,0.0022661094324401203,0.04986521581710276,0.15851573234628333,0.0007751210200501098,0.008436100243605863
2018-05-09,2018,1903,0,0,48,4,0.29186775509459006,0.0007296693877364752,0.062218446809771566,0.15645927923518396,0.0008197335472627768,0.013302245168551174
2018-05-10,2018,1903,0,0,48,4,0.594888374682514,0.001487220936706285,0.046400250666259836,0.1590973854207221,0.001055840974046202,0.022356079230014918
2018-05-11,2018,1903,0,0,47,0,0.6955786525722614,0.0017389466314306533,-0.0105724525358006,0.16860088898456396,0.0007066636620911266,0.01809625747894494
2018-05-14,2018,1903,0,0,47,3,-0.8725022492174455,-0.0021812556230436137,-0.05343266505202497,0.1757530590023299,0.0006382875302261703,0.008354365936267618
2018-05-15,2018,1903,0,0,47,2,0.4550454215438656,0.001137613553859664,0.06327189241497296,0.15627902911160757,0.00038595209243928106,0.0048100623752301026
2018-05-16,2018,1903,0,0,47,4,0.4015232835485524,0.001003808208871381,0.04782242956013029,0.1588582679503208,0.00029741711611703755,0.01843622916578193
2018-05-17,2018,1903,0,0,48,1,1.3639607562399916,0.003409901890599979,0.11617496765849723,0.147453585004884,0.0003523393722707162,0.055932640424150935
2018-05-18,2018,1903,0,0,49,1,0.825664436842559,0.0020641610921063973,0.06260175601102792,0.15639253207534196,0.0002344083286937315,0.022300402020713275
2018-05-21,2018,1903,0,0,50,2,0.18538459133204105,0.0004634614783301026,-0.06282590293068865,0.17731655599633642,0.00029135794737564783,0.043714037352783966
2018-05-22,2018,1903,0,0,51,0,-0.48469767747611603,-0.00121174419369029,-0.035302860503448726,0.17272959129256546,0.00038792307988917907,0.013781143328645913
2018-05-23,2018,1903,0,0,50,10,-1.770863487677465,-0.004427158719193663,-0.14931980676763898,0.19174836751734708,0.0002897182685632824,0.03269274414592814
2018-05-24,2018,1903,0,0,50,1,-0.45700053983280564,-0.0011425013495820141,-0.026591554061849567,0.17126913897376853,0.00035896117137498054,0.04521023214234236
2018-05-25,2018,1903,0,0,50,9,-0.30763659717136993,-0.0007690914929284248,-0.07080457169098126,0.17865082715684372,0.0002776473105102939,0.02026305092995268
2018-05-28,2018,1903,0,0,50,14,0.28576780194528806,0.0007144195048632201,0.04229990149387903,0.15978393266839325,0.0003789988886955893,0.03934056594548334
2018-05-29,2018,1903,0,0,50,13,1.2223657439373288,0.003055914359843322,0.06215589627074268,0.15646729333926113,0.0004630270558337563,0.015488168191132133
2018-05-30,2018,1903,0,0,50,9,-0.613792814472159,-0.0015344820361803976,-0.06383358238685051,0.17748742600920656,0.00042904517809667746,0.012081070215843917
2018-05-31,2018,1904,0,0,51,11,-2.042162960324646,-0.005105407400811615,-0.19838927954479324,0.19994065757174032,0.0006114915472837628,0.04077987118391802
2018-06-01,2018,1904,0,0,51,9,0.1677811860203478,0.0004194529650508695,-0.04023418521618405,0.17354540441117736,0.00035154785336911643,0.21342837549835814
2018-06-04,2018,1904,0,0,51,14,0.7932579369829456,0.001983144842457364,0.03858556906649482,0.16039594688980233,0.0003500866526434287,0.055506367563150784
2018-06-05,2018,1904,0,0,52,6,0.6434348988128289,0.0016085872470320722,0.09130839001114234,0.1516029445602921,0.00040220472565783376,0.027350726904137264
2018-06-06,2018,1904,0,0,52,6,-0.3373600283053203,-0.0008434000707633007,-0.036417852123605286,0.17290809327462406,0.00031042756855495865,0.027809823768400146
2018-06-07,2018,1904,0,0,51,8,-0.3646462759904876,-0.000911615689976219,-0.025676582733507747,0.17111758926874446,0.0003266270814591646,0.032580629081701735
2018-06-08,2018,1904,0,0,51,17,-0.5811345880586326,-0.0014528364701465815,-0.053478329211599805,0.1757558621021066,0.0002484493332570924,0.02231012497751814
2018-06-11,2018,1904,0,0,51,10,0.10294551415627301,0.00025736378539068254,-0.008123140047911266,0.16818908123011994,0.00034514150869511374,0.015490420997113213
2018-06-12,2018,1904,0,0,52,1,0.6421247935485871,0.0016053119838714677,0.0453102681723142,0.15927376474613783,0.0003279672085920517,0.01014348506081868
2018-06-13,2018,1904,0,0,53,3,1.7453552230508338,0.004363388057627085,0.14789013751958904,0.14216603023479388,0.0003952232713921782,0.009647167353219865
2018-06-14,2018,1904,0,0,53,8,-1.9666209503159173,-0.004916552375789794,-0.18396277316707105,0.19753237837141022,0.00046705062724158863,0.010950970845297229
2018-06-15,2018,1904,0,0,53,10,0.27014497246068503,0.0006753624311517125,0.008690271878146904,0.16539121107989466,0.0006074440095161109,0.015973912108274684
2018-06-18,2018,1904,0,0,51,6,0.2495934694996954,0.0006239836737492385,0.011215249348543892,0.16496672617474245,0.0003154412729779445,0.020475641604072014
2018-06-19,2018,1905,0,0,51,17,1.3114293443722194,0.0032785733609305484,0.1111541159251273,0.14829377609948563,0.0003357866772627845,0.027491448593027684
2018-06-20,2018,1905,0,0,50,17,0.1350574817517816,0.00033764370437945395,0.02006812248182367,0.16349084837153946,0.00043326214604175656,0.06172411912242241
2018-06-21,2018,1906,0,0,51,4,-0.42720042985514217,-0.0010680010746378554,-0.020584495252919995,0.17027445402681407,0.000627248773808786,0.016058589862695104
2018-06-22,2018,1907,0,0,51,8,-1.9291858740680317,-0.004822964685170079,-0.16558432620958244,0.19446348633800734,0.00040532966308288396,0.018774672411247362
2018-06-25,2018,1907,0,0,51,8,0.8647335802901208,0.002161833950725302,0.16305413740223976,0.13963505923682829,0.0005547462465477484,0.01780384706443313
2018-06-26,2018,1908,0,0,51,9,-0.14317481567162016,-0.0003579370391790504,-0.023905312156357543,0.17082631777342341,0.00031495316718571897,0.022467816177864915
2018-06-27,2018,1909,0,0,50,4,0.9230068396780537,0.0023075170991951346,0.12103781172961375,0.14664280502172172,0.00033242711520404584,0.00737868457217712
2018-06-28,2018,1909,0,0,50,12,-0.581520678695238,-0.0014538016967380952,-0.01836295901857951,0.16990470112559017,0.000807163639278838,0.04062506128608502
2018-06-29,2018,1910,0,0,51,5,-0.901608891462317,-0.0022540222286557927,-0.07352470485246175,0.17910516634475826,0.0003833444691330933,0.01379312152539203
2018-07-02,2018,1910,0,0,52,17,0.34903592543728607,0.0008725898135932152,0.02272525655157141,0.16304624505747312,0.00039968796450349337,0.027096358392896074
2018-07-03,2018,1910,0,0,52,5,0.24044712268142687,0.0006011178067035672,0.040982607589866736,0.16000342829351563,0.0005459165051137375,0.015924628584048892
2018-07-04,2018,1910,0,0,52,4,1.6594995494207891,0.004148748873551973,0.11175740926117324,0.1481934506975644,0.0008006586216006827,0.01704592936093252
2018-07-05,2018,1910,0,0,51,25,0.07444605674793481,0.00018611514186983702,-0.020718814520056254,0.1702959941231651,0.0012847615774753479,0.047884797911133245
2018-07-06,2018,1910,0,0,52,8,1.0457139722797328,0.002614284930699332,0.06598057722652008,0.155830919719869,0.00044115920384278287,0.028605388067228264
2018-07-09,2018,1910,0,0,51,1,-0.5543755075559669,-0.0013859387688899172,-0.04781344056830237,0.17481705362887956,0.0004955202748987289,0.03400775753047465
2018-07-10,2018,1911,0,0,51,5,0.14354557808378232,0.0003588639452094558,0.0677105825017579,0.15553742504987184,0.0003547604106554152,0.012288563377293229
2018-07-11,2018,1911,0,0,53,8,0.10527010245663604,0.0002631752561415901,0.02956256778785155,0.16190403487526842,0.0006043362630370315,0.041947776507390754
2018-07-12,2018,1911,0,0,54,8,2.0474247463759965,0.005118561865939991,0.15011218300629736,0.14179486010444983,0.00065287246353428,0.00868969866394513
2018-07-13,2018,1911,0,0,55,2,0.42051268232389294,0.0010512817058097323,0.055162230567029485,0.15763413773046966,0.0003997718679255238,0.02465068084997161
2018-07-17,2018,1911,0,0,54,2,1.8173342009826905,0.004543335502456726,0.1603337205408198,0.14008852166811106,0.0002768641820989332,0.023235163267822816
2018-07-18,2018,1911,0,0,54,3,-0.9755201659033925,-0.002438800414758481,-0.036690005925908896,0.1729564757987969,0.0003266584863495004,0.05673503087778874
2018-07-19,2018,1911,0,0,55,6,0.3370781157729324,0.000842695289432331,0.06486225055551371,0.15601020385929945,0.00033204485509982735,0.04635836317755053
2018-07-20,2018,1911,0,0,54,3,0.4344900142628312,0.001086225035657078,0.06601525497202178,0.1558220215591176,0.00032447603652630875,0.0082076116683746
2018-07-23,2018,1912,0,0,55,4,0.9227099391851015,0.0023067748479627536,0.09538683737115584,0.15091953849934514,0.0003164417685730329,0.006369244276257068
2018-07-24,2018,1912,0,0,57,5,0.7098230039937794,0.0017745575099844485,0.047217846779682174,0.158961614191728,0.0003691882606605203,0.012030375479702593
2018-07-25,2018,1913,0,0,58,6,0.7408053998618764,0.0018520134996546911,0.055536957242283407,0.15757220535026698,0.00034725005266703323,0.020234445512933432
2018-07-26,2018,1913,0,0,58,9,0.26600902321064923,0.0006650225580266231,0.07457595794292907,0.15439402086710804,0.0007493776392467927,0.02562899125799776
2018-07-27,2018,1913,0,0,57,5,1.2048122675805142,0.0030120306689512856,0.12677195029926805,0.14568810352974257,0.0007897989265534187,0.013022155933162562
2018-07-30,2018,1913,0,0,57,3,-1.5217337258692165,-0.0038043343146730415,-0.04237957678229876,0.17390757088246733,0.0008347917376441974,0.012575088177938856
2018-07-31,2018,1913,0,0,57,7,1.1359210291586352,0.002839802572896588,0.09472874211087273,0.15102849705970778,0.0005439487794165045,0.013785183861084044
2018-08-01,2018,1913,0,0,58,4,-0.5215906457901374,-0.0013039766144753433,-0.029325736913754747,0.171731084738171,0.0007167198610893769,0.01926532849691883
2018-08-02,2018,1913,0,0,56,2,-1.0438338044090851,-0.0026095845110227127,-0.027550154705720257,0.17143311378040288,0.0008118224067779582,0.014597988348684544
2018-08-03,2018,1913,0,0,56,0,0.4908361827522305,0.0012270904568805762,-0.0037260577495328907,0.1674592214803494,0.0005918203997807831,0.012161237082701714
2018-08-06,2018,1913,0,0,57,0,0.22486146601931647,0.0005621536650482912,0.02442035012500618,0.16276349175160057,0.0007247107227903351,0.017766809509265503
2018-08-07,2018,1913,0,0,58,1,0.1355770281321091,0.0003389425703302727,0.03756749395439295,0.16056943513692604,0.0006258987640282983,0.012667696114526936
2018-08-08,2018,1913,0,0,57,2,0.467837432653732,0.0011695935816343301,0.06552087109911355,0.1559065148062266,0.0009832594446533118,0.010534056822612221
2018-08-09,2018,1913,0,0,58,1,1.5298295858091153,0.0038245739645227884,0.0820190956138179,0.1531565242076108,0.0014495517299143474,0.006906999033108336
2018-08-10,2018,1913,0,0,58,4,0.5126854067732385,0.0012817135169330962,0.021846567587155377,0.16319516582701024,0.0008084860885872031,0.014303714667182029
2018-08-13,2018,1913,0,0,58,13,-0.7550283494636666,-0.0018875708736591666,0.0005826682893613627,0.16674211055365698,0.0005020648239160507,0.013694562439134654
2018-08-14,2018,1913,0,0,60,15,-0.23107165105046334,-0.0005776791276261583,0.023875182371999912,0.16285444644016156,0.0004973876018771225,0.012773942566380713
2018-08-15,2018,1913,0,0,61,4,-1.354535997214023,-0.0033863399930350573,-0.08920288500089263,0.1817168011031241,0.00038639250134216293,0.024882368851611814
2018-08-16,2018,1913,0,0,62,6,0.5736108765959995,0.0014340271914899988,0.0627859330807653,0.15636237219368138,0.00029774148805242326,0.02014099517542963
2018-08-17,2018,1913,0,0,63,3,-0.578319298031804,-0.0014457982450795102,-0.043794719737356484,0.17414401316388714,0.0003583855735431178,0.020420119921689437
2018-08-20,2018,1913,0,0,64,8,-0.4941244713787545,-0.0012353111784468862,-0.03187249366689456,0.17215570784693415,0.0005855930883712019,0.020349532085138615
2018-08-21,2018,1913,0,0,64,1,-0.6009054120023112,-0.001502263530005778,-0.0768783201245477,0.1796546253979719,0.00043959910679674695,0.008583268463122573
2018-08-22,2018,1913,0,0,65,3,0.5268000191994613,0.0013170000479986533,0.05641731515475125,0.1574211276601656,0.0003088913273941718,0.022484995119101396
2018-08-23,2018,1913,0,0,64,1,0.038601336505584616,9.650334126396154e-05,0.015652582252012145,0.16422803795929466,0.000475812269105362,0.049576319392098896
2018-08-24,2018,1913,0,0,64,6,1.5881512436520868,0.003970378109130217,0.13114491487748678,0.1449472430547536,0.0002575335986110418,0.016758700799044048
2018-08-27,2018,1913,0,0,64,4,-0.4203022269785377,-0.0010507555674463443,-0.011493655330963541,0.16875465173191423,0.00037046065804296845,0.015971131562674337
2018-08-28,2018,1913,0,0,64,6,-0.23264098643166298,-0.0005816024660791574,-0.03005517013902551,0.17184618677649494,0.00036602310803934737,0.030630525903637105
2018-08-29,2018,1913,0,0,63,10,-0.8101161201227203,-0.0020252903003068006,-0.06396984318387403,0.17750073085938575,0.0002902424268430646,0.026570446060814896
2018-08-30,2018,1913,0,0,63,7,-0.47954625468779466,-0.0011988656367194867,-0.06700613366770392,0.17801600894719385,0.0006657918558755775,0.045011143693842445
2018-08-31,2018,1913,0,0,65,14,-0.4869888206909906,-0.0012174720517274765,-0.07798781164787909,0.1798435083120156,0.00033889023309822784,0.008197522423697309
2018-09-03,2018,1913,0,0,64,11,0.2965887202437326,0.0007414718006093315,0.02090382389839465,0.16334171591584187,0.00038280799790205833,0.029961958752525823
2018-09-04,2018,1913,0,0,64,11,0.6632851113113485,0.0016582127782783713,0.043646217546617724,0.15955559470190173,0.0004498770289677142,0.022172485976498492
2018-09-05,2018,1913,0,0,65,6,0.07767000750438846,0.00019417501876097115,0.02958318719939905,0.1619002359015889,0.00034065055673321504,0.009406586025234347
2018-09-06,2018,1913,0,0,63,8,-1.077511847427864,-0.0026937796185696598,-0.002965686212948531,0.16732522515929057,0.00047843657788468417,0.40355622603262026
2018-09-07,2018,1913,0,0,63,5,0.09892146962471338,0.00024730367406178343,0.06190374662098635,0.15650207236146746,0.00036444079736417463,0.013480042476687016
2018-09-10,2018,1913,0,0,64,7,0.22396661635439963,0.0005599165408859991,0.0773467656965034,0.15393211109192154,0.0004172417636583369,0.008824718389576488
2018-09-11,2018,1913,0,0,61,6,-0.17877711847292233,-0.0004469427961823058,-0.027780859239958617,0.17147039565662162,0.0003976670473708847,0.008866611137417428
2018-09-12,2018,1913,0,0,62,0,-1.785057234382315,-0.004462643085955787,-0.2105524571048051,0.2019652477887775,0.0006649179552458782,0.016298826713531462
2018-09-13,2018,1913,0,0,63,10,0.2943195652906039,0.0007357989132265097,0.037325763968281404,0.16061201076116396,0.0007151766885507666,0.01234809668821039
2018-09-14,2018,1913,0,0,61,8,1.2302483716515926,0.0030756209291289815,0.17101867724603614,0.13830667997350987,0.0005354027953249535,0.02189366494172254
2018-09-18,2018,1913,0,0,59,4,0.25248534312317783,0.0006312133578079446,-0.022374906550622235,0.17056804601763703,0.00033736328428354004,0.03198666742608117
2018-09-19,2018,1913,0,0,58,8,0.16393313606923376,0.0004098328401730844,0.03538890372584103,0.16093496864141624,0.0004628603330980229,0.023430691320723087
2018-09-20,2018,1913,0,0,57,6,-0.1064704594373107,-0.00026617614859327676,-0.03402188142661742,0.17251633182070927,0.0005871969082158779,0.01753302282351482
2018-09-21,2018,1914,0,0,58,11,-2.286496981465619,-0.005716242453664048,-0.18370872194862983,0.19748814839865747,0.000543724148059767,0.03942991280715267
2018-09-25,2018,1915,0,0,59,21,-0.6922181497997206,-0.0017305453744993016,-0.04456820202649841,0.1742757544714457,0.0009674114300770003,0.02832397096098115
2018-09-26,2018,1915,0,0,58,12,0.59577197991694,0.00148942994979235,0.047611809595374255,0.15889334218950268,0.0003363921173035986,0.029060959111998283
2018-09-27,2018,1916,0,0,59,15,0.781981521194017,0.0019549538029850423,0.10203645112217966,0.1498142287765984,0.000371820019463201,0.06346389937347599
2018-09-28,2018,1917,0,0,60,17,-1.0171540261448828,-0.002542885065362207,-0.09897628940158547,0.18334943850979887,0.0003936480901082696,0.01387783227222985
2018-10-01,2018,1920,0,0,63,19,0.6451840925102543,0.0016129602312756359,0.05251790655451739,0.15807607562938764,0.0005264929448637371,0.01627406279002855
2018-10-02,2018,1920,0,0,63,17,-0.665719540661017,-0.0016642988516525426,-0.04027374957160703,0.17355526345150835,0.00031631395463297215,0.02158241441654723
2018-10-03,2018,1920,0,0,63,3,-0.8605518492074353,-0.0021513796230185882,-0.06445519152601367,0.17758920955699492,0.00043351383382905984,0.016342464819441196
2018-10-04,2018,1920,0,0,62,11,-0.6654144482148374,-0.0016635361205370935,-0.035942298343263346,0.1728357232943098,0.0008258264121050048,0.026506495530996686
2018-10-05,2018,1920,0,0,65,9,0.5668107147236556,0.0014170267868091392,0.09278712530667768,0.1513558995526483,0.0005291113717962182,0.03787982510374774
2018-10-09,2018,1920,0,0,65,5,-0.7016706736722016,-0.001754176684180504,0.029122225195257062,0.16198159421188135,0.0013641710127523874,0.023953174251948133
2018-10-10,2018,1920,0,0,64,2,2.6663545475594397,0.006665886368898599,0.1869712210496297,0.13564508475442316,0.0006556064893521496,0.016882244715405066
2018-10-11,2018,1920,0,0,63,31,1.4421227527055502,0.0036053068817638754,0.05371665368081195,0.1578777365296868,0.0005206533275682424,0.10396632381861225
2018-10-12,2018,1920,0,0,63,5,-0.39649944185050295,-0.0009912486046262574,-0.09442993616735976,0.1825913822976501,0.0004883847314421481,0.024835300288261846
2018-10-15,2018,1920,0,0,63,11,0.5720604268435694,0.0014301510671089234,0.09253466251532937,0.15140142394563638,0.0008918878038084249,0.034658793628762646
2018-10-16,2018,1920,0,0,64,12,-1.2215559816681358,-0.0030538899541703397,-0.10430915953167237,0.1842382798728023,0.00037661215572736077,0.02329082897999211
2018-10-17,2018,1920,0,0,63,6,-1.3948034716574678,-0.0034870086791436695,-0.12758693426854412,0.18812245581550904,0.0005220951392263922,0.0671018347446824
2018-10-18,2018,1920,0,0,63,16,-0.5437602689636913,-0.0013594006724092283,-0.008852889355879084,0.1683117403299633,0.0003200941422165779,0.04098263926909837
2018-10-19,2018,1921,0,0,64,10,0.9370084841966211,0.0023425212104915528,0.11082844763948284,0.14834936875054228,0.0006480491094639669,0.013977960068432813
2018-10-22,2018,1921,0,0,63,13,0.22694643237081052,0.0005673660809270263,0.05503204940511389,0.15764947650624134,0.00039608442453157043,0.03244880016198437
2018-10-23,2018,1921,0,0,62,9,1.051621717784836,0.0026290542944620897,0.11751491760475537,0.14723404967686282,0.0009865629423320762,0.040489728160451245
2018-10-24,2018,1921,0,0,63,15,-0.1595957471525975,-0.00039898936788149375,-0.0031480279769783882,0.1673636342082348,0.0006919493169199794,0.10193716391032705
2018-10-25,2018,1921,0,0,62,36,0.19883238104654888,0.0004970809526163722,0.06530427976319762,0.1559430611221143,0.0015130339899996205,0.07598270423517929
2018-10-26,2018,1921,0,0,62,26,-1.8771530456467396,-0.004692882614116849,-0.09520200040697811,0.1827232493666945,0.002404780173157905,0.027320274412410656
2018-10-29,2018,1921,0,0,62,14,-1.6720743113276768,-0.004180185778319192,-0.15535517015328826,0.19275913813741755,0.002382076903641466,0.0360056517028388
2018-10-30,2018,1921,0,0,63,31,1.8262948261042773,0.004565737065260693,0.08791658058808131,0.1521699311667191,0.00181883882131643,0.131143193238373
2018-10-31,2018,1921,0,0,62,9,3.7289535140912,0.009322383785228,0.24250487886794947,0.12637970682056238,0.0008766374681867638,0.07444204271795025
2018-11-01,2018,1921,0,0,62,12,1.2408212166964332,0.003102053041741083,0.04704648750802038,0.15898666368597358,0.0005917170368766492,0.026178086892036358
2018-11-02,2018,1921,0,0,61,6,-0.47241514366389037,-0.001181037859159726,0.017906005401684938,0.1638485188406691,0.0006394298364468556,0.041660216010355515
2018-11-05,2018,1921,0,0,61,6,0.4798858531704411,0.0011997146329261027,0.04750361732782945,0.15891153540658978,0.0006382693454035403,0.029596441709169388
2018-11-06,2018,1921,0,0,60,7,0.21219680245436345,0.0005304920061359087,0.031188494151812032,0.16163534926640044,0.0009402916956941861,0.022579344312681972
2018-11-07,2018,1921,0,0,60,11,-0.032261467160301815,-8.065366790075453e-05,-0.010535780075629837,0.16858968402563138,0.0007549663147623229,0.027708899110505496
2018-11-08,2018,1921,0,0,60,5,0.04031713759991318,0.00010079284399978294,-0.031609600593516474,0.17210910966352339,0.0011278996305154048,0.028270965418654665
2018-11-09,2018,1921,0,0,62,5,-0.6323029508513915,-0.001580757377128479,-0.022537625097505745,0.17059984542420395,0.0009551107751543636,0.014311379771821085
2018-11-12,2018,1921,0,0,61,2,0.9529339276250767,0.0023823348190626916,0.037438540165077736,0.1605909073694121,0.000772822134012997,0.012863999970523541
2018-11-13,2018,1921,0,0,58,10,-0.7885979396642366,-0.0019714948491605915,-0.06214341406352242,0.1772038236299544,0.0007386427184925358,0.015511820886646963
2018-11-14,2018,1921,0,0,59,7,-1.287323981918098,-0.003218309954795245,-0.17320829485334452,0.19573596932060755,0.0005332246887388776,0.01645566303469365
2018-11-15,2018,1921,0,0,58,8,0.23295142982609285,0.0005823785745652321,0.019490808698102404,0.16358567361800225,0.0005345384749775502,0.02301175016475676
2018-11-16,2018,1921,0,0,58,11,0.9068102266823987,0.002267025566705997,0.11359585319176178,0.1478840182770656,0.0004522748625912335,0.05289443550549047
2018-11-19,2018,1921,0,0,58,4,-0.34638498673881246,-0.0008659624668470312,0.0072842360237773416,0.16562096283278474,0.0003398119777412754,0.012594978660487113
2018-11-20,2018,1921,0,0,59,7,-0.2685528880572001,-0.0006713822201430003,-0.0011069921717715447,0.16702187595458998,0.0004070716533312562,0.019674844755903795
2018-11-21,2018,1921,0,0,59,18,0.728342196805579,0.0018208554920139475,0.030496209553991932,0.1617464379813619,0.00039100201616565464,0.01196926504328642
2018-11-22,2018,1921,0,0,59,3,1.1887260323725053,0.002971815080931263,0.12573914723936042,0.14585868405195318,0.0003392316018536175,0.010398206129133496
2018-11-26,2018,1921,0,0,60,3,2.5638887564124246,0.006409721891031062,0.18224102363750275,0.1364318313876643,0.0004673555091042554,0.01780623713143957
2018-11-27,2018,1921,0,0,60,6,0.8905935311853911,0.0022264838279634777,0.09874020495631158,0.1503627928416596,0.00037769500319429395,0.009158338749170868
2018-11-28,2018,1922,0,0,61,6,0.2970788975316284,0.000742697243829071,0.008636472988812816,0.16539688154187798,0.00037582356785665055,0.02858311707487651
2018-11-29,2018,1922,0,0,62,13,1.7235220787813161,0.00430880519695329,0.15370870731920183,0.14119290671743,0.00040922751050706936,0.06156655727636655
2018-11-30,2018,1922,0,0,61,4,-0.7806460600056626,-0.0019516151500141566,-0.07855551349360204,0.17994601873390556,0.0009165244899015382,0.011437240064380884
2018-12-03,2018,1922,0,0,62,10,-1.7283318979460476,-0.004320829744865119,-0.1611289433312874,0.19372115407025656,0.0005328190994074031,0.013353725830439731
2018-12-04,2018,1922,0,0,61,10,0.31011305633435926,0.0007752826408358982,0.025321597850099964,0.16261467546749997,0.000754902136541306,0.06243218999105743
2018-12-05,2018,1922,0,0,62,14,-0.5116058691314183,-0.0012790146728285457,-0.09017161595947377,0.18188075048470487,0.000422785689664024,0.025580736807062698
2018-12-06,2018,1922,0,0,62,17,1.150284253449612,0.00287571063362403,0.10202983489088802,0.14981734224278548,0.0006886784346504606,0.015487423887918279
2018-12-07,2018,1922,0,0,62,10,-0.15372163523241333,-0.0003843040880810333,-0.050037962869477155,0.1751871607822632,0.0006347857995723963,0.009807322994391895
2018-12-10,2018,1922,0,0,60,18,-1.452173560480301,-0.0036304339012007527,-0.07770519714264994,0.17980403365566056,0.0015831474259941918,0.038760290466568474
2018-12-11,2018,1922,0,0,59,19,-2.065588220106664,-0.00516397055026666,-0.2160207568781513,0.2028777203390472,0.0011157900187827958,0.02709628261415151
2018-12-12,2018,1923,0,0,58,3,-0.8235179266393811,-0.0020587948165984526,-0.09725675811069438,0.18306508250805614,0.00112702846510006,0.06013621320352715
2018-12-13,2018,1924,0,0,59,1,-1.2321196428824628,-0.003080299107206157,-0.13677457617534886,0.1896572583258631,0.0007030152276409435,0.029208109186827126
2018-12-14,2018,1923,0,0,60,11,-0.7310986090281322,-0.0018277465225703304,-0.05738813793480976,0.17641460142061172,0.000777676009431265,0.04719143696831014
2018-12-17,2018,1923,0,0,59,7,0.3844140976814418,0.0009610352442036046,0.016237597050266957,0.16412875933978563,0.000465688747327615,0.02578010989691947
2018-12-18,2018,1923,0,0,57,11,1.9290902559691077,0.004822725639922769,0.1622441162483954,0.13977124623830306,0.000813253753606959,0.055847360651855235
2018-12-19,2018,1925,0,0,59,17,0.6867910152035117,0.0017169775380087792,-0.011066755718193282,0.16868619405261817,0.0010191963388686415,0.035565968035840605
2018-12-20,2018,1925,0,0,59,33,4.7468920444971205,0.011867230111242801,0.19729774189186322,0.1339227685277581,0.0016564905629257508,0.08814286262180744
2018-12-21,2018,1928,0,0,61,44,-2.5096106526847533,-0.006274026631711883,-0.17301645896323142,0.1957052414831684,0.002881924167242247,0.039681291069276994
2018-12-25,2018,1929,0,0,61,39,-2.6944682134033666,-0.006736170533508417,-0.18016411002615873,0.19689804683075243,0.014310559245508676,0.14799035962710155
2018-12-26,2018,1929,0,0,58,1,-0.12143492280744023,-0.00030358730701860056,-0.047179823436298486,0.17470683863563863,0.001012594158612511,0.12577411202628982
2018-12-27,2018,1929,0,0,58,2,-0.26747202404746195,-0.0006686800601186549,-0.011347369529696177,0.16873089405275338,0.0010131294585707326,0.09925434008369705
2018-12-28,2019,1930,0,0,58,9,0.19631594775118266,0.0004907898693779566,-0.09999737546786103,0.18352291716828648,0.0021054577207442506,0.04592258810672766
2019-01-04,2019,1930,0,0,57,42,-2.18361174310616,-0.0054590293577654,-0.1556066283819351,0.1927983084203303,0.0009033914940615788,0.0902425326290202
2019-01-07,2019,1930,0,0,57,10,1.1308516824949502,0.0028271292062373755,0.030380839229919833,0.1617684306497477,0.0007630957876524367,0.0807508555555408
2019-01-08,2019,1930,0,0,56,15,-0.9604064037019893,-0.0024010160092549733,-0.07769048166560322,0.17979701354200545,0.0008150695960774528,0.0386471477549683
2019-01-09,2019,1930,0,0,57,15,-0.4415053310367095,-0.0011037633275917738,0.04857000360649832,0.15872904767792617,0.00048012679500099835,0.03279779455772324
2019-01-10,2019,1930,0,0,55,13,-0.33317628861950355,-0.0008329407215487589,0.028398218595692807,0.16209870113050837,0.0008265892098104905,0.030816883728592995
2019-01-11,2019,1930,0,0,56,8,-0.11557769955789143,-0.0002889442488947286,0.004475845065116153,0.16608908287939642,0.0004402065070101453,0.02347910024507652
2019-01-15,2019,1930,0,0,56,11,0.40737153413516536,0.0010184288353379135,0.06858503640370514,0.15539124015233058,0.00043872050863517746,0.02056887646794156
2019-01-16,2019,1930,0,0,57,6,1.3912774147653102,0.0034781935369132756,0.0638193552413845,0.15618830824617713,0.0005468871873038668,0.03866721278427729
2019-01-17,2019,1929,0,0,59,15,0.7530015025027619,0.0018825037562569048,0.0167016558271471,0.1640497705302633,0.0004685527846116968,0.0353204976799001
2019-01-18,2019,1929,0,0,58,4,-0.7817651040653708,-0.001954412760163427,-0.04147430902349141,0.17375336438116773,0.0004534419033129544,0.027581166076699883
2019-01-21,2019,1929,0,0,59,1,-0.9647232729658359,-0.00241180818241459,-0.07607858974038162,0.17952948839317812,0.00046098781391418247,0.04146825427193501
2019-01-22,2019,1929,0,0,61,6,-0.3270748471380216,-0.000817687117845054,-0.048986810719151695,0.175005769681388,0.0004998460800606892,0.014860644333344199
2019-01-23,2019,1929,0,0,61,9,-1.5786901894089693,-0.003946725473522423,-0.12521910573916725,0.187725752423621,0.0005654662685291643,0.01795412703416743
2019-01-24,2019,1929,0,0,60,11,0.5801382394541537,0.0014503455986353841,0.009365710875506939,0.16527423657176665,0.00045902274150206885,0.085912814763341
2019-01-25,2019,1929,0,0,60,4,1.5035970976470645,0.003758992744117661,0.09003151447392274,0.15181269018560795,0.00036486254312384053,0.023306008453168908
2019-01-28,2019,1929,0,0,60,4,0.18429163755660571,0.0004607290938915143,-0.043339156490359666,0.17406787192938902,0.0007563208982301249,0.011272289740135392
2019-01-29,2019,1929,0,0,61,4,0.12012097897497598,0.0003003024474374399,-0.020003626915063202,0.1701728851378693,0.0008043437350251783,0.021779623381825566
2019-01-30,2019,1929,0,0,62,5,0.07650543569140078,0.00019126358922850196,0.029400065869208833,0.1619320233357315,0.0009152246896781782,0.23915608763942212
2019-01-31,2019,1929,0,0,62,12,1.0612258790102205,0.0026530646975255513,0.0738105297740634,0.1545243978325429,0.0009650605200387536,0.02213014427450654
2019-02-01,2019,1929,0,0,62,15,0.5514180187428578,0.0013785450468571444,-0.004488542577279138,0.16758349460526648,0.0005358563629024149,0.018688879002236144
2019-02-04,2019,1929,0,0,62,24,-1.0432136066030469,-0.0026080340165076173,-0.08689999344592082,0.18133094537540478,0.0005166216785591613,0.016953875383204406
2019-02-05,2019,1929,0,0,64,10,-0.2975878115436106,-0.0007439695288590265,-0.03757039004960235,0.17310364388370617,0.0007242985796060602,0.06879944241200459
2019-02-06,2019,1929,0,0,64,6,0.10701155022785169,0.00026752887556962923,0.002242738209979405,0.1664645159066392,0.0011736430683733665,0.01496101508104317
2019-02-07,2019,1929,0,0,66,7,0.6190653214897233,0.0015476633037243082,0.017710975526511928,0.16388387440904223,0.0012724119968080061,0.025941677764972776
2019-02-08,2019,1929,0,0,65,1,0.8488832551623997,0.002122208137905999,0.03843252712443476,0.16042412765103994,0.0007865409197818183,0.03250359702862252
2019-02-12,2019,1929,0,0,64,1,1.1387390593868203,0.002846847648467051,0.08550171891890157,0.15257051906164204,0.0006768246018703395,0.02441050222813424
2019-02-13,2019,1929,0,0,64,2,0.5137075368634956,0.0012842688421587389,0.04988885850475582,0.1585108773042767,0.0008003610156021837,0.021280386966238848
2019-02-14,2019,1929,0,0,65,1,0.25549961224999507,0.0006387490306249877,0.006080005259505383,0.1658248847370196,0.0008977372845482221,0.02049774647555883
2019-02-15,2019,1929,0,0,64,1,0.7743101433625783,0.0019357753584064458,0.049459658401937216,0.15857855145857377,0.0003456133978856325,0.023013192692148503
2019-02-18,2019,1929,0,0,63,2,0.4123870681120617,0.0010309676702801543,0.026903439362120023,0.16234562817973439,0.0003335516204592699,0.012702945676183929
2019-02-19,2019,1929,0,0,63,3,1.187452209231573,0.0029686305230789325,0.08709901472319692,0.1522986064813678,0.00028415233492716855,0.02386053109783684
2019-02-20,2019,1929,0,0,64,6,-0.6241369991919733,-0.0015603424979799333,-0.07151464272550816,0.17875965963920498,0.0003099855570678591,0.01725619180711478
2019-02-21,2019,1929,0,0,64,2,-0.22098595005881272,-0.0005524648751470318,-0.008429603457530483,0.1682424173869631,0.0003745909884419747,0.010626932958803688
2019-02-22,2019,1929,0,0,64,2,0.25938067956982025,0.0006484516989245506,0.008974435379252152,0.1653344138443515,0.00030699944427228147,0.013440821368673216
2019-02-25,2019,1929,0,0,63,7,0.8136312670589076,0.0020340781676472693,0.08157134678693917,0.15322476019718498,0.00039267235783411867,0.008614574474476357
2019-02-26,2019,1929,0,0,62,5,0.2675832992886851,0.0006689582482217127,0.05947507609808429,0.15690980501388863,0.0004091868588512109,0.012406493215311152
2019-02-27,2019,1929,0,0,62,12,-0.49208903299292917,-0.001230222582482323,-0.032841275805096555,0.1723130803023796,0.00029543592078756743,0.02727872647150846
2019-02-28,2019,1930,0,0,60,6,-0.1266138862482289,-0.00031653471562057223,-0.03617706367557554,0.1728723589695002,0.00041216174586005864,0.022125799205097458
2019-03-01,2019,1931,0,0,61,7,-0.43583453702792724,-0.001089586342569818,-0.0447472892120372,0.17429830855847303,0.0003464351257353387,0.012938412896482369
2019-03-04,2019,1931,0,0,61,13,-0.4436613733022999,-0.0011091534332557497,-0.03295977858913626,0.17232992626955643,0.0002667156425877455,0.019545686821419578
2019-03-05,2019,1932,0,0,63,12,0.21209640651816097,0.0005302410162954024,0.001006512496545766,0.16666846893774148,0.0004453553184409483,0.01862013836232878
2019-03-06,2019,1932,0,0,64,6,1.1902015404538666,0.0029755038511346667,0.07243592694553043,0.15475391298376673,0.0009687175374709929,0.008378823971563783
2019-03-07,2019,1932,0,0,63,5,-0.6492474825710532,-0.0016231187064276332,-0.06407124055238565,0.17752466304862974,0.0004281544832313824,0.020179467272224492
2019-03-08,2019,1932,0,0,63,1,0.6436891148880068,0.001609222787220017,0.1318588339809856,0.14483871682634863,0.0006996750463090577,0.022772857743692494
2019-03-11,2019,1932,0,0,63,9,-0.8517651250392557,-0.002129412812598139,-0.07918917324665836,0.18004566805680255,0.000348247220806776,0.020842541226217304
2019-03-12,2019,1932,0,0,63,15,-0.28840267409853704,-0.0007210066852463426,-0.06295013327401831,0.17733402008169208,0.00036503577374142574,0.04008984016045823
2019-03-13,2019,1933,0,0,66,7,-0.5547689596273586,-0.0013869223990683965,-0.03970123844577944,0.17345946476264604,0.0005372321543639411,0.022305330332177176
2019-03-14,2019,1933,0,0,65,17,-0.7925359704248542,-0.0019813399260621358,-0.058341541049901864,0.17657007529401908,0.0007087179524669679,0.037909345804385576
2019-03-15,2019,1934,0,0,65,10,0.43019047370030006,0.0010754761842507502,0.022088322909656535,0.16314987167873563,0.0003043083745812161,0.03612260582946224
2019-03-18,2019,1934,0,0,65,5,-0.47673589162623997,-0.0011918397290655999,-0.051892931197811486,0.1754904308227198,0.0002872413153900252,0.013068070738434495
2019-03-19,2019,1935,0,0,66,11,-0.03921380368149019,-9.803450920372547e-05,-0.038917197420462464,0.17332624714745126,0.0004039179123227762,0.013519253959404383
2019-03-20,2019,1936,0,0,67,9,0.2569806695254382,0.0006424516738135955,-0.024018088674788843,0.17084591448516664,0.0010334004884932327,0.014978232368497716
2019-03-22,2019,1936,0,0,66,9,0.08750566622911382,0.00021876416557278455,0.03497623385478079,0.1610032841071117,0.000989987812178189,0.009178091927539172
2019-03-25,2019,1936,0,0,65,13,-0.9766279838431606,-0.0024415699596079016,0.014619706176303886,0.16439790797111298,0.0005006801406411032,0.018714386815700753
2019-03-26,2019,1936,0,0,63,14,-1.2142226184530474,-0.0030355565461326183,-0.13232371155132655,0.18891490043427206,0.001384353800976046,0.05013547335009881
2019-03-27,2019,1936,0,0,61,9,0.3829638979825314,0.0009574097449563285,0.06154889236592302,0.1565666323107282,0.00034921187291547416,0.01820980544434002
2019-03-28,2019,1937,0,0,63,11,-0.9365699993819678,-0.0023414249984549194,-0.10623832174231754,0.1845627610837225,0.000646048643905478,0.06148015899225988
2019-03-29,2019,1937,0,0,64,3,-0.43053516043763196,-0.00107633790109408,-0.09062727666554164,0.1819561475830227,0.0005431893898368775,0.02092382668097247
2019-04-01,2019,1937,0,0,63,5,-0.6783585469399658,-0.0016958963673499145,-0.068493998640837,0.1782620914334589,0.0004247770760420312,0.06231489355466541
2019-04-02,2019,1937,0,0,63,7,0.25836777677631584,0.0006459194419407896,-0.023723098626783047,0.17077981774775908,0.0003359746375372979,0.062220526870740527
2019-04-03,2019,1937,0,0,63,7,1.1665969623784171,0.002916492405946043,0.07534313782584061,0.15426192550484727,0.00033735539655917977,0.025315637393120455
2019-04-04,2019,1937,0,0,65,7,0.6945495475106371,0.0017363738687765928,0.025739440299352864,0.16253919144242587,0.0003068076980315461,0.012586510047167711
2019-04-05,2019,1937,0,0,64,8,0.8129414431790982,0.0020323536079477457,0.05592656329540072,0.15749289139123865,0.0003402061752685556,0.034895520932754484
2019-04-08,2019,1937,0,0,63,9,0.7461108059457464,0.001865277014864366,0.08408048617466812,0.15280514991947,0.0002484992432840846,0.01665232304170358
2019-04-09,2019,1937,0,0,64,12,1.310510300343108,0.00327627575085777,0.12923697689624689,0.14526552107581794,0.00033156299308897714,0.024071995255633312
2019-04-10,2019,1938,0,0,63,10,0.14315338142949324,0.0003578834535737331,-0.021052641839754936,0.1703420339298524,0.00027883925587807396,0.014058021323955849
2019-04-11,2019,1938,0,0,66,8,-2.0430207647489476,-0.0051075519118723685,-0.18130618712393937,0.19708605180585081,0.0008561903317412508,0.015256032892621129
2019-04-12,2019,1938,0,0,65,8,0.8586781891621302,0.0021466954729053257,0.055459453073085516,0.1575790783664426,0.00033088958472022564,0.03138662820799285
2019-04-15,2019,1938,0,0,64,22,0.057799324255540796,0.000144498310638852,0.018666280388343268,0.1637154448066629,0.00039744752897305513,0.02596733259125594
2019-04-16,2019,1938,0,0,65,10,-0.3533638208138745,-0.0008834095520346863,-0.046814299285802434,0.17464794146238993,0.0006587123094589409,0.01019278063200315
2019-04-17,2019,1938,0,0,65,9,2.769359602059583,0.006923399005148958,0.23243797338171662,0.12805368718512408,0.0003150760593389328,0.014457390666897866
2019-04-18,2019,1938,0,0,65,13,0.80624162119203,0.002015604052980075,0.14231541472454967,0.14308489613993147,0.00025957460123449735,0.017861430187469073
2019-04-19,2019,1938,0,0,65,15,-0.08796245295107441,-0.00021990613237768603,0.033629759587456516,0.16121326154366475,0.0002194659049505285,0.02556653727452809
2019-04-22,2019,1938,0,0,64,13,0.1494003643789461,0.00037350091094736525,0.045160260808096486,0.15930153227084612,0.0003505891671886244,0.022223404116930398
2019-04-23,2019,1938,0,0,63,5,-0.1434725523700653,-0.00035868138092516323,0.019712912177399854,0.16354474152361,0.00037091425320857587,0.021929774433580407
2019-04-24,2019,1938,0,0,64,17,-0.08768638255858924,-0.0002192159563964731,-0.014915021986824711,0.16932141811840806,0.00042298546412936365,0.023165645487905034
2019-04-25,2019,1938,0,0,64,15,-1.4954082029463125,-0.0037385205073657813,-0.10599192101264338,0.18452020073018086,0.0009412004369644182,0.007912015456245095
2019-04-26,2019,1938,0,0,64,9,0.18760915062315275,0.00046902287655788187,-0.03794832859894936,0.17316812713229818,0.0007204660401313995,0.009464431691828305
2019-05-07,2019,1938,0,0,63,10,0.01951971487123183,4.879928717807957e-05,-0.005808546596115818,0.16780664285377203,0.0009427531680648095,0.005934842612077882
2019-05-08,2019,1938,0,0,63,9,-0.12022314377052812,-0.0003005578594263203,0.0036108493835607,0.16623169347420355,0.0008201763589152989,0.034680596071473314
2019-05-09,2019,1938,0,0,63,13,1.3209455502938408,0.003302363875734602,0.012751305845048513,0.16470955750614405,0.001380622587945401,0.0338189263877719
2019-05-10,2019,1938,0,0,64,20,0.45567068407823375,0.0011391767101955844,0.0023937983104876832,0.16643725557823455,0.0009965054359004125,0.015577280714608425
2019-05-13,2019,1938,0,0,62,7,0.5519870586036733,0.0013799676465091832,0.03990101679423492,0.16017998303113753,0.0012637282987573177,0.02429275082374479
2019-05-14,2019,1938,0,0,61,16,0.31587933809981616,0.0007896983452495405,0.05100077276850566,0.1583259533555445,0.001017837092573368,0.02879785592125291
2019-05-15,2019,1938,0,0,61,11,-0.5463831477479855,-0.0013659578693699637,-0.012669503072387718,0.16895000522300233,0.0006448062419506032,0.029568946396447738
2019-05-16,2019,1938,0,0,61,11,0.8267458551229471,0.0020668646378073675,0.00112220281394292,0.16664649858408392,0.00044667573762535305,0.019692919288731063
2019-05-17,2019,1938,0,0,60,5,-0.5367369169838658,-0.0013418422924596646,-0.05742311675151668,0.17641499403414312,0.0003730761332065315,0.02258543752061514
2019-05-20,2019,1938,0,0,61,8,-0.4733078640056487,-0.0011832696600141217,-0.03961659821749695,0.17343964937410128,0.0003222126191785906,0.02447145975022889
2019-05-21,2019,1938,0,0,61,9,2.565255146040685,0.006413137865101713,0.15810592234313378,0.14045523519477196,0.00038538325502901905,0.0140591584491404
2019-05-22,2019,1938,0,0,60,8,-0.6335357466731305,-0.0015838393666828263,0.009487234953357097,0.16524987813615727,0.00030734251770557784,0.008508873602119557
2019-05-23,2019,1938,0,0,61,2,0.41703283618749465,0.0010425820904687367,0.05280111633863066,0.158021298183941,0.000379988313549508,0.031205265378235193
2019-05-24,2019,1938,0,0,60,6,-0.2180928714343804,-0.0005452321785859509,-0.000149988521519781,0.1668594968936903,0.00040227001406789906,0.019900425305256954
2019-05-27,2019,1938,0,0,60,11,-0.8076288510624439,-0.00201907212765611,-0.06387726607462545,0.17749080996401245,0.0003939408873584893,0.010009089203934594
2019-05-28,2019,1938,0,0,60,0,2.762514187195391,0.006906285467988478,0.2512615019136674,0.12491497532817555,0.0003681605168619908,0.015342388041435446
2019-05-29,2019,1938,0,0,60,7,0.40264596318277257,0.0010066149079569315,0.07679972880971933,0.15402178931760077,0.000367829607703998,0.03952012171119042
2019-05-30,2019,1938,0,0,59,11,0.43801847766528423,0.0010950461941632106,0.10572529604271186,0.14919853856406268,0.0006575915627350933,0.018909907108562954
2019-05-31,2019,1938,0,0,59,2,-3.0692206425255084,-0.007673051606313771,-0.24233703750617092,0.20726817575620668,0.0007266567776899544,0.015760194029923097
2019-06-03,2019,1939,0,0,58,5,-1.3391730571087792,-0.003347932642771948,-0.16841261770982657,0.1949360325567278,0.0016705045210823942,0.02821934329044703
2019-06-04,2019,1939,0,0,58,3,-1.0745140379794935,-0.002686285094948734,-0.036511499196002294,0.17292154419875086,0.0004607783974552628,0.029001119855625684
2019-06-05,2019,1939,0,0,57,5,-0.38905269520562347,-0.0009726317380140587,-0.019573871655629606,0.17009921732814287,0.0005609998264446597,0.03569511492648308
2019-06-06,2019,1939,0,0,59,7,0.03418969128964067,8.547422822410166e-05,-0.03633059612459038,0.1728968990918467,0.0006897922541966432,0.030976598377780613
2019-06-07,2019,1939,0,0,59,13,0.7525037703639079,0.0018812594259097698,0.06407410889429953,0.15613854194447166,0.00028344203367281385,0.04750612773442673
2019-06-10,2019,1939,0,0,59,14,-0.01590853930280811,-3.977134825702028e-05,-0.023253423384011953,0.17071153659847343,0.00036859092567658364,0.04922794949389198
2019-06-11,2019,1939,0,0,61,5,-1.6601374921802834,-0.0041503437304507085,-0.2084750347608245,0.20161619705514325,0.0005627653838198962,0.012721505272908926
2019-06-12,2019,1940,0,0,62,7,-0.5284886315136821,-0.0013212215787842053,-0.006672409314639345,0.16794192671737979,0.00031355904129713654,0.07492225296743281
2019-06-13,2019,1940,0,0,62,15,-1.2750024758632148,-0.003187506189658037,-0.13427181348080952,0.18923437273752303,0.00038762488259448663,0.0177993918893007
2019-06-14,2019,1940,0,0,59,14,0.807655097391712,0.00201913774347928,0.06352606850787246,0.15623879171808583,0.00044957854838568366,0.012015119792832542
2019-06-17,2019,1940,0,0,57,10,-1.0993952862078933,-0.002748488215519733,-0.10446584773156567,0.18426619268472427,0.0008405820078972033,0.03274022921063995
2019-06-18,2019,1941,0,0,58,10,-0.6299514544256084,-0.001574878636064021,-0.034283199498491186,0.17254780389379126,0.00038877608858003607,0.08157239022272156
2019-06-19,2019,1942,0,0,58,15,-0.5849936961206241,-0.0014624842403015603,-0.07640995727093006,0.17958399289961913,0.0004862654938037784,0.052349327771387066
2019-06-20,2019,1942,0,0,57,10,-0.39623646568225646,-0.0009905911642056411,-0.007958642916110491,0.16815726092059416,0.0002801205666362508,0.020875580769032398
2019-06-21,2019,1942,0,0,57,14,0.19001585175764735,0.0004750396293941184,0.051182499626346474,0.15828870421201,0.0002742800567876953,0.017186742319453843
2019-06-24,2019,1942,0,0,57,19,0.41000781946927245,0.0010250195486731812,0.0015427337964719053,0.16657788396897727,0.0004342860666884709,0.014046118112158707
2019-06-25,2019,1942,0,0,57,14,1.0643123901714984,0.0026607809754287458,0.06925038517483596,0.15528310037344947,0.0005333005926877056,0.007854956868102088
2019-06-26,2019,1942,0,0,57,29,-0.17438284842132235,-0.0004359571210533059,-0.007716007105811571,0.16811707058562553,0.00037386624956173677,0.015425171015101215
2019-06-27,2019,1943,0,0,57,3,0.15878597725032684,0.0003969649431258171,-0.007572923485960362,0.16810150566317955,0.0008354176818658451,0.03497812448188227
2019-06-28,2019,1943,0,0,57,11,-0.5193217559408605,-0.0012983043898521513,-0.035810382200860066,0.17280704150417395,0.00028744443224583996,0.04656441489237409
2019-07-01,2019,1943,0,0,58,26,-2.3462320487601973,-0.005865580121900494,-0.2073883719149097,0.2014343152257378,0.0006284780497594221,0.09085944347485736
2019-07-02,2019,1943,0,0,57,8,1.3076268540867968,0.003269067135216992,0.09918944641437295,0.15028572164317583,0.0002453113567587291,0.17527703111936582
2019-07-03,2019,1943,0,0,57,3,0.34174533179286626,0.0008543633294821656,0.06699766488689278,0.155647531889257,0.00025482833101456956,0.04288443714807696
2019-07-04,2019,1943,0,0,58,6,0.058762781815197895,0.00014690695453799474,-0.003475517878596929,0.1674129454720048,0.00046976938467183793,0.03286726940815828
2019-07-05,2019,1943,0,0,55,6,0.44493064182306774,0.0011123266045576694,-0.017809382574563513,0.16980431028162957,0.00034051747060035765,0.06099749347219095
2019-07-08,2019,1943,0,0,54,1,0.3073970777491632,0.000768492694372908,0.031681835685205564,0.1615462671116877,0.0002665511408449658,0.018536882533092672
2019-07-09,2019,1943,0,0,53,3,-0.21510140056842175,-0.0005377535014210544,0.013528195751465202,0.1645770983938572,0.0003273180099090822,0.020592790737163823
2019-07-10,2019,1943,0,0,54,6,0.295818199957129,0.0007395454998928224,0.052442565570604234,0.1580831503301208,0.00039452090841277364,0.21817353466255013
2019-07-11,2019,1943,0,0,55,4,-0.02293051788845868,-5.73262947211467e-05,-0.025578308657565257,0.1710980678793092,0.0005638133552970457,0.010318908263422863
2019-07-12,2019,1943,0,0,52,1,-0.035840592968834795,-8.960148242208699e-05,0.028445564177764636,0.1620854676810461,0.0002877814894620679,0.010885857321780571
2019-07-16,2019,1943,0,0,51,4,-0.525269097748688,-0.0013131727443717201,-0.058052659642657996,0.1765234464578659,0.000971608531872506,0.012268191105600342
2019-07-17,2019,1943,0,0,54,3,0.6068091255559613,0.0015170228138899034,0.05866708847842722,0.15705009278734247,0.0005262711271470877,0.0090390317937138
2019-07-18,2019,1944,0,0,55,15,-0.9374949898042149,-0.002343737474510537,-0.08592508157245729,0.1811679548639305,0.00031011416030016784,0.02859845946053364
2019-07-19,2019,1944,0,0,54,10,-0.3743156339872007,-0.0009357890849680017,-0.012571147502130162,0.16893178883629342,0.00021640235074088358,0.015213080788451658
2019-07-22,2019,1944,0,0,54,7,0.1787812810101151,0.0004469532025252877,-0.051902189049271186,0.17548818594700122,0.0002484965491500488,0.0330558542338922
2019-07-23,2019,1944,0,0,54,8,-0.03443080554185585,-8.607701385463961e-05,-0.031931299368324235,0.1721570374939442,0.00025291967639492254,0.010956885282517833
2019-07-24,2019,1944,0,0,54,9,-0.6115522896294644,-0.001528880724073661,-0.036879746464411424,0.17297974622080006,0.0003373511343412627,0.013312340995927202
2019-07-25,2019,1944,0,0,54,10,-0.8019821929542198,-0.0020049554823855496,-0.06774680207746916,0.17813299071444783,0.00033831901618866923,0.03334758431654701
2019-07-26,2019,1944,0,0,54,9,-0.3284605512273103,-0.0008211513780682758,0.020957721127588733,0.16333531110329608,0.00035358449563573004,0.038273812408945625
2019-07-29,2019,1945,0,0,54,7,-0.09225690766207895,-0.00023064226915519738,-0.023796766233560272,0.17080282902002306,0.0005165537991254665,0.026484014758516628
2019-07-30,2019,1945,0,0,55,15,-0.3055164836431632,-0.000763791209107908,0.021291375698222186,0.16327699272598797,0.0004728195195464112,0.007015873105824295
2019-07-31,2019,1945,0,0,56,7,-1.3798930095821618,-0.0034497325239554043,-0.1549664431924529,0.1926920505892431,0.001270721032495923,0.011966923836757714
2019-08-01,2019,1945,0,0,55,8,-0.4396200571536468,-0.0010990501428841172,-0.055087184510095304,0.17602794785786596,0.0010136578872295679,0.019841492091721254
2019-08-02,2019,1945,0,0,56,25,0.8195703822079519,0.00204892595551988,0.051797439864943354,0.1581899709038648,0.00039752717685564455,0.028030595365400496
2019-08-05,2019,1945,0,0,54,27,1.221278436400109,0.0030531960910002726,0.05152766768581557,0.15823584495215315,0.0006143040076605313,0.01990835964876672
2019-08-06,2019,1945,0,0,54,24,-0.14587340512338215,-0.0003646835128084554,0.01807303657545199,0.16381737086211917,0.0006109279455310422,0.010041340722883426
2019-08-07,2019,1945,0,0,55,13,-0.6291643037872852,-0.001572910759468213,-0.05295099859100505,0.17565894891942166,0.000584905658864594,0.019436640408528168
2019-08-08,2019,1945,0,0,53,9,-2.712524476906145,-0.006781311192265362,-0.16990570381313702,0.19518358735801788,0.001044300355229216,0.017138431330824103
2019-08-09,2019,1946,0,0,54,4,2.0083574688441708,0.005020893672110427,0.1338835325274668,0.14449883697413857,0.0006549642780160457,0.01864075117894466
2019-08-13,2019,1946,0,0,54,4,1.2111174791159065,0.003027793697789766,0.07487956699614721,0.15434323512549802,0.0005199278912064904,0.02876199083938885
2019-08-14,2019,1946,0,0,54,2,-0.1380442980128343,-0.00034511074503208576,-0.0009083958001096671,0.16698160882347446,0.00033045776325673053,0.017797172903534376
2019-08-15,2019,1946,0,0,54,8,-1.0725226265747014,-0.0026813065664367535,-0.0627454375316184,0.17729121181802196,0.0004090025261969901,0.052334092729474084
2019-08-16,2019,1946,0,0,54,23,-0.566044444872527,-0.0014151111121813176,-0.0010481496813016685,0.1670088569704936,0.0004729346729835516,0.05126776297038074
2019-08-19,2019,1946,0,0,54,2,-0.7571476886180173,-0.0018928692215450433,-0.1074616253416053,0.18476242703237544,0.00034621779971091935,0.07441826627613939
2019-08-20,2019,1946,0,0,54,1,0.2752502727294064,0.000688125681823516,0.04279384245702912,0.15967723976961426,0.00028811679660953993,0.0203177918025639
2019-08-21,2019,1946,0,0,57,6,0.4114726789208578,0.0010286816973021445,0.03908700973072147,0.16030155832228124,0.0002395000058236995,0.02068668729778872
2019-08-22,2019,1946,0,0,57,15,-2.4987369340589205,-0.006246842335147301,-0.18990495106598695,0.19852072695077888,0.0006043583913741049,0.007940902949545857
2019-08-23,2019,1946,0,0,57,11,-0.2613243973449242,-0.0006533109933623104,0.015633060178357194,0.16422029996020046,0.0003127386866803734,0.0032739371110758588
2019-08-26,2019,1946,0,0,58,3,0.9259257724849308,0.002314814431212327,0.04362494365955539,0.15954648012376216,0.00033002297459121336,0.10154738915420368
2019-08-27,2019,1946,0,0,54,8,-0.04143461125807191,-0.00010358652814517976,-0.004543327302150087,0.1675832515011869,0.0003174916957961064,0.03349081151619072
2019-08-28,2019,1946,0,0,54,13,2.643177225588745,0.006607943063971863,0.25227404097863965,0.12474850639282353,0.0006293294307264281,0.0268573722815747
2019-08-29,2019,1946,0,0,53,17,-0.20954573257241838,-0.000523864331431046,-0.03546773882614136,0.1727518840874968,0.00029267683021233314,0.012761135702330487
2019-08-30,2019,1946,0,0,53,2,0.04094637295890435,0.00010236593239726088,0.06143963209446486,0.1565795668761112,0.00029215476309785735,0.03155128630302935
2019-09-02,2019,1947,0,0,53,5,-1.1553326923997216,-0.002888331730999304,-0.10281000776118542,0.1839846482107572,0.00027207403386076377,0.013913627136229645
2019-09-03,2019,1947,0,0,53,6,1.210247859333045,0.0030256196483326126,0.17088718638988304,0.13832717666879596,0.000584395857449649,0.03342327877959492
2019-09-04,2019,1947,0,0,54,6,-0.5616692572046567,-0.0014041731430116417,-0.03964900505429852,0.17344462790241968,0.00025285355478861505,0.040237742107806104
2019-09-05,2019,1947,0,0,53,4,-0.15480220062651995,-0.0003870055015662999,0.02245363429922389,0.1630880449991291,0.0003373661043795811,0.027586013793309182
2019-09-06,2019,1947,0,0,52,11,4.977719309557145,0.012444298273892863,0.323654310683718,0.11283848090151824,0.0004656782992172591,0.023458313320624532
2019-09-09,2019,1947,0,0,51,21,1.7559620289105258,0.004389905072276315,0.1921814247147886,0.13477425366883614,0.00046231882569167397,0.030990652862012684
2019-09-10,2019,1947,0,0,51,7,1.4950423162170416,0.003737605790542604,0.13843316467891748,0.14373687202250524,0.0003446822524172191,0.018636054752271484
2019-09-11,2019,1947,0,0,51,8,0.749253611143504,0.0018731340278587598,0.11547341590493758,0.14756959793826113,0.0003382556164622818,0.05420835941365407
2019-09-12,2019,1947,0,0,50,7,-0.12353676372435896,-0.0003088419093108974,-0.04526538195911589,0.1743798083825144,0.00038719134265662334,0.017404645251918704
2019-09-13,2019,1946,0,0,50,8,-2.0027819933120936,-0.005006954983280234,-0.14149995712179145,0.19044155549266154,0.0004969043017759281,0.017196840385649715
2019-09-17,2019,1945,0,0,50,11,0.17684642704208975,0.00044211606760522436,0.0019576524531770743,0.16651010281383233,0.00029287087239170985,0.015443800103624788
2019-09-18,2019,1945,0,0,49,5,0.24804155371830788,0.0006201038842957697,-0.034720710468396594,0.17262049173487173,0.00034705845285173573,0.03060424200620012
2019-09-19,2019,1945,0,0,48,12,-0.14654132655559593,-0.0003663533163889898,-0.05424967434203799,0.1758822085572607,0.00036029469121405387,0.017260303956107767
2019-09-20,2019,1946,0,0,50,11,0.16145013911880768,0.00040362534779701917,0.01061685976598369,0.16505937212774868,0.00022897813121170078,0.01338501764680478
2019-09-24,2019,1947,0,0,50,5,-1.3008000816266239,-0.0032520002040665598,-0.0877182308999672,0.1814677001917911,0.0002646179389355117,0.01407309174623645
2019-09-25,2019,1947,0,0,50,4,0.5963174531439217,0.0014907936328598043,0.0012507671510129088,0.16662818020636605,0.0005751331138662924,0.012669908936376451
2019-09-26,2019,1947,0,0,51,12,0.8699665900266138,0.0021749164750665346,0.024050909267554696,0.16282341048114857,0.0004424197990965304,0.011575020954614344
2019-09-27,2019,1948,0,0,51,6,1.4541063130446692,0.003635265782611673,0.09901351437309165,0.15031790764347597,0.0006215778231559847,0.028210534014501323
2019-09-30,2019,1948,0,0,52,3,0.12751143969700968,0.0003187785992425242,-0.024557425454754728,0.170929896857312,0.00031801510309599967,0.026889615828182705
2019-10-01,2019,1949,0,0,52,4,0.3914540138122362,0.0009786350345305905,0.023153098515064016,0.16297449279915768,0.000663166944531515,0.03737408713271828
2019-10-02,2019,1949,0,0,52,8,-0.0998842031770395,-0.00024971050794259873,-0.03142024257051586,0.17207166728292705,0.0002592662529241551,0.023030235431224143
2019-10-03,2019,1949,0,0,52,2,-0.271967457494255,-0.0006799186437356374,0.03693116599002984,0.1606625948367984,0.0002834901162240906,0.024782398435252203
2019-10-04,2019,1949,0,0,50,3,0.4145318346165312,0.001036329586541328,0.07068833032328606,0.1550411447587494,0.0004417861325147581,0.015441572253337747
2019-10-07,2019,1949,0,0,49,5,-0.4929838966615473,-0.0012324597416538683,-0.06774417500263614,0.17813038741302692,0.00023171170301888175,0.011426514179919524
2019-10-08,2019,1950,0,0,52,12,0.4674184117870096,0.001168546029467524,0.0698574883772357,0.1551746794580696,0.0003433641431383336,0.020791283450865325
2019-10-09,2019,1951,0,0,56,8,-0.1422151828608712,-0.000355537957152178,-0.046139817999052944,0.1745260074319176,0.0003233103852378183,0.014810370831077429
2019-10-10,2019,1951,0,0,58,14,-0.0009446462145241696,-2.361615536310424e-06,-0.032865667622657156,0.17232014108983712,0.0006067240738221647,0.05332718598682283
2019-10-11,2019,1951,0,0,58,9,-0.29683366989245563,-0.0007420841747311391,-0.025079576023386625,0.17101676349996345,0.00043316758001661285,0.12493585257931006
2019-10-15,2019,1951,0,0,57,10,-0.2047782373617489,-0.0005119455934043723,-0.012613904615410457,0.16893688234863963,0.00031591609714134164,0.018591516509478014
2019-10-16,2019,1951,0,0,56,7,-1.1324653371640079,-0.0028311633429100196,-0.0937809042092175,0.18247725386364347,0.00030532451468767984,0.008157162186960646
2019-10-17,2019,1951,0,0,56,7,-0.2926041096798617,-0.0007315102741996543,-0.01907145901893941,0.17001052343898224,0.00031669217382529567,0.014164042685137986
2019-10-18,2019,1951,0,0,56,5,-0.7566437650055967,-0.0018916094125139918,-0.021361439079528734,0.17039738794414505,0.00031873351400911167,0.027838162988368862
2019-10-21,2019,1951,0,0,57,10,-0.5664283606356897,-0.0014160709015892242,-0.050852228323630816,0.17531217181229403,0.00032954314107590845,0.049683465321579814
2019-10-23,2019,1951,0,0,57,10,0.9084203980938399,0.0022710509952345997,0.0759805700749785,0.15414951148638015,0.0002456423228268456,0.011670212443415533
2019-10-24,2019,1951,0,0,58,7,1.0035819065842335,0.0025089547664605837,-0.03747063375737386,0.1730837920909758,0.0003463929551837096,0.024608101480089562
2019-10-25,2019,1952,0,0,58,18,0.015187390199181916,3.796847549795479e-05,-0.06691482266776558,0.17799694978910005,0.00032432296213076166,0.015334419525052694
2019-10-28,2019,1953,0,0,60,12,-0.3762867251775345,-0.0009407168129438362,0.047387201159822534,0.1589286743913556,0.0006014741357419303,0.03263085919997025
2019-10-29,2019,1953,0,0,59,14,-0.814205893549567,-0.0020355147338739174,-0.026510554184166094,0.1712557226613323,0.0005609636750251772,0.010216197568453132
2019-10-30,2019,1954,0,0,59,2,0.8477934736327236,0.002119483684081809,0.0303986002843265,0.16176360318649724,0.0005497948537777513,0.018456969773113428
2019-10-31,2019,1954,0,0,59,6,0.3195466290278359,0.0007988665725695898,0.06746005464426114,0.1555799995070579,0.0006571143089623402,0.06839547293475709
2019-11-01,2019,1955,0,0,63,8,0.41595000765390977,0.0010398750191347745,0.04556332619955953,0.15922881626660726,0.0004440237923078342,0.01853260335197868
2019-11-05,2019,1955,0,0,63,18,-0.16468083870003034,-0.00041170209675007584,-0.044905274586172106,0.17432315301397197,0.0004350140988713902,0.03568468243604596
2019-11-06,2019,1955,0,0,61,17,0.017912577275390792,4.478144318847698e-05,-0.0068467613750348875,0.1679713541531372,0.0005695001866060095,0.014454460915201283
2019-11-07,2019,1955,0,0,62,15,1.2423691002414197,0.003105922750603549,0.047226098472872936,0.15895599588960788,0.0006090361286195723,0.008557176332836232
2019-11-08,2019,1955,0,0,61,16,-0.3457174051342976,-0.0008642935128357441,-0.03409190713899406,0.17251891808217065,0.0003584934418417873,0.008551901022745632
2019-11-11,2019,1955,0,0,61,12,0.7081223761194659,0.001770305940298665,0.04700918322819336,0.15899195442567451,0.000492947801448581,0.035097801152046595
2019-11-12,2019,1955,0,0,61,15,-0.4624763982592006,-0.0011561909956480016,-0.009224344625981578,0.16837472109910775,0.0006618773778829693,0.02304109782888182
2019-11-13,2019,1955,0,0,61,11,0.7895254651434536,0.001973813662858634,0.026207723647009278,0.1624622363999348,0.0005681339288523196,0.02286901460265793
2019-11-14,2019,1955,0,0,61,8,0.3675924547410325,0.0009189811368525813,0.03165538202194174,0.16155139571399976,0.0003693972896897541,0.019956319802324176
2019-11-15,2019,1955,0,0,61,14,-0.8726080091661804,-0.002181520022915451,-0.0903052967610059,0.1818965802710711,0.00031152318626330195,0.008360665760434937
2019-11-18,2019,1955,0,0,61,14,0.2101918305960181,0.0005254795764900452,0.02267187729215179,0.1630511533414135,0.0003472955501808706,0.01217993391176694
2019-11-19,2019,1955,0,0,61,5,-0.3178645963564235,-0.0007946614908910587,-0.03593474021146013,0.1728237911308055,0.00024708922504474725,0.010430990786385238
2019-11-20,2019,1955,0,0,60,3,-0.3073373100209838,-0.0007683432750524595,-0.030550895921693636,0.17192133844112603,0.0002629590380642281,0.016147106716165975
2019-11-21,2019,1955,0,0,58,1,1.9519770836670252,0.004879942709167563,0.19866200182590568,0.13369145794133966,0.0003627519446211658,0.017127279464119884
2019-11-22,2019,1955,0,0,58,5,-0.1389520088840397,-0.0003473800222100992,-0.009864884668509065,0.16847730955612586,0.0002950463116019874,0.009077553060129636
2019-11-25,2019,1955,0,0,58,11,0.3355003005877464,0.000838750751469366,0.023541155260202645,0.1629049269807788,0.00030397846564249597,0.011217117299147667
2019-11-26,2019,1955,0,0,59,1,0.057331547365135294,0.00014332886841283824,0.021540192175088357,0.16323707141658295,0.00025666713429033745,0.018602394420260578
2019-11-27,2019,1955,0,0,58,6,-0.3617196807820165,-0.0009042992019550412,-0.01337189121478774,0.1690572046273118,0.0002292215045355655,0.01358211407520638
2019-11-28,2019,1955,0,0,58,7,-0.23188010980525708,-0.0005797002745131427,0.016590140770118222,0.1640656337386348,0.000299735089029679,0.015262922613563419
2019-11-29,2019,1955,0,0,58,1,-0.6314173245106152,-0.001578543311276538,-0.05254435437672141,0.1756000719991951,0.0003160874912354423,0.015711902063754387
2019-12-02,2019,1955,0,0,57,17,-0.3149266675161362,-0.0007873166687903404,-0.02808847617948518,0.17151298208994165,0.0002737595272553642,0.013218926412972393
2019-12-03,2019,1955,0,0,55,8,-1.1728181109797906,-0.0029320452774494765,-0.07010638761887789,0.17852836621751444,0.00032104932353128435,0.028924125637668864
2019-12-04,2019,1955,0,0,55,13,0.5509138811821662,0.0013772847029554156,0.016271716303684163,0.16411451786592227,0.00023220932138820773,0.02275311082963806
2019-12-05,2019,1955,0,0,55,6,0.12026159412158677,0.0003006539853039669,-0.019774658331692316,0.1701289055030499,0.00033143404697163933,0.010367255117254054
2019-12-06,2019,1955,0,0,54,3,0.527424915842989,0.0013185622896074725,0.0662338425083318,0.155772334030898,0.0002343665854958404,0.00781679646781446
2019-12-09,2019,1955,0,0,54,8,1.0528135230911464,0.002632033807727866,0.07126576368038662,0.15494064072076102,0.0002679335601421442,0.018323537812546444
2019-12-10,2019,1956,0,0,54,6,0.16917020151430062,0.00042292550378575155,0.021208815213616665,0.1632910544361401,0.00028796698862091,0.010178525118798848
2019-12-11,2019,1957,0,0,55,7,-0.1836337204366707,-0.0004590843010916768,-0.04308648146284121,0.17402273294269763,0.0004821854338253299,0.007048929642916553
2019-12-12,2019,1958,0,0,55,1,0.3770830869727261,0.0009427077174318152,0.03978247674662164,0.16019065481490163,0.0003467398310908549,0.029786585921113558
2019-12-13,2019,1958,0,0,54,6,0.7590219508338852,0.001897554877084713,0.05767272044175624,0.1572054917712279,0.0004490351560074322,0.022044657146211698
2019-12-16,2019,1960,0,0,56,13,0.4654674641609122,0.0011636686604022805,-0.009929947463164848,0.1684868648008832,0.0003636973090266345,0.004490131180555689
2019-12-17,2019,1962,0,0,58,10,0.7234125547451764,0.001808531386862941,0.05252446331057248,0.15806827920195857,0.00028520284714127236,0.010854712923019
2019-12-18,2019,1964,0,0,59,6,0.19958901770646986,0.0004989725442661746,0.018632966190763725,0.16371911961828706,0.0003212903675508592,0.03201776943932538
2019-12-19,2019,1965,0,0,56,13,0.7822251145332073,0.0019555627863330183,0.06634734855802783,0.15576254538334558,0.0002961982932705934,0.00816020395061028
2019-12-20,2019,1965,0,0,56,5,-0.1511191065949654,-0.00037779776648741355,-0.008889777973754521,0.1683047583713615,0.00019943291194446603,0.004748700563709144
2019-12-23,2019,1965,0,0,56,12,0.2377093680505935,0.0005942734201264837,0.016707271756831076,0.16404282001848058,0.00032831444214867793,0.009632684677359265
2019-12-24,2019,1965,0,0,56,8,0.07320830872906381,0.00018302077182265952,-0.016454988352649812,0.1695776721802866,0.0002601084009215745,0.007606777129769842
2019-12-25,2019,1966,0,0,57,12,-0.35515002093376424,-0.0008878750523344106,-0.0005170161863882371,0.16691773361869913,0.0003486622938885409,0.008368487286317608
2019-12-26,2019,1966,0,0,58,9,-0.015208993404619342,-3.8022483511548354e-05,-0.024117011767558594,0.17085650919597903,0.0003445807662946247,0.044859796390020766
2019-12-27,2019,1966,0,0,57,18,0.13466659003395876,0.0003366664750848969,0.007941121667253116,0.16551113400086825,0.0006169111319260526,0.011470396370324966
2019-12-30,2020,1966,0,0,57,11,0.7214698501961458,0.0018036746254903647,0.11068546171688244,0.14836944684542533,0.000491530569774925,0.007620678330601995
2020-01-06,2020,1966,0,0,56,10,-1.1721299546300816,-0.002930324886575204,-0.1089493748721976,0.18501270736539518,0.0005785802548419054,0.027789157784821814
2020-01-07,2020,1966,0,0,56,6,0.18895905404998636,0.0004723976351249659,0.034132797724752605,0.16114138991529545,0.0004853497505420666,0.02399104356563403
2020-01-08,2020,1966,0,0,55,11,0.5391352067326123,0.0013478380168315306,0.02292043878106248,0.1630052731606196,0.00042940350245993734,0.08733829785082037
2020-01-09,2020,1966,0,0,51,8,0.639217733364398,0.001598044333410995,0.01686651841416622,0.16401924731388678,0.0005696091640372799,0.04904407543920449
2020-01-10,2020,1966,0,0,50,6,0.3951231478924943,0.0009878078697312359,0.004386943897831257,0.16609209918259818,0.00042215335194604315,0.01402166938366182
2020-01-14,2020,1966,0,0,48,3,0.6030434923802259,0.0015076087309505647,0.05644474072674598,0.15741415740042178,0.00030835744199957186,0.009170929000433231
2020-01-15,2020,1966,0,0,48,5,-0.4287089138583467,-0.0010717722846458667,-0.14269665497469106,0.19062747831168833,0.00023872859848784656,0.0072668515941222665
2020-01-16,2020,1966,0,0,48,5,-0.09863151212247412,-0.0002465787803061853,-0.0007806715997951291,0.16695879785092632,0.00027502141560084353,0.03339804175339914
2020-01-17,2020,1966,0,0,48,12,-0.2516838113973312,-0.000629209528493328,0.03609157659245078,0.16080640109898234,0.0002692369458253878,0.005532407074303115
2020-01-20,2020,1966,0,0,49,3,-0.0037493368171088726,-9.373342042772181e-06,-0.002818477494250868,0.16729976321760798,0.00025275564806530895,0.013523126827266673
2020-01-21,2020,1966,0,0,50,13,0.08541173298164995,0.00021352933245412487,0.013090751381906037,0.1646507605117202,0.00032827161243636794,0.04042002777620413
2020-01-22,2020,1966,0,0,50,6,-0.07119291304399411,-0.00017798228260998528,0.06424456192727264,0.15611188394998513,0.00035225204594409705,0.026232168260586924
2020-01-23,2020,1966,0,0,50,9,-1.294088453402304,-0.00323522113350576,0.023917715456434157,0.16284571689152433,0.0007949651308182339,0.03151393443356571
2020-01-24,2020,1966,0,0,47,7,0.7166112907008427,0.0017915282267521068,0.0583605592939413,0.15709624046211543,0.00034644515714221295,0.012691199689638362
2020-01-27,2020,1966,0,0,46,6,-2.3618381447748,-0.005904595361937,-0.1961555495971669,0.19955705467920493,0.00038310773572011394,0.018623125000457173
2020-01-28,2020,1966,0,0,45,4,1.3885703126122437,0.0034714257815306095,0.09559262629766176,0.1508875865597158,0.0007183634256678919,0.019806728607867065
2020-01-29,2020,1966,0,0,45,4,-0.4430246587749943,-0.0011075616469374857,-0.008730637623735821,0.16829072233656892,0.0005757812121321026,0.021572681653287157
2020-01-30,2020,1966,0,0,44,8,1.5127326077656862,0.0037818315194142155,0.12309574620646145,0.14629785736473622,0.0005281163656993501,0.020804111915387467
2020-01-31,2020,1966,0,0,44,2,1.0967257337770617,0.0027418143344426545,0.09118341859527825,0.15162121480285706,0.00055017937168909,0.013542989584091163
2020-02-03,2020,1966,0,0,41,3,-0.28995649369227117,-0.0007248912342306779,-0.027982285488728692,0.17149919471882086,0.0005061349238001534,0.03398186018331018
2020-02-04,2020,1966,0,0,41,2,2.1349692688003086,0.005337423172000771,0.2188555625446214,0.13032229564504388,0.0006648827119575334,0.04005765486657486
2020-02-05,2020,1966,0,0,42,0,-0.43231079137015416,-0.0010807769784253853,-0.07882987708413967,0.17998554926001606,0.000496676942142889,0.017880772609791044
2020-02-06,2020,1966,0,0,39,1,-1.027528954296346,-0.0025688223857408647,-0.11176726705023941,0.18547993597059406,0.0005168455601071942,0.017281423791947772
2020-02-07,2020,1967,0,0,41,0,0.6306376558169138,0.0015765941395422844,0.06644891525646573,0.15574718392481354,0.0005536724089364759,0.015127967273760042
2020-02-10,2020,1967,0,0,39,1,0.37166978785434246,0.0009291744696358562,0.06099755941927489,0.15665576802023445,0.0005733026006899469,0.01114936938249198
2020-02-12,2020,1967,0,0,40,6,0.620651881966449,0.0015516297049161226,-0.0011957238013536203,0.1670316065688598,0.0007053977701788116,0.012788314844762531
2020-02-13,2020,1967,0,0,40,5,0.06130916344579962,0.00015327290861449905,0.0057318039122135995,0.16587894196215577,0.0008451979996233561,0.00875528949318888
2020-02-14,2020,1967,0,0,39,8,-0.09352306203385119,-0.00023380765508462797,0.005544603470137434,0.1659104709649927,0.0006246772417767151,0.009336820324644982
2020-02-17,2020,1967,0,0,39,4,0.074823986834754,0.000187059967086885,0.0037832544405395933,0.1661994374672674,0.0004628025024037017,0.027003264612609077
2020-02-18,2020,1967,0,0,39,10,0.7308894909610343,0.0018272237274025856,0.06690445641563376,0.1556656306008939,0.00025773671082838227,0.014671809855426205
2020-02-19,2020,1967,0,0,40,15,-0.7441718842418592,-0.001860429710604648,-0.06270700357344125,0.17728601016819012,0.0002775405700135203,0.03184656341493433
2020-02-20,2020,1967,0,0,40,8,2.3776242573951487,0.005944060643487872,0.1116361890155501,0.1482112436816073,0.0017060988503328712,0.007932914618382726
2020-02-21,2020,1967,0,0,39,6,-1.7316961274242513,-0.004329240318560628,-0.13706445706237538,0.18970096506713519,0.0003725172107418276,0.005602950576894489
2020-02-25,2020,1967,0,0,39,26,-0.20845812176242262,-0.0005211453044060566,-0.030482291421440627,0.17192169180679476,0.0008537505035092832,0.07774924110911846
2020-02-26,2020,1967,0,0,39,1,0.8576396268971429,0.002144099067242857,0.0774202401491864,0.1539197086243285,0.0022959085991454803,0.015821649852612564
2020-02-27,2020,1967,0,0,40,32,0.6267406489338354,0.0015668516223345886,0.06495041565114275,0.1560000044836338,0.0037033872464524056,0.08382874808244743
2020-02-28,2020,1967,0,0,40,36,1.0159753878400304,0.002539938469600076,-0.05995554853224418,0.17683858414509235,0.0015161152411912588,0.1493421175156817
2020-03-02,2020,1968,0,0,41,23,-1.3412743960484366,-0.0033531859901210913,-0.08730330585270978,0.18139279272043174,0.0007376201041814052,0.14036960743972524
2020-03-03,2020,1968,0,0,41,37,1.0675155535291267,0.002668788883822817,0.05327733956701995,0.15794047903037076,0.0005658226703741224,0.02573609845039642
2020-03-04,2020,1968,0,0,43,0,0.9876291689631405,0.002469072922407851,0.15735894115790866,0.14058291170249573,0.00122979978586781,0.01338622930258018
2020-03-05,2020,1968,0,0,43,4,3.0731614808167116,0.007682903702041779,0.2210725634266225,0.12995323435908834,0.004696468417463897,0.02314832735406957
2020-03-06,2020,1968,0,0,43,43,0.48691735670082625,0.0012172933917520656,0.05365505624488401,0.15788399817104065,0.003449792643878163,0.08153715192202203
2020-03-09,2020,1969,0,0,43,43,-2.6915848177812483,-0.006728962044453121,-0.1706933345818786,0.19531259402065043,0.0034507414999916785,0.15405571155586534
2020-03-10,2020,1970,0,0,44,8,-1.3522456715844697,-0.0033806141789611745,-0.034107390542293295,0.17252625973200475,0.005770275942643451,0.15964673790601783
2020-03-11,2020,1970,0,0,43,34,2.5915907868193884,0.006478976967048471,0.13488977600910593,0.14433148098282125,0.002045539155121055,0.05076881962977488
2020-03-12,2020,1970,0,0,42,42,2.2628108187681244,0.005657027046920311,0.08930516762770603,0.1519361378575815,0.0030540880910054063,0.08299739756590442
2020-03-13,2020,1971,0,0,42,42,1.3635411562731585,0.0034088528906828963,0.07733528866056713,0.15393345931424762,0.015401897681591113,0.1571793998755066
2020-03-16,2020,1971,0,0,42,7,-2.8976833692586483,-0.00724420842314662,-0.05310208126477072,0.1756948589456548,0.002471887580443697,0.10203106241789918
2020-03-17,2020,1971,0,0,40,2,2.543429814490415,0.006358574536226037,0.08848237633220359,0.15207376715525162,0.004549896228762653,0.20736428523268777
2020-03-18,2020,1971,0,0,39,1,3.1124931377650418,0.007781232844412605,-0.05230357731135182,0.1755618025046861,0.004201150912775512,0.057269453367484666
2020-03-19,2020,1971,0,0,36,0,3.2676449801287575,0.008169112450321894,0.010745854891461928,0.16504302929466103,0.005152910566979099,0.058701318318272355
2020-03-23,2020,1971,0,0,35,3,6.4460247567059845,0.01611506189176496,0.22448684561150453,0.12938337482822998,0.004552627512049437,0.1195611072495046
2020-03-24,2020,1971,0,0,35,3,-0.16019993199620153,-0.0004004998299905038,-0.041693185459470886,0.17379111425494712,0.00207889661436967,0.153709493285238
2020-03-25,2020,1971,0,0,35,4,2.2392830831280337,0.005598207707820085,0.12266580678268725,0.14637070871709462,0.002667735374694525,0.2806964275925413
2020-03-26,2020,1972,0,0,36,8,0.5931796296449523,0.0014829490741123808,0.029662472373783177,0.161886789607805,0.0015130627774643656,0.02729778609753339
2020-03-27,2020,1972,0,0,35,10,-0.7171964215888669,-0.001792991053972167,-0.1316643498915191,0.1888014311442737,0.0028618658803445437,0.1314077945443483
2020-03-30,2020,1973,0,0,35,2,1.3886588949275431,0.0034716472373188577,0.027870303526493775,0.1621858010498977,0.001370448864335438,0.07297351883316229
2020-03-31,2020,1974,0,0,38,4,2.409103004699847,0.006022757511749618,0.12708634464098048,0.14563267380667186,0.0009490641064518571,0.04557724303233494
2020-04-01,2020,1974,0,0,39,22,2.4396724484150907,0.006099181121037727,0.05131286517236258,0.15827365820221706,0.0008567057558584785,0.08702978889929211
2020-04-02,2020,1974,0,0,39,22,-1.6115873612608969,-0.0040289684031522425,-0.032761508594749876,0.1723012895829794,0.004466455642863885,0.058219605783030835
2020-04-03,2020,1974,0,0,39,18,-2.5353081547912026,-0.006338270386978007,-0.05330246786961928,0.1757279844617843,0.0031667727348718413,0.080587301637162
2020-04-06,2020,1974,0,0,39,7,-0.25204487851490276,-0.0006301121962872569,0.02605989832062107,0.1624861345588758,0.0015607328073887327,0.08455874227134405
2020-04-07,2020,1974,0,0,38,16,2.0309460516428253,0.005077365129107063,0.1455173512639952,0.14255659206977556,0.0012986040538102428,0.06933895348066951
2020-04-08,2020,1974,0,0,39,9,0.32744437438425744,0.0008186109359606436,0.07598700774403097,0.15415677871999536,0.000921167236150417,0.14340103828733566
2020-04-09,2020,1974,0,0,40,9,-1.9733686781828534,-0.004933421695457133,-0.08215292361838947,0.18054042337461831,0.0012604264277658768,0.3678319682508333
2020-04-10,2020,1974,0,0,42,7,0.35352128624849355,0.0008838032156212338,0.13507856561449003,0.14429883980333444,0.000804527291516344,0.21153814738162094
2020-04-13,2020,1974,0,0,42,4,-2.607414362446684,-0.00651853590611671,-0.13698771482447505,0.1896887587390563,0.0014463124652645642,0.05566593602890857
2020-04-14,2020,1974,0,0,42,12,-2.079534564744002,-0.005198836411860005,-0.07109077739603611,0.17869444947306554,0.0010659535615643516,0.07194719319289805
2020-04-15,2020,1974,0,0,43,9,0.0036380359086938263,9.095089771734566e-06,-0.026193359489315823,0.1712029431282811,0.0007242924593077196,0.057601230633748945
2020-04-16,2020,1974,0,0,43,18,-1.3320756665445,-0.0033301891663612498,0.0023516290102119867,0.16644147459649491,0.0008768606892338378,0.02783536346728821
2020-04-17,2020,1974,0,0,44,15,-3.047775539960407,-0.007619438849901018,-0.2569798825102852,0.20970661118174574,0.001300146165715213,0.02366746245786257
2020-04-20,2020,1974,0,0,45,8,-4.675264105528421,-0.011688160263821053,-0.28684417031157666,0.21469024357549268,0.0009710184216008587,0.021619518092474713
2020-04-21,2020,1974,0,0,45,10,3.635596911190294,0.009088992277975735,0.1774640717966822,0.13722771121067884,0.0016630577396928095,0.4753998838513361
2020-04-22,2020,1974,0,0,47,12,-1.4146932117898596,-0.003536733029474649,-0.07905407288229953,0.18002096545296314,0.0006171088385930048,0.05206222547359406
2020-04-23,2020,1974,0,0,47,9,0.49283173058977114,0.0012320793264744279,0.05232198961685885,0.15810587351332275,0.0011885734188859173,0.03043820395066362
2020-04-24,2020,1974,0,0,47,16,0.5986574082084879,0.0014966435205212196,0.06541050233853804,0.15591835892674397,0.0007984600565800731,0.016750342934354026
2020-04-27,2020,1974,0,0,47,11,3.663044468754201,0.009157611171885502,0.14008456268098407,0.14346400452778987,0.001052260380895415,0.04799341310655571
2020-04-28,2020,1974,0,0,48,7,-1.6910861283372012,-0.004227715320843003,-0.12891688845751748,0.18834269204728013,0.00122240814756708,0.12248626601508135
2020-04-30,2020,1974,0,0,47,12,-1.3671979660922253,-0.0034179949152305634,-0.06359101173809353,0.1774426060663641,0.0009880233412320777,0.04760006516597718
2020-05-01,2020,1974,0,0,46,1,3.734328550067308,0.009335821375168269,0.22041856073652685,0.13006144284757812,0.0010467932410189195,0.014580549526870535
2020-05-07,2020,1974,0,0,47,3,3.622713066875903,0.009056782667189758,0.27843561833741126,0.12038229841680184,0.0015472991584258796,0.01744482777433562
2020-05-08,2020,1974,0,0,48,4,-2.1327612005129972,-0.005331903001282493,-0.15014707714088618,0.19188043489147344,0.0008363090022728219,0.032652256944522964
2020-05-11,2020,1974,0,0,48,5,-0.8873553384427089,-0.002218388346106772,-0.11012107435338536,0.18520284797985662,0.001128387148836035,0.035420022146239724
2020-05-12,2020,1974,0,0,46,4,-1.1790131978223237,-0.0029475329945558093,-0.0739294605762225,0.17916913176505386,0.0017372623289800156,0.015736250511513172
2020-05-13,2020,1974,0,0,46,2,-0.7633372667766383,-0.0019083431669415956,-0.01675797585346148,0.16963013971271532,0.0008694131788634616,0.02012404432797487
2020-05-14,2020,1974,0,0,46,0,-0.42916046891267756,-0.001072901172281694,-0.011771522278199846,0.16879690511449494,0.001126634102058649,0.04655588637514555
2020-05-15,2020,1974,0,0,47,1,2.550232390135529,0.006375580975338822,0.22135109686482504,0.1299050349402314,0.0007144752373849479,0.030364715189481577
2020-05-18,2020,1974,0,0,46,2,-0.32732893244299954,-0.0008183223311074989,-0.05056371658759588,0.17526769577262236,0.0006481667440019745,0.039613350464853335
2020-05-19,2020,1974,0,0,46,6,0.6931556823979944,0.001732889205994986,0.056943811932201785,0.157326587206655,0.00044976385787561283,0.02550035626117981
2020-05-20,2020,1974,0,0,46,8,0.02226400518057936,5.56600129514484e-05,-0.05340163257984942,0.17574204504564545,0.0005824418547477094,0.026501238653649676
2020-05-21,2020,1974,0,0,47,6,-0.6443553236866424,-0.0016108883092166059,-0.015149898920934898,0.16936233318753716,0.0008946580252118669,0.015889539222676836
2020-05-22,2020,1974,0,0,49,2,3.6647702412319716,0.00916192560307993,0.2264619081870816,0.12905303135929397,0.0008727750908010384,0.018340578440201788
2020-05-25,2020,1974,0,0,49,15,1.4043313764155518,0.0035108284410388796,0.05392758806399689,0.15783534251821607,0.0007024103919454402,0.022336865048389234
2020-05-26,2020,1974,0,0,49,14,1.9065612208356943,0.0047664030520892355,0.03765766635630894,0.1605518866213714,0.0005505754916582179,0.019704886197783322
2020-05-27,2020,1974,0,0,49,24,3.326222826791362,0.008315557066978405,0.14545001794097487,0.14256806469675803,0.0009159030006706211,0.019822113327635532
2020-05-28,2020,1974,0,0,49,28,1.6556273222923523,0.004139068305730881,0.08263948585720472,0.1530452730059194,0.0006805886959010489,0.0176685657796816
2020-05-29,2020,1974,0,0,48,23,0.5221054946612531,0.0013052637366531327,-0.044735512444484794,0.17429783041621383,0.0007476841383483105,0.04549780573865823
2020-06-01,2020,1974,0,0,48,7,2.4530270786174384,0.006132567696543596,0.19945589309561274,0.1335564118847826,0.0004030486759399761,0.020842367602651277
2020-06-02,2020,1974,0,0,48,11,0.08819708191122427,0.00022049270477806068,-0.004964920138597667,0.16765398871065915,0.000508225097734858,0.10674437073518836
2020-06-03,2020,1974,0,0,48,16,-1.4536401204955658,-0.0036341003012389144,-0.10531830494225668,0.18440359725779698,0.0005523218320192924,0.036145584701233184
2020-06-04,2020,1974,0,0,48,18,-0.38024869041538034,-0.0009506217260384508,-0.04862572200787971,0.1749470750943371,0.000841495825361066,0.020601623067097008
2020-06-05,2020,1974,0,0,46,15,1.7730611076285663,0.0044326527690714155,0.16238931864605988,0.1397396086528684,0.00046355363289678263,0.02683645469754639
2020-06-08,2020,1974,0,0,45,14,-0.5120516947319533,-0.0012801292368298833,-0.01139505910965618,0.16873088283580412,0.000617281099121266,0.029317762741980627
2020-06-09,2020,1974,0,0,45,35,4.226271882087238,0.010565679705218094,0.29594832592672093,0.11746058639145943,0.001308123682794797,0.02245147533311781
2020-06-10,2020,1974,0,0,45,27,0.282158471757584,0.00070539617939396,0.05320923401725043,0.15795797138404497,0.0007950706648824395,0.01722729851974387
2020-06-11,2020,1974,0,0,44,1,-0.551762727027783,-0.0013794068175694574,-0.002762279571653559,0.16729621546579307,0.001341584701588531,0.06356249667043604
2020-06-12,2020,1974,0,0,44,0,0.10849341414602343,0.00027123353536505856,0.01846076589093297,0.16375566616575954,0.002584872115553722,0.03982254623911149
2020-06-15,2020,1974,0,0,44,0,-1.2664685288524065,-0.003166171322131016,-0.06852128189249565,0.17826489671659626,0.0007275462641455594,0.04307581017486311
2020-06-16,2020,1974,0,0,44,4,-0.9816842521613117,-0.002454210630403279,-0.09263654698126235,0.18228145687079722,0.0007133572845213966,0.15630331945490009
2020-06-17,2020,1974,0,0,45,19,1.381300249902322,0.003453250624755805,0.04847827926700439,0.1587446033030625,0.0005192224090098411,0.07159141208090723
2020-06-18,2020,1974,0,0,45,17,-0.6741633457575432,-0.001685408364393858,-0.07154867536319584,0.1787640063856427,0.0004496536953069518,0.029382433586722222
2020-06-19,2020,1974,0,0,46,5,0.20759634259800808,0.0005189908564950202,0.0210853034426891,0.1633098287949031,0.0003124859468886341,0.03074607071764142
2020-06-22,2020,1974,0,0,46,18,-0.4855723439909774,-0.0012139308599774434,-0.037058489606684515,0.17301547198330405,0.000516718017771351,0.026433146924177413
2020-06-23,2020,1974,0,0,45,15,0.2639981167928227,0.0006599952919820567,0.05428208442240417,0.15777752475190265,0.0005779657462128083,0.020061696303355355
2020-06-24,2020,1974,0,0,46,16,-1.8852589754097269,-0.0047131474385243175,-0.1173427888719629,0.18641043630236248,0.0006588802014689954,0.037633454921911585
2020-06-25,2020,1974,0,0,45,8,-0.13934712802915072,-0.00034836782007287683,-0.024045873461509663,0.17084636974072634,0.0008367386977270924,0.02485509121237816
2020-06-26,2020,1974,0,0,44,15,1.5925623850874553,0.003981405962718638,0.1645829569377262,0.13937364033051156,0.0004900143237161017,0.070367585911123
2020-06-29,2020,1974,0,0,43,18,0.8971496476502785,0.002242874119125696,0.0681043371316252,0.1554728226263745,0.0006001267589176519,0.0427890496641541
2020-06-30,2020,1975,0,0,44,22,1.5066893954368135,0.0037667234885920336,0.05124890616178508,0.15828293945722077,0.0007259947640806628,0.04029221532216919
2020-07-01,2020,1975,0,0,44,24,-0.06999097222659612,-0.0001749774305664903,0.01722865347166995,0.16395851122757,0.0007919627172159039,0.04862090510773038
2020-07-02,2020,1975,0,0,44,13,0.32827064421004515,0.0008206766105251129,-0.03779707155084015,0.17314069826290507,0.0012722637829986577,0.07951884120695075
2020-07-03,2020,1975,0,0,44,4,-2.0234162600144616,-0.005058540650036154,-0.12873466572516737,0.188308666025523,0.0005582227787478114,0.028574437771473945
2020-07-06,2020,1975,0,0,44,2,-0.6636003366871053,-0.001659000841717763,0.025297573823442072,0.16261292919427037,0.0005917587066591906,0.026644776133902738
2020-07-07,2020,1975,0,0,45,10,0.13736949607144555,0.00034342374017861386,0.059022404506370564,0.1569843597043847,0.000559753679606809,0.04489125898660449
2020-07-08,2020,1975,0,0,46,3,-0.8634829568207105,-0.002158707392051776,-0.005773285068917103,0.16779795836635886,0.0009692849372825908,0.052495785087844464
2020-07-09,2020,1975,0,0,44,2,-0.09102275471130739,-0.00022755688677826845,-0.006333371595999573,0.16789198111870773,0.0013568044851232238,0.030274170007987693
2020-07-10,2020,1976,0,0,45,5,0.10198975117995202,0.00025497437794988004,-0.03440698857654314,0.17256887508295346,0.0004786170060430367,0.08476456732036217
2020-07-13,2020,1976,0,0,45,1,0.4605551697428685,0.0011513879243571711,0.0904092932527241,0.15175057848484003,0.0006966039132157393,0.02928884878239659
2020-07-14,2020,1976,0,0,45,3,0.4180193928223158,0.0010450484820557896,-0.0005712449500252264,0.16692763169247118,0.0006901438628361098,0.0475577206406722
2020-07-15,2020,1978,0,0,47,20,-0.4931449855313121,-0.0012328624638282802,-0.08143176869533653,0.18041831243134146,0.00047550365265859205,0.015687236975406436
2020-07-16,2020,1978,0,0,48,5,-1.1791047124051621,-0.0029477617810129055,-0.08511100029310092,0.18103023552587863,0.0004740070590259981,0.029366682285353773
2020-07-17,2020,1978,0,0,47,3,-0.20357533587947296,-0.0005089383396986824,0.03797818295867065,0.16049529656317982,0.0005265575287206997,0.015216329442615383
2020-07-20,2020,1978,0,0,47,13,0.14768342137313262,0.00036920855343283156,0.03482963529365738,0.1610218546992963,0.0004724064518271324,0.014852261953478304
2020-07-21,2020,1978,0,0,47,9,-0.8560878702953865,-0.002140219675738466,-0.06897574072026455,0.17833953953865203,0.000552093309769617,0.042268645623454566
2020-07-22,2020,1978,0,0,47,7,-0.64323056672562,-0.0016080764168140498,-0.08038433739844211,0.18024167854546816,0.0005154455023043243,0.02189113209054305
2020-07-27,2020,1978,0,0,48,6,-1.6554317308901587,-0.004138579327225397,-0.0884436507316819,0.18158978741163864,0.0008364588822645972,0.018133288124198798
2020-07-28,2020,1978,0,0,49,5,2.5170496535721134,0.006292624133930284,0.13583204803941443,0.1441712505914456,0.0006921044497046288,0.022514868880892318
2020-07-29,2020,1978,0,0,50,5,1.2487064097224767,0.003121766024306192,0.09486886903050042,0.15100770363419438,0.0017050713852998934,0.2598975506382366
2020-07-30,2020,1978,0,0,49,4,-0.901312532600961,-0.0022532813315024026,-0.06597551532379792,0.1778417711418056,0.0018416022032175813,0.07750108773292219
2020-07-31,2020,1980,0,0,51,10,-3.6071311782227964,-0.009017827945556991,-0.24497628892871662,0.20770426007962461,0.0024629739057801924,0.04831524584822117
2020-08-03,2020,1981,0,0,52,3,0.5963048406684921,0.0014907621016712303,0.023877981850333452,0.16284596657481867,0.0006097919327727036,0.03749305561986422
2020-08-04,2020,1981,0,0,52,2,-0.1763203938659167,-0.00044080098466479174,0.0032929478879532895,0.1662828291584047,0.0007416640912418899,0.09034981892320133
2020-08-05,2020,1981,0,0,52,6,1.4024308652949462,0.0035060771632373657,0.07034036694029665,0.1550960533083887,0.0009040947965675609,0.041967847534603656
2020-08-06,2020,1981,0,0,52,11,2.3377800963924957,0.0058444502409812395,0.08366739672333173,0.15287606837705883,0.0018984807788878148,0.020321029053007002
2020-08-07,2020,1981,0,0,54,6,2.90786105715322,0.00726965264288305,0.20125077163298288,0.1332582008933867,0.0007949568777785955,0.019238080150513603
2020-08-11,2020,1981,0,0,55,0,0.5131322769258833,0.0012828306923147082,0.0524992421403703,0.15807266064908745,0.0006899384296400083,0.030474538730604454
2020-08-12,2020,1981,0,0,55,1,1.2017853748204614,0.0030044634370511537,0.09285139171996419,0.15134182948911504,0.0005342947535441993,0.023772064992599144
2020-08-13,2020,1981,0,0,54,4,-0.4210417976123084,-0.001052604494030771,-0.024541998249999114,0.17092602037229404,0.0006507989142952364,0.065701394983763
2020-08-14,2020,1981,0,0,54,0,-1.5545340269650627,-0.003886335067412657,-0.16238562955327482,0.1939217680710346,0.0005661523651353226,0.048063173763012064
2020-08-17,2020,1981,0,0,54,1,-0.7515896661213368,-0.001878974165303342,-0.011242360805269329,0.16870420117274704,0.00047285947625968046,0.019520380228628693
2020-08-18,2020,1981,0,0,54,6,-0.05397389485985071,-0.0001349347371496268,-0.029642184037479428,0.1717760675581374,0.0004818183464887759,0.06432762389323968
2020-08-19,2020,1981,0,0,54,3,1.1884834406143054,0.0029712086015357634,0.016603183034092403,0.16405568458719222,0.00037679374110911304,0.024053625357053608
2020-08-20,2020,1982,0,1,55,10,-1.137163669931811,-0.002842909174829528,-0.03753870686408204,0.17309270046875788,0.0004898660941211856,0.06991649411698325
2020-08-21,2020,1982,0,0,57,4,-2.6877925204711084,-0.006719481301177771,-0.126312554121835,0.18790615318338866,0.000550193191732672,0.03990537351412011
2020-08-24,2020,1982,0,0,56,9,1.5089209228920757,0.003772302307230189,0.07547694374242518,0.15423127016977092,0.000446655601297569,0.0836170861420374
2020-08-25,2020,1982,0,0,56,4,0.44961185341175747,0.0011240296335293936,0.006208404859872351,0.16579608648691,0.00043679561532376776,0.021925261882464284
2020-08-26,2020,1982,0,0,57,8,0.18668568094895122,0.00046671420237237804,0.13318829626197884,0.1446131621254482,0.0008086186281551522,0.015122780851027995
2020-08-27,2020,1982,0,0,58,13,-2.3497556163847113,-0.005874389040961778,-0.13347490761502037,0.189100834495001,0.0007192214394976722,0.05253533820521707
2020-08-28,2020,1982,0,0,58,2,0.13699463166733075,0.0003424865791683269,0.0021071508562650345,0.16647790482926084,0.0005280836835731373,0.025158003385552567
2020-08-31,2020,1982,0,0,58,8,-0.7008895916030774,-0.0017522239790076935,-0.052343462092909084,0.1755624977089633,0.0003763627897527556,0.008483724932348667
2020-09-01,2020,1982,0,0,58,12,0.19126388571665076,0.0004781597142916269,0.009991036643415668,0.16516178524821398,0.0003518676766941386,0.010772385504656718
2020-09-02,2020,1982,0,0,58,17,0.04086622149404229,0.00010216555373510572,0.06667131934210134,0.1557056813145023,0.0004999166970851268,0.02351503282874428
2020-09-03,2020,1982,0,0,58,9,-1.8182134379447563,-0.004545533594861891,-0.038961568265591495,0.17333229505100267,0.0005807643045542028,0.019535303515317442
2020-09-04,2020,1982,0,0,58,4,1.476315594573323,0.003690788986433308,0.052912047523520564,0.15800429664762425,0.0006771666277027798,0.0207979458385296
2020-09-07,2020,1982,0,0,56,7,-0.951766313472013,-0.0023794157836800325,-0.07269683198447648,0.17895696011004333,0.0003484407341774588,0.016921658970558175
2020-09-08,2020,1982,0,0,56,13,-1.4538517333582504,-0.0036346293333956257,-0.15686818379347847,0.1929994314941465,0.00039528129546904,0.011815351845740762
2020-09-09,2020,1982,0,0,56,5,0.3094578977563398,0.0007736447443908495,0.030556231807277557,0.16173135216104806,0.000506411662752583,0.009183844831178557
2020-09-10,2020,1982,0,0,58,6,0.900515733971669,0.0022512893349291726,0.05208757918046894,0.15813930001956414,0.0005543767183950441,0.016701361729170916
2020-09-11,2020,1982,0,0,58,11,-1.7848870551728924,-0.004462217637932231,-0.14899450887012924,0.19168611298871088,0.00048382510784957254,0.02772028638077866
2020-09-14,2020,1982,0,0,57,9,-2.432608756260781,-0.006081521890651953,-0.16300112135689823,0.1940256259928231,0.000600221607224651,0.03507677045869596
2020-09-15,2020,1982,0,0,58,6,-0.6376946183471098,-0.0015942365458677746,-0.034291940732062584,0.17254426191939334,0.00038286145317513676,0.03310980078323397
2020-09-16,2020,1982,0,0,57,11,-0.06188293949152346,-0.00015470734872880866,0.0807149390162097,0.15336469995382163,0.0004037181310718767,0.016559498057440326
2020-09-17,2020,1983,0,0,58,6,-0.9588735237703648,-0.002397183809425912,-0.057827500154871425,0.17647790009133318,0.0006579503979435148,0.006955685087529479
2020-09-18,2020,1983,0,0,58,7,1.187088259147119,0.0029677206478677977,0.12572179170573214,0.14585804572733876,0.0007805790967214301,0.02167297057834649
2020-09-23,2020,1983,0,0,58,9,0.4624093497674533,0.0011560233744186332,0.01122372538141797,0.16495968908063796,0.00045325528175933815,0.008077301286512146
2020-09-24,2020,1984,0,0,58,2,1.0979861940309994,0.0027449654850774984,-0.014945825812501456,0.16932788586080771,0.0009771047044935875,0.0415822806270683
2020-09-25,2020,1986,0,0,60,6,-1.2112318000743763,-0.0030280795001859408,-0.13089390361908756,0.18866948628215466,0.0006333036201027651,0.04085321890829059
2020-09-28,2020,1986,0,0,60,12,-2.272485254552753,-0.005681213136381883,-0.1586247552500404,0.19329837940701178,0.001563163492070956,0.04959320878681897
2020-09-29,2020,1986,0,0,59,11,0.0,0.0,,0.08341729638958857,2.4905478804734887e-05,0.04931697034746857
2020-09-30,2020,1986,0,0,59,8,0.1431161955363418,0.0003577904888408545,0.07224519240690774,0.15478100486501656,0.0009017060386561476,0.13650079253439307
2020-10-02,2020,1989,0,1,62,3,1.5745514288740705,0.003936378572185176,0.18558920759450115,0.13586644030601003,0.0003527320147096932,0.037720416789753894
2020-10-05,2020,1990,0,0,61,1,-1.0748008035118244,-0.002687002008779561,-0.04003883423466958,0.17351107341162755,0.0004113776364653991,0.024613288441173525
2020-10-06,2020,1990,0,0,62,5,-1.0838963326681008,-0.002709740831670252,-0.08107828326118836,0.18035308840459158,0.00040364079220737823,0.022210169853460623
2020-10-07,2020,1990,0,0,61,7,1.6971226452234178,0.004242806613058545,0.06975863610726092,0.1551919663187563,0.00044417776278794877,0.011386192033785384
2020-10-08,2020,1990,0,0,60,7,0.6190037058938795,0.0015475092647346989,0.07637158204001236,0.1540874648494417,0.0004330786734571448,0.047632416675214694
2020-10-09,2020,1990,0,0,57,9,0.39756065319274847,0.000993901632981871,0.025245017715601024,0.16261394754200365,0.0003404861421661689,0.015352984128543707
2020-10-12,2020,1990,0,0,57,12,2.820038601884841,0.0070500965047121025,0.1753459124465051,0.13757792020169027,0.0004828315740425772,0.009333639273011847
2020-10-13,2020,1990,0,0,59,14,0.047191620064806816,0.00011797905016201704,-0.02562372830631357,0.17110381145022902,0.0005063526900305877,0.009525572107400774
2020-10-14,2020,1990,0,0,59,7,-2.0241194988746543,-0.005060298747186636,-0.08368317402729156,0.180793230599154,0.0007779834663048986,0.014305533459299132
2020-10-15,2020,1989,0,0,57,14,-0.1685796591973081,-0.00042144914799327026,-0.046778985860110554,0.1746369246684935,0.0008305893305707128,0.04020612460107781
2020-10-16,2020,1989,0,0,57,9,-1.1577100433128695,-0.002894275108282174,-0.040921587226658854,0.17365999542254046,0.0005006173285305856,0.055245666663316595
2020-10-19,2020,1989,0,0,58,4,-0.005958093461431169,-1.4895233653577921e-05,0.023763561398002828,0.16286605385240274,0.0005043652418403197,0.022861016389029983
2020-10-20,2020,1989,0,0,57,4,-2.411217084795185,-0.0060280427119879625,-0.07327153993801075,0.1790562060128402,0.000585231926721023,0.02961616096645149
2020-10-21,2020,1989,0,0,58,5,0.2646473450862483,0.0006616183627156208,0.017615864148088065,0.16388987041568645,0.0004556853160985617,0.009595826961583127
2020-10-22,2020,1989,0,0,58,10,1.0775803055048496,0.002693950763762124,0.06328653703072569,0.15626745525243804,0.0005464555550847919,0.013378633572619317
2020-10-23,2020,1989,0,0,58,5,-2.6944850829324682,-0.00673621270733117,-0.20137438830103704,0.20042397582790103,0.0004328193834641617,0.01664422301813939
2020-10-26,2020,1989,0,0,57,8,-3.516187341946024,-0.00879046835486506,-0.20333793624516977,0.2007545828569527,0.0005838503202205324,0.032006973518301146
2020-10-27,2020,1989,0,0,57,1,1.110648107431685,0.0027766202685792123,0.13924940809632866,0.14359610038655313,0.0004420170116900852,0.013048241388794506
2020-10-28,2020,1990,0,0,54,1,0.743502220945583,0.0018587555523639577,0.058630864838469056,0.15705228593423004,0.0009548917207847403,0.01629922673365686
2020-10-29,2020,1991,0,0,53,6,2.9935396290858183,0.007483849072714546,0.22727210030121264,0.1289166714471073,0.0008199465465417386,0.028104830549937596
2020-10-30,2020,1991,0,0,53,9,-2.0876575559221413,-0.005219143889805353,-0.1822714617848187,0.19723898664162465,0.001022025108500977,0.06389563697165138
2020-11-02,2020,1991,0,0,53,1,-0.9255232174014385,-0.0023138080435035962,-0.03917736830885836,0.17336865608629912,0.0009785433617029021,0.09322524694000557
2020-11-04,2020,1991,0,0,53,0,0.678118492415785,0.0016952962310394625,0.03029273486034444,0.1617754401130686,0.0006543100704429368,0.016728123008285082
2020-11-05,2020,1991,0,0,53,0,-1.8256287733781447,-0.004564071933445362,-0.18348697616852958,0.1974427861793819,0.0009609307433957628,0.019159708236989866
2020-11-06,2020,1991,0,0,53,3,5.243120056007148,0.013107800140017868,0.19703296366621795,0.13396190802856686,0.0021386993833196356,0.02521925942935747
2020-11-09,2020,1991,0,0,53,10,-1.122023643817203,-0.002805059109543008,-0.057058507039495804,0.1763511813235061,0.0008192808746036972,0.06203345714312367
2020-11-10,2020,1991,0,0,53,4,0.646504321424702,0.0016162608035617551,-0.03109143776503272,0.1720178538581821,0.0007274605917947139,0.032964699616601416
2020-11-11,2020,1991,0,0,53,5,-1.0539611694043862,-0.0026349029235109653,-0.08785663952746892,0.1814908013055543,0.0011951668785753124,0.05624933287688512
2020-11-12,2020,1991,0,0,53,0,-2.722339956146379,-0.006805849890365947,-0.21191140012006507,0.20218680972281633,0.0010594342497613131,0.03292936608230324
2020-11-13,2020,1991,0,0,53,0,-1.0186821026666504,-0.002546705256666626,-0.09854501530288211,0.18327220579778522,0.0007367993159833949,0.05376950045380944
2020-11-16,2020,1991,0,0,53,5,0.9563757086406417,0.0023909392716016044,-0.02893613307422662,0.1716591085606803,0.000495840753263113,0.06663811304988981
2020-11-17,2020,1991,0,0,52,19,0.7740059909894836,0.001935014977473709,0.015889268356892024,0.16417320310275815,0.0004249976580734237,0.014872069446507688
2020-11-18,2020,1991,0,0,52,6,0.8229945848912773,0.002057486462228193,0.0720489323597149,0.1548101267958027,0.00034073214429662234,0.011615232516358598
2020-11-19,2020,1991,0,0,51,2,-3.173485108541633,-0.007933712771354082,-0.15860835907786722,0.19329306999550552,0.0006979859528962817,0.021333071615791375
2020-11-20,2020,1991,0,0,51,8,-1.2205743640633073,-0.003051435910158268,-0.05990552268369034,0.17682523440023423,0.0004966333764829026,0.03632649353422872
2020-11-24,2020,1991,0,0,51,4,0.9477220795666558,0.0023693051989166396,0.03287082292454774,0.1613449563083369,0.0004587962815647852,0.11849746948665646
2020-11-25,2020,1991,0,0,51,7,-1.696559300796789,-0.004241398251991973,-0.09536079948058268,0.18273996544714846,0.0005129209098711885,0.06315853423316167
2020-11-26,2020,1991,0,0,50,12,-0.6783395522851685,-0.0016958488807129212,-0.016221342442750593,0.16953980147095352,0.0011306127627829703,0.019043982420042467
2020-11-27,2020,1991,0,0,50,15,0.1378588781517478,0.0003446471953793695,-0.002340701460640309,0.16722238844021095,0.0005369385287769406,0.031278567074670666
2020-11-30,2020,1991,0,0,50,2,1.1311201308010466,0.0028278003270026165,0.0709876430548191,0.15498791409909018,0.0004252135061451216,0.025557128332920953
2020-12-01,2020,1991,0,0,51,11,0.141175606589025,0.0003529390164725625,0.006514192313267503,0.16574258426194052,0.0005243409054362128,0.03568922465939079
2020-12-02,2020,1991,0,0,52,12,-0.19690470657051795,-0.0004922617664262948,-0.039647596173162505,0.17344332272174864,0.0004899044050814034,0.03265074589424506
2020-12-03,2020,1991,0,0,52,5,-0.5063307385258309,-0.0012658268463145773,-0.0598204382460391,0.17681088959051622,0.0007044879152614257,0.025172691424891716
2020-12-04,2020,1991,0,0,51,4,2.141867352951689,0.005354668382379223,0.1517438125886886,0.14151200547155515,0.00040465220898432965,0.02600732398120226
2020-12-07,2020,1991,0,0,51,2,-1.8617783755385857,-0.004654445938846464,-0.1871865370736346,0.19805819142125525,0.0005282266835424788,0.0441745330073985
2020-12-08,2020,1991,0,0,51,10,-0.25075981247827983,-0.0006268995311956996,0.0011304755455105613,0.16664128543344928,0.00037180945986946116,0.017002855824260966
2020-12-09,2020,1991,0,0,52,2,-0.2161486910033552,-0.000540371727508388,-0.039963069595805416,0.17349508763273777,0.0005276575252120628,0.025663181803401772
2020-12-10,2020,1991,0,0,49,10,0.12806754043972113,0.0003201688510993028,0.011902994230497732,0.16484393515421808,0.0005343716022588572,0.007717348537265317
2020-12-11,2020,1991,0,0,49,13,-0.07417848273037117,-0.00018544620682592794,-0.028761985346858462,0.1716239033581472,0.0004494266456806613,0.005361422375263299
2020-12-14,2020,1991,0,0,50,4,-0.20138046786181177,-0.0005034511696545294,0.012111226974112124,0.16480672419590336,0.000522992781673662,0.0634151561636222
2020-12-15,2020,1990,0,0,49,12,1.072902502995499,0.002682256257488748,0.060601058213954624,0.15672050905038662,0.0004887689948107955,0.02187029292627149
2020-12-16,2020,1993,0,0,50,11,-0.2584448700288303,-0.0006461121750720758,-0.02108658934038847,0.17034872225164327,0.0003786552844367076,0.0243752982439572
2020-12-17,2020,1994,0,0,51,10,-0.6571705770514299,-0.0016429264426285747,-0.024422020898485424,0.17090047837342084,0.0003605059007419122,0.03889239543773745
2020-12-18,2020,1995,0,0,52,10,-0.9285796454825137,-0.002321449113706284,-0.05198889249702974,0.17550711727493248,0.0009727282877192759,0.006090792694608906
2020-12-21,2020,1996,0,0,53,11,-0.3541301272771211,-0.0008853253181928028,-0.026442331127922006,0.17124183392318396,0.00038844095959987443,0.00716055623071725
2020-12-22,2020,1998,0,0,52,11,-1.1635322676761206,-0.0029088306691903015,-0.049364144460596907,0.1750611730147885,0.0004533667618869773,0.03615160473447943
2020-12-23,2020,1999,0,0,54,13,-0.6631406117844006,-0.0016578515294610016,-0.05047192958328823,0.17524667948046554,0.0003798328024554834,0.03773540959598094
2020-12-24,2020,1999,0,0,54,5,-1.6188256197460265,-0.004047064049365066,-0.1501044080276774,0.19187145436393685,0.0004260640059018688,0.019391796726456734
2020-12-25,2020,1999,0,0,54,9,1.4333906467558855,0.0035834766168897137,0.1546661848835523,0.1410294268913894,0.0005196303224488754,0.01414793718849398
2020-12-28,2020,1999,0,0,51,4,0.03365849127102294,8.414622817755735e-05,-0.023585688534709815,0.17076501647152842,0.0003433020096620001,0.01663360779996046
2020-12-29,2020,1999,0,0,51,11,0.19218509161302477,0.00048046272903256193,0.020583357523710082,0.1633983694586068,0.0006850559720973561,0.03519014956488111
2020-12-30,2021,1999,0,0,50,12,0.2515056661133442,0.0006287641652833604,0.056435868947667195,0.15741138734930424,0.0003704180967077277,0.02234785095602771
2021-01-04,2021,1999,0,0,50,4,0.1914788443985176,0.00047869711099629396,0.10351117890519454,0.1495612890498271,0.00042197230402969785,0.01829030627052186
2021-01-05,2021,1999,0,0,50,5,1.0274498512327566,0.0025686246280818914,0.07124818752384013,0.15494399417492094,0.0005145988297767286,0.007653408854523249
2021-01-06,2021,1999,0,0,49,3,-1.5218703754872405,-0.003804675938718101,-0.114169795832419,0.18587879726600992,0.0005552723558024836,0.014534062147432315
2021-01-07,2021,1999,0,0,49,11,-0.7333418294338142,-0.0018333545735845355,-0.07464674785197926,0.17928465121086706,0.0005657986787565493,0.03605671431036324
2021-01-08,2021,1999,0,0,48,5,0.7189629291215248,0.001797407322803812,0.07199759393717291,0.154816345120018,0.000548165375578399,0.07524193740790361
2021-01-12,2021,1999,0,0,47,14,-1.373910863226199,-0.0034347771580654973,-0.09700646439763602,0.1830115595923675,0.0005142908703280176,0.01881871615554096
2021-01-13,2021,1999,0,0,47,7,0.08736997299017268,0.00021842493247543172,-0.05226259771131091,0.1755518896456107,0.0007097340216219496,0.0256852964160732
2021-01-14,2021,1999,0,0,47,10,0.5373574639295211,0.0013433936598238028,0.07568759952298686,0.15420361846602998,0.0004597923731793613,0.0372065988409513
2021-01-15,2021,1999,0,0,47,10,-2.847365445353159,-0.007118413613382898,-0.2149057609485108,0.2026826234823001,0.0004500169460225699,0.02363667051334558
2021-01-18,2021,1999,0,0,46,8,-0.856450831760887,-0.0021411270794022175,0.020296211489581766,0.16344342945600282,0.0004053769946829286,0.03125995853814052
2021-01-19,2021,1999,0,0,45,9,-0.882119290308245,-0.0022052982257706123,-0.021178773597795873,0.17035824711146358,0.00039777285791082475,0.10595340855873484
2021-01-20,2021,1999,0,0,44,6,-0.5938860594538196,-0.0014847151486345488,-0.051211228258441134,0.17537408636793417,0.0004260006142778076,0.03900370946896281
2021-01-21,2021,1999,0,0,43,7,-0.9305585781152217,-0.0023263964452880544,-0.07834909061080655,0.17990151037536842,0.0005086184139932353,0.050920814140300946
2021-01-22,2021,1999,0,0,43,3,1.1112963848953847,0.002778240962238462,0.07940648530608202,0.15358177817116248,0.00047820331878452755,0.03235386688159077
2021-01-25,2021,1999,0,0,43,8,0.15999537869647984,0.0003999884467411996,-0.010543968308658223,0.16858776525941188,0.0004033664979033861,0.026546130632797107
2021-01-26,2021,1999,0,0,42,5,-0.08614527302041475,-0.00021536318255103686,-0.022142559430634683,0.17052129127085525,0.0005988414627748909,0.048339548043122
2021-01-27,2021,1999,0,0,42,4,-1.5234109530687365,-0.003808527382671841,-0.10729490064914857,0.18473275206953604,0.000803944763924562,0.006710875568419666
2021-01-28,2021,1999,0,0,41,10,0.04440289733932823,0.00011100724334832057,0.021021270433867256,0.16332308627617945,0.0006813988471473675,0.013232582707465477
2021-01-29,2021,1999,0,0,41,1,0.21605131355250373,0.0005401282838812593,0.04992473511072921,0.15850002194657253,0.0007398595444217091,0.1805230111664355
2021-02-01,2021,1999,0,0,41,4,-1.3900297294663442,-0.0034750743236658605,-0.03533928819815536,0.17272726943040076,0.0005505421213899045,0.09227805769400313
2021-02-02,2021,1999,0,0,41,1,-0.5212865127071535,-0.0013032162817678838,0.03568142133471704,0.1608752881752995,0.0004216619397529453,0.032662069156592075
2021-02-03,2021,1999,0,0,41,1,0.4299066457156888,0.0010747666142892221,-0.025305424946846726,0.17105177109722675,0.0007249758634111391,0.03837737338669163
2021-02-04,2021,1999,0,0,41,3,-0.4891362075908461,-0.0012228405189771152,-0.010856581721376083,0.1686435705986773,0.0007968564329197395,0.024618016911348493
2021-02-05,2021,1999,0,0,41,5,-0.7259174614807892,-0.0018147936537019729,-0.008643194995829757,0.16827185724603652,0.0005106170604227449,0.032247101726579096
2021-02-08,2021,1999,0,0,41,3,0.04003964908006996,0.00010009912270017491,-0.027271849136631613,0.17138027119062435,0.0005708139111716994,0.02980057253540373
2021-02-09,2021,1999,0,0,41,6,0.6518084921956105,0.0016295212304890264,0.023135044384854288,0.16297219023769985,0.0007805592591050569,0.08485072808270981
2021-02-10,2021,1999,0,0,41,4,-1.887657701095955,-0.004719144252739888,-0.08021200928616883,0.18021167717218198,0.0008794229723386648,0.07061879142753325
2021-02-12,2021,1999,0,0,41,4,-0.39914354996877144,-0.0009978588749219286,0.017092375126228593,0.1639783945490728,0.0005517618155005813,0.04605661914571853
2021-02-15,2021,1999,0,0,42,5,0.24904862101367187,0.0006226215525341797,-0.08225974757339712,0.1805529598840669,0.0006754590305911763,0.026879844776619814
2021-02-16,2021,1999,0,0,42,5,-0.5971924066809822,-0.0014929810167024554,-0.05016697422588547,0.17520001416047284,0.0006675498857425334,0.02080535400767778
2021-02-17,2021,2000,0,0,40,1,-0.23481156206145903,-0.0005870289051536476,0.018263310653638308,0.16378296996171923,0.0004633022718233389,0.020060282071073177
2021-02-18,2021,2000,0,0,41,2,0.382434466833228,0.00095608616708307,-0.08434994710331245,0.18090323613532627,0.0005785051152739542,0.024228208753525146
2021-02-19,2021,2000,0,0,42,0,-1.1628634521840941,-0.002907158630460235,-0.10171570027400195,0.18380179809764813,0.0009023495344187451,0.008458988414071819
2021-02-22,2021,2000,0,0,42,3,-2.4193608102720363,-0.0060484020256800905,-0.1605159603787164,0.19360687134462676,0.0005239989801924098,0.023389345498671395
2021-02-24,2021,2000,0,0,42,3,-0.09567379211439153,-0.00023918448028597883,-0.037454893768744495,0.17308154546257623,0.0009174122516391854,0.016488681141584763
2021-02-25,2021,2000,0,0,42,4,0.2736753306566708,0.0006841883266416771,0.05659745300513104,0.15739082453933317,0.0008243773751918144,0.03285851977165891
2021-02-26,2021,2000,0,0,42,6,0.3051929599447349,0.0007629823998618373,0.04452273112461581,0.15939851116153375,0.0003551562638179445,0.040083277126231276
2021-03-01,2021,2000,0,0,41,6,-2.5171198581179266,-0.006292799645294817,-0.22369046853727478,0.20414911301323496,0.0004187188501624796,0.02488074015294518
2021-03-02,2021,2000,0,0,41,0,-0.8560115594548692,-0.002140028898637173,-0.09030295552581222,0.1818919823843888,0.0003763093736493043,0.002965311154321848
2021-03-03,2021,2000,0,0,41,8,1.7009405772890238,0.00425235144322256,0.1584681951738184,0.14039177104810535,0.00032784132804030954,0.006031698306073482
2021-03-04,2021,2000,0,0,41,3,2.0644681546107524,0.005161170386526881,0.23482424334195615,0.12765377955360874,0.00037792949044242673,0.006505724859320714
2021-03-05,2021,2000,0,0,38,5,1.0484660837427473,0.002621165209356868,0.12341265911426932,0.1462429821714259,0.0006486307824553657,0.029317003172905656
2021-03-08,2021,2000,0,0,38,2,-1.503245782079885,-0.0037581144551997125,-0.14398845408207644,0.19085005133882602,0.00032106954836773105,0.008480502518876368
2021-03-09,2021,2000,0,0,38,1,-1.6137485601788268,-0.004034371400447067,-0.10700144064817178,0.1846828017560556,0.00040310306974683887,0.05195364345785643
2021-03-10,2021,2000,0,0,38,5,2.5951661791051333,0.006487915447762833,0.17420869688578144,0.1377663666750834,0.0004502547468652154,0.01759764296292113
2021-03-11,2021,2000,0,0,37,6,-0.6953647672430718,-0.0017384119181076795,-0.03954357718572217,0.17342954631392735,0.0005791201324081156,0.06303680518675288
2021-03-12,2021,2000,0,0,37,3,1.0805831425883399,0.0027014578564708495,0.16820113546593243,0.13877069037270012,0.0004340469164429243,0.014230521149978453
2021-03-15,2021,2000,0,0,37,11,-0.289477084184633,-0.0007236927104615825,-0.05416331591125552,0.17586216851547334,0.0003750242202607457,0.06343724256937101
2021-03-16,2021,2000,0,0,34,18,-0.38719461231318997,-0.000967986530782975,-0.037159131971648496,0.173026613544391,0.00032019789268283806,0.051285562679491
2021-03-17,2021,2000,0,0,35,14,1.5913931020035639,0.00397848275500891,0.14865427665527364,0.1420299959884895,0.0003736481736369002,0.11191605119943168
2021-03-18,2021,2000,0,0,35,5,-0.04589686532268111,-0.00011474216330670278,-0.014654467540809787,0.16927431962604614,0.00046505836058781635,0.04103282662967054
2021-03-19,2021,2000,0,0,33,3,0.9484377571281839,0.0023710943928204596,-0.023536742335565738,0.1707581497727353,0.0006753161858830918,0.010749825090919728
2021-03-22,2021,2000,0,0,30,9,0.47069936817490543,0.0011767484204372636,0.02899191810698501,0.16199631456548685,0.001121831351296995,0.017145433312885504
2021-03-23,2021,2000,0,0,30,11,-0.4126863792060971,-0.0010317159480152426,-0.12044941601349017,0.18692675245827015,0.00048306041804020624,0.043454203034798515
2021-03-24,2021,2000,0,0,29,1,1.1030438446448372,0.002757609611612093,0.1527800744932075,0.14134372889296073,0.000511912068152498,0.06172767438004159
2021-03-25,2021,2000,0,0,30,5,-0.7903334940218125,-0.0019758337350545313,-0.12218561125167422,0.18721631225818008,0.0004477928522355953,0.03667532032710362
2021-03-26,2021,2000,0,0,29,4,-1.703596730218471,-0.004258991825546178,-0.06612859761000628,0.17786421549944556,0.0007434375063132793,0.022932710658316764
2021-03-29,2021,2000,0,0,29,4,0.5149472817280987,0.0012873682043202466,0.012540151838872861,0.16474063751485551,0.0006207393706406017,0.02480630821122798
2021-03-30,2021,2000,0,0,29,4,1.9669020016806873,0.0049172550042017186,0.1519970267492773,0.14147350519932303,0.00042997657264109507,0.06443042299222276
2021-03-31,2021,2000,0,0,29,1,0.37732418814343227,0.0009433104703585807,0.03732297440434132,0.16060245849538077,0.00034576727713349397,0.03544802527092954
2021-04-01,2021,2000,0,0,29,0,0.2761237022309553,0.0006903092555773882,0.07359538506834662,0.15455315620541635,0.0003187651945062071,0.027185484958559082
2021-04-02,2021,2000,0,0,29,0,-0.560719215873438,-0.001401798039683595,-0.03480335418283613,0.17263908110883858,0.0005132351921058802,0.059203670198134536
2021-04-05,2021,2000,0,0,30,1,-0.4783742369336115,-0.0011959355923340286,-0.0038378338762600755,0.16747253197634338,0.00033704442846754887,0.03388615643760664
2021-04-06,2021,2000,0,0,29,1,-0.8535677053021167,-0.002133919263255292,-0.07412828573333172,0.17919991968220228,0.0005734167825721213,0.024629536370686943
2021-04-07,2021,2000,0,0,29,7,0.06878911730899828,0.0001719727932724957,-0.008674596865741884,0.16827010660157493,0.0002470790165823567,0.012693884393569308
2021-04-08,2021,2000,0,0,28,6,-3.114660574593487,-0.007786651436483718,-0.2607687774526464,0.21033344980394145,0.0004872659108770844,0.03399690766611273
2021-04-09,2021,2000,0,0,27,5,-0.07244543737952303,-0.00018111359344880756,-0.0086519627847746,0.16826943586850956,0.00029980178091100625,0.0347536031577826
2021-04-12,2021,2000,0,0,29,3,0.24057393307660646,0.0006014348326915162,0.06194754768368314,0.15649483965344355,0.00030162418828566826,0.02365623408440127
2021-04-13,2021,2000,0,0,29,3,0.48045134649788707,0.0012011283662447176,0.03320625733855094,0.16128989056809542,0.00034132792962235435,0.009766800351764283
2021-04-14,2021,2000,0,0,29,7,0.7677510914329682,0.0019193777285824204,0.02181223403530365,0.1631796868294077,0.00026073228215682786,0.013460365963914703
2021-04-15,2021,2000,0,0,30,1,-1.1621353150729252,-0.0029053382876823132,-0.08458143738743892,0.18093905575849453,0.0003459629330953723,0.018456537608682072
2021-04-16,2021,2000,0,0,29,3,0.21115742222506206,0.0005278935555626551,0.018750762631069496,0.16370459591977077,0.00040836038522237215,0.014044243132145138
2021-04-19,2021,2000,0,0,29,3,-1.9329746834188701,-0.004832436708547176,-0.11969222810973665,0.186801725900469,0.0007374849737622553,0.008082834549111441
2021-04-20,2021,2000,0,0,28,4,0.26220195317068296,0.0006555048829267073,0.0011040264828271146,0.16664685732060627,0.000524580052362153,0.016636959818104785
2021-04-21,2021,2000,0,0,29,5,0.31989303026256743,0.0007997325756564186,0.03169137849549595,0.16153911053826062,0.0003186057117450588,0.0442606787100232
2021-04-22,2021,2000,0,0,29,1,0.9173316293309033,0.002293329073327258,0.046943498043514484,0.15899780349154066,0.00034088410388505725,0.03248380325935402
2021-04-23,2021,2000,0,0,29,9,-1.1772568928593223,-0.002943142232148306,-0.08306310133806165,0.18068488527655524,0.000307720194966613,0.028006377146685836
2021-04-26,2021,2000,0,0,29,11,-0.4584701956273385,-0.0011461754890683463,-0.02051674144879382,0.1702529437555196,0.0003667379581790586,0.025368728296062865
2021-04-27,2021,2000,0,0,29,7,-0.38601384637952696,-0.0009650346159488174,-0.032384804152812044,0.17223056006492493,0.0005102998528713056,0.18428917752680915
2021-04-28,2021,1999,0,0,30,4,-1.2776822785195943,-0.003194205696298986,-0.06473499071422602,0.17763215001204616,0.000709054621306021,0.018921610927264656
2021-04-30,2021,1999,0,0,30,4,-0.919207790481533,-0.0022980194762038325,-0.07543535115423394,0.1794166665477446,0.0005767727544367123,0.009849248586433285
2021-05-06,2021,1999,0,0,30,3,0.05721687020037858,0.00014304217550094645,-0.022990965879776074,0.17066236348180874,0.0005646883491520385,0.013623413454344643
2021-05-07,2021,1999,0,0,31,4,-2.0304897540354427,-0.005076224385088607,-0.11607550038646003,0.18619835777832944,0.0009453259237184155,0.3342840964860264
2021-05-10,2021,1999,0,0,31,2,-0.3752150557416818,-0.0009380376393542045,-0.007532760716917737,0.1680892539779816,0.0009137590565054752,0.017746504753950263
2021-05-11,2021,1999,0,0,32,4,-0.13089676062436117,-0.00032724190156090295,-0.03967605381410305,0.17345198589749794,0.0009811700146658661,0.014877588040907037
2021-05-12,2021,1999,0,0,31,7,0.501260378463678,0.001253150946159195,0.08764129226105274,0.152211064941329,0.0010831981935574054,0.04653124189661925
2021-05-13,2021,1999,0,0,33,4,1.4072526158484344,0.003518131539621086,0.130464149118912,0.14506627757140653,0.001037730675969075,0.026949335011693814
2021-05-14,2021,1999,0,0,33,1,-0.6825531338626449,-0.0017063828346566123,0.003084656111302231,0.1663180435559618,0.0007144327098495523,0.04471441974117845
2021-05-17,2021,1999,0,0,33,5,0.035639107374836554,8.909776843709139e-05,0.01168001969737768,0.16488253459135047,0.0003696591750140319,0.06665149139905863
2021-05-18,2021,1999,0,0,33,2,0.12949316983145676,0.0003237329245786419,0.021409722458383344,0.16325490871860654,0.00043418305989359745,0.011054303802921571
2021-05-19,2021,1999,0,0,33,2,0.28307750346495314,0.0007076937586623828,0.012965048841972016,0.16466137237803102,0.0003086518716968886,0.008831946592654176
2021-05-20,2021,1999,0,0,33,1,-1.2719546366066559,-0.0031798865915166397,-0.13245613486827507,0.18892773075338581,0.00035268531219245997,0.016773929781928494
2021-05-21,2021,1999,0,0,33,1,-0.016084809572612324,-4.021202393153081e-05,-0.011663423084590303,0.1687763096183147,0.0003248393445398659,0.04214097741207825
2021-05-24,2021,1999,0,0,33,5,-0.080243028954113,-0.0002006075723852825,0.0033837342341205942,0.16626235745204637,0.00033823396535104147,0.06275832081570903
2021-05-25,2021,1999,0,0,32,4,0.6365335358961286,0.0015913338397403214,0.059859749449935884,0.15684565527530053,0.00040107101834718393,0.023090407496208224
2021-05-26,2021,1999,0,0,32,10,-0.6179973048429623,-0.0015449932621074058,-0.044325395037419876,0.17422724906778497,0.0006299341982734237,0.03200786346442116
2021-05-27,2021,1999,0,0,32,1,-0.7567418893715525,-0.0018918547234288814,-0.07803658688487329,0.179850632595148,0.0004210251808106028,0.016571707727670287
2021-05-28,2021,1999,0,0,33,0,-0.33013967474522665,-0.0008253491868630666,-0.01303530737390448,0.16900125428019253,0.0002658561889932325,0.013387672924517568
2021-05-31,2021,1999,0,0,32,12,-0.9603160444218528,-0.002400790111054632,-0.09889959909493398,0.18332781691581965,0.0003977419061584526,0.049150191447294586
2021-06-01,2021,1999,0,0,33,2,0.5740373238236572,0.0014350933095591432,0.017049623551309175,0.16398052324154763,0.0003189600569011187,0.014321594196952312
2021-06-02,2021,1999,0,0,32,2,1.4650875570692954,0.0036627188926732384,0.08798280213136662,0.1521480747167164,0.0003049726159879365,0.013105532467900236
2021-06-03,2021,1999,0,0,32,6,-0.47467447833168813,-0.0011866861958292204,-0.08289753423999824,0.18065663737047977,0.0003064888495942298,0.020597177487207838
2021-06-04,2021,1999,0,0,30,1,-0.9062477246642374,-0.0022656193116605936,-0.09379719805819871,0.18247594061589648,0.0003158581931972875,0.010713591192985874
2021-06-07,2021,1999,0,0,31,4,0.4914880144159206,0.0012287200360398016,0.011149102733788102,0.16496641506230886,0.0002975662608270868,0.006224318123408131
2021-06-08,2021,1999,0,0,31,2,0.9853530850391858,0.0024633827125979646,0.06573526520805306,0.15585535644582937,0.0002667611226706116,0.008821925282040273
2021-06-09,2021,1999,0,0,30,2,0.20782683789885992,0.0005195670947471498,0.032426142617176475,0.1614126873487034,0.0003159903465100097,0.011570131327181692
2021-06-10,2021,1999,0,0,30,2,0.07640190765310617,0.00019100476913276544,-0.007465040320373386,0.16807017588339182,0.0003467306332609141,0.015553376897668541
2021-06-11,2021,1999,0,0,30,0,-0.26753385803454865,-0.0006688346450863717,0.009280981176437591,0.16527477102315322,0.0003351895498718505,0.058165340262625535
2021-06-14,2021,1999,0,0,30,1,-0.40243481768547584,-0.0010060870442136897,0.006768916472410019,0.1656978442979051,0.0003068450647502267,0.006063447867023975
2021-06-15,2021,1999,0,0,30,4,-0.4938776439606152,-0.001234694109901538,-0.07217340095898024,0.17886706282487005,0.00029970524905123145,0.007724452055657624
2021-06-16,2021,1999,0,0,31,6,-0.2948205900129588,-0.000737051475032397,0.01008358009303156,0.16514810855775133,0.0004676233279011987,0.04297458736418892
2021-06-17,2021,1999,0,0,33,4,0.736891884444284,0.00184222971111071,0.011168847860643979,0.16496995252388963,0.0006555246822942888,0.014111592181702135
2021-06-18,2021,1999,0,0,32,11,1.949242140301739,0.004873105350754347,0.1617092024316161,0.1398548090704855,0.0008580744921943495,0.010294492161166367
2021-06-21,2021,1999,0,0,32,11,-1.084018745499737,-0.0027100468637493423,-0.10471962775216921,0.184295542670238,0.000314209422034462,0.013905042934525732
2021-06-22,2021,1999,0,0,33,10,0.11733121138467056,0.0002933280284616764,0.03355837497303655,0.1612288535066741,0.00034505690411327665,0.3167042588278666
2021-06-23,2021,1999,0,0,34,13,0.01651632288960636,4.12908072240159e-05,-0.01746832487559336,0.16974348950916562,0.00034731946333931024,0.07567597676812658
2021-06-24,2021,1999,0,0,34,6,0.7928357910131665,0.0019820894775329162,0.02143273027240149,0.16325256467568616,0.0003035909659629272,0.029067992997888023
2021-06-25,2021,1999,0,0,35,12,-0.23324945764583038,-0.000583123644114576,-0.05283112097439444,0.1756448748602233,0.00036791863515312265,0.048410313655596865
2021-06-28,2021,1999,0,0,34,5,-0.08454757816485381,-0.0002113689454121345,-0.022082652511666936,0.17051215645207338,0.0003463515717529738,0.07634267300133264
2021-06-29,2021,1999,0,0,34,7,1.3816312170035059,0.003454078042508765,0.16741973712056693,0.13889358179928138,0.00035091678400668265,0.042648111530561326
2021-06-30,2021,1999,0,0,34,12,0.32340282609698257,0.0008085070652424564,0.08051219693936347,0.15339918436424146,0.0003654348071227247,0.19384350483412177
2021-07-01,2021,1999,0,0,34,5,-0.9452329331118617,-0.0023630823327796544,-0.07954051828514812,0.1800985683136969,0.00023784018343513366,0.022953427027950675
2021-07-02,2021,1999,0,0,34,7,-0.3127125853523214,-0.0007817814633808034,-0.08288766502613389,0.18064335431439904,0.0002373457102565173,0.014625793443994008
2021-07-05,2021,1999,0,0,34,3,0.6922067807553804,0.0017305169518884512,0.09553991552228032,0.15089290718258858,0.0002562279371294759,0.014379572821082764
2021-07-06,2021,1999,0,0,35,0,0.6032321274769896,0.001508080318692474,-0.048047108816047415,0.17484699607110912,0.00035136519977653155,0.028715738102397793
2021-07-07,2021,1999,0,0,35,3,-0.6215340438130238,-0.0015538351095325594,-0.02515876119499478,0.1710213465968095,0.0002635196650316984,0.016917171383129575
2021-07-08,2021,1999,0,0,35,11,0.1150299205456915,0.00028757480136422874,0.04027667986713306,0.1601137250402073,0.0006903251262457269,0.012127143540862608
2021-07-09,2021,1999,0,0,35,25,1.0412706441509603,0.0026031766103774005,0.10579614915625238,0.14918021656807717,0.0003607229853249637,0.029270189559558586
2021-07-12,2021,1999,0,0,35,7,-0.09022181686986883,-0.00022555454217467206,-0.032273972977064753,0.1722070964129431,0.00031100537650634725,0.044748855926731834
2021-07-13,2021,1999,0,0,34,12,-0.13361358853834293,-0.00033403397134585734,0.0056697119378305,0.1658854645358533,0.00037269694684635083,0.019349166290119322
2021-07-14,2021,1999,0,0,34,9,0.9384768466569009,0.0023461921166422523,0.04665690553774024,0.15903666930444083,0.00026634481979592305,0.01518294708466665
2021-07-15,2021,1999,0,0,35,5,-1.028334241983568,-0.00257083560495892,-0.051340426184731516,0.1753975792406419,0.0004019616599308058,0.02639619862429045
2021-07-16,2021,1999,0,0,33,5,0.16830573384660852,0.0004207643346165213,0.008193736598390615,0.16546324739973617,0.0002796187832775267,0.013569908960550695
2021-07-19,2021,1999,0,0,34,6,0.47417030964428086,0.0011854257741107021,0.05576231055383976,0.1575266359904675,0.00031668642453318855,0.033798543598324016
2021-07-20,2021,1999,0,0,36,8,0.22720404616455347,0.0005680101154113837,0.046023205339374686,0.1591533368650656,0.000499777394231261,0.027953950862713753
2021-07-21,2021,1999,0,0,35,7,-0.27701508417627374,-0.0006925377104406844,0.05676656164667686,0.15736022586037934,0.0003360089312465,0.012924251502517026
2021-07-26,2021,1999,0,0,36,3,-1.2248140834063155,-0.0030620352085157887,-0.12998046689859766,0.1885136125358714,0.000394406251801006,0.016288432251492263
2021-07-27,2021,1999,0,0,36,8,1.6721991913190732,0.004180497978297683,0.12762421743706276,0.14553750262933685,0.00037029038058029667,0.016926163900090788
2021-07-28,2021,1999,0,0,36,5,-2.0984110298352263,-0.005246027574588066,-0.1611486802502641,0.19371759283125126,0.0006962343734390507,0.02629890244487107
2021-07-29,2021,1999,0,0,37,6,-0.178674013848934,-0.000446685034622335,-0.017640279624782713,0.1697758533540664,0.000893583870865908,0.017898626827199834
2021-07-30,2021,1999,0,0,37,8,0.15225805700395856,0.0003806451425098964,-0.008745244116320487,0.16828839725047587,0.00033285497295182945,0.03133740183515101
2021-08-02,2021,1999,0,0,37,2,0.7891259835522315,0.001972814958880579,0.08854954642427496,0.15205819688935873,0.00040832155046349934,0.009367179869400926
2021-08-03,2021,1999,0,0,39,1,0.22534304811915212,0.0005633576202978803,0.020538875891041804,0.16340064226106846,0.0004451733591567496,0.012359240177195873
2021-08-04,2021,1999,0,0,39,2,0.19270850004462636,0.00048177125011156593,-0.041680487102023385,0.1737818350483417,0.000571572063323159,0.023769363611413956
2021-08-05,2021,1999,0,0,39,2,-0.8219218240151958,-0.0020548045600379894,-0.09445700620574694,0.1825892299878041,0.0008453139286624388,0.01566477395717933
2021-08-06,2021,1999,0,0,39,4,1.3425798561149622,0.0033564496402874056,-0.01426110481453813,0.16921007685659278,0.0006642025958446927,0.009801170695375146
2021-08-10,2021,1999,0,0,39,4,-0.8347468843999799,-0.0020868672109999498,0.013907256899136695,0.1645047478799565,0.0005533216874339781,0.015600585535826099
2021-08-11,2021,1999,0,0,40,6,-0.47903482607955006,-0.0011975870651988751,-0.008020348508817372,0.16816336291464246,0.0006534191359697985,0.11053523170522347
2021-08-12,2021,1999,0,0,40,8,0.5337130941457602,0.0013342827353644005,-0.023131994546109674,0.17069164519003052,0.0008712443689149772,0.04204304140022053
2021-08-13,2021,1999,0,0,40,8,0.807320235573272,0.00201830058893318,-0.03849736103336069,0.17325119519722829,0.0005490098249293294,0.020605502424752523
2021-08-16,2021,1999,0,0,39,9,1.2820036355381839,0.0032050090888454596,0.0974271362890603,0.15057691489619918,0.00042664559629929186,0.03303655924480451
2021-08-17,2021,1999,0,0,40,13,-0.7605873138366577,-0.0019014682845916442,-0.08766161757773233,0.18145605625675743,0.0005259146925567405,0.025292665215796407
2021-08-18,2021,1999,0,0,40,7,-1.3548342687814112,-0.003387085671953528,-0.17728671311760616,0.1964069936433245,0.0005142688867204357,0.12842109671347546
2021-08-19,2021,1999,0,0,41,6,-0.9167840609951567,-0.0022919601524878917,-0.027375958211630504,0.17139883681756968,0.0006225957237299094,0.02004784983797651
2021-08-20,2021,1999,0,0,41,6,0.8762761550487754,0.0021906903876219384,0.125109180556834,0.14595796068376704,0.0004782645135098778,0.038616100934233406
2021-08-23,2021,1999,0,0,41,7,-0.7722878193959402,-0.0019307195484898503,0.058241819565564436,0.15710667718315688,0.0002966585102397132,0.050575678218878664
2021-08-24,2021,1999,0,0,41,11,-1.1655844015144918,-0.0029139610037862296,-0.0758098929888499,0.17947372689702562,0.00032488413621344255,0.00866586847925117
2021-08-25,2021,1999,0,0,41,14,-0.9229996317493692,-0.002307499079373423,-0.07163633680701122,0.17877224810264652,0.00024573696319167635,0.026367629965727845
2021-08-26,2021,1999,0,0,40,10,-0.6471954002734002,-0.0016179885006835004,-0.046680375272753726,0.1746200588067092,0.0005306540506162694,0.02350611886216143
2021-08-27,2021,1999,0,0,40,5,-0.06382837267029084,-0.00015957093167572712,0.016346555441071244,0.16410025401658354,0.0003529772494854645,0.005317768648046488
2021-08-30,2021,1999,0,0,40,16,-0.48729138491659185,-0.0012182284622914796,0.025330320575033892,0.16260037450431195,0.00034470651826989555,0.06325656812638958
2021-08-31,2021,1999,0,0,41,10,0.487554952142157,0.0012188873803553925,0.05150301168708269,0.15823560637383968,0.0003306586967972969,0.020283878518771406
2021-09-01,2021,1999,0,0,42,8,0.32614569165503404,0.000815364229137585,-0.06207691509006499,0.17718735779586775,0.000552169216027927,0.026148936299765765
2021-09-02,2021,1999,0,0,42,18,-0.17356730129394804,-0.0004339182532348701,-0.010548357734505256,0.1685863651995617,0.0004485638157918287,0.053820417489303926
2021-09-03,2021,1999,0,0,43,7,-0.6958982165543866,-0.0017397455413859664,-0.017965581857282305,0.1698244562641601,0.0003724261095950447,0.10192617244873767
2021-09-06,2021,1999,0,0,43,16,0.12132728563811157,0.00030331821409527895,-0.017124593870085237,0.1696821792310603,0.00027485609737990923,0.05218073951449542
2021-09-07,2021,1999,0,0,45,13,0.3777633262101679,0.0009444083155254197,0.0033962856593895215,0.16625877531636965,0.0003597569485029757,0.01718539813180407
2021-09-08,2021,1999,0,0,45,20,1.5759607363352044,0.003939901840838011,0.14212783831511364,0.1431206872984318,0.0005014777946465818,0.012896692220430432
2021-09-09,2021,1999,0,0,44,2,-0.19299060042980942,-0.0004824765010745236,0.010706791300333446,0.16504195394597804,0.00040916172248706606,0.03819191460505785
2021-09-10,2021,1999,0,0,45,28,0.7950380648254385,0.001987595162063596,0.07069644025547527,0.15503563064536996,0.00032120046210556773,0.06814712069096933
2021-09-13,2021,1999,0,0,46,33,0.04948486643839978,0.00012371216609599945,-0.019690390627010737,0.1701170989106373,0.0007793264425504173,0.013707271188694112
2021-09-14,2021,1999,0,0,45,34,1.2482691713044807,0.0031206729282612015,0.19409929924220143,0.13444467887505224,0.0005995284572195789,0.020037878950333873
2021-09-15,2021,1999,0,0,45,10,-0.39974572737363934,-0.0009993643184340983,-0.001366728665247092,0.1670541400754355,0.0004202970175832376,0.03209505215617193
2021-09-16,2021,1999,0,0,46,6,0.43265431515247554,0.001081635787881189,0.06895491269211348,0.15532923876610236,0.0006450194654114582,0.023382683089587887
2021-09-17,2021,1999,0,0,47,19,-0.5452585559371421,-0.0013631463898428552,-0.08087306889725937,0.18032465438932688,0.000552197843139777,0.029337975043438515
2021-09-21,2021,1999,0,0,45,3,-0.10789395582586891,-0.0002697348895646723,-0.029150860634318702,0.17169661955399418,0.0011115391077732852,0.0828033205733944
2021-09-22,2021,1999,0,0,45,1,0.7427804298154147,0.0018569510745385367,0.09503631242334057,0.15097565946031974,0.000363546418465054,0.03566322185313802
2021-09-24,2021,1999,0,0,46,4,0.9919826350902295,0.0024799565877255737,0.05259651804002124,0.15805337804237654,0.0005716578082489218,0.11161437761742006
2021-09-27,2021,1999,0,0,46,14,0.7580125064281036,0.0018950312660702589,0.14626193042703267,0.14243129269035615,0.0006121532862167021,0.014488725513819823
2021-09-28,2021,1999,0,0,46,6,1.478238950286605,0.0036955973757165123,0.06702281862275,0.15564756770194327,0.00042598525457428893,0.0660951013222635
2021-09-29,2021,1999,0,0,46,3,0.0025273534692487054,6.318383673121763e-06,0.0529551204059196,0.15799871286373296,0.0006496720476416401,0.013089458189471713
2021-09-30,2021,1998,0,0,46,1,-2.5088749710011617,-0.006272187427502904,-0.16774959891572402,0.1948174633124065,0.0005478827573988526,0.012297870285773886
2021-10-01,2021,1998,0,0,46,9,-0.1995689864830097,-0.0004989224662075243,-0.00266355140693881,0.16727722438096965,0.00037497226156616234,0.0621343362838671
2021-10-04,2021,1998,0,0,46,9,-0.6767106814417367,-0.0016917767036043418,0.03397177092035393,0.16116262889941183,0.0004427430801507675,0.04417988308487282
2021-10-05,2021,1998,0,0,45,29,-2.6126030260718487,-0.006531507565179622,-0.12732584336107403,0.1880720974971389,0.0004469005274081647,0.024418076122610287
2021-10-06,2021,1998,0,0,45,1,-1.3910661288148432,-0.003477665322037108,-0.03632317891516042,0.17288978724158532,0.0005070235724393581,0.041879296891815444
2021-10-07,2021,1998,0,0,47,2,-1.0472793071583526,-0.0026181982678958817,-0.05962331412082137,0.1767792795497347,0.0004784703573763189,0.029499020701993967
2021-10-08,2021,1998,0,0,47,1,-0.6989332313166317,-0.0017473330782915792,-0.047879497528312706,0.17481966104681096,0.0004813889943320173,0.03667906488415049
2021-10-11,2021,1998,0,0,46,1,-0.5868648159242216,-0.0014671620398105539,-0.06406514387393783,0.17751691095444833,0.0004229646582081817,0.025301164065452363
2021-10-12,2021,1998,0,0,48,10,-0.6616129318208108,-0.001654032329552027,-0.04412224675385968,0.17418966662517765,0.0003853822891795812,0.012769756138153114
2021-10-13,2021,1998,0,0,47,11,0.8642223407769016,0.002160555851942254,0.024209240853654296,0.1627943881232427,0.0009584675329680305,0.009624665706160497
2021-10-14,2021,1998,0,0,49,4,-0.02764296172183267,-6.910740430458168e-05,0.04550110207850002,0.15923754742586396,0.0004320094405370848,0.03959966832144907
2021-10-15,2021,1998,0,0,48,2,0.46134947576589563,0.0011533736894147391,-0.005087552833403978,0.1676746919152967,0.00038892716840711433,0.029394178543677207
2021-10-18,2021,1998,0,0,48,6,1.1072174618087263,0.0027680436545218156,0.14493585275001455,0.1426430599346207,0.0003040233891454348,0.013698094128794138
2021-10-19,2021,1998,0,0,48,8,-0.09988936877401056,-0.0002497234219350264,0.04361062545334835,0.15955471555897732,0.00039798535459625357,0.021895217748787305
2021-10-20,2021,1998,0,0,48,8,-0.7964626941815574,-0.0019911567354538935,-0.08663642787669636,0.18127674738197685,0.00026770777904988813,0.013822734925490075
2021-10-21,2021,1998,0,0,49,11,-0.7699876385832147,-0.0019249690964580368,-0.05906840948108372,0.1766806240077865,0.00028222051170515976,0.0287447930812484
2021-10-22,2021,1998,0,0,48,10,-0.0066139259486632795,-1.65348148716582e-05,-0.02105927993514867,0.17034064461082554,0.00035330504914050844,0.015176748476574124
2021-10-25,2021,1998,0,0,48,13,0.4668520128523776,0.001167130032130944,0.038799176709867995,0.16035461439414891,0.00028276208698454905,0.01800112921482254
2021-10-26,2021,1998,0,0,48,5,0.3932563865298614,0.0009831409663246535,0.05039701322109901,0.15841978052469552,0.00044622721025659945,0.019041895882721198
2021-10-27,2021,1998,0,0,48,9,0.13377726226497888,0.0003344431556624472,-0.009356673052873772,0.16838338584697482,0.0004382503690510755,0.016510442767102267
2021-10-28,2021,1998,0,0,47,11,0.3231017833762233,0.0008077544584405582,0.04995605187228605,0.1584987685623366,0.0009176155034682625,0.008674407327331247
2021-10-29,2021,1998,0,0,47,6,-0.09298119805837324,-0.0002324529951459331,-0.046655385932207444,0.17461563394659335,0.0004589523370641722,0.007322580025289802
2021-11-01,2021,1998,0,0,46,12,0.748797891600959,0.0018719947290023976,-0.002104726074727012,0.16718183996887478,0.0007797630679543412,0.06860274971862255
2021-11-02,2021,1997,0,0,46,9,-0.5691706849718863,-0.0014229267124297156,0.011693697547011328,0.16488004713555449,0.0007306157652275316,0.04626399630729317
2021-11-04,2021,1997,0,0,46,4,1.010657586356437,0.0025266439658910927,0.02838378083522051,0.16209111927989334,0.000703207410758261,0.03995220925198033
2021-11-05,2021,1997,0,0,46,3,-0.6161255430855594,-0.0015403138577138986,-0.025249347432293946,0.17104389758651337,0.0005588483008597246,0.008714848208015505
2021-11-08,2021,1996,0,0,46,3,-0.2771844688881535,-0.0006929611722203838,-0.05376692547517492,0.175798640578624,0.0006472628226586899,0.005883725887456267
2021-11-09,2021,1996,0,0,46,9,1.4907371067756041,0.0037268427669390103,0.03926818265390977,0.160274894611177,0.0006352062574166218,0.21955092157007827
2021-11-10,2021,1996,0,0,46,9,1.386317412196946,0.003465793530492365,0.004303428965365582,0.16611395220261946,0.0010307575479861308,0.17805388143912293
2021-11-11,2021,1996,0,0,46,7,1.4111894411191237,0.0035279736027978093,0.07520218647384536,0.15428339087204504,0.00099700248494648,0.019393486237782306
2021-11-12,2021,1996,0,0,46,3,1.4980604934509152,0.003745151233627288,0.05881880781208681,0.15701493438570283,0.0005767936584711308,0.03813944790261806
2021-11-15,2021,1996,0,0,46,1,1.7154667565733765,0.004288666891433441,0.08641430754442456,0.15241464002243973,0.0005464240641226323,0.010768801512590765
2021-11-16,2021,1996,0,0,45,7,-0.37333019604373485,-0.0009333254901093372,-0.030319622561812615,0.17188520853617964,0.0003645357940696947,0.01305690387850194
2021-11-17,2021,1997,0,0,45,5,2.970642055638892,0.00742660513909723,0.0974782268158278,0.1505665275144535,0.0003780788969599467,0.01966629888712633
2021-11-18,2021,1997,0,0,45,10,-0.052441506117586106,-0.00013110376529396528,0.007400143994770589,0.16559312468558257,0.00035871072649012347,0.010580848424148732
2021-11-19,2021,1997,0,0,45,4,-1.0836056778782388,-0.002709014194695597,-0.0766253979117355,0.17961158411194406,0.0005324888588351109,0.01819091387841067
2021-11-22,2021,1997,0,0,45,12,-0.5604563395829947,-0.0014011408489574867,-0.02317558373543438,0.17069422211608262,0.000301902688602903,0.017908690959711593
2021-11-24,2021,1997,0,0,47,13,0.40941191595268656,0.0010235297898817165,0.04293210820753216,0.1596707786578563,0.0005060500858453976,0.021623972314914298
2021-11-25,2021,1997,0,0,48,10,0.24797077154947722,0.000619926928873693,0.04091582801820431,0.16000736520753353,0.0008787810299032197,0.024142421394276945
2021-11-26,2021,1997,0,0,47,7,-0.6839696794265178,-0.0017099241985662943,0.003032953186952294,0.16632452300424042,0.0004010848136556735,0.04967125121765841
2021-11-29,2021,1997,0,0,46,13,-1.5251440050898102,-0.0038128600127245254,-0.1163494477647241,0.18624311280676784,0.0005048360964534132,0.052684831671912756
2021-11-30,2021,1996,0,0,46,0,1.819514617646579,0.004548786544116448,0.10463980430908779,0.1493734705294786,0.0005077571721615807,0.0219607749046282
2021-12-01,2021,1996,0,0,46,3,0.3933927579340768,0.000983481894835192,0.030732358244050472,0.1617063700078721,0.0011237543347934194,0.023927846986602816
