Date,ValidationYear,StocksRanked,SelectedMissingTargets,AllMissingTargets,FallbackStocks,SelectedFallbackStocks,OfficialDailySpread,IllustrativeGrossOneReturn,RankIC,NormalizedHardRankMSE,AllStockForecastMSE,MaxAbsoluteScore
2017-12-29,2018,1896,0,0,42,3,-0.2619042543855027,-0.0006547606359637567,-0.04252063174524579,0.17393098841970564,0.00031316187121216177,0.011459325122116396
2018-01-04,2018,1896,0,0,41,7,0.2765860159650979,0.0006914650399127448,-0.04453331608291806,0.17426784527600853,0.00040511234186759446,0.012283019605810255
2018-01-05,2018,1896,0,0,41,9,-0.706021747044994,-0.001765054367612485,-0.050555982265902695,0.1752715846147967,0.0003701952515662927,0.00695083231207798
2018-01-09,2018,1896,0,0,39,17,0.4300599616644758,0.0010751499041611896,0.05134973924136607,0.15827014507893084,0.00037973669713127093,0.02327152203402733
2018-01-10,2018,1896,0,0,39,3,-1.6867962701095252,-0.004216990675273813,-0.11704898093190476,0.18636701534712788,0.0005706525237554833,0.005804955487438935
2018-01-11,2018,1896,0,0,39,7,-0.10524055882498806,-0.00026310139706247016,-0.020505977500904025,0.1702571956451323,0.0004599329833962822,0.009043001846508244
2018-01-12,2018,1896,0,0,39,4,-0.5745875788392331,-0.0014364689470980827,0.012757028868204285,0.16470473990228274,0.00038458524279180777,0.03551662642186025
2018-01-15,2018,1896,0,0,39,6,-1.0777499333695078,-0.0026943748334237695,-0.01619692559093646,0.16954271596349982,0.0003816383587621584,0.013759243499838283
2018-01-16,2018,1896,0,0,39,2,-0.07767581041734939,-0.00019418952604337346,0.026896389784195222,0.16235311614160444,0.0003904335225078871,0.0136042292313815
2018-01-17,2018,1896,0,0,39,2,-0.7281545210440008,-0.001820386302610002,-0.057395693302808734,0.17641222695458209,0.0003031740418131942,0.00946332767314027
2018-01-18,2018,1896,0,0,40,0,-1.7434559206360332,-0.004358639801590083,-0.09995828540527792,0.1835124358614745,0.0004468565144195216,0.00962763087769314
2018-01-19,2018,1896,0,0,40,9,-0.33118090369623143,-0.0008279522592405786,-0.006751422257622256,0.16796494054842598,0.0003788366751456585,0.029679423823088313
2018-01-22,2018,1896,0,0,39,2,1.3358095880382383,0.003339523970095596,0.04750099820652615,0.15890943070477775,0.0003253276511140894,0.037482116678668465
2018-01-23,2018,1896,0,0,39,10,0.39716766944329895,0.0009929191736082474,-0.009435920584286678,0.1684124525081091,0.0003404360206773012,0.013513985833066577
2018-01-24,2018,1896,0,0,39,15,-0.10607261220642639,-0.00026518153051606594,-0.005856850984221077,0.16781243892819173,0.000319010249433938,0.013317432000367793
2018-01-25,2018,1896,0,0,38,6,0.7556204413471331,0.0018890511033678328,0.10710025518977098,0.1489667318314703,0.00037553686189399464,0.011432756413794373
2018-01-26,2018,1896,0,0,38,6,1.1274880526020024,0.002818720131505006,0.025982699290195223,0.1625067765197677,0.0005161784498123466,0.034816496060731124
2018-01-29,2018,1896,0,0,38,8,-0.5919767178833035,-0.0014799417947082589,-0.006065445068416398,0.167852902558262,0.0006585132870308302,0.012689287190198718
2018-01-30,2018,1896,0,0,38,5,0.6822179310663743,0.0017055448276659358,0.028153573694207987,0.1621448368393343,0.0010544621533427917,0.025462672624205252
2018-01-31,2018,1896,0,0,37,2,0.14227193344857353,0.00035567983362143384,0.044809709472467193,0.15936288031663093,0.00042837783788913245,0.008524190115075355
2018-02-01,2018,1896,0,0,36,2,0.7995740946088246,0.0019989352365220613,0.07490019655964311,0.15434596600520456,0.001127750074854011,0.029111326754605912
2018-02-02,2018,1896,0,0,37,3,0.238210734527593,0.0005955268363189825,-0.021149845102454365,0.17037125828553412,0.004431055452594952,0.03177873032031963
2018-02-05,2018,1896,0,0,36,0,-0.7271204870443715,-0.0018178012176109288,-0.06821051885838228,0.1782192232528135,0.0006073822736633947,0.022951298052522606
2018-02-06,2018,1896,0,0,36,8,-1.6492167625647447,-0.004123041906411861,-0.14591356154247395,0.19118365033172685,0.0009669692367604507,0.06571353571572207
2018-02-07,2018,1896,0,0,35,2,-0.5661008220783716,-0.001415252055195929,-0.026697661676443378,0.1712967171702707,0.0009899234881454516,0.019355768599940402
2018-02-08,2018,1896,0,0,34,0,0.1797965315477752,0.00044949132886943797,-0.05986196251993946,0.17682742338149224,0.0011483952127424666,0.016837902892396374
2018-02-09,2018,1896,0,0,34,2,-1.039905962889577,-0.0025997649072239427,-0.10191376299256318,0.18384471805104127,0.0009587372436089264,0.07960050350152043
2018-02-13,2018,1896,0,0,33,0,0.21144356133528408,0.0005286089033382102,0.036832025239492784,0.16069402667521118,0.00118091858510747,0.031052860008735354
2018-02-14,2018,1896,0,0,33,7,0.4163515735809664,0.0010408789339524161,0.016423831031455758,0.16410036513616033,0.0009378336925994794,0.0338666051326432
2018-02-15,2018,1896,0,0,34,0,0.4060531882876077,0.0010151329707190192,0.07791142808309344,0.1538435961583433,0.0013713436370735171,0.03562469760796005
2018-02-16,2018,1896,0,0,34,0,-0.8420840179063855,-0.0021052100447659637,-0.012486287487981727,0.16891736436686666,0.00033306964127414904,0.052819377906949135
2018-02-19,2018,1896,0,0,34,1,-0.19915159333940324,-0.0004978789833485081,0.023738326073997437,0.16287772571016754,0.0005099540149847272,0.03646016829137124
2018-02-20,2018,1896,0,0,34,1,-0.012472209595906891,-3.118052398976723e-05,-0.0397381417907401,0.17346891667655862,0.0003497802677988673,0.019300162481058356
2018-02-21,2018,1896,0,0,33,0,1.4084766561475863,0.0035211916403689657,0.1619661915295266,0.1398186440662532,0.00036798338720694506,0.04519433380988077
2018-02-22,2018,1896,0,0,34,5,-0.01249029253325351,-3.1225731333133775e-05,-0.011214963512195813,0.168709805111589,0.00040880951136621987,0.022464719396104095
2018-02-23,2018,1896,0,0,33,1,0.9605141108943982,0.0024012852772359954,0.10948691517074428,0.14856780332601932,0.0002957713983009989,0.10158769736030028
2018-02-26,2018,1896,0,0,32,4,-1.1941539569150852,-0.002985384892287713,-0.15548442803379633,0.19278122546020368,0.00038344549592379606,0.023508722224892527
2018-02-27,2018,1896,0,0,30,2,-1.0088366614284172,-0.002522091653571043,-0.09771108841826814,0.18314314935174325,0.0005573042906806944,0.006843766728557132
2018-02-28,2018,1896,0,0,32,6,0.5241875949838817,0.0013104689874597042,-0.0025950074023255274,0.1672750375650829,0.0004819003646016002,0.01952817369378139
2018-03-01,2018,1896,0,0,35,10,2.710661173019517,0.006776652932548793,0.16831966446048727,0.1387584825648166,0.0007439226388294551,0.028983861605232537
2018-03-02,2018,1896,0,0,36,12,0.10906435264820935,0.00027266088162052337,-0.01997916856845725,0.17017540337392356,0.0009264294205574776,0.023708356628848133
2018-03-05,2018,1896,0,0,35,7,-0.6759696823048154,-0.0016899242057620385,-0.05381922834528861,0.17581688372944068,0.0004098877374724553,0.3196705777477983
2018-03-06,2018,1896,0,0,34,4,-0.04043791487554349,-0.00010109478718885873,-0.017770021119340073,0.16980121870872578,0.00041837279763168826,0.03319705962384628
2018-03-07,2018,1896,0,0,35,1,0.6957630073952363,0.001739407518488091,0.08573673809828636,0.1525341886830673,0.00041633514121920077,0.050725478752573896
2018-03-08,2018,1896,0,0,35,3,1.1311690076064016,0.002827922519016004,0.17935026287894523,0.13691839046871337,0.000612362751915448,0.015399747668386948
2018-03-09,2018,1896,0,0,36,3,-0.021434611532728853,-5.3586528831822136e-05,-0.003928890057309502,0.16749469662073907,0.00051377669708536,0.016925211999113725
2018-03-12,2018,1896,0,0,35,7,-0.39170617532791585,-0.0009792654383197895,0.0027355312263167516,0.166377262853239,0.00038519510925724145,0.023950556491824156
2018-03-13,2018,1896,0,0,34,3,-1.22418627025353,-0.003060465675633825,-0.08771788715871284,0.18147202507646454,0.0004342372158588884,0.35504449562789914
2018-03-14,2018,1896,0,0,34,8,-0.13467389952897357,-0.00033668474882243393,-0.014066771553289519,0.16918524307126795,0.00037058916692819766,0.044755009660330726
2018-03-15,2018,1896,0,0,32,3,0.5413896030131067,0.0013534740075327666,0.031554064281523415,0.16157699074377205,0.0005331634556360314,0.022901818134946326
2018-03-16,2018,1897,0,0,31,8,0.22170391484948998,0.0005542597871237249,0.035819934122531816,0.1608601516946425,0.00026046212786601274,0.01504046692672984
2018-03-19,2018,1897,0,0,31,11,-0.34128938319164814,-0.0008532234579791204,-0.019114987720421577,0.17002454160125413,0.00036136222757945544,0.013352017460529554
2018-03-20,2018,1897,0,0,29,10,-0.9814748558373072,-0.002453687139593268,-0.1557752789041823,0.1928323975067411,0.0017032663333661352,0.03454284450011145
2018-03-22,2018,1898,0,0,28,3,0.05380121270581903,0.00013450303176454757,-0.041775452287010795,0.17380734924354146,0.0003139085050172019,0.01540247364973095
2018-03-23,2018,1900,0,0,30,2,-0.6092278683263945,-0.0015230696708159863,-0.0629759417903954,0.17734911527175143,0.0022224972085896095,0.058813278468619175
2018-03-26,2018,1900,0,0,28,4,-0.013860387082085923,-3.465096770521481e-05,0.00014542303723456723,0.16681720976845454,0.0005279845165156603,0.03180418601354271
2018-03-27,2018,1901,0,0,29,1,-0.9084994028894734,-0.0022712485072236836,-0.07616706379984282,0.17954166053440307,0.0006373615648197655,0.10630135437859776
2018-03-28,2018,1901,0,0,31,1,-2.1573305258693987,-0.005393326314673497,-0.2194340427898701,0.2034506053819174,0.0006550597418350638,0.026407183203714768
2018-03-29,2018,1901,0,0,33,3,0.2020774134936499,0.0005051935337341247,-0.05459744470032627,0.17594647349914974,0.00032195806033524327,0.01435477362112482
2018-03-30,2018,1901,0,0,32,7,0.0038390850645473457,9.597712661368364e-06,-0.047928940796416915,0.17483448564030302,0.00031889352438533214,0.007280646049710983
2018-04-02,2018,1902,0,0,33,6,-1.7433960719764918,-0.00435849017994123,-0.16728742981984465,0.19474886999759033,0.0005209223233527815,0.025312727163746437
2018-04-03,2018,1902,0,0,34,1,-0.1271417942561618,-0.0003178544856404045,-0.027708862387903512,0.17145996259332089,0.0004073609822203939,0.03385873272270254
2018-04-04,2018,1902,0,0,34,8,0.4282693430921177,0.0010706733577302942,-0.037417829367000444,0.17308037334875875,0.0003967013364246115,0.05234857028961146
2018-04-05,2018,1902,0,0,34,4,-0.34663057847489603,-0.0008665764461872401,-0.07598201484522153,0.1795081656802721,0.00035835031078252565,0.015657001016680466
2018-04-06,2018,1902,0,0,34,2,-2.295241598046699,-0.005738103995116748,-0.16599303395429557,0.19453324987852655,0.00037530139791645893,0.04113201852908549
2018-04-09,2018,1902,0,0,36,6,-4.496550767299715,-0.011241376918249288,-0.3216503057597688,0.2205012964100482,0.0005622925825049365,0.035712002252809495
2018-04-10,2018,1902,0,0,37,5,0.6027939706377802,0.0015069849265944505,0.06975527230216917,0.1551936072549326,0.0003125066880693788,0.017527300388387193
2018-04-11,2018,1902,0,0,38,1,2.8741430502016434,0.007185357625504108,0.2658505666979871,0.12248274279967206,0.00039740904655795106,0.016951135579496915
2018-04-12,2018,1902,0,0,40,10,0.477030971801925,0.0011925774295048126,-0.026028855382273453,0.17118080436288044,0.0006158732433856803,0.016704648469204646
2018-04-13,2018,1902,0,0,40,5,-0.07594879811640931,-0.00018987199529102328,-0.05890843534688107,0.1766665486735106,0.0003700912035238893,0.01791333447372103
2018-04-16,2018,1902,0,0,40,10,-0.04942297237709736,-0.0001235574309427434,0.022451389279991775,0.16309440691661603,0.0004392761106041332,0.00860782702584027
2018-04-17,2018,1902,0,0,40,8,0.24945504017910186,0.0006236376004477547,0.13113129666000772,0.1449570998826842,0.0003825062183478585,0.06898613516162437
2018-04-18,2018,1902,0,0,41,7,-0.37501173696553036,-0.0009375293424138259,-0.033874357873267695,0.17247699174265355,0.0002563988117949402,0.0745364138158845
2018-04-19,2018,1902,0,0,42,6,0.12803678182200778,0.00032009195455501944,0.025058391336097493,0.16265516509209674,0.00035559732783607283,0.025230104351707326
2018-04-20,2018,1903,0,1,43,7,0.9564232606662566,0.0023910581516656416,0.04086409023074311,0.16002017213917985,0.00033040212460944384,0.008886869848964866
2018-04-23,2018,1903,0,0,43,3,-0.564502602408685,-0.0014112565060217124,-0.10261233027373252,0.18395254640436223,0.00032030461119729974,0.018747494943746355
2018-04-24,2018,1903,0,0,45,4,-0.0048162331021151805,-1.2040582755287951e-05,-0.012245268224859692,0.1688788996589186,0.000392478999241432,0.01780347943097409
2018-04-25,2018,1903,0,0,45,5,-1.398361952680619,-0.0034959048817015475,-0.09406353798862915,0.1825309179288035,0.0005428009037801328,0.018086266324067544
2018-04-26,2018,1903,0,0,44,3,0.15053006842016925,0.0003763251710504231,0.01725761923569313,0.16395780223833728,0.0007204461757715458,0.02235790044019045
2018-04-27,2018,1903,0,0,45,3,1.18388541113757,0.0029597135278439254,0.15564987716216583,0.14086832647651168,0.0003023107298135167,0.021004639394939704
2018-05-01,2018,1903,0,0,46,2,-0.25010742581083467,-0.0006252685645270866,-0.0346640598623859,0.1726165066719927,0.00041878548533448644,0.013903540628786544
2018-05-02,2018,1903,0,0,48,1,2.098119391685672,0.00524529847921418,0.1403802185855088,0.14341508227604638,0.00043759527551838305,0.015200565687800083
2018-05-07,2018,1903,0,0,47,4,1.0393668161352647,0.0025984170403381616,0.07671286477270069,0.1540356373251191,0.0006681822545379917,0.015544670892862057
2018-05-08,2018,1903,0,0,47,5,0.5982855673866664,0.0014957139184666659,0.045458018690899514,0.15925100705788314,0.0012667773535120074,0.9639029167902093
2018-05-09,2018,1903,0,0,48,4,0.6793909354879022,0.0016984773387197555,0.06129943257760484,0.15661260737847071,0.0008219229858738806,0.052554299967378856
2018-05-10,2018,1903,0,0,48,4,0.7225025143611755,0.0018062562859029387,0.04916545471791548,0.15863604224713487,0.0010565013835295144,0.02271997034985046
2018-05-11,2018,1903,0,0,47,0,0.5421018953711769,0.0013552547384279422,0.025788419598211612,0.16253454970523737,0.0007097702646406333,0.027058815701151963
2018-05-14,2018,1903,0,0,47,1,0.1843312093645464,0.000460828023411366,-0.017715712852606987,0.16979409853504807,0.0006360149572798105,0.013153910966803285
2018-05-15,2018,1903,0,0,47,3,-0.05623523305772404,-0.0001405880826443101,0.042652023580184044,0.15971914482165397,0.00040215278124168763,0.015306731116222402
2018-05-16,2018,1903,0,0,47,3,0.430641584199537,0.0010766039604988425,0.05070099159470757,0.15837801784469832,0.0003028318648384701,0.0099268038745522
2018-05-17,2018,1903,0,0,48,1,0.074882307309311,0.0001872057682732775,0.08503302444349567,0.1526491734974566,0.0003645737102465575,0.01195159917697584
2018-05-18,2018,1903,0,0,49,1,0.05654940267808506,0.00014137350669521265,0.05395464249091908,0.1578351889040138,0.00023054032287647745,0.0152893975379753
2018-05-21,2018,1903,0,0,50,2,-1.1332510999002945,-0.0028331277497507363,-0.07320546376129035,0.17904822999173906,0.00029612099532778653,0.03294893942479948
2018-05-22,2018,1903,0,0,51,2,-0.6682173531694293,-0.0016705433829235733,-0.027754318808709297,0.17147019506039535,0.0003828353979307573,0.013480484635171196
2018-05-23,2018,1903,0,0,50,2,-0.7744230006670983,-0.001936057501667746,-0.12590463529044016,0.18784186483871299,0.00028188772490877047,0.01510882912633487
2018-05-24,2018,1903,0,0,50,1,-0.6505932175582495,-0.0016264830438956239,-0.013630360347181014,0.1691067867943006,0.00035609222653331307,0.04027026075207526
2018-05-25,2018,1903,0,0,50,4,-0.7020194509141189,-0.0017550486272852972,-0.11354117812452147,0.18578091446599704,0.00032496591470218864,0.011704215104355514
2018-05-28,2018,1903,0,0,50,4,-1.4059950203669778,-0.0035149875509174443,-0.1456525253396311,0.19114216053185218,0.0004545316965692193,0.03655348738280754
2018-05-29,2018,1903,0,0,50,2,-1.4341772480115624,-0.003585443120028906,-0.12952173993504137,0.18844625529976075,0.0003994864148373095,0.02582371108772204
2018-05-30,2018,1903,0,0,50,1,0.5216058164630134,0.0013040145411575335,0.05236394096569841,0.15810131180545003,0.00036891595848379487,0.04461144306924721
2018-05-31,2018,1904,0,0,51,2,1.1635945548400561,0.0029089863871001403,0.04388715305821094,0.15951897650759084,0.0005475411678358237,0.013025649771992519
2018-06-01,2018,1904,0,0,51,1,-0.10949907758438593,-0.00027374769396096483,-0.03898881686531021,0.1733376358559088,0.0003547122947293796,0.05389090144507972
2018-06-04,2018,1904,0,0,51,2,1.682512611015757,0.0042062815275393925,0.07596805587138346,0.15415930307928266,0.000348281439339511,0.02959813035205226
2018-06-05,2018,1904,0,0,52,4,0.9975534166841526,0.0024938835417103815,0.07398765271234282,0.1544926760666958,0.00037660081797673365,0.01032743880979206
2018-06-06,2018,1904,0,0,52,1,-0.5256837449129425,-0.0013142093622823562,-0.11860219879049079,0.18661910628761702,0.0003091772510242121,0.023771264262372173
2018-06-07,2018,1904,0,0,51,5,-0.3167831974809684,-0.000791957993702421,-0.0690986841350365,0.17836186629489872,0.00032925955228331173,0.0420973579608643
2018-06-08,2018,1904,0,0,51,3,-0.9831824352096845,-0.0024579560880242115,-0.10429212943723412,0.18423332481590324,0.00024812052878013893,0.011669268582045821
2018-06-11,2018,1904,0,0,51,18,-0.2702186715906553,-0.0006755466789766383,-0.04262493892039553,0.17394514972619496,0.0003465729150406352,0.015042498247871617
2018-06-12,2018,1904,0,0,52,7,0.11828268213152815,0.0002957067053288204,-0.018075155166010628,0.16984854590674883,0.0003176052591245413,0.01062046249897395
2018-06-13,2018,1904,0,0,53,11,0.3290019448746223,0.0008225048621865558,0.04038205702353882,0.16010268100509123,0.0003930892825843608,0.0050438397266209765
2018-06-14,2018,1904,0,0,53,1,-1.8974063446719691,-0.004743515861679923,-0.20505306561505834,0.2010510832851212,0.0004623011055505663,0.022296907463226434
2018-06-15,2018,1904,0,0,53,7,0.795683514632155,0.0019892087865803878,0.021142562955561373,0.16331365706870243,0.0005965355231971409,0.013499754470485327
2018-06-18,2018,1904,0,0,51,6,0.15407669258181766,0.0003851917314545442,0.009985432081681178,0.16517190624868236,0.0003210978506197629,0.04265213809718711
2018-06-19,2018,1905,0,0,51,20,1.1595015692604775,0.002898753923151194,0.10470015431359501,0.14937054582428155,0.00034038114021537713,0.05231097932380315
2018-06-20,2018,1905,0,0,50,19,-0.032258314979701413,-8.064578744925353e-05,-0.01945984412256062,0.17008565454319755,0.00043425472025754395,0.056606388484516414
2018-06-21,2018,1906,0,0,51,7,-0.568517100389915,-0.0014212927509747876,-0.026876155837465884,0.17132415552227628,0.0006293853157225441,0.014417244691275583
2018-06-22,2018,1907,0,0,51,10,-1.856783694395845,-0.004641959235989613,-0.1746461743726381,0.19597534485089146,0.00040425537118452546,0.01771426679744633
2018-06-25,2018,1907,0,0,51,8,0.8539123624844246,0.0021347809062110617,0.1575979307150882,0.14054536631628714,0.0005569683841779898,0.03144777654497855
2018-06-26,2018,1908,0,0,51,11,0.018963131262121236,4.740782815530309e-05,-0.00869999379645961,0.1682894928203633,0.0003140900905167096,0.02273274032843546
2018-06-27,2018,1909,0,0,50,3,1.008317472961267,0.0025207936824031673,0.12585063457244433,0.14583985143532877,0.0003309469972842041,0.006931475046583418
2018-06-28,2018,1909,0,0,50,12,-0.15181497338425576,-0.0003795374334606394,0.031872379053200076,0.16152338675685615,0.0008090183480317358,0.03780951021996494
2018-06-29,2018,1910,0,0,51,5,-0.9885162363514669,-0.0024712905908786673,-0.07895604600951987,0.1800113227255849,0.0003848585347935744,0.013225366752174745
2018-07-02,2018,1910,0,0,52,21,-0.2550676409499957,-0.0006376691023749892,-8.913821562732856e-05,0.16685254561327864,0.00040094458467872685,0.027090887010625685
2018-07-03,2018,1910,0,0,52,5,0.5157567220094363,0.001289391805023591,0.04602233672943189,0.15916259480459055,0.0005443885196127071,0.015643102029676406
2018-07-04,2018,1910,0,0,52,5,1.606898699490313,0.004017246748725782,0.10976820794050628,0.14852532693372186,0.0008004031763954996,0.016860641243656563
2018-07-05,2018,1910,0,0,51,26,0.07643080832263793,0.00019107702080659484,-0.02186176442080911,0.17048668306393824,0.0012842563728739712,0.047821160031391655
2018-07-06,2018,1910,0,0,52,7,1.039295964375666,0.0025982399109391653,0.06921644458848314,0.1552910506606571,0.00044087671998154025,0.02867068086469951
2018-07-09,2018,1910,0,0,51,1,-0.6007668843296572,-0.001501917210824143,-0.04871392578704073,0.1749672904617698,0.0004970982812760342,0.03348323590849486
2018-07-10,2018,1911,0,0,51,5,0.15956917306738472,0.0003989229326684618,0.06455161904403485,0.15606444705860448,0.00035420946650976444,0.012118896299260482
2018-07-11,2018,1911,0,0,53,7,0.235988389148869,0.0005899709728721725,0.02992876202039809,0.16184294044320985,0.0006032612663991253,0.040523537171379
2018-07-12,2018,1911,0,0,54,8,1.9243244388782816,0.0048108110971957045,0.14742638173316894,0.14224295785118055,0.0006522444298080063,0.00829800015775979
2018-07-13,2018,1911,0,0,55,2,0.10652243041591447,0.0002663060760397862,0.05090396534760466,0.15834457500087748,0.0004005432383569304,0.011694849558988554
2018-07-17,2018,1911,0,0,54,2,1.7761923402562068,0.0044404808506405165,0.1616542931940462,0.13986819952913848,0.0002769177392602345,0.01849316788739713
2018-07-18,2018,1911,0,0,54,3,-0.9999593017227142,-0.0024998982543067857,-0.04202712102173224,0.1738468949328418,0.00032838577763227714,0.012623386090001935
2018-07-19,2018,1911,0,0,55,5,0.4120926791232636,0.0010302316978081589,0.06896892615624478,0.15532508201835094,0.0003301751169818297,0.042730297058833064
2018-07-20,2018,1911,0,0,54,5,0.2363576877853486,0.0005908942194633715,0.053748176345572336,0.15786860850743417,0.00032559520663725145,0.009059632463454993
2018-07-23,2018,1912,0,0,55,4,0.6815165760439925,0.0017037914401099813,0.0865667157139822,0.15239102790870362,0.0003170829845370426,0.005962506354737904
2018-07-24,2018,1912,0,0,57,4,0.5358939017722557,0.0013397347544306392,0.0431987127034863,0.15963216415764786,0.0003691010460235419,0.011329500911222166
2018-07-25,2018,1913,0,0,58,6,0.653419149431488,0.0016335478735787202,0.05057650472974633,0.15839979669731188,0.0003474471570640693,0.019599960438204205
2018-07-26,2018,1913,0,0,58,9,0.17834068316393248,0.0004458517079098312,0.07391112889440475,0.15450493826851067,0.0007495332442182007,0.024818038028339852
2018-07-27,2018,1913,0,0,57,5,1.1813797789520113,0.0029534494473800283,0.1268103630142722,0.14568169480798698,0.0007905835766300839,0.010999774962286483
2018-07-30,2018,1913,0,0,57,2,-1.5780779770739422,-0.0039451949426848555,-0.04170667170394078,0.17379530536020724,0.0008345189407157788,0.02924722915959027
2018-07-31,2018,1913,0,0,57,7,1.0228250482466703,0.002557062620616676,0.09736987339621894,0.15058787102139165,0.0005455143079140867,0.022106354696162397
2018-08-01,2018,1913,0,0,58,3,-0.53817650852258,-0.0013454412713064501,-0.03354436198173672,0.17243491350001294,0.0007196505343903169,0.01984067421880511
2018-08-02,2018,1913,0,0,56,2,-1.0519208367618007,-0.002629802091904502,-0.029293989591256654,0.17172404950055445,0.0008133391865897624,0.015820613959692854
2018-08-03,2018,1913,0,0,56,0,0.6234299764225884,0.0015585749410564709,-0.000658621777509898,0.1669474579012914,0.000590988256025614,0.012118742617065366
2018-08-06,2018,1913,0,0,57,0,0.23793995334424045,0.0005948498833606011,0.02235609552013427,0.16310788729872985,0.0007247330511232767,0.017551828303349427
2018-08-07,2018,1913,0,0,58,1,0.16087530939222916,0.0004021882734805729,0.03829141273663437,0.16044865863656255,0.0006258303603524234,0.012592975705939152
2018-08-08,2018,1913,0,0,57,3,0.42932670381867943,0.0010733167595466985,0.06493702786840794,0.15600392197184462,0.0009832151616906157,0.010534928314169533
2018-08-09,2018,1913,0,0,58,1,1.6395571986627897,0.004098892996656975,0.08151581641844957,0.15324049163209658,0.0014498098156357417,0.006730744152690331
2018-08-10,2018,1913,0,0,58,6,0.43864448558931013,0.0010966112139732752,0.01887072089857977,0.1636916562320091,0.0008087321572936471,0.015831068298674977
2018-08-13,2018,1913,0,0,58,12,-0.5822140207365183,-0.0014555350518412958,0.008979250998028179,0.1653412303829941,0.0005017835925502887,0.014297977260140943
2018-08-14,2018,1913,0,0,60,16,-0.3473285418840968,-0.000868321354710242,0.01909343265988515,0.1636522226959895,0.0004972799232391243,0.016014570789166363
2018-08-15,2018,1913,0,0,61,5,-1.2206986088059355,-0.0030517465220148386,-0.09031184774010012,0.1819018145328101,0.00038741506594319817,0.03115297309714995
2018-08-16,2018,1913,0,0,62,6,0.3945352411201306,0.0009863381028003264,0.06050617574359764,0.15674272101446812,0.000300573851322297,0.019021700665913844
2018-08-17,2018,1913,0,0,63,3,-0.602428553233681,-0.0015060713830842027,-0.04694382275421721,0.1746694013716748,0.0003384866398166573,0.02071350203913407
2018-08-20,2018,1913,0,0,64,4,-0.6570857513856592,-0.001642714378464148,-0.05012095543398816,0.1752002476243491,0.0005993633464928037,0.01734975496442952
2018-08-21,2018,1913,0,0,64,1,-0.5793816098802296,-0.001448454024700574,-0.07622095478339974,0.179544957739494,0.000439280889160433,0.01188396225328547
2018-08-22,2018,1913,0,0,65,3,0.4814592213575424,0.001203648053393856,0.05416372846966005,0.1577971012367863,0.0003081228030148276,0.024523962739406203
2018-08-23,2018,1913,0,0,64,1,0.07618155513832425,0.00019045388784581064,0.015787382949807686,0.16420554787732314,0.00047375023417956273,0.048150025651207136
2018-08-24,2018,1913,0,0,64,6,1.5206528310915317,0.003801632077728829,0.1294739547128862,0.14522600193188634,0.00025758752423954835,0.016378139263991096
2018-08-27,2018,1913,0,0,64,4,-0.43290246650683184,-0.0010822561662670795,-0.011686311118151532,0.168786793861616,0.00037021643767252884,0.021187998563660423
2018-08-28,2018,1913,0,0,64,6,-0.2500300177222875,-0.0006250750443057187,-0.028801583023988848,0.17163704830367024,0.00036574100326327213,0.030577811516754545
2018-08-29,2018,1913,0,0,63,9,-0.8210448164875451,-0.0020526120412188626,-0.06654867283496613,0.1779309537172962,0.00029060670403565806,0.02686675286488841
2018-08-30,2018,1913,0,0,63,7,-0.5448283873844815,-0.0013620709684612038,-0.06836542867302592,0.17824278952897862,0.0006660802167703368,0.04426781177093172
2018-08-31,2018,1913,0,0,65,14,-0.5245968939684875,-0.0013114922349212188,-0.07540934017375753,0.17941333521503627,0.0003388820522308939,0.008068295904981584
2018-09-03,2018,1913,0,0,64,11,0.29334751716432483,0.0007333687929108121,0.020091427579987733,0.16347724724723217,0.00038303895544624826,0.029932502021315737
2018-09-04,2018,1913,0,0,64,13,0.6079540060132855,0.0015198850150332137,0.03993929975863708,0.16017404729013957,0.00045042301966197645,0.022284250850576937
2018-09-05,2018,1913,0,0,65,6,0.11749303658335142,0.00029373259145837853,0.0322391417541797,0.16145712767935616,0.00034060376231671873,0.009462933966294294
2018-09-06,2018,1913,0,0,63,8,-1.0516748422465985,-0.0026291871056164963,-0.005132296220390585,0.167686681699219,0.00047855317087259607,0.40370940699736085
2018-09-07,2018,1913,0,0,63,4,0.16706296784952712,0.0004176574196238178,0.061181130890707494,0.15662262593857923,0.0003644199707998495,0.013476770962404164
2018-09-10,2018,1913,0,0,64,7,0.22464976370571765,0.0005616244092642942,0.07955470426953033,0.1535637466480236,0.0004172144510846129,0.008932801738415874
2018-09-11,2018,1913,0,0,61,5,-0.1595212763670042,-0.00039880319091751046,-0.027709396886954972,0.1714584731949143,0.0003976959285474392,0.009074150703311388
2018-09-12,2018,1913,0,0,62,0,-1.7769432253855864,-0.004442358063463966,-0.21063868004650213,0.20197963298760066,0.0006647365908716089,0.01633381329060431
2018-09-13,2018,1913,0,0,63,10,0.23100923654285266,0.0005775230913571316,0.033914492804859836,0.1611811452619911,0.0007152238322101859,0.012260401321932223
2018-09-14,2018,1913,0,0,61,8,1.2447075704640773,0.0031117689261601932,0.17125068575468533,0.1382679718317531,0.0005354560537446545,0.021979840823143037
2018-09-18,2018,1913,0,0,59,4,0.26551646929065453,0.0006637911732266363,-0.02241184844685772,0.17057420922353428,0.00033736033506557406,0.03216989765654268
2018-09-19,2018,1913,0,0,58,8,0.14478409348653187,0.0003619602337163297,0.0353934555700475,0.16093420921525226,0.00046276397454074925,0.0235341279478185
2018-09-20,2018,1913,0,0,57,6,-0.10661251592546961,-0.000266531289813674,-0.03360429330442295,0.17244666136948783,0.0005869110580663746,0.017595741116081268
2018-09-21,2018,1914,0,0,58,11,-2.2786537278275847,-0.0056966343195689615,-0.18418956327760547,0.19756837122878748,0.0005438390496047423,0.039401549390519416
2018-09-25,2018,1915,0,0,59,21,-0.708462891792081,-0.0017711572294802024,-0.04461189121095085,0.17428304357479749,0.0009678088566525784,0.028422199361837666
2018-09-26,2018,1915,0,0,58,12,0.5965874554107884,0.001491468638526971,0.047417234458484524,0.15892580447127932,0.0003364060738519011,0.029139587705447143
2018-09-27,2018,1916,0,0,59,14,0.7810066729030892,0.001952516682257723,0.101735826530404,0.14986438431065818,0.000371897361634678,0.06343666157688667
2018-09-28,2018,1917,0,0,60,18,-1.0950379077776233,-0.0027375947694440583,-0.09856459296720857,0.1832807524873732,0.0003936898125802865,0.013958832343287422
2018-10-01,2018,1920,0,0,63,19,0.6693686511414805,0.0016734216278537011,0.052854262479313005,0.15801995865897853,0.0005267675014274338,0.01623370664618439
2018-10-02,2018,1920,0,0,63,17,-0.7090667562635996,-0.001772666890658999,-0.04034907396725594,0.17356783028339517,0.0003163387552375441,0.021612659043042916
2018-10-03,2018,1920,0,0,63,3,-0.8430879317995799,-0.0021077198294989496,-0.06426579671657702,0.17755761172670775,0.00043357030682346945,0.016337482667890268
2018-10-04,2018,1920,0,0,62,11,-0.6614258215607465,-0.0016535645539018662,-0.03599301301090668,0.1728441844859008,0.0008259686515006003,0.02657898619204152
2018-10-05,2018,1920,0,0,65,9,0.5668636952264949,0.0014171592380662374,0.09238691433177909,0.151422669209236,0.0005291144809142091,0.03802276571375976
2018-10-09,2018,1920,0,0,65,5,-0.6714264951099125,-0.0016785662377747812,0.029463426246047492,0.16192466810687817,0.0013641883963580986,0.023944594884230893
2018-10-10,2018,1920,0,0,64,2,2.65118658292351,0.006627966457308775,0.18674050141790458,0.13568357783709034,0.0006556235905118386,0.016859096298014194
2018-10-11,2018,1920,0,0,63,31,1.4185846722206394,0.0035464616805515985,0.053722264696830654,0.15787680038882362,0.0005207078308905373,0.104025209094914
2018-10-12,2018,1920,0,0,63,5,-0.40297286837234264,-0.0010074321709308567,-0.0942638162433034,0.18256366735167456,0.0004883329048583719,0.02482418404939891
2018-10-15,2018,1920,0,0,63,11,0.5597733932141096,0.001399433483035274,0.09252719755355075,0.15140266939909483,0.0008919284102694529,0.0346358307809435
2018-10-16,2018,1920,0,0,64,12,-1.2345600895222748,-0.003086400223805687,-0.10441100969109311,0.1842552721235756,0.0003766500243316246,0.023335315213491734
2018-10-17,2018,1920,0,0,63,6,-1.3950400540830719,-0.0034876001352076797,-0.1276135081015319,0.18812688929604063,0.000522019149785299,0.06699840529934512
2018-10-18,2018,1920,0,0,63,16,-0.5373431233393724,-0.001343357808348431,-0.00896871765504316,0.16833106451766852,0.000320110635329671,0.04099894863202603
2018-10-19,2018,1921,0,0,64,10,0.9607776179736316,0.002401944044934079,0.11071740393564168,0.14836789528046193,0.0006481021789042288,0.014025153372764342
2018-10-22,2018,1921,0,0,63,13,0.1658013504112344,0.000414503376028086,0.05494369914008101,0.1576642160251822,0.0003961065907055009,0.03242268285703711
2018-10-23,2018,1921,0,0,62,9,1.0289068306487836,0.0025722670766219593,0.11761131607426074,0.14721796653015462,0.0009865321692832014,0.04046802584350643
2018-10-24,2018,1921,0,0,63,15,-0.16747746957247855,-0.00041869367393119637,-0.0025607512022582405,0.16726565387775919,0.0006918987341004531,0.1019309507523449
2018-10-25,2018,1921,0,0,62,36,0.2030262564350167,0.0005075656410875417,0.06560212366124776,0.15589336934735867,0.0015130838163616863,0.07598687937846418
2018-10-26,2018,1921,0,0,62,26,-1.870619836841458,-0.004676549592103645,-0.09479495107435405,0.18265533734984132,0.0024051245900400084,0.027322533513030912
2018-10-29,2018,1921,0,0,62,14,-1.6849531861088503,-0.004212382965272126,-0.1555870150965439,0.19279781908384666,0.0023823150650650483,0.03593946636067655
2018-10-30,2018,1921,0,0,63,31,1.8247528175601178,0.004561882043900295,0.08791832755864581,0.15216963970610825,0.00181904798142787,0.13115226143782902
2018-10-31,2018,1921,0,0,62,9,3.7187137892022104,0.009296784473005526,0.24275966383299197,0.1263371987590782,0.0008770057553398817,0.07445122471500637
2018-11-01,2018,1921,0,0,62,12,1.2331319357725097,0.003082829839431274,0.04707637935190311,0.1589816766593598,0.000591638390978833,0.0261152007254549
2018-11-02,2018,1921,0,0,61,6,-0.4477936254589313,-0.0011194840636473283,0.017226068280035558,0.16396195675074743,0.0006396826720544178,0.0417272394317824
2018-11-05,2018,1921,0,0,61,6,0.5069853398095037,0.0012674633495237593,0.04672610061929683,0.15904125387710397,0.0006383645814229693,0.029570846187625732
2018-11-06,2018,1921,0,0,60,6,0.19261891889023364,0.00048154729722558407,0.0302849335699226,0.16178609822979478,0.0009402545543570017,0.018298986673521395
2018-11-07,2018,1921,0,0,60,12,0.004286599533086716,1.0716498832716789e-05,-0.009949722331387469,0.16849191085247933,0.0007547057703551593,0.025680244810164392
2018-11-08,2018,1921,0,0,60,6,0.06692307725687874,0.00016730769314219685,-0.03252426108634678,0.17226170750956174,0.0011303077032930008,0.027224850728128507
2018-11-09,2018,1921,0,0,62,5,-0.6548131893417857,-0.0016370329733544642,-0.019386263134875178,0.17007407321739076,0.0009569469058720414,0.0146983978125364
2018-11-12,2018,1921,0,0,61,5,0.7985617215456686,0.0019964043038641715,0.033962932897915674,0.16117076740731553,0.0007752198495735324,0.03740632240952295
2018-11-13,2018,1921,0,0,58,8,-0.5315985084893644,-0.001328996271223411,-0.05816502620079898,0.1765400850692185,0.0007303771872790115,0.013065646458196852
2018-11-14,2018,1921,0,0,59,7,-1.2335328210536356,-0.003083832052634089,-0.1673915189492989,0.19476550885351146,0.0005446744665626883,0.01296568098677897
2018-11-15,2018,1921,0,0,58,6,-0.001484903975791596,-3.71225993947899e-06,0.01603004015652249,0.16416305948857926,0.00053078305350375,0.017763569368674636
2018-11-16,2018,1921,0,0,58,11,0.6032373678073695,0.0015080934195184238,0.08356888189099969,0.15289359453739554,0.0004567044523082341,0.04529279805060604
2018-11-19,2018,1921,0,0,58,6,-0.2180294030601755,-0.0005450735076504387,0.01570570507277299,0.16421595662399596,0.0003420436399826987,0.01570934487070596
2018-11-20,2018,1921,0,0,59,9,-0.027015812076110812,-6.753953019027704e-05,0.005075394372110668,0.16599042396560854,0.0004081203397994882,0.019268374229957738
2018-11-21,2018,1921,0,0,59,16,0.43818467286435586,0.0010954616821608897,0.03625943429603532,0.16078493470322078,0.0003924760136253972,0.019215347959312033
2018-11-22,2018,1921,0,0,59,4,1.2246930967201828,0.003061732741800457,0.12442732063993826,0.146077544705313,0.000336620828653013,0.01079622491490788
2018-11-26,2018,1921,0,0,60,4,2.3167321504317506,0.005791830376079376,0.18683682048300115,0.13566508593060886,0.00046401638495578885,0.018988673784473713
2018-11-27,2018,1921,0,0,60,6,0.9293734523444991,0.0023234336308612475,0.10093960985074867,0.1499958524053634,0.0003750843549542098,0.009249125938532419
2018-11-28,2018,1922,0,0,61,7,0.3598374132136385,0.0008995935330340962,0.008202320216082817,0.1654693146229408,0.0003764803781416711,0.027028866113050932
2018-11-29,2018,1922,0,0,62,14,1.6614263281500588,0.004153565820375147,0.15257326520911202,0.14138234074952977,0.00040967041565983733,0.05991462749108745
2018-11-30,2018,1922,0,0,61,5,-0.7683476483295442,-0.0019208691208238604,-0.0800448571054139,0.18019450056921107,0.0009165936669853796,0.011225102758224538
2018-12-03,2018,1922,0,0,62,11,-1.6391931117185021,-0.004097982779296255,-0.16228864745569993,0.19391463750949306,0.0005333932280599501,0.01310630921587149
2018-12-04,2018,1922,0,0,61,10,0.25518216429059004,0.0006379554107264751,0.025498440062662952,0.16258517123416413,0.0007488001320986781,0.061905691016213335
2018-12-05,2018,1922,0,0,62,13,-0.5215377453143969,-0.0013038443632859922,-0.09000336306092914,0.1818526797085034,0.0004222924905266474,0.0252378094443572
2018-12-06,2018,1922,0,0,62,16,1.1779816927682307,0.002944954231920577,0.10477142001947806,0.14935993618024945,0.0006862626881795189,0.01840315565228079
2018-12-07,2018,1922,0,0,62,11,-0.04668038617946069,-0.00011670096544865172,-0.04984772071114499,0.1751554209930776,0.000634420393583195,0.009905358153098082
2018-12-10,2018,1922,0,0,60,18,-1.5060392181466242,-0.0037650980453665605,-0.07836249305434277,0.17991369672172042,0.001583576602709208,0.03868591443737179
2018-12-11,2018,1922,0,0,59,18,-2.0625035662055105,-0.005156258915513776,-0.2159658781401683,0.2028685645140394,0.0011159804530957503,0.02701847889947393
2018-12-12,2018,1923,0,0,58,3,-0.8303230053518353,-0.0020758075133795882,-0.097221975127473,0.18305927935428556,0.0011285615044653327,0.06022123976986452
2018-12-13,2018,1924,0,0,59,1,-1.221743518953467,-0.0030543587973836674,-0.13715184468127534,0.18972020106928997,0.0007041419709094463,0.0289722479264733
2018-12-14,2018,1923,0,0,60,10,-0.6781284320351837,-0.0016953210800879593,-0.05508831806673006,0.17603089955106097,0.0007770282405935592,0.04740898050851519
2018-12-17,2018,1923,0,0,59,7,0.40485854957768114,0.0010121463739442029,0.015759196336687476,0.16420857466444547,0.00046567500248462354,0.015112710102081
2018-12-18,2018,1923,0,0,57,11,1.9575887990052792,0.0048939719975131975,0.16368994790527208,0.13953002359045072,0.0008117717708139077,0.055830236680358636
2018-12-19,2018,1925,0,0,59,17,0.7327657121781215,0.0018319142804453037,-0.01113544433202652,0.16869765404848566,0.0010197347569873684,0.03608977746098716
2018-12-20,2018,1925,0,0,59,32,4.72950533555723,0.011823763338893074,0.19755404870833526,0.13388000632283376,0.0016558405928538264,0.08870119080124123
2018-12-21,2018,1928,0,0,61,43,-2.5275514248724833,-0.006318878562181208,-0.17250730113226634,0.19562029370288378,0.0028814876850828796,0.039643174792781476
2018-12-25,2018,1929,0,0,61,39,-2.683909596636946,-0.006709773991592365,-0.18031573489680142,0.19692334385565505,0.014308738245244486,0.14815617456462896
2018-12-26,2018,1929,0,0,58,1,-0.12751903990025432,-0.00031879759975063577,-0.047804558794175035,0.17481106671269472,0.0010122278902208977,0.1256833782519865
2018-12-27,2018,1929,0,0,58,2,-0.2669402467583346,-0.0006673506168958365,-0.011740509645712707,0.16879648465520913,0.0010136012829408828,0.09922319625667217
2018-12-28,2019,1930,0,0,58,8,0.13087404957890403,0.0003271851239472601,-0.10227246379921691,0.1839024915715512,0.002102409546208385,0.046037728890749974
2019-01-04,2019,1930,0,0,57,42,-2.1987454922855934,-0.0054968637307139835,-0.15672359152637722,0.19298465955358945,0.0009044676181182618,0.09063096285172768
2019-01-07,2019,1930,0,0,57,10,1.1545658969473938,0.0028864147423684843,0.030324170610232574,0.16177788507685043,0.0007634124962159363,0.08087075358237504
2019-01-08,2019,1930,0,0,56,15,-0.9539014973304626,-0.0023847537433261566,-0.07744982343017341,0.17975686320873327,0.0008151008055734813,0.03881330324827067
2019-01-09,2019,1930,0,0,57,16,-0.3876129384201863,-0.0009690323460504657,0.04857694696819675,0.15872788930243548,0.0004797558984331579,0.03286095686525783
2019-01-10,2019,1930,0,0,55,14,-0.3205411178802422,-0.0008013527947006055,0.028250469762587268,0.16212335103790312,0.0008269682471046147,0.03089749233814222
2019-01-11,2019,1930,0,0,56,8,-0.1348686992538119,-0.00033717174813452974,0.004290388258269542,0.16612002371674606,0.00044038564641497684,0.02351607237977271
2019-01-15,2019,1930,0,0,56,11,0.3890302947098614,0.0009725757367746535,0.06678160496342288,0.15569211297357252,0.0004392799154067622,0.020612492300136284
2019-01-16,2019,1930,0,0,57,6,1.3914896496970668,0.003478724124242667,0.06388591126838315,0.15617720432802223,0.0005471192441494704,0.03864862438260405
2019-01-17,2019,1929,0,0,59,15,0.7375398568104817,0.0018438496420262044,0.02999662954087923,0.16183168748413324,0.00046326666890027024,0.03794669892099187
2019-01-18,2019,1929,0,0,58,5,-0.852679444271127,-0.0021316986106778174,-0.044616793555874376,0.17427763776458163,0.0004628680559026343,0.034569790213824586
2019-01-21,2019,1929,0,0,59,1,-0.9618406510268637,-0.002404601627567159,-0.07725472743365784,0.17972571142032487,0.00046415395100675064,0.04311636732391894
2019-01-22,2019,1929,0,0,61,7,-0.3513999647865562,-0.0008784999119663906,-0.05012698880613412,0.17519598917843676,0.0004996626158506994,0.014870736893017447
2019-01-23,2019,1929,0,0,61,9,-1.6182130030726762,-0.00404553250768169,-0.12818691792378756,0.18822088690220426,0.0005657919848153128,0.017965785372049518
2019-01-24,2019,1929,0,0,60,11,0.5819076628944994,0.0014547691572362484,0.01094002227520259,0.1650115835245917,0.0004593531622540664,0.08765412901239898
2019-01-25,2019,1929,0,0,60,3,1.4666285686314358,0.0036665714215785893,0.09033703999129175,0.1517617184745988,0.0003650644851471529,0.023031085139208415
2019-01-28,2019,1929,0,0,60,4,0.2667877201102602,0.0006669693002756505,-0.03899916451284051,0.17334379945214065,0.0007571264128626571,0.01134434099761182
2019-01-29,2019,1929,0,0,61,4,0.12990002368703846,0.00032475005921759616,-0.021159991930685997,0.17036580795278222,0.0008036329706234939,0.02133202592935558
2019-01-30,2019,1929,0,0,62,5,0.11196747707741683,0.0002799186926935421,0.02923003692710886,0.16196039046172078,0.0009125444704799108,0.22856858164772384
2019-01-31,2019,1929,0,0,62,12,1.1395356919842663,0.0028488392299606657,0.07171047016977285,0.15487476938846573,0.0009636301215090944,0.02208106641826125
2019-02-01,2019,1929,0,0,62,15,0.5056681744423469,0.0012641704361058674,-0.006728919290047817,0.16795726707023956,0.0005425015418432021,0.11175349204599636
2019-02-04,2019,1929,0,0,62,25,-1.1151258645769557,-0.002787814661442389,-0.08968434521503196,0.18179546754050932,0.000525116633371461,0.09895721397753124
2019-02-05,2019,1929,0,0,64,22,-0.08846262216562484,-0.0002211565554140621,-0.017736611936144987,0.1697946642757689,0.0007273682179023133,0.1890030302714987
2019-02-06,2019,1929,0,0,64,18,-0.7318784304586194,-0.0018296960761465487,-0.0745578143590534,0.17927781959701547,0.0012580404479990484,0.030766130759573188
2019-02-07,2019,1929,0,0,66,8,-0.24887893183262966,-0.0006221973295815742,0.002524016000546627,0.16641764777468987,0.0012605353955148502,0.03692555702983548
2019-02-08,2019,1929,0,0,65,8,0.9506331924998087,0.0023765829812495217,-0.041754482009363145,0.1738022122360195,0.0007602207575858888,0.02178018821559347
2019-02-12,2019,1929,0,0,64,17,0.5436693387229169,0.0013591733468072923,0.05730177346943006,0.15727526307500128,0.0007044261943227339,0.10473403800223395
2019-02-13,2019,1929,0,0,64,11,-0.11268078858664898,-0.00028170197146662246,0.004107205218452111,0.16614881533671594,0.0008839984849901032,0.019178897579535243
2019-02-14,2019,1929,0,0,65,11,0.6862337413850921,0.0017155843534627303,0.06145061934767623,0.15658689199357712,0.0007271259762616178,0.01995434978071741
2019-02-15,2019,1929,0,0,64,9,0.360618408824925,0.0009015460220623125,0.03777768723532251,0.16052745355293796,0.000338960420449267,0.024745299713156484
2019-02-18,2019,1929,0,0,63,7,0.059765949587502254,0.00014941487396875563,0.042364092141569776,0.15976626505415575,0.0003300146549198204,0.07582196637195002
2019-02-19,2019,1929,0,0,63,7,0.6716196564003939,0.0016790491410009847,0.08163050614984808,0.15321091378188623,0.00029390132407438956,0.04278424904848358
2019-02-20,2019,1929,0,0,64,2,-1.108080394054658,-0.002770200985136645,-0.0684461043997173,0.17824773862216908,0.0003505275129020391,0.027636883845212505
2019-02-21,2019,1929,0,0,64,3,-0.510112184324155,-0.0012752804608103874,-0.046704154525300044,0.17462799251541763,0.00033088327857580443,0.013370387527970075
2019-02-22,2019,1929,0,0,64,10,0.26106671022828776,0.0006526667755707194,0.013217688880598776,0.16462650493192282,0.0003249484025588476,0.026291753758540027
2019-02-25,2019,1929,0,0,63,10,0.973742181874176,0.00243435545468544,0.05873327493946329,0.15703491797865834,0.0003775480057597838,0.029798063175811892
2019-02-26,2019,1929,0,0,62,11,0.8057202413121324,0.0020143006032803308,0.0806561555083211,0.15337611977885784,0.00043275916238661984,0.01850999148834005
2019-02-27,2019,1929,0,0,62,12,-0.2372299507479314,-0.0005930748768698286,-0.03836067996581485,0.1732339047834905,0.0002968242368024127,0.06193810769912369
2019-02-28,2019,1930,0,0,60,6,-0.9636640695775651,-0.0024091601739439127,-0.11845753494419069,0.1865997610343352,0.00041331941686759995,0.013147901803426947
2019-03-01,2019,1931,0,0,61,10,-0.019676476754537653,-4.919119188634413e-05,0.027141940506458788,0.16230481380229256,0.00035668107180583,0.01155162074158041
2019-03-04,2019,1931,0,0,61,14,-0.4744337135684873,-0.0011860842839212181,-0.039446998270103825,0.17341219695539492,0.00028033272878126195,0.02718949865439622
2019-03-05,2019,1932,0,0,63,13,0.14652234617197335,0.0003663058654299334,0.026177860677577387,0.16246897202982624,0.0004419530871957376,0.015755309261557778
2019-03-06,2019,1932,0,0,64,8,0.8546631092938304,0.002136657773234576,0.07903683362267633,0.1536526239545743,0.0009513344687140111,0.013254791826647011
2019-03-07,2019,1932,0,0,63,5,-1.105785916663299,-0.0027644647916582475,-0.06421832727407073,0.1775492023085063,0.0004390025070744828,0.044530889463939655
2019-03-08,2019,1932,0,0,63,1,0.36008067704868774,0.0009002016926217193,0.11748860654964005,0.14723621320484775,0.0007266147561316811,0.054538311904073544
2019-03-11,2019,1932,0,0,63,9,-0.7062843909579164,-0.001765710977394791,-0.06588427352917753,0.1778259556871672,0.00034895135577609046,0.0220568208264319
2019-03-12,2019,1932,0,0,63,14,-0.3883850195277746,-0.0009709625488194365,-0.0464644304089684,0.17458367849111353,0.0003640680154082946,0.039397104600982974
2019-03-13,2019,1933,0,0,66,7,-0.19851209987256957,-0.000496280249681424,-0.03392218698560869,0.1724953116618726,0.0005304840967887703,0.02297774707973974
2019-03-14,2019,1933,0,0,65,19,-0.9311058725275188,-0.002327764681318797,-0.07149922033827916,0.17876525740892174,0.000706238486328433,0.03876959255232211
2019-03-15,2019,1934,0,0,65,9,0.4203686910382741,0.0010509217275956853,0.02258298071356429,0.1630673454556648,0.0003047961764532304,0.03555703176289364
2019-03-18,2019,1934,0,0,65,5,-0.49858214086201436,-0.0012464553521550359,-0.05344478089064861,0.17574933052906463,0.00028637380105116234,0.012990301006380985
2019-03-19,2019,1935,0,0,66,10,0.2150634913520716,0.000537658728380179,-0.033164881683891034,0.17236656787658425,0.0004023075271431249,0.013606739727448238
2019-03-20,2019,1936,0,0,67,6,0.2999205941470642,0.0007498014853676605,-0.033171229377293825,0.17237301318686427,0.0010428551300865289,0.015384517217290037
2019-03-22,2019,1936,0,0,66,7,0.2690004575776115,0.0006725011439440287,0.04468334709660569,0.1593837622197137,0.000983026314859635,0.009041932538772375
2019-03-25,2019,1936,0,0,65,12,-1.0890453066567325,-0.002722613266641831,-0.0027023732431479264,0.16728787201436218,0.0005033830772656556,0.019103037319710168
2019-03-26,2019,1936,0,0,63,14,-1.1337711725188115,-0.0028344279312970287,-0.13575776605803647,0.1894878320602709,0.0013899446441126486,0.049744604754825616
2019-03-27,2019,1936,0,0,61,7,0.22463910646178153,0.0005615977661544538,0.06200387264448782,0.15649072560724228,0.0003491932232987138,0.01906962219956089
2019-03-28,2019,1937,0,0,63,15,-1.010688303356617,-0.0025267207583915424,-0.10302491590043061,0.1840266423803652,0.0006437092867356246,0.061211176490068755
2019-03-29,2019,1937,0,0,64,4,-0.2537361353726635,-0.0006343403384316587,-0.08155590819456608,0.180442714629882,0.0005433076887462878,0.02143664099707726
2019-04-01,2019,1937,0,0,63,4,-0.5815345232870284,-0.0014538363082175708,-0.06887527415663541,0.17832570149671362,0.00042345348139912,0.061958318241688085
2019-04-02,2019,1937,0,0,63,5,0.2364341992380329,0.0005910854980950823,-0.023773066423404748,0.1707881534892996,0.0003362209255553046,0.0625289389557829
2019-04-03,2019,1937,0,0,63,7,1.1787049034302215,0.0029467622585755537,0.08586423283191102,0.1525066750559872,0.00033675244324656646,0.02589758153884944
2019-04-04,2019,1937,0,0,65,7,0.6108200707435021,0.0015270501768587551,0.018260192562344603,0.16378697969270442,0.00030757702143908023,0.012937319784599827
2019-04-05,2019,1937,0,0,64,8,0.7273384138822399,0.0018183460347055997,0.061668851969722105,0.15653494722409772,0.00034077990966813946,0.03499570950383732
2019-04-08,2019,1937,0,0,63,9,0.8370018651815934,0.0020925046629539836,0.08668301809866857,0.15237096299092298,0.00024877988070123777,0.01745975716779033
2019-04-09,2019,1937,0,0,64,13,1.1089297598450982,0.0027723243996127457,0.1209119322203812,0.14665435123548656,0.0003320578240684709,0.024989431183561953
2019-04-10,2019,1938,0,0,63,9,0.04255378673671248,0.00010638446684178119,-0.020733655098683888,0.17028881742761942,0.0002789502398500011,0.014529874846697498
2019-04-11,2019,1938,0,0,66,8,-2.0328533330560283,-0.005082133332640071,-0.18281210723183092,0.19733729559990365,0.000856935427073422,0.015429151235423853
2019-04-12,2019,1938,0,0,65,10,0.8700270093998838,0.0021750675234997094,0.06008257550093736,0.15680779610334747,0.0003305844546208778,0.03205921159529149
2019-04-15,2019,1938,0,0,64,22,0.10146786384018869,0.0002536696596004717,0.018352036421825695,0.1637678699803301,0.0003972773814317496,0.02618577028855412
2019-04-16,2019,1938,0,0,65,10,-0.4799872403799581,-0.0011999681009498952,-0.0438495451597122,0.17415330912367968,0.0006591067850467503,0.010601702456338387
2019-04-17,2019,1938,0,0,65,9,2.8296691053684886,0.007074172763421221,0.2382394734486872,0.12708581299625726,0.00031512936643025207,0.013866296833969609
2019-04-18,2019,1938,0,0,65,13,0.7273008598351498,0.0018182521495878744,0.1421330399287452,0.14311532116923473,0.0002595197584262407,0.01791335496502793
2019-04-19,2019,1938,0,0,65,15,-0.05787313891635215,-0.00014468284729088037,0.03163218300463104,0.16154650425048608,0.00021959546943110046,0.025723720693813557
2019-04-22,2019,1938,0,0,64,14,0.04224344202225511,0.00010560860505563776,0.04454399514179047,0.1594043474982437,0.00035075070923704555,0.022642482774038637
2019-04-23,2019,1938,0,0,63,6,-0.0639830090052973,-0.00015995752251324324,0.01848982341474283,0.16374879372212758,0.0003711006773067252,0.022413379211009436
2019-04-24,2019,1938,0,0,64,17,-0.1367261967964205,-0.0003418154919910513,-0.014750398599606945,0.16929395348860213,0.0004229775814825267,0.023216946612023323
2019-04-25,2019,1938,0,0,64,15,-1.6694701207195997,-0.004173675301798999,-0.11088589637187417,0.18533669612987008,0.0009412672328141997,0.009294594502467574
2019-04-26,2019,1938,0,0,64,10,-0.011726899799775481,-2.93172494994387e-05,-0.037922816782546574,0.1731638708188149,0.000720763424698051,0.009229319004463827
2019-05-07,2019,1938,0,0,63,11,-0.03703756674672709,-9.259391686681772e-05,0.0006920948034870633,0.16672209170999078,0.0009424933842120365,0.006335641252210223
2019-05-08,2019,1938,0,0,63,10,-0.01807188446469926,-4.517971116174815e-05,0.0031739897066697833,0.16630457656794959,0.000820355514900123,0.03605581225468422
2019-05-09,2019,1938,0,0,63,15,1.477609749236213,0.0036940243730905326,0.015757027901808027,0.16420809201638759,0.0013803101418994562,0.03321052977286257
2019-05-10,2019,1938,0,0,64,21,0.6389067491135592,0.0015972668727838979,0.00488614649165709,0.16602144060988028,0.0009957298169583453,0.02248041958907524
2019-05-13,2019,1938,0,0,62,8,0.4830637322494218,0.0012076593306235544,0.041178515064008804,0.15996684912021622,0.0012666165866165892,0.02599882614864252
2019-05-14,2019,1938,0,0,61,17,0.22604619308583962,0.000565115482714599,0.05194907129512045,0.15816774430338112,0.0010191913962287324,0.03925784034046981
2019-05-15,2019,1938,0,0,61,10,-0.5656844378017281,-0.0014142110945043202,-0.012519668667592576,0.1689250074094085,0.0006417877766520074,0.028832672286366344
2019-05-16,2019,1938,0,0,61,13,0.9372741238019201,0.0023431853095048,0.002454207669528059,0.16642427525926443,0.00044676768180792575,0.019642534725440197
2019-05-17,2019,1938,0,0,60,9,-0.27276536751904656,-0.0006819134187976164,-0.05592679985970869,0.17616535627675897,0.0003749416868666902,0.022427559418009398
2019-05-20,2019,1938,0,0,61,10,-0.43312506141045565,-0.001082812653526139,-0.05058946333211917,0.1752702568106076,0.0003224463390377594,0.024294657737784005
2019-05-21,2019,1938,0,0,61,9,2.65636110817879,0.006640902770446975,0.17173514538911816,0.13818143879019318,0.00038505270168199217,0.014058889717141462
2019-05-22,2019,1938,0,0,60,8,-0.0824203042513667,-0.00020605076062841677,0.024182481304746338,0.1627982311177594,0.00030598891128715667,0.008787478797308394
2019-05-23,2019,1938,0,0,61,5,0.20111265142706236,0.0005027816285676559,0.05167902281651532,0.15820849717441285,0.00038323639584436446,0.029858690644005873
2019-05-24,2019,1938,0,0,60,10,-1.0082497636983458,-0.0025206244092458646,-0.03200431598563412,0.17217389684749831,0.0004087276943942743,0.024833002650272898
2019-05-27,2019,1938,0,0,60,16,-0.21358587850707744,-0.0005339646962676936,-0.04767688532929272,0.17478803701193385,0.00039303267818302707,0.020307667585232624
2019-05-28,2019,1938,0,0,60,0,2.764234868199871,0.006910587170499678,0.2516445158396159,0.12485107561525094,0.000367269785433252,0.015836888991859158
2019-05-29,2019,1938,0,0,60,7,0.4516735753791725,0.0011291839384479313,0.0753063383752788,0.1542709385801873,0.0003658799632058071,0.03889808402839672
2019-05-30,2019,1938,0,0,59,11,0.28416851643022056,0.0007104212910755514,0.10123059484892807,0.1499484231872163,0.0006551837145823659,0.018244727279961192
2019-05-31,2019,1938,0,0,59,4,-3.292843813485739,-0.008232109533714348,-0.24434114206390198,0.2076025351797388,0.0007301243040923311,0.01513336809442072
2019-06-03,2019,1939,0,0,58,6,-1.4041308174009912,-0.0035103270435024782,-0.16388164477783393,0.19418009251157967,0.0016796696676351138,0.028877664104682038
2019-06-04,2019,1939,0,0,58,3,-1.1177654542066364,-0.002794413635516591,-0.03759575546028563,0.1731024310171278,0.00046220921951326465,0.02914463020480957
2019-06-05,2019,1939,0,0,57,5,-0.23227671707099962,-0.0005806917926774991,-0.018343095396136315,0.16989388244837328,0.0005578381388634167,0.03575461825380506
2019-06-06,2019,1939,0,0,59,7,0.1211016956648363,0.00030275423916209076,-0.03816071665307878,0.1732022284582417,0.0006903069355695335,0.030828275336293648
2019-06-07,2019,1939,0,0,59,14,0.6799934450562781,0.0016999836126406953,0.05926514547033788,0.15694081116551145,0.0002835977692956121,0.04786529423765806
2019-06-10,2019,1939,0,0,59,15,0.02219003876299308,5.54750969074827e-05,-0.01671047434463473,0.1696199625484563,0.00036909902703154146,0.046199541227669054
2019-06-11,2019,1939,0,0,61,6,-1.724248312314577,-0.004310620780786443,-0.20871849745322235,0.20165681520673556,0.0005642383319560092,0.01754820309389853
2019-06-12,2019,1940,0,0,62,8,-0.4709857731556908,-0.0011774644328892269,-0.008564844954272934,0.16825763943983374,0.0003140976310404393,0.08060541359666579
2019-06-13,2019,1940,0,0,62,14,-1.2688977485509438,-0.0031722443713773597,-0.13312630682590018,0.18904326401857352,0.00038751622636982574,0.017674494497526203
2019-06-14,2019,1940,0,0,59,14,0.8510676874699978,0.0021276692186749948,0.06505775042807492,0.15598325002658334,0.0004490430602415563,0.01188744662522093
2019-06-17,2019,1940,0,0,57,11,-0.9740618647905239,-0.00243515466197631,-0.10265989398857164,0.1839648920867365,0.0008411742068538005,0.03274391487658858
2019-06-18,2019,1941,0,0,58,10,-0.6066958434646913,-0.0015167396086617282,-0.03390587716791957,0.17248485581591808,0.00038916797190583115,0.08121616495016418
2019-06-19,2019,1942,0,0,58,15,-0.6086172118862258,-0.0015215430297155644,-0.07715569517680293,0.17970840887131875,0.00048620840382867733,0.05236834187820252
2019-06-20,2019,1942,0,0,57,10,-0.3871863612553459,-0.0009679659031383648,-0.007497710419617214,0.1680803637715737,0.00028005572408783117,0.020757802432901644
2019-06-21,2019,1942,0,0,57,16,0.13854547049471977,0.00034636367623679944,0.049602978166917285,0.1585522115824064,0.00027419624743568456,0.01692468777140947
2019-06-24,2019,1942,0,0,57,19,0.3289820238349086,0.0008224550595872715,-0.0003526424229359876,0.1668940995653631,0.00043413862095110595,0.014230435731905673
2019-06-25,2019,1942,0,0,57,14,1.077641165066674,0.0026941029126666847,0.07063290774604884,0.15505244500947052,0.0005337581214091392,0.007849409895255595
2019-06-26,2019,1942,0,0,57,28,-0.18166092144035093,-0.00045415230360087733,-0.006866634175237075,0.1679753698606909,0.00037393302213880746,0.015331296382999259
2019-06-27,2019,1943,0,0,57,3,0.15110492533593334,0.0003777623133398333,-0.007489885523104256,0.16808765177106127,0.0008362237849184077,0.03503920441632409
2019-06-28,2019,1943,0,0,57,11,-0.5446029465547007,-0.0013615073663867515,-0.03597568145974028,0.17283461882562692,0.00028768427305875537,0.04667139771876132
2019-07-01,2019,1943,0,0,58,26,-2.347118015782617,-0.0058677950394565425,-0.2074076917665435,0.20143753844800324,0.0006288337516314756,0.09086414913879591
2019-07-02,2019,1943,0,0,57,8,1.5115075649980512,0.003778768912495128,0.10318510475782053,0.14961911045066761,0.00025416217066532497,0.21159050782068842
2019-07-03,2019,1943,0,0,57,3,0.21543550937824388,0.0005385887734456096,0.06478459346339817,0.15601672614602347,0.0002767431504263,0.19280440640016294
2019-07-04,2019,1943,0,0,58,5,-0.001321321797520092,-3.30330449380023e-06,-0.004917143376399519,0.16765345634291096,0.00048357044602223277,0.07069903592506058
2019-07-05,2019,1943,0,0,55,3,-0.4663947427181052,-0.0011659868567952631,-0.05774497845644254,0.17646689015884032,0.0003920984220538626,0.036719877869653805
2019-07-08,2019,1943,0,0,54,2,-0.2652095295958541,-0.0006630238239896352,-0.01737518997269379,0.16973053924090092,0.00030149941787952313,0.020991711325542946
2019-07-09,2019,1943,0,0,53,3,-0.11799987328823391,-0.00029499968322058476,0.018836823789467282,0.1636914384136158,0.0002899161444396876,0.06382346602322743
2019-07-10,2019,1943,0,0,54,3,-0.4121469679957719,-0.0010303674199894297,-0.05540998705612867,0.17607643565410688,0.0008421145769881065,0.895967072392228
2019-07-11,2019,1943,0,0,55,3,-1.0447598133372538,-0.0026118995333431344,-0.08313097021727142,0.18069962546039914,0.0005891881711686173,0.04000358732356475
2019-07-12,2019,1943,0,0,52,0,0.25954070481528596,0.0006488517620382148,0.0561777399224255,0.15745887908724662,0.0003044889987234466,0.016165567016454743
2019-07-16,2019,1943,0,0,51,0,-0.675369107105694,-0.001688422767764235,-0.09074331380008925,0.18197749157200455,0.0010661128436415005,0.016023282284957814
2019-07-17,2019,1943,0,0,54,1,0.5725686349911268,0.0014314215874778168,0.04011478620677026,0.16014532164582065,0.0004889397102786916,0.013563959819351896
2019-07-18,2019,1944,0,0,55,1,-1.0995682899521473,-0.002748920724880368,-0.06253909728932303,0.1772664049182543,0.0003279563179196827,0.028695307165901317
2019-07-19,2019,1944,0,0,54,0,0.2623730542432299,0.0006559326356080747,0.062175617766831615,0.15646145053499302,0.00021620924283476995,0.023631514360908615
2019-07-22,2019,1944,0,0,54,4,-0.3419817191909096,-0.0008549542979772739,-0.06140926227432701,0.1770742450398227,0.0002490998503254929,0.03163455130269741
2019-07-23,2019,1944,0,0,54,3,-0.14593198493589565,-0.00036482996233973915,0.00827417030184153,0.1654495613805244,0.0002510387789899026,0.013430655998301524
2019-07-24,2019,1944,0,0,54,12,-1.2585501631812528,-0.003146375407953132,-0.11604974791818129,0.18618745596500905,0.0003402667459026238,0.013212716161727618
2019-07-25,2019,1944,0,0,54,14,-1.1326457177751816,-0.002831614294437954,-0.12590893136552142,0.1878362218610894,0.0003382294514319026,0.056215961609322136
2019-07-26,2019,1944,0,0,54,5,-0.3097878787355478,-0.0007744696968388696,-0.005217173725965538,0.16770211392984213,0.0003576669299090898,0.03697630255918058
2019-07-29,2019,1945,0,0,54,6,-0.15212425856902734,-0.00038031064642256833,-0.0366259959308319,0.1729431646780346,0.0005049789964002214,0.02423484554285773
2019-07-30,2019,1945,0,0,55,19,-0.20441617996367567,-0.0005110404499091892,0.010459913297935346,0.16508399489285205,0.0004688135082921502,0.010494561432240299
2019-07-31,2019,1945,0,0,56,4,-1.2787799678314036,-0.003196949919578509,-0.09633840556344257,0.1829106782737756,0.0012308565691407074,0.01585751691360391
2019-08-01,2019,1945,0,0,55,6,-0.7563392822375561,-0.0018908482055938903,-0.0468000859484072,0.17464535031056297,0.0009948453890297542,0.011292121122914023
2019-08-02,2019,1945,0,0,56,30,0.5648032448745117,0.0014120081121862793,0.04958722188566957,0.15855870468737543,0.0003987091829133664,0.02669320270125896
2019-08-05,2019,1945,0,0,54,26,1.3212508891972654,0.0033031272229931633,0.050085558162479546,0.15847643543752454,0.0006191129098684533,0.018211951515288018
2019-08-06,2019,1945,0,0,54,17,-0.46209381567817576,-0.0011552345391954394,-0.013741629974877932,0.16912509253621485,0.000614365404668527,0.009310247792190116
2019-08-07,2019,1945,0,0,55,7,-0.3031231094360691,-0.0007578077735901728,-0.04994555147401758,0.17515756406785338,0.000585717091334614,0.01616112352823927
2019-08-08,2019,1945,0,0,53,10,-2.7629035706325666,-0.006907258926581417,-0.15282483692847434,0.19233386633964533,0.0010520715620763203,0.011080214095643472
2019-08-09,2019,1946,0,0,54,7,2.0035512033545313,0.0050088780083863286,0.1368603608116703,0.1440021968096476,0.0006484746496202983,0.011730435732509908
2019-08-13,2019,1946,0,0,54,4,0.9708636812876847,0.0024271592032192118,0.07507719745185495,0.15431026328442507,0.0005181132399650647,0.028870155934499712
2019-08-14,2019,1946,0,0,54,7,-0.04269994629390673,-0.00010674986573476682,0.0017884981470602504,0.16653168584201186,0.0003292037281138979,0.016868941022363235
2019-08-15,2019,1946,0,0,54,9,-0.28735429470125506,-0.0007183857367531377,-0.03273821447033439,0.17228529343564564,0.000408912761049595,0.047099851046135004
2019-08-16,2019,1946,0,0,54,19,-0.3595848662829675,-0.0008989621657074187,-0.0025736616714902567,0.16726336422249952,0.0004735069229532777,0.05212928744744782
2019-08-19,2019,1946,0,0,54,3,-0.9994458372899173,-0.002498614593224793,-0.12062157989375047,0.1869579569599642,0.00035300470345083645,0.07498075482888211
2019-08-20,2019,1946,0,0,54,1,0.40528522850385584,0.0010132130712596397,0.049880664105310675,0.1584950450039054,0.00029006011922357857,0.020911228641629337
2019-08-21,2019,1946,0,0,57,6,0.4136432687893863,0.0010341081719734658,0.043541382248311944,0.1595584703842793,0.00024016362882633882,0.02160234728105055
2019-08-22,2019,1946,0,0,57,11,-1.7901192687855954,-0.004475298171963988,-0.16415343604264193,0.19422440943574323,0.0005977329114447007,0.0063349568232071935
2019-08-23,2019,1946,0,0,57,11,-0.27987968236745053,-0.0006996992059186264,0.025617013389669287,0.16255469364816122,0.00031463752372993864,0.003445548446923025
2019-08-26,2019,1946,0,0,58,5,0.9158952595074459,0.0022897381487686145,0.04634203583626963,0.1590932034636007,0.0003315903398042765,0.09977903805078644
2019-08-27,2019,1946,0,0,54,9,0.02118765917340415,5.296914793351037e-05,0.0005810773966577578,0.16672837110369423,0.0003166226955354766,0.032559513619801764
2019-08-28,2019,1946,0,0,54,14,2.7201846333216255,0.006800461583304064,0.24595276641862346,0.12580313014947303,0.0006289127266486509,0.025928508164942913
2019-08-29,2019,1946,0,0,53,16,-0.11989829021572262,-0.00029974572553930656,-0.0413605435494848,0.17373500802283648,0.00029348233262666793,0.012077471247277613
2019-08-30,2019,1946,0,0,53,1,0.03791692956954651,9.479232392386627e-05,0.061299796071175625,0.1566028956514127,0.00029244824553068286,0.03160015308177319
2019-09-02,2019,1947,0,0,53,6,-1.1151249696142689,-0.002787812424035672,-0.1145332534773214,0.1859404676382007,0.0002733648678423578,0.013395264698266532
2019-09-03,2019,1947,0,0,53,7,1.3687716051532477,0.0034219290128831193,0.1839154703872929,0.13615356927470873,0.0005808201263146386,0.03456404276611971
2019-09-04,2019,1947,0,0,54,6,-0.5037860995652522,-0.0012594652489131305,-0.03605801785034038,0.1728455435617617,0.0002526485546922834,0.041268019991390854
2019-09-05,2019,1947,0,0,53,4,-0.156457810512314,-0.000391144526280785,0.022751894121894333,0.16303828509711893,0.00033794681461366596,0.027083655065893393
2019-09-06,2019,1947,0,0,52,10,5.1620932368197625,0.012905233092049407,0.33270099912461054,0.11132917198327903,0.00046356033833941124,0.0230931693640563
2019-09-09,2019,1947,0,0,51,21,2.1103688790551445,0.0052759221976378615,0.2047237725391429,0.13268172247559365,0.0004604170829614783,0.03185946950526455
2019-09-10,2019,1947,0,0,51,7,1.5025363650738481,0.0037563409126846205,0.13852084972810802,0.1437222433550965,0.0003450598281025931,0.018098247438532833
2019-09-11,2019,1947,0,0,51,7,0.8060701955300538,0.0020151754888251346,0.11479759902594934,0.1476823475456579,0.00033891865100834896,0.05480959444188962
2019-09-12,2019,1947,0,0,50,7,-0.14162081673544968,-0.0003540520418386242,-0.04484295619497379,0.1743093358260141,0.0003875357838771614,0.01776389447090711
2019-09-13,2019,1946,0,0,50,8,-2.023203857939282,-0.005058009644848205,-0.14490741829082526,0.19101003751592696,0.0004976328561713072,0.01751366833187174
2019-09-17,2019,1945,0,0,50,11,0.23788091197232286,0.0005947022799308072,0.002145475398405203,0.16647876705138048,0.00029315164295358974,0.015664249293388978
2019-09-18,2019,1945,0,0,49,5,0.22671358853705936,0.0005667839713426484,-0.03552841911200339,0.17275524023423358,0.00034732812833823256,0.030245015526042272
2019-09-19,2019,1945,0,0,48,13,-0.20431374755519816,-0.0005107843688879954,-0.05766586979662779,0.17645213806789628,0.00036095105257882474,0.017436323308650116
2019-09-20,2019,1946,0,0,50,10,0.050171082863846306,0.00012542770715961575,0.009311522731301624,0.1652771422739948,0.00022902998967551873,0.013552739791230848
2019-09-24,2019,1947,0,0,50,5,-1.271139579784748,-0.00317784894946187,-0.08574450046964172,0.18113841608889528,0.0002646663630524688,0.01432614154370056
2019-09-25,2019,1947,0,0,50,3,0.4883598052778362,0.0012208995131945905,-0.0035255776527932108,0.1674250505482922,0.0005752235185725348,0.012902539727361042
2019-09-26,2019,1947,0,0,51,10,0.9113833882583915,0.002278458470645979,0.021846736066600873,0.1631911458489585,0.0004421052240557547,0.011793908445579758
2019-09-27,2019,1948,0,0,51,6,1.2852090013737536,0.003213022503434384,0.09875307680462125,0.15036135827341127,0.000621586665591478,0.028260320445303848
2019-09-30,2019,1948,0,0,52,3,0.0709470786580419,0.00017736769664510475,-0.02390243186662257,0.17082062237095155,0.00031790553501021197,0.026912200326066987
2019-10-01,2019,1949,0,0,52,4,0.40769666582965103,0.0010192416645741277,0.0196003871298306,0.16356721754976855,0.000661913989697426,0.037524601490427384
2019-10-02,2019,1949,0,0,52,7,-0.1989678867450585,-0.0004974197168626462,-0.03348070988240302,0.17241541470101596,0.00025963282350055983,0.022533725076184
2019-10-03,2019,1949,0,0,52,2,-0.278965030404068,-0.00069741257601017,0.03700516379377745,0.16065025025799184,0.0002835305626733598,0.024858291756029424
2019-10-04,2019,1949,0,0,50,3,0.43402369841663235,0.001085059246041581,0.06988288934070884,0.15517552001305998,0.00044330512019412436,0.015476827468700891
2019-10-07,2019,1949,0,0,49,5,-0.614247101431143,-0.0015356177535778576,-0.06986851506475746,0.17848478833283352,0.0002317335671821475,0.01112048658607274
2019-10-08,2019,1950,0,0,52,13,0.47048611400592655,0.0011762152850148164,0.06716553983683855,0.15562377435055563,0.0003423512390995704,0.020646845907845008
2019-10-09,2019,1951,0,0,56,7,-0.08928539717876283,-0.00022321349294690705,-0.052227169184187634,0.1755415515096862,0.0003237319458329665,0.014862476871457631
2019-10-10,2019,1951,0,0,58,14,-0.011493051374554142,-2.8732628436385354e-05,-0.036142932039856794,0.1728669098366926,0.000607622910055684,0.05253358251429074
2019-10-11,2019,1951,0,0,58,8,-0.3801503889492671,-0.0009503759723731678,-0.03944541685332646,0.1734134550935797,0.0004332827619045125,0.12294229975003142
2019-10-15,2019,1951,0,0,57,11,-0.09656981520804048,-0.0002414245380201012,-0.008840312975932591,0.1683073247219602,0.0003155510443037838,0.01829912923561212
2019-10-16,2019,1951,0,0,56,6,-1.1455569368695846,-0.0028638923421739613,-0.09294874787082673,0.18233842386328292,0.0003052163595478447,0.008103435505504698
2019-10-17,2019,1951,0,0,56,7,-0.2472634796415063,-0.0006181586991037657,-0.016319051246160916,0.16955134240570505,0.0003165841835013464,0.01402226577612216
2019-10-18,2019,1951,0,0,56,6,-0.7589499479951369,-0.0018973748699878422,-0.02086045520388343,0.17031380700940293,0.00031864987998391815,0.027600456651470047
2019-10-21,2019,1951,0,0,57,11,-0.511816133689682,-0.0012795403342242052,-0.04900366296067148,0.17500377830145603,0.00032955267046998345,0.0493260529788467
2019-10-23,2019,1951,0,0,57,10,0.9072123463072097,0.0022680308657680244,0.0749712922964944,0.15431788421858209,0.0002456780451347856,0.011623758184407185
2019-10-24,2019,1951,0,0,58,7,1.0063964317222704,0.002515991079305676,-0.03615205152627026,0.17286380975584933,0.00034634121433464905,0.024591877478795758
2019-10-25,2019,1952,0,0,58,17,-0.008738093604285568,-2.1845234010713922e-05,-0.06727289261069742,0.17805668778906036,0.00032434597080846554,0.01513667311748303
2019-10-28,2019,1953,0,0,60,12,-0.34978814385294604,-0.0008744703596323651,0.0471912998767823,0.15896135748280474,0.0006013706415608724,0.03253825134709355
2019-10-29,2019,1953,0,0,59,14,-0.7442417636668042,-0.0018606044091670105,-0.02566547912740729,0.17111473634715743,0.000560827802082621,0.010157025837997793
2019-10-30,2019,1954,0,0,59,2,0.8791197760948173,0.0021977994402370433,0.031308232740627384,0.16161184451150282,0.0005497415057233038,0.018478112870891385
2019-10-31,2019,1954,0,0,59,6,0.3953144457239137,0.0009882861143097844,0.06991020857664759,0.1551712288700047,0.0006560711315955653,0.07351433678104478
2019-11-01,2019,1955,0,0,63,8,0.42307986964193767,0.0010576996741048443,0.051022571143490014,0.15831804959851128,0.0004460000340647555,0.07140885107388463
2019-11-05,2019,1955,0,0,63,17,1.0131695352973311,0.002532923838243328,0.06420167433861854,0.15612067303401564,0.0004014097091433623,0.03689273017349075
2019-11-06,2019,1955,0,0,61,7,-1.1721149371218926,-0.0029302873428047314,-0.08397980803019871,0.1808393920495956,0.0005695934721435109,0.020202903611371736
2019-11-07,2019,1955,0,0,62,12,1.6299082014595185,0.004074770503648796,0.11144119701997612,0.1482426724837838,0.0006084594456289774,0.012480334795520371
2019-11-08,2019,1955,0,0,61,6,-0.6863177842094996,-0.001715794460523749,-0.04781779288322884,0.17480882572047376,0.00036481538814795117,0.011807422946562625
2019-11-11,2019,1955,0,0,61,14,0.6335597381032348,0.001583899345258087,0.05787181930384713,0.15717968959659295,0.0004894035572296382,0.023720639614735146
2019-11-12,2019,1955,0,0,61,10,0.6265734007729278,0.0015664335019323194,0.03256718688178714,0.1614023987417273,0.0006467357548540455,0.01460754938134166
2019-11-13,2019,1955,0,0,61,15,0.9540148855623862,0.0023850372139059654,0.04063344783285241,0.1600555266020395,0.0005552476263208153,0.015416749872179556
2019-11-14,2019,1955,0,0,61,13,-0.2289972070232109,-0.0005724930175580273,0.0021057824757728825,0.16648123056708525,0.00036119512481524486,0.016517098571345545
2019-11-15,2019,1955,0,0,61,13,-1.0797098364214908,-0.002699274591053727,-0.09113959376275592,0.1820357667648885,0.00031525765193100066,0.02325941121502708
2019-11-18,2019,1955,0,0,61,11,-0.6470577557945321,-0.0016176443894863302,-0.018153615502561084,0.16986221661647355,0.0003557047111714033,0.01453721095480504
2019-11-19,2019,1955,0,0,61,13,-0.14555828107991278,-0.000363895702699782,-0.019844853495151856,0.17013953399584955,0.00025032429399384556,0.009800422179934251
2019-11-20,2019,1955,0,0,60,9,-0.8230008536589795,-0.0020575021341474485,-0.03174723813518254,0.17212091786493194,0.00025597367426809405,0.011267928132797143
2019-11-21,2019,1955,0,0,58,6,2.6392319606057817,0.006598079901514454,0.22659843622677783,0.12903067478501648,0.0003444389668444777,0.008724759846975298
2019-11-22,2019,1955,0,0,58,6,-0.054442142420597,-0.00013610535605149251,0.015869513526508686,0.16418400038750247,0.0002994413990181639,0.008074010405662423
2019-11-25,2019,1955,0,0,58,11,0.062248599611846034,0.0001556214990296151,0.024955660364254204,0.16266894176560168,0.00030150684764922874,0.010396438683483502
2019-11-26,2019,1955,0,0,59,9,-0.12946542261672644,-0.0003236635565418161,-0.009429058297283984,0.16840369114544537,0.00027004554515821795,0.00961893548037807
2019-11-27,2019,1955,0,0,58,10,-0.2368099687762461,-0.0005920249219406152,-0.02627275301154804,0.17120940920986463,0.0002349695314518769,0.007291296661169168
2019-11-28,2019,1955,0,0,58,6,0.3046175734150165,0.0007615439335375413,0.04005987140652434,0.16015009822374895,0.00029122922804989727,0.0152714861830725
2019-11-29,2019,1955,0,0,58,5,-0.7289356120621906,-0.0018223390301554765,-0.09178546582704834,0.18214681937950414,0.0003303116299862768,0.011853697718271518
2019-12-02,2019,1955,0,0,57,21,-0.03084488881812253,-7.711222204530633e-05,-0.012249674372051034,0.1688706412907453,0.000274942138350281,0.011435149814974049
2019-12-03,2019,1955,0,0,55,4,-0.7072239177867217,-0.0017680597944668042,-0.036660437056741706,0.17294849960133118,0.00031828874240411845,0.030263787706216343
2019-12-04,2019,1955,0,0,55,6,0.14463349887300403,0.00036158374718251005,-0.010149469469185005,0.16852234087068219,0.00023083082190050307,0.025267305319053142
2019-12-05,2019,1955,0,0,55,6,0.037330779760520905,9.332694940130227e-05,-0.008700154308677351,0.16828134709273293,0.0003293839736535048,0.010305218058731906
2019-12-06,2019,1955,0,0,54,11,0.5032812299825021,0.0012582030749562552,0.0646216118921525,0.15604128886811705,0.0002346339277871057,0.004354893490276769
2019-12-09,2019,1955,0,0,54,12,0.9267409023318287,0.002316852255829572,0.05467116108876489,0.15770911662571982,0.0002702210529469502,0.02005179077622205
2019-12-10,2019,1956,0,0,54,6,0.10772098504216077,0.0002693024626054019,0.012876383259671359,0.16468114827779026,0.0002897254180498108,0.011449621530669914
2019-12-11,2019,1957,0,0,55,6,-0.21602750036587892,-0.0005400687509146973,-0.047894139072516786,0.1748248157335832,0.0004806689392008153,0.00711393568513251
2019-12-12,2019,1958,0,0,55,1,0.37701426738480204,0.0009425356684620051,0.046001118631623414,0.15915321455808396,0.0003468449311632227,0.030328449285614553
2019-12-13,2019,1958,0,0,54,5,0.9094451470842198,0.002273612867710549,0.06408140871120115,0.15613635049633895,0.0004468639980241753,0.022310773190823283
2019-12-16,2019,1960,0,0,56,14,0.521725353609289,0.0013043133840232224,-0.0030942751179309823,0.16734646788101504,0.00036511366222889555,0.004891013173918133
2019-12-17,2019,1962,0,0,58,11,0.8409132577726437,0.0021022831444316094,0.048777785175878316,0.15869334121378023,0.00028551627248269427,0.010654722173794241
2019-12-18,2019,1964,0,0,59,7,0.23818974288875017,0.0005954743572218754,0.023581104806828054,0.16289363346591212,0.00032024633545876265,0.02939728392185907
2019-12-19,2019,1965,0,0,56,13,0.7824408592898868,0.001956102148224717,0.07031838949145297,0.15510005120806955,0.000296846586177274,0.00794257536559427
2019-12-20,2019,1965,0,0,56,7,-0.043235177881504216,-0.00010808794470376054,0.0019463961821385913,0.16649704884170305,0.00019933467537527034,0.005240159897838001
2019-12-23,2019,1965,0,0,56,12,0.21700989589468933,0.0005425247397367233,0.019144315876204313,0.16363624771495458,0.000328834295272635,0.009749769768032275
2019-12-24,2019,1965,0,0,56,8,0.09129325360962426,0.00022823313402406064,-0.016106291884245828,0.16951949829549015,0.0002589823572335838,0.008114620438416
2019-12-25,2019,1966,0,0,57,12,-0.3797937554849612,-0.000949484388712403,-0.000646283458975253,0.1669392994689678,0.0003479079452668479,0.008712382131389286
2019-12-26,2019,1966,0,0,58,9,0.004671203824205605,1.1678009560514014e-05,-0.024970438054187836,0.17099888886010545,0.00034557650250881543,0.04500774663911698
2019-12-27,2019,1966,0,0,57,18,0.20203361629970384,0.0005050840407492596,0.006240151469260907,0.16579491706306315,0.0006192244097294949,0.011037554288523524
2019-12-30,2020,1966,0,0,57,10,0.763619112523386,0.001909047781308465,0.10905788451196956,0.1486409848887095,0.0004903892744292688,0.007937966033168995
2020-01-06,2020,1966,0,0,56,9,-1.187581018248475,-0.0029689525456211875,-0.10905257268217847,0.1850299244779626,0.0005801346319579994,0.027695560840692388
2020-01-07,2020,1966,0,0,56,6,0.16913597981704953,0.00042283994954262383,0.033951484151586886,0.16117163954083566,0.00048459193533741834,0.024043400807269202
2020-01-08,2020,1966,0,0,55,11,0.5539200686542927,0.0013848001716357317,0.022724734730630518,0.16303792228504588,0.0004295904073342121,0.08862303477757989
2020-01-09,2020,1966,0,0,51,8,0.6275700148635137,0.0015689250371587844,0.016841847253687002,0.16402336328109496,0.0005698275335363886,0.0490167521760487
2020-01-10,2020,1966,0,0,50,5,0.3724677636966664,0.000931169409241666,0.004443644500358119,0.16608264016434307,0.00042220479177239805,0.01390273233344873
2020-01-14,2020,1966,0,0,48,3,0.6019165688063512,0.001504791422015878,0.055085585768923556,0.15764090642252718,0.0003084539196680842,0.009084537035528204
2020-01-15,2020,1966,0,0,48,5,-0.5883519478180619,-0.0014708798695451547,-0.14477042216055824,0.19097342927455954,0.0002388084678400143,0.007199516062920281
2020-01-16,2020,1966,0,0,48,4,-0.11864427852839876,-0.0002966106963209969,-0.0005683263915333424,0.16692337260574655,0.0002750502635597526,0.03400329772326092
2020-01-17,2020,1966,0,0,48,10,-0.1896777235832799,-0.00047419430895819973,0.037896976321763316,0.16050521083490396,0.0002692032236851444,0.005531259241255444
2020-01-20,2020,1966,0,0,49,3,0.0018869081116615893,4.717270279153974e-06,-0.0038708875568508917,0.16747533632289946,0.0002526940917003744,0.01364013635634014
2020-01-21,2020,1966,0,0,50,14,0.1525853761952487,0.00038146344048812174,0.014634300717711456,0.1643932428398851,0.00032819088847897156,0.03964415182758905
2020-01-22,2020,1966,0,0,50,6,-0.04628222193263687,-0.00011570555483159217,0.06332826870395508,0.15626474895659506,0.0003523529390611241,0.025639071777663943
2020-01-23,2020,1966,0,0,50,8,-1.1739244020090318,-0.0029348110050225794,0.024810365547726636,0.16269679067254514,0.0007946830215118927,0.03144085739244037
2020-01-24,2020,1966,0,0,47,7,0.7319208026141231,0.0018298020065353076,0.061640520204021054,0.15654903576206422,0.0003462589641777214,0.012962596052604983
2020-01-27,2020,1966,0,0,46,6,-2.3338676733425294,-0.005834669183356324,-0.19751406986920853,0.19978369936954435,0.0003832102609253929,0.018446793359289
2020-01-28,2020,1966,0,0,45,4,1.3794832161485018,0.0034487080403712545,0.09372580281187712,0.1511990396708828,0.0007183132946645895,0.01974207293789783
2020-01-29,2020,1966,0,0,45,4,-0.4071343585241719,-0.0010178358963104297,-0.010144110856301364,0.1685265379472186,0.0005757852321093573,0.021581620364123644
2020-01-30,2020,1966,0,0,44,8,1.4787208554888556,0.0036968021387221387,0.12270229309033585,0.14636349890725317,0.0005281807619103799,0.020686965062631967
2020-01-31,2020,1966,0,0,44,2,1.1027540308631125,0.002756885077157781,0.09302226965061336,0.1513144325141992,0.0005497739985609818,0.013634288220238442
2020-02-03,2020,1966,0,0,41,3,-0.2888455745346328,-0.000722113936336582,-0.030481090535366896,0.17191607257662783,0.0005060591668435143,0.03379928402453646
2020-02-04,2020,1966,0,0,41,2,2.1470649597731684,0.005367662399432921,0.2173032114813057,0.1305812822607208,0.0006647162408868373,0.04046677362799481
2020-02-05,2020,1966,0,0,42,0,-0.3634111138172088,-0.000908527784543022,-0.07712050060261333,0.17970036707195408,0.0004963095137954193,0.017532462277706592
2020-02-06,2020,1966,0,0,39,1,-1.045319696572376,-0.00261329924143094,-0.1146283849195763,0.18595726605114746,0.0005189778074267679,0.0446908909670388
2020-02-07,2020,1967,0,0,41,0,0.6471473005221282,0.0016178682513053205,0.06981341450043943,0.1551858742214355,0.0005533219879355221,0.03902187279252048
2020-02-10,2020,1967,0,0,39,0,0.49351695500242343,0.0012337923875060585,0.05463656037552086,0.15771698697685313,0.0005773576428767656,0.015379904984309077
2020-02-12,2020,1967,0,0,40,0,0.1754954155915931,0.00043873853897898274,-0.007321926559515782,0.1680536539710096,0.0007222028399062197,0.014091121344387891
2020-02-13,2020,1967,0,0,40,3,-0.1865050193008253,-0.00046626254825206327,-0.025583916839361672,0.17110350676810862,0.0008875391750521466,0.015179782826838517
2020-02-14,2020,1967,0,0,39,3,0.6191534957797917,0.0015478837394494794,0.05001786907565468,0.15849075111868968,0.0006999152207381749,0.01490958118462902
2020-02-17,2020,1967,0,0,39,8,-1.7971031293854058,-0.004492757823463514,-0.08969817883354422,0.18179500106746208,0.00039745634756733464,0.017249635448594067
2020-02-18,2020,1967,0,0,39,4,-0.5740604567712752,-0.001435151141928188,-0.028465188650477133,0.17157587260961596,0.0002952578332273642,0.013764502214351522
2020-02-19,2020,1967,0,0,40,10,-0.42723855941996935,-0.0010680963985499235,-0.013506536345354795,0.16907814620838657,0.00029324788054237735,0.06446256106080472
2020-02-20,2020,1967,0,0,40,5,-1.496324023655304,-0.0037408100591382596,-0.15533418639343322,0.19275156699989188,0.002093411281510455,0.010495026633442366
2020-02-21,2020,1967,0,0,39,4,0.2098179302460339,0.0005245448256150847,0.016697548916344975,0.16404824086024783,0.0004228222811889836,0.006443600901727279
2020-02-25,2020,1967,0,0,39,25,-0.5741936157204677,-0.0014354840393011692,-0.08552187793799933,0.18110428418033264,0.001035343078165233,0.06591288814363837
2020-02-26,2020,1967,0,0,39,23,-0.270630957024494,-0.0006765773925612351,0.015635809286811124,0.164227588777037,0.0023198380472907454,0.016698857408157887
2020-02-27,2020,1967,0,0,40,32,-0.020373854555462145,-5.0934636388655366e-05,0.03377180676934871,0.1612017212768011,0.003499661983081629,0.09096970899616813
2020-02-28,2020,1967,0,0,40,36,0.8640530838988578,0.0021601327097471447,-0.061653594522474174,0.17712187908999885,0.0016318208955429312,0.1638028638229939
2020-03-02,2020,1968,0,0,41,14,-1.506264227106895,-0.0037656605677672374,-0.09012846775216068,0.18186410923674357,0.0007814775654846845,0.1381471078640251
2020-03-03,2020,1968,0,0,41,39,1.102735602377855,0.0027568390059446372,0.06582321556244632,0.15584746726959509,0.00048155024886178504,0.027196878196265286
2020-03-04,2020,1968,0,0,43,25,1.6969920740989481,0.00424248018524737,0.17279426109978646,0.13800774378524477,0.0013870266257025705,0.009848793333448316
2020-03-05,2020,1968,0,0,43,2,3.3010351428177422,0.008252587857044356,0.20808407246642524,0.13212018384689522,0.0049900523841932345,0.014362271219204512
2020-03-06,2020,1968,0,0,43,43,0.26038447055115954,0.0006509611763778989,0.05450868659718008,0.15774158226459006,0.0035358037246332624,0.09500737775168618
2020-03-09,2020,1969,0,0,43,43,-2.6350304514862954,-0.006587576128715739,-0.1711026773621006,0.19538088671343828,0.0038284857147345246,0.16753899319861673
2020-03-10,2020,1970,0,0,44,7,-1.1968773070619143,-0.0029921932676547857,-0.02245828199976127,0.17058276997026806,0.005859070030897541,0.1605363895473133
2020-03-11,2020,1970,0,0,43,35,3.141456574328547,0.007853641435821368,0.14749105687020972,0.1422291343933042,0.0021035233138223283,0.052912718906950214
2020-03-12,2020,1970,0,0,42,42,2.1822637118192723,0.0054556592795481805,0.08440284689541346,0.15275401850444856,0.0030900320033461636,0.08462377603405025
2020-03-13,2020,1971,0,0,42,42,1.7527571119745735,0.004381892779936434,0.08112106542742652,0.1533018564071981,0.01573648169369048,0.16380741351954586
2020-03-16,2020,1971,0,0,42,9,-3.118495004936346,-0.007796237512340864,-0.050848974882028546,0.17531896071589415,0.002466866432971292,0.11361763581716143
2020-03-17,2020,1971,0,0,40,2,3.2396802965942064,0.008099200741485516,0.10827199040712163,0.14877215116365794,0.0045278274758665535,0.21553132416685403
2020-03-18,2020,1971,0,0,39,1,2.5267355223517143,0.006316838805879286,-0.07154073738888837,0.1787712475461169,0.004154779464440058,0.0568496819851801
2020-03-19,2020,1971,0,0,36,0,0.7052446571706597,0.0017631116429266491,-0.08081409049835402,0.1803185081227334,0.005176046530300241,0.052659170849739145
2020-03-23,2020,1971,0,0,35,2,5.297717823903964,0.01324429455975991,0.1828803871305694,0.1363248225424966,0.004427662142401151,0.11448961748641884
2020-03-24,2020,1971,0,0,35,1,0.18647798183801,0.000466194954595025,-0.0065558044302112305,0.16792896147688338,0.0020735828678704175,0.15285615133540378
2020-03-25,2020,1971,0,0,35,3,2.1096511656132177,0.0052741279140330445,0.12187402451330455,0.14650280630637716,0.0024935317856678695,0.2763624495886625
2020-03-26,2020,1972,0,0,36,8,1.2382576537771683,0.003095644134442921,0.061886546771432516,0.15651066861506688,0.0015471476156600711,0.025986583502555845
2020-03-27,2020,1972,0,0,35,10,-1.1260420834672265,-0.002815105208668066,-0.15770303958080342,0.19314560075507886,0.00296319621107235,0.12824635234113527
2020-03-30,2020,1973,0,0,35,2,1.3099385088439561,0.0032748462721098903,0.03083024132707707,0.16169197817319023,0.0014453093458336693,0.07733603982280615
2020-03-31,2020,1974,0,0,38,4,2.4387234154789375,0.006096808538697343,0.1129273997643065,0.1479948833883444,0.0010043841510163519,0.04685611985326073
2020-04-01,2020,1974,0,0,39,25,2.6929190271559817,0.006732297567889955,0.06814910661650617,0.15546479379809364,0.0008371808477360298,0.0935358068685854
2020-04-02,2020,1974,0,0,39,25,-1.3861923445652975,-0.0034654808614132436,-0.03577959920047076,0.1728048142584405,0.004431765399523901,0.061378476121438916
2020-04-03,2020,1974,0,0,39,22,-3.034787986581611,-0.007586969966454028,-0.06791877573688766,0.17816649989313735,0.0031737671039041055,0.0821972689393661
2020-04-06,2020,1974,0,0,39,8,-0.3652545921576871,-0.0009131364803942177,0.02850195766824706,0.16207871650200453,0.001541382150743945,0.08342552168256462
2020-04-07,2020,1974,0,0,38,17,1.6793261100771986,0.004198315275192996,0.1365757171402772,0.14404835891841783,0.0013059547477925028,0.06610748787050917
2020-04-08,2020,1974,0,0,39,13,0.3693472222325904,0.0009233680555814761,0.08157681554358523,0.15322420875483134,0.0009152489813298915,0.13704581700554627
2020-04-09,2020,1974,0,0,40,9,-1.7030233160659116,-0.004257558290164779,-0.06341747194134995,0.17741470398321704,0.0012497873899015826,0.3477939954953827
2020-04-10,2020,1974,0,0,42,6,0.29232679653041815,0.0007308169913260454,0.12358920299985321,0.14621566326200597,0.000802668354882228,0.20650287937947376
2020-04-13,2020,1974,0,0,42,4,-2.7136401046720877,-0.0067841002616802195,-0.13246940141697697,0.18893494825309395,0.0014753612803042495,0.057484430146764146
2020-04-14,2020,1974,0,0,42,12,-2.070191288394831,-0.0051754782209870774,-0.05119299660764118,0.17537482142788463,0.0010554331645279802,0.07400205633263425
2020-04-15,2020,1974,0,0,43,5,-0.4454244672600248,-0.0011135611681500621,-0.051215167352136735,0.17537740704230867,0.0007381327059041333,0.057366855908321315
2020-04-16,2020,1974,0,0,43,16,-1.5244183708994632,-0.003811045927248658,-0.024192665523059736,0.17086996027587112,0.000885978964678616,0.02956105920753419
2020-04-17,2020,1974,0,0,44,17,-2.417113241061467,-0.006042783102653667,-0.22625645815433706,0.20458090845977206,0.001303030347160373,0.026803641233396423
2020-04-20,2020,1974,0,0,45,9,-3.8569393448521545,-0.009642348362130387,-0.2573140173276713,0.2097635897636912,0.0009682707110017681,0.020870270898988137
2020-04-21,2020,1974,0,0,45,11,3.3364419648811268,0.008341104912202817,0.15019494546842735,0.14177715356862564,0.0016458898373388087,0.4896710199987483
2020-04-22,2020,1974,0,0,47,12,-1.1817108307119353,-0.002954277076779838,-0.06564914137418969,0.17778459123215443,0.0006131764886578126,0.05343419113184652
2020-04-23,2020,1974,0,0,47,10,0.0007840459102097519,1.96011477552438e-06,0.025210692847436843,0.16262898707174128,0.0011779157537406663,0.029818646245996998
2020-04-24,2020,1974,0,0,47,17,0.2310768934054328,0.000577692233513582,0.027701755978646873,0.1622093410764087,0.0007949972928129841,0.015060520745586442
2020-04-27,2020,1974,0,0,47,10,3.1194206761157446,0.007798551690289361,0.10993970796366519,0.14849322180420693,0.0010557907708470136,0.04684965347812735
2020-04-28,2020,1974,0,0,48,7,-1.4065937400436646,-0.0035164843501091616,-0.0986012930598418,0.18328499390622013,0.0012217370650700662,0.11111746606068876
2020-04-30,2020,1974,0,0,47,13,-1.1098333026434208,-0.0027745832566085523,-0.05580355348263503,0.1761433971861399,0.000978822682552351,0.04596732143758438
2020-05-01,2020,1974,0,0,46,1,3.473326343978039,0.008683315859945098,0.18152024447629408,0.1365510421149466,0.0010450963149164056,0.014075129010502526
2020-05-07,2020,1974,0,0,47,3,2.7872365725465227,0.006968091431366306,0.21861596535291772,0.13036231891079678,0.0015460120322988615,0.01663090827854366
2020-05-08,2020,1974,0,0,48,4,-2.0455419480709414,-0.005113854870177353,-0.14024017333954283,0.19022765408888181,0.0008340946845817132,0.03359826886510188
2020-05-11,2020,1974,0,0,48,5,-0.7417879730897996,-0.001854469932724499,-0.10003845925188723,0.18352075304945892,0.0011232915871902823,0.03439439981353788
2020-05-12,2020,1974,0,0,46,4,-1.0106685897497147,-0.0025266714743742867,-0.04552103149798926,0.1744296085844505,0.0017392858740006916,0.02075479886189552
2020-05-13,2020,1974,0,0,46,2,-0.7077934855069838,-0.0017694837137674597,-0.016793281729297706,0.1696360299449956,0.0008663476324114343,0.022710171345037673
2020-05-14,2020,1974,0,0,46,0,-0.4393772162248226,-0.0010984430405620565,-0.011008003913204055,0.16866952503494512,0.0011271361732002017,0.0487876282478835
2020-05-15,2020,1974,0,0,47,1,2.4776701749553522,0.00619417543738838,0.20850006177418867,0.13204902327134266,0.0007122576494565974,0.03348346471035629
2020-05-18,2020,1974,0,0,46,2,-0.3910474411541287,-0.0009776186028853217,-0.04964846656822055,0.17511500273803143,0.0006441030747013489,0.03838417456424987
2020-05-19,2020,1974,0,0,46,5,0.7187754983337167,0.0017969387458342918,0.05122198417510074,0.15828113863584392,0.00044942177665297493,0.03136594016716939
2020-05-20,2020,1974,0,0,46,8,-0.17476875206447706,-0.0004369218801611927,-0.05606854092724939,0.17618697308863174,0.0005609735854419579,0.02537210563395132
2020-05-21,2020,1974,0,0,47,4,-0.8409498166305154,-0.0021023745415762883,-0.038754237271363755,0.17330035832114501,0.0009198557493817646,0.014498260541525226
2020-05-22,2020,1974,0,0,49,3,3.3972660689456187,0.008493165172364047,0.21847700901767156,0.13038518998703208,0.0008876672167525115,0.018217061897223646
2020-05-25,2020,1974,0,0,49,12,0.9442527710432718,0.0023606319276081793,0.034389080424297204,0.161094994745696,0.0007055090711542456,0.022122885998688682
2020-05-26,2020,1974,0,0,49,13,2.168600124447921,0.005421500311119803,0.0369170650048105,0.16067544446566195,0.000549056791843692,0.019932822434078484
2020-05-27,2020,1974,0,0,49,25,3.492770718813108,0.008731926797032769,0.1555720853457417,0.1408793588388751,0.0009147281442828106,0.018724366442293274
2020-05-28,2020,1974,0,0,49,29,2.0218334957888753,0.005054583739472188,0.07964138801285134,0.15354545226577296,0.0006807531193982669,0.016991652889731885
2020-05-29,2020,1974,0,0,48,23,0.5666180345546876,0.0014165450863867191,-0.0503282408935887,0.1752308899543936,0.0007496862192050971,0.04608844183590308
2020-06-01,2020,1974,0,0,48,7,2.378076965057621,0.005945192412644053,0.1934986714778575,0.13455026736005332,0.0004024732985240638,0.019549464849055617
2020-06-02,2020,1974,0,0,48,11,0.08657005743472285,0.00021642514358680712,-0.006919313146673785,0.16798003171591416,0.0005079074317101157,0.10795331101218347
2020-06-03,2020,1974,0,0,48,15,-1.6371381241288359,-0.0040928453103220895,-0.1094009394197792,0.18508471552074043,0.0005504430113390057,0.034726727984183706
2020-06-04,2020,1974,0,0,48,21,-0.3505401005894009,-0.0008763502514735022,-0.051714574428500346,0.175462402617814,0.0008396305334113318,0.019742763204130362
2020-06-05,2020,1974,0,0,46,18,1.7376996002106835,0.0043442490005267086,0.16216445418947414,0.13977712306361995,0.00046305605444882245,0.0267935303807977
2020-06-08,2020,1974,0,0,45,15,-0.6841182103200776,-0.0017102955258001939,-0.02453319361714745,0.17092271580254448,0.0006178484433472975,0.029634661547299185
2020-06-09,2020,1974,0,0,45,33,4.428801075465066,0.011072002688662666,0.2997032110840605,0.1168341394577282,0.0013081357552241072,0.02272230406474275
2020-06-10,2020,1974,0,0,45,24,0.3189249164073975,0.0007973122910184938,0.05608854522306755,0.15747760109169195,0.0007924737402904928,0.01688476946688082
2020-06-11,2020,1974,0,0,44,1,-0.45838413939765754,-0.0011459603484941438,-0.0013163217452214753,0.16705497855749185,0.0013340281513821303,0.06306739715198276
2020-06-12,2020,1974,0,0,44,0,0.04944603286103355,0.00012361508215258388,0.01788377006277913,0.16385192959867262,0.00259349109459272,0.040013937142786685
2020-06-15,2020,1974,0,0,44,0,-1.2298998604853693,-0.0030747496512134233,-0.06783864291973167,0.1781510098263439,0.0007250678249871544,0.04145092641348664
2020-06-16,2020,1974,0,0,44,4,-0.39196295956985283,-0.0009799073989246322,-0.036761080043238956,0.17295991117201778,0.0005450604264204776,0.0611060298171942
2020-06-17,2020,1974,0,0,45,6,1.005384846551665,0.0025134621163791625,0.0698113102640059,0.15518556364227545,0.0006133367395908075,0.036363185153347584
2020-06-18,2020,1974,0,0,45,3,-1.099113798617288,-0.0027477844965432202,-0.08856493730862675,0.1816027903119553,0.0005608171197289576,0.04409832692518091
2020-06-19,2020,1974,0,0,46,6,0.2707370900347986,0.0006768427250869965,0.037064333965472,0.16064408810783565,0.00036278548898259575,0.03452854363615905
2020-06-22,2020,1974,0,0,46,11,-0.558155988255099,-0.0013953899706377476,-0.0567719177428097,0.17630432030490445,0.0005085356578314944,0.02220377496466104
2020-06-23,2020,1974,0,0,45,10,-0.3053449936903252,-0.0007633624842258129,-0.007272027577302945,0.16804681887110687,0.0005412911982668236,0.020758370145047434
2020-06-24,2020,1974,0,0,46,22,-1.6340039329158755,-0.004085009832289689,-0.1265173629093025,0.18794106447316322,0.0006796323044570083,0.028235200112441263
2020-06-25,2020,1974,0,0,45,10,0.6668294101222707,0.0016670735253056768,0.011677274195218853,0.1648865096886163,0.0007653175413339008,0.07380308951685934
2020-06-26,2020,1974,0,0,44,12,1.569481076005453,0.0039237026900136324,0.15050019445161275,0.14172308470572825,0.0004927482173102884,0.07002062049649695
2020-06-29,2020,1974,0,0,43,18,0.6412823040003515,0.0016032057600008788,0.0684255770214085,0.15541922856601503,0.0006001846840704645,0.04671058216985268
2020-06-30,2020,1975,0,0,44,22,1.8167564244237158,0.00454189106105929,0.08055383028278576,0.1533939126513684,0.0007276909878758407,0.03210313080005731
2020-07-01,2020,1975,0,0,44,22,-0.9889925643825567,-0.0024724814109563916,-0.03862260813172374,0.1732763344768851,0.000789109483454112,0.045572985157003976
2020-07-02,2020,1975,0,0,44,11,0.5456819650175602,0.0013642049125439004,0.0038882198675571572,0.16618613974538324,0.001263972764672296,0.05797898492571545
2020-07-03,2020,1975,0,0,44,6,-2.0335916774347345,-0.005083979193586836,-0.15443320961571005,0.1925959964891076,0.0005619632625985867,0.020326581780585645
2020-07-06,2020,1975,0,0,44,2,-0.695738585787363,-0.0017393464644684076,0.012848755119964323,0.16468980806503947,0.0006304471849456441,0.03212777558262063
2020-07-07,2020,1975,0,0,45,14,-0.18384960688321117,-0.0004596240172080279,0.025152013517636653,0.16263499545363888,0.0005742681351409965,0.0505277879289729
2020-07-08,2020,1975,0,0,46,3,-0.5942696910850969,-0.001485674227712742,-0.009886849993220155,0.16848424403942805,0.0009596968540900028,0.056175404139962734
2020-07-09,2020,1975,0,0,44,2,-0.4540306561289409,-0.0011350766403223523,-0.0392190777281807,0.17337847943910023,0.0014003555560295929,0.03528352041766646
2020-07-10,2020,1976,0,0,45,4,0.16386652260725487,0.0004096663065181372,-0.038418932421129814,0.17323818285375475,0.00047921744960214175,0.07942579122940156
2020-07-13,2020,1976,0,0,45,0,0.48765722991610083,0.0012191430747902521,0.09717358702067881,0.15062206487463406,0.0006876824671761003,0.02869425400712892
2020-07-14,2020,1976,0,0,45,3,0.6868156383391042,0.0017170390958477606,0.0361152505728547,0.1608071381818158,0.0006880170856382186,0.04570353706466181
2020-07-15,2020,1978,0,0,47,17,-1.2619997312753017,-0.0031549993281882543,-0.133002694464687,0.18902203544580803,0.0004834941756869858,0.014861338596983896
2020-07-16,2020,1978,0,0,48,3,-1.3676889104682337,-0.003419222276170584,-0.10743814586586989,0.18475509723992342,0.0004750857235754191,0.02820093778239961
2020-07-17,2020,1978,0,0,47,2,-0.2685540857899349,-0.0006713852144748372,0.04279676078643459,0.15969140722975095,0.0005268553799011575,0.013369346077524042
2020-07-20,2020,1978,0,0,47,7,0.36329228619846554,0.0009082307154961638,0.04477165197794364,0.15936320248174196,0.0004661874613068808,0.01772477864346997
2020-07-21,2020,1978,0,0,47,8,-0.45994371558729763,-0.0011498592889682441,-0.08106204485900566,0.1803559238515698,0.0005501181130699977,0.04446492293111877
2020-07-22,2020,1978,0,0,47,9,-0.5101916134198363,-0.0012754790335495908,-0.07420676997192578,0.17921106834184572,0.0005054940171300551,0.01926851329672797
2020-07-27,2020,1978,0,0,48,5,-1.3072361973666053,-0.0032680904934165133,-0.07580610631075668,0.17948141092083364,0.0008179027435389006,0.01660568678368836
2020-07-28,2020,1978,0,0,49,5,2.6249651416534396,0.006562412854133599,0.16081984229901558,0.1400024758305259,0.0006859811786457274,0.021860668878935872
2020-07-29,2020,1978,0,0,50,6,1.3051166758451025,0.0032627916896127564,0.10903579006903585,0.14864416299306732,0.0016941212666486975,0.2538714810880467
2020-07-30,2020,1978,0,0,49,4,-0.8739822315921515,-0.0021849555789803785,-0.0688639595884818,0.1783236640525611,0.001839753267584177,0.07405567683903659
2020-07-31,2020,1980,0,0,51,10,-3.613374257338285,-0.009033435643345713,-0.23860259399401318,0.2066409116430871,0.002449563526909092,0.04885725253100323
2020-08-03,2020,1981,0,0,52,3,0.43798834975382883,0.0010949708743845721,0.027613015542422424,0.1622228527016245,0.000605798568716859,0.03678642996534184
2020-08-04,2020,1981,0,0,52,2,-0.2787149761258024,-0.000696787440314506,0.0006466510528411886,0.16672431667827323,0.0007408221929029592,0.09016133505918583
2020-08-05,2020,1981,0,0,52,5,1.820722884218519,0.004551807210546297,0.07205467474241223,0.15481005361051403,0.0009022347070263954,0.04145738104778058
2020-08-06,2020,1981,0,0,52,10,2.2200785609077576,0.005550196402269394,0.09495523881723833,0.15099286470886747,0.0018899703059153138,0.019662785950534566
2020-08-07,2020,1981,0,0,54,5,2.9282507796315205,0.007320626949078801,0.20757057573789103,0.1322038452895611,0.0007965308119643531,0.01835962721736871
2020-08-11,2020,1981,0,0,55,0,0.5665375258845511,0.0014163438147113778,0.049721128518134615,0.15853613659682295,0.0006905769255145759,0.03169602728985078
2020-08-12,2020,1981,0,0,55,0,1.2206649487403194,0.0030516623718507985,0.09066398326359178,0.15170676021222118,0.0005357798591325538,0.02375220981237754
2020-08-13,2020,1981,0,0,54,3,-0.5131029931330303,-0.0012827574828325758,-0.02625824991545378,0.17121234544981737,0.000650653989668258,0.06706109682390506
2020-08-14,2020,1981,0,0,54,0,-1.393426035221318,-0.003483565088053295,-0.15460981654887204,0.19262452267565236,0.0005634809290066749,0.04903140009618538
2020-08-17,2020,1981,0,0,54,1,-0.8313891287720533,-0.0020784728219301334,-0.01564469699951814,0.16943863699070355,0.0004731106526394392,0.019057148472068852
2020-08-18,2020,1981,0,0,54,5,-0.21134808285676643,-0.000528370207141916,-0.029835306402085992,0.17180828632389292,0.00047715540182081723,0.0644895385425995
2020-08-19,2020,1981,0,0,54,5,1.2880817831763791,0.0032202044579409477,0.020361630261004376,0.16342867967814428,0.0003767979470585276,0.027012618387198293
2020-08-20,2020,1982,0,1,55,8,-1.1117492421693278,-0.0027793731054233193,-0.025814695013613387,0.17113678223914866,0.0004892416467808183,0.068769858950802
2020-08-21,2020,1982,0,0,57,5,-2.992269012214395,-0.007480672530535987,-0.14508850934929618,0.19103860296921765,0.0005529334463687447,0.03999977143818924
2020-08-24,2020,1982,0,0,56,9,1.5661398817412882,0.00391534970435322,0.07334126290908186,0.15458754983677211,0.0004469368214602159,0.08383763253287238
2020-08-25,2020,1982,0,0,56,6,0.45096651331629456,0.0011274162832907364,0.009959407369291432,0.16517029981352854,0.000436956673622746,0.022073473056909508
2020-08-26,2020,1982,0,0,57,4,0.3640103275191273,0.0009100258187978182,0.12726593748470938,0.1456012095021605,0.0008087739766985311,0.014853179083634496
2020-08-27,2020,1982,0,0,58,13,-2.2636995557750437,-0.005659248889437609,-0.14269454821311278,0.19063897329190696,0.0007214849817545137,0.05130459472632419
2020-08-28,2020,1982,0,0,58,2,0.1951360940646692,0.000487840235161673,0.00188167921733155,0.16651552013641524,0.0005283176415123656,0.024446463217320066
2020-08-31,2020,1982,0,0,58,7,-0.6266231428240051,-0.0015665578570600127,-0.02837987944562369,0.17156465235386978,0.0003751321822315485,0.008956774158209233
2020-09-01,2020,1982,0,0,58,9,0.0877454375414658,0.0002193635938536645,-0.0034320471479481803,0.16740113919646113,0.0003519819337323038,0.009121793814669413
2020-09-02,2020,1982,0,0,58,15,-0.2615357294593721,-0.0006538393236484302,0.04323807630173028,0.15961501052036406,0.0005015473915615577,0.02369222118483863
2020-09-03,2020,1982,0,0,58,12,-2.231050273258467,-0.005577625683146168,-0.0724339565202862,0.17891656886200397,0.0005823845627999734,0.01957226191670989
2020-09-04,2020,1982,0,0,58,5,1.4777976462368854,0.0036944941155922133,0.04633553038223314,0.1591014682063772,0.0006771680125889477,0.020543843307467655
2020-09-07,2020,1982,0,0,56,5,-0.9431167162947125,-0.0023577917907367813,-0.0738798476468431,0.17915432145228208,0.00034902179618257395,0.016743749936437013
2020-09-08,2020,1982,0,0,56,12,-1.3678040081055372,-0.003419510020263843,-0.15965259764683304,0.1934639531207234,0.0003949675939514015,0.012200426013608125
2020-09-09,2020,1982,0,0,56,5,0.2356554201969825,0.0005891385504924562,0.031431756017225365,0.1615852893166844,0.0005060380154628544,0.009178903811266678
2020-09-10,2020,1982,0,0,58,5,0.8148278634422346,0.0020370696586055866,0.04860416440957516,0.15872043469095684,0.0005537071242600927,0.01657637364985321
2020-09-11,2020,1982,0,0,58,11,-1.8346183925468806,-0.004586545981367202,-0.15089697930601137,0.19200350107015346,0.0004843861011700027,0.027811134509658088
2020-09-14,2020,1982,0,0,57,8,-2.5596405117425007,-0.006399101279356252,-0.16291266716013034,0.1940108690157387,0.0006000564042061044,0.03465223967688778
2020-09-15,2020,1982,0,0,58,6,-0.5847462037817677,-0.001461865509454419,-0.02791154927515999,0.17147986231531717,0.0003831587075224875,0.03610578883820999
2020-09-16,2020,1982,0,0,57,8,-0.16580001503437702,-0.00041450003758594254,0.09032360106196392,0.15176168296425163,0.0004053443187036906,0.02535286362769347
2020-09-17,2020,1983,0,0,58,5,-1.1150499551002206,-0.0027876248877505517,-0.04962534608541503,0.17510953055496858,0.0006572119361127095,0.007867499624892488
2020-09-18,2020,1983,0,0,58,8,1.254224338657505,0.0031355608466437624,0.12293928380419408,0.14632225856124467,0.0007807716650911457,0.021449522170334162
2020-09-23,2020,1983,0,0,58,10,0.6315384334347178,0.0015788460835867947,0.0015106829252658357,0.16658013700653806,0.0004542670934783121,0.013364256888092377
2020-09-24,2020,1984,0,0,58,2,1.069650064347948,0.0026741251608698702,-0.016672079603231957,0.16961588438980207,0.000977977982190201,0.04177791459895516
2020-09-25,2020,1986,0,0,60,6,-1.2106519718400013,-0.003026629929600003,-0.1360241944958794,0.18952538385222265,0.0006336016995613058,0.04079107842796876
2020-09-28,2020,1986,0,0,60,12,-2.2359876817084823,-0.005589969204271206,-0.1618119361700726,0.1938301105856586,0.0015677234588968908,0.04973460781068593
2020-09-29,2020,1986,0,0,59,10,0.0,0.0,,0.08341729638958857,2.5186060844171954e-05,0.04892241037443978
2020-09-30,2020,1986,0,0,59,8,0.18666332291188237,0.0004666583072797059,0.0753307085279441,0.15426623600385972,0.0009021163589422391,0.13651878469249978
2020-10-02,2020,1989,0,1,62,3,1.6485316937264942,0.004121329234316236,0.19074738120130083,0.135005913048374,0.00035237619990514756,0.03786754582372144
2020-10-05,2020,1990,0,0,61,1,-1.0956967030123461,-0.002739241757530865,-0.03939909183263157,0.17340434432881408,0.00041178733508029825,0.024692544893729993
2020-10-06,2020,1990,0,0,62,4,-1.0788749230063404,-0.002697187307515851,-0.08295794450206458,0.18066666672255613,0.00040298909699911076,0.009822288663017468
2020-10-07,2020,1990,0,0,61,7,1.716607120502235,0.004291517801255588,0.05924356086701724,0.15694619405494784,0.0004449469085039639,0.0076379416007956
2020-10-08,2020,1990,0,0,60,7,0.8980817059330852,0.0022452042648327133,0.07421644093461296,0.15444700362352679,0.000433637722052297,0.04907811022455571
2020-10-09,2020,1990,0,0,57,9,0.2640203060926371,0.0006600507652315927,0.02046843485154209,0.163410803170644,0.0003405431044668298,0.015410672100549734
2020-10-12,2020,1990,0,0,57,13,2.8921884841088366,0.007230471210272091,0.17435234359891688,0.13774367835127224,0.00048294418179675714,0.009106138223412717
2020-10-13,2020,1990,0,0,59,11,0.33210956288759674,0.0008302739072189918,-0.018561893651652554,0.16992569242731867,0.0005054209758870555,0.009170891054229939
2020-10-14,2020,1990,0,0,59,7,-2.138583833947502,-0.005346459584868755,-0.08268636382223095,0.18062693057570295,0.0007774491094279564,0.014110101083021137
2020-10-15,2020,1989,0,0,57,14,-0.0913156552122465,-0.00022828913803061624,-0.04578860550585895,0.17447169687767372,0.0008308503967282688,0.039812891042843815
2020-10-16,2020,1989,0,0,57,9,-1.1434419493892394,-0.0028586048734730984,-0.04166543140321628,0.1737840931239204,0.0005003933856439348,0.05538965670768656
2020-10-19,2020,1989,0,0,58,4,-0.05223088591765679,-0.00013057721479414197,0.02334105957480439,0.16293654006040587,0.0005040869173503351,0.022791447541054135
2020-10-20,2020,1989,0,0,57,4,-2.415833863812557,-0.006039584659531393,-0.07200510054695339,0.1788449231975864,0.0005855401623220849,0.03052570443984647
2020-10-21,2020,1989,0,0,58,5,0.14820544298324145,0.0003705136074581036,0.024321811623927495,0.16277112590212817,0.0004554737813898768,0.009569652157737439
2020-10-22,2020,1989,0,0,58,9,0.969602589404538,0.002424006473511345,0.06691935254969901,0.15566140990549496,0.000546294624019121,0.013305394835017186
2020-10-23,2020,1989,0,0,58,6,-2.6467326538595923,-0.006616831634648981,-0.20247055946171913,0.20060684886419536,0.00043271864228970527,0.016365323864572134
2020-10-26,2020,1989,0,0,57,8,-3.518528903705091,-0.008796322259262728,-0.20390494135080636,0.20084917712678896,0.000583601535590797,0.0319217112241876
2020-10-27,2020,1989,0,0,57,0,1.107109368335743,0.002767773420839357,0.13846016032251304,0.14372776791427053,0.0004422582198951623,0.013057241900691335
2020-10-28,2020,1990,0,0,54,0,0.8459292034447783,0.002114823008611946,0.06147584998800629,0.1565776459609256,0.0009551588438886983,0.01636353934916729
2020-10-29,2020,1991,0,0,53,6,2.792310571268862,0.006980776428172155,0.22820594031645497,0.12876087592519916,0.0008197599323630405,0.028030936987705493
2020-10-30,2020,1991,0,0,53,9,-2.194602227750253,-0.005486505569375633,-0.1835789874661179,0.19745712185732742,0.0010220291385363322,0.06384992429436627
2020-11-02,2020,1991,0,0,53,1,-0.8564840662125721,-0.0021412101655314303,-0.039013602334343776,0.17334133458394646,0.00097878795262741,0.09313554405367688
2020-11-04,2020,1991,0,0,53,0,0.5920633539277143,0.0014801583848192857,0.029971435440805265,0.1618290422225385,0.0006539183199939794,0.016706979619913676
2020-11-05,2020,1991,0,0,53,0,-1.9126849536922066,-0.004781712384230517,-0.18139586190589913,0.19709392266461676,0.0009600883799547971,0.019272697229985068
2020-11-06,2020,1991,0,0,53,3,5.370475962554233,0.013426189906385581,0.19304866642779803,0.1346266228126821,0.0021768564850444664,0.27309609062998214
2020-11-09,2020,1991,0,0,53,10,-1.0635064433629302,-0.0026587661084073256,-0.06237219514691635,0.1772376745200629,0.0008538789228565058,0.2828561516114449
2020-11-10,2020,1991,0,0,53,5,-2.9702195181306705,-0.007425548795326677,-0.1558939270016306,0.19283875835238523,0.0008124145606098408,0.05469119535795204
2020-11-11,2020,1991,0,0,53,4,-0.36849074347034083,-0.000921226858675852,0.03625385703950617,0.1607850275356551,0.0010558571270518455,0.05389045396895049
2020-11-12,2020,1991,0,0,53,7,-1.0237403725830854,-0.002559350931457713,-0.1238754349498975,0.18749950590135092,0.0010367965245291575,0.0393949316437225
2020-11-13,2020,1991,0,0,53,4,-1.0585896325809105,-0.0026464740814522766,-0.06305401931561459,0.17735118023276658,0.0007248782759297506,0.03460574447088666
2020-11-16,2020,1991,0,0,53,6,1.7822800021814738,0.004455700005453684,0.0614351485259606,0.15658231891495367,0.00042628286235441584,0.041045300938481986
2020-11-17,2020,1991,0,0,52,5,1.00139962554778,0.00250349906386945,0.05631778724897905,0.15742875939632436,0.0004261250131991082,0.02668745884974222
2020-11-18,2020,1991,0,0,52,4,0.8550397452715484,0.002137599363178871,0.0714140716364888,0.1549160406445555,0.0003589129630401324,0.02568214919676951
2020-11-19,2020,1991,0,0,51,5,-0.21318647329519802,-0.000532966183237995,-0.09746695201834496,0.18309272042871744,0.000687739253997156,0.034340456241664215
2020-11-20,2020,1991,0,0,51,6,-0.6611180681439388,-0.001652795170359847,-0.05300377282479026,0.17567380768317156,0.0004999559577900248,0.027204296640286386
2020-11-24,2020,1991,0,0,51,8,-0.5910808413584125,-0.0014777021033960313,-0.02834366199117286,0.17155729259483893,0.00047600797458238883,0.03704238092532347
2020-11-25,2020,1991,0,0,51,10,-0.5418099318586163,-0.0013545248296465407,-0.028332061105005423,0.17155750452805915,0.0005145825399865521,0.042489611390058635
2020-11-26,2020,1991,0,0,50,10,-0.22323103372560205,-0.0005580775843140051,0.01565161617155332,0.1642223230338904,0.001066865173638382,0.03400575327182149
2020-11-27,2020,1991,0,0,50,3,-0.9029344009237334,-0.0022573360023093337,-0.10689974841052803,0.1846661713145127,0.0006050732285346367,0.03981576095043647
2020-11-30,2020,1991,0,0,50,6,0.7592279708629706,0.0018980699271574264,0.04027367411746492,0.16011195140892534,0.0004096398278554461,0.03185657640711068
2020-12-01,2020,1991,0,0,51,5,0.8349073770933664,0.002087268442733416,0.04081974788699088,0.16001941097759037,0.0005172762309806794,0.032278652663630544
2020-12-02,2020,1991,0,0,52,8,-1.0751876517707688,-0.002687969129426922,-0.0847011337015128,0.18095955733276195,0.0005013993503878595,0.024278031612215128
2020-12-03,2020,1991,0,0,52,4,-0.3477500679734167,-0.0008693751699335417,-0.024239639716924825,0.1708749098602102,0.0007032526387422589,0.026269451806928096
2020-12-04,2020,1991,0,0,51,3,1.0960493590269937,0.0027401233975674843,0.07814410832899076,0.15379042076049632,0.0004172287542191127,0.027638648139393915
2020-12-07,2020,1991,0,0,51,6,-1.479906899326942,-0.003699767248317355,-0.1790914547396833,0.19670768978064987,0.00045395187475681984,0.015828395334172757
2020-12-08,2020,1991,0,0,51,7,-0.2925261735996938,-0.0007313154339992345,0.036810012691777444,0.1606888724443704,0.000384124056062476,0.013326852261682516
2020-12-09,2020,1991,0,0,52,8,0.39307137036383577,0.0009826784259095893,0.09005414536861603,0.15180455962337827,0.0005121121187972311,0.024818146955594193
2020-12-10,2020,1991,0,0,49,11,0.4952405314127388,0.001238101328531847,0.015745399482204103,0.1642029078074892,0.0005164594375167811,0.012406376477906152
2020-12-11,2020,1991,0,0,49,10,0.18285431558525,0.00045713578896312504,-0.031460488085867655,0.1720740828742092,0.00045611386257885835,0.014753043433814363
2020-12-14,2020,1991,0,0,50,5,-0.1699888675026392,-0.00042497216875659797,-0.0017627933198692519,0.16712128824045466,0.0005256770868051248,0.05989742067873293
2020-12-15,2020,1990,0,0,49,14,0.9034751729168953,0.0022586879322922383,0.06325200369536121,0.15627825016896182,0.0004913327827256356,0.022615607802138366
2020-12-16,2020,1993,0,0,50,12,-0.3435954855108345,-0.0008589887137770862,-0.029391811718400048,0.17173428938632998,0.00038078406582366824,0.027388500428274416
2020-12-17,2020,1994,0,0,51,9,-0.757734075474355,-0.0018943351886858875,-0.041651989905132185,0.17377488939005553,0.0003648061191842536,0.04381799780579879
2020-12-18,2020,1995,0,0,52,16,0.023801562003174404,5.9503905007936006e-05,-0.0070441060025636494,0.1680088157525167,0.0009941466765311044,0.0051930180762861594
2020-12-21,2020,1996,0,0,53,17,-1.2095216318004256,-0.003023804079501064,-0.05984539012519356,0.17681448121838994,0.00038586767705344485,0.004987711296392827
2020-12-22,2020,1998,0,0,52,9,-1.124305839293832,-0.0028107645982345802,-0.05165651681853286,0.17544360021671382,0.00044757450748012217,0.035760321623712316
2020-12-23,2020,1999,0,0,54,13,-0.7184709755166366,-0.0017961774387915915,-0.05375140799197445,0.17579378377226,0.00037669989218932863,0.03688859236150746
2020-12-24,2020,1999,0,0,54,5,-1.683958026184778,-0.004209895065461945,-0.15912122115348348,0.19337572565938502,0.0004281191642017368,0.018538000472148822
2020-12-25,2020,1999,0,0,54,8,1.31601773931708,0.0032900443482927,0.14513995820749354,0.14261871418183558,0.0005166914460053389,0.014224751546043104
2020-12-28,2020,1999,0,0,51,3,0.1037138838348799,0.00025928470958719974,-0.01868097511547608,0.16994676209669093,0.0003440139752792687,0.02011209057222419
2020-12-29,2020,1999,0,0,51,11,0.08139010775773414,0.00020347526939433534,0.020636127519004805,0.16338956571685548,0.0006885501850207255,0.036697653478156705
2020-12-30,2021,1999,0,0,50,12,0.21681824290103896,0.0005420456072525974,0.054178321786420944,0.1577880057673007,0.0003713939668724517,0.02333039850807526
2021-01-04,2021,1999,0,0,50,4,0.19920927027308832,0.0004980231756827208,0.10246450865915559,0.1497359051158473,0.00042143620160569635,0.01763451906269045
2021-01-05,2021,1999,0,0,50,5,0.968653469698679,0.002421633674246698,0.06370573737055878,0.15620230380801356,0.0005135507710708871,0.006844884494159349
2021-01-06,2021,1999,0,0,49,3,-1.4905739730160465,-0.0037264349325401166,-0.11563096894856341,0.18612256720343548,0.000553678784824257,0.014384065903057316
2021-01-07,2021,1999,0,0,49,11,-0.7668678376899548,-0.001917169594224887,-0.07564503978536072,0.1794511974935645,0.0005659305804225209,0.03481042079890058
2021-01-08,2021,1999,0,0,48,5,0.7091919732217596,0.0017729799330543992,0.07126901137440717,0.15493789274604858,0.0005480765910995769,0.07450736775098621
2021-01-12,2021,1999,0,0,47,14,-1.2497390044148775,-0.003124347511037194,-0.09527835201238893,0.18272326179933635,0.0005144026030627771,0.01821218623327059
2021-01-13,2021,1999,0,0,47,6,-0.008563369116790343,-2.1408422791975857e-05,-0.05587744710787624,0.17615496500315536,0.0007116264640736992,0.024131287163624025
2021-01-14,2021,1999,0,0,47,10,0.5908087691601598,0.0014770219229003996,0.07695694898089994,0.15399185209853805,0.00046018206387490965,0.03763591722627725
2021-01-15,2021,1999,0,0,47,9,-2.8724005168301883,-0.007181001292075471,-0.2163865729604282,0.20292966722268707,0.0004503380870650178,0.022855483561326273
2021-01-18,2021,1999,0,0,46,6,-0.8031955748928752,-0.002007988937232188,0.018969971774826743,0.16366468527815717,0.0004058771963885022,0.029663734998045265
2021-01-19,2021,1999,0,0,45,9,-0.9960972624605059,-0.0024902431561512647,-0.02377358528504654,0.1707911268201924,0.00039772817661740443,0.103134924395657
2021-01-20,2021,1999,0,0,44,6,-0.5046091819682811,-0.0012615229549207028,-0.04953661903176007,0.1750947104868435,0.00042579192593272374,0.03786338247140741
2021-01-21,2021,1999,0,0,43,7,-0.8861989115065256,-0.002215497278766314,-0.07647868026631241,0.17958946889559596,0.0005080383563038633,0.04974147842442108
2021-01-22,2021,1999,0,0,43,3,1.2261530799505764,0.0030653826998764413,0.0821030993092067,0.15313190451153574,0.00047822723466926694,0.030573269975554165
2021-01-25,2021,1999,0,0,43,6,0.12355618648001032,0.00030889046620002583,-0.009331768245097728,0.16838553546428256,0.0004030149027887272,0.02671049082860177
2021-01-26,2021,1999,0,0,42,5,-0.18800932804155457,-0.0004700233201038864,-0.018731269269455574,0.16995219491788097,0.0005990388543554225,0.048951928882766046
2021-01-27,2021,1999,0,0,42,4,-1.4536631017554873,-0.0036341577543887184,-0.10351850508947597,0.18410272664069982,0.0008045195262765333,0.006800747231272435
2021-01-28,2021,1999,0,0,41,11,0.10937203681397567,0.0002734300920349392,0.020909007788757223,0.1633418150606925,0.000680434229487584,0.012991540775630951
2021-01-29,2021,1999,0,0,41,1,0.18043490747450797,0.00045108726868626993,0.0480258956478995,0.15881680326646805,0.0007245383586494695,0.06737680354122698
2021-02-01,2021,1999,0,0,41,4,-1.3140047356032527,-0.0032850118390081316,-0.03616547139942982,0.17286510286338527,0.000543619633613531,0.024604935000359172
2021-02-02,2021,1999,0,0,41,2,-0.41747277132759186,-0.0010436819283189797,0.03137341453121655,0.16159398410308648,0.0004263736921644275,0.026442807910493537
2021-02-03,2021,1999,0,0,41,5,-2.6461914456106865,-0.006615478614026716,-0.18479717580286573,0.1976597903175431,0.0007090826922161576,0.060727968850790515
2021-02-04,2021,1999,0,0,41,6,-0.40672918907217825,-0.0010168229726804456,-0.04642329136401446,0.17457724805292485,0.000739479420168183,0.011465045148454084
2021-02-05,2021,1999,0,0,41,2,-1.8447128329345752,-0.004611782082336438,-0.1583941431751206,0.19325479501206752,0.0005658410486174388,0.037675801691213595
2021-02-08,2021,1999,0,0,41,4,0.7000608880681216,0.0017501522201703041,0.11027245335309092,0.14843368711212293,0.0005899265343593467,0.015438789427615358
2021-02-09,2021,1999,0,0,41,4,-1.090851767859911,-0.0027271294196497776,-0.020678653053458333,0.17028171054808997,0.0008142233682635382,0.03826747468218712
2021-02-10,2021,1999,0,0,41,8,1.5693242399280058,0.003923310599820015,0.048421366478779135,0.15875178209354557,0.0008172934807086769,0.04288469135125761
2021-02-12,2021,1999,0,0,41,13,-0.2623758861409542,-0.0006559397153523855,0.010269616710693883,0.16511663474866048,0.0005715279160330224,0.0173460159327599
2021-02-15,2021,1999,0,0,42,12,0.5436218082777493,0.0013590545206943732,0.06708142079226107,0.15563843263253532,0.0006510043232532252,0.011344530214718438
2021-02-16,2021,1999,0,0,42,11,0.18255266794811797,0.00045638166987029493,0.007110842261066439,0.16564432015707456,0.0007931659384447403,0.009528338322114598
2021-02-17,2021,2000,0,0,40,4,0.45592805816360316,0.001139820145409008,0.023302612350243602,0.16294226409102497,0.0005458550958193025,0.007168848691454428
2021-02-18,2021,2000,0,0,41,2,-1.9554082733747211,-0.004888520683436803,-0.1249142123659776,0.18767061494729356,0.0005287665881967562,0.015014410934637937
2021-02-19,2021,2000,0,0,42,1,-1.2351090982770372,-0.003087772745692593,-0.15125365586447775,0.19206633068910642,0.0010040042673899216,0.02537101164392016
2021-02-22,2021,2000,0,0,42,7,-1.1092426215479565,-0.0027731065538698914,-0.0837496620052629,0.1808000825074869,0.0004620511528770024,0.01374241857297374
2021-02-24,2021,2000,0,0,42,8,-0.7401059331368378,-0.0018502648328420945,-0.023388631309968818,0.170734830959752,0.0009993908597784823,0.05032349145798105
2021-02-25,2021,2000,0,0,42,4,-0.9837900073437296,-0.002459475018359324,-0.055802405065198867,0.17614284762441249,0.0007317762080607628,0.02518972065753111
2021-02-26,2021,2000,0,0,42,18,0.1788053792539952,0.000447013448134988,-0.04830334271334869,0.17488431959851863,0.00036088839056417965,0.03720388362817794
2021-03-01,2021,2000,0,0,41,12,-1.0179997896032695,-0.002544999474008174,-0.0906028543781506,0.1819460158418379,0.0004046018951472024,0.025628961242534467
2021-03-02,2021,2000,0,0,41,6,-0.3484405919591136,-0.0008711014798977839,-0.07035045784706578,0.17856336685100926,0.0004089277131446507,0.011382510574620565
2021-03-03,2021,2000,0,0,41,5,0.8364481860990216,0.002091120465247554,0.06320937253974253,0.15628368949357122,0.00032279814688321084,0.012188638376809885
2021-03-04,2021,2000,0,0,41,5,1.875334382066003,0.004688335955165007,0.20442588728877004,0.13272511774896953,0.0003758534751084622,0.028234246723584634
2021-03-05,2021,2000,0,0,38,5,1.0355771896612347,0.0025889429741530866,0.11313547247217923,0.14795754768329636,0.0006086426899107499,0.014176216599434296
2021-03-08,2021,2000,0,0,38,4,-1.2698183407340196,-0.003174545851835049,-0.1380657839386498,0.18986198026476972,0.0003316900191947438,0.008097847861665328
2021-03-09,2021,2000,0,0,38,2,-1.5804954869286258,-0.003951238717321564,-0.10919718934279225,0.1850491219847042,0.00039358540768187367,0.04790165061679339
2021-03-10,2021,2000,0,0,38,4,2.4607364206058606,0.006151841051514652,0.1429585153964098,0.14297981944949462,0.0004373988390003503,0.021923637614092516
2021-03-11,2021,2000,0,0,37,10,-0.8833735993656928,-0.002208433998414232,-0.06366969474287994,0.1774545643256846,0.0005598546798502755,0.06845046864701565
2021-03-12,2021,2000,0,0,37,4,1.1214532564670148,0.002803633141167537,0.17757987445225126,0.13720601633983573,0.000423906556663692,0.011434710375119632
2021-03-15,2021,2000,0,0,37,15,-0.1971719206410203,-0.0004929298016025507,-0.05378740353770313,0.17579945644407996,0.00037505558218817127,0.061768534625106945
2021-03-16,2021,2000,0,0,34,19,-0.24398306997125174,-0.0006099576749281294,-0.016369070253656758,0.16955826055849335,0.00031793313890693674,0.053140877399287016
2021-03-17,2021,2000,0,0,35,13,0.8980441863753456,0.002245110465938364,0.1154928616421234,0.14756231442384524,0.00037610168814330676,0.11550620940996068
2021-03-18,2021,2000,0,0,35,8,-0.6032882430597115,-0.0015082206076492788,-0.04898975122552081,0.17500245858296834,0.00047214229961044994,0.043161917517251264
2021-03-19,2021,2000,0,0,33,3,1.4357678954377828,0.0035894197385944572,0.004245483840579957,0.1661231998565566,0.0006811534990837611,0.010549627202906104
2021-03-22,2021,2000,0,0,30,11,0.9837640909816985,0.0024594102274542464,0.06727030291619336,0.1556102119343814,0.0011333596808295713,0.017232360387206255
2021-03-23,2021,2000,0,0,30,13,-0.5778523838471021,-0.0014446309596177554,-0.1369849400203755,0.18968540604719566,0.00047723930808763365,0.04383489015946829
2021-03-24,2021,2000,0,0,29,1,1.1260155233393645,0.0028150388083484114,0.15454466399558672,0.14104933820086632,0.0005021737433525381,0.061483823751752424
2021-03-25,2021,2000,0,0,30,6,-0.9527827938525368,-0.002381956984631342,-0.11970220770124726,0.18680200142592557,0.0004489042315980965,0.03652208866363259
2021-03-26,2021,2000,0,0,29,4,-1.3945943017622606,-0.0034864857544056518,-0.0536693521377581,0.17578561642001592,0.0007498871172547988,0.022677699658428904
2021-03-29,2021,2000,0,0,29,4,0.5614612619361645,0.0014036531548404113,0.033982641470845544,0.16116332809976774,0.0006245737117451386,0.024629872304644067
2021-03-30,2021,2000,0,0,29,3,1.9359790602710052,0.0048399476506775126,0.16701635022565214,0.1389678107563036,0.00042732915402464043,0.06450482993292779
2021-03-31,2021,2000,0,0,29,1,0.4580610556959719,0.0011451526392399296,0.046755176208600216,0.15902889357385044,0.000344175055496354,0.03567371576629903
2021-04-01,2021,2000,0,0,29,0,0.22034220451476205,0.0005508555112869051,0.05965873278568148,0.156878224067011,0.0003198788609634755,0.027150348576736334
2021-04-02,2021,2000,0,0,29,0,-0.6010174966620614,-0.0015025437416551534,-0.03328022364307232,0.17238497306432105,0.0005168712196320804,0.05600138450891254
2021-04-05,2021,2000,0,0,30,1,-0.5288141768674794,-0.0013220354421686986,-0.009378486010085632,0.1683968914797569,0.00033608368028750454,0.033180006866455225
2021-04-06,2021,2000,0,0,29,1,-0.8755330119076423,-0.0021888325297691057,-0.06399703785012721,0.17750969437945585,0.0005755972020823551,0.02571559414599406
2021-04-07,2021,2000,0,0,29,6,0.07746632048711644,0.0001936658012177911,0.000964926580821658,0.16666201253453142,0.00024682428111298064,0.012241410234524814
2021-04-08,2021,2000,0,0,28,6,-3.0929156506184334,-0.007732289126546083,-0.2636286279677051,0.21081055729215278,0.0004887200731138536,0.034348268397825794
2021-04-09,2021,2000,0,0,27,5,-0.1379015044687591,-0.00034475376117189775,-0.008588041951213814,0.16825877220751445,0.0002994293654585914,0.03551723923548416
2021-04-12,2021,2000,0,0,29,3,0.31697488042352534,0.0007924372010588134,0.06553861897479399,0.15589574295652078,0.00030232202198244895,0.023694092764608373
2021-04-13,2021,2000,0,0,29,3,0.30521665968845957,0.000763041649221149,0.024643893909574294,0.16271834691733061,0.00034219665118114537,0.008605426783142887
2021-04-14,2021,2000,0,0,29,7,0.8933304493309151,0.002233326123327288,0.023672693323973745,0.16286932804821622,0.0002599926950883399,0.012639521487950282
2021-04-15,2021,2000,0,0,30,1,-1.1075874991319024,-0.0027689687478297557,-0.08602162824856664,0.18117932058825809,0.00034695620157541016,0.017972953281423856
2021-04-16,2021,2000,0,0,29,3,0.09593481141989324,0.0002398370285497331,0.01931327671996894,0.16361075009740988,0.0004163765687568799,0.10786062369400586
2021-04-19,2021,2000,0,0,29,3,-1.971589749289028,-0.00492897437322257,-0.12174826077198644,0.18714474020401894,0.0007392230107252373,0.008585900332442607
2021-04-20,2021,2000,0,0,28,3,0.6876561247299304,0.001719140311824826,0.016297385684827533,0.164112133355322,0.00043855377148626116,0.005975178185432494
2021-04-21,2021,2000,0,0,29,3,0.30440870606124637,0.000761021765153116,-0.011676495438368418,0.1687740019959955,0.00028651533228893377,0.041860667819531364
2021-04-22,2021,2000,0,0,29,7,-0.43906397511584305,-0.0010976599377896076,-0.0556950191880316,0.17612092132859827,0.00032380023881893225,0.007829066598137533
2021-04-23,2021,2000,0,0,29,7,-0.3268284291972843,-0.0008170710729932107,-0.0462969559821727,0.17455127519988112,0.00030857692162089193,0.006785985604734881
2021-04-26,2021,2000,0,0,29,5,-0.17384364489736304,-0.0004346091122434076,-0.033742659573662216,0.17245942543557918,0.000372507442961216,0.015445301753444855
2021-04-27,2021,2000,0,0,29,6,-0.28352216024205434,-0.0007088054006051358,-0.024822169668546293,0.17096890184712166,0.0004967406694740972,0.027337158169412252
2021-04-28,2021,1999,0,0,30,2,-0.7767790770572869,-0.0019419476926432172,-0.03238542562611259,0.17223519880022053,0.0006391034433662378,0.02190455575516703
2021-04-30,2021,1999,0,0,30,2,-0.3131921422236621,-0.0007829803555591552,-0.0578920303969931,0.17648988519646572,0.0005256882249742589,0.026921195487046665
2021-05-06,2021,1999,0,0,30,4,1.119899636407855,0.002799749091019638,0.06953149648168229,0.15522713226651536,0.0005247832690286589,0.07129518187972786
2021-05-07,2021,1999,0,0,31,4,-1.7671508219945062,-0.004417877054986265,-0.05561453306419945,0.17611146596754262,0.0009446715978870052,0.06562087302638556
2021-05-10,2021,1999,0,0,31,3,1.579967043926163,0.003949917609815407,0.0733784502579613,0.1545906307854975,0.0009604664594695106,0.011034920667590712
2021-05-11,2021,1999,0,0,32,1,0.020257463665994013,5.0643659164985036e-05,-0.01336732331979714,0.1690628287808259,0.0009748313490132519,0.010747881687541521
2021-05-12,2021,1999,0,0,31,4,0.9701553629197486,0.0024253884072993714,0.0634720868209018,0.15624327340007504,0.0011071868998579018,0.2541204287581991
2021-05-13,2021,1999,0,0,33,0,0.08823146673596893,0.00022057866683992234,-0.04561612973703639,0.17444207683264898,0.0011533328432371248,0.31644397309232813
2021-05-14,2021,1999,0,0,33,1,-0.8922145401595953,-0.0022305363503989884,-0.011625463996195911,0.16877217209528012,0.0006377926003047979,0.016730096365428562
2021-05-17,2021,1999,0,0,33,3,0.4899043980414746,0.0012247609951036866,0.0012082188966218534,0.1666295569039609,0.0003761178592826183,0.01047762210009348
2021-05-18,2021,1999,0,0,33,6,-0.7090308978963877,-0.0017725772447409693,0.00831698478383093,0.16543912589420326,0.0003952586031529604,0.02336059177201387
2021-05-19,2021,1999,0,0,33,1,-0.5105758337568345,-0.0012764395843920862,-0.027282155643279495,0.17137558235290534,0.00029117515766571833,0.017170020015034922
2021-05-20,2021,1999,0,0,33,3,-0.9685792346769844,-0.002421448086692461,-0.10643243205885725,0.18458619471920165,0.00034014896057818017,0.017607878058054645
2021-05-21,2021,1999,0,0,33,1,-1.8903521328651511,-0.004725880332162878,-0.07453682811454002,0.17926551089835685,0.0003259536254099905,0.010358072458262594
2021-05-24,2021,1999,0,0,33,2,-0.3851160970928483,-0.0009627902427321207,-0.00836143175977795,0.1682217665569702,0.000325862295676278,0.04038732985088371
2021-05-25,2021,1999,0,0,32,2,-0.7565051478201044,-0.001891262869550261,-0.054725528623029054,0.1759621679585415,0.0004267972515089649,0.009253048452456638
2021-05-26,2021,1999,0,0,32,1,2.0359224010606143,0.005089806002651536,0.128601016659874,0.1453775312081467,0.0005769777009349484,0.006725415676285809
2021-05-27,2021,1999,0,0,32,2,-2.676291989525793,-0.0066907299738144825,-0.22969606443897816,0.20515223488531964,0.00044854863215794546,0.008624733965807716
2021-05-28,2021,1999,0,0,33,1,0.43339021426756885,0.0010834755356689222,0.02463275920747411,0.1627172181297467,0.0002620951621338223,0.018659897911598652
2021-05-31,2021,1999,0,0,32,3,-1.3868314278740508,-0.003467078569685127,-0.0960328883766148,0.1828495677491622,0.0003950214892392305,0.020561574075320926
2021-06-01,2021,1999,0,0,33,2,0.4459897864724688,0.001114974466181172,0.029572485648074597,0.1618913989831055,0.00033395869832212563,0.01151106914550676
2021-06-02,2021,1999,0,0,32,6,-1.0311123656771564,-0.002577780914192891,-0.08062954670802865,0.18027697873301357,0.0003097236805118985,0.013070031960684618
2021-06-03,2021,1999,0,0,32,2,0.980035793703449,0.0024500894842586223,0.03281295243683551,0.16135299436058922,0.00029712635788665823,0.013457144623495395
2021-06-04,2021,1999,0,0,30,1,0.2302869921958397,0.0005757174804895993,0.08964292489459882,0.15187300158389308,0.000330609449407119,0.0071549749261835514
2021-06-07,2021,1999,0,0,31,4,0.8768035657176539,0.002192008914294135,0.08654427800271032,0.15238851095155126,0.00029047497843650595,0.009277677125972598
2021-06-08,2021,1999,0,0,31,6,0.6384766309143461,0.0015961915772858654,0.05771590717741041,0.15719315702233838,0.00026174234978056283,0.021610247835122658
2021-06-09,2021,1999,0,0,30,3,0.30918027008434323,0.000772950675210858,0.056551021780344934,0.1573881247392928,0.0003040737832345938,0.01098845960379302
2021-06-10,2021,1999,0,0,30,2,-0.32594894384549833,-0.0008148723596137458,-0.017017809629307303,0.16966381491950083,0.000348244239827371,0.007650583464426636
2021-06-11,2021,1999,0,0,30,0,-0.10614694036085842,-0.00026536735090214607,0.015891813749095,0.16417193175511022,0.0003263055591969493,0.023065837742671152
2021-06-14,2021,1999,0,0,30,1,-0.8447963147492291,-0.002111990786873073,-0.01924057098263156,0.17003693121419153,0.00031240434504072013,0.006886254556989398
2021-06-15,2021,1999,0,0,30,2,-1.5739837767425118,-0.003934959441856279,-0.14187214724664868,0.19049466896582395,0.00028874851236798703,0.00820760809933771
2021-06-16,2021,1999,0,0,31,2,0.9618972509023862,0.0024047431272559653,0.06729078163421387,0.15560421077130882,0.000437344725449144,0.04136436661803699
2021-06-17,2021,1999,0,0,33,2,-0.37891788049875963,-0.0009472947012468991,-0.050648181971449956,0.1752830908736439,0.0006506034287582831,0.020944483235688878
2021-06-18,2021,1999,0,0,32,1,1.1971234871208836,0.0029928087178022087,0.1499274015773385,0.14182040563167814,0.0008621310808829856,0.009116851939832325
2021-06-21,2021,1999,0,0,32,4,-1.0035588300281089,-0.002508897075070272,-0.07322363628641965,0.179041204205125,0.0003084244726834989,0.04437921964796887
2021-06-22,2021,1999,0,0,33,8,0.17268419157110887,0.0004317104789277722,0.050903813668006614,0.1583351606855601,0.00032996405499267163,0.30551432838287845
2021-06-23,2021,1999,0,0,34,13,-0.1497046837208913,-0.00037426170930222825,-0.04866486170126602,0.17494798471579406,0.00029168437078510803,0.06636460616755264
2021-06-24,2021,1999,0,0,34,7,0.9788872554930914,0.0024472181387327286,-0.005088392812570067,0.16767703450352833,0.0002617173184472698,0.021565215606879278
2021-06-25,2021,1999,0,0,35,10,0.39895603107732525,0.000997390077693313,-0.021049226556211144,0.17034266944845358,0.0003844184202416729,0.04199404123959055
2021-06-28,2021,1999,0,0,34,3,-0.01553371912497109,-3.883429781242773e-05,-0.013908654031531721,0.16914850342112017,0.00034706953178565087,0.021777463612997615
2021-06-29,2021,1999,0,0,34,8,1.4452105940347177,0.003613026485086794,0.1751554374804949,0.1376030886467411,0.00035642881701775423,0.03078164856297797
2021-06-30,2021,1999,0,0,34,14,-0.061836967060514336,-0.00015459241765128584,0.06730476036676032,0.15560259586226524,0.0003546306569888045,0.19784688828817984
2021-07-01,2021,1999,0,0,34,6,-1.0830290691717122,-0.0027075726729292805,-0.08717202361964042,0.18137172403231858,0.00024026830151677926,0.023976828692314427
2021-07-02,2021,1999,0,0,34,6,-0.429955186019321,-0.0010748879650483024,-0.0985302013581542,0.18325278492336494,0.00023683016773203024,0.0065194928637199705
2021-07-05,2021,1999,0,0,34,3,1.042161784943615,0.0026054044623590377,0.1315087486617585,0.14489215392294558,0.0002562245594522541,0.012639649051432654
2021-07-06,2021,1999,0,0,35,0,0.3980565915317875,0.0009951414788294689,-0.02234938607023199,0.17055981318611882,0.0003526508440497954,0.043817831070467966
2021-07-07,2021,1999,0,0,35,3,-0.6330309344782232,-0.001582577336195558,-0.037787818030791905,0.1731281795916841,0.0002638932174882202,0.01655706609082384
2021-07-08,2021,1999,0,0,35,14,0.39220818942257685,0.000980520473556442,0.059177258024201394,0.15696048085966768,0.0006724987490482398,0.011729777601997657
2021-07-09,2021,1999,0,0,35,22,0.7732548269705977,0.0019331370674264942,0.10185391565624008,0.1498379002121489,0.00035977287669379976,0.03898033203114127
2021-07-12,2021,1999,0,0,35,8,0.22346850377851368,0.0005586712594462842,-0.02579770413836395,0.17112670547082948,0.00030839142956424337,0.042903885571099455
2021-07-13,2021,1999,0,0,34,12,0.39703773026529277,0.000992594325663232,0.01340855641437866,0.16459438266268858,0.00037092229659458,0.018215292048608202
2021-07-14,2021,1999,0,0,34,9,0.8616007942934988,0.002154001985733747,0.0276906608296312,0.16220061772417532,0.0002665275479517457,0.015271327396785671
2021-07-15,2021,1999,0,0,35,6,-1.0629122968156026,-0.0026572807420390063,-0.04530064645271124,0.1743899486789951,0.00040357695979045577,0.02467497153179365
2021-07-16,2021,1999,0,0,33,6,0.14305783314605147,0.0003576445828651287,0.015260240966066178,0.16428434099093753,0.00028274437389022946,0.026811093316366327
2021-07-19,2021,1999,0,0,34,6,0.5739869471587249,0.0014349673678968123,0.05607414900113317,0.1574746121599128,0.00031254415557452824,0.033415457375174686
2021-07-20,2021,1999,0,0,36,6,0.38918422202535297,0.0009729605550633824,0.05541238958843377,0.15758692559392706,0.0004693135314490642,0.0332439342807699
2021-07-21,2021,1999,0,0,35,10,-0.38458156260396126,-0.0009614539065099032,0.051172911777368726,0.15829341797474764,0.00034690820990638475,0.020543889247732643
2021-07-26,2021,1999,0,0,36,4,-1.0546099016413757,-0.0026365247541034393,-0.12212978380914005,0.18720389022388118,0.0004060377782686735,0.2703605712416972
2021-07-27,2021,1999,0,0,36,7,1.4654924319501965,0.003663731079875491,0.12413182118461616,0.14612013529602955,0.00037712212142800884,0.02661545684445478
2021-07-28,2021,1999,0,0,36,4,-2.3630516785284437,-0.005907629196321109,-0.16241855760964208,0.19392944992537833,0.0006784003600854712,0.021944568865134583
2021-07-29,2021,1999,0,0,37,6,0.05822126232311042,0.00014555315580777606,-0.0019357724361358222,0.16715582527260892,0.0009047569321435875,0.01869147877814141
2021-07-30,2021,1999,0,0,37,9,0.0920484216769204,0.000230121054192301,-0.023360113361275543,0.17072658760119108,0.00032682716238861185,0.03194476753082816
2021-08-02,2021,1999,0,0,37,2,1.2226428464624697,0.0030566071161561743,0.10217971600958986,0.14978426197380268,0.00040028918251392006,0.008340856943557023
2021-08-03,2021,1999,0,0,39,0,0.23889917769398605,0.0005972479442349651,0.03309540041413761,0.1613058739036643,0.0004402125579417216,0.01822872504077504
2021-08-04,2021,1999,0,0,39,2,0.18124624508640685,0.0004531156127160171,-0.03483423854926375,0.17263968671122448,0.0005721114744840515,0.02325983616876622
2021-08-05,2021,1999,0,0,39,5,-1.3552762240820058,-0.0033881905602050144,-0.08953217005517498,0.1817676152187001,0.000853753910583103,0.01651098531743375
2021-08-06,2021,1999,0,0,39,4,1.5130170105647562,0.0037825425264118905,-0.001158196349448418,0.16702410705293028,0.0006690867329754665,0.042249175020824224
2021-08-10,2021,1999,0,0,39,3,-0.7767544920302822,-0.0019418862300757055,0.0015136455666178855,0.16657230990091867,0.0005555945902871309,0.015970347698195875
2021-08-11,2021,1999,0,0,40,6,-0.5882160080557948,-0.0014705400201394869,-0.0050426845246120235,0.1676666130331902,0.0006532294014904333,0.10866050866995951
2021-08-12,2021,1999,0,0,40,9,0.24830286564463133,0.0006207571641115784,-0.03026462559425067,0.17188159969698388,0.0008627966091464939,0.03312738107908452
2021-08-13,2021,1999,0,0,40,8,0.8742877052484399,0.0021857192631210996,-0.04646907624194784,0.1745811063158676,0.0005465672678922758,0.019906765431789857
2021-08-16,2021,1999,0,0,39,8,0.8314593245087722,0.0020786483112719308,0.09623792605008484,0.1507753117416182,0.0004275307039263419,0.030273284248848523
2021-08-17,2021,1999,0,0,40,10,-0.7722553908791467,-0.0019306384771978669,-0.07911782872951102,0.18003068442721454,0.0005381531879761536,0.021014946621964223
2021-08-18,2021,1999,0,0,40,2,-1.0913157485227851,-0.0027282893713069627,-0.17749933712988072,0.1964424657526714,0.0005207037829642467,0.009955970332672147
2021-08-19,2021,1999,0,0,41,3,-0.793822057107056,-0.00198455514276764,-0.06343315378591413,0.17741431861911772,0.0006725497750695957,0.025055882516974843
2021-08-20,2021,1999,0,0,41,3,-0.7584494559652057,-0.0018961236399130143,-0.07442214986161055,0.179245755486829,0.0005169058191249693,0.024661181478183424
2021-08-23,2021,1999,0,0,41,2,0.49802505923577817,0.0012450626480894455,0.08394511997958133,0.15281878226951864,0.0002966512833052922,0.032799972181176966
2021-08-24,2021,1999,0,0,41,4,-0.9762819677704377,-0.0024407049194260944,-0.03283034149667922,0.17230359365059097,0.0003224130548495937,0.02021096678803442
2021-08-25,2021,1999,0,0,41,9,-0.16127559477241293,-0.00040318898693103236,-0.011593364391389069,0.1687557744464451,0.0002492387713804233,0.04074596533906039
2021-08-26,2021,1999,0,0,40,2,0.39167710936570943,0.0009791927734142736,-4.9218666939952154e-05,0.1668404772831736,0.0004323734767676569,0.04009321257287436
2021-08-27,2021,1999,0,0,40,6,-0.041901278282270416,-0.00010475319570567603,0.026811315819138426,0.16235444623787945,0.0003386545159774369,0.007685130130338352
2021-08-30,2021,1999,0,0,40,6,-0.386757457636671,-0.0009668936440916776,-0.027743859834906893,0.17145453482622316,0.0003189452911673276,0.0246223977619572
2021-08-31,2021,1999,0,0,41,9,-0.7985733294745685,-0.001996433323686421,-0.0011365947768354147,0.16701735280581761,0.0003645091534442416,0.03845239225476127
2021-09-01,2021,1999,0,0,42,8,-0.019260310398061753,-4.815077599515438e-05,-0.0006217849067031235,0.16693473674335227,0.0005131340227093241,0.023874789306399725
2021-09-02,2021,1999,0,0,42,5,0.0625621218231096,0.00015640530455777402,0.02602227472199787,0.16248541026107488,0.00041691140198055654,0.009902108077327536
2021-09-03,2021,1999,0,0,43,9,-0.5076025483298947,-0.0012690063708247368,0.008216334966120923,0.16545659760103568,0.000364613218200541,0.0951058415202082
2021-09-06,2021,1999,0,0,43,19,-0.016591511516975688,-4.147877879243922e-05,0.0069134574446323895,0.1656720226078103,0.0002687728849031056,0.052606255510108946
2021-09-07,2021,1999,0,0,45,17,0.5466538462877322,0.0013666346157193304,0.012353024311106348,0.1647645641511318,0.0003738003970229029,0.013312875500343397
2021-09-08,2021,1999,0,0,45,19,0.6491244227026844,0.0016228110567567111,0.10752572335671441,0.14889343374694658,0.0004921960368583729,0.012642078041979792
2021-09-09,2021,1999,0,0,44,7,-0.4153088596648553,-0.0010382721491621382,-0.0417472475221609,0.17379276409911598,0.0004084143607151494,0.038100630908595765
2021-09-10,2021,1999,0,0,45,23,0.6839220327487787,0.0017098050818719467,0.07006630833846807,0.15514075549730266,0.0003175544612923842,0.06813406382550533
2021-09-13,2021,1999,0,0,46,30,-0.24687602968136213,-0.0006171900742034053,-0.038535068318470804,0.17326099624274488,0.0007942604631903854,0.013919880025221473
2021-09-14,2021,1999,0,0,45,26,1.338462706507393,0.0033461567662684826,0.18673402416032528,0.13567339357999955,0.0006065129923457128,0.020839890863784252
2021-09-15,2021,1999,0,0,45,12,-0.3266663753524379,-0.0008166659383810948,-0.013421077607272937,0.16906512050555544,0.0004182424762856021,0.031064214270560424
2021-09-16,2021,1999,0,0,46,8,0.48077849674486517,0.0012019462418621629,0.07585441130233851,0.15417817327893987,0.0006653046625564451,0.022848514079582247
2021-09-17,2021,1999,0,0,47,5,-0.41780301731429237,-0.001044507543285731,-0.06756954762710168,0.1781051959309882,0.0005649695464962568,0.029434051623326914
2021-09-21,2021,1999,0,0,45,3,-0.10267382811483738,-0.00025668457028709345,-0.02978043148394111,0.1718016529274135,0.0010846308079411882,0.08192450643252103
2021-09-22,2021,1999,0,0,45,2,0.793754917133233,0.0019843872928330827,0.10128257986076038,0.14993359074715318,0.0003740796626576082,0.03541913124197697
2021-09-24,2021,1999,0,0,46,3,0.972858222816664,0.00243214555704166,0.057425059165466794,0.15724784243903664,0.0005852327078295064,0.11266446922640574
2021-09-27,2021,1999,0,0,46,7,1.1961153194505034,0.0029902882986262585,0.13779277037405116,0.14384422419395862,0.0006382823196586032,0.012582510733856979
2021-09-28,2021,1999,0,0,46,6,1.4614878535199751,0.0036537196337999376,0.0561331817988461,0.15746427396008444,0.00043161493191269846,0.07029598503593118
2021-09-29,2021,1999,0,0,46,3,0.07986712248132832,0.00019966780620332082,0.07026586096522602,0.155110703239247,0.0006660537044549324,0.014800888765413177
2021-09-30,2021,1998,0,0,46,1,-2.280890804130344,-0.00570222701032586,-0.16265291009789895,0.193967174870741,0.0005561777507512531,0.013311905647121978
2021-10-01,2021,1998,0,0,46,8,-0.3309169307806967,-0.0008272923269517418,-0.0036040032640680514,0.1674341226506856,0.000387401430440402,0.06300881561862158
2021-10-04,2021,1998,0,0,46,9,-0.5335019662466691,-0.001333754915616673,0.04736248222201535,0.15892865460055502,0.0004370705191406711,0.04506477489555421
2021-10-05,2021,1998,0,0,45,28,-2.6159473557359547,-0.006539868389339887,-0.12522756800371082,0.18772204161059852,0.0004462600813524231,0.025197148387775644
2021-10-06,2021,1998,0,0,45,1,-1.5017739198930662,-0.0037544347997326656,-0.051341706105731015,0.1753953280061922,0.0005025532760166579,0.042301383530593206
2021-10-07,2021,1998,0,0,47,2,-1.1349688199932437,-0.0028374220499831093,-0.06714101611004726,0.17803347424682284,0.00046869701600426217,0.029174156509347352
2021-10-08,2021,1998,0,0,47,1,-0.373228625434856,-0.00093307156358714,-0.039610104491612924,0.17344006301948725,0.0005043222382374474,0.03720489141927934
2021-10-11,2021,1998,0,0,46,1,-0.7500818804229551,-0.0018752047010573878,-0.06505846488802976,0.17768262569377613,0.00045049647844326877,0.024735501102100658
2021-10-12,2021,1998,0,0,48,10,-0.5604321185478975,-0.001401080296369744,-0.046477413790143494,0.17458257632709345,0.00038428633500573204,0.012810525986642224
2021-10-13,2021,1998,0,0,47,10,0.6445373192999835,0.0016113432982499587,0.0021159343795481996,0.1664802872520809,0.0009713434752635136,0.010321564528662569
2021-10-14,2021,1998,0,0,49,4,-0.1319191320181181,-0.0003297978300452953,0.03694650781364984,0.16066469690947469,0.0004320912208480425,0.039995801149465174
2021-10-15,2021,1998,0,0,48,2,0.508924754847881,0.0012723118871197025,-0.0017903028460119958,0.16712462503438652,0.0003871623333085349,0.02929084851438681
2021-10-18,2021,1998,0,0,48,6,1.0318051860243729,0.002579512965060932,0.1338401562936963,0.14449406034768558,0.0003061257078087137,0.013728257967392257
2021-10-19,2021,1998,0,0,48,8,-0.19751682354294609,-0.0004937920588573652,0.037114545410239876,0.1606384584684032,0.0004017971749858198,0.021554526822157263
2021-10-20,2021,1998,0,0,48,8,-0.8432251996050046,-0.0021080629990125116,-0.08385002332034094,0.18081190896767543,0.00026768495810097873,0.013490557551399074
2021-10-21,2021,1998,0,0,49,10,-0.6981067655716116,-0.001745266913929029,-0.05972413430424361,0.17679001625270302,0.0002828236026494252,0.029445218342015498
2021-10-22,2021,1998,0,0,48,10,-0.10554826963602792,-0.0002638706740900698,-0.020501329933893708,0.1702475632739456,0.00035346718787228603,0.014781710992386324
2021-10-25,2021,1998,0,0,48,15,0.5379194119755945,0.001344798529938986,0.03570352523539949,0.16087105381669412,0.0002826310614138371,0.014629941927929409
2021-10-26,2021,1998,0,0,48,4,0.39027194412188965,0.0009756798603047241,0.053231143353871406,0.15794697001384347,0.0004458906897188374,0.019243822917131198
2021-10-27,2021,1998,0,0,48,8,0.2496097497156933,0.0006240243742892332,-0.009723908362980269,0.16844464895290506,0.00043834198116056097,0.01620654572233353
2021-10-28,2021,1998,0,0,47,11,0.062345759792547195,0.00015586439948136799,0.04641159932523347,0.1590901005370732,0.0009166061110529738,0.017195828278469837
2021-10-29,2021,1998,0,0,47,5,-0.4733533336437923,-0.0011833833341094806,-0.05502524563557936,0.17601199456130076,0.000459640210007365,0.013895838828155652
2021-11-01,2021,1998,0,0,46,12,0.7634580491632188,0.001908645122908047,0.003996881617910843,0.16616390444364504,0.0007782201843462551,0.06787155815087785
2021-11-02,2021,1997,0,0,46,9,-0.7607389645966951,-0.0019018474114917377,0.012039156787790363,0.16482241385349014,0.0007314455093629883,0.045564300412314546
2021-11-04,2021,1997,0,0,46,4,0.8780740352378319,0.00219518508809458,0.028443231598146327,0.16208120133029053,0.0007008151431384346,0.04126505550671861
2021-11-05,2021,1997,0,0,46,5,-0.41130924704517846,-0.0010282731176129462,-0.017353180874663737,0.16972656819022375,0.0005599719563866123,0.015382149469574311
2021-11-08,2021,1996,0,0,46,5,-0.1305015600102058,-0.0003262539000255145,-0.0472237621603833,0.17470705268804831,0.0006472589908643606,0.011296436571100042
2021-11-09,2021,1996,0,0,46,8,1.1958488714616315,0.002989622178654079,0.053476754785869225,0.1579045376007761,0.0006153814928615835,0.010814267970329177
2021-11-10,2021,1996,0,0,46,10,1.0692091186036699,0.0026730227965091747,-0.010214982768184944,0.1685360864378615,0.000998524498013359,0.008072550122001356
2021-11-11,2021,1996,0,0,46,2,2.0101612398756767,0.005025403099689192,0.09856255076097498,0.15038619717182622,0.0009911149126054482,0.008451794992132817
2021-11-12,2021,1996,0,0,46,2,1.0777064093106652,0.002694266023276663,0.04370211466834316,0.15953681497579741,0.0005717065037194649,0.03126671083651179
2021-11-15,2021,1996,0,0,46,6,1.2808413330773758,0.0032021033326934396,-0.002055373273388313,0.16717414716494,0.0005713598647387703,0.027679182468154397
2021-11-16,2021,1996,0,0,45,8,-0.4483186543647203,-0.0011207966359118007,-0.053424691274852824,0.1757397595550395,0.00037586677707351457,0.023733168869665363
2021-11-17,2021,1997,0,0,45,5,2.3644892129911295,0.0059112230324778236,0.0743702277488479,0.1544216047868092,0.00036905268888929406,0.03825949938071914
2021-11-18,2021,1997,0,0,45,9,1.3129985577744798,0.0032824963944361996,0.04643722544809,0.15908065921105263,0.0003512340306981446,0.007154726636104825
2021-11-19,2021,1997,0,0,45,7,-1.3173576381609562,-0.0032933940954023907,-0.1011885362513074,0.1837094107045243,0.0005668402173026081,0.04966695752456156
2021-11-22,2021,1997,0,0,45,7,-0.8367643165012528,-0.0020919107912531322,-0.0867702995140852,0.18130359425779685,0.00030290322209614414,0.016185100878982003
2021-11-24,2021,1997,0,0,47,8,-0.32271165398969837,-0.000806779134974246,-0.044177014048992956,0.17420347952280105,0.0005248369277004357,0.0104970407190275
2021-11-25,2021,1997,0,0,48,8,0.564464849255395,0.0014111621231384873,0.013363309748127283,0.16460404814946483,0.0009140899290636534,0.02273727330089609
2021-11-26,2021,1997,0,0,47,4,-0.22560853155039884,-0.0005640213288759971,0.020457870421194374,0.16341751513861608,0.0004686079152945699,0.044769005557456436
2021-11-29,2021,1997,0,0,46,11,-2.511475755049415,-0.006278689387623537,-0.1274510564227062,0.1880952193829839,0.0007734719326042228,0.03584984806283987
2021-11-30,2021,1996,0,0,46,0,2.091024520609323,0.005227561301523308,0.13946204324494493,0.14356405583196719,0.0005287948485984281,0.03729019819833592
2021-12-01,2021,1996,0,0,46,5,0.08391473377355574,0.00020978683443388934,-0.018314425232600726,0.16988901943811363,0.00131575708450175,0.030078388841496072
