Date,ValidationYear,StocksRanked,SelectedMissingTargets,AllMissingTargets,FallbackStocks,SelectedFallbackStocks,OfficialDailySpread,IllustrativeGrossOneReturn,RankIC,NormalizedHardRankMSE,AllStockForecastMSE,MaxAbsoluteScore
2017-12-29,2018,1896,0,0,42,3,-0.10945294907760139,-0.0002736323726940035,-0.04005220045873389,0.17351916281145943,0.0003131460377284182,0.011874176709955615
2018-01-04,2018,1896,0,0,41,7,0.21725764170517126,0.0005431441042629281,-0.04407075165525561,0.17419067195387516,0.00040524557610198024,0.012416184175593311
2018-01-05,2018,1896,0,0,41,10,-0.7183534468363558,-0.0017958836170908895,-0.048767344169454246,0.17497317364137746,0.0003701610373774721,0.007084124245040496
2018-01-09,2018,1896,0,0,39,16,0.3804981313416671,0.0009512453283541677,0.05031691923004715,0.15844245786869557,0.0003796616649879657,0.023522436401428017
2018-01-10,2018,1896,0,0,39,2,-1.7696485520755683,-0.004424121380188921,-0.11601754278364444,0.1861949315330411,0.0005706352073063319,0.005663066301369372
2018-01-11,2018,1896,0,0,39,7,-0.33125855004768673,-0.0008281463751192168,-0.024463951649361552,0.1709175284538631,0.00046011663505261254,0.009286063583985201
2018-01-12,2018,1896,0,0,39,4,-0.5664527833353274,-0.0014161319583383186,0.00985558173318571,0.16518879712922366,0.0003848755129649086,0.03576100090868277
2018-01-15,2018,1896,0,0,39,4,-1.1523534461616247,-0.002880883615404062,-0.018436661495251444,0.1699163944294198,0.00038167775117918,0.013917937300459546
2018-01-16,2018,1896,0,0,39,2,-0.009549479502548586,-2.3873698756371463e-05,0.025672890589514854,0.16255724538822572,0.0003902891780722114,0.013608383189641297
2018-01-17,2018,1896,0,0,39,2,-0.6454397229369195,-0.0016135993073422988,-0.06087437889822136,0.1769925987834709,0.0003033620909341251,0.009521637493466219
2018-01-18,2018,1896,0,0,40,0,-1.6773842214783306,-0.004193460553695827,-0.10006425895210343,0.1835301160444036,0.0004466343310562999,0.00963790512971748
2018-01-19,2018,1896,0,0,40,9,-0.3075343535176698,-0.0007688358837941744,-0.007018337381260334,0.16800947227877094,0.0003790909541434639,0.02974219597812173
2018-01-22,2018,1896,0,0,39,2,1.3337524015430025,0.0033343810038575063,0.045878926416644726,0.15918004779085176,0.00032525866633351634,0.03752302401400662
2018-01-23,2018,1896,0,0,39,10,0.37281748618910404,0.00093204371547276,-0.00921578410315766,0.16837572533810777,0.00033980268954201165,0.013471301688534372
2018-01-24,2018,1896,0,0,39,13,-0.11670052614151505,-0.0002917513153537876,-0.008657624875613994,0.16827970690643224,0.00031898944230391744,0.013374363909150035
2018-01-25,2018,1896,0,0,38,6,0.7820963683895791,0.0019552409209739477,0.10710388136210233,0.1489661268598105,0.00037551738100866225,0.011442529556923115
2018-01-26,2018,1896,0,0,38,6,1.1477702065423852,0.002869425516355963,0.02574534153613249,0.16254637770905472,0.0005159688763306765,0.034513456551722554
2018-01-29,2018,1896,0,0,38,7,-0.5297270829194833,-0.0013243177072987083,-0.0056503151622143465,0.167783641895317,0.0006583920151507452,0.012415820598229349
2018-01-30,2018,1896,0,0,38,5,0.6652859680435208,0.001663214920108802,0.02739418993078119,0.1622715339728379,0.0010546829242372745,0.025394480849440945
2018-01-31,2018,1896,0,0,37,2,0.06393921645199191,0.00015984804112997977,0.043800681188500765,0.15953122546754733,0.00042844756263495906,0.008502262790267353
2018-02-01,2018,1896,0,0,36,2,0.8429735756666314,0.0021074339391665784,0.07574391911985542,0.15420519722208295,0.0011269370884886526,0.02924928923742458
2018-02-02,2018,1896,0,0,37,3,0.3460637299389706,0.0008651593248474265,-0.020147311135438647,0.17020399294807786,0.004429483307227693,0.031851812405639036
2018-02-05,2018,1896,0,0,36,0,-0.6366512735181582,-0.0015916281837953954,-0.0678240786019037,0.17815474992933186,0.0006067639346893218,0.022618598793533323
2018-02-06,2018,1896,0,0,36,8,-1.619448983538563,-0.004048622458846408,-0.14567492496109632,0.1911438363228392,0.0009676781116721363,0.06563971180416472
2018-02-07,2018,1896,0,0,35,2,-0.5221041961050021,-0.0013052604902625054,-0.02719682428112628,0.17137999866462678,0.0009891153674263424,0.019359836774199633
2018-02-08,2018,1896,0,0,34,0,0.19447738041594098,0.00048619345103985244,-0.059484121843392586,0.1767643844239317,0.0011483124515887595,0.016872432841189545
2018-02-09,2018,1896,0,0,34,2,-1.069066745809513,-0.0026726668645237826,-0.10145825729669714,0.18376872089133842,0.0009587764847270518,0.07993349402055545
2018-02-13,2018,1896,0,0,33,0,0.061809022137438774,0.00015452255534359694,0.03230336964569797,0.16144958325692244,0.0011815127773267143,0.031174995537115904
2018-02-14,2018,1896,0,0,33,7,0.5540143858353237,0.0013850359645883091,0.013331137411510912,0.16461635176562575,0.0009362741660474984,0.033912006840857156
2018-02-15,2018,1896,0,0,34,0,0.377529765101845,0.0009438244127546125,0.07549249889778954,0.15424717643908128,0.001371168835038666,0.035498270937223304
2018-02-16,2018,1896,0,0,34,0,-0.735324561500593,-0.0018383114037514826,-0.011066316288445266,0.16868046457358515,0.0003333190308513422,0.052422501838336806
2018-02-19,2018,1896,0,0,34,1,-0.15783866093944687,-0.00039459665234861717,0.02401931479989849,0.16283084606116452,0.0005127218616719746,0.03655199185721499
2018-02-20,2018,1896,0,0,34,1,0.008759657631810969,2.189914407952742e-05,-0.03666304841692906,0.17295587104066318,0.00034585078477318744,0.018676492185647535
2018-02-21,2018,1896,0,0,33,0,1.4576335971718315,0.0036440839929295786,0.161783471798926,0.1398491292623367,0.0003664083656727661,0.046947684894047395
2018-02-22,2018,1896,0,0,34,5,-0.04185660576499384,-0.00010464151441248459,-0.013255857029100657,0.16905030516333253,0.00041146940502488866,0.022256797632348852
2018-02-23,2018,1896,0,0,33,1,0.8610538149628755,0.0021526345374071887,0.11014068415602536,0.14845873247289593,0.0002955853045455984,0.10153942953307625
2018-02-26,2018,1896,0,0,32,5,-1.1985011296747703,-0.0029962528241869258,-0.1556397031225162,0.19280713158334814,0.0003839763425840028,0.02365742867869523
2018-02-27,2018,1896,0,0,30,2,-0.990184043194859,-0.0024754601079871475,-0.09684914589361512,0.18299934205109392,0.0005589747983603979,0.006901856675701248
2018-02-28,2018,1896,0,0,32,6,0.5216596541528244,0.0013041491353820611,-0.0024602735742964323,0.16725255829281607,0.0004832128080491967,0.019683638875647287
2018-03-01,2018,1896,0,0,35,10,2.7612490714086775,0.006903122678521694,0.17121582101834906,0.13827528454744345,0.0007452645845972106,0.030818597884911984
2018-03-02,2018,1896,0,0,36,14,0.04119427906912776,0.0001029856976728194,-0.020275483238805316,0.17022484111746358,0.0009250214116931794,0.023903592158930016
2018-03-05,2018,1896,0,0,35,8,-0.5785121579119585,-0.0014462803947798964,-0.05310488798004146,0.17569770475309152,0.00041064574741224674,0.3226525527041861
2018-03-06,2018,1896,0,0,34,4,-0.03138836578947363,-7.847091447368407e-05,-0.019131046910885657,0.1700282875289447,0.0004184933185738757,0.033064971859077204
2018-03-07,2018,1896,0,0,35,1,0.7447176062873513,0.0018617940157183782,0.08585479084296785,0.15251449295605307,0.00041611337851088986,0.05074438498308137
2018-03-08,2018,1896,0,0,35,3,1.143050984035515,0.0028576274600887876,0.17962566577715183,0.1368724418503855,0.0006124158641861296,0.01544520703358275
2018-03-09,2018,1896,0,0,36,3,-0.022021787496533607,-5.5054468741334015e-05,-0.005046558708920672,0.16768116756857235,0.000514131006335267,0.01716850945333086
2018-03-12,2018,1896,0,0,35,7,-0.36695377356322645,-0.0009173844339080661,0.002865009967004958,0.16635566144346564,0.0003851512342572119,0.023928608892112534
2018-03-13,2018,1896,0,0,34,3,-1.155996300244176,-0.00288999075061044,-0.08741166220154888,0.1814209353005796,0.00043441936370253984,0.3553705099734395
2018-03-14,2018,1896,0,0,34,8,-0.09194107700616083,-0.00022985269251540207,-0.013936092182771484,0.16916344073864176,0.00037054340190103814,0.04468213502241737
2018-03-15,2018,1896,0,0,32,3,0.5549970274394376,0.001387492568598594,0.03188978462530319,0.16152097865174128,0.0005328980486331555,0.02289112377636759
2018-03-16,2018,1897,0,0,31,8,0.25334403338521955,0.0006333600834630489,0.03643547461242475,0.16075745724989068,0.0002603916930014397,0.01624992613062453
2018-03-19,2018,1897,0,0,31,11,-0.41015830883255,-0.001025395772081375,-0.019456498513061894,0.1700815177193764,0.00036146540173643204,0.013220110934084709
2018-03-20,2018,1897,0,0,29,10,-1.0222235531767936,-0.002555558882941984,-0.15540861364791872,0.19277122217124268,0.0017027550009940885,0.034782135936411565
2018-03-22,2018,1898,0,0,28,3,0.041463566067988566,0.00010365891516997141,-0.040817563328804284,0.1736475373183658,0.0003138176944617564,0.0152168360622852
2018-03-23,2018,1900,0,0,30,2,-0.6087333185263848,-0.001521833296315962,-0.06323269813213583,0.17739195303341457,0.0022223110773429084,0.058805968815954075
2018-03-26,2018,1900,0,0,28,4,-0.014794982127108502,-3.6987455317771256e-05,0.0004510456780645871,0.16676621923707174,0.0005278197418251229,0.03180185705551972
2018-03-27,2018,1901,0,0,29,1,-0.8335295545845236,-0.002083823886461309,-0.0760686062016919,0.17952523442247192,0.0006372086956055108,0.10622044389555535
2018-03-28,2018,1901,0,0,31,1,-2.162507238812331,-0.0054062680970308275,-0.2196243395362351,0.20348235452692198,0.0006550891092519831,0.02632110267027666
2018-03-29,2018,1901,0,0,33,3,0.20410823512676285,0.0005102705878169071,-0.05461750075270727,0.17594981960216302,0.0003219920264802302,0.014399285278136323
2018-03-30,2018,1901,0,0,32,8,0.01776503724857942,4.441259312144854e-05,-0.047942943217053585,0.17483682177772014,0.00031890659036157325,0.007301698009031209
2018-04-02,2018,1902,0,0,33,6,-1.8621892133129079,-0.0046554730332822696,-0.16650128942995954,0.1946177112541184,0.0005209990979866549,0.025326051235717642
2018-04-03,2018,1902,0,0,34,1,-0.13159206164725812,-0.0003289801541181453,-0.02798048042976439,0.17150527855874834,0.00040742716778401197,0.03389932381795661
2018-04-04,2018,1902,0,0,34,8,0.41908041686671926,0.001047701042166798,-0.037565567719634964,0.1731050216712569,0.0003966970918377003,0.05240046374465094
2018-04-05,2018,1902,0,0,34,4,-0.3494672014070583,-0.0008736680035176457,-0.07599885692801442,0.1795109754775936,0.00035838827981322366,0.015683173769482257
2018-04-06,2018,1902,0,0,34,2,-2.2772638037748094,-0.0056931595094370235,-0.16559007701726078,0.19446602089839576,0.00037474917545818315,0.028184749879517808
2018-04-09,2018,1902,0,0,36,7,-4.508950350312671,-0.011272375875781677,-0.32059288490096394,0.2203248785867053,0.0005612761210301916,0.031007872660151474
2018-04-10,2018,1902,0,0,37,0,-0.7133062974980326,-0.0017832657437450816,-0.11119746217227108,0.18538212292521183,0.00032574673506717165,0.023346599540282422
2018-04-11,2018,1902,0,0,38,0,0.25645150196033595,0.0006411287549008399,0.043313590601210455,0.1596099786840334,0.0004292769415883492,0.017493109236318347
2018-04-12,2018,1902,0,0,40,0,-0.7399057175147261,-0.0018497642937868152,-0.10613820946562841,0.18454610456233186,0.000623486860577256,0.019771128677088957
2018-04-13,2018,1902,0,0,40,3,-0.4986206072248318,-0.0012465515180620796,-0.07426890045005698,0.17922926350757962,0.0003825657486262934,0.02762283507212946
2018-04-16,2018,1902,0,0,40,3,-0.9609921706046123,-0.0024024804265115308,-0.06539445184513877,0.177750624725547,0.0004568653989558723,0.005720767099215012
2018-04-17,2018,1902,0,0,40,10,-0.8318563250581679,-0.0020796408126454195,-0.018628820798136433,0.16994222386592286,0.0003819021589352433,0.068734578540025
2018-04-18,2018,1902,0,0,41,8,-0.36120997277547084,-0.0009030249319386772,-0.048836515163859825,0.17497306667489937,0.00025586569376838934,0.013621051350296787
2018-04-19,2018,1902,0,0,42,7,-0.04380954642002749,-0.00010952386605006872,0.025720719922500784,0.162544664971338,0.0003558393018622797,0.011413399733369025
2018-04-20,2018,1903,0,1,43,7,1.061960794235879,0.002654901985589698,0.06699751688182151,0.15566012744964222,0.0003326327812890494,0.006261487534777554
2018-04-23,2018,1903,0,0,43,3,-0.7244151143628997,-0.0018110377859072494,-0.09641756132712119,0.18291905213853996,0.00031950629453591324,0.019808664420026652
2018-04-24,2018,1903,0,0,45,4,-0.13310775447994982,-0.00033276938619987456,-0.019006596145108218,0.17000693221636826,0.000394251971173049,0.01961329254240478
2018-04-25,2018,1903,0,0,45,6,-1.2468656548315307,-0.0031171641370788265,-0.09616333938574802,0.182881243721646,0.0005443119564330115,0.008398565787067928
2018-04-26,2018,1903,0,0,44,3,-0.3434756663753358,-0.0008586891659383394,0.009015517760808441,0.1653328898192771,0.0007194272076691626,0.019997224603972324
2018-04-27,2018,1903,0,0,45,2,0.9770089467470535,0.002442522366867634,0.1432901693550223,0.1429303755084301,0.00030421097868075646,0.016831161888507095
2018-05-01,2018,1903,0,0,46,0,-0.151088240353059,-0.0003777206008826475,-0.04038809189124524,0.17357146630573272,0.00042065998787281175,0.010370737699242133
2018-05-02,2018,1903,0,0,48,0,1.8871377373734024,0.004717844343433506,0.13422153227763137,0.14444256968604816,0.0004410654310917025,0.00481717778677063
2018-05-07,2018,1903,0,0,47,1,1.3619939077624652,0.003404984769406163,0.07528235200295921,0.1542742954169618,0.0006645163178495753,0.005037214309117537
2018-05-08,2018,1903,0,0,47,4,0.913748180867476,0.00228437045216869,0.048786029548291504,0.15869577838231036,0.0007751591950853256,0.00846190436989744
2018-05-09,2018,1903,0,0,48,4,0.38357665273628605,0.0009589416318407151,0.0621831866036543,0.1564651620406364,0.0008197685457853634,0.013280707200508706
2018-05-10,2018,1903,0,0,48,4,0.5701059107199872,0.001425264776799968,0.04661778066111129,0.15906109298938592,0.0010557976456682322,0.02234078951313261
2018-05-11,2018,1903,0,0,47,0,0.6531152007199169,0.0016327880017997923,-0.009175363633972816,0.16836780284596328,0.0007066193127067454,0.01812102168909385
2018-05-14,2018,1903,0,0,47,3,-0.7523611078284842,-0.0018809027695712104,-0.051617363059451846,0.17545019685581958,0.0006379959817444793,0.004813651527066845
2018-05-15,2018,1903,0,0,47,1,0.38935320313154886,0.0009733830078288722,0.06209617508185409,0.15647517990677715,0.0003863397850855709,0.004803332482151573
2018-05-16,2018,1903,0,0,47,3,0.44135118827753905,0.0011033779706938476,0.04940909058260951,0.1585935544876684,0.00029657109069378183,0.005201078865350736
2018-05-17,2018,1903,0,0,48,0,1.1435906061974666,0.0028589765154936665,0.10694281863948273,0.14899383722594006,0.00035389341353714846,0.010612587695052725
2018-05-18,2018,1903,0,0,49,1,0.7496610505580894,0.0018741526263952235,0.06295006767172905,0.15633442086925592,0.00023513327518840383,0.007268482284698272
2018-05-21,2018,1903,0,0,50,3,0.4418409082407941,0.0011046022706019851,-0.05704591435495519,0.17635225162222337,0.00029346942406827716,0.0156920425900479
2018-05-22,2018,1903,0,0,51,0,-0.41632628280499206,-0.00104081570701248,-0.025813961322768305,0.17114646645086004,0.00038033494644744854,0.0070133201699304655
2018-05-23,2018,1903,0,0,50,10,-1.7562331614740478,-0.0043905829036851194,-0.14334661353984218,0.19075182152292167,0.00028937274127409677,0.0434472823537049
2018-05-24,2018,1903,0,0,50,2,-0.40027163449923225,-0.0010006790862480807,-0.029324221012779508,0.1717250374401587,0.00036261759847102017,0.011962034072938627
2018-05-25,2018,1903,0,0,50,10,-0.43439690424221533,-0.0010859922606055383,-0.053658678270848706,0.1757902416475779,0.0002671457546631241,0.013567568027763308
2018-05-28,2018,1903,0,0,50,15,0.5981265064358345,0.0014953162660895864,0.06536941043249249,0.1559349857290917,0.00036061638302399915,0.031229240003364685
2018-05-29,2018,1903,0,0,50,13,1.4394732743185719,0.0035986831857964295,0.07444033859241499,0.1544177912612568,0.00047005293303306405,0.016574712259698747
2018-05-30,2018,1903,0,0,50,8,-0.6120291138117637,-0.0015300727845294093,-0.06612989504792238,0.17787053726847155,0.00043312114653666796,0.012290899732246131
2018-05-31,2018,1904,0,0,51,10,-1.9457687849851772,-0.004864421962462943,-0.18916206714241435,0.19840117875065624,0.0006208348691488449,0.01616584412172405
2018-06-01,2018,1904,0,0,51,8,0.21995063924710048,0.0005498765981177512,-0.029928014030034707,0.1718259948114443,0.0003507682807677545,0.22259369794486158
2018-06-04,2018,1904,0,0,51,15,1.1077134698309656,0.002769283674577414,0.03138007770818862,0.16159806282489456,0.00034773081362663664,0.057183547227582114
2018-06-05,2018,1904,0,0,52,6,0.4864351064156176,0.001216087766039044,0.09113561179761578,0.15163177027588576,0.000412484863782613,0.027320840622374835
2018-06-06,2018,1904,0,0,52,7,-0.22754882275706212,-0.0005688720568926553,-0.015752240881152457,0.16946039944777888,0.0003092626867784728,0.02691733141499802
2018-06-07,2018,1904,0,0,51,7,-0.2747264798099526,-0.0006868161995248815,-0.021411928258676625,0.17040610047756818,0.00032579299899806183,0.03269639122967045
2018-06-08,2018,1904,0,0,51,14,-0.7026353582151101,-0.0017565883955377754,-0.050437065091936385,0.17524847625293236,0.0002487539377727586,0.022556976171649586
2018-06-11,2018,1904,0,0,51,11,-0.023347204968347912,-5.836801242086978e-05,-0.009880725022286744,0.16848230592653557,0.00034555393143310547,0.0158519369162177
2018-06-12,2018,1904,0,0,52,1,0.6455352322240494,0.0016138380805601235,0.047758906055518226,0.1588652511101516,0.0003264925221383546,0.004422604939477573
2018-06-13,2018,1904,0,0,53,2,1.4736684493817669,0.0036841711234544172,0.14032483908554766,0.1434282248099213,0.0003946875850521524,0.005012762157367225
2018-06-14,2018,1904,0,0,53,9,-1.8531678314373066,-0.004632919578593266,-0.1789909328623952,0.19670287641199483,0.00046585720808837636,0.01051697746648481
2018-06-15,2018,1904,0,0,53,9,0.33458428846401,0.0008364607211600251,0.007166459100124362,0.16564544568857875,0.000605584557753658,0.015245606495097343
2018-06-18,2018,1904,0,0,51,6,0.270778038099985,0.0006769450952499625,0.011879486280703214,0.16485590631025826,0.0003157517100252099,0.020767410373153106
2018-06-19,2018,1905,0,0,51,16,1.2324874972912192,0.003081218743228048,0.11162307371526523,0.14821553585248362,0.0003358431923730937,0.027372889819869975
2018-06-20,2018,1905,0,0,50,17,0.05239725838555492,0.0001309931459638873,0.02490691479171474,0.16268354913178798,0.00043326598219486234,0.060892707874916054
2018-06-21,2018,1906,0,0,51,5,-0.4091894671738734,-0.0010229736679346834,-0.02058558102253658,0.1702746351767625,0.0006266236296412163,0.015882046198372333
2018-06-22,2018,1907,0,0,51,8,-1.9671465309273493,-0.004917866327318373,-0.1649924390840826,0.19436473721164244,0.0004054627166264199,0.018437160694741356
2018-06-25,2018,1907,0,0,51,8,0.8705266273055322,0.0021763165682638307,0.16360157477565174,0.13954372543201643,0.0005547925917824927,0.0177865574052219
2018-06-26,2018,1908,0,0,51,9,-0.14222974808951194,-0.00035557437022377985,-0.02510870621833206,0.17102708963577606,0.0003149819112893926,0.02249239779419008
2018-06-27,2018,1909,0,0,50,4,0.8786089312690273,0.0021965223281725683,0.12150473785054232,0.14656490479235038,0.0003325809144458712,0.0075534589254368555
2018-06-28,2018,1909,0,0,50,13,-0.5918083210161864,-0.001479520802540466,-0.02511513687917373,0.17103124127631797,0.0008068702552063402,0.040333678257586325
2018-06-29,2018,1910,0,0,51,5,-0.8868195470291145,-0.0022170488675727863,-0.07252838319236922,0.1789389416124975,0.0003831675040408629,0.013788870328728896
2018-07-02,2018,1910,0,0,52,17,0.32249865972394187,0.0008062466493098546,0.026879241205842785,0.16235320392008148,0.00039950912768129743,0.027158401894097038
2018-07-03,2018,1910,0,0,52,5,0.2816106206792459,0.0007040265516981148,0.040911454300841595,0.16001529957996827,0.0005457592878505757,0.015950309418937547
2018-07-04,2018,1910,0,0,52,4,1.7186611372035752,0.004296652843008938,0.11148973228061784,0.14823810964077427,0.0008008651752331885,0.017107043886065865
2018-07-05,2018,1910,0,0,51,25,0.10453667979070635,0.0002613416994767659,-0.0206247197780376,0.17028029542396927,0.0012848160565849239,0.04787318916107565
2018-07-06,2018,1910,0,0,52,8,1.0295237753601247,0.002573809438400312,0.06519192561909212,0.15596249761034528,0.0004413650383944158,0.028602164105769514
2018-07-09,2018,1910,0,0,51,1,-0.5522338197890082,-0.0013805845494725205,-0.04769412790215086,0.17479714751969166,0.0004954487168106241,0.03402416473009094
2018-07-10,2018,1911,0,0,51,5,0.14165116660477484,0.00035412791651193707,0.06797908559149506,0.15549262964796295,0.0003548305217942605,0.012339918781565117
2018-07-11,2018,1911,0,0,53,8,0.10363231382218441,0.00025908078455546104,0.029712973427533537,0.1618789417789876,0.0006045514796246978,0.04188598206171599
2018-07-12,2018,1911,0,0,54,8,2.0566432454427837,0.0051416081136069595,0.1507457169281883,0.14168916162045658,0.0006530053325613678,0.008749474099707132
2018-07-13,2018,1911,0,0,55,2,0.26923193199316,0.0006730798299828999,0.05192651345290788,0.15817397588425167,0.0004018241727328931,0.011904480357947162
2018-07-17,2018,1911,0,0,54,2,1.745781102632788,0.00436445275658197,0.15710657294648572,0.14062693359041362,0.0002777001531468794,0.01864645608504906
2018-07-18,2018,1911,0,0,54,3,-0.9769817250618766,-0.002442454312654692,-0.03803943264047982,0.17318160779334307,0.0003276853810949508,0.012961708200514404
2018-07-19,2018,1911,0,0,55,6,0.3895400399870386,0.0009738500999675965,0.06853544908156178,0.15539739954237522,0.00033028574316490135,0.042564546323765697
2018-07-20,2018,1911,0,0,54,3,0.27123655998316964,0.0006780913999579241,0.05180263938639148,0.15819319357527112,0.00032673572428714104,0.008842586992765293
2018-07-23,2018,1912,0,0,55,4,0.8369823733615065,0.002092455933403766,0.08476696926467955,0.15269128542698004,0.0003177798405402332,0.006132020807801219
2018-07-24,2018,1912,0,0,57,5,0.488882432126988,0.0012222060803174701,0.04234833923668734,0.15977403996680747,0.00036997080267672116,0.011581041351859679
2018-07-25,2018,1913,0,0,58,6,0.6351495655904007,0.0015878739139760017,0.048908936667907785,0.15867801020607905,0.0003476259169948602,0.01954527249810665
2018-07-26,2018,1913,0,0,58,10,0.0888663826857029,0.00022216595671425727,0.06945664639348764,0.15524810619219262,0.0007499515472896726,0.025321576317372724
2018-07-27,2018,1913,0,0,57,5,1.168373931905439,0.0029209348297635973,0.1277795009266393,0.1455200052418508,0.0007901800256189396,0.011243212870500306
2018-07-30,2018,1913,0,0,57,2,-1.4714235679338814,-0.0036785589198347034,-0.04624771007299165,0.17455291896798197,0.0008350502352367962,0.012465020932057577
2018-07-31,2018,1913,0,0,57,7,1.1276254022305099,0.0028190635055762745,0.09678504045507551,0.1506854400530269,0.0005444165147048076,0.013687630540481631
2018-08-01,2018,1913,0,0,58,4,-0.5239846464121298,-0.0013099616160303245,-0.031426700360338844,0.17208160617049914,0.0007181271804939643,0.019356982342335807
2018-08-02,2018,1913,0,0,56,2,-1.047392430219278,-0.002618481075548195,-0.02824742605291523,0.17154944425596555,0.00081253438965139,0.015226489395092734
2018-08-03,2018,1913,0,0,56,0,0.5774955006737538,0.0014437387516843844,-0.0017566221426943262,0.16713064561957428,0.0005910827432423707,0.012100184325550871
2018-08-06,2018,1913,0,0,57,0,0.2528759289987074,0.0006321898224967685,0.024966040668678184,0.16267244998141023,0.0007243633748346403,0.01760220669046537
2018-08-07,2018,1913,0,0,58,1,0.20619588176799025,0.0005154897044199756,0.03880894803297404,0.16036231455565209,0.0006259066508392987,0.01269975518898635
2018-08-08,2018,1913,0,0,57,2,0.46591675161001245,0.001164791879025031,0.06604235416025915,0.15581951167896146,0.0009834139188944515,0.010594099397349375
2018-08-09,2018,1913,0,0,58,1,1.560168481829534,0.003900421204573835,0.08275122066849859,0.15303437599284495,0.0014505234579183267,0.006923310746151273
2018-08-10,2018,1913,0,0,58,6,0.44982416277331083,0.0011245604069332771,0.02182433813859314,0.16319887458928015,0.000807657924259379,0.015424641285577833
2018-08-13,2018,1913,0,0,58,13,-0.7060350319821778,-0.0017650875799554444,0.004563496719647129,0.16607795183524857,0.0005023846378615263,0.013711724463727391
2018-08-14,2018,1913,0,0,60,15,-0.2176578700300804,-0.000544144675075201,0.02583406482072057,0.1625276309438197,0.0004977176140523166,0.012847312584327737
2018-08-15,2018,1913,0,0,61,4,-1.3448302494927886,-0.0033620756237319714,-0.08900791829839572,0.18168427389817104,0.00038640950689226047,0.02487821327819035
2018-08-16,2018,1913,0,0,62,6,0.5161099871259947,0.0012902749678149867,0.06268039102924589,0.15637998055672264,0.000297950631694082,0.020125884305022317
2018-08-17,2018,1913,0,0,63,3,-0.5675146287151233,-0.001418786571787808,-0.0435926528580117,0.17411030084802329,0.000358513357822519,0.0203081820385068
2018-08-20,2018,1913,0,0,64,8,-0.44972214162516755,-0.0011243053540629189,-0.031050125033570578,0.1720185053776078,0.0005851739841156757,0.02031232448098672
2018-08-21,2018,1913,0,0,64,1,-0.5932248973405521,-0.0014830622433513801,-0.07569461441242029,0.1794571488569221,0.00043928739193161646,0.008600191022713867
2018-08-22,2018,1913,0,0,65,3,0.4923592410509958,0.0012308981026274896,0.05628760493695264,0.15744276765956416,0.0003086209028649692,0.02241365801437558
2018-08-23,2018,1913,0,0,64,1,0.03696827834736416,9.242069586841039e-05,0.01591318624975694,0.1641845589167731,0.00047536257232499345,0.04926289911221449
2018-08-24,2018,1913,0,0,64,6,1.596528464813089,0.003991321162032723,0.13164687328816008,0.14486350355821084,0.00025743320027481355,0.016704397247923945
2018-08-27,2018,1913,0,0,64,4,-0.3888765422949332,-0.000972191355737333,-0.010766276543012872,0.16863329797615179,0.0003701019713873645,0.015944083054906355
2018-08-28,2018,1913,0,0,64,6,-0.3133243903909574,-0.0007833109759773935,-0.028317129664188645,0.17155622597021758,0.0003658067186326925,0.030597432521734438
2018-08-29,2018,1913,0,0,63,11,-0.7634770354356133,-0.0019086925885890332,-0.06292954802171997,0.17732717974578557,0.0002902036441400834,0.026611431672025333
2018-08-30,2018,1913,0,0,63,7,-0.5821781466224141,-0.0014554453665560352,-0.06816513018046438,0.17820937234691303,0.0006658576786251234,0.04481609055057172
2018-08-31,2018,1913,0,0,65,14,-0.5062941560967861,-0.001265735390241965,-0.07582219110126563,0.17948221220819263,0.0003388696361433199,0.008180918148814074
2018-09-03,2018,1913,0,0,64,11,0.27117054886730274,0.0006779263721682569,0.01963963192783414,0.16355261990078232,0.0003831818372625716,0.029994983549152344
2018-09-04,2018,1913,0,0,64,11,0.6144274402151544,0.001536068600537886,0.044057634674026916,0.1594869549311152,0.0004499613469917906,0.022222126625854825
2018-09-05,2018,1913,0,0,65,6,0.05823442342163432,0.0001455860585540858,0.029025712293305538,0.16199324265659293,0.00034070025665824396,0.009444963581050647
2018-09-06,2018,1913,0,0,63,8,-1.0931359995198076,-0.0027328399987995187,-0.004072302752196718,0.1675098425034043,0.0004786037263150851,0.4038623190318586
2018-09-07,2018,1913,0,0,63,5,0.09619027621187215,0.00024047569052968037,0.061106061768151816,0.15663514967820394,0.00036445654321969257,0.013498440801295976
2018-09-10,2018,1913,0,0,64,6,0.1856988166772482,0.00046424704169312046,0.07641358134577128,0.1540878001761249,0.0004173234903000829,0.008931410951748847
2018-09-11,2018,1913,0,0,61,6,-0.20067873296099759,-0.000501696832402494,-0.028190157104851375,0.17153868109526085,0.00039769207329351216,0.008904799902660545
2018-09-12,2018,1913,0,0,62,0,-1.7418107918606234,-0.004354526979651559,-0.2099576111992263,0.20186600533134724,0.0006648974077375343,0.01633091084234731
2018-09-13,2018,1913,0,0,63,10,0.2797708863712103,0.0006994272159280258,0.03580903570133561,0.1608650608248337,0.0007152606058229396,0.012356381238037242
2018-09-14,2018,1913,0,0,61,8,1.2249201702598493,0.003062300425649623,0.1705870116440379,0.13837869876890221,0.0005354851662089903,0.021901264147114338
2018-09-18,2018,1913,0,0,59,4,0.2794500155253808,0.0006986250388134519,-0.02218203508907615,0.1705358682831311,0.0003373010013354943,0.03199528355887973
2018-09-19,2018,1913,0,0,58,7,0.16312939915709324,0.0004078234978927331,0.03531096271432985,0.16094797225944543,0.00046292747843098577,0.023449998783394266
2018-09-20,2018,1913,0,0,57,6,-0.14908491756760922,-0.00037271229391902305,-0.03433018216158758,0.17256776875144486,0.0005873096701079022,0.017563245505382723
2018-09-21,2018,1914,0,0,58,11,-2.282472308989711,-0.005706180772474277,-0.18337610253460176,0.19743265468557256,0.0005436682727729724,0.03945394451488916
2018-09-25,2018,1915,0,0,59,21,-0.6794615597940683,-0.0016986538994851709,-0.04449822551360354,0.17426407959032617,0.0009674494191929845,0.02833493532985979
2018-09-26,2018,1915,0,0,58,12,0.6115483956032481,0.0015288709890081203,0.047432236675212,0.15892330155032827,0.0003363853615620263,0.029065845461878372
2018-09-27,2018,1916,0,0,59,14,0.7594672251328838,0.0018986680628322095,0.10192619403997329,0.14983262382142576,0.00037184252408445714,0.06348173142667311
2018-09-28,2018,1917,0,0,60,17,-1.0361791974836407,-0.002590447993709102,-0.0993604532131839,0.1834135310837812,0.0003936776272906478,0.0138985054072485
2018-10-01,2018,1920,0,0,63,19,0.66432051037511,0.001660801275937775,0.05280680104222626,0.15802787703312993,0.000526462572526445,0.016204513049348744
2018-10-02,2018,1920,0,0,63,17,-0.7101218571908311,-0.0017753046429770777,-0.040301670478882924,0.17355992166807738,0.0003163266219148425,0.021590216520629372
2018-10-03,2018,1920,0,0,63,3,-0.8595884009877002,-0.0021489710024692505,-0.06439148176823953,0.1775785804900222,0.0004334794151113148,0.016338629594460082
2018-10-04,2018,1920,0,0,62,11,-0.6567479138090424,-0.001641869784522606,-0.0356797358143122,0.17279191758749324,0.0008257899747062564,0.026474756844169868
2018-10-05,2018,1920,0,0,65,9,0.551727416189551,0.0013793185404738775,0.0926923386753032,0.15137171338890695,0.0005290524137609637,0.037888969878639434
2018-10-09,2018,1920,0,0,65,5,-0.689442269585471,-0.0017236056739636774,0.02929654589946453,0.1619525104834199,0.0013641908194358579,0.023952443594034697
2018-10-10,2018,1920,0,0,64,2,2.6852426986065563,0.00671310674651639,0.18696027194223436,0.13564691149492614,0.0006555305396675152,0.016889353480162718
2018-10-11,2018,1920,0,0,63,31,1.4506177323694482,0.0036265443309236207,0.053701795805338404,0.15788021541485214,0.0005207068420011552,0.1039820940472139
2018-10-12,2018,1920,0,0,63,5,-0.4028956043223107,-0.0010072390108057767,-0.09446909272200721,0.18259791505886344,0.000488319822298471,0.024840621446069744
2018-10-15,2018,1920,0,0,63,11,0.5594036369451296,0.001398509092362824,0.09270146872235877,0.15137359401514328,0.0008915677306969923,0.034650627118040206
2018-10-16,2018,1920,0,0,64,13,-1.2113237335082532,-0.003028309333770633,-0.10418038449116425,0.1842167955884958,0.0003766812776187531,0.02315539985147226
2018-10-17,2018,1920,0,0,63,6,-1.3935708769181978,-0.0034839271922954946,-0.1275181773261847,0.1881109846601998,0.0005222423889899966,0.06710158515113886
2018-10-18,2018,1920,0,0,63,16,-0.5407470902750725,-0.0013518677256876813,-0.008921176442024822,0.16832313299030666,0.0003200744183421558,0.04094240730633639
2018-10-19,2018,1921,0,0,64,10,0.9464917022692161,0.00236622925567304,0.11085560403206608,0.1483448379784021,0.0006480634124871998,0.013968757622282703
2018-10-22,2018,1921,0,0,63,13,0.1655546881777777,0.0004138867204444442,0.05505404407489307,0.1576458071244722,0.00039611792043464016,0.03244590956780614
2018-10-23,2018,1921,0,0,62,9,1.0512966099163323,0.002628241524790831,0.11754772866652197,0.14722857547044907,0.0009865350202076847,0.04049722716559149
2018-10-24,2018,1921,0,0,63,15,-0.16067028281146944,-0.0004016757070286736,-0.0029514819028827353,0.16733084277134758,0.0006919291614552089,0.10195054677412255
2018-10-25,2018,1921,0,0,62,36,0.20635313860793492,0.0005158828465198373,0.06533371239019763,0.15593815063215322,0.0015130882798251534,0.07599023347886216
2018-10-26,2018,1921,0,0,62,26,-1.853931399037501,-0.004634828497593752,-0.09453554519170047,0.18261205813215775,0.002404775696342772,0.02732179641953928
2018-10-29,2018,1921,0,0,62,14,-1.6723446187876854,-0.004180861546969213,-0.1557237291476399,0.19282062841844885,0.0023822488082488108,0.03593981004003594
2018-10-30,2018,1921,0,0,63,31,1.8261709377006863,0.004565427344251716,0.08791552766590001,0.15217010683387017,0.0018189507431649655,0.1311398172460735
2018-10-31,2018,1921,0,0,62,9,3.7342338901470162,0.009335584725367541,0.24276996529669428,0.12633548007347067,0.0008768323049001544,0.07442109280532133
2018-11-01,2018,1921,0,0,62,12,1.2645611655218314,0.0031614029138045787,0.04724646560256101,0.15895330020115303,0.0005917369907684135,0.026192108642387104
2018-11-02,2018,1921,0,0,61,6,-0.4506346621611933,-0.0011265866554029834,0.01762672146532741,0.16389511342280044,0.0006396858530788157,0.04165075821728687
2018-11-05,2018,1921,0,0,61,6,0.5183838807044524,0.001295959701761131,0.046887802013664645,0.15901427611916358,0.0006383531156847996,0.029603701200708408
2018-11-06,2018,1921,0,0,60,7,0.2319385717048874,0.0005798464292622185,0.030535253215999224,0.1617443352003758,0.0009397855422936999,0.01829974850269222
2018-11-07,2018,1921,0,0,60,12,-0.05159564360311708,-0.0001289891090077927,-0.010351456472776114,0.1685589329542312,0.000754804971805444,0.02563809831476417
2018-11-08,2018,1921,0,0,60,5,0.0700638138424996,0.000175159534606249,-0.030141490910192806,0.17186417684180513,0.0011289896204051454,0.028114355151545867
2018-11-09,2018,1921,0,0,62,5,-0.6104799323330568,-0.0015261998308326418,-0.021380296802143654,0.17040675714711126,0.000957103934798527,0.014585057719711907
2018-11-12,2018,1921,0,0,61,2,0.9172245468555881,0.00229306136713897,0.03441909639590393,0.1610946624383414,0.0007738330674132577,0.012447260155116489
2018-11-13,2018,1921,0,0,58,9,-0.7503166014012432,-0.001875791503503108,-0.06408378881915543,0.17752754811133525,0.0007380456373257486,0.013154927195481642
2018-11-14,2018,1921,0,0,59,7,-1.1621307643100265,-0.0029053269107750662,-0.1683022585022344,0.19491745500831004,0.0005331413184469588,0.01420678296636221
2018-11-15,2018,1921,0,0,58,8,0.3549119146689168,0.000887279786672292,0.020233673554807978,0.16346173592414706,0.0005339218945624883,0.02337461941888852
2018-11-16,2018,1921,0,0,58,11,0.9993142303256073,0.0024982855758140183,0.11352063867228823,0.14789656675781024,0.0004523546712356608,0.05284892472229078
2018-11-19,2018,1921,0,0,58,4,-0.423645556446005,-0.0010591138911150125,0.009677407419227442,0.16522169512192092,0.0003398434817103815,0.012567573031694814
2018-11-20,2018,1921,0,0,59,7,-0.2282773281861059,-0.0005706933204652647,0.0014441095023356918,0.16659625732379513,0.00040670976382266614,0.019728623373536605
2018-11-21,2018,1921,0,0,59,17,0.6938120431287707,0.0017345301078219267,0.0302886153473193,0.1617810718051624,0.00039096377399850204,0.01199032210075067
2018-11-22,2018,1921,0,0,59,3,1.2040742140497587,0.0030101855351243965,0.12607406600474605,0.14580280735312193,0.0003390547192657763,0.010400669769899099
2018-11-26,2018,1921,0,0,60,3,2.553180268399792,0.00638295067099948,0.183816487814269,0.1361689868710551,0.0004671041180226203,0.017829303590187248
2018-11-27,2018,1921,0,0,60,6,0.8912677107763657,0.002228169276940914,0.09924630788636454,0.15027835653325905,0.00037759325617668974,0.009190994752046941
2018-11-28,2018,1922,0,0,61,6,0.3313570296958728,0.0008283925742396819,0.008120666955872989,0.1654829374709042,0.0003758643954465776,0.028578087372983275
2018-11-29,2018,1922,0,0,62,13,1.7363752033136552,0.004340938008284138,0.15444288587707392,0.14107041839040474,0.00040916290662541913,0.06147819991634225
2018-11-30,2018,1922,0,0,61,4,-0.7878126701142705,-0.0019695316752856764,-0.07893525198933854,0.180009374240055,0.0009163768666081874,0.011480708373793452
2018-12-03,2018,1922,0,0,62,10,-1.678116267810326,-0.004195290669525815,-0.16034750663931524,0.19359078024858467,0.0005325729002252683,0.013400886216300218
2018-12-04,2018,1922,0,0,61,10,0.3268687801798502,0.0008171719504496256,0.02519222584300235,0.16263625980434593,0.0007546748756099149,0.06254944516822047
2018-12-05,2018,1922,0,0,62,14,-0.5154543076249376,-0.001288635769062344,-0.09049139162319779,0.1819341008350923,0.0004228251235566617,0.02565614193906935
2018-12-06,2018,1922,0,0,62,17,1.0980412418369854,0.0027451031045924636,0.10089697547439014,0.15000634850770264,0.0006886786733286324,0.015529355468073606
2018-12-07,2018,1922,0,0,62,10,-0.1519134687548327,-0.00037978367188708174,-0.05109220505317441,0.17536304937054695,0.0006348150684486756,0.009801597244665025
2018-12-10,2018,1922,0,0,60,18,-1.4717368115516072,-0.003679342028879018,-0.07753064972503497,0.17977491221332695,0.0015831212604971961,0.03877323428835465
2018-12-11,2018,1922,0,0,59,19,-2.0345737127682293,-0.005086434281920574,-0.2159104010845874,0.20285930886728962,0.0011157732492864366,0.027101094979121956
2018-12-12,2018,1923,0,0,58,3,-0.8230033537517767,-0.002057508384379442,-0.09738818824193901,0.18308701016322154,0.0011272284702268385,0.060149066104126105
2018-12-13,2018,1924,0,0,59,1,-1.275527672842585,-0.0031888191821064626,-0.13735187130986132,0.18975357312278465,0.0007033419128414413,0.02902865445435223
2018-12-14,2018,1923,0,0,60,10,-0.6896917486370508,-0.0017242293715926272,-0.05504710677888431,0.17602402386118085,0.0007770358269360533,0.04724231400571181
2018-12-17,2018,1923,0,0,59,7,0.4216580110984692,0.001054145027746173,0.01731684508378773,0.1639486999675088,0.0004651996116635942,0.015120910692134372
2018-12-18,2018,1923,0,0,57,11,1.9511993300876025,0.004877998325219006,0.16224692340343316,0.13977077789237366,0.0008133061887147463,0.055774431429027015
2018-12-19,2018,1925,0,0,59,17,0.7101167837489344,0.001775291959372336,-0.011242259361590666,0.16871547504863516,0.0010200384513008875,0.036177418682648524
2018-12-20,2018,1925,0,0,59,32,4.770165131437639,0.011925412828594098,0.19725052296280338,0.13393064652939912,0.001656499356378599,0.08871109457428175
2018-12-21,2018,1928,0,0,61,44,-2.492155923977228,-0.00623038980994307,-0.172375205442499,0.19559825495088268,0.0028807826831784076,0.03966692702524115
2018-12-25,2018,1929,0,0,61,39,-2.6920214470085035,-0.006730053617521259,-0.18018186455781934,0.19690100898879184,0.014307485819250548,0.14776540374208405
2018-12-26,2018,1929,0,0,58,1,-0.12197345014257527,-0.00030493362535643814,-0.047734005416192875,0.17479929589994309,0.0010130361075086642,0.1258674600470655
2018-12-27,2018,1929,0,0,58,2,-0.18103515453123276,-0.0004525878863280819,-0.01123013400591589,0.16871133474470848,0.0010129302936881782,0.09925813156941457
2018-12-28,2019,1930,0,0,58,9,0.14415037919044948,0.0003603759479761237,-0.10119090100057175,0.18372204426837135,0.0021051244562370415,0.04619673567765159
2019-01-04,2019,1930,0,0,57,42,-2.196838283977306,-0.005492095709943265,-0.15521936804287748,0.19273369894470987,0.0009036279904299927,0.09077247744897232
2019-01-07,2019,1930,0,0,57,10,1.1211967633166422,0.0028029919082916055,0.03021374533901751,0.16179630810678777,0.0007635281403696008,0.08097409335868881
2019-01-08,2019,1930,0,0,56,15,-0.9798498084810373,-0.0024496245212025933,-0.07753545147051383,0.17977114900431793,0.0008149955459218066,0.03874556222736632
2019-01-09,2019,1930,0,0,57,15,-0.33292101577433625,-0.0008323025394358407,0.04838744636033255,0.15875950408345324,0.0004797326879020378,0.03286672530463509
2019-01-10,2019,1930,0,0,55,13,-0.2892796145543932,-0.0007231990363859831,0.028993713346049468,0.16199935083350883,0.0008265850503882989,0.03096322468937672
2019-01-11,2019,1930,0,0,56,8,-0.1310347667196186,-0.00032758691679904656,0.004482266633811177,0.16608801153175543,0.0004403716681009001,0.023600811708959564
2019-01-15,2019,1930,0,0,56,11,0.41462936484725055,0.0010365734121181264,0.06697899955113057,0.15565918093902165,0.0004390496001580749,0.020589593202536435
2019-01-16,2019,1930,0,0,57,6,1.407420203673483,0.003518550509183708,0.06358614624123485,0.15622721582175556,0.0005469211415298898,0.0386481760706643
2019-01-17,2019,1929,0,0,59,15,0.7975564534972468,0.001993891133743117,0.030723178899681323,0.1617104727416572,0.00046291077803882117,0.037825870931759376
2019-01-18,2019,1929,0,0,58,5,-0.8248273081924358,-0.0020620682704810896,-0.044633891634260604,0.17428049030603826,0.00046276990018097216,0.03446472240393536
2019-01-21,2019,1929,0,0,59,1,-0.9587886773494354,-0.0023969716933735885,-0.07730100951730322,0.1797334329741935,0.00046402217518780894,0.04281108178820155
2019-01-22,2019,1929,0,0,61,7,-0.32066048479610565,-0.0008016512119902641,-0.0507470762452146,0.17529944031658332,0.0004997490911124365,0.014891963289319835
2019-01-23,2019,1929,0,0,61,9,-1.5903962463980759,-0.003975990615995189,-0.12903751688893372,0.18836279644664028,0.0005656824520539624,0.01795900662998025
2019-01-24,2019,1929,0,0,60,11,0.563891665824684,0.00140972916456171,0.010647034208473627,0.16506046471069447,0.00045931697931152654,0.08758820919955912
2019-01-25,2019,1929,0,0,60,3,1.46193858715808,0.0036548464678952,0.09045055899244964,0.15174277976934467,0.0003650855739804843,0.023007299799274038
2019-01-28,2019,1929,0,0,60,4,0.26551145679904,0.0006637786419975999,-0.03866942311150644,0.1732887862920814,0.0007572161198986,0.011275549835249574
2019-01-29,2019,1929,0,0,61,4,0.1283314345931259,0.0003208285864828148,-0.02069824523178722,0.1702887721797134,0.0008035332513146256,0.02135452047336954
2019-01-30,2019,1929,0,0,62,5,0.14467016962703538,0.00036167542406758844,0.029576038154777915,0.1619026646398901,0.0009124818813260649,0.2287583712043537
2019-01-31,2019,1929,0,0,62,12,1.181770750272448,0.0029544268756811196,0.0737726942435444,0.15453071026942325,0.0009635106900714015,0.02195863465414921
2019-02-01,2019,1929,0,0,62,15,0.4812783955713319,0.0012031959889283296,-0.006198169432819751,0.16786871960351685,0.0005355903219153636,0.018377961785202603
2019-02-04,2019,1929,0,0,62,25,-0.9950449887712924,-0.002487612471928231,-0.08658729355012101,0.18127877666804662,0.0005168155106139518,0.016971439009052194
2019-02-05,2019,1929,0,0,64,11,-0.12061889337173315,-0.0003015472334293329,-0.037528105837600176,0.17309658937324163,0.0007258038112103782,0.06408313325079187
2019-02-06,2019,1929,0,0,64,5,0.18836181237464,0.0004709045309366,0.002210523266041748,0.16646989060572964,0.00117490220021287,0.015160027285708868
2019-02-07,2019,1929,0,0,66,6,0.6964647921883769,0.0017411619804709423,0.018799739764018632,0.1637022263430322,0.0012711152812502978,0.025887305764179233
2019-02-08,2019,1929,0,0,65,0,0.8221034520972419,0.0020552586302431046,0.04010025084488575,0.16014589119805864,0.0007857966377000965,0.03274438907900499
2019-02-12,2019,1929,0,0,64,1,1.1988259518312936,0.002997064879578234,0.08684858139376105,0.15234581496862293,0.0006758755067383449,0.02122126398932407
2019-02-13,2019,1929,0,0,64,1,0.32943422134536204,0.0008235855533634051,0.029129891157278164,0.1619741796281554,0.0008163374354813096,0.017244654805894405
2019-02-14,2019,1929,0,0,65,3,0.07810928799548122,0.00019527321998870307,-0.006418833176125446,0.16791018179704414,0.0008743796700605635,0.01795471204927865
2019-02-15,2019,1929,0,0,64,0,0.88422601785288,0.0022105650446322,0.035419293497416356,0.16092090414698465,0.00034758144996235635,0.02253530674683784
2019-02-18,2019,1929,0,0,63,2,0.412516354350544,0.00103129088587636,0.02274709411120433,0.16303904803918795,0.0003159338708474421,0.03540109876604487
2019-02-19,2019,1929,0,0,63,1,1.2021043320458185,0.003005260830114546,0.09934134536158121,0.15025622738166408,0.00028189587740750006,0.01928754770495238
2019-02-20,2019,1929,0,0,64,8,-0.38204791110193675,-0.0009551197777548419,-0.07136554199581469,0.17873478532150658,0.0003268476695350601,0.012561659554219166
2019-02-21,2019,1929,0,0,64,2,-0.26616473626510206,-0.0006654118406627552,-0.005709455299919994,0.16778859859781012,0.0003333461515855721,0.008521554634315729
2019-02-22,2019,1929,0,0,64,2,-0.16777365215950774,-0.00041943413039876936,0.001990929977928535,0.16649948345709598,0.0003130965440860024,0.019789558080933186
2019-02-25,2019,1929,0,0,63,7,-1.3039065702941874,-0.0032597664257354685,-0.08959085219108835,0.1817803663221522,0.00038635343799828974,0.009590833939092836
2019-02-26,2019,1929,0,0,62,14,0.5201219429978017,0.0013003048574945042,0.067834358337227,0.1555152078995585,0.00044113093212572787,0.027290094046242285
2019-02-27,2019,1929,0,0,62,13,-0.09078049081409567,-0.0002269512270352392,-0.02580974915402707,0.17113998232090366,0.0002892919956872928,0.04002559866594096
2019-02-28,2019,1930,0,0,60,2,1.0105249564292784,0.002526312391073196,0.021742755655429623,0.16320920761389307,0.00042972577582843974,0.018190063822577734
2019-03-01,2019,1931,0,0,61,12,0.10387025645829251,0.0002596756411457313,-0.012359460127482588,0.1688949503668393,0.0003435325173655691,0.012822284552751362
2019-03-04,2019,1931,0,0,61,17,-0.43974166022713407,-0.0010993541505678352,-0.00800119763907602,0.16816605609854515,0.000267459010561581,0.02210763209668848
2019-03-05,2019,1932,0,0,63,10,0.3335672783100705,0.0008339181957751762,-0.0026764934933329555,0.16728292836816583,0.00042091929211501855,0.018771413207209972
2019-03-06,2019,1932,0,0,64,9,1.1909952486794664,0.002977488121698666,0.09592314173261042,0.1508353282746611,0.0009205634451734215,0.010454740655754049
2019-03-07,2019,1932,0,0,63,5,-0.8815880959791269,-0.0022039702399478172,-0.06524368180728653,0.17772026765735602,0.00043746975207106613,0.02428183676429397
2019-03-08,2019,1932,0,0,63,1,0.6293047437689703,0.0015732618594224256,0.12956703192785002,0.1452210759190547,0.0007238896918854813,0.020337696408444815
2019-03-11,2019,1932,0,0,63,9,-0.8759261630111916,-0.002189815407527979,-0.0745626484749759,0.1792738054736795,0.000344681507431584,0.02364409489998148
2019-03-12,2019,1932,0,0,63,15,-0.4002818202840661,-0.0010007045507101652,-0.06158712886464069,0.1771066274284373,0.00036412559347437384,0.039409696405611275
2019-03-13,2019,1933,0,0,66,7,-0.47885139112778985,-0.0011971284778194745,-0.03070686421501684,0.17195888047751318,0.0005401852418764646,0.02255244876654749
2019-03-14,2019,1933,0,0,65,17,-0.7613439682290162,-0.0019033599205725404,-0.05488912245534114,0.1759940856087688,0.0007139974396834583,0.035704039892441135
2019-03-15,2019,1934,0,0,65,10,0.3878256607897861,0.0009695641519744653,0.020917610516704727,0.1633451874532554,0.0003032213882508179,0.034426703771818196
2019-03-18,2019,1934,0,0,65,5,-0.45798320379347135,-0.0011449580094836783,-0.05157465563099333,0.1754373319619434,0.0002894106466888368,0.0133042263112472
2019-03-19,2019,1935,0,0,66,10,0.0440892435491923,0.00011022310887298076,-0.03616012796255984,0.17286627545461322,0.0004043592604678915,0.013667848872382878
2019-03-20,2019,1936,0,0,67,6,0.3299234007943159,0.0008248085019857899,-0.02823633325230974,0.17154968120602698,0.0010304568625313518,0.019166131512970967
2019-03-22,2019,1936,0,0,66,8,0.20248085471270816,0.0005062021367817703,0.044396624136231945,0.15943159869780732,0.0009931657699820847,0.009027477877061332
2019-03-25,2019,1936,0,0,65,13,-0.9866216418437246,-0.0024665541046093114,0.007246812488749469,0.16562797955407804,0.0005012091033674585,0.018624062277187096
2019-03-26,2019,1936,0,0,63,14,-1.2082002208842697,-0.003020500552210674,-0.13274676539462824,0.1889854819948892,0.0013820614747008678,0.04988794381181386
2019-03-27,2019,1936,0,0,61,7,0.3597984456807664,0.000899496114201916,0.061510925111135824,0.15657296658341446,0.0003492994771633536,0.0189229901062311
2019-03-28,2019,1937,0,0,63,11,-0.8965103801160559,-0.0022412759502901396,-0.10622162584075392,0.18455997557030213,0.0006473942599662885,0.061280188743980966
2019-03-29,2019,1937,0,0,64,3,-0.42714278668920436,-0.001067856966723011,-0.09364090798256439,0.18245893048269127,0.0005432675192755953,0.021759520971647857
2019-04-01,2019,1937,0,0,63,5,-0.5375312941047008,-0.001343828235261752,-0.07070214093834697,0.17863048663692727,0.00042582038335375335,0.06296498618718223
2019-04-02,2019,1937,0,0,63,7,0.2583664671665379,0.0006459161679163447,-0.028640367253444897,0.17160012768992966,0.00033595857417901794,0.06255411460134867
2019-04-03,2019,1937,0,0,63,7,1.0614889615757805,0.002653722403939451,0.07333934457397528,0.1545962214125194,0.0003378170271188594,0.025995017821192675
2019-04-04,2019,1937,0,0,65,7,0.7175835867585154,0.0017939589668962885,0.03383565649930195,0.1611884722523095,0.0003056170060820826,0.012728943900988155
2019-04-05,2019,1937,0,0,64,8,0.7733643959096264,0.0019334109897740659,0.05411042052867012,0.15779586525214268,0.0003398175309153404,0.03464959531746085
2019-04-08,2019,1937,0,0,63,9,0.9123879940207029,0.0022809699850517575,0.08573878060296734,0.15252849250066564,0.0002476769454341259,0.017260901555058022
2019-04-09,2019,1937,0,0,64,13,1.0776524120000122,0.0026941310300000305,0.1317145938164746,0.14485219126956564,0.00033129197024748766,0.02488366844681253
2019-04-10,2019,1938,0,0,63,9,0.11299558654267286,0.00028248896635668213,-0.02040047299671402,0.17023323271580992,0.00027868533970033425,0.014235055720046305
2019-04-11,2019,1938,0,0,66,8,-2.0956137967777297,-0.005239034491944325,-0.18831197130173405,0.19825487861672916,0.0008589281615207319,0.0153746656797885
2019-04-12,2019,1938,0,0,65,9,0.7935063398239172,0.001983765849559793,0.05510960927597851,0.1576374433177874,0.000330753893719095,0.03191516159093423
2019-04-15,2019,1938,0,0,64,22,0.007843873293230885,1.9609683233077212e-05,0.013339166712049658,0.16460416468478672,0.00039781461885421985,0.026181036610871483
2019-04-16,2019,1938,0,0,65,11,-0.38195196088186956,-0.0009548799022046739,-0.04808305348841146,0.17485961731535946,0.0006588992514644532,0.01154109616533478
2019-04-17,2019,1938,0,0,65,9,2.6939097442020263,0.006734774360505066,0.23295150907221807,0.12796801314665804,0.0003151766611868665,0.01417435024848949
2019-04-18,2019,1938,0,0,65,14,0.7798976133920634,0.0019497440334801585,0.1423953354934492,0.14307156320253195,0.0002595521897347648,0.01836139515303215
2019-04-19,2019,1938,0,0,65,16,-0.10656161331514655,-0.00026640403328786637,0.033415377597041565,0.16124902549654344,0.0002194835742262368,0.0257531558133941
2019-04-22,2019,1938,0,0,64,13,0.07406375897654782,0.00018515939744136956,0.047500277766848,0.1589111334722722,0.0003504584130862785,0.02245011916238168
2019-04-23,2019,1938,0,0,63,5,-0.14591405880399133,-0.0003647851470099783,0.020451690176513996,0.16342148859255684,0.0003709625870621924,0.022149716490457615
2019-04-24,2019,1938,0,0,64,18,-0.09376259932316044,-0.00023440649830790112,-0.013743934286709452,0.169126041928563,0.00042270625093755813,0.02336028358001068
2019-04-25,2019,1938,0,0,64,14,-1.4147689570720998,-0.0035369223926802495,-0.10466346093396366,0.18429856464432134,0.0009408174957796965,0.0074113194253780865
2019-04-26,2019,1938,0,0,64,8,0.32700559802388574,0.0008175139950597144,-0.03807431570662231,0.17318914643631955,0.0007205695978412104,0.009055272175974599
2019-05-07,2019,1938,0,0,63,10,-0.04959370375210481,-0.00012398425938026203,-0.006419199085900496,0.1679085226246342,0.0009432200328877175,0.005840088685347431
2019-05-08,2019,1938,0,0,63,8,-0.27558406555527265,-0.0006889601638881816,0.004033691295192745,0.16616114902179602,0.000820150707933953,0.03434255220743159
2019-05-09,2019,1938,0,0,63,13,1.0411847732966513,0.002602961933241628,0.012284594336282663,0.16478742222912865,0.001380907734550943,0.0337452191182123
2019-05-10,2019,1938,0,0,64,20,0.5921612083688423,0.0014804030209221058,0.003457000671834223,0.1662598744805301,0.0009955808839594645,0.01553605675670955
2019-05-13,2019,1938,0,0,62,7,0.6587596251977434,0.0016468990629943587,0.041779786583700615,0.15986653481564955,0.0012620990080944817,0.024313612837662382
2019-05-14,2019,1938,0,0,61,17,0.27443737405260415,0.0006860934351315104,0.0500546463495777,0.15848380002488358,0.0010179680528454183,0.028841962823547906
2019-05-15,2019,1938,0,0,61,10,-0.5940623628547159,-0.0014851559071367899,-0.010500825086992288,0.1685881910715858,0.0006433951298369622,0.029698528496746337
2019-05-16,2019,1938,0,0,61,11,0.7976890250802752,0.001994222562700688,-0.004429754327515802,0.1675727522460411,0.0004470366180510818,0.019792194068650255
2019-05-17,2019,1938,0,0,60,5,-0.568420912861909,-0.0014210522821547725,-0.05844310533692865,0.17658516364488117,0.0003735145245551983,0.022402200952894493
2019-05-20,2019,1938,0,0,61,9,-0.36397170848570093,-0.0009099292712142523,-0.04261118095622873,0.17393923679939927,0.0003221862947194157,0.024495374777588695
2019-05-21,2019,1938,0,0,61,9,2.477208837671288,0.00619302209417822,0.15938122288391657,0.1402424737061232,0.00038529812122032627,0.014091704710417544
2019-05-22,2019,1938,0,0,60,7,-0.393250957530096,-0.0009831273938252399,0.009482883267094974,0.165250604139546,0.0003071114175660999,0.00852122319391316
2019-05-23,2019,1938,0,0,61,2,0.435416096695075,0.0010885402417376874,0.05224083663683124,0.15811476971059324,0.00038043743763576705,0.031274053297321795
2019-05-24,2019,1938,0,0,60,5,-0.22193827461272086,-0.0005548456865318022,0.0008758565667561661,0.16668835056841036,0.0004024008830256466,0.01990893199282081
2019-05-27,2019,1938,0,0,60,11,-0.8126544829135123,-0.0020316362072837807,-0.06472273571393758,0.1776318629743619,0.0003939332821051677,0.010083369487059943
2019-05-28,2019,1938,0,0,60,0,2.6832698565997735,0.006708174641499433,0.24964620424735204,0.12518446176240836,0.000368243243011501,0.015400498328198843
2019-05-29,2019,1938,0,0,60,7,0.48456944454336237,0.0012114236113584058,0.07788577196684232,0.15384059969331093,0.000367515466278181,0.0395794993657748
2019-05-30,2019,1938,0,0,59,11,0.33970461441947863,0.0008492615360486966,0.09938507405759764,0.1502563252264093,0.0006574961364532272,0.018794945818582154
2019-05-31,2019,1938,0,0,59,2,-3.1301075242793077,-0.007825268810698269,-0.2446196644680812,0.207649003109839,0.0007271195520132502,0.015637726886592672
2019-06-03,2019,1939,0,0,58,5,-1.3823185926350678,-0.0034557964815876696,-0.16979996893967153,0.1951674959459527,0.0016708208787997514,0.028284635104259673
2019-06-04,2019,1939,0,0,58,3,-1.0988767557599253,-0.0027471918893998133,-0.03674727410651517,0.17296087860226841,0.0004610174559795922,0.02902404458520883
2019-06-05,2019,1939,0,0,57,5,-0.29797183789160653,-0.0007449295947290163,-0.019343959146099782,0.17006086018797406,0.0005608397212117358,0.035701154279592764
2019-06-06,2019,1939,0,0,59,7,0.12030602474531449,0.00030076506186328623,-0.037576194566571804,0.17310470933010835,0.0006896339221560387,0.03095066045125653
2019-06-07,2019,1939,0,0,59,13,0.7476459793019523,0.0018691149482548807,0.06331621489367492,0.156264979801429,0.00028350754927842955,0.047450093393280254
2019-06-10,2019,1939,0,0,59,14,-0.06399285768611529,-0.00015998214421528823,-0.02330466915692125,0.17072008603933628,0.0003684476597640542,0.04919093835707829
2019-06-11,2019,1939,0,0,61,5,-1.637032996640384,-0.0040925824916009605,-0.20823873673006965,0.2015767742214449,0.0005624106582529757,0.012607708734170301
2019-06-12,2019,1940,0,0,62,7,-0.5222511967621621,-0.0013056279919054054,-0.006021187770935619,0.16783328422398264,0.0003135077059611776,0.07483990303200568
2019-06-13,2019,1940,0,0,62,15,-1.2713178428181988,-0.003178294607045497,-0.13324480536068792,0.18906303352675022,0.00038740966658926194,0.01779571461471501
2019-06-14,2019,1940,0,0,59,14,0.8220335397344689,0.0020550838493361722,0.06347062132405917,0.1562480423770861,0.00044949532773377,0.012000829930603505
2019-06-17,2019,1940,0,0,57,10,-1.1137398197682207,-0.002784349549420552,-0.10577035446870087,0.18448383317607273,0.0008406556128304631,0.032579111935609306
2019-06-18,2019,1941,0,0,58,9,-0.6697629060426636,-0.001674407265106659,-0.034569495775893515,0.17259556624153632,0.0003887166676492762,0.08145451804569695
2019-06-19,2019,1942,0,0,58,15,-0.5823111107029928,-0.001455777776757482,-0.07655332627896544,0.17960791201960202,0.00048640700915616075,0.05246275841569743
2019-06-20,2019,1942,0,0,57,10,-0.36718567546125114,-0.0009179641886531278,-0.008087898247544205,0.16817882452602134,0.00028012364901540355,0.02085555549178808
2019-06-21,2019,1942,0,0,57,14,0.18332867694582344,0.0004583216923645586,0.050922531363437676,0.1583320740269224,0.00027431430837915804,0.017130346789547148
2019-06-24,2019,1942,0,0,57,19,0.3926877604852479,0.0009817194012131198,0.0013656793640292855,0.1666074228923711,0.0004342889832472808,0.014100499079162903
2019-06-25,2019,1942,0,0,57,14,1.1281520597898096,0.002820380149474524,0.06848940537200819,0.15541005965574742,0.0005334173509708865,0.007827314994919517
2019-06-26,2019,1942,0,0,57,29,-0.17513857660332938,-0.0004378464415083234,-0.007617327901125141,0.168100607952621,0.0003738680836416111,0.015394063616014043
2019-06-27,2019,1943,0,0,57,2,0.1653011564574447,0.0004132528911436117,-0.008054994040926577,0.16818193337638687,0.0008353803950102841,0.03494557044159417
2019-06-28,2019,1943,0,0,57,11,-0.502574445294454,-0.0012564361132361352,-0.035654533989273506,0.1727810409264465,0.0002874404238397477,0.046490742724825666
2019-07-01,2019,1943,0,0,58,26,-2.344117304059216,-0.005860293260148039,-0.20755072525214383,0.20146140140120947,0.0006284939427112352,0.09087136678500937
2019-07-02,2019,1943,0,0,57,8,1.307481191067285,0.0032687029776682125,0.09915278439815942,0.150291838109662,0.0002453279075781157,0.17543477079956618
2019-07-03,2019,1943,0,0,57,3,0.34176185354624,0.0008544046338656,0.06705390854097829,0.15563814907682383,0.00025484861664466915,0.04295494704994883
2019-07-04,2019,1943,0,0,58,6,0.055512732840542256,0.00013878183210135563,-0.0035237128647153545,0.16742098599161429,0.0004698357711140471,0.03284240173948873
2019-07-05,2019,1943,0,0,55,6,0.4740973967586346,0.0011852434918965865,-0.017727423532732014,0.1697906367993438,0.00034047776515991736,0.06096705318775408
2019-07-08,2019,1943,0,0,54,1,0.3143344943287072,0.000785836235821768,0.03172257012997454,0.1615394713107489,0.0002665152890662971,0.01857546656075978
2019-07-09,2019,1943,0,0,53,3,-0.21851690834173887,-0.0005462922708543472,0.01341510966787232,0.1645959650045603,0.00032737165092578904,0.020728529831003803
2019-07-10,2019,1943,0,0,54,6,0.2959153247073011,0.0007397883117682527,0.05231397405880586,0.15810460354291622,0.0003948890635828872,0.21978112042530912
2019-07-11,2019,1943,0,0,55,4,-0.047008193378866636,-0.00011752048344716659,-0.025522826278048222,0.17108881170857393,0.0005638386169236508,0.010331917594624717
2019-07-12,2019,1943,0,0,52,1,-0.08504928487719365,-0.00021262321219298413,0.028334715743213775,0.16210396064415347,0.00028783459225295756,0.010894959830569343
2019-07-16,2019,1943,0,0,51,4,-0.5474689999212963,-0.0013686724998032407,-0.05805997877514921,0.1765246675676856,0.0009718479388345676,0.012458971611353249
2019-07-17,2019,1943,0,0,54,3,0.6259158310750643,0.0015647895776876608,0.05807983176018077,0.15714806951901897,0.0005261886862080585,0.009019573417555356
2019-07-18,2019,1944,0,0,55,16,-0.9734520220213112,-0.002433630055053278,-0.08578572027133469,0.18114470482363965,0.0003101542687328624,0.02868261693595652
2019-07-19,2019,1944,0,0,54,10,-0.3735423625638967,-0.0009338559064097418,-0.01223583153867292,0.1688758465692657,0.00021635871568230378,0.015299615755881351
2019-07-22,2019,1944,0,0,54,7,0.19975547565141671,0.0004993886891285418,-0.05189691125367089,0.17548730545565508,0.00024852674857007414,0.03305867878611909
2019-07-23,2019,1944,0,0,54,8,-0.03407717751260875,-8.519294378152187e-05,-0.031964169093654474,0.17216252114826577,0.00025291643963215983,0.010970592557971696
2019-07-24,2019,1944,0,0,54,9,-0.6135528344930324,-0.001533882086232581,-0.036779205679398325,0.17296297328305185,0.0003374253400025595,0.013275532465216348
2019-07-25,2019,1944,0,0,54,10,-0.7848783326372218,-0.0019621958315930547,-0.0682954375893386,0.17822451998361472,0.00033832705414053675,0.033300047278492624
2019-07-26,2019,1944,0,0,54,10,-0.3597491476860152,-0.0008993728692150379,0.021285779450173466,0.16328058056785938,0.00035355322097779736,0.038378227831270456
2019-07-29,2019,1945,0,0,54,7,-0.06586650409693529,-0.0001646662602423382,-0.023745120241084425,0.17079421277712326,0.0005166149006605059,0.026325462858703342
2019-07-30,2019,1945,0,0,55,15,-0.31103605484145874,-0.0007775901371036469,0.02019001346706787,0.16346073189846994,0.0004728621320630017,0.007048033601312818
2019-07-31,2019,1945,0,0,56,6,-1.385235717370647,-0.0034630892934266176,-0.15220683429085977,0.19223164353481692,0.0012710859725733978,0.01209064246743355
2019-08-01,2019,1945,0,0,55,8,-0.4336786825675203,-0.0010841967064188008,-0.055564365712955144,0.17610755950430435,0.0010144802944248943,0.01985256429703156
2019-08-02,2019,1945,0,0,56,25,0.8093754170016397,0.002023438542504099,0.05243570066375733,0.15808348895438284,0.00039748124953824145,0.028110778980805967
2019-08-05,2019,1945,0,0,54,27,1.1887674548096712,0.002971918637024178,0.050257262584127826,0.15844778958956615,0.0006143188474106551,0.019912784800899943
2019-08-06,2019,1945,0,0,54,24,-0.15000638411861955,-0.0003750159602965489,0.018332265807908026,0.16377412299046573,0.0006109018154988207,0.010208299967025289
2019-08-07,2019,1945,0,0,55,13,-0.5903093827266148,-0.001475773456816537,-0.048054162683320606,0.17484203241776328,0.0005847732038380718,0.01959371580557926
2019-08-08,2019,1945,0,0,53,9,-2.6544322672364293,-0.006636080668091074,-0.16810090558580199,0.1948824801907361,0.0010445828131309105,0.017409146442628292
2019-08-09,2019,1946,0,0,54,4,1.919250983224857,0.004798127458062142,0.13514536561361587,0.14428831861982477,0.0006543697685328177,0.018998920277961854
2019-08-13,2019,1946,0,0,54,4,1.2115901758482444,0.003028975439620611,0.07659810707027184,0.1540565210661764,0.0005202456563211247,0.028745294818709993
2019-08-14,2019,1946,0,0,54,2,-0.0771280870640287,-0.00019282021766007173,0.0014938689230257706,0.1665808388534021,0.0003301016633639201,0.017911039300978877
2019-08-15,2019,1946,0,0,54,9,-1.062676748444465,-0.0026566918711111625,-0.060151863728685535,0.1768585420321629,0.0004088009799343805,0.0525928456336203
2019-08-16,2019,1946,0,0,54,25,-0.4162481747351072,-0.0010406204368377681,0.0007209470090068109,0.16671371151108139,0.0004722973440265496,0.05134178399285323
2019-08-19,2019,1946,0,0,54,2,-0.8150200614422751,-0.002037550153605688,-0.10623521091991779,0.1845578192158536,0.00034653560977153435,0.07442029414869648
2019-08-20,2019,1946,0,0,54,1,0.23451013076924856,0.0005862753269231214,0.042242383232684644,0.1597692319546695,0.0002882549874669275,0.020329441245110807
2019-08-21,2019,1946,0,0,57,6,0.3983426163529885,0.0009958565408824712,0.038642324857236614,0.16037574160273063,0.00023959303143424778,0.020601393966521855
2019-08-22,2019,1946,0,0,57,15,-2.3648456034987086,-0.005912114008746772,-0.19126487033781817,0.1987476124362078,0.000604415508663292,0.007901103758006494
2019-08-23,2019,1946,0,0,57,12,-0.31925795342250507,-0.0007981448835562626,0.009828078278146286,0.1651887354375733,0.00031289972953764297,0.0032173444974912067
2019-08-26,2019,1946,0,0,58,3,0.9023701245440837,0.002255925311360209,0.0433558780746654,0.15959136676792113,0.00033017003796006935,0.10161091231948344
2019-08-27,2019,1946,0,0,54,8,-0.06352556304070078,-0.00015881390760175194,-0.00497009680399197,0.16765444745521785,0.0003175193842391377,0.033566644948556726
2019-08-28,2019,1946,0,0,54,12,2.6690325771537196,0.006672581442884299,0.25334935380144236,0.1245691042108758,0.0006295161158579272,0.026858583082547047
2019-08-29,2019,1946,0,0,53,17,-0.21919504650052346,-0.0005479876162513087,-0.03466894069440508,0.17261861689136804,0.00029251927745127537,0.012755160829314839
2019-08-30,2019,1946,0,0,53,2,0.021283433646174466,5.3208584115436164e-05,0.061238778773330206,0.15661307513733813,0.0002923143712248368,0.03156196306454316
2019-09-02,2019,1947,0,0,53,5,-1.1177631108254615,-0.002794407777063654,-0.10167908155325235,0.18379597286418178,0.0002718920900939706,0.013876439438083386
2019-09-03,2019,1947,0,0,53,6,1.2865629979506301,0.003216407494876575,0.1699405842022999,0.13848510548847773,0.0005847493326824537,0.03344909717572582
2019-09-04,2019,1947,0,0,54,6,-0.5625725165402646,-0.0014064312913506616,-0.0395648659602498,0.17343059097863836,0.000252805279170128,0.04017444376122198
2019-09-05,2019,1947,0,0,53,4,-0.18135989110218964,-0.0004533997277554741,0.02229230282751716,0.16311496058618802,0.00033767363863483136,0.027641560593494117
2019-09-06,2019,1947,0,0,52,11,4.973392872568419,0.012433482181421047,0.322994581764627,0.11294854711499624,0.0004657662135180481,0.023463439014480086
2019-09-09,2019,1947,0,0,51,21,1.7446986088247125,0.0043617465220617815,0.19210624701924847,0.1347867961110612,0.00046239665274139843,0.0309994506621706
2019-09-10,2019,1947,0,0,51,7,1.5088284928681486,0.0037720712321703716,0.1384307274249334,0.14373727863433078,0.0003446786318312714,0.018070246671876383
2019-09-11,2019,1947,0,0,51,8,0.7607009054057342,0.0019017522635143356,0.1155084807591886,0.14756374790895124,0.0003382337243295341,0.05415679735482496
2019-09-12,2019,1947,0,0,50,7,-0.11452490840694052,-0.0002863122710173513,-0.04524311855888334,0.17437609421812397,0.00038722542070189573,0.01739913725668014
2019-09-13,2019,1946,0,0,50,8,-2.0079915314854113,-0.005019978828713528,-0.14105134650905618,0.19036671177291392,0.0004967901318814936,0.017200690515591904
2019-09-17,2019,1945,0,0,50,11,0.3506519129111487,0.0008766297822778718,0.0038643434857810093,0.1661919967528602,0.0002912651166664964,0.015521967032924444
2019-09-18,2019,1945,0,0,49,5,0.12261300966130623,0.0003065325241532656,-0.03550591240212281,0.17275148548255922,0.0003480454739991241,0.03065301122084477
2019-09-19,2019,1945,0,0,48,12,-0.16664285231818576,-0.0004166071307954644,-0.05373658298231966,0.1757966086811872,0.0003610744983782298,0.024505637065336587
2019-09-20,2019,1946,0,0,50,11,0.14608240568410857,0.00036520601421027144,0.009728008957863198,0.16520765963153694,0.00022921129452330887,0.013366003195196045
2019-09-24,2019,1947,0,0,50,5,-1.2099988237144794,-0.0030249970592861985,-0.08503419983976097,0.1810199142397557,0.00026407370452533784,0.01407455781760144
2019-09-25,2019,1947,0,0,50,3,0.5763354584617735,0.0014408386461544336,0.0006786536491273085,0.16672362982330008,0.0005750561839425627,0.012660281338727949
2019-09-26,2019,1947,0,0,51,12,0.8238432525170158,0.0020596081312925394,0.02289199610254698,0.16301675887990844,0.00044243871951439785,0.011567171251411427
2019-09-27,2019,1948,0,0,51,6,1.4508214861117126,0.0036270537152792814,0.09830664765178247,0.15043583918653855,0.0006218324408306459,0.028157293762807664
2019-09-30,2019,1948,0,0,52,3,0.08386466067295123,0.00020966165168237808,-0.024637440750790607,0.17094324604199673,0.00031805578717241756,0.02688962243662824
2019-10-01,2019,1949,0,0,52,4,0.43855473019519975,0.0010963868254879993,0.024699759663725906,0.16271645203980117,0.0006627306524165642,0.03739198331730747
2019-10-02,2019,1949,0,0,52,8,-0.16460797712912578,-0.00041151994282281445,-0.032735559594376865,0.1722911014027076,0.0002593780026007071,0.023168298503630926
2019-10-03,2019,1949,0,0,52,2,-0.27148957529243306,-0.0006787239382310827,0.03743903639164982,0.16057787007634855,0.00028340343407848675,0.024801772796618254
2019-10-04,2019,1949,0,0,50,3,0.36074201551923313,0.0009018550387980828,0.06951440740343885,0.15523699547197078,0.00044195906305215954,0.015445781480429941
2019-10-07,2019,1949,0,0,49,5,-0.4467481804294031,-0.0011168704510735078,-0.0662263431355545,0.17787716947518492,0.00023151079038989807,0.011396805085761557
2019-10-08,2019,1950,0,0,52,12,0.45111230057990526,0.0011277807514497632,0.06997422017676629,0.155155205216949,0.0003432848703073859,0.020760126428571012
2019-10-09,2019,1951,0,0,56,8,-0.12854985531741692,-0.0003213746382935423,-0.04686920671185945,0.17464769030598784,0.0003234164020479913,0.014780001348747527
2019-10-10,2019,1951,0,0,58,14,-0.0007579156012305077,-1.8947890030762693e-06,-0.03190527902675027,0.17215991280116977,0.0006066981922787098,0.05339241598164061
2019-10-11,2019,1951,0,0,58,9,-0.29074318038801095,-0.0007268579509700274,-0.026431296176837753,0.1712422745833068,0.0004330945955634868,0.12507991486368508
2019-10-15,2019,1951,0,0,57,11,-0.16921705000498974,-0.00042304262501247433,-0.009908840330347545,0.16848558978335423,0.0003158657429402278,0.018572073874044265
2019-10-16,2019,1951,0,0,56,7,-1.1514144854063397,-0.002878536213515849,-0.09279811321999515,0.182313293238586,0.00030527634039584714,0.008154750248562801
2019-10-17,2019,1951,0,0,56,7,-0.30587987779760173,-0.0007646996944940043,-0.018723276425137443,0.16995243653602682,0.0003164288411689159,0.014216049648896424
2019-10-18,2019,1951,0,0,56,5,-0.7798363977464081,-0.0019495909943660203,-0.021405294357705284,0.17040470447731418,0.0003187290409907738,0.02779663239303009
2019-10-21,2019,1951,0,0,57,10,-0.5554511265703042,-0.0013886278164257605,-0.05202188704297963,0.17550730430053066,0.00032956625504841424,0.0495975950867002
2019-10-23,2019,1951,0,0,57,10,0.8771796377998168,0.002192949094499542,0.0760149521779997,0.15414377569317442,0.0002456289979927701,0.01171365121350611
2019-10-24,2019,1951,0,0,58,7,0.9927244470012095,0.002481811117503024,-0.037137119255890604,0.17302815104174565,0.00034640371789364325,0.024523636059731853
2019-10-25,2019,1952,0,0,58,17,0.017170843620790688,4.292710905197672e-05,-0.06779333673980889,0.17814351521475721,0.00032438705398197165,0.015313317618061578
2019-10-28,2019,1953,0,0,60,12,-0.38419504939778376,-0.0009604876234944594,0.04768408086641235,0.15887914461569885,0.0006014582357871916,0.032854529741794404
2019-10-29,2019,1953,0,0,59,14,-0.8042197160755259,-0.0020105492901888147,-0.02566215489847286,0.1711141817564365,0.0005609316688622545,0.010211347779649015
2019-10-30,2019,1954,0,0,59,2,0.8635303520688701,0.0021588258801721752,0.030661279765797734,0.16171977901357973,0.0005498371835531057,0.018514725730736516
2019-10-31,2019,1954,0,0,59,6,0.31570479206304825,0.0007892619801576206,0.06711772507625498,0.1556371119495646,0.0006567665873402713,0.06842366105030749
2019-11-01,2019,1955,0,0,63,8,0.4332364589500295,0.0010830911473750737,0.04377063182868071,0.1595278917424008,0.00044415820205551094,0.018526586138877973
2019-11-05,2019,1955,0,0,63,18,-0.14025438747549981,-0.0003506359686887495,-0.04460407570821403,0.17427290354223765,0.0004353006244212335,0.02535556956216837
2019-11-06,2019,1955,0,0,61,17,0.09754601965485139,0.00024386504913712849,-0.00722872785586974,0.16803507728302386,0.0005696621552491349,0.014474071146572533
2019-11-07,2019,1955,0,0,62,15,1.2741560851437328,0.003185390212859332,0.04684440956273033,0.15901967494371344,0.0006089620924629096,0.008561574690550851
2019-11-08,2019,1955,0,0,61,16,-0.37533831761338227,-0.0009383457940334557,-0.0337729571054577,0.17246570722702867,0.0003584720984184758,0.008557399255564462
2019-11-11,2019,1955,0,0,61,11,0.7146692678153355,0.0017866731695383386,0.04577337860207608,0.15919812954227888,0.0004926199932883468,0.035143525633821594
2019-11-12,2019,1955,0,0,61,16,-0.4996545463083908,-0.001249136365770977,-0.008918701565159427,0.16832372890357283,0.000661712111133478,0.015475062189028405
2019-11-13,2019,1955,0,0,61,8,0.5931970943462008,0.001482992735865502,0.01325218198744475,0.16462366889700927,0.0005809276465442185,0.023783608699472217
2019-11-14,2019,1955,0,0,61,4,0.5759505691500455,0.0014398764228751137,0.03601473856687164,0.16082411317338044,0.0003795272363132329,0.02368144144728212
2019-11-15,2019,1955,0,0,61,15,-0.16536197400456482,-0.000413404935011412,-0.07491611598460231,0.17932918986873614,0.0003098021225876866,0.008551381066024839
2019-11-18,2019,1955,0,0,61,13,0.2705286272159787,0.0006763215680399468,0.025325395423253592,0.1626084574018119,0.0003462469324735087,0.01079083938542581
2019-11-19,2019,1955,0,0,61,6,-0.37976833139863964,-0.0009494208284965991,-0.038540683470059525,0.1732585376214751,0.00024730913881404454,0.010574551262343478
2019-11-20,2019,1955,0,0,60,5,-0.3337459078692152,-0.0008343647696730381,-0.02626695447458571,0.1712066712196636,0.00026599566062809356,0.024365813128760495
2019-11-21,2019,1955,0,0,58,1,1.984909570491089,0.004962273926227723,0.19717455130207923,0.13393961718198702,0.0003644298072370267,0.01492683685408062
2019-11-22,2019,1955,0,0,58,6,-0.366570045209605,-0.0009164251130240126,-0.012902210336581267,0.16898403126144837,0.0002939366343793693,0.005805884717002177
2019-11-25,2019,1955,0,0,58,10,0.2756249665997821,0.0006890624164994552,0.02622583871754204,0.16245703492188976,0.00030401579188420153,0.010187075729139808
2019-11-26,2019,1955,0,0,59,1,-0.03585231275433193,-8.963078188582982e-05,0.02432348165484451,0.16277273346464988,0.00025535053199470317,0.015497984281828659
2019-11-27,2019,1955,0,0,58,6,-0.40599407914771496,-0.0010149851978692873,-0.016713493423298854,0.16961467215928958,0.00022884370795349398,0.006429907413445703
2019-11-28,2019,1955,0,0,58,7,-0.2364495064823081,-0.0005911237662057703,0.01819017953023647,0.16379869379426587,0.000300304000928091,0.01518734139459687
2019-11-29,2019,1955,0,0,58,1,-0.6605776817947749,-0.0016514442044869373,-0.04661185462335771,0.17461032997141943,0.00031459500189709,0.015586662798849762
2019-12-02,2019,1955,0,0,57,18,-0.35812020728135446,-0.0008953005182033861,-0.026796165097984055,0.17129738962673519,0.0002735407202584965,0.011854458214350088
2019-12-03,2019,1955,0,0,55,8,-1.2154182937936722,-0.00303854573448418,-0.07477030476970435,0.1793064584879731,0.0003214503977260647,0.028851557045092287
2019-12-04,2019,1955,0,0,55,14,0.5632063860233625,0.0014080159650584061,0.02470203385471599,0.1627080954608754,0.00023251561443711984,0.02167227285303369
2019-12-05,2019,1955,0,0,55,5,0.049102079147709254,0.00012275519786927313,-0.021659577454324674,0.17044336637376242,0.00033198711325899236,0.010611666330678395
2019-12-06,2019,1955,0,0,54,3,0.484549086284891,0.0012113727157122276,0.06661405711475409,0.15570890603458507,0.00023425712424148055,0.003973525997912427
2019-12-09,2019,1955,0,0,54,8,1.050972008949854,0.002627430022374635,0.06964693322220565,0.15521071004558779,0.0002674530641712361,0.01773071471402422
2019-12-10,2019,1956,0,0,54,6,0.20397514259190963,0.0005099378564797741,0.020845526691667362,0.16335166160819922,0.0002875561828228427,0.009820459637421043
2019-12-11,2019,1957,0,0,55,7,-0.21171077534572746,-0.0005292769383643186,-0.043835337770878474,0.17414766795394176,0.000482691732146682,0.006957816723153477
2019-12-12,2019,1958,0,0,55,1,0.32005166712167327,0.0008001291678041832,0.038664026505532606,0.1603772430325238,0.0003467342603967045,0.029437172851714707
2019-12-13,2019,1958,0,0,54,6,0.7607111590416299,0.0019017778976040747,0.060709556532446134,0.15669886597307373,0.0004495791145247194,0.021953794470756155
2019-12-16,2019,1960,0,0,56,14,0.33124996986888977,0.0008281249246722244,-0.014968966143662752,0.16932752554238364,0.0003632933181385507,0.004280969400811733
2019-12-17,2019,1962,0,0,58,10,0.7024534109963163,0.0017561335274907908,0.05380391736693089,0.15785482661869685,0.0002850832833721873,0.011019664781312595
2019-12-18,2019,1964,0,0,59,6,0.19411635493476576,0.0004852908873369144,0.017949324231858212,0.16383316997419803,0.00032164175588135914,0.03338058015636652
2019-12-19,2019,1965,0,0,56,13,0.7641026197509282,0.0019102565493773205,0.06748420618862104,0.15557288187420204,0.0002959159836920112,0.008296435125336885
2019-12-20,2019,1965,0,0,56,5,-0.13340396748591254,-0.00033350991871478134,-0.009174169504826309,0.1683522010640939,0.00019940063058731494,0.004552941049286445
2019-12-23,2019,1965,0,0,56,12,0.23409812991396906,0.0005852453247849227,0.01701018361254989,0.16399228520461903,0.00032811055428320614,0.009563188448116449
2019-12-24,2019,1965,0,0,56,8,0.08937032888390717,0.00022342582220976793,-0.016020899074086645,0.16950525200408556,0.0002603609703971743,0.0073379488508064595
2019-12-25,2019,1966,0,0,57,12,-0.27965249828893235,-0.0006991312457223309,-0.00043804636659286667,0.1669045589668684,0.00034879073571919376,0.008282182784443315
2019-12-26,2019,1966,0,0,58,9,-0.03328230239367169,-8.320575598417923e-05,-0.024563272351494473,0.17093096018612208,0.00034445796574481176,0.04484494743610593
2019-12-27,2019,1966,0,0,57,18,0.14177608208571701,0.00035444020521429253,0.007805129800882114,0.16553382233974565,0.000616474610672075,0.011367886880728165
2019-12-30,2020,1966,0,0,57,11,0.7174010982132724,0.001793502745533181,0.11071474291641566,0.14836456169490694,0.0004917955515146865,0.0075388182449207496
2020-01-06,2020,1966,0,0,56,10,-1.1911441921030752,-0.002977860480257688,-0.10922912654457378,0.1850593800228393,0.0005784542253112027,0.027894270559338467
2020-01-07,2020,1966,0,0,56,6,0.17970632630623262,0.00044926581576558157,0.034313677812957,0.16111121261063852,0.000485641770485103,0.023936838836657565
2020-01-08,2020,1966,0,0,55,11,0.5256160790354085,0.0013140401975885213,0.022980259021344207,0.1629952934056587,0.00042942373603555825,0.08703943446613964
2020-01-09,2020,1966,0,0,51,8,0.6402103498513629,0.0016005258746284072,0.016868651133143793,0.16401889150567978,0.000569498898691193,0.049052105720051066
2020-01-10,2020,1966,0,0,50,6,0.39761218651454727,0.0009940304662863682,0.00423183748669918,0.16611797464615577,0.0004221001056860816,0.013966602968642368
2020-01-14,2020,1966,0,0,48,3,0.6039145999950597,0.0015097864999876493,0.05658141188327955,0.15739135643066063,0.00030831819263779604,0.009187147551033267
2020-01-15,2020,1966,0,0,48,5,-0.45762019417553235,-0.0011440504854388308,-0.1433985878780666,0.19074457649197044,0.00023875485262773104,0.0073210950614668235
2020-01-16,2020,1966,0,0,48,5,-0.11657779792618972,-0.0002914444948154743,-0.0003497936805218825,0.16688691510839695,0.0002750670187814077,0.03332092376442429
2020-01-17,2020,1966,0,0,48,12,-0.2751999793601761,-0.0006879999484004402,0.03574026137316229,0.16086501012719603,0.00026923040476658605,0.0055309262984656535
2020-01-20,2020,1966,0,0,49,2,0.05150557656745802,0.00012876394141864505,-0.0022027756985253163,0.1671970459593351,0.00025274831848040916,0.013441959230945138
2020-01-21,2020,1966,0,0,50,12,0.16893256988383554,0.00042233142470958886,0.013629652915691171,0.16456085300756107,0.0003282279475020287,0.040499531035869014
2020-01-22,2020,1966,0,0,50,6,-0.09395572597725144,-0.0002348893149431286,0.06426774278199208,0.15610801669284546,0.0003522610322953378,0.02630667789576281
2020-01-23,2020,1966,0,0,50,9,-1.2564227961583492,-0.003141056990395873,0.02373647619804167,0.16287595413425393,0.0007949878653780839,0.03154246399222136
2020-01-24,2020,1966,0,0,47,7,0.7097031488970944,0.001774257872242736,0.05750138469055476,0.15723957887194004,0.00034646411406921544,0.01254892079609465
2020-01-27,2020,1966,0,0,46,6,-2.357513610560099,-0.0058937840264002474,-0.19630210413926577,0.19958150467048988,0.0003830852903454561,0.018703832336903273
2020-01-28,2020,1966,0,0,45,4,1.3560096784997993,0.003390024196249498,0.09549335344256416,0.1509041488323731,0.00071836563826239,0.01982268463090195
2020-01-29,2020,1966,0,0,45,4,-0.4543074931178953,-0.0011357687327947382,-0.010574817986457692,0.16859839460680648,0.000575858215240631,0.021578671192113808
2020-01-30,2020,1966,0,0,44,8,1.4849908502244076,0.003712477125561019,0.12251537964601915,0.14639468251287038,0.0005281641143903349,0.020806186698940275
2020-01-31,2020,1966,0,0,44,2,1.093389742865624,0.00273347435716406,0.09372385849641582,0.15119738386515955,0.0005499841203404491,0.013522123787920531
2020-02-03,2020,1966,0,0,41,3,-0.2970201584798353,-0.0007425503961995882,-0.029785087510664138,0.17179995777593313,0.0005063055432648787,0.03403266402101792
2020-02-04,2020,1966,0,0,41,2,2.140313908241883,0.005350784770604708,0.21739139495100818,0.1305665701643937,0.0006652986427961312,0.04047196819578706
2020-02-05,2020,1966,0,0,42,0,-0.37751906147698966,-0.0009437976536924742,-0.07699012908759055,0.17967861666511453,0.0004960263331346379,0.017566256931229634
2020-02-06,2020,1966,0,0,39,1,-1.0524552322857617,-0.0026311380807144042,-0.11439871097291554,0.18591894876102966,0.0005177925315540527,0.013511651033493673
2020-02-07,2020,1967,0,0,41,0,0.635123787758247,0.0015878094693956173,0.06687940676887802,0.15567536370860402,0.0005536036778017908,0.015529800192670782
2020-02-10,2020,1967,0,0,39,1,0.4179445396995623,0.0010448613492489058,0.06114630291439254,0.1566309528275883,0.0005731696745192545,0.011160582185966286
2020-02-12,2020,1967,0,0,40,6,0.5726579634627322,0.0014316449086568305,-0.001240334077406305,0.16703904899584907,0.0007054873601392974,0.012818590151302238
2020-02-13,2020,1967,0,0,40,5,-0.0007601213549222052,-1.900303387305513e-06,0.004339889402889362,0.16611116230975692,0.0008456630858115513,0.008735917487255444
2020-02-14,2020,1967,0,0,39,8,-0.1786456411749624,-0.000446614102937406,0.00686488331941156,0.16569020140603505,0.0006248999448548565,0.009262442605955977
2020-02-17,2020,1967,0,0,39,4,0.13408541170605592,0.0003352135292651398,0.00793761965115155,0.16550636222664097,0.0004623223173301745,0.027069135479253367
2020-02-18,2020,1967,0,0,39,9,0.6218875732982789,0.0015547189332456974,0.06578481781456248,0.15585241666990993,0.0002577809726788911,0.01469765946572577
2020-02-19,2020,1967,0,0,40,15,-0.5898966571951858,-0.0014747416429879644,-0.06481901363804887,0.17763834607613327,0.0002774592106009067,0.03203558872099694
2020-02-20,2020,1967,0,0,40,8,2.3338467131585316,0.005834616782896329,0.11058033502311664,0.14838739835093287,0.0017061782177153308,0.007949391820034934
2020-02-21,2020,1967,0,0,39,6,-1.8272033637714589,-0.004568008409428647,-0.14237557110994856,0.19058703925058837,0.0003727885977583231,0.005618464498294777
2020-02-25,2020,1967,0,0,39,26,-0.21525921765322042,-0.0005381480441330511,-0.030628078038186964,0.17194601428375766,0.0008538727220980229,0.07780320702111015
2020-02-26,2020,1967,0,0,39,1,0.826091379756571,0.0020652284493914274,0.07491976545671926,0.15433687833998458,0.0022960051414039053,0.01586098509997055
2020-02-27,2020,1967,0,0,40,32,0.6047641648108835,0.0015119104120272086,0.0660825088879935,0.15581113048916265,0.003703224574811959,0.0838808312704077
2020-02-28,2020,1967,0,0,40,36,1.018527913785376,0.00254631978446344,-0.05979405147822831,0.17681164064692842,0.0015159406872134972,0.14935456198701602
2020-03-02,2020,1968,0,0,41,22,-1.380477145044157,-0.003451192862610393,-0.08726057626468012,0.18138566422256494,0.0007373663838353923,0.14039860087025505
2020-03-03,2020,1968,0,0,41,37,1.0699779074551308,0.002674944768637827,0.052931566264145684,0.1579981639293561,0.0005660579934270988,0.02574286110636106
2020-03-04,2020,1968,0,0,43,0,0.9567406984436708,0.002391851746109177,0.15712314490798526,0.14062225101908246,0.0012294881105971722,0.013395049709852494
2020-03-05,2020,1968,0,0,43,3,3.077615469040893,0.007694038672602233,0.21979157702448257,0.13016694916525876,0.004695180178345978,0.023198897457859573
2020-03-06,2020,1968,0,0,43,43,0.4704634216455039,0.0011761585541137597,0.053964681813263145,0.15783234161283324,0.0034493822860893002,0.08150166948331092
2020-03-09,2020,1969,0,0,43,43,-2.716209948848837,-0.0067905248721220925,-0.1715991164747257,0.19546371012072541,0.003477838694308371,0.15460655090109196
2020-03-10,2020,1970,0,0,44,8,-1.359037380329747,-0.003397593450824368,-0.033967506653901955,0.1725029220745413,0.005777745690597491,0.16012664250301642
2020-03-11,2020,1970,0,0,43,34,2.580451926239464,0.00645112981559866,0.13436096579118523,0.14441970553478556,0.0020397301177978115,0.05102203299735366
2020-03-12,2020,1970,0,0,42,42,2.1411259313915254,0.005352814828478813,0.08910964160601918,0.15196875851988195,0.0030579861919198385,0.08278323441784365
2020-03-13,2020,1971,0,0,42,42,1.4026324766767635,0.003506581191691909,0.07738679281035486,0.15392486658077853,0.015375698691955124,0.15687098901595906
2020-03-16,2020,1971,0,0,42,7,-2.8314044086390684,-0.007078511021597671,-0.053221325805470475,0.17571475317350885,0.002476015083782376,0.10216959238953745
2020-03-17,2020,1971,0,0,40,2,2.5399552752187162,0.0063498881880467905,0.08824286109924352,0.15211372686949248,0.004551187931399379,0.20743993213883347
2020-03-18,2020,1971,0,0,39,1,3.1263953434650853,0.007815988358662714,-0.05186471289180623,0.17548858425264194,0.004205120268612477,0.05748683964210212
2020-03-19,2020,1971,0,0,36,0,3.23886767037261,0.008097169175931524,0.011867151022729188,0.16485595693195645,0.005156482870935225,0.05885338424834441
2020-03-23,2020,1971,0,0,35,3,6.468820724366273,0.01617205181091568,0.22443569880326233,0.1293919079480418,0.004557419673310615,0.11968853096618827
2020-03-24,2020,1971,0,0,35,3,-0.15894099461006395,-0.00039735248652515985,-0.041397151633707226,0.17374172538579222,0.002077958795838712,0.1537607095417641
2020-03-25,2020,1971,0,0,35,4,2.225045098197766,0.005562612745494415,0.12247714917002998,0.1464021835515226,0.0026724326554518293,0.2808374505414597
2020-03-26,2020,1972,0,0,36,8,0.5554560422732466,0.0013886401056831166,0.02897693437387316,0.16200116171318052,0.0015130829487014143,0.027507123129587883
2020-03-27,2020,1972,0,0,35,10,-0.7151406720462177,-0.0017878516801155442,-0.13124687133025362,0.18873178103128208,0.0028612077967927084,0.13148973705447786
2020-03-30,2020,1973,0,0,35,2,1.3889980030163027,0.003472495007540757,0.027120777123232707,0.16231084870615373,0.0013704350948865209,0.07286800091319834
2020-03-31,2020,1974,0,0,38,4,2.4107634324370286,0.006026908581092572,0.127676333373754,0.14553424295255277,0.0009488505095099214,0.04559084934094814
2020-04-01,2020,1974,0,0,39,22,2.4380131860449827,0.006095032965112457,0.05115422905349454,0.15830012416547704,0.0008568001372286966,0.0870150138757011
2020-04-02,2020,1974,0,0,39,22,-1.608273225845763,-0.004020683064614407,-0.03322233978107344,0.1723781725874512,0.0044668301870833624,0.058232222949250394
2020-04-03,2020,1974,0,0,39,18,-2.5345054339793673,-0.006336263584948419,-0.0529452121604989,0.17566838161491352,0.003166454222861484,0.08060293398171237
2020-04-06,2020,1974,0,0,39,7,-0.2589280188100793,-0.0006473200470251982,0.026004338699579854,0.16249540378194652,0.0015612957625961883,0.0845866512174851
2020-04-07,2020,1974,0,0,38,16,2.0741821244791234,0.005185455311197808,0.14552003068752092,0.1425561450513521,0.0012987969249894553,0.06934962609999314
2020-04-08,2020,1974,0,0,39,9,0.3275748692612379,0.0008189371731530948,0.07590970314783832,0.1541696757545918,0.0009212778684907519,0.14347610834033378
2020-04-09,2020,1974,0,0,40,9,-1.9738393588877792,-0.0049345983972194475,-0.0820951309886681,0.1805307815711265,0.0012603368809042663,0.3679898129522421
2020-04-10,2020,1974,0,0,42,7,0.35231801661913176,0.0008807950415478294,0.1352321071424443,0.1442732237606927,0.0008044964866833756,0.2114394766749812
2020-04-13,2020,1974,0,0,42,4,-2.606011349321994,-0.006515028373304985,-0.13684178707039565,0.18966441295750086,0.001445892583147308,0.055414551634201115
2020-04-14,2020,1974,0,0,42,12,-2.105741700320945,-0.005264354250802362,-0.07097173942735868,0.17867458988251794,0.0010657338899886248,0.07181208032208561
2020-04-15,2020,1974,0,0,43,9,-0.0026331181762419,-6.58279544060475e-06,-0.026512582898146286,0.17125620013544787,0.000724567700559145,0.057784339234693456
2020-04-16,2020,1974,0,0,43,18,-1.3920830606177608,-0.003480207651544402,0.00230816306642986,0.16644872618531897,0.0008768288992401521,0.027809059042623277
2020-04-17,2020,1974,0,0,44,15,-3.081802328313441,-0.007704505820783603,-0.2571553298642022,0.2097358817138686,0.0013001917200147796,0.023704476362993016
2020-04-20,2020,1974,0,0,45,8,-4.541467272781591,-0.011353668181953977,-0.28687161573195724,0.21469482242359442,0.0009710158148922204,0.021646569405474044
2020-04-21,2020,1974,0,0,45,10,3.6681257621393217,0.009170314405348304,0.1771984377760444,0.13727202823978546,0.0016630123621438984,0.4752907009571039
2020-04-22,2020,1974,0,0,47,12,-1.4475274465041177,-0.0036188186162602943,-0.07895509394700626,0.18000445257938677,0.0006170322109853206,0.052067244159846975
2020-04-23,2020,1974,0,0,47,9,0.4916582619729075,0.0012291456549322689,0.05208782295658594,0.15814494071121515,0.0011886402999965926,0.030479957243136978
2020-04-24,2020,1974,0,0,47,16,0.587331478283803,0.0014683286957095077,0.06604767664651191,0.1558120585963264,0.0007983438290654523,0.016754964767862437
2020-04-27,2020,1974,0,0,47,11,3.6614224166907396,0.00915355604172685,0.14004658378531534,0.1434703407374027,0.0010522937296560102,0.048004403526623274
2020-04-28,2020,1974,0,0,48,7,-1.7012631447037134,-0.004253157861759283,-0.1292181606209643,0.1883929547467597,0.0012225838161286,0.12247511278014865
2020-04-30,2020,1974,0,0,47,12,-1.3666612034758414,-0.0034166530086896037,-0.06375669636451888,0.1774702478117073,0.0009881414280942889,0.04760728990203022
2020-05-01,2020,1974,0,0,46,1,3.7402635233579673,0.009350658808394918,0.22051614021644025,0.13004516317837292,0.0010466746565847525,0.014571741372151177
2020-05-07,2020,1974,0,0,47,3,3.6259395176930482,0.009064848794232621,0.27801254115008256,0.12045288256079839,0.001547180989508111,0.017455360781059137
2020-05-08,2020,1974,0,0,48,4,-2.130905969834605,-0.005327264924586512,-0.14983458520330573,0.1918283014817064,0.0008361180836002423,0.03263334245355818
2020-05-11,2020,1974,0,0,48,5,-0.9249885938189192,-0.002312471484547298,-0.1098642333850425,0.185159998888979,0.0011282346945690367,0.03541937796317199
2020-05-12,2020,1974,0,0,46,4,-1.1191151532236954,-0.0027977878830592385,-0.07265859530739481,0.17895710682750998,0.001737299630509955,0.0157385867183198
2020-05-13,2020,1974,0,0,46,2,-0.8690857937607539,-0.0021727144844018846,-0.01710794411913529,0.1696885264352288,0.0008697343631389464,0.022103531564590523
2020-05-14,2020,1974,0,0,46,0,-0.42098094740404024,-0.0010524523685101006,-0.011390806008652237,0.1687333890670438,0.0011261000387293263,0.04655154152949007
2020-05-15,2020,1974,0,0,47,1,2.5853268369157374,0.006463317092289343,0.22118196020530947,0.1299332526691386,0.0007145959530252331,0.030395883200757402
2020-05-18,2020,1974,0,0,46,2,-0.35380641645534494,-0.0008845160411383624,-0.0504160308227364,0.17524305705410295,0.0006480353378694425,0.03964775190347713
2020-05-19,2020,1974,0,0,46,6,0.7245938768781776,0.001811484692195444,0.05530866065892568,0.15759937346501598,0.00045016140687510113,0.025823007902706897
2020-05-20,2020,1974,0,0,46,8,-0.07334472211411247,-0.0001833618052852812,-0.05307957659686426,0.17568831551332714,0.0005822567796385612,0.02659733362547742
2020-05-21,2020,1974,0,0,47,7,-0.5187122077374267,-0.0012967805193435666,-0.017396279075639808,0.16973710757763164,0.0008948269863361734,0.015784700276939654
2020-05-22,2020,1974,0,0,49,2,3.5465719444797292,0.008866429861199322,0.22536502312431103,0.129236029900541,0.0008733691492203012,0.018313569257997042
2020-05-25,2020,1974,0,0,49,15,1.4130380825197253,0.003532595206299313,0.0538032374350904,0.1578560882072921,0.0007024932288708251,0.022343444855437374
2020-05-26,2020,1974,0,0,49,13,1.9562888454357064,0.004890722113589266,0.036873263043576084,0.16068275214326055,0.0005507302693560967,0.019644919656388152
2020-05-27,2020,1974,0,0,49,24,3.3654085090231227,0.008413521272557806,0.14580767162945457,0.1425083958707488,0.0009157073361880825,0.01981135769535871
2020-05-28,2020,1974,0,0,49,28,1.7820319869506118,0.004455079967376529,0.08336755346764334,0.15292380788455978,0.0006804662976324018,0.017655783260691407
2020-05-29,2020,1974,0,0,48,23,0.5132666498082314,0.0012831666245205786,-0.044581593964101274,0.17427215151770642,0.0007476557787505749,0.0455046406783737
2020-06-01,2020,1974,0,0,48,7,2.3731205433350593,0.005932801358337648,0.1976107890625019,0.13386423436704276,0.00040324708615492664,0.020842641714714397
2020-06-02,2020,1974,0,0,48,11,0.0489248152182481,0.00012231203804562025,-0.005268458556826146,0.16770462672342357,0.0005083121286471026,0.10673723885197353
2020-06-03,2020,1974,0,0,48,17,-1.4251780095332,-0.0035629450238330003,-0.10570789104365863,0.18446859308588656,0.0005523555347745938,0.03604354741418559
2020-06-04,2020,1974,0,0,48,18,-0.3472488666327993,-0.0008681221665819982,-0.04945474329426577,0.17508538454660194,0.0008415477806413509,0.020545263422093233
2020-06-05,2020,1974,0,0,46,15,1.7611598174856449,0.004402899543714112,0.16315367214701115,0.13961209062876867,0.000463440373688767,0.026849478285454004
2020-06-08,2020,1974,0,0,45,14,-0.5429168957179323,-0.0013572922392948309,-0.010663017771679896,0.16860875649155957,0.0006173350562420204,0.029440664151654097
2020-06-09,2020,1974,0,0,45,35,4.242424312273995,0.010606060780684988,0.2967114717310846,0.11733326682532065,0.0013078923233361681,0.022523890734958137
2020-06-10,2020,1974,0,0,45,27,0.2806568882267415,0.0007016422205668538,0.053918454194612955,0.15783964853542268,0.0007948966519229427,0.017226054671651024
2020-06-11,2020,1974,0,0,44,1,-0.5590082285574156,-0.001397520571393539,-0.0027816476829960824,0.16729944675180605,0.0013413720222245267,0.0635501480736102
2020-06-12,2020,1974,0,0,44,0,0.10625302239019607,0.00026563255597549017,0.018477170652869915,0.1637529292678079,0.0025851196818917088,0.03981630767595484
2020-06-15,2020,1974,0,0,44,0,-1.2683651014506527,-0.0031709127536266317,-0.06837346772121593,0.1782402363954398,0.0007274083272166161,0.04166419138065373
2020-06-16,2020,1974,0,0,44,4,-0.9779781787887425,-0.0024449454469718562,-0.09240577507615738,0.18224295784828676,0.0007129879764216908,0.1562585120251837
2020-06-17,2020,1974,0,0,45,19,1.3508437844674124,0.003377109461168531,0.04925347719499174,0.15861527521222277,0.0005188176516608142,0.0715111659121045
2020-06-18,2020,1974,0,0,45,17,-0.7149417791241971,-0.0017873544478104928,-0.07203412197367082,0.17884499232951911,0.00044975433248162526,0.029373159379047668
2020-06-19,2020,1974,0,0,46,5,0.3047788902933939,0.0007619472257334848,0.02120862481629234,0.16328925540637804,0.0003121254670833319,0.032352482371178055
2020-06-22,2020,1974,0,0,46,18,-0.44605475558199004,-0.001115136888954975,-0.0346076539699733,0.1726065919744767,0.0005164804154489765,0.026412958051738905
2020-06-23,2020,1974,0,0,45,15,0.3007867913374409,0.0007519669783436023,0.054225957645829374,0.1577868885841128,0.0005779163250068238,0.020062699868016728
2020-06-24,2020,1974,0,0,46,16,-1.905540647357637,-0.004763851618394092,-0.11817587558480638,0.1865494232445582,0.0006590585228213266,0.03759592300816182
2020-06-25,2020,1974,0,0,45,8,-0.1345402184445108,-0.00033635054611127704,-0.024035330550977518,0.17084461081757885,0.0008365535258821056,0.024894546616585113
2020-06-26,2020,1974,0,0,44,15,1.5797607489848593,0.0039494018724621485,0.164210330313132,0.1394358060830102,0.0004901761639184865,0.07045326225136805
2020-06-29,2020,1974,0,0,43,18,0.8994977385857084,0.002248744346464271,0.06881323259342867,0.15535455404461757,0.0005999724121164436,0.04279230917123536
2020-06-30,2020,1975,0,0,44,22,1.512561611880042,0.003781404029700105,0.050698883992595735,0.15837470127574232,0.0007260312611678388,0.040049254957707496
2020-07-01,2020,1975,0,0,44,24,-0.04549016629273939,-0.00011372541573184847,0.016861693170290286,0.16401973224800195,0.000791299525160682,0.048654699931421345
2020-07-02,2020,1975,0,0,44,13,0.3549456046687305,0.0008873640116718262,-0.03679752174436565,0.17297393854061996,0.0012717578548651126,0.07951270805426293
2020-07-03,2020,1975,0,0,44,4,-2.006415485299436,-0.005016038713248589,-0.1279702561354207,0.18818113831287375,0.0005582043753564856,0.028500470928302907
2020-07-06,2020,1975,0,0,44,2,-0.5592082717194748,-0.0013980206792986872,0.025559629088937528,0.1625692096208036,0.0005919031259486313,0.027097477420031067
2020-07-07,2020,1975,0,0,45,10,0.11949071362243746,0.0002987267840560937,0.058114070215673844,0.15713589814446327,0.0005597970812590869,0.04492784714317573
2020-07-08,2020,1975,0,0,46,3,-0.9231512460484876,-0.002307878115121219,-0.005712728953181658,0.16778785550049663,0.0009693058072808551,0.05248636341844711
2020-07-09,2020,1975,0,0,44,2,-0.09136689643269769,-0.0002284172410817442,-0.006719214848530718,0.16795635341311543,0.001356826000208402,0.030321404323246714
2020-07-10,2020,1976,0,0,45,5,0.10270209839970046,0.00025675524599925114,-0.03443997284303259,0.1725743778084977,0.00047862420423356385,0.08468516632869262
2020-07-13,2020,1976,0,0,45,1,0.4712851931409947,0.0011782129828524868,0.09019603010382057,0.15178615801085546,0.0006966216208700034,0.029294106156363634
2020-07-14,2020,1976,0,0,45,3,0.3243697764107586,0.0008109244410268965,-0.001490544197077547,0.16708100052739913,0.0006903271622059083,0.047534364740473053
2020-07-15,2020,1978,0,0,47,20,-0.6183629079949386,-0.0015459072699873467,-0.08263576581415566,0.18061917866684138,0.000475679457997767,0.015696876279241583
2020-07-16,2020,1978,0,0,48,5,-1.1778086829042176,-0.002944521707260544,-0.08483532984369682,0.18098424512825562,0.00047377373859619666,0.02950201343910018
2020-07-17,2020,1978,0,0,47,3,-0.171279560412128,-0.00042819890103032,0.038859302529168055,0.1603482982891005,0.0005263698939197654,0.01484140554478888
2020-07-20,2020,1978,0,0,47,13,0.11522568371354147,0.0002880642092838537,0.034138481702919915,0.16113716163071184,0.00047234297397621186,0.014662382851692557
2020-07-21,2020,1978,0,0,47,9,-0.8476401542334115,-0.0021191003855835287,-0.06973107071663799,0.17846555287889904,0.000552175878954188,0.04213725810513304
2020-07-22,2020,1978,0,0,47,7,-0.5908568067748226,-0.0014771420169370564,-0.08083002407943633,0.18031603293277595,0.0005154945990130017,0.021854920378900355
2020-07-27,2020,1978,0,0,48,6,-1.6596733901474638,-0.004149183475368659,-0.08880558597191751,0.18165017064166258,0.0008366075961878828,0.018149925568985655
2020-07-28,2020,1978,0,0,49,5,2.5222081064749697,0.006305520266187425,0.13486150884812304,0.14433316801573304,0.0006922575466174575,0.02242799202361638
2020-07-29,2020,1978,0,0,50,5,1.2362085617510647,0.0030905214043776617,0.09460899133369213,0.15105106037321045,0.0017054899369462004,0.26013709224798837
2020-07-30,2020,1978,0,0,49,4,-0.9663251317020811,-0.002415812829255203,-0.06581627652439583,0.17781520457464436,0.0018412540845258452,0.07750390317634741
2020-07-31,2020,1980,0,0,51,10,-3.5802584265390314,-0.008950646066347578,-0.24388356456668064,0.20752195660356537,0.0024622401802311586,0.04804083662449085
2020-08-03,2020,1981,0,0,52,3,0.6080038487120956,0.001520009621780239,0.023112572304784647,0.162973659480914,0.0006098364410820408,0.03757749128813793
2020-08-04,2020,1981,0,0,52,2,-0.18311836209662613,-0.00045779590524156535,0.002703812208573817,0.16638111595922925,0.0007415332233679201,0.09027905700057212
2020-08-05,2020,1981,0,0,52,6,1.59474311065698,0.00398685777664245,0.07249094062117448,0.15473727093440126,0.0009034876362178472,0.042028324534200676
2020-08-06,2020,1981,0,0,52,11,2.2659743142371167,0.005664935785592792,0.08599161717856095,0.15248830777139483,0.0018971219748485108,0.020283491292297607
2020-08-07,2020,1981,0,0,54,6,3.052812597386691,0.007632031493466728,0.2041019740434939,0.13278252456081988,0.0007941251303468125,0.019279883810677922
2020-08-11,2020,1981,0,0,55,0,0.49380301125725756,0.001234507528143144,0.05219691275126329,0.15812309861498747,0.0006900166941380424,0.030672412463865116
2020-08-12,2020,1981,0,0,55,0,1.2657336834644182,0.0031643342086610455,0.0940141226257353,0.1511478482374724,0.0005336005234916019,0.023722706930034494
2020-08-13,2020,1981,0,0,54,3,-0.5743426964910058,-0.0014358567412275144,-0.025529367976948228,0.17109074488170214,0.000650854314199121,0.06563338072328226
2020-08-14,2020,1981,0,0,54,0,-1.5024719306892287,-0.0037561798267230716,-0.16159808908453385,0.19379038203510843,0.000565606953432775,0.048234359694388544
2020-08-17,2020,1981,0,0,54,0,-0.7476539605921522,-0.0018691349014803805,-0.011373384507531144,0.16872605968052481,0.00047255737628915215,0.01938613923376143
2020-08-18,2020,1981,0,0,54,5,-0.013572643236801962,-3.39316080920049e-05,-0.030340230377888428,0.1718925232134623,0.00048192632098291015,0.06400757589315187
2020-08-19,2020,1981,0,0,54,4,1.1498522674735612,0.002874630668683903,0.021823117672899496,0.1631848662822268,0.0003764884123968123,0.023803432803727806
2020-08-20,2020,1982,0,1,55,9,-1.168892572862146,-0.002922231432155365,-0.03819348081529735,0.17320193648146323,0.0004898388996895552,0.06995948395058314
2020-08-21,2020,1982,0,0,57,2,-2.748519978796158,-0.006871299946990395,-0.12856529829237986,0.18828198535326035,0.0005506899381902048,0.04020321271305822
2020-08-24,2020,1982,0,0,56,9,1.5281484699161723,0.0038203711747904308,0.07654886374073656,0.15405244977016447,0.0004464003958767613,0.08348768006542535
2020-08-25,2020,1982,0,0,56,4,0.4288833964865917,0.0010722084912164792,0.004901491219423692,0.1660141213022426,0.0004369112176899273,0.02214645054647759
2020-08-26,2020,1982,0,0,57,7,0.25019554461755966,0.0006254888615438992,0.13253020836207463,0.14472295318127584,0.0008086116860572978,0.015283089832914674
2020-08-27,2020,1982,0,0,58,13,-2.358813748259287,-0.005897034370648218,-0.13320990185862905,0.18905662283284652,0.0007193197449041,0.05275484567518112
2020-08-28,2020,1982,0,0,58,2,0.15155275826712153,0.00037888189566780383,0.0019331691330239428,0.16650693010263853,0.0005281623022767723,0.02521099182201231
2020-08-31,2020,1982,0,0,58,7,-0.7800159338333237,-0.0019500398345833091,-0.05261649006688212,0.17560804697568289,0.00037638473681640586,0.008496873315508253
2020-09-01,2020,1982,0,0,58,11,0.19338830091940262,0.00048347075229850653,0.007046094758615505,0.16565308570789883,0.0003520181440809993,0.010777360067460169
2020-09-02,2020,1982,0,0,58,16,0.05246922090048045,0.00013117305225120114,0.06669714615748677,0.1557013726695782,0.000499842065153224,0.023538635068461062
2020-09-03,2020,1982,0,0,58,10,-1.9924345416495055,-0.004981086354123764,-0.04020064304210351,0.17353901268261285,0.0005808471691582995,0.019567284894985014
2020-09-04,2020,1982,0,0,58,3,1.4576255907083233,0.0036440639767708082,0.05313123542605211,0.15796772915642582,0.0006773016366048437,0.020884069366724038
2020-09-07,2020,1982,0,0,56,7,-0.9128105401152359,-0.0022820263502880897,-0.0729324281888585,0.17899626439366553,0.0003483726136255374,0.016723327145557916
2020-09-08,2020,1982,0,0,56,12,-1.4479710911681685,-0.003619927727920421,-0.1567803585990825,0.19298477968435676,0.00039526312044962654,0.011805007139122187
2020-09-09,2020,1982,0,0,56,5,0.31198943335030815,0.0007799735833757704,0.03192873891887589,0.1615023781471355,0.0005064501752087645,0.009168931173523796
2020-09-10,2020,1982,0,0,58,6,0.8845035549920854,0.0022112588874802137,0.051902579071385145,0.15817016340640463,0.0005544315927823745,0.016787488292715497
2020-09-11,2020,1982,0,0,58,11,-1.781275245019505,-0.004453188112548762,-0.14805911311646017,0.19153006143697734,0.0004837367177192952,0.02829001051101948
2020-09-14,2020,1982,0,0,57,9,-2.4220487933613795,-0.006055121983403449,-0.16187881707297883,0.19383838989544447,0.0006000740007434689,0.035021981234617944
2020-09-15,2020,1982,0,0,58,6,-0.5726866375613835,-0.0014317165939034587,-0.03373089017854493,0.17245066546985496,0.0003827738989856148,0.033150928679814486
2020-09-16,2020,1982,0,0,57,11,-0.09027441705811157,-0.00022568604264527892,0.08070872996050868,0.15336573581310467,0.00040371952875739526,0.016623969738421306
2020-09-17,2020,1983,0,0,58,6,-1.182866574916194,-0.002957166437290485,-0.05743269253829701,0.17641203413579631,0.0006579409233221573,0.006982614861163694
2020-09-18,2020,1983,0,0,58,7,1.218713416094162,0.003046783540235405,0.12512392303540049,0.1459577896704215,0.0007805406664734424,0.02162714149126853
2020-09-23,2020,1983,0,0,58,9,0.5059610147341194,0.0012649025368352985,0.009741717426198728,0.16520693568004735,0.00045339310586767017,0.008038453691661444
2020-09-24,2020,1984,0,0,58,2,1.0614610191011207,0.0026536525477528017,-0.014883307448168763,0.16931745564651385,0.0009770882929723901,0.041590192206213225
2020-09-25,2020,1986,0,0,60,6,-1.2083980481273484,-0.003020995120318371,-0.13199916243751472,0.18885387901147674,0.0006333365621200901,0.04084318456945896
2020-09-28,2020,1986,0,0,60,12,-2.2265456440601104,-0.005566364110150276,-0.15857146716854129,0.19328948912588426,0.0015631457311964978,0.04961463415223881
2020-09-29,2020,1986,0,0,59,11,0.0,0.0,,0.08341729638958857,2.487250121627788e-05,0.04929271159519682
2020-09-30,2020,1986,0,0,59,8,0.14305237186360564,0.0003576309296590141,0.07218687174372064,0.15479073473197982,0.00090151976564608,0.13646309407350848
2020-10-02,2020,1989,0,1,62,3,1.5846121146608205,0.0039615302866520515,0.18684932282307548,0.1356562179318501,0.00035265827306569836,0.03782182214723892
2020-10-05,2020,1990,0,0,61,1,-1.118950962269056,-0.00279737740567264,-0.04057727238989265,0.17360090177109797,0.0004115445249231825,0.024677951037247695
2020-10-06,2020,1990,0,0,62,5,-1.0577416457285138,-0.0026443541143212844,-0.07900291949793253,0.18000686161441584,0.00040328826467105256,0.009715814556945129
2020-10-07,2020,1990,0,0,61,7,1.693338787571003,0.0042333469689275075,0.06850234939686876,0.15540155235990458,0.00044444936999111844,0.007686422353480842
2020-10-08,2020,1990,0,0,60,7,0.7405118076158241,0.0018512795190395604,0.07656370441348201,0.15405541337844592,0.0004334321918665724,0.049567017732347216
2020-10-09,2020,1990,0,0,57,9,0.3524961438807604,0.000881240359701901,0.02380389126750674,0.16285436412315152,0.00034036432432318084,0.015389340890544301
2020-10-12,2020,1990,0,0,57,13,2.7528182984469263,0.006882045746117315,0.17096104026307093,0.13830945310053655,0.00048321158983532066,0.00914038588078029
2020-10-13,2020,1990,0,0,59,14,0.20223926465625763,0.0005055981616406441,-0.020909595412963937,0.1703173572340407,0.0005056932900089067,0.008833254681998045
2020-10-14,2020,1990,0,0,59,7,-2.1116476341957497,-0.005279119085489375,-0.08196311496801191,0.1805062693898453,0.0007777050889603995,0.014189363603182738
2020-10-15,2020,1989,0,0,57,14,-0.08553946147556646,-0.00021384865368891614,-0.04547797839710209,0.17441987413025323,0.0008304791826097112,0.03994337451969029
2020-10-16,2020,1989,0,0,57,9,-1.1642642056088712,-0.002910660514022178,-0.03990061313379309,0.17348966332599908,0.000500233818233281,0.055051362907160305
2020-10-19,2020,1989,0,0,58,4,-0.06438392144458716,-0.00016095980361146789,0.022559543408167033,0.16306692082577717,0.0005046705665508212,0.022787700428723943
2020-10-20,2020,1989,0,0,57,4,-2.415123221014867,-0.006037808052537168,-0.07238913130424225,0.1789089918771592,0.0005851156112056253,0.0298310949310712
2020-10-21,2020,1989,0,0,58,5,0.2334752976427294,0.0005836882441068235,0.020205296424878734,0.16345787878984572,0.0004555835417153321,0.009527607565476036
2020-10-22,2020,1989,0,0,58,10,1.0895663367979536,0.002723915841994884,0.06380245523081546,0.156181387071179,0.0005464126720695053,0.013323849834125646
2020-10-23,2020,1989,0,0,58,5,-2.7243522476022104,-0.006810880619005526,-0.20129463375114082,0.20041067046353736,0.0004328010378497064,0.01658867318623248
2020-10-26,2020,1989,0,0,57,8,-3.5860999261382314,-0.008965249815345579,-0.20482478243884203,0.20100263552641032,0.0005838038969914489,0.03198925876777447
2020-10-27,2020,1989,0,0,57,1,1.1337348666474418,0.0028343371666186045,0.14023229423898917,0.14343212882689177,0.00044203782034246523,0.013068580422657327
2020-10-28,2020,1990,0,0,54,1,0.7620748176151313,0.0019051870440378283,0.06085699175705828,0.1566808924943088,0.0009551674823203254,0.01634105028141805
2020-10-29,2020,1991,0,0,53,6,2.9134097081098465,0.0072835242702746165,0.22971034018379483,0.12850989207500518,0.0008195660835118338,0.02799786198445284
2020-10-30,2020,1991,0,0,53,9,-2.1804153137257227,-0.0054510382843143065,-0.18353339017830292,0.1974495148371708,0.001022305996091266,0.06392322232876821
2020-11-02,2020,1991,0,0,53,1,-0.8292646361509706,-0.002073161590377426,-0.039791285832868915,0.17347107753938962,0.0009794078263804366,0.09317634471933041
2020-11-04,2020,1991,0,0,53,0,0.6576177926268345,0.0016440444815670862,0.02991484166378255,0.16183848371432719,0.0006543620261253966,0.016727063628498323
2020-11-05,2020,1991,0,0,53,0,-1.93013810415705,-0.004825345260392625,-0.18441514053902786,0.19759763313842116,0.0009609939908209246,0.019031246637931206
2020-11-06,2020,1991,0,0,53,3,5.545916645665387,0.013864791614163468,0.19695254765229842,0.13397532412433819,0.0021370486572046786,0.02367410553089833
2020-11-09,2020,1991,0,0,53,10,-1.0514717007965975,-0.0026286792519914937,-0.06122998538061945,0.17704711738415405,0.000817093424848078,0.04732558416687989
2020-11-10,2020,1991,0,0,53,4,0.6747373260628785,0.0016868433151571963,-0.030134741837483207,0.1718582474700456,0.0007269945797943714,0.03284885017911895
2020-11-11,2020,1991,0,0,53,5,-1.095676393316177,-0.002739190983290443,-0.08820445489783085,0.18154882851978368,0.0012094590987442259,0.1816074450395406
2020-11-12,2020,1991,0,0,53,0,-2.6346986285681684,-0.006586746571420421,-0.21335074051487424,0.20242693919308688,0.0010689653356115729,0.15965254232356457
2020-11-13,2020,1991,0,0,53,0,-1.0764394890745468,-0.0026910987226863668,-0.10175185981799074,0.18380720933400066,0.0007516358993968434,0.136114279817356
2020-11-16,2020,1991,0,0,53,6,1.0795573410468646,0.0026988933526171615,-0.02090592445987171,0.1703194156411358,0.0005012932568332455,0.1271214746450317
2020-11-17,2020,1991,0,0,52,20,0.6421565257057937,0.0016053913142644843,0.022917374552763114,0.16300074692825883,0.0004331983953384888,0.10854296261719103
2020-11-18,2020,1991,0,0,52,6,0.9169165731036759,0.0022922914327591897,0.0752485860374153,0.15427632839989747,0.00034288971360584177,0.0959692508301651
2020-11-19,2020,1991,0,0,51,2,-3.1007760758658955,-0.0077519401896647385,-0.15799518325095444,0.19319077258232487,0.0007002486688904777,0.08348025512501649
2020-11-20,2020,1991,0,0,51,8,-1.4905196225373452,-0.003726299056343363,-0.06450807667762563,0.17759308367667637,0.000501273630514553,0.07861453806961052
2020-11-24,2020,1991,0,0,51,4,0.968948987794368,0.00242237246948592,0.03580572226779363,0.16085533070580954,0.00046058422081631466,0.11865101606725703
2020-11-25,2020,1991,0,0,51,7,-1.6224068280389727,-0.004056017070097432,-0.09199959791174396,0.18217921335639428,0.0005124953469520472,0.0633814045497717
2020-11-26,2020,1991,0,0,50,11,-0.46862724830173486,-0.001171568120754337,-0.009665748901789568,0.1684461086099285,0.0011313479892021993,0.0490688663773946
2020-11-27,2020,1991,0,0,50,15,0.06123518298946795,0.00015308795747366987,-0.003011884965127857,0.16733436324930331,0.0005376253000755726,0.04156072652879774
2020-11-30,2020,1991,0,0,50,2,1.1888621010079177,0.0029721552525197943,0.07232839231489548,0.15476423577064696,0.00042492676931956655,0.025641925738087254
2020-12-01,2020,1991,0,0,51,10,0.10489091630393772,0.0002622272907598443,0.003957793624214967,0.16616906657469283,0.0005244753782045936,0.035612683951038455
2020-12-02,2020,1991,0,0,52,12,-0.14968443769580822,-0.00037421109423952054,-0.03944996550303353,0.17341035220346057,0.0004897837725096938,0.03260778732090749
2020-12-03,2020,1991,0,0,52,5,-0.4961755132188461,-0.0012404387830471154,-0.05897881330532087,0.1766704804711274,0.0007045136226987871,0.025207990835247673
2020-12-04,2020,1991,0,0,51,4,2.1762075363556708,0.005440518840889177,0.1544393293374157,0.14106232059317053,0.0004045586007015864,0.02605387461629326
2020-12-07,2020,1991,0,0,51,3,-1.84118219008224,-0.0046029554752056,-0.1863417090106967,0.19791724885415599,0.00052806222984746,0.044169491333453346
2020-12-08,2020,1991,0,0,51,10,-0.29188585001515543,-0.0007297146250378885,0.002865833299073872,0.16635177590336028,0.00037171216839336263,0.01706374115139861
2020-12-09,2020,1991,0,0,52,2,-0.15478144996351295,-0.0003869536249087824,-0.03472689126060983,0.17262154582619593,0.0005274185771287067,0.025713144502614083
2020-12-10,2020,1991,0,0,49,10,-0.0019289082744131658,-4.822270686032914e-06,0.01176882602413393,0.16486631839692847,0.0005346540365385348,0.007718043287177868
2020-12-11,2020,1991,0,0,49,13,0.06572589301051479,0.00016431473252628698,-0.024876782663215396,0.17097575183373284,0.0004492243861644335,0.005355635294516548
2020-12-14,2020,1991,0,0,50,4,-0.2193694805422303,-0.0005484237013555758,0.012322842211484004,0.16477142101706108,0.000523096147812239,0.06338355043064534
2020-12-15,2020,1990,0,0,49,12,1.0817473353995646,0.0027043683384989116,0.06119310442805933,0.15662173761270967,0.0004886247243352642,0.021930848880898867
2020-12-16,2020,1993,0,0,50,11,-0.24934501486271904,-0.0006233625371567976,-0.025096395343211838,0.17101768151138458,0.00037897380727112593,0.024358270346705804
2020-12-17,2020,1994,0,0,51,10,-0.6208802837752092,-0.001552200709438023,-0.02262719435096519,0.17060105420155205,0.00036037948039771534,0.03886242470451518
2020-12-18,2020,1995,0,0,52,10,-0.9862868353068723,-0.002465717088267181,-0.0567251997469333,0.17629729256849969,0.0009728469070833455,0.00610165732950334
2020-12-21,2020,1996,0,0,53,12,-0.24372129255640945,-0.0006093032313910236,-0.021684404048472234,0.1704480668172357,0.00038833653118900574,0.0071594601405796186
2020-12-22,2020,1998,0,0,52,10,-1.1864714355270594,-0.0029661785888176486,-0.04954376853069426,0.17509113897136092,0.00045325317673123217,0.03615363787003841
2020-12-23,2020,1999,0,0,54,13,-0.6513558516993322,-0.0016283896292483306,-0.04975019060746436,0.1751262742080348,0.00037979410327110876,0.037706512171734846
2020-12-24,2020,1999,0,0,54,5,-1.6155358967636757,-0.004038839741909189,-0.14934777177392616,0.1917452250430301,0.00042596083256538086,0.01941285403224958
2020-12-25,2020,1999,0,0,54,9,1.4374318617810595,0.0035935796544526487,0.15419317994608783,0.1411083396404761,0.000519703299485872,0.014147781039247114
2020-12-28,2020,1999,0,0,51,4,0.05501901744213744,0.0001375475436053436,-0.024388629851470663,0.17089897134085896,0.00034337861647870666,0.016631776319575103
2020-12-29,2020,1999,0,0,51,11,0.19339725351976433,0.00048349313379941083,0.020683030425831302,0.16338174079519727,0.0006850945205128555,0.03517891536711138
2020-12-30,2021,1999,0,0,50,12,0.2317489710139098,0.0005793724275347745,0.05627570846079144,0.15743810634336475,0.00037050116573121165,0.02234819201402498
2021-01-04,2021,1999,0,0,50,4,0.1906612402703609,0.0004766531006759023,0.10435402607901223,0.14942067680035764,0.000421958734020221,0.01827294583121602
2021-01-05,2021,1999,0,0,50,5,1.073740763188874,0.002684351907972185,0.07235611897572033,0.15475915757800943,0.0005145779028351263,0.007650971605366104
2021-01-06,2021,1999,0,0,49,3,-1.5310020103118813,-0.003827505025779703,-0.11486170947467729,0.1859942303679563,0.0005552929548535826,0.014458473038190249
2021-01-07,2021,1999,0,0,49,11,-0.7686124654909147,-0.0019215311637272867,-0.07515727954547637,0.1793698238471551,0.000565953702692199,0.03604362159804708
2021-01-08,2021,1999,0,0,48,5,0.6962620393400979,0.0017406550983502446,0.0717551066564497,0.15485679867301358,0.0005482897725877032,0.07530500876782688
2021-01-12,2021,1999,0,0,47,14,-1.3662012462145252,-0.003415503115536313,-0.09826820252230208,0.18322205303008016,0.0005143617349116879,0.018812344773249653
2021-01-13,2021,1999,0,0,47,7,0.048993973634949395,0.0001224849340873735,-0.0533093178083856,0.17572651686449078,0.0007099143255555062,0.025675715777894396
2021-01-14,2021,1999,0,0,47,10,0.5037270651772252,0.001259317662943063,0.07507594533402197,0.15430566111862717,0.0004598963715162084,0.03709361058602834
2021-01-15,2021,1999,0,0,47,10,-2.89386422044018,-0.00723466055110045,-0.21557028241180393,0.20279348554077758,0.0004500158858666666,0.023628188471347997
2021-01-18,2021,1999,0,0,46,8,-0.8479453919475715,-0.0021198634798689285,0.019057240507598397,0.16365012628478445,0.0004055667634518927,0.03124495236648804
2021-01-19,2021,1999,0,0,45,9,-0.9377209788515543,-0.0023443024471288855,-0.02270025058171016,0.170612067655309,0.0003980045631052633,0.10590016308846754
2021-01-20,2021,1999,0,0,44,6,-0.554735885753698,-0.001386839714384245,-0.05200386558898854,0.17550632244371756,0.00042599665229415607,0.03897898931222036
2021-01-21,2021,1999,0,0,43,7,-0.9105921670191472,-0.0022764804175478682,-0.07598480055469595,0.17950707469985377,0.0005084419932423617,0.050869440011295966
2021-01-22,2021,1999,0,0,43,3,1.1042642076341145,0.0027606605190852863,0.07874216487204024,0.15369260614449526,0.0004782617005065017,0.03246034743949165
2021-01-25,2021,1999,0,0,43,8,0.21645176517196896,0.0005411294129299224,-0.009766369591720024,0.16845803945428584,0.00040323213778602635,0.026673574579131727
2021-01-26,2021,1999,0,0,42,5,-0.09460494682674081,-0.000236512367066852,-0.02312141325089175,0.1706845908182062,0.0005989841819335566,0.04854254261358716
2021-01-27,2021,1999,0,0,42,4,-1.4627511247408402,-0.0036568778118521005,-0.10811478558278043,0.18486953550462534,0.0008042336081780983,0.006698194955016974
2021-01-28,2021,1999,0,0,41,10,0.22438725012774197,0.000560968125319355,0.026280587872285432,0.16244567399987453,0.0006807698116333676,0.013218546830283659
2021-01-29,2021,1999,0,0,41,2,0.21740679341662394,0.0005435169835415599,0.049568285824877115,0.1585594879927857,0.0007245922381269716,0.06735581917557161
2021-02-01,2021,1999,0,0,41,4,-1.3827885231867583,-0.0034569713079668956,-0.03921211270063209,0.17337337878689635,0.0005442892542822405,0.02464902985549555
2021-02-02,2021,1999,0,0,41,2,-0.45174992121843427,-0.0011293748030460856,0.03169586276045199,0.16154019072720666,0.00042631603617853737,0.026376731187180827
2021-02-03,2021,1999,0,0,41,5,-2.6653990048339966,-0.006663497512084992,-0.18768727266580576,0.19814194536609547,0.0007097480076743327,0.06074479763610671
2021-02-04,2021,1999,0,0,41,6,-0.48490532103532535,-0.0012122633025883134,-0.045631255464384984,0.17444511084912365,0.0007397006549033207,0.011457636623391812
2021-02-05,2021,1999,0,0,41,2,-1.8012737582103395,-0.0045031843955258485,-0.15708814304482088,0.1930369151229957,0.0005661906555585013,0.037433391236549055
2021-02-08,2021,1999,0,0,41,3,0.6215314262744559,0.0015538285656861398,0.1099825990033073,0.1484820436567957,0.0005902211496503684,0.015361602472578445
2021-02-09,2021,1999,0,0,41,4,-0.9725294354516683,-0.0024313235886291706,-0.015612909517482457,0.16943658316947563,0.0008133749462490391,0.03330655194446544
2021-02-10,2021,1999,0,0,41,7,1.4678162635688405,0.0036695406589221016,0.049233702259296755,0.15861626018474964,0.0008155849967902675,0.008067431276136565
2021-02-12,2021,1999,0,0,41,9,-0.5859667944074577,-0.0014649169860186443,-0.001500242563964427,0.16708019935903898,0.0005787740892348372,0.046180657177097725
2021-02-15,2021,1999,0,0,42,12,-0.5323477559630722,-0.0013308693899076803,0.02700509915510715,0.1623243493057279,0.0006550534002279216,0.00746915258953391
2021-02-16,2021,1999,0,0,42,6,-0.2844204345625059,-0.0007110510864062647,0.003813458871251518,0.1661944246934815,0.000762808449035218,0.01583926573178756
2021-02-17,2021,2000,0,0,40,0,-0.34380982044968156,-0.0008595245511242039,-0.00017178748098452086,0.16685849434221864,0.0005486543947641939,0.021876504165149552
2021-02-18,2021,2000,0,0,41,1,-2.177720839367007,-0.005444302098417517,-0.15682072594750165,0.19299361198858558,0.0006054943188973595,0.024704518828706397
2021-02-19,2021,2000,0,0,42,0,-1.724274357410756,-0.0043106858935268895,-0.1774883816921041,0.19644313114536258,0.0009574367871982994,0.019950312235700672
2021-02-22,2021,2000,0,0,42,1,-0.8969716083145102,-0.0022424290207862753,-0.03973914634837446,0.17345788426979875,0.0004965433268519693,0.11580422426510753
2021-02-24,2021,2000,0,0,42,8,0.2276812696560242,0.0005692031741400604,-0.011355993149256111,0.1687273917724245,0.000793585245425125,0.012398844934445336
2021-02-25,2021,2000,0,0,42,3,-0.9303008132785462,-0.0023257520331963653,-0.11047005657521583,0.18526322447116508,0.0008588927384155433,0.013533209810018322
2021-02-26,2021,2000,0,0,42,19,-0.15488079603653393,-0.0003872019900913348,-0.0625436269633826,0.17725997015516262,0.0003824061000690584,0.08727711466476075
2021-03-01,2021,2000,0,0,41,12,0.27854824865776506,0.0006963706216444127,0.08027352335595553,0.15343859354639802,0.00040907921628487057,0.017602388959054246
2021-03-02,2021,2000,0,0,41,10,0.011386992997187262,2.8467482492968156e-05,-0.006037786614904378,0.1678342761926236,0.000377379966921394,0.026045270273589775
2021-03-03,2021,2000,0,0,41,7,0.6817364446016219,0.0017043411115040547,0.10055249632244623,0.1500537796411963,0.0003299925387426298,0.029589839884137867
2021-03-04,2021,2000,0,0,41,5,1.8110008237162112,0.004527502059290528,0.20932136188750727,0.13190840886926705,0.00037746603205357634,0.09321380887516598
2021-03-05,2021,2000,0,0,38,5,0.9546436395760023,0.0023866090989400055,0.11789514452789726,0.14716348119032,0.0006640035999977092,0.01614515312067404
2021-03-08,2021,2000,0,0,38,5,-1.3925106047731401,-0.0034812765119328504,-0.13458563116880876,0.18928139107072295,0.0003353441219226496,0.007589825339693003
2021-03-09,2021,2000,0,0,38,1,-1.7173362310487492,-0.004293340577621873,-0.10628680936102781,0.1845635786877931,0.0004075237251985051,0.05185848633848493
2021-03-10,2021,2000,0,0,38,3,2.40496547835103,0.0060124136958775755,0.12319058672458325,0.14627769349907568,0.0004518302509555663,0.019598849251677708
2021-03-11,2021,2000,0,0,37,9,-0.46814288522385916,-0.001170357213059648,-0.05684385179796845,0.17631579258864047,0.0005765220347071596,0.0788228425492303
2021-03-12,2021,2000,0,0,37,5,1.0363046673649767,0.0025907616684124417,0.16819647567594312,0.13877146777490795,0.00043282842943780163,0.012826916031292906
2021-03-15,2021,2000,0,0,37,16,-0.338799255300982,-0.0008469981382524549,-0.049954773649369184,0.17516007297045216,0.00037774186283247004,0.0640329831317521
2021-03-16,2021,2000,0,0,34,19,-0.5590623969907904,-0.001397655992476976,-0.03335159059965395,0.17239141112577297,0.00032136463835444426,0.05484582040484154
2021-03-17,2021,2000,0,0,35,12,1.2044033666672649,0.003011008416668162,0.12282954805177619,0.14633833512554176,0.00037793420627390726,0.12404996431343669
2021-03-18,2021,2000,0,0,35,11,-0.44120542637930094,-0.0011030135659482524,-0.05167256152984389,0.17545003054303537,0.00046584867102154827,0.04511399200292398
2021-03-19,2021,2000,0,0,33,5,0.3587287904159058,0.0008968219760397644,-0.01594490481578989,0.16949159228188382,0.0006644532139720531,0.011123914864235255
2021-03-22,2021,2000,0,0,30,9,0.3523942691756359,0.0008809856729390897,0.013902075623445236,0.1645138001717217,0.0011028257833967231,0.015664785615553577
2021-03-23,2021,2000,0,0,30,15,-0.5542917505364198,-0.0013857293763410495,-0.1318217708531011,0.1888240245059999,0.000508193702924303,0.042720292251713816
2021-03-24,2021,2000,0,0,29,1,1.1008860827101032,0.002752215206775258,0.1505212010888941,0.14172058215200647,0.0005441228263558018,0.06114230635776545
2021-03-25,2021,2000,0,0,30,2,-0.6481489335715525,-0.0016203723339288812,-0.10563124859808004,0.18445451715352426,0.00044503274414043036,0.03749075689569117
2021-03-26,2021,2000,0,0,29,3,-1.7568799803502688,-0.004392199950875672,-0.07838369112463242,0.17990875552833943,0.0007523234890389379,0.024856857673865352
2021-03-29,2021,2000,0,0,29,4,0.5168147283818734,0.0012920368209546835,0.014111426553531663,0.16447849744031595,0.0006233231106343586,0.028217578344939157
2021-03-30,2021,2000,0,0,29,3,1.8935518548608972,0.004733879637152243,0.154626527277841,0.1410348220007953,0.0004304817445897308,0.06402635826506513
2021-03-31,2021,2000,0,0,29,1,0.3307101347814988,0.000826775336953747,0.04005784577012982,0.16014620260355292,0.0003457557401838354,0.0353613926250489
2021-04-01,2021,2000,0,0,29,0,0.21356538984074036,0.0005339134746018509,0.062230214468041466,0.15644922079599077,0.0003203895559094554,0.025431580704176022
2021-04-02,2021,2000,0,0,29,0,-0.5767758970933787,-0.0014419397427334467,-0.03334125140510314,0.17239515449320456,0.0005134704174159061,0.0647605771703626
2021-04-05,2021,2000,0,0,30,1,-0.5928471380042306,-0.0014821178450105765,-0.005251971305785731,0.16770845571610218,0.000336563838478178,0.03459441811568441
2021-04-06,2021,2000,0,0,29,1,-0.8527163837596143,-0.0021317909593990356,-0.07123404601808786,0.17871706532355722,0.0005682329154350043,0.025363300894570565
2021-04-07,2021,2000,0,0,29,6,0.21061131287263402,0.000526528282181585,-0.012848342655314999,0.1689663833292334,0.000247169487815063,0.012981320727465016
2021-04-08,2021,2000,0,0,28,6,-3.062086868609811,-0.007655217171524528,-0.26287255161833195,0.21068442143783248,0.0004899833846484131,0.0336157208371992
2021-04-09,2021,2000,0,0,27,5,-0.10370887798236228,-0.0002592721949559057,-0.009063205264833585,0.16833804183232184,0.00029968124514598976,0.03257932501251994
2021-04-12,2021,2000,0,0,29,3,0.27322224431847114,0.0006830556107961779,0.059939029509259244,0.15682991977479485,0.0003025165887839959,0.023566433967749944
2021-04-13,2021,2000,0,0,29,3,0.4775073975289259,0.0011937684938223149,0.03758702405854014,0.16055904865889675,0.00034163616496679433,0.006357286276400318
2021-04-14,2021,2000,0,0,29,7,0.8508394896906594,0.0021270987242266483,0.020404973240904355,0.16341444377766676,0.0002604653560026737,0.014259465785213588
2021-04-15,2021,2000,0,0,30,1,-1.1152032003161405,-0.002788008000790351,-0.08717631106320642,0.18137195454906044,0.0003465436256578427,0.018477207705811474
2021-04-16,2021,2000,0,0,29,3,0.20951479198252487,0.0005237869799563122,0.024709202507771713,0.16271053247984674,0.00040819402501487246,0.015066005732725377
2021-04-19,2021,2000,0,0,29,4,-2.077452374900832,-0.005193630937252079,-0.124140168155024,0.1875437895285812,0.0007371095931677969,0.005283764090980137
2021-04-20,2021,2000,0,0,28,4,0.18780899703280252,0.00046952249258200627,0.003132244095031691,0.16630848766053863,0.0005260143497537821,0.017101001514927546
2021-04-21,2021,2000,0,0,29,5,0.3131601683216446,0.0007829004208041115,0.032280414123554126,0.16144084404633532,0.0003191279044360259,0.044641008024160767
2021-04-22,2021,2000,0,0,29,1,0.874864056431268,0.00218716014107817,0.04781594274140796,0.15885225410354,0.0003404820773147251,0.03273954584706721
2021-04-23,2021,2000,0,0,29,9,-1.063776575057731,-0.0026594414376443277,-0.0825760614169701,0.18060363354513675,0.0003078658147530433,0.028729210885827187
2021-04-26,2021,2000,0,0,29,11,-0.47992353068004256,-0.0011998088267001065,-0.01851324751426377,0.16991870059592076,0.0003667205581425811,0.02531627267785203
2021-04-27,2021,2000,0,0,29,7,-0.31590750467987794,-0.0007897687616996948,-0.03263331747426254,0.17227201901350875,0.0005101783432647247,0.1838456469245202
2021-04-28,2021,1999,0,0,30,4,-1.1110333640613488,-0.002777583410153372,-0.06412480122386134,0.17753035071735712,0.0007089360549640746,0.018821896709534536
2021-04-30,2021,1999,0,0,30,4,-0.934859027014759,-0.0023371475675368976,-0.07459731479691326,0.17927685554980183,0.0005765220196023308,0.009932350118706336
2021-05-06,2021,1999,0,0,30,3,0.10703133658300668,0.0002675783414575167,-0.022569067708600857,0.17059197953768113,0.0005641875228117461,0.013589775575809971
2021-05-07,2021,1999,0,0,31,3,-2.075833177895734,-0.005189582944739335,-0.11774431156683497,0.18647677075408206,0.0009459545623947955,0.3306746911055583
2021-05-10,2021,1999,0,0,31,2,-0.4461085857961007,-0.0011152714644902517,-0.008326498467363556,0.16822167526642637,0.0009153890667629688,0.017614510556489476
2021-05-11,2021,1999,0,0,32,4,-0.07622676946938745,-0.0001905669236734686,-0.03858333869763384,0.17326968526041536,0.000981643359769104,0.015013766694751834
2021-05-12,2021,1999,0,0,31,7,0.47927842899184236,0.001198196072479606,0.08695841811770598,0.1523249905275002,0.0010828542338671943,0.04655514113823663
2021-05-13,2021,1999,0,0,33,4,1.628095890788002,0.004070239726970005,0.13289751743840778,0.1446603142247636,0.0010375122856408616,0.02695149698638993
2021-05-14,2021,1999,0,0,33,2,-0.680413088292048,-0.0017010327207301202,0.0025375975623923744,0.16640931079156196,0.0007139700455741827,0.04750671164304742
2021-05-17,2021,1999,0,0,33,5,0.05584662980461626,0.00013961657451154065,0.007100320847802191,0.1656465709044426,0.00037019743698596733,0.06677344566587791
2021-05-18,2021,1999,0,0,33,2,0.0635866625096142,0.0001589666562740355,0.020412621999038746,0.16342125161825302,0.0004339227778188579,0.010985834320748039
2021-05-19,2021,1999,0,0,33,2,0.3237106966003291,0.0008092767415008227,0.012751567666763955,0.16469698621641712,0.00030854971860173284,0.008709255569862394
2021-05-20,2021,1999,0,0,33,1,-1.4084861531139716,-0.003521215382784929,-0.13611809901924224,0.18953865647113421,0.00035323884931490017,0.016724154284765837
2021-05-21,2021,1999,0,0,33,1,0.10742280533826337,0.00026855701334565845,-0.00737838059136764,0.16806143385830877,0.00032426770256582436,0.042327695843929175
2021-05-24,2021,1999,0,0,33,6,-0.09761130553114206,-0.00024402826382785515,-0.00045582864383158947,0.1669028996517816,0.000337936328282229,0.06167654159822688
2021-05-25,2021,1999,0,0,32,4,0.6795529627637241,0.0016988824069093104,0.05889923987411623,0.15700589918967875,0.0004005122213323005,0.022487889763994025
2021-05-26,2021,1999,0,0,32,10,-0.7417172231338762,-0.0018542930578346905,-0.05089083977143284,0.17532257757394099,0.0006308765568027772,0.03200073614356195
2021-05-27,2021,1999,0,0,32,0,-0.7579941079113994,-0.0018949852697784987,-0.07799247650537043,0.1798432735873428,0.00042137192269097996,0.016493129773566276
2021-05-28,2021,1999,0,0,33,0,-0.3594839987097761,-0.0008987099967744403,-0.01185755732562363,0.1688047742229112,0.00026574654849628585,0.013200395783203886
2021-05-31,2021,1999,0,0,32,12,-1.0025665317115335,-0.002506416329278834,-0.09749183837459867,0.18309296224874383,0.0003979396996314834,0.04925896243123362
2021-06-01,2021,1999,0,0,33,2,0.49307322588419167,0.0012326830647104792,0.018175126941287176,0.1637927613372167,0.0003188569354578967,0.014353723046544668
2021-06-02,2021,1999,0,0,32,2,1.496956784989115,0.0037423919624727875,0.0886410088683952,0.15203826879647273,0.0003048955437967247,0.013245856518482011
2021-06-03,2021,1999,0,0,32,7,-0.5296076657462894,-0.0013240191643657234,-0.08328441372369275,0.1807211793463678,0.0003065605357303699,0.020639474091159335
2021-06-04,2021,1999,0,0,30,1,-0.9279107115205188,-0.0023197767788012973,-0.09620486262790602,0.18287760635210637,0.00031615738589756744,0.010842086643035213
2021-06-07,2021,1999,0,0,31,5,0.5355229351755947,0.0013388073379389867,0.01498188984439293,0.1643270050658179,0.0002975407453858013,0.00629135607187438
2021-06-08,2021,1999,0,0,31,2,0.9376805743905181,0.002344201435976295,0.06353125950849535,0.1562230317739829,0.0002667046475475071,0.006636208738523424
2021-06-09,2021,1999,0,0,30,2,0.2529981721675809,0.0006324954304189523,0.036566067056994875,0.1607220565275669,0.00031590631800151663,0.011537057620332886
2021-06-10,2021,1999,0,0,30,2,-0.008315365850175782,-2.0788414625439456e-05,-0.008129768356770017,0.16818106901950125,0.0003467531900650894,0.01544772532959742
2021-06-11,2021,1999,0,0,30,0,-0.31889019291787923,-0.000797225482294698,0.008267386160023203,0.16544386203759182,0.0003353699462835048,0.058082162444606504
2021-06-14,2021,1999,0,0,30,1,-0.44858350024890736,-0.0011214587506222684,0.0012414935531637084,0.16661996813872051,0.0003069364258849907,0.005939198663449203
2021-06-15,2021,1999,0,0,30,4,-0.4779606039464786,-0.0011949015098661965,-0.07010412184501615,0.17852185198802703,0.0002997826099962035,0.007931516658319909
2021-06-16,2021,1999,0,0,31,5,0.016410690671655015,4.1026726679137535e-05,0.01637023674438671,0.1640993033919227,0.0004677002141366001,0.04232256554414383
2021-06-17,2021,1999,0,0,33,4,0.6451794378354232,0.001612948594588558,0.014446806319084338,0.1644230799358914,0.0006559244779343334,0.014057595297570318
2021-06-18,2021,1999,0,0,32,11,1.896430742538909,0.004741076856347273,0.1594175626916867,0.14023713086050812,0.0008577651633667155,0.010271183491435805
2021-06-21,2021,1999,0,0,32,11,-1.0366929129505378,-0.0025917322823763443,-0.10355595723182874,0.1841014126082461,0.0003142535184904881,0.013932550180448417
2021-06-22,2021,1999,0,0,33,10,0.11560418650445509,0.0002890104662611377,0.03341307996738931,0.16125309268114404,0.0003450476565753325,0.3165214119824579
2021-06-23,2021,1999,0,0,34,13,0.018634128855180787,4.658532213795197e-05,-0.016919082103306584,0.16965185974296387,0.0003468659516605332,0.07568149428374461
2021-06-24,2021,1999,0,0,34,6,0.8239551501127669,0.002059887875281917,0.021168933007092515,0.16329657348471308,0.0003031824087897996,0.029107779847508716
2021-06-25,2021,1999,0,0,35,12,-0.18275040940129372,-0.0004568760235032343,-0.05229965435600859,0.17555620974973293,0.0003680944558986702,0.04835940290278286
2021-06-28,2021,1999,0,0,34,5,-0.03714991541886015,-9.287478854715037e-05,-0.021640161072415023,0.17043833642460784,0.0003437227330337966,0.023872991949392807
2021-06-29,2021,1999,0,0,34,7,1.3036730676227142,0.0032591826690567855,0.16415912195708157,0.13943752757610386,0.00035122602933210554,0.011451434581344826
2021-06-30,2021,1999,0,0,34,12,0.3720246288924922,0.0009300615722312305,0.08242449036061777,0.15308015430198643,0.0003643157198033686,0.19303903981017764
2021-07-01,2021,1999,0,0,34,5,-0.9467953448421031,-0.0023669883621052577,-0.08082907862894535,0.18031353743166104,0.00023792090546398227,0.022905725303917435
2021-07-02,2021,1999,0,0,34,7,-0.26862023638814697,-0.0006715505909703674,-0.08273699236492552,0.18061821965300234,0.00023703677808456494,0.007370963741950957
2021-07-05,2021,1999,0,0,34,3,0.7015213860330145,0.0017538034650825362,0.09469811781308783,0.15103334599882173,0.0002564038356109639,0.010895674711707645
2021-07-06,2021,1999,0,0,35,0,0.6228428150510417,0.0015571070376276042,-0.04786798078773357,0.1748171119204859,0.0003517252976269221,0.027390662010512597
2021-07-07,2021,1999,0,0,35,3,-0.5945723009575012,-0.0014864307523937532,-0.024825937459365163,0.17096582352514875,0.00026336692809942187,0.016979859669052175
2021-07-08,2021,1999,0,0,35,11,0.11311325981742115,0.0002827831495435529,0.039852907942667756,0.16018442427192348,0.0006906391859890234,0.012089752282406514
2021-07-09,2021,1999,0,0,35,25,1.0121197235450665,0.002530299308862666,0.10462304323597478,0.1493759260755246,0.00036088459365516437,0.029236127536258264
2021-07-12,2021,1999,0,0,35,7,0.027529227427044597,6.88230685676115e-05,-0.03217178034970699,0.1721900483268154,0.0003109115236423011,0.044670426260591194
2021-07-13,2021,1999,0,0,34,12,-0.04549094336480142,-0.00011372735841200354,0.005603708866933953,0.16589647591728962,0.0003728366262964053,0.01920458966847304
2021-07-14,2021,1999,0,0,34,9,0.917347046392402,0.002293367615981005,0.04624636970082122,0.15910515488144641,0.00026636514077863545,0.01521585405643258
2021-07-15,2021,1999,0,0,35,5,-1.0598383242480618,-0.0026495958106201546,-0.05152844567999507,0.17542894697225117,0.0004020088222516835,0.02631418901566383
2021-07-16,2021,1999,0,0,33,5,0.1929053219099106,0.0004822633047747765,0.00715182198140038,0.16563707023426372,0.0002795996631994328,0.013504502244479511
2021-07-19,2021,1999,0,0,34,6,0.45124913391008614,0.0011281228347752154,0.05585891451449012,0.15751051960673287,0.0003168960006196179,0.0337415511883853
2021-07-20,2021,1999,0,0,36,9,0.27608509750658516,0.0006902127437664629,0.045825453139597676,0.15918632815231765,0.000499793482718563,0.027894486124798473
2021-07-21,2021,1999,0,0,35,7,-0.3780818697276993,-0.0009452046743192483,0.05796536111165726,0.1571602293941066,0.0003359035957924497,0.012933390639811658
2021-07-26,2021,1999,0,0,36,3,-1.2271758227080831,-0.0030679395567702076,-0.12984821785007553,0.18849154954751546,0.00039444710603026603,0.016296442341064202
2021-07-27,2021,1999,0,0,36,8,1.6763339485379924,0.0041908348713449815,0.12769134819310093,0.14552630327835248,0.0003702998197880295,0.016902472770962948
2021-07-28,2021,1999,0,0,36,5,-2.1027836806552123,-0.00525695920163803,-0.16112264759276368,0.19371324973218762,0.0006961518475412378,0.02629197897909051
2021-07-29,2021,1999,0,0,37,6,-0.13996654291373423,-0.00034991635728433556,-0.017975537849322386,0.16983178544746366,0.0008937303661031294,0.018675796857317538
2021-07-30,2021,1999,0,0,37,8,0.12189434713866587,0.0003047358678466647,-0.009547404231230693,0.168422221167688,0.0003328181576755659,0.03122466103168183
2021-08-02,2021,1999,0,0,37,2,0.79855563308462,0.0019963890827115497,0.08713033889447881,0.15229496471049428,0.000407893554607779,0.008215111987363232
2021-08-03,2021,1999,0,0,39,1,0.3021136175059473,0.0007552840437648682,0.02022315183665421,0.16345331358405965,0.0004446752915616952,0.012363914432242037
2021-08-04,2021,1999,0,0,39,2,0.2182786078816425,0.0005456965197041063,-0.039314887442420524,0.17338718596473351,0.0005714896204340871,0.023676104613329703
2021-08-05,2021,1999,0,0,39,2,-0.8517043704973595,-0.002129260926243399,-0.09526491982181688,0.1827240149306588,0.0008455593146240466,0.015569464085447805
2021-08-06,2021,1999,0,0,39,5,1.3230366987680908,0.003307591746920227,-0.013123608328635402,0.169020307312176,0.0006641300366567294,0.009990263392364378
2021-08-10,2021,1999,0,0,39,4,-0.8139783117060226,-0.002034945779265057,0.013772489566923023,0.16452723041634365,0.0005534468963718777,0.014867922729542318
2021-08-11,2021,1999,0,0,40,7,-0.2279329133335033,-0.0005698322833337582,-0.005900647062077459,0.16780974294678594,0.0006640733289483599,0.14606278312959983
2021-08-12,2021,1999,0,0,40,8,0.6165851781994713,0.0015414629454986784,-0.02166246173478426,0.1704464793907413,0.0008754322825328624,0.04132388648813828
2021-08-13,2021,1999,0,0,40,10,0.8594830457737792,0.002148707614434448,-0.028733041378992335,0.17162222615675066,0.0005507160183633797,0.019449462423686326
2021-08-16,2021,1999,0,0,39,9,0.7673699939693861,0.0019184249849234652,0.0864744890313277,0.15240415333874224,0.00042606205146604264,0.03277492813189825
2021-08-17,2021,1999,0,0,40,13,-0.8979661579046696,-0.002244915394761674,-0.09322645215245179,0.1823844451226085,0.000528905363390323,0.01979657701802264
2021-08-18,2021,1999,0,0,40,4,-1.3314075655264401,-0.0033285189138161004,-0.18518787934173103,0.1977251468907958,0.0005193033464530185,0.032584597607484514
2021-08-19,2021,1999,0,0,41,4,-0.5236160730257375,-0.0013090401825643439,-0.03530886270855806,0.1727222964453817,0.0007294265505838253,0.017089497640334832
2021-08-20,2021,1999,0,0,41,1,-1.6063853348824957,-0.0040159633372062395,-0.14225950701703438,0.19056305598412987,0.000566586387849066,0.014487737124375543
2021-08-23,2021,1999,0,0,41,0,0.7173003673543171,0.001793250918385793,0.08604891865309307,0.15246782081763638,0.00031209705994270353,0.025063586505833367
2021-08-24,2021,1999,0,0,41,4,-0.7851585426827895,-0.001962896356706974,-0.02759294456268056,0.171429856429576,0.000329640434485445,0.013725995460790324
2021-08-25,2021,1999,0,0,41,8,-0.009951675420543149,-2.4879188551357873e-05,-0.011399740434188519,0.1687234737593125,0.0002527215677917892,0.05638209930373347
2021-08-26,2021,1999,0,0,40,3,0.6265369087119419,0.0015663422717798548,0.0011151499042272289,0.16664622303596696,0.00042571541264683647,0.044325264767425744
2021-08-27,2021,1999,0,0,40,4,0.20983062918247014,0.0005245765729561754,0.041199332821087016,0.15995413212703039,0.0003374608501802269,0.006810707395984593
2021-08-30,2021,1999,0,0,40,6,-0.49222285142838884,-0.0012305571285709722,-0.03735609992190039,0.1730581076770062,0.0003180851730508226,0.023654368828250907
2021-08-31,2021,1999,0,0,41,8,-0.7018496650717965,-0.0017546241626794912,0.013837310067350804,0.16451929014403946,0.00036589557205418314,0.04061670508561736
2021-09-01,2021,1999,0,0,42,6,-0.37782455400436477,-0.0009445613850109119,-0.0072375551018998415,0.16803845232542813,0.0005126948683524258,0.02479646985008347
2021-09-02,2021,1999,0,0,42,8,0.08658565987309208,0.0002164641496827302,0.022338406277883877,0.16309997757553366,0.00041543873405053316,0.010101847387848773
2021-09-03,2021,1999,0,0,43,8,-0.5300750414047029,-0.001325187603511757,0.007361752841666616,0.16559916523505674,0.0003637297874240942,0.09449106505119087
2021-09-06,2021,1999,0,0,43,20,0.12013204444694647,0.0003003301111173662,0.0021377196267457622,0.16646873680026142,0.0002685016547446701,0.05287737748062848
2021-09-07,2021,1999,0,0,45,14,0.22291846098215895,0.0005572961524553974,0.016083931284162724,0.16414215424587725,0.0003740313673501407,0.012727548915388201
2021-09-08,2021,1999,0,0,45,18,1.2660784404252574,0.0031651961010631434,0.1263035665241411,0.14576068513935847,0.0004907589083994481,0.01291903183213343
2021-09-09,2021,1999,0,0,44,9,-0.45809130450810054,-0.0011452282612702514,-0.03922366231905551,0.17337175905330102,0.0004075091384871693,0.03859518001233911
2021-09-10,2021,1999,0,0,45,21,0.6709867659481763,0.0016774669148704408,0.06916789837636089,0.1552906371517504,0.0003175463519377529,0.06757806394818268
2021-09-13,2021,1999,0,0,46,30,-0.3499999065710342,-0.0008749997664275855,-0.03307991841710996,0.17235090207706397,0.000793493461253409,0.014414604631642451
2021-09-14,2021,1999,0,0,45,25,1.251619754121747,0.003129049385304368,0.18479347732864407,0.135997126013781,0.0006067835179788164,0.02072664866404556
2021-09-15,2021,1999,0,0,45,12,-0.28432398734152664,-0.0007108099683538166,-0.011203406187449375,0.16869515495642876,0.00041617752966341854,0.030712758878269658
2021-09-16,2021,1999,0,0,46,9,0.7728028504364377,0.0019320071260910943,0.07496061298918366,0.15432728851888383,0.000672634227821661,0.023330928956044432
2021-09-17,2021,1999,0,0,47,7,-0.6042958865849553,-0.0015107397164623882,-0.07825738579734359,0.17988827368510954,0.0005673942517315515,0.028992276651288305
2021-09-21,2021,1999,0,0,45,4,-0.1518591661624491,-0.00037964791540612275,-0.02742480469783196,0.17140865597081945,0.0010743926811340127,0.08224330593273722
2021-09-22,2021,1999,0,0,45,2,0.6711694264036386,0.0016779235660090966,0.0942986275798566,0.15109872788530687,0.00037866269432403245,0.035184856009326304
2021-09-24,2021,1999,0,0,46,3,1.0209008829169006,0.0025522522072922516,0.0557886955531895,0.15752083362114605,0.0005868837617322997,0.11276413917684794
2021-09-27,2021,1999,0,0,46,7,1.2827013307166124,0.003206753326791531,0.13685602861012272,0.14400050320400387,0.0006402336460129325,0.011776002443202295
2021-09-28,2021,1999,0,0,46,6,1.5358270930170843,0.003839567732542711,0.0575691817678501,0.15722470764831784,0.00043187064836903863,0.06905603521901839
2021-09-29,2021,1999,0,0,46,3,0.09261894051055464,0.00023154735127638658,0.07316732628168739,0.1546266419288516,0.0006680899469769554,0.015095325952336106
2021-09-30,2021,1998,0,0,46,1,-2.2993631666601813,-0.005748407916650453,-0.1648315273249849,0.19433063693664662,0.0005577533160768007,0.013308463569644836
2021-10-01,2021,1998,0,0,46,8,-0.3335920760029403,-0.0008339801900073507,-0.003844466287068606,0.16747423978369294,0.0003900891414635351,0.0628256625135691
2021-10-04,2021,1998,0,0,46,9,-0.4461750492377864,-0.001115437623094466,0.05063510435651299,0.1583826825775879,0.00043602251843885743,0.04485233626265912
2021-10-05,2021,1998,0,0,45,28,-2.6265395783644303,-0.006566348945911076,-0.12672638759284358,0.1879720901174338,0.00044605677211071636,0.025169903649940102
2021-10-06,2021,1998,0,0,45,1,-1.4814926794086292,-0.003703731698521573,-0.052772566719679365,0.17563403847035605,0.0005015578776758084,0.042618238658360424
2021-10-07,2021,1998,0,0,47,3,-1.1152307476702927,-0.002788076869175732,-0.06698483770471692,0.17800741866121356,0.00046751691878093096,0.029162958764796947
2021-10-08,2021,1998,0,0,47,2,-0.3407832071729855,-0.0008519580179324638,-0.03860499367793019,0.17327237853652164,0.0005064495833056902,0.0366323080380671
2021-10-11,2021,1998,0,0,46,1,-0.7377384604388538,-0.0018443461510971346,-0.06482854996064075,0.17764426921916288,0.0004527715345285917,0.024532684529830706
2021-10-12,2021,1998,0,0,48,10,-0.625290231774527,-0.0015632255794363176,-0.048387271655804566,0.1749011956322797,0.000384309880929964,0.01335475079382629
2021-10-13,2021,1998,0,0,47,10,0.6929390045296246,0.0017323475113240616,0.0004625584501880842,0.16675612540717155,0.0009727427583476869,0.01030733859615403
2021-10-14,2021,1998,0,0,49,4,-0.15374572722910718,-0.00038436431807276793,0.03632700616170817,0.16076804739405554,0.0004320762109262114,0.03967561656887778
2021-10-15,2021,1998,0,0,48,2,0.6235677263244767,0.0015589193158111916,-0.0016289586522655957,0.16709770863503967,0.0003871119128161105,0.029335920237796895
2021-10-18,2021,1998,0,0,48,6,0.9073269428365804,0.002268317357091451,0.1339994638091639,0.14446748443349253,0.0003062259214794686,0.013812429822298706
2021-10-19,2021,1998,0,0,48,8,-0.23285527702388187,-0.0005821381925597047,0.03642797832755372,0.16075299865306358,0.00040149882051123515,0.021399812674043305
2021-10-20,2021,1998,0,0,48,8,-0.8248651871696995,-0.0020621629679242488,-0.08419007982010861,0.18086863846295428,0.00026760853384380506,0.013588865931846569
2021-10-21,2021,1998,0,0,49,10,-0.7365690639223427,-0.0018414226598058568,-0.0598744051090876,0.1768150853977265,0.00028260199471585607,0.02931102767087892
2021-10-22,2021,1998,0,0,48,9,-0.00017165021127096836,-4.291255281774209e-07,-0.021574698131112714,0.17042663047806214,0.00035404492260105136,0.014897660352845891
2021-10-25,2021,1998,0,0,48,15,0.5326203840700747,0.001331550960175187,0.03726329534077417,0.16061084145778787,0.00028267890849865073,0.015793017761876298
2021-10-26,2021,1998,0,0,48,5,0.4363941310121325,0.0010909853275303312,0.05314421558797874,0.15796147194546745,0.00044588627273781795,0.019033817135847536
2021-10-27,2021,1998,0,0,48,8,0.23920846773835,0.000598021169345875,-0.010192245157045289,0.16852277805932875,0.00043833376521844265,0.016364832760478995
2021-10-28,2021,1998,0,0,47,11,0.18092486795146767,0.0004523121698786692,0.046299231700503284,0.1591088471752482,0.0009163137363770831,0.008544904909789729
2021-10-29,2021,1998,0,0,47,6,-0.3490115016845641,-0.0008725287542114101,-0.053939662737187775,0.17583088457176255,0.00045952533086328454,0.0068485332364952465
2021-11-01,2021,1998,0,0,46,12,0.7142181460781218,0.0017855453651953047,0.002304756304256819,0.16644620290606296,0.0007786012709348046,0.06794195244446834
2021-11-02,2021,1997,0,0,46,9,-0.5808592679074189,-0.0014521481697685474,0.013590303322175423,0.16456363465413298,0.0007311797956128025,0.04581953432578707
2021-11-04,2021,1997,0,0,46,3,0.9613328795702425,0.0024033321989256062,0.027769109461244595,0.1621936626184372,0.0007038236114585739,0.04052703851155022
2021-11-05,2021,1997,0,0,46,3,-0.5834226402172173,-0.0014585566005430434,-0.021427058529633693,0.17040621935419184,0.0005593946605570671,0.007987922232424397
2021-11-08,2021,1996,0,0,46,2,-0.09545474887932723,-0.00023863687219831807,-0.052417298762796626,0.17557348401364886,0.0006470533969926884,0.005897249152404398
2021-11-09,2021,1996,0,0,46,9,1.5085431784386365,0.003771357946096591,0.06357706776272219,0.15621954438333138,0.0006157186156516149,0.0072084695999079535
2021-11-10,2021,1996,0,0,46,11,1.6286065235251042,0.004071516308812761,0.0036133623139015408,0.16622907733419615,0.001005236477232296,0.005490378209693349
2021-11-11,2021,1996,0,0,46,5,1.8140248115885742,0.004535062028971436,0.09111874986501838,0.15162804141709715,0.0009937046381012764,0.007916181115305359
2021-11-12,2021,1996,0,0,46,1,1.228516213449416,0.0030712905336235403,0.04466768503753604,0.15937573125535118,0.0005711583465034725,0.018700009579864257
2021-11-15,2021,1996,0,0,46,6,1.3999438227855592,0.003499859556963898,0.002415734335297854,0.1664282267086292,0.000569843866563019,0.03078354198815326
2021-11-16,2021,1996,0,0,45,5,-0.3655153380158166,-0.0009137883450395414,-0.04992157410433465,0.17515534476595102,0.0003756018536920435,0.02748737824894558
2021-11-17,2021,1997,0,0,45,6,2.431221271591663,0.006078053178979157,0.0735592821898762,0.1545568937741615,0.00036883028456793676,0.0406991986650262
2021-11-18,2021,1997,0,0,45,7,1.4613810239283207,0.003653452559820802,0.04226106574629649,0.15977735821777977,0.00035190612518578505,0.010252545562041235
2021-11-19,2021,1997,0,0,45,6,-1.368897188997061,-0.003422242972492652,-0.10079833337457443,0.18364431382225002,0.000566383124765641,0.052667541168629546
2021-11-22,2021,1997,0,0,45,6,-1.0613305340708494,-0.0026533263351771236,-0.08870156952907013,0.18162578395617412,0.00030340317644054446,0.01651080851097411
2021-11-24,2021,1997,0,0,47,11,-0.4157762598433661,-0.0010394406496084152,-0.05202599269797888,0.175512950400778,0.0005252058110311543,0.01048676438225776
2021-11-25,2021,1997,0,0,48,10,0.3825567371937124,0.000956391842984281,-9.888042065867353e-05,0.16684999239685872,0.0009144852390199232,0.013306611388752132
2021-11-26,2021,1997,0,0,47,3,-0.1756638527985115,-0.0004391596319962787,0.02449298745255567,0.16274433449785927,0.0004674780377920147,0.04451162415859395
2021-11-29,2021,1997,0,0,46,11,-2.466201776551956,-0.00616550444137989,-0.1261421220605734,0.18787684689169648,0.0007721525197174624,0.02764325934125434
2021-11-30,2021,1996,0,0,46,0,2.0252012239978976,0.005063003059994744,0.14013544618435048,0.1434517116216843,0.0005282278028866325,0.03749331049303587
2021-12-01,2021,1996,0,0,46,5,0.07021036672768766,0.00017552591681921915,-0.01895911805806642,0.16999657583645503,0.0013170603260187065,0.030975096849249158
