Date,ValidationYear,StocksRanked,SelectedMissingTargets,AllMissingTargets,OfficialDailySpread,RankIC,MSE,MeanAbsoluteScore,MaxAbsoluteScore,ZeroTrainingHistoryStocks
2017-12-29,2018,1896,0,0,-0.10945294907760135,-0.04005220045873389,0.0003131460377284183,0.0016652564445310577,0.011874176709955608,0
2018-01-04,2018,1896,0,0,1.2304520572443962,0.08249774208786255,0.0004131351789297103,0.0017385966207074965,0.01100025979828482,0
2018-01-05,2018,1896,0,0,0.45740312355130913,0.04162701633344023,0.0003605403447743318,0.001670535469663344,0.011815280657954112,0
2018-01-09,2018,1896,0,0,0.2928562865355267,0.03317874005089781,0.0003636552216440301,0.001944059705309278,0.014870478131631237,0
2018-01-10,2018,1896,0,0,0.4712826632963596,-0.04764650073796938,0.0005576877722794605,0.0018672884166127158,0.012671454875971098,0
2018-01-11,2018,1896,0,0,-0.0823176826852922,-0.02518540650895011,0.0004626868261930052,0.0020516578234855472,0.01393520066042718,0
2018-01-12,2018,1896,0,0,-0.21310904564628763,0.05642592094249226,0.0003718406467949877,0.0023771320833941767,0.013654475825063104,0
2018-01-15,2018,1896,0,0,-0.48049100925380656,-0.03543535345442302,0.0003700276699150193,0.0019351590302806858,0.012018038916549905,0
2018-01-16,2018,1896,0,0,0.9801870669790101,0.04500218675253183,0.00037416833983221567,0.0018828014314187249,0.01207226694316289,0
2018-01-17,2018,1896,0,0,-0.10805304280088841,-0.021288256281055438,0.00028876462628493516,0.0023027669166223504,0.012107939516401751,0
2018-01-18,2018,1896,0,0,-0.595001173417943,-0.11467692356652659,0.0004081506142696971,0.0027534709367698458,0.009608069059786208,0
2018-01-19,2018,1896,0,0,-0.03923982384765671,0.020157272592801864,0.0003640220428441562,0.0020383646256759316,0.01153120698774475,0
2018-01-22,2018,1896,0,0,1.1702170149084825,0.09188058936014748,0.000319100343144149,0.0019569286533032016,0.009971566656927167,0
2018-01-23,2018,1896,0,0,0.10411152804134316,0.02968178630486039,0.00028994163506955927,0.0017718028042462135,0.00972719559236748,0
2018-01-24,2018,1896,0,0,-0.028170328603483823,0.00168335998138357,0.00031756257786428503,0.0018903956849770187,0.01166177992559423,0
2018-01-25,2018,1896,0,0,0.1562612090022324,0.04232397300719218,0.00037365331555376893,0.0022577461916817934,0.008482924108880536,0
2018-01-26,2018,1896,0,0,-0.787222825401764,-0.001657203056064808,0.0005255569301017668,0.002228463983092715,0.011848843554951308,0
2018-01-29,2018,1896,0,0,0.31242463547373855,0.01220522700660829,0.0006545344887304127,0.0021158095679408317,0.0113920471789189,0
2018-01-30,2018,1896,0,0,-0.06533488495222765,0.003957947669401178,0.0009684836778791643,0.0029430850188421243,0.013953572418431473,0
2018-01-31,2018,1896,0,0,1.044995302496921,0.06296811536133864,0.0004397748848617672,0.0030736845555701287,0.013341529985453963,0
2018-02-01,2018,1896,0,0,0.5117464795550782,0.05005514753146104,0.0011818035471106195,0.0023803159978051255,0.015693007229543015,0
2018-02-02,2018,1896,0,0,0.30541694885917536,0.01044508364509192,0.004592800326833087,0.002309226108428253,0.015132863369390494,0
2018-02-05,2018,1896,0,0,0.9945455936274121,0.02270416352750051,0.0005720526421665031,0.0030989192075677407,0.011409882062280774,0
2018-02-06,2018,1896,0,0,1.838075928886182,0.13798603488908065,0.0007721425938420407,0.0035516188839171854,0.008215845029100066,0
2018-02-07,2018,1896,0,0,0.06130986584857112,-0.04191769975073157,0.0011428794790435642,0.003013975332323152,0.008064863618510217,0
2018-02-08,2018,1896,0,0,0.634783188874748,-0.023193401048316967,0.0011774329272261467,0.002681236322870385,0.007888866433974712,0
2018-02-09,2018,1896,0,0,0.5884968835959707,0.011963516643252702,0.0011493709763510304,0.002801516210849213,0.012676480797034859,0
2018-02-13,2018,1896,0,0,1.0464686120594653,0.07995840611202096,0.0009661857392030515,0.0027603457440594763,0.015290505045520233,0
2018-02-14,2018,1896,0,0,0.333256214011777,0.05364078781519408,0.0005985011039481223,0.0028596870624600563,0.007588640316065151,0
2018-02-15,2018,1896,0,0,0.9812727874066702,0.08567182433404903,0.0010701204941454255,0.0025890556539292105,0.007639640032364227,0
2018-02-16,2018,1896,0,0,-0.19353597118544133,0.01583247392806606,0.00028134970431566733,0.002265733741070407,0.013957119461920886,0
2018-02-19,2018,1896,0,0,1.3821117741940874,0.08971696216346543,0.0003857220892304211,0.0018430462840435388,0.008056345364209882,0
2018-02-20,2018,1896,0,0,0.42562099319540686,-0.014639207197106376,0.0003732818270174108,0.0018742861956036454,0.008562191287023867,0
2018-02-21,2018,1896,0,0,0.46398075570792835,0.04877933768128089,0.00034865782727896174,0.0019880085012646234,0.010850780864674964,0
2018-02-22,2018,1896,0,0,-0.17182777217468162,-0.007648454062701066,0.0003443745918847972,0.0022149602234648375,0.011952667551945342,0
2018-02-23,2018,1896,0,0,-0.11457129845408176,0.004926231503029773,0.00029293303435097475,0.0019778460441619416,0.013556646324929617,0
2018-02-26,2018,1896,0,0,0.8305833158873533,0.03192059907113017,0.000356284977009387,0.0018463790832495856,0.011620581500547796,0
2018-02-27,2018,1896,0,0,0.5576155900889201,0.06464546750831465,0.0005146126322086872,0.0018404463374276474,0.008497299354272693,0
2018-02-28,2018,1896,0,0,-0.07893578275578446,-0.03954861107655611,0.0005195163774283858,0.002173091819332915,0.010897032934647215,0
2018-03-01,2018,1896,0,0,2.179582484531217,0.17567219354432262,0.0009098152085048526,0.0025881906425452455,0.008606003339389627,0
2018-03-02,2018,1896,0,0,-1.8383271725339423,-0.13572866452649787,0.0006574217519787482,0.002802020513593528,0.007943125947662237,0
2018-03-05,2018,1896,0,0,-1.3004957950841562,-0.19659519705382522,0.00039828171489138497,0.0027937976993910457,0.009256428855267326,0
2018-03-06,2018,1896,0,0,-0.2518130569412204,-0.03326257461361792,0.0003309424666869135,0.0021912621494526914,0.006811576019628396,0
2018-03-07,2018,1896,0,0,0.9294140206997507,0.07766901880875521,0.0003470528127827096,0.0022764367842430747,0.015409328960248356,0
2018-03-08,2018,1896,0,0,1.313949321738364,0.19443094863282734,0.0004900867569067421,0.002172507756605305,0.006726409232898738,0
2018-03-09,2018,1896,0,0,-0.8144881208229382,-0.0353992239017159,0.0003655746200468756,0.0023419322108930146,0.01065979697220603,0
2018-03-12,2018,1896,0,0,0.7038246367335085,0.06403792526386748,0.0003312453622033328,0.0018216794416309203,0.008482086243935564,0
2018-03-13,2018,1896,0,0,-0.925125349046296,-0.04316116242906721,0.00030693713779778763,0.0016900866811845729,0.012416933193204466,0
2018-03-14,2018,1896,0,0,0.37728098612080396,0.0065669475857317375,0.000365275936037758,0.0018372970801139171,0.011751347397124308,0
2018-03-15,2018,1896,0,0,0.031234985339265126,0.026759262638005196,0.0005336555562926797,0.0020142298348092965,0.01056522476656006,0
2018-03-16,2018,1897,0,0,0.6976505524294803,0.09493947565208712,0.00026034620302277877,0.0024567571720820005,0.010433754677507422,1
2018-03-19,2018,1897,0,0,-0.3471170256482649,-0.06086971129233909,0.0003347843783641429,0.002612183132130233,0.01013037711927435,1
2018-03-20,2018,1897,0,0,-0.5584606657274923,-0.10706006371567903,0.0018733350756285133,0.002477616630112852,0.015291024403248891,1
2018-03-22,2018,1898,0,0,0.11545920974249829,-0.03629746609324911,0.00030054599279628566,0.0023521605976883774,0.013399646524107137,2
2018-03-23,2018,1900,0,0,1.4666689664778663,0.17967585380281784,0.0008077178545670223,0.003426631623513815,0.006639432715900575,4
2018-03-26,2018,1900,0,0,-0.8246187227048191,-0.06190373398523731,0.0005460396254740853,0.002961854440594952,0.007526749976542648,4
2018-03-27,2018,1901,0,0,-0.6862002877959794,-0.05813080150806321,0.0003493700114064724,0.0024147977274645883,0.008692993153009566,5
2018-03-28,2018,1901,0,0,0.5244322050944131,0.10459619588252168,0.00034569365120045104,0.002275257430447608,0.011466427533327671,5
2018-03-29,2018,1901,0,0,0.4930950219370865,0.064433266254886,0.00032933195114689804,0.0020970782233110698,0.012013932523891074,5
2018-03-30,2018,1901,0,0,-0.8337115125992306,-0.0831386187821542,0.0003340356181520352,0.0018350317027782702,0.0061100959465988786,5
2018-04-02,2018,1902,0,0,-0.4492575861217845,0.0011741864222739287,0.0004376068675023264,0.0019530125428194307,0.009129473290688885,6
2018-04-03,2018,1902,0,0,-0.4848716311470888,-0.012261796093043642,0.00033176720700808977,0.0022292124069571593,0.011586703973610533,6
2018-04-04,2018,1902,0,0,-0.8620340898747232,-0.13173147038454308,0.000404965879231011,0.0021096194485373822,0.012015478134600795,6
2018-04-05,2018,1902,0,0,-1.2204843128133842,-0.0952852436758131,0.00034741659582137333,0.0019843851853030927,0.012249030606683194,6
2018-04-06,2018,1902,0,0,1.3861009737914014,0.14209074324212392,0.0003461201011453925,0.002199933802723552,0.008627152233474461,6
2018-04-09,2018,1902,0,0,2.7466219580276565,0.24909522126362557,0.0005249408658733522,0.0020235665566366167,0.010433348802714851,6
2018-04-10,2018,1902,0,0,0.02658066178997724,-0.007638264475670157,0.00032321675467352124,0.002075442950017287,0.00885840171541638,6
2018-04-11,2018,1902,0,0,-2.3536779477397802,-0.2586798838559181,0.0003951613514972969,0.002221099887468062,0.015270833318495946,6
2018-04-12,2018,1902,0,0,-1.2584314171330844,-0.09631779395887821,0.0006237497369766723,0.002073362296263101,0.012094541764084888,6
2018-04-13,2018,1902,0,0,-0.21364890849368715,0.036545894284316614,0.00038478071218055437,0.0019706667158355885,0.011800879600512145,6
2018-04-16,2018,1902,0,0,1.1221599875502655,0.08438264103049886,0.0004137109652353042,0.001836015793528578,0.010490370018918348,6
2018-04-17,2018,1902,0,0,-0.38036836244904304,-0.021127255650766095,0.0003592495449177214,0.0021565904736729523,0.008439618851744813,6
2018-04-18,2018,1902,0,0,0.4058046879067992,0.06236167999547413,0.0002459907020074849,0.0017830822016341532,0.011844079054236588,6
2018-04-19,2018,1902,0,0,0.04514479143363773,0.04545864060188119,0.00035486645831907785,0.0018582478838667642,0.013399240887159521,6
2018-04-20,2018,1903,0,1,-0.33437166439555693,-0.04098297387416237,0.0003323971765412642,0.0017857210129595968,0.008763988460308157,7
2018-04-23,2018,1903,0,0,-0.6261818966883849,-0.04099344077567086,0.00031898648537021033,0.0017343202633714582,0.00976515068135583,7
2018-04-24,2018,1903,0,0,0.4816619003369175,0.025129397425012103,0.00038513138777013884,0.0017425007915688913,0.015931777121421884,7
2018-04-25,2018,1903,0,0,-1.1948887328113533,-0.05518840824964078,0.0005418976769195492,0.00180831125493185,0.010334628803130009,7
2018-04-26,2018,1903,0,0,-0.40065881507632656,-0.024929314968215967,0.0007225601213348619,0.001991091212921706,0.01141902584871462,7
2018-04-27,2018,1903,0,0,0.23809059390954065,0.10548844554282097,0.0003017931158695543,0.002203077818101819,0.011491996097416093,7
2018-05-01,2018,1903,0,0,0.38561362789066483,-0.04242011865125394,0.0004116532632748872,0.0021361678460034604,0.010287877104886855,7
2018-05-02,2018,1903,0,0,0.3539994450569048,0.03878747903630848,0.0004368499213613889,0.0018657572421589058,0.010471548990036546,7
2018-05-07,2018,1903,0,0,-0.026760404565427127,0.004076808242141044,0.0006741267150703555,0.0018726275780773598,0.009735415836695073,7
2018-05-08,2018,1903,0,0,-1.508038524081978,-0.03912548791221182,0.0007829736350732189,0.002130864122146078,0.015137173608138047,7
2018-05-09,2018,1903,0,0,-0.012188868567840258,0.05571222702977225,0.0007973745584274957,0.0023586945343153035,0.0150279919278943,7
2018-05-10,2018,1903,0,0,-0.4581404363009916,0.020067364911275323,0.0010465877981406157,0.0021922010778751204,0.013781987144772172,7
2018-05-11,2018,1903,0,0,0.5891343510088735,0.0010282353518488558,0.0007094660734293662,0.002389838564407276,0.015014551431650293,7
2018-05-14,2018,1903,0,0,-0.5795597201751482,-0.04554826690289549,0.0006483503387404499,0.002408883550779736,0.014589636511863291,7
2018-05-15,2018,1903,0,0,0.5806453760727098,0.04983300468054998,0.0003794875089805522,0.0024043742502258647,0.016944049724789093,7
2018-05-16,2018,1903,0,0,0.22781231578535918,0.028152733649215347,0.0002941139871590656,0.002218562122121287,0.013689996350655195,7
2018-05-17,2018,1903,0,0,0.5077630354572086,0.048180238921175636,0.00035452043973322774,0.0020740308078284744,0.012187632524754445,7
2018-05-18,2018,1903,0,0,0.5769585149801564,0.014059555715270263,0.0002378577936990941,0.0019592253512903672,0.011411438923380424,7
2018-05-21,2018,1903,0,0,0.8794923692369329,0.009604395605960207,0.0002889728915335081,0.0018606173784798073,0.009691967524839806,7
2018-05-22,2018,1903,0,0,0.8219441762972745,0.0046393667184856146,0.0003984169223156829,0.001963729632739204,0.008374487844999683,7
2018-05-23,2018,1903,0,0,-1.4092193850804329,-0.1272510368741365,0.00029484240330751414,0.002323090816438627,0.011201517432300273,7
2018-05-24,2018,1903,0,0,0.32939412151917585,-0.012285638029504923,0.00035525280855868444,0.0025303529549318368,0.008703701393066731,7
2018-05-25,2018,1903,0,0,-1.6827871461801756,-0.1489711546706412,0.00033842093008842265,0.0024345402217322227,0.011730641611016217,7
2018-05-28,2018,1903,0,0,-0.12084704562266839,-0.0806599000416945,0.00046240192722797244,0.0022314272052985527,0.011796577524205622,7
2018-05-29,2018,1903,0,0,-0.7030891376348244,-0.05723561135253756,0.00038137852315842953,0.0023840187936769,0.005896201251617264,7
2018-05-30,2018,1903,0,0,0.5260599614380376,0.09024307035865957,0.0003692980084887111,0.002849543903551789,0.007164301089269591,7
2018-05-31,2018,1904,0,0,0.7168257206786178,0.16894830005072167,0.0005123501152440872,0.0029060702592793755,0.009392891016596058,8
2018-06-01,2018,1904,0,0,-0.00835453681986579,0.02042917925778288,0.00035349237553080156,0.002415201001802401,0.022978304237348233,8
2018-06-04,2018,1904,0,0,-0.17390901367417996,-0.008036407161881842,0.00035721567156087546,0.0020361957445911784,0.01123303839391182,8
2018-06-05,2018,1904,0,0,1.6615082996277,0.11179827638536567,0.0003582610890293341,0.0020549481307946243,0.012181955193855235,8
2018-06-06,2018,1904,0,0,0.2696237867897101,0.021884812595729598,0.00030340407465244477,0.002136766770571579,0.010522848159748719,8
2018-06-07,2018,1904,0,0,0.4495258937196405,-0.018954598554286568,0.0003225862416859725,0.0019546624735165366,0.00618775683044848,8
2018-06-08,2018,1904,0,0,-0.8793634639305052,-0.05530409277173127,0.0002456914813851926,0.00242208322546295,0.011649880531928091,8
2018-06-11,2018,1904,0,0,-0.2899552215354841,-0.039898674641364096,0.0003448901273847821,0.0019063830070404,0.010310300017667334,8
2018-06-12,2018,1904,0,0,0.45605731445147546,-0.030364468305676805,0.0003198687288849017,0.0019688481503770112,0.008914493543404702,8
2018-06-13,2018,1904,0,0,-1.1439553310375594,-0.11475494928400813,0.00039493420824358546,0.0018656878246951444,0.009634760659666342,8
2018-06-14,2018,1904,0,0,-1.6992892465165543,-0.20136231878783517,0.0004944063475725132,0.0021980590573036224,0.011387296808281787,8
2018-06-15,2018,1904,0,0,-0.09166277994460852,0.015942397088711275,0.0006649974536419918,0.0025996149081575284,0.014174585174300702,8
2018-06-18,2018,1904,0,0,-0.071500907452876,-0.027265203973253674,0.00026351449324744133,0.0024830787043767827,0.013662808301692657,8
2018-06-19,2018,1905,0,0,-0.5394874611658381,-0.062385309967873795,0.0003509594739936109,0.002918797887223527,0.009108855572115823,9
2018-06-20,2018,1905,0,0,-0.15826542832227086,-0.07435490476512704,0.00042275282666880555,0.002641098939616194,0.014213118508982808,9
2018-06-21,2018,1906,0,0,0.7000200044511038,0.06657196580877983,0.0007661383024310331,0.002454602572123614,0.009143315048868767,10
2018-06-22,2018,1907,0,0,1.3215469870752599,0.1475807850913819,0.0003816949783036103,0.0025780246841950426,0.013036699947070225,11
2018-06-25,2018,1907,0,0,-0.3403536018058781,-0.0693672982510874,0.0004231159402099224,0.002696613375559135,0.00948010362048636,11
2018-06-26,2018,1908,0,0,-0.070104478208874,-0.04768975114967523,0.00035283830966243264,0.002530511753855772,0.009247287710059525,12
2018-06-27,2018,1909,0,0,0.021666517946920167,0.07706974420044209,0.00030520218108672577,0.0023134317205408678,0.009656017661185814,13
2018-06-28,2018,1909,0,0,0.48243038510357056,0.060365819206120684,0.0010302195430828282,0.002462086828718023,0.009859213439626532,13
2018-06-29,2018,1910,0,0,-0.0682829988474049,-0.00618669319858429,0.0003996152244701586,0.002260306775399346,0.007492803929359987,14
2018-07-02,2018,1910,0,0,1.4947703898309905,0.1286690229319256,0.00041872913137557276,0.0029973677551751315,0.008253426588731788,14
2018-07-03,2018,1910,0,0,-0.6312952265284425,-0.054717336502731584,0.0008495375222115077,0.00298239799726232,0.00774478222996121,14
2018-07-04,2018,1910,0,0,1.6750795551358628,0.13322032619411261,0.0005859365416094666,0.0026764120274094983,0.008392524021850803,14
2018-07-05,2018,1910,0,0,1.20467129909384,0.09553505841179066,0.0006435566689038296,0.0029553499688644114,0.00913682098694487,14
2018-07-06,2018,1910,0,0,0.17627904571055128,0.0267724960248328,0.0003845920855028873,0.0024897185765282034,0.010105975922975994,14
2018-07-09,2018,1910,0,0,-0.18741416810638847,-0.0021181662233827653,0.000426042764799675,0.0021237195174916125,0.009960105006833277,14
2018-07-10,2018,1911,0,0,0.6081412789787538,0.07424067786037396,0.00031903715008783906,0.0023064871074742555,0.011031533761948006,15
2018-07-11,2018,1911,0,0,0.3640179368003699,0.034635145587195805,0.0004901793600435563,0.002483177338332893,0.010362591292383885,15
2018-07-12,2018,1911,0,0,1.7518364877157087,0.12262033457982364,0.0006131914203979694,0.002326119669927288,0.009959843097442423,15
2018-07-13,2018,1911,0,0,0.05633165105821488,0.016014091972337528,0.0003525023202579578,0.0021324951932135757,0.007456043634718601,15
2018-07-17,2018,1911,0,0,1.0312238332635217,0.12545408136639385,0.0002870806273457117,0.0019843903049574234,0.009874665694440921,15
2018-07-18,2018,1911,0,0,-0.36139008804331646,0.005244850952832375,0.0003231177543521067,0.0017641079869072502,0.011137858766425167,15
2018-07-19,2018,1911,0,0,0.16119357072357934,0.015966142630035637,0.00032938927623815824,0.0018325783453589362,0.007662713379153767,15
2018-07-20,2018,1911,0,0,0.937836622753777,0.09150718842233004,0.00029373487613190875,0.002171805033876535,0.008904077807123087,15
2018-07-23,2018,1912,0,0,0.7265048647129371,0.06757283221901708,0.00030286964356921657,0.0021651893392958415,0.007625595684755229,16
2018-07-24,2018,1912,0,0,-0.4776170991493762,-0.002489844039207606,0.00036575336656022214,0.0019235341136742336,0.010234462434243686,16
2018-07-25,2018,1913,0,0,0.027290008554470353,0.0008949327384969568,0.0003475372956872874,0.0018474110308147765,0.011637834337072502,17
2018-07-26,2018,1913,0,0,-1.4416359046782599,-0.10536286859115972,0.000716616043494861,0.0016947995281276376,0.013330432117893833,17
2018-07-27,2018,1913,0,0,0.3776710675258557,0.013775118942231384,0.0007475366819152376,0.001702235076359846,0.015196255398815209,17
2018-07-30,2018,1913,0,0,-0.3281196460278875,-0.011414416433709457,0.000821523834676409,0.002190857662640842,0.012552661127871638,17
2018-07-31,2018,1913,0,0,-0.4974480782221991,-0.0384445915485493,0.0005633145281502952,0.002747824710863443,0.011860746174828653,17
2018-08-01,2018,1913,0,0,-0.9621516900031083,-0.028276550213926426,0.0007024460905868963,0.0023765315786387063,0.011463562565935304,17
2018-08-02,2018,1913,0,0,0.4786894874409868,-0.006297528026476707,0.0007931256739363071,0.002471607307692665,0.01315274665210138,17
2018-08-03,2018,1913,0,0,-0.5238019008488822,-0.03371845258255903,0.0005858898032477608,0.002460329740274481,0.012056819620009741,17
2018-08-06,2018,1913,0,0,1.2084076666262982,0.04452094587229262,0.0007167871719928908,0.0025160147633803555,0.010752627519026406,17
2018-08-07,2018,1913,0,0,-0.09675121243642659,-0.004643202897178203,0.0006304907339006527,0.002276564716868203,0.01364386813507921,17
2018-08-08,2018,1913,0,0,0.10332042195059365,0.06197965939289028,0.0010181049563350096,0.0024168681268761684,0.015728174496280764,17
2018-08-09,2018,1913,0,0,-0.5732767420982151,0.012983736074836189,0.0015405166428207942,0.00232193793838999,0.013651503028481973,17
2018-08-10,2018,1913,0,0,-1.0837847673945304,0.0016081669456722736,0.0007181424209710097,0.0027593421982577285,0.015683187551440828,17
2018-08-13,2018,1913,0,0,0.021641777071786866,-0.032165915430816476,0.0006008631304927756,0.0030609553447791165,0.011497729843534385,17
2018-08-14,2018,1913,0,0,-0.13692605256166068,-0.016285525508368214,0.000591594052915451,0.002355328392670684,0.012038503640864815,17
2018-08-15,2018,1913,0,0,0.7709668735165042,0.13802574096933332,0.0002918019537191541,0.0025136864981193316,0.011982536943803034,17
2018-08-16,2018,1913,0,0,-0.42933608024819847,-0.04299418307473274,0.00040312231084599966,0.0027829509964415813,0.009323687997139436,17
2018-08-17,2018,1913,0,0,0.3347543968241409,-0.015936608051816202,0.00034941995109433855,0.0022760745632387927,0.007333726516866936,17
2018-08-20,2018,1913,0,0,-0.07106870802144627,0.014522074248244867,0.0004734529656604087,0.0024797293990982713,0.006477511756095192,17
2018-08-21,2018,1913,0,0,0.9000274906617524,0.10362575366059859,0.00033599266212257456,0.0026124742354429885,0.008285184498086988,17
2018-08-22,2018,1913,0,0,0.8743960049585776,0.11566284925273246,0.0002854385990482816,0.0022233486725121237,0.008574048713712385,17
2018-08-23,2018,1913,0,0,0.26667735921911656,0.01226993605333577,0.00044299324988460203,0.0020946573012083688,0.013381555359570599,17
2018-08-24,2018,1913,0,0,1.2495139793189407,0.13442561641799566,0.00025172117491508404,0.0019135267587980257,0.006697156993502795,17
2018-08-27,2018,1913,0,0,-0.9089810702801971,-0.1497546386467709,0.0003703400663053093,0.0017292774237497909,0.007876025786512343,17
2018-08-28,2018,1913,0,0,0.21726477726679713,0.025571617402107248,0.0003508354197999582,0.0019057133898755594,0.008141388828163182,17
2018-08-29,2018,1913,0,0,0.2573847771585758,0.04370046310733984,0.00025794986777614363,0.0018055739216985755,0.013767055204949814,17
2018-08-30,2018,1913,0,0,0.5241131657947656,0.0738339415182687,0.0006038540531219314,0.0020674763273657885,0.009741502735673367,17
2018-08-31,2018,1913,0,0,-0.5700077182621747,-0.08217311367044669,0.00033934029156373104,0.0021975940931603143,0.009788757499145604,17
2018-09-03,2018,1913,0,0,-0.27828999915256175,0.056628902073573864,0.0003887360943010434,0.0023591945340398573,0.009979952662542334,17
2018-09-04,2018,1913,0,0,0.5524301259271663,0.10327735683251385,0.0004780649008632309,0.0022890821606591054,0.007406156565124916,17
2018-09-05,2018,1913,0,0,0.6875419823109482,0.022999106841448777,0.0003811007038113541,0.0024944819260092487,0.00902148099405841,17
2018-09-06,2018,1913,0,0,-0.8763584076962836,-0.09009602494844741,0.00037477428733582817,0.0025956138013233584,0.00978119702537004,17
2018-09-07,2018,1913,0,0,0.1315648782512706,-0.07605672584312444,0.0003420029033816205,0.0025803932211154266,0.009273785372817207,17
2018-09-10,2018,1913,0,0,-1.1727800929627346,-0.13090982230911813,0.0005052911620825688,0.002306907248436422,0.010115577465030121,17
2018-09-11,2018,1913,0,0,-0.06330815550991309,-0.010938099111099317,0.0003374334029795043,0.002297124596315644,0.009669502298766265,17
2018-09-12,2018,1913,0,0,1.2411930824850756,0.18783802151540333,0.0004738169177803763,0.0026484447832225777,0.01065903074358096,17
2018-09-13,2018,1913,0,0,-0.22808883815361902,0.00356258916780121,0.0006069290198193603,0.0022340790958990733,0.007950684945721292,17
2018-09-14,2018,1913,0,0,0.6640999418717245,0.043201139969160654,0.00048307975051608285,0.0024815361163820176,0.011312390370142828,17
2018-09-18,2018,1913,0,0,-0.03735028141350324,0.007415050744218625,0.00031933530803026613,0.002105657108237663,0.012953579272144272,17
2018-09-19,2018,1913,0,0,-0.8863476702909688,-0.07197633862827645,0.0005012389437223558,0.002146985058206967,0.010422545660764344,17
2018-09-20,2018,1913,0,0,-0.7176872384030292,-0.05680827980798186,0.0005732676099727468,0.0020801263202326935,0.00949117082750162,18
2018-09-21,2018,1914,0,0,-2.1433326924522995,-0.14735144439344394,0.00047360420129111775,0.002730257584594463,0.013062279860222209,19
2018-09-25,2018,1915,0,0,0.4212669812815335,0.05096925621132923,0.0006044562623765412,0.0027101493982588905,0.009991635401820128,19
2018-09-26,2018,1915,0,0,-1.0646671375306722,-0.06836433951206984,0.0003484439312005385,0.002035466182420137,0.00995771493359088,19
2018-09-27,2018,1916,0,0,0.5388465092549489,0.041835837707127045,0.0003531557930352725,0.002285235586361135,0.01275987351493334,20
2018-09-28,2018,1917,0,0,0.48592663335867065,0.07466980591319766,0.00036564095451540457,0.002207384911431474,0.01212163262401186,21
2018-10-01,2018,1920,0,0,0.5659880001427942,0.04734007120603777,0.0004997082353611783,0.00191859160762049,0.010211071978955231,24
2018-10-02,2018,1920,0,0,-0.38833289066392523,-0.06666675945817213,0.00030820275567962086,0.002258504865426689,0.009489286600567168,24
2018-10-03,2018,1920,0,0,-0.27496252258926585,-0.03885293033017244,0.0004752129692707893,0.002380115290754812,0.016168093290575464,24
2018-10-04,2018,1920,0,0,0.5299575814230835,0.03750090737076634,0.0009051579026543557,0.0023445897775001834,0.014169549008987092,24
2018-10-05,2018,1920,0,0,-0.07314049176413133,-0.0016885375557540005,0.00048825687143643734,0.002441447876273774,0.01246297946127041,24
2018-10-09,2018,1920,0,0,-0.5416215001795427,-0.05500396737975653,0.0018715147433104357,0.002967863970395289,0.01161713769042166,24
2018-10-10,2018,1920,0,0,1.7839203899140366,0.16607706297361174,0.0005881545781004794,0.0024598805305951956,0.011440534796119249,24
2018-10-11,2018,1920,0,0,-0.7047434282350794,-0.06818311691789405,0.0007512290446282511,0.0034733297249938807,0.015647056825293104,24
2018-10-12,2018,1920,0,0,0.12216919332925182,0.04169705293664457,0.00042822748955019855,0.00282950683019473,0.009795338871151932,24
2018-10-15,2018,1920,0,0,-0.07633239284091194,0.025552075037714377,0.0006105864553016758,0.0028090962018142377,0.008969128258509882,24
2018-10-16,2018,1920,0,0,0.2651522781808103,0.01328334655331561,0.0003840745025264162,0.002621239700313735,0.009709625001362224,24
2018-10-17,2018,1920,0,0,0.4963857826849591,-0.02273090425107271,0.000295745009170785,0.0021281433985664935,0.012138520315962874,24
2018-10-18,2018,1920,0,0,0.15477692606002447,-0.04567337318370046,0.0002845840265449506,0.0022314157520341243,0.00817358620223214,24
2018-10-19,2018,1921,0,0,-0.36090306160143193,-0.08595916330796093,0.000979267835724767,0.0023603280251641373,0.00856654294898805,25
2018-10-22,2018,1921,0,0,-0.2915381759528896,-0.06116103236846524,0.0003752640549073858,0.0022337894060379076,0.010159249980309676,25
2018-10-23,2018,1921,0,0,1.0303275247599828,0.06767420296930095,0.0022345588827395934,0.00308084666056286,0.006736309420511397,25
2018-10-24,2018,1921,0,0,0.5695152993885942,0.011386412642500681,0.0008144913459345751,0.002730249706609814,0.009298629489157434,25
2018-10-25,2018,1921,0,0,-3.2742933908533693,-0.15892600702361387,0.001194951156735464,0.003397222175623085,0.008996627877163628,25
2018-10-26,2018,1921,0,0,1.6285282884632526,0.11123945075354309,0.0013070871010699547,0.0031361766343948774,0.011244552765063209,25
2018-10-29,2018,1921,0,0,2.29358343026755,0.22209121002214927,0.0014912160055380729,0.0028719558664814133,0.012952179695137227,25
2018-10-30,2018,1921,0,0,-0.5259274614319001,-0.030721157036258957,0.0012049392148723154,0.0026426564889844625,0.009289354967887645,25
2018-10-31,2018,1921,0,0,-0.6549369793198284,-0.0030810339784466487,0.0009157968824402593,0.002164625322938294,0.011170230788755859,25
2018-11-01,2018,1921,0,0,-0.27297408313167404,0.02290444001117439,0.0005967271263494149,0.002258890882083617,0.015127935902654184,25
2018-11-02,2018,1921,0,0,0.3738730704023645,0.0683085089197566,0.0005738239342063027,0.002152230986401073,0.011647569098686902,25
2018-11-05,2018,1921,0,0,0.10818629183064703,-0.0028367398892797137,0.00062074562778813,0.002158229792763718,0.009620257049923022,25
2018-11-06,2018,1921,0,0,0.2667800797368039,-0.027152488087702056,0.0008377171630354835,0.002013274346230983,0.012187746747926068,25
2018-11-07,2018,1921,0,0,-0.3925654224467235,-0.002321416311726424,0.0007502598856617657,0.0022581745999136044,0.012483957932747973,25
2018-11-08,2018,1921,0,0,-0.7769420461710926,-0.057966805629659536,0.0010748288462218254,0.0018750841015517097,0.014386341036981798,25
2018-11-09,2018,1921,0,0,0.6494267833399334,0.010862144708500892,0.0009648691497844865,0.001942766924656084,0.011321274001526747,25
2018-11-12,2018,1921,0,0,-1.319340042757478,-0.06956157279622234,0.0008063649976115564,0.002032619180741282,0.00960188090382929,25
2018-11-13,2018,1921,0,0,-0.2358738694759219,-0.041330401521338433,0.0006789848005357112,0.002632916896175072,0.009446968526039686,25
2018-11-14,2018,1921,0,0,-1.2538765026366663,-0.10712892385195981,0.000631256551506721,0.002503329466995733,0.006957594261781576,25
2018-11-15,2018,1921,0,0,0.34251303319375676,0.0089438914649619,0.00046171205166554784,0.0022809379680606133,0.0092862090970578,25
2018-11-16,2018,1921,0,0,-2.339910063380542,-0.1740502212951731,0.0005576116762637132,0.002406355890781458,0.008360389128700525,25
2018-11-19,2018,1921,0,0,-0.374099839427374,-0.0396893664756494,0.00036837440071682277,0.002103809852940412,0.00789601655369288,25
2018-11-20,2018,1921,0,0,0.0468865363891684,-0.006250830941578561,0.0003166712352973583,0.002222484785422553,0.0064796931447237156,25
2018-11-21,2018,1921,0,0,-0.24920293982383504,-0.049352495421927926,0.00032200978903784466,0.0024448587431486726,0.005033631441057149,25
2018-11-22,2018,1921,0,0,0.7199898870293543,0.06523671363686713,0.00032336421544240483,0.002056411201881086,0.00948830527117416,25
2018-11-26,2018,1921,0,0,0.13246419592392109,0.045789505320106,0.0004653095268650261,0.0020317924469944603,0.012674057287914771,25
2018-11-27,2018,1921,0,0,0.2652092836299517,0.009065140388613143,0.00037522912304180313,0.001844978360610361,0.008157342912420314,25
2018-11-28,2018,1922,0,0,-0.4441273056544901,-0.02351158987810837,0.0003657863685940598,0.0018157278325502094,0.009665627926545583,26
2018-11-29,2018,1922,0,0,0.24226954499402917,-0.00844465653619032,0.00045572630292657054,0.0018100243954259914,0.008668263050323505,26
2018-11-30,2018,1922,0,0,0.5232478161809802,0.07442775305340209,0.0008400335284828703,0.0020783621447365364,0.01413249550010414,26
2018-12-03,2018,1922,0,0,0.6560025644191197,0.010820683453324516,0.00041750224246847806,0.0016919441784304038,0.008081404181800814,26
2018-12-04,2018,1922,0,0,1.6660661569455832,0.10048431706911443,0.0007926510130934033,0.0025059178629577143,0.012817016844555534,26
2018-12-05,2018,1922,0,0,-2.4546528173944657,-0.18904132265145515,0.00040606391538475624,0.0025446750073480594,0.008869404847136924,26
2018-12-06,2018,1922,0,0,-0.7061957893512153,-0.05226314851615966,0.0011317639189510537,0.0028632441272326958,0.01107995107120835,26
2018-12-07,2018,1922,0,0,-1.5404083232112231,-0.18109605354837394,0.0008149720749970141,0.0025567159699134427,0.007033446241097439,26
2018-12-10,2018,1922,0,0,0.16355146769285214,0.049354299794322334,0.0006960007787236436,0.0028742095997517964,0.00734998259246784,26
2018-12-11,2018,1922,0,0,2.0308713902852755,0.19017695303109167,0.0004031975627543381,0.0029996398404280853,0.009306579330626999,26
2018-12-12,2018,1923,0,0,0.0013568046464852064,-0.04751534384239882,0.0008212585225329688,0.00246106436141377,0.007911398830234229,27
2018-12-13,2018,1924,0,0,-1.0072487238956727,-0.0734750680291853,0.0006413411377742351,0.0021779853066770743,0.004806113018304822,28
2018-12-14,2018,1923,0,0,-0.10783315466814614,-0.0054756793451170484,0.0013112392145666844,0.002725359567469627,0.007000333516407437,28
2018-12-17,2018,1923,0,0,0.29617055156266847,0.024374593392260335,0.00042578148255526855,0.0025468963401670116,0.007852724421971925,28
2018-12-18,2018,1923,0,0,-2.0132093811719636,-0.137916483816631,0.0018776611719545455,0.003096412280553294,0.009577429156820137,28
2018-12-19,2018,1925,0,0,-0.1908455005767813,-0.020528559913825708,0.0013807113269101471,0.0028356231521914957,0.007602092157275911,30
2018-12-20,2018,1925,0,0,-1.603298758642694,-0.10613764858999113,0.0042695757377486454,0.003253938282186273,0.006199904790223118,30
2018-12-21,2018,1928,0,0,-2.4359078182639746,-0.080956970222722,0.0010784590179524264,0.0032148740330429594,0.008116449953052754,33
2018-12-25,2018,1929,0,0,-1.1516256424730689,-0.034894389565362206,0.003902972270239682,0.003096681393347916,0.005920863010383149,34
2018-12-26,2018,1929,0,0,0.17484583103633847,0.06492593399112477,0.0006103235270231171,0.002820215785863569,0.004586568008302413,34
2018-12-27,2018,1929,0,0,-0.5853803186735828,-0.05259904696611057,0.0010401768710954279,0.0022146981083663057,0.006211546853461799,34
2018-12-28,2019,1930,0,0,0.1612752696961639,-0.10140382307188946,0.0021047967355903308,0.009330044757735119,0.04616647603408862,0
2019-01-04,2019,1930,0,0,0.09499799925522812,-0.0588623296329116,0.0007311743971104187,0.009089657216268756,0.08788364943749971,0
2019-01-07,2019,1930,0,0,0.7176502952995016,0.056331337991439065,0.0006356855976693981,0.009277669180373338,0.0328458907283534,0
2019-01-08,2019,1930,0,0,-0.5684699722965699,0.03727780492762006,0.0004770663259772465,0.00941409884184181,0.09302265988330752,0
2019-01-09,2019,1930,0,0,0.22017932926407102,-0.012707575488893794,0.0005983254391772574,0.009575252113759794,0.046297615075923976,0
2019-01-10,2019,1930,0,0,-2.0406840085522258,-0.1376377846901287,0.001022961286780007,0.009847916681693866,0.09710452271975817,0
2019-01-11,2019,1930,0,0,1.241494283546748,0.10543801408243636,0.00045937433877264364,0.009967279680363914,0.040452705821652904,0
2019-01-15,2019,1930,0,0,-0.6345998917634003,-0.060644572552640955,0.0006799891911636114,0.009871313357305601,0.05503653371559526,0
2019-01-16,2019,1930,0,0,-0.005558331828269776,0.019047797597931605,0.0007294710233578045,0.009850594838826911,0.038635515024075306,0
2019-01-17,2019,1929,0,0,-0.4167824054760945,-0.10180326050538724,0.0006758256195805393,0.009863858013990503,0.04898090896259248,0
2019-01-18,2019,1929,0,0,0.2601235782017874,0.06316725815439506,0.00029444295011435894,0.00963445770619478,0.04905693040640234,0
2019-01-21,2019,1929,0,0,-1.301029240867109,-0.01655545583133161,0.00034273031493091736,0.009400513361005659,0.11850785578806813,0
2019-01-22,2019,1929,0,0,-0.6054562159090611,-0.03199835709464976,0.0006178149588406396,0.009236972004871495,0.04462393940454926,0
2019-01-23,2019,1929,0,0,-0.4593186739725823,0.019971759090812873,0.000710759517001943,0.010016520461803647,0.045077943349153105,0
2019-01-24,2019,1929,0,0,-0.8411926746372073,0.01363433468543995,0.0004220241024303271,0.009789583146766732,0.11382116668284295,0
2019-01-25,2019,1929,0,0,2.19175645439489,0.09868960724606884,0.0005150210213303829,0.010667854576289253,0.06218910752522641,0
2019-01-28,2019,1929,0,0,-0.6877162602999217,0.05462433065181561,0.000555930401696113,0.009857803096383073,0.05207522864681449,0
2019-01-29,2019,1929,0,0,0.33586415603432523,-0.0036348163208743327,0.0011898083814147443,0.010138547756618559,0.08479025630111109,0
2019-01-30,2019,1929,0,0,-0.051045802572565524,0.01110907609540776,0.0010371710988380713,0.010491647808915604,0.46234926896092277,0
2019-01-31,2019,1929,0,0,0.7843106048573597,0.014014811972106724,0.0015149004947881202,0.00993634833117214,0.056916788058996796,0
2019-02-01,2019,1929,0,0,0.7697757879341154,0.018654285315099613,0.0007542497101789879,0.009966458255979669,0.0625411719012968,0
2019-02-04,2019,1929,0,0,-0.3467128333755379,0.022412478076615235,0.0005715762701030423,0.010061737926285542,0.06764728917212548,0
2019-02-05,2019,1929,0,0,-0.8998528400883701,0.020674186022128085,0.0010321839014856592,0.01001654938187151,0.7982708382891658,0
2019-02-06,2019,1929,0,0,1.2042555140707218,0.008550510999914645,0.0008045189007551575,0.00965054562140926,0.05767238584012824,0
2019-02-07,2019,1929,0,0,0.2726055305158977,-0.008822771288073832,0.0018982129714964473,0.009816464925286789,0.18512551595488577,0
2019-02-08,2019,1929,0,0,1.1409417238982007,-0.0057026566601124295,0.001093882143583857,0.00966716343295094,0.05107042660563243,0
2019-02-12,2019,1929,0,0,1.6661761024441653,0.05095948196932861,0.0007979957616633637,0.010580915329295188,0.05157105245094327,0
2019-02-13,2019,1929,0,0,1.1104926257281844,0.02942495881838317,0.0007873291096149192,0.010121619039857801,0.05683757368331084,0
2019-02-14,2019,1929,0,0,-0.3968056935119139,-0.01924546311243547,0.0013510865278991775,0.009337280757905676,0.07357134380752056,0
2019-02-15,2019,1929,0,0,-0.1074477843068687,-0.037106097452784884,0.0004933331132294756,0.00900751570619349,0.06811412522743714,0
2019-02-18,2019,1929,0,0,-0.2914811600380802,-0.011415457577201965,0.00047727711784424024,0.009029259631075188,0.06595873530526966,0
2019-02-19,2019,1929,0,0,-0.5597798767717644,-0.03572495604062639,0.00041262455438504714,0.008580113064320006,0.2004269246324063,0
2019-02-20,2019,1929,0,0,-0.5296114676531916,0.04459042736048802,0.0003593213003876216,0.00898694357846152,0.06231817065597544,0
2019-02-21,2019,1929,0,0,0.9772489780822592,0.023647045222890614,0.0006073067409905052,0.008987159585867377,0.05038404847502948,0
2019-02-22,2019,1929,0,0,0.5229987816527318,0.029245882927807384,0.0003514615524333935,0.008474666238829033,0.11177854348504179,0
2019-02-25,2019,1929,0,0,-1.5219708588575196,-0.06814388577807566,0.0006095411260421055,0.008930279932498354,0.10792023161846617,0
2019-02-26,2019,1929,0,0,0.5182508245417908,-0.05096930078324887,0.000395828980027221,0.00834021995515033,0.06053470666707025,0
2019-02-27,2019,1929,0,0,0.3234317210298829,0.018201963593778663,0.0004744276481351663,0.009541669773445725,0.08101984822790721,0
2019-02-28,2019,1930,0,0,0.2588362872529017,0.08637369470159924,0.0006893143112257069,0.00927371965647639,0.12027972015135927,1
2019-03-01,2019,1931,0,0,-0.7321437738955535,-0.012158979003471605,0.00033686238414474217,0.008223439631048046,0.09353169177359477,2
2019-03-04,2019,1931,0,0,-0.2909837180159253,0.02218395998765691,0.0003090720471239097,0.008445350842111975,0.07689702366511111,2
2019-03-05,2019,1932,0,0,0.2572156770348517,-0.004857922462519486,0.0003613640385215541,0.00798789452448352,0.06456670178526999,3
2019-03-06,2019,1932,0,0,-0.887886975092858,-0.05240680010884097,0.0006550090430989656,0.008307519663762525,0.0736785848829386,3
2019-03-07,2019,1932,0,0,0.049208056873064475,0.03960581723215484,0.0005437672961849081,0.008482783164594113,0.05245712997185989,3
2019-03-08,2019,1932,0,0,1.4552197880356557,0.1360707362696396,0.0008223471307404615,0.007672741826516418,0.05409118988759677,3
2019-03-11,2019,1932,0,0,-0.020939035937583245,-0.04009347003482781,0.0003269161074783677,0.007645294234967301,0.09531365916617585,3
2019-03-12,2019,1932,0,0,-0.06363911763398011,-0.06870662111962272,0.0003427254127062309,0.008161366805528696,0.06736987410051706,3
2019-03-13,2019,1933,0,0,0.589122947977539,0.03201387377522679,0.0006054200416650585,0.007709923955412109,0.06543978177157624,4
2019-03-14,2019,1933,0,0,0.005783239134038591,0.004554395558897942,0.0008406460005114702,0.007747105320456557,0.07588613883879422,4
2019-03-15,2019,1934,0,0,0.4474017760436862,0.05794287964460259,0.0003288173965962575,0.009100214338411365,0.07444292229509963,5
2019-03-18,2019,1934,0,0,-0.6033503505327849,0.028677818686296687,0.0004685245747833659,0.008692016122275156,0.07194154841065992,5
2019-03-19,2019,1935,0,0,1.4183128504003293,0.06367270859651823,0.0005376543168935482,0.00783365026346714,0.07878424349164677,6
2019-03-20,2019,1936,0,0,-0.48500312605886126,-0.02941531764460454,0.0005986655118842065,0.008236540611695455,0.12681553101667542,7
2019-03-22,2019,1936,0,0,1.6337347030234834,0.13311584873921584,0.0016659753885278775,0.0088251144432703,0.054349098743681344,7
2019-03-25,2019,1936,0,0,0.06806578783052182,-0.0030759127429986345,0.0005046774325454635,0.008088746829591095,0.057991143397270004,7
2019-03-26,2019,1936,0,0,0.35242220087639825,0.07689094991784877,0.0004559083035327845,0.012282176510739878,0.05283903073343138,7
2019-03-27,2019,1936,0,0,-0.19372924832419436,-0.0382846843884582,0.0004985655940269485,0.007878343523332733,0.03674470164718518,7
2019-03-28,2019,1937,0,0,1.816943097357455,0.0312748465237601,0.0009985101376335215,0.007754284770031995,0.07564335704448662,8
2019-03-29,2019,1937,0,0,-0.04822388352240026,-0.06739910916764992,0.0004981119801245255,0.00819393345670549,0.04885974581339358,8
2019-04-01,2019,1937,0,0,-1.282560667040201,-0.06727820733365789,0.0006802599740505088,0.009046606684505656,0.07570660396084207,8
2019-04-02,2019,1937,0,0,-0.458051646787023,-0.03171119872457741,0.0004079330881900181,0.008076192555566393,0.048397714911040404,8
2019-04-03,2019,1937,0,0,-1.8711532083797966,-0.12380026184335773,0.0005524137760690311,0.008377467312739873,0.042817050725889275,8
2019-04-04,2019,1937,0,0,0.018601738334008317,0.021906579091027424,0.0003242338516402502,0.008255077061820434,0.059283348093240866,8
2019-04-05,2019,1937,0,0,-0.22001890281623412,0.0673738469538978,0.00033289694128312464,0.008011061008020681,0.13713308815183228,8
2019-04-08,2019,1937,0,0,-0.03470393013391412,-0.04726225645387609,0.0002451448553192773,0.008061802861138402,0.06870640733194616,8
2019-04-09,2019,1937,0,0,-0.7243805508052107,-0.02759851487796498,0.0004045456779958667,0.008490799166768816,0.09251182497237198,8
2019-04-10,2019,1938,0,0,0.5648918891265691,0.039141666580156505,0.0003225076526051865,0.00831173497279549,0.05619585477889711,8
2019-04-11,2019,1938,0,0,0.252643423340776,0.03915259318394491,0.0012082076184477528,0.008624808502282096,0.08384439015045397,8
2019-04-12,2019,1938,0,0,-0.10953084200830283,0.01643517093791185,0.000392308684711859,0.008982848801382093,0.07211316901096683,8
2019-04-15,2019,1938,0,0,-0.6913810431122388,-0.07330764367412869,0.000625630686604346,0.01003330186477019,0.08232322587902263,8
2019-04-16,2019,1938,0,0,-0.2383172079027537,-0.008016784090636206,0.0003932166461873453,0.008132061221071579,0.061605162751015095,8
2019-04-17,2019,1938,0,0,-0.576033229368636,0.03280149736368099,0.0005170516465703225,0.008884817679975099,0.06602644406369132,8
2019-04-18,2019,1938,0,0,0.2776404833898051,-0.03307913766015902,0.00033312968802655,0.008683872831487449,0.07254934622464071,8
2019-04-19,2019,1938,0,0,-0.21857129826928964,-0.07006272872073797,0.0003253506434357927,0.008300266888175955,0.06566020317696564,8
2019-04-22,2019,1938,0,0,0.21705138061754306,0.04927723005372333,0.0003430988668042259,0.00849911908152875,0.08850282674621816,8
2019-04-23,2019,1938,0,0,0.5881876490552064,0.014502213828983727,0.0005861188120674445,0.008755695627710317,0.04741031195578119,8
2019-04-24,2019,1938,0,0,-0.41852650530526275,-0.018674352141183747,0.00047139764355231016,0.009117174772923946,0.09395656986339963,8
2019-04-25,2019,1938,0,0,-1.4127133400892713,-0.06959504728728377,0.000889581795597363,0.009215845728867394,0.07185932849920271,8
2019-04-26,2019,1938,0,0,-0.4795401619077794,-0.030099510997648436,0.000539414492948341,0.009294963821804844,0.09535821438955214,8
2019-05-07,2019,1938,0,0,-1.0392530751614857,-0.0707107680110751,0.0007871163260196428,0.009248154196999333,0.07172938233389531,8
2019-05-08,2019,1938,0,0,-0.06578573164201373,-0.021852593082394827,0.00093315278701042,0.007645109315241627,0.2748125619606006,8
2019-05-09,2019,1938,0,0,-0.7640552639586734,-0.023266025260470516,0.00146621183510384,0.007484740568062058,0.0623989577480914,8
2019-05-10,2019,1938,0,0,1.6494771608374308,0.0506612050055598,0.001046014832395879,0.0077403791664327325,0.07438632821243343,8
2019-05-13,2019,1938,0,0,0.30039805111029033,0.01742498246044329,0.0014021964774773613,0.009076531705109605,0.07826545192429882,8
2019-05-14,2019,1938,0,0,-1.2847202231907648,-0.08138963588122838,0.0011052922230212427,0.008407609167138081,0.07793401356120105,8
2019-05-15,2019,1938,0,0,-0.30982208331244543,-0.01727577325040153,0.0009022362851432677,0.008852958123902972,0.08453869711622805,8
2019-05-16,2019,1938,0,0,-1.3333263462061764,-0.06429758889465734,0.0005406970478801713,0.00906667770616636,0.06751423200512188,8
2019-05-17,2019,1938,0,0,0.18084355763743223,-0.04452670001684219,0.00040658049955789443,0.009084301114185601,0.12028833767745423,8
2019-05-20,2019,1938,0,0,-0.5581692314286856,-0.011093107323500575,0.0004364035021748063,0.00906044049601061,0.0981418761265967,8
2019-05-21,2019,1938,0,0,-1.5128937995577856,-0.028457343480362846,0.0004367080129008381,0.009089582314520542,0.047078707181353305,8
2019-05-22,2019,1938,0,0,-0.7023141664985252,-0.06849514196133466,0.0004532303324849093,0.009367332395443611,0.06224003312286281,8
2019-05-23,2019,1938,0,0,0.6414831396002478,-0.003824926771218099,0.0005103373517274345,0.00954656218002636,0.0466785956967785,8
2019-05-24,2019,1938,0,0,0.7194065217434296,0.01633063748768089,0.0005249207348605714,0.009430478268737457,0.055439717789003015,8
2019-05-27,2019,1938,0,0,-0.5554271562385171,0.021016315835341578,0.00033525239966044034,0.009498531334932251,0.046290279969624294,8
2019-05-28,2019,1938,0,0,0.3070920606417052,-0.007363557411676663,0.00044886213952207544,0.009990199369362608,0.09063683117890156,8
2019-05-29,2019,1938,0,0,0.36002176668608205,0.10998651483833576,0.00031146562660402005,0.009511468657894385,0.0495302387557358,8
2019-05-30,2019,1938,0,0,0.6032266821801796,0.0792026774634841,0.0004924419870263734,0.009489087742464085,0.07003204965770334,8
2019-05-31,2019,1938,0,0,-1.861650346325144,-0.18107486075714602,0.0008010893992210148,0.009602826833362482,0.07488738145632155,8
2019-06-03,2019,1939,0,0,-0.17379517120316498,-0.05591999906048958,0.00138948878143487,0.009580141089969572,0.0834076221334087,9
2019-06-04,2019,1939,0,0,0.14590103867346174,0.07157740375999896,0.00034656647655782806,0.00927841729903247,0.035906429649542174,9
2019-06-05,2019,1939,0,0,0.0629258728594424,-0.000153035496151372,0.0006583284370710356,0.009511280266619645,0.03884108524584928,9
2019-06-06,2019,1939,0,0,-0.07275922540272688,-0.02456362234780991,0.0007911688417643218,0.009102518472111982,0.069723179319,9
2019-06-07,2019,1939,0,0,-0.6476989526680947,-0.07050306648511867,0.000501112608028595,0.009460423881223068,0.05577851514222487,9
2019-06-10,2019,1939,0,0,0.3200735531409547,0.026656807084552373,0.0003186755442858722,0.009649009186987858,0.06134767363458365,9
2019-06-11,2019,1939,0,0,0.28919425340240457,0.11008407881345786,0.00031645654132211003,0.00927322759613281,0.03973700186244021,9
2019-06-12,2019,1940,0,0,0.30549898749290305,0.04196954595797313,0.0005220799811953852,0.009609828949465571,0.11489724384324511,10
2019-06-13,2019,1940,0,0,0.22621499372817575,0.09881145155182189,0.00035557731955893713,0.00960452829600098,0.059790325656830165,10
2019-06-14,2019,1940,0,0,-0.5605352611538317,-0.006422530636632872,0.00032727412360111167,0.009681007586773418,0.06229620573412095,10
2019-06-17,2019,1940,0,0,-1.0361945536140968,-0.16071470096074994,0.0011753046578488599,0.009333475453266139,0.06338599799563362,10
2019-06-18,2019,1941,0,0,-0.9196935395974171,-0.03889228229276632,0.0004874458128668023,0.009346319285098883,0.07564833767626362,11
2019-06-19,2019,1942,0,0,-1.2991586095527603,-0.07744577158540263,0.0004558004341739045,0.00953505492005357,0.051376474300871444,12
2019-06-20,2019,1942,0,0,1.1828879988187346,0.057158249589061606,0.00035262301343017894,0.00907964894060027,0.05330573654688828,12
2019-06-21,2019,1942,0,0,0.04893092676092555,0.021603670451297595,0.00036681767102748176,0.010760570708657175,0.06529779897362195,12
2019-06-24,2019,1942,0,0,-0.2981849214178238,-0.02791662753370103,0.00039177087163908567,0.008426527460056323,0.05310333806722323,12
2019-06-25,2019,1942,0,0,-0.7127762357430635,-0.14610251693865037,0.0009128600736807465,0.009477996177623568,0.045267920435758655,12
2019-06-26,2019,1942,0,0,1.1034698466553052,0.033686389839637176,0.00044295526499410444,0.009274484584510096,0.06079383253105774,12
2019-06-27,2019,1943,0,0,-2.125721697927478,-0.12465597260474315,0.0014508006619925724,0.00911107727290102,0.04305273008136035,13
2019-06-28,2019,1943,0,0,0.4130216467289447,0.004806731161296851,0.000534796245071063,0.00974971937258076,0.08567885356372265,13
2019-07-01,2019,1943,0,0,1.7214243210163271,0.15085963284122753,0.00036331918600142647,0.010712167606200494,0.0858354955872185,13
2019-07-02,2019,1943,0,0,-0.07660463762629988,-0.0234440383253539,0.0005421851672756906,0.009391302600801016,0.1700861434057006,13
2019-07-03,2019,1943,0,0,-0.03956684721842848,-0.01982291166291354,0.0003826016716514157,0.009196958009766816,0.09343602395524231,13
2019-07-04,2019,1943,0,0,-0.38279812056858703,-0.04148795184435642,0.00023130279973301,0.008230750297816723,0.05093441465774589,13
2019-07-05,2019,1943,0,0,-0.0863882182498837,-0.019752511081397462,0.00026645823789869094,0.008983887682803353,0.08938946162871508,13
2019-07-08,2019,1943,0,0,-0.5246558752889486,0.01765096587747068,0.0003064910347761563,0.00895924417006965,0.04176486560141822,13
2019-07-09,2019,1943,0,0,0.5114411177632866,0.06227138157410383,0.0005480573869962315,0.008923905722006591,0.07522668992364184,13
2019-07-10,2019,1943,0,0,-0.4576278058389276,-0.033888039204700994,0.0006257771956811794,0.009758194262919335,0.7488518029961273,13
2019-07-11,2019,1943,0,0,-0.18033111721905462,0.03840590073257734,0.0005616923326553854,0.008652547178897598,0.07430934331430852,13
2019-07-12,2019,1943,0,0,-0.5226226717811595,0.0009937209764297368,0.00036559859365129627,0.008797289801324774,0.3647781816542732,13
2019-07-16,2019,1943,0,0,-0.5688694746374624,-0.007772664319203216,0.0005336286162203505,0.009027880998331125,0.1974489534198784,13
2019-07-17,2019,1943,0,0,-0.30167821296250236,-0.022681933721269955,0.001067655176429996,0.008825843929913006,0.0925463940350161,13
2019-07-18,2019,1944,0,0,-0.7895188050000783,-0.06985429477190308,0.0003250342598706755,0.007926810699852242,0.11199888718613935,14
2019-07-19,2019,1944,0,0,-0.1645132209631385,-0.05426990106890723,0.000489433142933844,0.00813156076974518,0.04822468209416539,14
2019-07-22,2019,1944,0,0,-0.35952200115569904,0.032824246775213485,0.0003519542539735039,0.00838486158134774,0.0720413214511596,14
2019-07-23,2019,1944,0,0,-0.6801922177474905,-0.020139392194932174,0.00046769459359552,0.00843333970892836,0.05870413970799851,14
2019-07-24,2019,1944,0,0,1.314194500506017,0.04286167569622619,0.00027507866678699617,0.008646852208020023,0.055642603905507015,14
2019-07-25,2019,1944,0,0,1.3757700570490814,0.03690254710270803,0.00038610031046524315,0.00881976505891422,0.1229203361191472,14
2019-07-26,2019,1944,0,0,-0.09396254497269012,-0.0239346034253285,0.0005581837566647973,0.0085675891069667,0.06582103081211008,14
2019-07-29,2019,1945,0,0,-0.25108821018769945,0.016319421719388178,0.0004803160062343667,0.008769930319295356,0.07646934553377063,15
2019-07-30,2019,1945,0,0,-0.1445493745763795,0.04543081446528298,0.0005482811832890962,0.00934112436002002,0.06705699829762332,15
2019-07-31,2019,1945,0,0,-1.281996623007424,-0.06052811693725744,0.0008736646348246688,0.009107956143719835,0.07561980960747267,15
2019-08-01,2019,1945,0,0,-0.7566795753395853,-0.034951450452532014,0.0007531908807001019,0.008784206123769275,0.11222927116346837,15
2019-08-02,2019,1945,0,0,-0.23553199709131478,-0.04839343500524591,0.0004582642220002738,0.007712209014544595,0.09778333878332121,15
2019-08-05,2019,1945,0,0,-0.9450362467315552,-0.08027758289697343,0.0006724848035644964,0.0067392141996158094,0.05831054722525955,15
2019-08-06,2019,1945,0,0,-1.6382409282539785,-0.08789599691605952,0.0007039152642250544,0.006756763049078598,0.05195321126729571,15
2019-08-07,2019,1945,0,0,0.7454945956410407,0.01852961946113856,0.0006833256680980818,0.008224848100625815,0.09956782219186892,15
2019-08-08,2019,1945,0,0,-0.7934251173253415,-0.003556673981366351,0.0010168687141138713,0.00897506657700016,0.0994150393804209,15
2019-08-09,2019,1946,0,0,0.7331327174920835,0.001125292937913164,0.0009101552512278659,0.009245812056448022,0.0793761430530194,16
2019-08-13,2019,1946,0,0,-0.4708175105750613,0.008058671257581166,0.0005559188012183213,0.009068216283879658,0.06755349929784166,16
2019-08-14,2019,1946,0,0,-0.8009190773645453,-0.021237094113342528,0.0004698239779997116,0.009001757553864656,0.08808704790809557,16
2019-08-15,2019,1946,0,0,-0.1717447245070843,-0.06940143860304586,0.0006061682825632369,0.00939518930117392,0.11356296745887925,16
2019-08-16,2019,1946,0,0,0.4405839159018304,-0.012954863978908203,0.0007621324595998003,0.0094846097240814,0.045844550935536695,16
2019-08-19,2019,1946,0,0,1.1257824519164494,0.13690164786304776,0.0002650814340340184,0.009527920470682126,0.0862135594061257,16
2019-08-20,2019,1946,0,0,-0.37487893906888087,-0.04338205558672265,0.0003058488282730891,0.009400508579433597,0.0393147244786508,16
2019-08-21,2019,1946,0,0,-0.2634238395061957,-0.009129121028706761,0.00033758561668774585,0.009462080670475412,0.04522149989751831,16
2019-08-22,2019,1946,0,0,1.1335530885500322,0.1800282255001909,0.0003571780190467832,0.00992709209840482,0.07614252847622804,16
2019-08-23,2019,1946,0,0,0.6823465472416409,0.009008070996066696,0.0005582315442893915,0.009646034293174798,0.034384810525063744,16
2019-08-26,2019,1946,0,0,0.26428040243655326,0.026041220866639618,0.0002935707104329775,0.009372378512680697,0.08463958767069041,16
2019-08-27,2019,1946,0,0,0.29084923808837954,-0.009239696345475404,0.00034293580217387604,0.009502778191299906,0.05277205669446166,16
2019-08-28,2019,1946,0,0,-1.0910778340119052,-0.1572260321590736,0.001184776501873751,0.009871778203207294,0.07424415340456575,16
2019-08-29,2019,1946,0,0,0.14334860387840287,0.04993077723593141,0.0002740917795591923,0.009618740269607243,0.03638521118380363,16
2019-08-30,2019,1946,0,0,0.03049731102309276,-0.05519786354430697,0.00048264742580302587,0.009697372364130699,0.040621130673071826,16
2019-09-02,2019,1947,0,0,0.11530647963621554,0.11042552483960584,0.0002366634494470303,0.009201321606436632,0.0558559207216474,17
2019-09-03,2019,1947,0,0,-0.6053843478677988,-0.12007995412366304,0.0011291475848824101,0.009415365690861613,0.05438931633407747,17
2019-09-04,2019,1947,0,0,-0.42463755908613776,-0.08772922275685735,0.00032122618759591464,0.009737458532607837,0.06568889685847235,17
2019-09-05,2019,1947,0,0,0.8408081488841858,-0.017145498659949642,0.0007317099063453253,0.011409515987053193,0.05280225279338407,17
2019-09-06,2019,1947,0,0,-2.4272527886640916,-0.19301829361518558,0.0007311062168653138,0.009544323381205071,0.0784039524214172,17
2019-09-09,2019,1947,0,0,-1.529555260088621,-0.15797341246550278,0.0010360743730213743,0.00946401450384843,0.07136245217666835,17
2019-09-10,2019,1947,0,0,-0.0358260947045832,-0.029810324195438685,0.0005876531845358203,0.011341682241923022,0.06392059127440643,17
2019-09-11,2019,1947,0,0,-0.7488986009065496,-0.15696619050192676,0.0007930889398382349,0.01390294148021346,0.10265589999438395,17
2019-09-12,2019,1947,0,0,0.8096485565566601,0.04655836317431569,0.000665131821358513,0.013181282330450616,0.061795698627532515,17
2019-09-13,2019,1946,0,0,2.0420203518952174,0.16533821848496721,0.00042872875353255733,0.015195782917371904,0.07904995855209788,17
2019-09-17,2019,1945,0,0,0.869293706051085,-0.0009069567201926067,0.0007010546001475667,0.010247057026963326,0.051600210703055906,17
2019-09-18,2019,1945,0,0,0.2699747694797426,-0.020847834313134257,0.0004993156160276535,0.009346660404522375,0.058911456639919035,17
2019-09-19,2019,1945,0,0,1.030797225124213,0.06744927871596998,0.0006059851871058057,0.01033934931078244,0.05321556463940095,17
2019-09-20,2019,1946,0,0,-0.16429866771205767,-0.06564266843869478,0.000341507400569701,0.011016012483048737,0.07435764288704379,18
2019-09-24,2019,1947,0,0,0.9663042104263199,0.112122502573761,0.0004605821004239026,0.009490844438156114,0.08196062720254643,19
2019-09-25,2019,1947,0,0,0.06314615723117623,0.029307673015078917,0.00038109640232164685,0.008412843335831878,0.041899428328953034,19
2019-09-26,2019,1947,0,0,1.1992908155925044,0.15641354562817683,0.00030982411955512437,0.011893820981627614,0.045256562681310286,19
2019-09-27,2019,1948,0,0,0.25965781560957346,-0.03872495710972867,0.0007737723146807924,0.00862365697423995,0.05112739957677117,19
2019-09-30,2019,1948,0,0,-0.03315261165249739,0.08429403113676256,0.00034881817885686875,0.008280946466714893,0.03970284134222692,19
2019-10-01,2019,1949,0,0,-0.1912231597243886,0.011431748381583947,0.00033365341137107853,0.0076504851975114745,0.056608373199000125,19
2019-10-02,2019,1949,0,0,0.6069468109622124,0.027093015967558823,0.0003969445280870257,0.008103020343714533,0.08920274982757828,19
2019-10-03,2019,1949,0,0,-0.15329269209379048,-0.04388005651714002,0.00030881739627371097,0.00811566867997429,0.0656654511492196,19
2019-10-04,2019,1949,0,0,0.19906273515993197,-0.03243578249019011,0.0006555885592911288,0.007868872032983393,0.05213728724484622,19
2019-10-07,2019,1949,0,0,0.47686137191593553,0.07467600938019724,0.0003067168554841726,0.008018753680754099,0.05450326327572047,19
2019-10-08,2019,1950,0,0,0.4762384134496293,0.006564654717604141,0.0002662698818617919,0.00877980410899058,0.045268106284794433,20
2019-10-09,2019,1951,0,0,0.0019100361723061177,-0.004313200399530569,0.00044323639962907317,0.007936536159524447,0.04928491945075101,21
2019-10-10,2019,1951,0,0,0.07153526555559282,0.04599022408291994,0.000912996770961835,0.008160151559113357,0.06949003079334443,21
2019-10-11,2019,1951,0,0,-0.18342898896150187,0.03318675557720469,0.0006182014339127574,0.00861058011269704,0.11445773723381107,21
2019-10-15,2019,1951,0,0,-0.1042299839843374,-0.000586355245208709,0.00034091133070005014,0.009925914171329233,0.12143797239447929,21
2019-10-16,2019,1951,0,0,-2.1189372411927105,-0.09450380364430609,0.0005226105774032191,0.01004032934642405,0.08677640070804285,21
2019-10-17,2019,1951,0,0,-0.5396895316263466,-0.03680129502539921,0.0005175401520113404,0.007585175255810513,0.047424553932932795,21
2019-10-18,2019,1951,0,0,1.2817716917917181,0.044206822519479556,0.0005671788294940726,0.008133739029127882,0.08992567202463053,21
2019-10-21,2019,1951,0,0,-0.598993090224767,-0.001822595121662512,0.0004720954477285838,0.006866670228427842,0.10456816438774033,21
2019-10-23,2019,1951,0,0,0.13034292786565826,0.06114317357749758,0.00043112107516302616,0.008992388509527783,0.09202412715887398,21
2019-10-24,2019,1951,0,0,-1.2848052327054633,-0.03443589038614457,0.0005049126437133402,0.008455668037966747,0.06571042649278494,21
2019-10-25,2019,1952,0,0,0.30181619692219597,0.0032563689379315553,0.0005760224139465564,0.008384389764857874,0.1021959779131885,22
2019-10-28,2019,1953,0,0,0.23566405619589478,-0.0032684008902914854,0.0008047208708608021,0.008256373816688176,0.08251466148254372,23
2019-10-29,2019,1953,0,0,0.24551669730173908,0.0709573734241806,0.0006310888846531409,0.010017260022263759,0.06399069449289482,23
2019-10-30,2019,1954,0,0,1.3275798954559608,0.07611863717971849,0.0007738207377510712,0.015048971767865751,0.11733026111476427,24
2019-10-31,2019,1954,0,0,0.38351806343578093,0.07607807205659108,0.0011340135606645392,0.009330039636472623,0.17463369954494812,24
2019-11-01,2019,1955,0,0,0.2588566684559667,0.04025164048336825,0.0005382546712497333,0.008204678847830568,0.07636499735070736,25
2019-11-05,2019,1955,0,0,0.020712522360346597,0.025285334353555424,0.0006315105905975716,0.011797169092903202,0.1137775905323733,25
2019-11-06,2019,1955,0,0,-0.156202890688013,0.006765260159717745,0.0006905454539748026,0.008661806282205005,0.08790458844305381,25
2019-11-07,2019,1955,0,0,0.8689248916120612,-0.007630558964641845,0.0008023061208639095,0.008110823145154962,0.06651902584179883,25
2019-11-08,2019,1955,0,0,-0.052297444168092344,-0.04474516894287488,0.0006383647215404845,0.010930280226286018,0.06950684952515197,25
2019-11-11,2019,1955,0,0,0.021484867855946572,0.028061313873325992,0.0004520576506283694,0.008822325119512222,0.10245617625036155,25
2019-11-12,2019,1955,0,0,0.23115066921165509,-0.04072790968396559,0.000522897923291936,0.008120889409975287,0.07004820033567002,25
2019-11-13,2019,1955,0,0,1.1502662795849496,0.09018789262215333,0.0008645706654723065,0.007748164682160186,0.07830791284280081,25
2019-11-14,2019,1955,0,0,-0.005748223937745618,-0.033858738780840066,0.0005270757637818982,0.007876504569905173,0.07031239698726345,25
2019-11-15,2019,1955,0,0,-0.9085714323792194,-0.05106551294954824,0.0004161212707456006,0.00802187046988252,0.06986607997992998,25
2019-11-18,2019,1955,0,0,-0.8778337333546588,-0.10658599958886761,0.0003473462307828196,0.0069694819747581,0.07631336128163205,25
2019-11-19,2019,1955,0,0,-0.06989712101122347,0.022570017331423657,0.00029194041649347277,0.00688147931004712,0.062381350622000814,25
2019-11-20,2019,1955,0,0,-0.2988806041624814,0.006022592046365783,0.00038944255334208514,0.007714867440520431,0.14562801229497768,25
2019-11-21,2019,1955,0,0,0.6298741633894959,0.07703715399743022,0.0005938615429839963,0.007897695224385895,0.1262772286497155,25
2019-11-22,2019,1955,0,0,0.46641839387387013,0.020246174975217513,0.00036089739949177847,0.0074412544681600745,0.0616396236884864,25
2019-11-25,2019,1955,0,0,0.058177125216230564,0.02615880379965361,0.0005292264792694052,0.007476013382852765,0.1729895517666914,25
2019-11-26,2019,1955,0,0,0.1742846805667341,-0.010895566519553127,0.00029153724302894194,0.009030639508823723,0.15264706975436854,25
2019-11-27,2019,1955,0,0,-0.1638137410950122,-0.04041858260858545,0.00029621905806447854,0.007191180894778033,0.06649315220241701,25
2019-11-28,2019,1955,0,0,0.6434300892052945,0.10152786362824213,0.0004728713747210668,0.007164777242770198,0.08273062300587568,25
2019-11-29,2019,1955,0,0,-0.2745187879036331,-0.0002050360307306203,0.0003226108803190366,0.0077541158310905035,0.0732025083549798,25
2019-12-02,2019,1955,0,0,-0.42798922937303563,-0.03735639499821069,0.00039439958233091664,0.00774814251449877,0.1317940737056072,25
2019-12-03,2019,1955,0,0,0.6318219292625136,0.043341902161530194,0.0004417618357844404,0.007918143292840522,0.10170139043390311,25
2019-12-04,2019,1955,0,0,0.03176410625891357,0.015217318213491423,0.00040984438540942863,0.00816113299094312,0.11286056655642313,25
2019-12-05,2019,1955,0,0,0.44271587642330745,-0.001017295668727871,0.0005340423630394509,0.008672399636017231,0.06498125904713625,25
2019-12-06,2019,1955,0,0,0.1498937479096707,0.01960784697162107,0.0003673951122547601,0.008214771237867869,0.06806547280536476,25
2019-12-09,2019,1955,0,0,-0.1429438031409088,0.035382264294507165,0.000274693036178424,0.008166104625577507,0.07703784174413697,25
2019-12-10,2019,1956,0,0,0.6406826558084632,0.034897329831007115,0.0002824191508860208,0.008322751487659211,0.09040532261298902,26
2019-12-11,2019,1957,0,0,0.6112582040633691,0.03718662495776095,0.0007066352759994139,0.008092482703585806,0.0677673185288488,27
2019-12-12,2019,1958,0,0,0.2714687420994168,0.04445080403782562,0.00043878433083235143,0.00820005456733697,0.09458152250348206,28
2019-12-13,2019,1958,0,0,0.7078024213047263,0.06659320843407328,0.0008546031934346895,0.012727134662107936,0.07344490033874349,28
2019-12-16,2019,1960,0,0,0.6555092887426982,-0.005577751326943333,0.0003305102841978987,0.007903581424181476,0.07249430947010715,30
2019-12-17,2019,1962,0,0,-0.47402798419196907,-0.038903032143143085,0.00039283543197791147,0.008636069526475392,0.058984352506308346,32
2019-12-18,2019,1964,0,0,0.5670885102803982,0.018952277640825233,0.0004587780059413472,0.008113847487407901,0.21595433197269664,34
2019-12-19,2019,1965,0,0,-0.24156142752463028,-0.02543807510230407,0.0003089369507339766,0.00738575843852222,0.06831711238582322,35
2019-12-20,2019,1965,0,0,0.785414490363226,0.04911901613208707,0.00032978469935585904,0.009287208685732781,0.0689134063686174,35
2019-12-23,2019,1965,0,0,0.02935350093463418,0.027149798414637376,0.0003395028893144631,0.007426447412167059,0.06172874789023703,35
2019-12-24,2019,1965,0,0,0.30366748404842364,-0.0004833000081413921,0.0004096945644142494,0.007252958657761143,0.05027379697437258,35
2019-12-25,2019,1966,0,0,-0.2325162326520506,-0.024350852562047536,0.0004907173816878085,0.007957552035690174,0.05805044869974084,36
2019-12-26,2019,1966,0,0,0.5071649997300846,0.06045216171820972,0.00029275255490849466,0.008204797241152086,0.07720397362154016,36
2019-12-27,2019,1966,0,0,-0.5917579649718109,-0.011601566705973556,0.00040232758900440353,0.00803766917991375,0.06596342033713379,36
2019-12-30,2020,1966,0,0,0.7238505774250837,0.11057264966580634,0.0004917779272814701,0.0015087214506501944,0.007546376984038889,0
2020-01-06,2020,1966,0,0,-1.8730547241942814,-0.13477724944249025,0.0005760723964555579,0.001726250718433034,0.006614149359577416,0
2020-01-07,2020,1966,0,0,-0.4839587391957754,-0.0063151597282218854,0.0005278841536070146,0.0011917991178042524,0.004403200207398467,0
2020-01-08,2020,1966,0,0,-1.1655541885915672,-0.10091445308043188,0.00032158429830572173,0.0015372432798190835,0.015065871684406797,0
2020-01-09,2020,1966,0,0,-1.589820975639461,-0.12589421253108507,0.0005087838195313011,0.0011761347119603378,0.004023514572819421,0
2020-01-10,2020,1966,0,0,0.4061018744388522,0.04152209483651916,0.00039381986952366374,0.001230781871926047,0.005143887238474906,0
2020-01-14,2020,1966,0,0,-0.5817189362464308,-0.08073143881062834,0.00029822385181717384,0.001250776758742641,0.011140773931413371,0
2020-01-15,2020,1966,0,0,1.2704623911584254,0.10841844273070178,0.00023060105090209247,0.0014389654719907834,0.010498217805791504,0
2020-01-16,2020,1966,0,0,1.001629627089801,0.10309483397965946,0.00027130848360664214,0.00187203729464549,0.010202517416734589,0
2020-01-17,2020,1966,0,0,-0.36461561105653034,0.06584804460091481,0.0002673189225363448,0.0014819135706702422,0.004519763200978059,0
2020-01-20,2020,1966,0,0,-1.0219035460024666,-0.07636590486340773,0.00026284858876843737,0.0012725717660798709,0.005287641154801446,0
2020-01-21,2020,1966,0,0,-0.7305316136307992,-0.10420514862816431,0.0003131229283936091,0.0013136045590147916,0.026405206841709165,0
2020-01-22,2020,1966,0,0,-1.2643721933660361,-0.09962354057138796,0.0003234661318522879,0.0011875032367121888,0.024062569937455727,0
2020-01-23,2020,1966,0,0,-1.3543093638016905,-0.15419162678780682,0.0007921666018666457,0.0015838183242762069,0.00694315089792179,0
2020-01-24,2020,1966,0,0,0.08570174956987768,0.018688042131924862,0.00035479351309327035,0.0018330709465229653,0.005644095298351157,0
2020-01-27,2020,1966,0,0,0.4003583687212233,0.04771774404695436,0.0003295337377850493,0.002064542214006053,0.008135807908584093,0
2020-01-28,2020,1966,0,0,-0.7161117983233236,-0.049066357361253185,0.0008640706928807504,0.0017446855629672838,0.004631858327239934,0
2020-01-29,2020,1966,0,0,0.6015207781001953,0.036243089541944044,0.0005103009649175725,0.0018675626089977111,0.004852059846690413,0
2020-01-30,2020,1966,0,0,-0.5152940571997316,-0.03550596165370156,0.0006323755165928752,0.0017633844635408398,0.010415592154844215,0
2020-01-31,2020,1966,0,0,0.8157134166756883,0.08304798420363244,0.0005348345052302006,0.001642208172967891,0.007814848987658586,0
2020-02-03,2020,1966,0,0,-0.3163116891609536,-0.006984011618412642,0.00039625623480238727,0.0018252473115025053,0.007868939655217864,0
2020-02-04,2020,1966,0,0,2.0310515326909884,0.1684331291233862,0.0006596788858004892,0.0013578785177168389,0.004448956680878332,0
2020-02-05,2020,1966,0,0,-0.10167993840570248,-0.028946711745214123,0.00047082283017212047,0.0009804218168352498,0.0054009385612401985,0
2020-02-06,2020,1966,0,0,0.6794119948264158,0.03880066045887363,0.00045738432500141095,0.0009152041579771561,0.007347925997590543,0
2020-02-07,2020,1967,0,0,0.7236854374891576,0.10253562125606087,0.000544630121086076,0.0009928175504389332,0.006417902028233089,1
2020-02-10,2020,1967,0,0,0.8252975119953804,0.04033640014358443,0.000563869710984905,0.0014062672324440565,0.004916683752535973,1
2020-02-12,2020,1967,0,0,0.9014575996575731,0.005426419113375163,0.0007042658956297476,0.0015194669892051426,0.0050693358310316015,1
2020-02-13,2020,1967,0,0,0.5547642917112258,0.02663272654605915,0.0008539424923563888,0.0016618057165840347,0.006777403570159933,1
2020-02-14,2020,1967,0,0,0.7905235294784939,0.0427489320637962,0.0006894478115965537,0.001710527940657199,0.011757919590796691,1
2020-02-17,2020,1967,0,0,-1.4679236191735676,-0.03756842658268618,0.00037999921625600215,0.002197606375659434,0.008142369408304696,1
2020-02-18,2020,1967,0,0,-0.39688964267681515,-0.017344406569609335,0.00028664254755709394,0.0024019516717950266,0.006109669268071988,1
2020-02-19,2020,1967,0,0,-0.8316183866986956,0.0005008956145777092,0.0002829167292398827,0.0020579143203885075,0.05137611330683755,1
2020-02-20,2020,1967,0,0,-2.0817611223388135,-0.10868219263483221,0.00211160940632471,0.001929445988288714,0.007800419384153507,1
2020-02-21,2020,1967,0,0,0.05719777752507582,0.015737399046302135,0.00043537595156361214,0.0018220873239057256,0.004796640552083154,1
2020-02-25,2020,1967,0,0,-0.38182752507572815,-0.1115024369735991,0.0015802517330714505,0.0017943655863443284,0.011525584673912915,1
2020-02-26,2020,1967,0,0,-0.49224664670194923,-0.0958197477170339,0.0030935124192193087,0.0021198612456176133,0.005112661783756015,1
2020-02-27,2020,1967,0,0,1.5755649489109327,0.10337533530296315,0.0018867121469561645,0.0020314495325252833,0.01199339640644061,1
2020-02-28,2020,1967,0,0,-0.6894179225938414,-0.09719690242563839,0.0008243289396726577,0.0015902187382282435,0.008111842290423618,1
2020-03-02,2020,1968,0,0,-0.5619832867919701,0.0002853779757437283,0.00030733208541798573,0.0013765186823059365,0.009405723306383177,2
2020-03-03,2020,1968,0,0,-0.12256371036594293,-0.020835255504907467,0.00033548745960168655,0.001825110270858923,0.006809822957527923,2
2020-03-04,2020,1968,0,0,-1.9055778331718412,-0.128983487266026,0.0018608381554656394,0.002134165991704851,0.004625258826095534,2
2020-03-05,2020,1968,0,0,-1.4231750419563436,-0.1222410811145718,0.005494958418594775,0.001738251288458861,0.005114878267117081,2
2020-03-06,2020,1968,0,0,1.9363257342884495,0.0677923667419656,0.0010231033731948553,0.0024271302326156017,0.014060113129048753,2
2020-03-09,2020,1969,0,0,-0.8742544435729466,-0.10369372770595622,0.0013329777831938853,0.002338277207513666,0.01570922692272942,3
2020-03-10,2020,1970,0,0,-0.7711126164461982,-0.0492212951738849,0.002824322674235172,0.0014298330131694646,0.018822102629874635,4
2020-03-11,2020,1970,0,0,-4.347351668019943,-0.18625141242731294,0.004882971590059764,0.002134288100965921,0.005090035687997608,4
2020-03-12,2020,1970,0,0,0.8571968600966448,0.08260447664408087,0.001225832881219093,0.0018437183678148754,0.00817620161315725,4
2020-03-13,2020,1971,0,0,1.3679280453523124,0.005889773943290365,0.0038157264816229457,0.0014848118894010352,0.05716219566228676,5
2020-03-16,2020,1971,0,0,2.7699528683585797,0.050047993780674066,0.001977880929652577,0.002304838658080017,0.013693349292724434,5
2020-03-17,2020,1971,0,0,-14.278025747339617,-0.3150235671288141,0.004163329283163352,0.0009407449589749787,0.015229555852455699,5
2020-03-18,2020,1971,0,0,9.353466248283949,0.22146287167940695,0.003029206366508612,0.0011895481162867054,0.004734775373751908,5
2020-03-19,2020,1971,0,0,9.667224778508375,0.44923480872050303,0.003813112290159094,0.0012815855866190142,0.004498367341746768,5
2020-03-23,2020,1971,0,0,6.292562222005835,0.30741185804233073,0.005078143257081401,0.0009543789815281154,0.052386661706268066,5
2020-03-24,2020,1971,0,0,0.8277843430917159,0.008790644795505037,0.001712394395368603,0.0006640319511146931,0.00602949016564937,5
2020-03-25,2020,1971,0,0,0.8282488218667782,0.004490888687863315,0.002876980739292038,0.0005585859749760369,0.00458891034434806,5
2020-03-26,2020,1972,0,0,-0.8573597296400021,-0.020223861564875007,0.0019278770434908168,0.0007833514153234128,0.006522559431644879,6
2020-03-27,2020,1972,0,0,6.608049565080755,0.34301293197304633,0.0012164311002040525,0.0007928002900160605,0.004286159499766978,6
2020-03-30,2020,1973,0,0,-0.19029688188112104,0.050824490937600685,0.002339890638752007,0.0011466239509698504,0.003986656378479456,7
2020-03-31,2020,1974,0,0,-2.334101391123347,-0.09803491728705763,0.0014955549208008883,0.001638407110004591,0.006992307466881047,8
2020-04-01,2020,1974,0,0,-1.5679945833507951,-0.10773415565081634,0.0011973797972116159,0.0024593243974185258,0.018701281399769076,8
2020-04-02,2020,1974,0,0,0.5056219535034785,0.08647181830437817,0.0020223293023392775,0.002649423974442395,0.005213443190186752,8
2020-04-03,2020,1974,0,0,3.695888650313242,0.2737881216803298,0.001623291939251407,0.0026010474424336158,0.010021465798832088,8
2020-04-06,2020,1974,0,0,1.636838122158218,0.0869661283957518,0.001100795602580495,0.0012619187374783324,0.0070416443600864196,8
2020-04-07,2020,1974,0,0,0.9419397151198613,0.0679057224630493,0.0008436166995447648,0.0006706553126047135,0.006351209368740869,8
2020-04-08,2020,1974,0,0,0.7908779057371783,0.056570774785019935,0.0006767388305338939,0.000626864212394572,0.01286324596462236,8
2020-04-09,2020,1974,0,0,-1.2178330385300582,-0.060090164054462186,0.00092781543803484,0.0006979723059296877,0.032597990677536576,8
2020-04-10,2020,1974,0,0,1.619226708733482,0.07987642531169536,0.000928499936975807,0.0007378890180620241,0.02425338173818373,8
2020-04-13,2020,1974,0,0,-2.222933573521443,-0.12660723114039765,0.0009449859794976504,0.001428610344784254,0.004281444043522515,8
2020-04-14,2020,1974,0,0,-0.999235343587145,0.015255865535100157,0.001095800611864144,0.0010459735340641724,0.013558779788113328,8
2020-04-15,2020,1974,0,0,-0.05875198236711787,-0.07823853890599602,0.0006461886215370922,0.0014720333311253764,0.0038897777221586632,8
2020-04-16,2020,1974,0,0,-1.7892804204464088,-0.1668070440928627,0.0008419632685038148,0.0012140953519181347,0.003945370576778011,8
2020-04-17,2020,1974,0,0,3.5042949586480354,0.24784085089013297,0.0009708540358655244,0.0009939783067833957,0.010231638226115851,8
2020-04-20,2020,1974,0,0,2.1708046797303338,0.16633127325776828,0.000791874241408114,0.0012407313073423754,0.008715931768992222,8
2020-04-21,2020,1974,0,0,3.849355261024275,0.2101009260896036,0.001056818935414545,0.0014556769977012785,0.041356182351608525,8
2020-04-22,2020,1974,0,0,-2.1956732725770483,-0.13105931097242052,0.0005757355764280112,0.0019025208164095417,0.005465324621660179,8
2020-04-23,2020,1974,0,0,1.5836065371600674,0.08586448187782128,0.0008224631866487006,0.0010211599295775033,0.0056266148170182545,8
2020-04-24,2020,1974,0,0,1.675019640307873,0.17099151874054141,0.0006418775544631841,0.0010961978405429095,0.007364112871834756,8
2020-04-27,2020,1974,0,0,-1.3725983765336174,-0.07976625187504097,0.0011993001469477712,0.0008331348771817509,0.004963312005389525,8
2020-04-28,2020,1974,0,0,-0.10403738064179535,-0.00375242271692957,0.0009791992265372682,0.0008307964372241206,0.027783297504706487,8
2020-04-30,2020,1974,0,0,1.080583006808917,0.06747536871632372,0.0009349519303861565,0.0009903738197267313,0.005737114362523438,8
2020-05-01,2020,1974,0,0,1.7725804243653454,-0.014614341663066799,0.0011409344318213514,0.0011663209529402408,0.01578076780370199,8
2020-05-07,2020,1974,0,0,0.6919954911502634,0.024642187273508448,0.0016951340389935584,0.0012396275399220856,0.0076510544004993975,8
2020-05-08,2020,1974,0,0,0.7566163143838801,0.013033313068964282,0.0006536422389477706,0.0009014940905707129,0.0049827122633496965,8
2020-05-11,2020,1974,0,0,2.0030489867556063,0.08441832500959966,0.0008034214808131497,0.001125721048226492,0.0047793565540310435,8
2020-05-12,2020,1974,0,0,1.0737099002447235,0.09896787579094125,0.0014214452293688977,0.0008635562932810229,0.010242268756091969,8
2020-05-13,2020,1974,0,0,0.1940569434389777,-0.007225039922677744,0.0008636705000341177,0.0008704026157090918,0.004247587611521439,8
2020-05-14,2020,1974,0,0,-1.5272183327980862,-0.026576828406248303,0.0010066377390471168,0.0015779951441042028,0.004451248362200676,8
2020-05-15,2020,1974,0,0,1.3069882416356027,0.13836306756619113,0.0008314860309893822,0.0012906361676364973,0.00630480983483884,8
2020-05-18,2020,1974,0,0,-0.9590683943775558,-0.0046501756639896474,0.0006507312710053655,0.0012029062096215232,0.013888747811827806,8
2020-05-19,2020,1974,0,0,0.7159823729469673,0.02636323014788917,0.00044794258098136924,0.0009765570699311321,0.0240971139924978,8
2020-05-20,2020,1974,0,0,0.05253485778371244,-0.03156716814546176,0.0004628040280132999,0.0009183085178710809,0.003794630105428063,8
2020-05-21,2020,1974,0,0,-1.5292671907161477,-0.11211337978454264,0.0010710530809735332,0.0009356358204760539,0.003905329689961062,8
2020-05-22,2020,1974,0,0,2.366811761881764,0.16058234729182264,0.0009671375055440329,0.0011748195432058006,0.008091460519947974,8
2020-05-25,2020,1974,0,0,2.7631984508934,0.2268837541259767,0.0007785586743954248,0.0011373247684684665,0.014457261839880416,8
2020-05-26,2020,1974,0,0,-1.7000817567300255,-0.14404787199466393,0.000657344715917866,0.00117914252804153,0.008775317563960572,8
2020-05-27,2020,1974,0,0,4.367441592324794,0.24921138887707497,0.0008181614594584548,0.0010052544793131722,0.019040366188036114,8
2020-05-28,2020,1974,0,0,4.0008206445696315,0.2326785057689318,0.0006776383389987759,0.000953280070838846,0.011792189509070084,8
2020-05-29,2020,1974,0,0,1.1465866384250336,0.04563168862526562,0.0006114496268736381,0.0007427199159192735,0.007016099153536808,8
2020-06-01,2020,1974,0,0,1.3457552492633758,0.12904522429040088,0.00039387560276780303,0.0009570611923942861,0.006957482318453335,8
2020-06-02,2020,1974,0,0,-0.5101523082748948,-0.04815321562850332,0.00044425629004531375,0.0009632673934040687,0.03862401369905765,8
2020-06-03,2020,1974,0,0,-2.2747516756070714,-0.16387869261114174,0.0005541148118198423,0.000911072190991605,0.009396057224895173,8
2020-06-04,2020,1974,0,0,1.0207887215893983,-0.03485726614964143,0.0009036704784534886,0.0010201571846124875,0.007490471196094695,8
2020-06-05,2020,1974,0,0,2.022366846635268,0.1793323090261227,0.00040631858577367357,0.0011250913275021937,0.003579622544764146,8
2020-06-08,2020,1974,0,0,1.3018710106371467,0.1251667891764672,0.000469380863439594,0.0012344630603043072,0.005617095081345405,8
2020-06-09,2020,1974,0,0,1.1717079463744084,0.18547904349133998,0.001243886421551095,0.001005931217652204,0.008229886669671251,8
2020-06-10,2020,1974,0,0,-0.0564636225832101,0.0019710219850260775,0.0006734966229199426,0.0009543530173102091,0.006026903760636037,8
2020-06-11,2020,1974,0,0,-2.0641598949233693,-0.09085821513610262,0.0014586901831693607,0.001563145729679708,0.004189218994920539,8
2020-06-12,2020,1974,0,0,1.4351418035693893,0.12013496400686999,0.0025019304513016075,0.0015912249847578974,0.0047874672857921826,8
2020-06-15,2020,1974,0,0,-1.3529536933247923,-0.07563572734915797,0.00045650297150591436,0.002254347401957305,0.0052002237956846106,8
2020-06-16,2020,1974,0,0,-0.7687684765124372,-0.05853812038070303,0.0003824660985533757,0.0007966705407989105,0.008394200473527747,8
2020-06-17,2020,1974,0,0,-0.21579421323943224,0.0031188676431432904,0.0004491408305103652,0.0009524314789958936,0.01101167814591724,8
2020-06-18,2020,1974,0,0,-1.5491374869672738,-0.09405497577431562,0.00042039310638994554,0.0009557719127768689,0.020582221308081964,8
2020-06-19,2020,1974,0,0,0.25412114527299634,0.08175358826404465,0.0003083157767787197,0.0008863541269834792,0.008871846823278559,8
2020-06-22,2020,1974,0,0,-2.3664560675078965,-0.18895460889203827,0.000512280779662114,0.0016069714984810089,0.004922738966142847,8
2020-06-23,2020,1974,0,0,-1.1191762129114051,-0.09680319493812141,0.0005233114242075087,0.0011672763382430213,0.004535763367073178,8
2020-06-24,2020,1974,0,0,2.0759808665851485,0.1589980231161102,0.0005617089456356922,0.0017467843554042346,0.005951426317034534,8
2020-06-25,2020,1974,0,0,-1.9065350394779232,-0.12964454756750216,0.0009075853655209507,0.0019515029556795072,0.010802760905089278,8
2020-06-26,2020,1974,0,0,3.0002305860261926,0.23350033294446154,0.00046894612866159487,0.0013811813613824986,0.0041852158441210464,8
2020-06-29,2020,1974,0,0,-0.13120627999648407,-0.014682212103328122,0.0007925595539989561,0.0018492273106071795,0.005756045087215114,8
2020-06-30,2020,1975,0,0,-1.556333849126495,-0.09997593645933114,0.0008117027624081858,0.0015226181659756001,0.004146157340146034,9
2020-07-01,2020,1975,0,0,-1.8669517745356738,-0.156807402702264,0.000572432163058215,0.0020845374033631515,0.005024741701465793,9
2020-07-02,2020,1975,0,0,1.234831836814837,0.11113866202861847,0.0007963350670977939,0.0018971726219461243,0.010784806491582062,9
2020-07-03,2020,1975,0,0,-2.828967792695662,-0.14683241996771154,0.0005334526940346125,0.0018815123034501855,0.014083101641032499,9
2020-07-06,2020,1975,0,0,0.8186100803365974,0.08230237831645426,0.000509213193653911,0.0010231678299623117,0.007072564413025988,9
2020-07-07,2020,1975,0,0,-2.076385837896681,-0.16518397998888124,0.0005387241406134229,0.0011250899612102161,0.00604809134672289,9
2020-07-08,2020,1975,0,0,-2.3031034156497197,-0.1947422436617534,0.0009228886736645895,0.0015549091831534626,0.0055830226972831375,9
2020-07-09,2020,1975,0,0,3.423426296168668,0.24404740985162776,0.0012747279158061436,0.001858315200294404,0.008021179663224205,9
2020-07-10,2020,1976,0,0,1.3778574184992687,0.07684768865227765,0.0004657072403233293,0.002189422975016072,0.014677637484883228,10
2020-07-13,2020,1976,0,0,0.28236145909671545,0.05808254063640826,0.0007332541545014206,0.001102734607842797,0.009661477409897538,10
2020-07-14,2020,1976,0,0,1.0454880366572883,0.04950686239679453,0.0006283217689179447,0.001266110508339208,0.003944956981168813,10
2020-07-15,2020,1978,0,0,-0.7820901963944209,-0.10079895285264034,0.0004141813857806571,0.0008982433162108492,0.01189961582264496,12
2020-07-16,2020,1978,0,0,0.8893831422602742,0.04930942538162699,0.00045346941137745176,0.001039674341832748,0.015590361419692226,12
2020-07-17,2020,1978,0,0,1.154382880913719,0.08233090805075183,0.0005336801914882571,0.001449325118013135,0.005838946983880113,12
2020-07-20,2020,1978,0,0,0.7454951466958398,0.05503661084156133,0.00041503336617387056,0.0013597779966670522,0.007133277951531905,12
2020-07-21,2020,1978,0,0,-1.6971817708007748,-0.16771680028218686,0.0005592758337727867,0.0012656780069877896,0.05530510261054816,12
2020-07-22,2020,1978,0,0,-1.2438949322793318,-0.15428883398728294,0.0004859105740877822,0.001517372905878554,0.01446815128641038,12
2020-07-27,2020,1978,0,0,-3.407052467369778,-0.17579589956127922,0.0007449349694733187,0.0011946156918585138,0.005183971001063509,12
2020-07-28,2020,1978,0,0,-4.626101224730308,-0.2765070447374353,0.0007492469532454677,0.001605699379750109,0.005150879484793901,12
2020-07-29,2020,1978,0,0,-2.2578113316345636,-0.18173620631815782,0.0020912228187743892,0.002071554825903589,0.03014020517806191,12
2020-07-30,2020,1978,0,0,1.4992163467245838,0.09926632274612053,0.0013951892612663111,0.0019258724649024778,0.010981881479832024,12
2020-07-31,2020,1980,0,0,1.5279757005083798,0.07055893364699492,0.0012990889885228843,0.0021179099417038836,0.006053464287130868,14
2020-08-03,2020,1981,0,0,-1.0860466870164251,-0.062142245259053853,0.0005379005865031119,0.0017673994247371801,0.005115275754725673,15
2020-08-04,2020,1981,0,0,0.5368021657828885,0.04646391882675911,0.000651926175742666,0.0010090503756975538,0.009920918065660055,15
2020-08-05,2020,1981,0,0,-0.14781755193754487,-0.01756924481327239,0.0009058851517715274,0.0010355172472330083,0.023987510581913358,15
2020-08-06,2020,1981,0,0,2.540481067120185,0.1391364440622151,0.0016879051276556308,0.0011889919055401387,0.006144883924713131,15
2020-08-07,2020,1981,0,0,0.9129018552174832,0.07071612703925949,0.0007556543287684243,0.0013359875237429983,0.0077510409164241855,15
2020-08-11,2020,1981,0,0,2.08739035637817,0.1387131966446911,0.0006275785261672728,0.001086883669607848,0.012392599974631383,15
2020-08-12,2020,1981,0,0,2.6290213166364254,0.18375287858851563,0.0004946342634447258,0.0009730081037235565,0.005086046433539713,15
2020-08-13,2020,1981,0,0,0.20633631640275008,0.031408163388831144,0.0005828186692618751,0.0007753476153947686,0.005914439009717076,15
2020-08-14,2020,1981,0,0,-2.364007312561656,-0.1591185504677412,0.0005064063997012582,0.0008051593797091658,0.017221003242307874,15
2020-08-17,2020,1981,0,0,-1.62874767627469,-0.08971083913265948,0.0004464864960183854,0.0013004921233140435,0.005172096381935846,15
2020-08-18,2020,1981,0,0,-0.7834618631469642,-0.062307806934972725,0.00043455530616123535,0.0013733037021728225,0.00431584721591873,15
2020-08-19,2020,1981,0,0,-1.9309413233697856,-0.12942771410663653,0.00041076914687256496,0.0014363254181103224,0.006854552873116307,15
2020-08-20,2020,1982,0,1,-2.6863512906037115,-0.17072633647429328,0.0004641097812876009,0.0015930512971674617,0.016686130132250405,16
2020-08-21,2020,1982,0,0,0.9390977805547719,0.15323480104368326,0.0005270323646360565,0.0014084407917346975,0.0041782595923137884,16
2020-08-24,2020,1982,0,0,0.048048803774564684,-0.05468694408933682,0.0004417809882972127,0.0014193869521089868,0.004916765417959644,16
2020-08-25,2020,1982,0,0,-0.16440738891599546,0.018097679820693838,0.00037572183923385453,0.0010382734591068497,0.006187115326536267,16
2020-08-26,2020,1982,0,0,0.3321259761635975,-0.0586988376468427,0.0006835546502748546,0.0009939314946061045,0.005787893358207851,16
2020-08-27,2020,1982,0,0,-0.3451214034695382,-0.05507364561049503,0.0007095338157719878,0.001187146976299374,0.020198794471218792,16
2020-08-28,2020,1982,0,0,1.1041929356268996,0.1094041959681521,0.0004628150122291483,0.0012604505528305847,0.0070065338059513175,16
2020-08-31,2020,1982,0,0,0.27446482248767046,0.08578237528399515,0.0003686008449542628,0.0011816337183647768,0.004184364456975783,16
2020-09-01,2020,1982,0,0,-0.11078915392463591,-0.024783338973158788,0.0003551135821172904,0.001246045216020383,0.021078062786725825,16
2020-09-02,2020,1982,0,0,1.1595466783646489,0.050677392870603834,0.00047300398960154833,0.001130379000775308,0.005663909137293202,16
2020-09-03,2020,1982,0,0,-0.16145033423224672,-0.0055286541261546475,0.0005755394299371251,0.0010743434775819418,0.025360850883053024,16
2020-09-04,2020,1982,0,0,0.9256240130167873,0.03571857237899347,0.0006507087367041645,0.0014206381856086453,0.004823814945716076,16
2020-09-07,2020,1982,0,0,-0.7483620196874274,-0.08631221292827441,0.00035953170254653544,0.0014767691476457183,0.01503213676652485,16
2020-09-08,2020,1982,0,0,-1.69077510136898,-0.18094422668520105,0.0003974497016482992,0.0012271721634494954,0.007761691854891353,16
2020-09-09,2020,1982,0,0,0.04491864397635492,0.02656369409292893,0.0005040087754848722,0.0011341822188375133,0.01044941971226556,16
2020-09-10,2020,1982,0,0,-1.8089936733459229,-0.07490887291079203,0.0005978101237706186,0.0011475739766411606,0.004828259669414329,16
2020-09-11,2020,1982,0,0,2.6312855612470645,0.1682732157056904,0.0004055560876415079,0.0009578984790945068,0.006951615153187103,16
2020-09-14,2020,1982,0,0,3.566656733232428,0.20471221759722444,0.0006028122121848232,0.001136130452883836,0.03168825685121711,16
2020-09-15,2020,1982,0,0,0.0658389464192715,-0.015285199438168438,0.00037093727281567424,0.0009959625360213952,0.02665960541849704,16
2020-09-16,2020,1982,0,0,-0.5410592879800502,-0.09541257609796377,0.00047270310119785586,0.0010463184514095595,0.020975060430204896,16
2020-09-17,2020,1983,0,0,-1.0335907002952816,-0.062320174556496404,0.0006358416205127501,0.0010976272884082013,0.035980398163130436,17
2020-09-18,2020,1983,0,0,-1.134291130502944,-0.0809805954855629,0.0005904860994390399,0.0009733533236593102,0.007842443960237217,17
2020-09-23,2020,1983,0,0,-0.639098719830057,-0.051993797178090995,0.000508671151294225,0.0010774898045898544,0.005131984053717294,17
2020-09-24,2020,1984,0,0,0.7105503877454957,0.054679587271142444,0.0009428378970960284,0.0013891218898858782,0.004084228859942519,18
2020-09-25,2020,1986,0,0,1.1580078661286326,0.012341338567723055,0.0005644149601331947,0.001045270603739242,0.004161967863340372,20
2020-09-28,2020,1986,0,0,1.289869804028059,0.08251081454064858,0.0009383133493941039,0.0009090411210938402,0.010659796901571534,20
2020-09-29,2020,1986,0,0,0.0,,1.3589681960145712e-06,0.000920278206770202,0.014382639537913161,20
2020-09-30,2020,1986,0,0,-1.161551977103122,0.015829349684552935,0.0007561031022672048,0.0012839596206175355,0.009718757674312522,20
2020-10-02,2020,1989,0,1,-0.13654861853900435,0.034729492716251954,0.00035686093633440446,0.0015774549912585282,0.009510037325812315,23
2020-10-05,2020,1990,0,0,-1.912785853005308,-0.13724253557063346,0.00040741527418921707,0.0011487043442115227,0.003525454257037816,24
2020-10-06,2020,1990,0,0,-0.7220145972474131,-0.03285770436945335,0.00039411274381106765,0.0010521799406367958,0.0041172972529369455,24
2020-10-07,2020,1990,0,0,-1.8657300865734632,-0.12312909139844547,0.00045279972474453575,0.0010976089235856328,0.014166280803394498,24
2020-10-08,2020,1990,0,0,-1.8334220593765134,-0.11013417971465422,0.0004267798698604218,0.0010164343557714144,0.02345247101563054,24
2020-10-09,2020,1990,0,0,0.29445323178233423,0.005778887186987769,0.0003437504167320425,0.0014828130278500338,0.007915894374900406,24
2020-10-12,2020,1990,0,0,-2.5309523045940963,-0.2102434138990166,0.0005173250763175001,0.0017717468004168318,0.004806244171780745,24
2020-10-13,2020,1990,0,0,-0.3558942837660126,-0.0027567663239138414,0.00051045380561943,0.0016008782802668564,0.007071103311450114,24
2020-10-14,2020,1990,0,0,1.2677237998418398,0.07673207984228149,0.0007857604255061589,0.0017800136152850493,0.004680141909533962,24
2020-10-15,2020,1989,0,0,0.7500383238379493,0.11933266266417751,0.0006437033720742694,0.0020784070927658688,0.014616585463125149,24
2020-10-16,2020,1989,0,0,-2.449302260927958,-0.2676073552420725,0.0005564130247771947,0.0022971288597008993,0.010713874220400679,24
2020-10-19,2020,1989,0,0,-0.8192802187104361,-0.05664070365802134,0.0004983709397724654,0.0013913967519419608,0.00991293160090307,24
2020-10-20,2020,1989,0,0,1.8786179931591092,0.05484109766537459,0.0006366916076838829,0.0018415008127253259,0.06142078252871422,24
2020-10-21,2020,1989,0,0,-0.571442197589367,-0.07113114278993854,0.0004565387792463772,0.001295185547605985,0.00927514975472857,24
2020-10-22,2020,1989,0,0,0.021695538617893344,-0.025364889243777698,0.0005657525075642791,0.0017963775213980032,0.006217885262433296,24
2020-10-23,2020,1989,0,0,1.80618136330577,0.22170051678364874,0.0004126269699607644,0.0017200199906005046,0.00738214153391812,24
2020-10-26,2020,1989,0,0,1.4288501773054432,0.16918299985990398,0.000567894722955856,0.0018188221119773034,0.005408215298452592,24
2020-10-27,2020,1989,0,0,1.2087054088140745,0.09852052033975872,0.00045212740119734306,0.001573095851725248,0.009378951317969331,24
2020-10-28,2020,1990,0,0,-1.225955366250415,-0.11364456332404904,0.001075441538016118,0.0017497511524375044,0.013219767256562709,25
2020-10-29,2020,1991,0,0,3.7622911678594093,0.21286174541272446,0.0007526276724903409,0.0017969018763380551,0.017414573405101365,25
2020-10-30,2020,1991,0,0,2.400898265404502,0.15106468955980445,0.0006821605935331207,0.0020024753164141883,0.014677103659985693,25
2020-11-02,2020,1991,0,0,2.034174320856652,0.08333402944900492,0.0009212026954867913,0.001498480269762942,0.036300265602163595,25
2020-11-04,2020,1991,0,0,-0.29724907801548656,-0.04729536137556057,0.0006386880660129987,0.001020271417691061,0.007054107190628631,25
2020-11-05,2020,1991,0,0,-0.8171333981961793,-0.07859194745999121,0.000929958709681258,0.0009248684975339509,0.003558599529158664,25
2020-11-06,2020,1991,0,0,1.5595755133255835,0.016029304745007175,0.0022061008672245633,0.0008176297179232269,0.013695839794796332,25
2020-11-09,2020,1991,0,0,-0.7853951811799605,-0.09183898026070526,0.0008094901347794563,0.0009231237607756137,0.004804292240144282,25
2020-11-10,2020,1991,0,0,3.8535879229057723,0.23297865608271148,0.0006374689679647053,0.0010023983568085953,0.0068909806938148715,25
2020-11-11,2020,1991,0,0,3.9800648488535693,0.23641856218049886,0.0009444248330200023,0.0009657831849149513,0.004645392957191844,25
2020-11-12,2020,1991,0,0,-1.790627883155313,-0.140015916543324,0.0009829839607461205,0.0010073056428661696,0.006509819284514428,25
2020-11-13,2020,1991,0,0,1.1083578213302168,-0.0828064689479542,0.0006770123586660503,0.0013399875322619827,0.007423684661180549,25
2020-11-16,2020,1991,0,0,0.38161047811204796,0.0061468375073255145,0.00041479784187116496,0.0010665190202810697,0.008592919681217726,25
2020-11-17,2020,1991,0,0,0.4929408493503724,0.06903532950827516,0.0004137837493322114,0.0013002659809933325,0.004481300937876724,25
2020-11-18,2020,1991,0,0,1.0305150921036754,0.049291923988441975,0.00034058608781876336,0.0014540119739104582,0.004442382722833298,25
2020-11-19,2020,1991,0,0,-1.294867884783864,-0.09051718251458614,0.0006637249355790022,0.001447309618488178,0.004629427340281852,25
2020-11-20,2020,1991,0,0,0.016369263610084357,-0.034563555098049974,0.00047825650248765656,0.0013513694838376133,0.008082102262276259,25
2020-11-24,2020,1991,0,0,-1.3515026130301357,-0.0821774028412155,0.00047729967964935615,0.0010665072031460668,0.038666982672466425,25
2020-11-25,2020,1991,0,0,-0.5751679868341686,-0.06114694067326766,0.0005170464356598117,0.001125719954363825,0.021970844220572078,25
2020-11-26,2020,1991,0,0,-1.1628238915048128,-0.054955476386407145,0.0010739220394460477,0.0011975505486442025,0.012114169700580622,25
2020-11-27,2020,1991,0,0,0.21999802141114225,-0.03261270348743882,0.0006190963304480417,0.0010214904954244737,0.013155595025443462,25
2020-11-30,2020,1991,0,0,-0.19921315452260316,0.019564186473271437,0.0004086445542221181,0.0014322708997960526,0.011769053519059368,25
2020-12-01,2020,1991,0,0,1.4723653963671286,0.13961335490705165,0.0005071510015511756,0.0012568058275577566,0.004221651042282366,25
2020-12-02,2020,1991,0,0,-1.67257086154432,-0.08790032797436408,0.0004801199084167083,0.001059663969104284,0.014799250300218714,25
2020-12-03,2020,1991,0,0,-1.045726675367276,-0.046365123488243835,0.0007087216675512052,0.0011983094604787032,0.0098494973321146,25
2020-12-04,2020,1991,0,0,0.38721748388581956,0.0464758920706524,0.00040954542776006124,0.0012997818195008971,0.009321533034877408,25
2020-12-07,2020,1991,0,0,-1.0508194418656212,-0.1390529038764188,0.00042259848069280364,0.0017246245865327197,0.015832888280634096,25
2020-12-08,2020,1991,0,0,-0.09444790291380323,0.015910868279143453,0.0003922245931462775,0.0016622461946916181,0.004542796310126218,25
2020-12-09,2020,1991,0,0,2.159858214795235,0.16073965788246636,0.0005145024654673713,0.0013758065318972342,0.013202586106895044,25
2020-12-10,2020,1991,0,0,-0.6964220214934818,-0.017841905996689757,0.000517263269021659,0.0014351639249901356,0.009925990078473688,25
2020-12-11,2020,1991,0,0,0.6074334659798205,0.031803281326936626,0.0004436859628864611,0.001116518898699852,0.02231521585365734,25
2020-12-14,2020,1991,0,0,-0.7635026994988975,-0.07555119667272209,0.0005031834038400749,0.0011028772253384442,0.008024621055821348,25
2020-12-15,2020,1990,0,0,0.6374622914273108,0.069983527639282,0.00048471561413623344,0.001281026703018095,0.004223253478396822,25
2020-12-16,2020,1993,0,0,-0.5315780428201867,-0.057564983456899754,0.0003781034463830024,0.0013647633680377725,0.010873989594065447,28
2020-12-17,2020,1994,0,0,-0.6111006976589608,-0.0650799686722795,0.0003562058529912196,0.0014261210248032409,0.012849797646716541,29
2020-12-18,2020,1995,0,0,-0.7844788358203196,-0.05061506293125662,0.0009595288879374617,0.0013049495766025226,0.007302913799128831,30
2020-12-21,2020,1996,0,0,-0.08873584576015488,0.033784737347016286,0.0003836364392835025,0.0014918474906126405,0.004362161566125426,31
2020-12-22,2020,1998,0,0,-0.017205020318137088,0.026600961633555537,0.0003451737144037345,0.0020142185064092183,0.004711363507202101,33
2020-12-23,2020,1999,0,0,-0.43483853506552955,-0.028965080702209257,0.00035444770948789235,0.001891958725463689,0.0068074021772046986,34
2020-12-24,2020,1999,0,0,-1.272152718710682,-0.13585003381113506,0.0004097857557521809,0.0014364300420203755,0.005764577419703828,34
2020-12-25,2020,1999,0,0,1.8154661327875725,0.1909699532328219,0.0005503987299881357,0.0013092561872576935,0.004973240124702652,34
2020-12-28,2020,1999,0,0,0.4785060820714171,0.03406497025696636,0.00034117305534852113,0.0011919780778906703,0.008211444796703351,34
2020-12-29,2020,1999,0,0,-0.4118183202757499,-0.057731867350801686,0.0006134068426205256,0.0010042097264518083,0.006599240229175064,34
2020-12-30,2021,1999,0,0,0.25045468621908684,0.056363210900154705,0.00037052192239503265,0.003918998831797224,0.022351366391306395,0
2021-01-04,2021,1999,0,0,-0.7293334176495231,-0.04853099526801411,0.00042292441798251663,0.004033546737712865,0.022686510204261583,0
2021-01-05,2021,1999,0,0,0.8339701457988031,0.024914826345505365,0.00048625637233820304,0.004216069285471619,0.021274617475933823,0
2021-01-06,2021,1999,0,0,-0.97502671964452,-0.04481515222149659,0.0005267029169457517,0.004481481587739632,0.0325269694225792,0
2021-01-07,2021,1999,0,0,-0.44980294015587646,-0.06249754038584155,0.0005839890318987943,0.0038210989929698715,0.0217481694969434,0
2021-01-08,2021,1999,0,0,-0.5071431797872139,0.0005186622808128509,0.0005718191638180036,0.0038338470165023225,0.029181806105097866,0
2021-01-12,2021,1999,0,0,0.2628906064222591,-0.003741457609725466,0.0004995399074405835,0.003779327227210392,0.022173935173822854,0
2021-01-13,2021,1999,0,0,-0.5647899229916384,-0.01904065029649974,0.0006774640884867566,0.004060824413306328,0.026405948957116863,0
2021-01-14,2021,1999,0,0,-0.07849707307165728,0.01918305071525281,0.0004531645302277549,0.0036855982746020013,0.025867579867956434,0
2021-01-15,2021,1999,0,0,-2.009698594103197,-0.059961451465404554,0.00044081194732449103,0.00393599189439748,0.028668091864422124,0
2021-01-18,2021,1999,0,0,-0.6996139474084683,-0.029052173593193172,0.0004138773493262334,0.00519691143345729,0.04227751558743409,0
2021-01-19,2021,1999,0,0,-0.013086708367819888,0.008234913462847772,0.0003998915473114089,0.004347914983524276,0.05702114962861097,0
2021-01-20,2021,1999,0,0,-0.18098423172101086,-0.0027601122321457673,0.00042382543028543745,0.0038729771947193497,0.02962127921833808,0
2021-01-21,2021,1999,0,0,-0.28321008884247006,-0.008984114878940913,0.0005304198881768168,0.0038393129310452965,0.07281799391385232,0
2021-01-22,2021,1999,0,0,-0.3504263686522216,-0.03844682035800538,0.0005078323970282362,0.003994059678342225,0.10342965106581697,0
2021-01-25,2021,1999,0,0,0.12540911810844957,0.04545771833851065,0.0004209756969544005,0.004739158055732229,0.029337855521132924,0
2021-01-26,2021,1999,0,0,0.0065723782708975165,0.024769494380862615,0.0006239727962171485,0.004287106489077186,0.18338331971211208,0
2021-01-27,2021,1999,0,0,0.3672855992622246,-0.0038077582799532893,0.0007957918039940719,0.004394290697620154,0.02385587147216002,0
2021-01-28,2021,1999,0,0,0.9099830097050265,0.0893500470088927,0.0007841461560928375,0.005166640989633214,0.024552869566858666,0
2021-01-29,2021,1999,0,0,0.8616421570438071,0.04396144762496464,0.000667624433731997,0.003520513290098459,0.054271604530490944,0
2021-02-01,2021,1999,0,0,1.197000014207967,0.055030330972056715,0.0004885313270529038,0.004555387482443967,0.02780742085739982,0
2021-02-02,2021,1999,0,0,-0.22119403286262387,-0.023359814517508036,0.0004383801351783714,0.004591209332980514,0.058526776980637615,0
2021-02-03,2021,1999,0,0,-1.3386430020647155,-0.08944093484921165,0.0007049773126537422,0.0042896350843743755,0.07486135309845786,0
2021-02-04,2021,1999,0,0,0.3000111214412187,0.02018597408312141,0.0007265486227540068,0.0045682166646508265,0.022530938337184052,0
2021-02-05,2021,1999,0,0,1.810094091113591,0.12308820533446689,0.00048648321137384677,0.0042178852185838205,0.026474926897324426,0
2021-02-08,2021,1999,0,0,-0.619124506511323,0.03125960024125798,0.0005857596920638295,0.004210334950387872,0.029082684020287887,0
2021-02-09,2021,1999,0,0,-1.2722147259259005,-0.0025493103297127,0.0008127173800225482,0.003926961282265437,0.06540964404573027,0
2021-02-10,2021,1999,0,0,2.2633414506962626,0.08189710800451473,0.0008210826121597347,0.004695483253386803,0.026610214200345306,0
2021-02-12,2021,1999,0,0,0.06390198607414692,0.01051215159736899,0.0005620093845296448,0.0043424871789558795,0.06372001970034782,0
2021-02-15,2021,1999,0,0,-0.1851768758185203,0.02759329739148148,0.0006749539005736332,0.004544327695332988,0.027672836134110507,0
2021-02-16,2021,1999,0,0,0.18829787200236758,0.013100549096567554,0.0007340855150325486,0.003950157666332511,0.027911748109443534,0
2021-02-17,2021,2000,0,0,1.1865870871699686,0.03707731701761947,0.0005095620383777177,0.00414915493246594,0.03343916400810076,0
2021-02-18,2021,2000,0,0,-0.6284468474161574,-0.00015932780369696517,0.0005584416109039531,0.0034927846963331475,0.0291546668519572,0
2021-02-19,2021,2000,0,0,-0.6427564416135878,-0.05476875794688745,0.0009959483640746675,0.0040585284149341865,0.019323987470114434,0
2021-02-22,2021,2000,0,0,1.4647087829730931,0.08602471599289237,0.0004690501230249926,0.004570848170566583,0.02660100414241933,0
2021-02-24,2021,2000,0,0,0.6030789918323999,0.043156750181931464,0.0009059628031939608,0.0033379004323969663,0.02926377080680302,0
2021-02-25,2021,2000,0,0,0.30159947084531424,0.031135593890490424,0.0008075108368381165,0.004001359824908527,0.09825442939627815,0
2021-02-26,2021,2000,0,0,0.5179647009279531,0.007873303761521058,0.00037276945807612625,0.0029341085931973232,0.051678135124691264,0
2021-03-01,2021,2000,0,0,-1.1080510579811074,-0.09072211611430687,0.00042555469661377445,0.004243131717217163,0.020285602392433454,0
2021-03-02,2021,2000,0,0,-0.645643237222254,-0.1010316544479359,0.00042125874566266907,0.0038599601121228396,0.017189076997464914,0
2021-03-03,2021,2000,0,0,-0.695881545763117,-0.09517072594290536,0.00034534196429932793,0.004543515092472745,0.02082099755036495,0
2021-03-04,2021,2000,0,0,-0.16047431008805083,-0.04713513825473441,0.0004122194113415982,0.004145111558677208,0.08927447991074063,0
2021-03-05,2021,2000,0,0,0.3027321532327398,-0.028738059207513246,0.0006742617997880105,0.0035425469231630717,0.024231607192553416,0
2021-03-08,2021,2000,0,0,0.3682183349473774,0.03839629127040745,0.00032635899157576655,0.00396836730905025,0.019119269419667313,0
2021-03-09,2021,2000,0,0,0.4736145125780616,0.028728101092325896,0.00043975246027365145,0.00399097808901052,0.030720921629717263,0
2021-03-10,2021,2000,0,0,1.4052958034515275,0.1275529852100049,0.0004405672988687581,0.0041734604514378935,0.02133784561569391,0
2021-03-11,2021,2000,0,0,-0.820600130098217,-0.04443320330706144,0.000629519798494443,0.004250805291236529,0.07184353768478162,0
2021-03-12,2021,2000,0,0,0.12215278170519965,0.032484856278042894,0.0004964754744929541,0.003756198970713707,0.025969248340835784,0
2021-03-15,2021,2000,0,0,-0.8240309427577953,-0.04232088546828502,0.00035700979600819446,0.004208536293842223,0.03570692073301176,0
2021-03-16,2021,2000,0,0,1.1637443415192332,0.11877364367664604,0.00035274866366230914,0.004310757260505817,0.041137945117106486,0
2021-03-17,2021,2000,0,0,0.11057161440444736,0.020950756687296873,0.00040989186387892495,0.004779997102735825,0.10871828778246644,0
2021-03-18,2021,2000,0,0,-0.47597818608607373,0.004815780384466369,0.00042069911545471574,0.0035352224464734188,0.04676748181438867,0
2021-03-19,2021,2000,0,0,1.775056227606936,0.06376578234908915,0.00048165636461871376,0.005064695841423678,0.0253132577689636,0
2021-03-22,2021,2000,0,0,0.07582973567560458,-0.008044311984060047,0.0010852360719380736,0.003664320029499799,0.059020053293319406,0
2021-03-23,2021,2000,0,0,0.12419146148518341,-0.0229392989474378,0.00043771343133231573,0.0038068832867357094,0.04006246360199288,0
2021-03-24,2021,2000,0,0,-0.571980009806197,-0.042701142795313764,0.0004094603523534707,0.003253373766404503,0.024633737346655523,0
2021-03-25,2021,2000,0,0,-0.8516256784349817,-0.07319861502041522,0.0004207052204259584,0.004414194209619957,0.021902660363386343,0
2021-03-26,2021,2000,0,0,2.957452576519256,0.2132061449430215,0.0005993885316541562,0.00432992583237257,0.02622831249882364,0
2021-03-29,2021,2000,0,0,2.609461948521719,0.18796253998594065,0.00048533332780413964,0.004399581826131879,0.025802882728779692,0
2021-03-30,2021,2000,0,0,0.8089072342403371,0.07953459670439124,0.00043126207146259275,0.004094764820930374,0.017286657794504764,0
2021-03-31,2021,2000,0,0,0.3184862885430566,-0.030548179651971912,0.0003156236783178029,0.004263944202772306,0.019030748295612795,0
2021-04-01,2021,2000,0,0,0.12080905035860967,0.020055805848277247,0.00030461526093334296,0.00490378064324781,0.033765606069455306,0
2021-04-02,2021,2000,0,0,-0.6039257410937994,-0.05658242769418868,0.0005591110548146485,0.006101545042637843,0.07583189925779661,0
2021-04-05,2021,2000,0,0,-0.3461870186526929,0.06111394242255058,0.0003481467451441947,0.005423114887201374,0.028138669168599886,0
2021-04-06,2021,2000,0,0,-0.044274105192223225,-0.04300352131671857,0.0006543607719465164,0.0042961902924500694,0.02710380263062774,0
2021-04-07,2021,2000,0,0,-0.29431566552849536,-0.01099150207760834,0.0002627596952851535,0.004742127038086048,0.026495185090997655,0
2021-04-08,2021,2000,0,0,0.903589084728368,0.012599040436858958,0.00033854158509063895,0.004157453064152202,0.024620256467268613,0
2021-04-09,2021,2000,0,0,0.07994969880140383,0.004852184093543388,0.00028412041465056287,0.004537371070008641,0.03617852754941239,0
2021-04-12,2021,2000,0,0,-1.0356447120786578,-0.051128339724354425,0.0003714759894781161,0.005900689879232221,0.0318145027793665,0
2021-04-13,2021,2000,0,0,0.08242916444378719,0.08998877740589666,0.0003611678633691274,0.005083196402646558,0.04522740992085401,0
2021-04-14,2021,2000,0,0,-0.9582023505916347,-0.03595435076674479,0.0002774316447726323,0.005041468763513748,0.0494383771532407,0
2021-04-15,2021,2000,0,0,0.37456414640251584,0.008675689700833373,0.00037207182907895243,0.005555554386592437,0.03365206915611239,0
2021-04-16,2021,2000,0,0,-0.542764555765673,-0.03352072422941047,0.0005159099079932321,0.0052077272150599626,0.04729160740601244,0
2021-04-19,2021,2000,0,0,0.847051035729019,0.02104982867297017,0.000852855511358012,0.004770859703060363,0.0427110020370482,0
2021-04-20,2021,2000,0,0,0.0008399584991648131,0.02910588886162214,0.0003994244330660586,0.0037897553648434837,0.022551418738298527,0
2021-04-21,2021,2000,0,0,0.08561651024478219,-0.04402971454135833,0.00031170968325641414,0.0032464709173963442,0.01181429968433421,0
2021-04-22,2021,2000,0,0,0.31207201764551196,0.020195141970727297,0.00033890781692669345,0.004883991672818941,0.03363039085117396,0
2021-04-23,2021,2000,0,0,0.31208089722727755,0.041353340727532745,0.0003665662193692588,0.005192966371420825,0.024493138025008368,0
2021-04-26,2021,2000,0,0,0.8396874710173071,0.09526525711937403,0.0004179718922541153,0.004585364580225945,0.031024321839014032,0
2021-04-27,2021,2000,0,0,-0.11194182996105477,0.028361928947128322,0.0005385816152567069,0.0044729849839087845,0.13746214908034543,0
2021-04-28,2021,1999,0,0,0.7299119982343344,0.026557057648317357,0.0006161705532414482,0.004179124885860184,0.0316028312819856,0
2021-04-30,2021,1999,0,0,0.10068526363751158,0.02637119079077326,0.0005261801456058246,0.0037602865799372678,0.04150228728221733,0
2021-05-06,2021,1999,0,0,-1.6223104663440457,-0.14590245158373372,0.0005754712720440527,0.003806382746943294,0.03678741786770094,0
2021-05-07,2021,1999,0,0,0.27008020625716905,-0.04267583153435455,0.0011762877152083047,0.0048642343162375165,0.6455407278107329,0
2021-05-10,2021,1999,0,0,1.1223976849020854,0.06487104123028813,0.0010473055153487206,0.005063358676690791,0.038063843632086064,0
2021-05-11,2021,1999,0,0,-0.9841686050919053,-0.06335492182903568,0.0009614247893332501,0.0034397348327103233,0.04190582194983229,0
2021-05-12,2021,1999,0,0,0.6976752384478454,0.01617413196343273,0.001149780712193017,0.0032375023837528695,0.027418338341804967,0
2021-05-13,2021,1999,0,0,0.8991264486146621,0.09512641839688407,0.001086702059378649,0.0033558676536471948,0.022345633149827147,0
2021-05-14,2021,1999,0,0,-0.3728914010126996,-0.005867704954843351,0.0006590987296799443,0.004169507232669022,0.04284229006543951,0
2021-05-17,2021,1999,0,0,-1.1539125723820816,-0.067086816184187,0.00042204312275960693,0.004382963600985222,0.034626839620674324,0
2021-05-18,2021,1999,0,0,0.792755924049967,0.06370643250977545,0.00038206807890621067,0.004190829696292029,0.02404706110831529,0
2021-05-19,2021,1999,0,0,0.23424895258778525,0.050293437087790334,0.00028923525042118926,0.003854715633572469,0.022946258410537206,0
2021-05-20,2021,1999,0,0,-0.07697261918032912,-0.005993466922357501,0.000338850912979072,0.0044361698415016255,0.025453890566962997,0
2021-05-21,2021,1999,0,0,-0.4662573957563903,-0.01555334123203659,0.00035411030381889494,0.004027907580935204,0.03179892635064331,0
2021-05-24,2021,1999,0,0,-0.9165165220832655,-0.05825230108018584,0.00037511277323418386,0.00456628278558206,0.08260980330434144,0
2021-05-25,2021,1999,0,0,-1.6673733458661875,-0.06361518971951419,0.0004781525451270512,0.003935237279028949,0.05064928797806791,0
2021-05-26,2021,1999,0,0,-0.34360132580087627,-0.0320126275254506,0.0005578876683881433,0.004118021213615453,0.02234151723268263,0
2021-05-27,2021,1999,0,0,1.499165114348548,0.1381165364537481,0.0003791354146731917,0.004860779163179387,0.023268385761597385,0
2021-05-28,2021,1999,0,0,-0.6518683760943285,-0.05969982870742488,0.0002846626201131702,0.0032378439606324423,0.0672073729558788,0
2021-05-31,2021,1999,0,0,0.07242506582316866,0.0006404158114130549,0.0003926858255113895,0.0038549469483216774,0.03470094839565835,0
2021-06-01,2021,1999,0,0,-1.0425669253647374,-0.052909657141304516,0.0003293947969435271,0.004160772414540333,0.0218090357363291,0
2021-06-02,2021,1999,0,0,-0.9929787295191389,-0.09067533583163975,0.00033323182946863047,0.0035889400772739547,0.03672289622582027,0
2021-06-03,2021,1999,0,0,-0.6472426785824293,-0.060395419636948125,0.00031815818289869714,0.004235473498508322,0.03682453174057168,0
2021-06-04,2021,1999,0,0,-0.28339765980739334,0.012349318273135918,0.0003322765291492893,0.004416258860241937,0.028492768236298663,0
2021-06-07,2021,1999,0,0,-0.4389062168232934,-0.020184653871278477,0.00031516074571357806,0.004235120587946282,0.046731216985506585,0
2021-06-08,2021,1999,0,0,0.3777995819361257,0.042292002530655556,0.0002781223950800066,0.004561807647172769,0.017764457751997236,0
2021-06-09,2021,1999,0,0,0.7306950996100916,0.04417045843538908,0.0003342601876109994,0.004500530474053484,0.04294451890695512,0
2021-06-10,2021,1999,0,0,0.021386889193792207,0.04081101238198139,0.00035694085796313785,0.003738667439881259,0.035022557634306506,0
2021-06-11,2021,1999,0,0,-0.005888681407503722,-0.06664363364391222,0.0003442372771002139,0.0030834859499061632,0.07242884446513981,0
2021-06-14,2021,1999,0,0,0.6191257148757271,0.04555528660057956,0.0003152707429013498,0.004755537697503369,0.03002375475535706,0
2021-06-15,2021,1999,0,0,0.3903615254777933,0.05699712329669408,0.0003161661317183142,0.003951843370298637,0.02883483814066135,0
2021-06-16,2021,1999,0,0,-0.503922479117243,-0.03419729165373117,0.0005013094680678339,0.004271524294115671,0.14691783371444295,0
2021-06-17,2021,1999,0,0,-0.2299360744765527,0.030922505036986795,0.0007686965078733665,0.0042059049283450995,0.03347196690325551,0
2021-06-18,2021,1999,0,0,-0.9186849528996728,-0.09353313987344457,0.0009560336940612535,0.003327906697222414,0.06578180499148217,0
2021-06-21,2021,1999,0,0,0.4533621147321001,0.011225257094495358,0.00031000074470895466,0.0028177638436664583,0.03389735546091193,0
2021-06-22,2021,1999,0,0,-0.35914370298472953,-0.03772992258935583,0.0002847986496894312,0.003620789867301301,0.13077871713999675,0
2021-06-23,2021,1999,0,0,-0.006579088549769925,0.038685077105099906,0.00023170946556930598,0.004921912955635604,0.02869425585667968,0
2021-06-24,2021,1999,0,0,-0.29927973310153505,-0.0037583172524521236,0.000233209723410426,0.00512379064965351,0.04306619872028583,0
2021-06-25,2021,1999,0,0,-0.7156450997271605,-0.018332154744240044,0.00042950631747755425,0.004363130560574021,0.026813636758550967,0
2021-06-28,2021,1999,0,0,0.2491649087892059,0.009320607797578892,0.0003559721331878701,0.004468618478020318,0.023734638126133273,0
2021-06-29,2021,1999,0,0,0.1706316970025199,-0.05556998822934898,0.00039256364440287694,0.003366007279402615,0.021582711887788323,0
2021-06-30,2021,1999,0,0,0.5779968824984868,0.057835295525891346,0.0003220702037170162,0.003847211876114839,0.13378433479363164,0
2021-07-01,2021,1999,0,0,-0.038059758937779666,0.004251481387203256,0.0002766895998915131,0.004235545784715294,0.02741178057695338,0
2021-07-02,2021,1999,0,0,-0.18877255129292222,-0.011088027993852658,0.00023777763787594032,0.004442553751828254,0.022764544539469005,0
2021-07-05,2021,1999,0,0,-1.3591299363617386,-0.10937952522824833,0.0004069699545447261,0.005302977377282033,0.034801423311608626,0
2021-07-06,2021,1999,0,0,-0.21226927027013165,0.05471462154595593,0.0005239694631808635,0.005473837712566131,0.2519262094695951,0
2021-07-07,2021,1999,0,0,0.7616111081943391,0.0520771941372896,0.0002609774473123938,0.003540108456149994,0.03254547416642231,0
2021-07-08,2021,1999,0,0,-1.098365949353693,-0.11439012012190856,0.0005843900182068049,0.00307382977361949,0.01955478733093853,0
2021-07-09,2021,1999,0,0,-1.238963741979651,-0.14391262906494165,0.00040903777063290206,0.0027514940341240805,0.10674791890780204,0
2021-07-12,2021,1999,0,0,-0.9206651113133741,-0.0811959740770659,0.0003083224551258059,0.003747841333301508,0.02035447204179349,0
2021-07-13,2021,1999,0,0,-0.8604800960868557,-0.04607532331960125,0.0005268761176306695,0.004435873301401764,0.022723720088042666,0
2021-07-14,2021,1999,0,0,0.09563883054665007,0.06492465204491522,0.0002854989746766896,0.004997417937354901,0.02252330111624553,0
2021-07-15,2021,1999,0,0,0.1263574027546769,-0.010835200377488073,0.00049673818726799,0.004140488194488333,0.025749020351603195,0
2021-07-16,2021,1999,0,0,0.1870160896848816,0.015994238047601982,0.000378741571189928,0.004861038077772663,0.022743821723894768,0
2021-07-19,2021,1999,0,0,0.14434687404030852,0.03684854642635876,0.0002373466795258293,0.0037385334893918726,0.025589224963081726,0
2021-07-20,2021,1999,0,0,1.0843481762051697,0.07517782377256589,0.0003649976002392089,0.0036288624313164366,0.026120240975624563,0
2021-07-21,2021,1999,0,0,-0.02383875183498363,-0.006436382288638406,0.0003087970737072843,0.004229365102273996,0.02808811695523827,0
2021-07-26,2021,1999,0,0,-0.8490388832813339,-0.06935945468403631,0.0005147781832983367,0.004546049101570277,0.3171798085451511,0
2021-07-27,2021,1999,0,0,0.7414900185642453,0.07259747600567436,0.00034543219802216465,0.004799101587385809,0.058044780171209266,0
2021-07-28,2021,1999,0,0,-0.13068414549943905,0.014544117051069241,0.0007289761340093753,0.004644179170126505,0.03552832140567098,0
2021-07-29,2021,1999,0,0,1.0453440153077125,0.03226928482271747,0.000906623268861589,0.00485236600333216,0.03571222475949911,0
2021-07-30,2021,1999,0,0,-0.15667005399919307,0.02052913640096567,0.0003686496154515654,0.003754209262134712,0.06041336916338116,0
2021-08-02,2021,1999,0,0,-0.320099024943534,-0.0651227608734502,0.0004245768383227561,0.003929020377064928,0.025283206342051598,0
2021-08-03,2021,1999,0,0,0.24508127843678085,0.032445669187618716,0.00048182197269863735,0.004680660987474726,0.02513981630792643,0
2021-08-04,2021,1999,0,0,-0.4917480038597641,0.007157761521912903,0.0005893170609765182,0.004321047500717483,0.03727115786271375,0
2021-08-05,2021,1999,0,0,0.482992525824101,0.015399837673740669,0.0007957765033147983,0.004616524197253957,0.03015650603898444,0
2021-08-06,2021,1999,0,0,-0.5038639297367462,0.0363035225407588,0.000668095720574481,0.004699884694765266,0.04094558381539565,0
2021-08-10,2021,1999,0,0,-0.36204487990801654,0.007836968515708805,0.0005832962948007847,0.003858630286877691,0.062293934622531785,0
2021-08-11,2021,1999,0,0,-0.14161142709079952,0.014037733052484817,0.0006409896887451412,0.004232077315284414,0.16884499966964864,0
2021-08-12,2021,1999,0,0,-0.34715998512048046,0.0039061346633339276,0.0009558043264019976,0.0044357872817475065,0.038452719400779635,0
2021-08-13,2021,1999,0,0,1.5598595623347382,0.09160727032454337,0.0005980338645777749,0.004724665003043431,0.023313162552302674,0
2021-08-16,2021,1999,0,0,-0.7531050569469023,0.0022143394954959547,0.0004486510225781837,0.0034885178517725557,0.05991504806463101,0
2021-08-17,2021,1999,0,0,0.6811915002161747,0.03790533579633954,0.0006024109729979607,0.00394904009105885,0.023987671892840963,0
2021-08-18,2021,1999,0,0,0.09959204413913714,-0.002016968620627192,0.0005855364618634518,0.004016021925073756,0.1993182324972489,0
2021-08-19,2021,1999,0,0,-0.5883764235927558,0.0032030076813328637,0.000548505577931698,0.003779358061044096,0.028973950025846726,0
2021-08-20,2021,1999,0,0,0.09056621875928765,0.04494445571849818,0.00045676335829017623,0.0030212067885444396,0.02412997141034089,0
2021-08-23,2021,1999,0,0,-0.6132480612948529,-0.013774421848336514,0.0003023763036183122,0.003815640982225299,0.043009949661908076,0
2021-08-24,2021,1999,0,0,0.0976150120627975,0.022652778317835843,0.00029512008870548307,0.003788504870028739,0.020923864611651223,0
2021-08-25,2021,1999,0,0,-0.08331454755364553,0.0020297681462105276,0.000271736588424837,0.004533563431166369,0.049867514313129246,0
2021-08-26,2021,1999,0,0,0.4525010153622369,0.10454364164203946,0.00041867126531011444,0.004633306358304883,0.03805373766813043,0
2021-08-27,2021,1999,0,0,-0.1261229811024256,-0.015136981591417452,0.0003558677849258413,0.004782403223601916,0.03805306687724671,0
2021-08-30,2021,1999,0,0,-0.4202855680255941,0.014197052397562963,0.00036553554596211233,0.003948804573713127,0.024142074848861925,0
2021-08-31,2021,1999,0,0,0.9037839600611811,-0.0102337254488315,0.0003391035019448626,0.003563233143202989,0.05230086328980644,0
2021-09-01,2021,1999,0,0,-0.7191582606440218,0.003960631894264412,0.0005975673014390809,0.0038143434291995617,0.04500218336836178,0
2021-09-02,2021,1999,0,0,0.521202048604238,0.039387634579558954,0.00043839665071585134,0.003703007659117361,0.03920484792430659,0
2021-09-03,2021,1999,0,0,0.17765052803984846,-0.01719024800326866,0.00039592080213879876,0.0037529084374782746,0.03128627549523561,0
2021-09-06,2021,1999,0,0,-0.7860849705921077,0.0028589269530387785,0.00032973415995994594,0.003683427138972043,0.03768625514904824,0
2021-09-07,2021,1999,0,0,0.2335975859831061,0.03986105648895391,0.00030255650439973595,0.0035697022889517567,0.026284554762787328,0
2021-09-08,2021,1999,0,0,1.1786800432332427,0.08317797552914247,0.0006594891977275437,0.0035715624969947877,0.024468122591084468,0
2021-09-09,2021,1999,0,0,-0.017076773615844587,0.05222246290642051,0.00041365645052132596,0.004036483608386974,0.02950846728079816,0
2021-09-10,2021,1999,0,0,-0.1749896608799443,-0.03568876634115747,0.00046537960698906126,0.004429058183387227,0.029962091574360025,0
2021-09-13,2021,1999,0,0,-0.3586650890759427,-0.007932725397073164,0.0006037877006537678,0.004266347208928476,0.056305733181489355,0
2021-09-14,2021,1999,0,0,-1.1509096356357003,-0.09389461503382296,0.000477879156559905,0.0034899732027968105,0.022724559290332652,0
2021-09-15,2021,1999,0,0,-0.5646942481336269,0.05329716433523092,0.00039083983741847433,0.003745898028462863,0.024888682368200847,0
2021-09-16,2021,1999,0,0,0.468480454217642,0.033883046614486524,0.0006839699477491013,0.0033253712727413618,0.06219557948965272,0
2021-09-17,2021,1999,0,0,0.11288336199040898,0.01606585298023428,0.00038609375467180303,0.004148365473385485,0.02579751340754815,0
2021-09-21,2021,1999,0,0,-0.033120197627167634,0.017598083665811552,0.0008574618198354038,0.0031382503064654463,0.03219850975714448,0
2021-09-22,2021,1999,0,0,-0.1650622790801138,-0.04187261727162322,0.00040116457587019964,0.003761915782359829,0.02976934531197438,0
2021-09-24,2021,1999,0,0,-1.4271916828125857,-0.10829061660106132,0.0003610064512054987,0.0036172924774516284,0.03566300126114207,0
2021-09-27,2021,1999,0,0,-2.498463927405291,-0.11578610022406417,0.0007436531683385518,0.004572583388340028,0.03027909207290868,0
2021-09-28,2021,1999,0,0,-1.2907127115799393,-0.05004138585105247,0.00046661465497814796,0.003926160012067306,0.07736328771817515,0
2021-09-29,2021,1999,0,0,0.8658162356707262,0.08720921640018794,0.0006859157201704388,0.0028358057146331155,0.0261245046893337,0
2021-09-30,2021,1998,0,0,-1.5848206812510768,-0.05259688234222302,0.0005890765207131094,0.004199595794119304,0.02114167403867987,0
2021-10-01,2021,1998,0,0,-0.29099575403973493,-0.04292951884929755,0.0005763099504773989,0.003392281246077725,0.03534218359576683,0
2021-10-04,2021,1998,0,0,1.8118276616736875,0.137028357322387,0.0003941977968864114,0.0043935617534435435,0.02527173603718612,0
2021-10-05,2021,1998,0,0,0.40785527746046607,-0.04864892482441258,0.00036999453079252637,0.0031925539875824562,0.018512381015558625,0
2021-10-06,2021,1998,0,0,0.5400624114824026,0.04407729690669199,0.00038136476519249116,0.0037006390747558234,0.022131530355522774,0
2021-10-07,2021,1998,0,0,0.3391106511061839,0.03689404142147364,0.0003494150729004657,0.004882702952150722,0.017198570919505732,0
2021-10-08,2021,1998,0,0,-0.26141158138679216,-0.02762731244467841,0.0004971297452892746,0.004803263102832269,0.04436537964029523,0
2021-10-11,2021,1998,0,0,-0.24457013528235327,-0.03854085940905339,0.00040540842817422796,0.005812020930089734,0.03233479738074574,0
2021-10-12,2021,1998,0,0,0.2571112886226567,0.026670184140779717,0.000332906704211174,0.005110719760701832,0.021284065405771414,0
2021-10-13,2021,1998,0,0,-0.5334079704867195,-0.04764781349433745,0.0006719211591832497,0.004599165391812903,0.019929692863088884,0
2021-10-14,2021,1998,0,0,0.8315053012837698,0.09683334457967543,0.00043630597169100175,0.00477874343411822,0.02542916084338359,0
2021-10-15,2021,1998,0,0,-1.3561018074042035,-0.09649879089037738,0.00036224023905920304,0.004288057655883365,0.03337230517879822,0
2021-10-18,2021,1998,0,0,1.1929430744015372,0.1185205371987428,0.00032034460138594443,0.004509759527384912,0.030020855775683444,0
2021-10-19,2021,1998,0,0,0.8413917089721871,0.07154339147281043,0.00046851536361550746,0.00515581618051913,0.029301604046526677,0
2021-10-20,2021,1998,0,0,-0.21688586884173508,0.004457696456761647,0.0002825718261730902,0.004266469911824281,0.03981100972015461,0
2021-10-21,2021,1998,0,0,0.4112536720515844,0.03253287094357117,0.00030211159284353125,0.004376457226541541,0.03806976251956079,0
2021-10-22,2021,1998,0,0,1.0148980753361796,0.06332582734764353,0.00028499140478316544,0.0042809692268338155,0.03410882641440051,0
2021-10-25,2021,1998,0,0,-0.40735959177117215,-0.028363267730546985,0.00034856008637526646,0.004583763362603493,0.03830656969436381,0
2021-10-26,2021,1998,0,0,0.4807230380892679,0.0845160048591771,0.0004548512689411851,0.00461837543679676,0.021993851841115054,0
2021-10-27,2021,1998,0,0,0.33060590703776166,0.015176999172441294,0.00046163605362856776,0.004615387201730239,0.025854588901379157,0
2021-10-28,2021,1998,0,0,-0.21214033191807738,0.024903228278621993,0.0010150792692872862,0.005776066397811303,0.026343465539723932,0
2021-10-29,2021,1998,0,0,1.1391380928585935,0.05187488480467253,0.0005071550756231184,0.0039519690041856185,0.027649060029452097,0
2021-11-01,2021,1998,0,0,-1.678974848591863,-0.0805638312484665,0.000808158665258941,0.0036418302372360446,0.0480406948122007,0
2021-11-02,2021,1997,0,0,0.07017309268101979,0.0030464399260107765,0.0007946042796655731,0.004072004984156699,0.05497225919532631,0
2021-11-04,2021,1997,0,0,0.006630020390123541,-0.017572079314075593,0.000682267803946488,0.004016985184955531,0.023959419841088753,0
2021-11-05,2021,1997,0,0,-0.4824628836539162,0.0093756574427577,0.000645373706919006,0.00419955101311052,0.021845829831690516,0
2021-11-08,2021,1996,0,0,0.04343089025328132,0.0039045764774596984,0.0006877859691696556,0.004324924594480252,0.10974843309789431,0
2021-11-09,2021,1996,0,0,-0.38663802825009247,-0.004409647649193506,0.0006536602211300545,0.004129956310723875,0.03334459759086365,0
2021-11-10,2021,1996,0,0,-0.8319957990942664,0.0223489153491625,0.0009003996153260382,0.004586541104129583,0.025641569332786614,0
2021-11-11,2021,1996,0,0,-1.0617578031302373,-0.029416484763800987,0.0010020136651831316,0.004506778936611785,0.040581156585693695,0
2021-11-12,2021,1996,0,0,-0.18446532986129308,0.007503251481393386,0.0005999164617847983,0.004088921142162869,0.025637507870543755,0
2021-11-15,2021,1996,0,0,-1.2252175897346438,-0.034428397578596164,0.000661563364487041,0.004250821437147186,0.0386849175123299,0
2021-11-16,2021,1996,0,0,0.6858124172014367,0.057214271253828476,0.0003993226336997731,0.0038988437016324175,0.04587592952282374,0
2021-11-17,2021,1997,0,0,-1.6347310994996882,-0.06726978938342149,0.0004134988643233974,0.0038265968835418515,0.054281580930737955,0
2021-11-18,2021,1997,0,0,0.8036295297319156,0.05712043030954741,0.00035695439654954124,0.003613827142745105,0.025122315210707034,0
2021-11-19,2021,1997,0,0,0.3174768326687965,0.0004740166790195043,0.0006366732091331289,0.0038766304988040066,0.026326363159316506,0
2021-11-22,2021,1997,0,0,0.43332382648615436,0.01396336593555407,0.0003207835454868299,0.004329082879100902,0.03451885664092967,0
2021-11-24,2021,1997,0,0,0.18524583200270564,-0.013891385571833576,0.0006789025924885373,0.0034829704247000257,0.023302971759421254,0
2021-11-25,2021,1997,0,0,-0.02504165825723585,-0.041947756799328745,0.0011959459932684908,0.00480035724215476,0.09541089551765924,0
2021-11-26,2021,1997,0,0,-1.0299432410559284,-0.03200717268924107,0.00047380712698335105,0.002942324184415872,0.05149411080721867,0
2021-11-29,2021,1997,0,0,-0.7663431133892368,-0.039024770494898275,0.0003973211057210263,0.002489284782479693,0.026747428604102952,0
2021-11-30,2021,1996,0,0,-2.5039117105958653,-0.20954090927369906,0.0006064402655063799,0.0035733338337667186,0.02480027258502521,0
2021-12-01,2021,1996,0,0,-0.506921587704463,-0.046671252462881396,0.0009058914087799301,0.0028779345379229353,0.024252475620306184,0
