Date,ValidationYear,StocksRanked,SelectedMissingTargets,AllMissingTargets,FallbackStocks,SelectedFallbackStocks,OfficialDailySpread,IllustrativeGrossOneReturn,RankIC,NormalizedHardRankMSE,AllStockForecastMSE,MaxAbsoluteScore
2017-12-29,2018,1896,0,0,42,3,-0.14090261855010233,-0.0003522565463752558,-0.040109266803837015,0.17352868358783707,0.00031314639911815605,0.01187248363851397
2018-01-04,2018,1896,0,0,41,7,0.2179757597291725,0.0005449393993229312,-0.04401037823854643,0.17418059937401956,0.0004052443801147884,0.012414602660357718
2018-01-05,2018,1896,0,0,41,10,-0.7186450755925409,-0.0017966126889813522,-0.048859604785958334,0.17498856612375494,0.00037016185149067905,0.007083050933820673
2018-01-09,2018,1896,0,0,39,16,0.38020065590533536,0.0009505016397633384,0.050331442196795306,0.15844003489771455,0.00037966340740705647,0.023521197824494067
2018-01-10,2018,1896,0,0,39,2,-1.769547637915822,-0.004423869094789555,-0.11602271737414438,0.18619579485506485,0.0005706392196253479,0.005662842121345353
2018-01-11,2018,1896,0,0,39,7,-0.33076060900741594,-0.0008269015225185398,-0.024515529351379184,0.17092613347440233,0.00046011682472970987,0.009283832123687932
2018-01-12,2018,1896,0,0,39,4,-0.5669719985580501,-0.0014174299963951253,0.009881680939241995,0.1651844429195066,0.0003848745755935083,0.03576024567822717
2018-01-15,2018,1896,0,0,39,4,-1.1517301276788143,-0.002879325319197036,-0.018395698311982542,0.16990956011495725,0.0003816799261247052,0.013917787218905228
2018-01-16,2018,1896,0,0,39,2,-0.009428940819389053,-2.3572352048472633e-05,0.025672837770178057,0.16255725420063152,0.00039029174550077664,0.013608703807757397
2018-01-17,2018,1896,0,0,39,2,-0.6454866415614517,-0.0016137166039036294,-0.06086047563551714,0.17699027921138485,0.00030336170899644,0.009521170868621007
2018-01-18,2018,1896,0,0,40,0,-1.677446216044605,-0.004193615540111512,-0.10006758138218325,0.18353067034472986,0.00044663501490276606,0.009638798732415327
2018-01-19,2018,1896,0,0,40,9,-0.307238520637203,-0.0007680963015930075,-0.006990463405971075,0.16800482182534476,0.00037908926335555653,0.029742007286368003
2018-01-22,2018,1896,0,0,39,2,1.3329526372080427,0.0033323815930201067,0.04586288986031913,0.1591827232372596,0.00032525942211143955,0.03752299381229515
2018-01-23,2018,1896,0,0,39,10,0.3727263825305247,0.0009318159563263118,-0.009244174015098514,0.16838046185936414,0.0003398057586339148,0.013471729185564605
2018-01-24,2018,1896,0,0,39,13,-0.11724481301906425,-0.00029311203254766063,-0.00867559721669199,0.1682827053275135,0.0003189897587019972,0.01337419845587676
2018-01-25,2018,1896,0,0,38,6,0.7822696006829797,0.0019556740017074494,0.10711940814078852,0.14896353645311886,0.00037551766403297603,0.01144197304044952
2018-01-26,2018,1896,0,0,38,6,1.1476515113764016,0.0028691287784410042,0.025742101094143134,0.16254691835015195,0.0005159689679317908,0.03451166801985267
2018-01-29,2018,1896,0,0,38,7,-0.5293827952934691,-0.0013234569882336728,-0.005652622481183136,0.16778402685057803,0.0006583934534659019,0.012413594444036186
2018-01-30,2018,1896,0,0,38,5,0.664771339866336,0.00166192834966584,0.027387341085532185,0.16227267664812625,0.0010546827215043028,0.025394188717284213
2018-01-31,2018,1896,0,0,37,2,0.06369583665998318,0.00015923959164995796,0.04377854350628269,0.15953491889370117,0.0004284473768522283,0.008502207779193754
2018-02-01,2018,1896,0,0,36,2,0.8431934444825107,0.0021079836112062765,0.07575924975057682,0.15420263942129286,0.0011269329345424558,0.029250279669061224
2018-02-02,2018,1896,0,0,37,3,0.3467891688085647,0.0008669729220214117,-0.02011940438006619,0.1701993369134613,0.004429482190941627,0.03185257185210081
2018-02-05,2018,1896,0,0,36,0,-0.6363103428010648,-0.001590775857002662,-0.06783343298934832,0.17815631060640308,0.000606764499822743,0.022618767679014273
2018-02-06,2018,1896,0,0,36,8,-1.6195401695375262,-0.004048850423843816,-0.14567321272379555,0.1911435506540171,0.0009676810837484874,0.06563803998250037
2018-02-07,2018,1896,0,0,35,2,-0.5221794641191111,-0.0013054486602977777,-0.027179419626589763,0.1713770948300347,0.0009891153916918635,0.019358586591921575
2018-02-08,2018,1896,0,0,34,0,0.1936971145496349,0.00048424278637408723,-0.05947778614596731,0.17676332737585324,0.0011483154817260202,0.016872185578679737
2018-02-09,2018,1896,0,0,34,2,-1.068793073597229,-0.0026719826839930725,-0.10146066144574718,0.1837691220026768,0.0009587815369607008,0.07993504222788334
2018-02-13,2018,1896,0,0,33,0,0.06364149672441188,0.00015910374181102972,0.03232496062111206,0.1614459810391689,0.0011815071930041535,0.031175281642574732
2018-02-14,2018,1896,0,0,33,7,0.5536440463249606,0.0013841101158124014,0.013295347909612936,0.1646223229049379,0.0009362772626623226,0.03391177853122014
2018-02-15,2018,1896,0,0,34,0,0.37780165332922255,0.0009445041333230564,0.07556162449066052,0.15423564334983397,0.0013711591739759834,0.03549819603777128
2018-02-16,2018,1896,0,0,34,0,-0.7352411008769569,-0.0018381027521923922,-0.011073387303996058,0.16868164426097798,0.0003333170701607517,0.052423625384394025
2018-02-19,2018,1896,0,0,34,1,-0.15797752234146678,-0.000394943805853667,0.024033238172275713,0.16282852311098958,0.000512721093486783,0.03655161376340792
2018-02-20,2018,1896,0,0,34,1,0.009297704414819696,2.3244261037049242e-05,-0.03665417116826739,0.17295438996899118,0.00034584926468239266,0.01867599102381217
2018-02-21,2018,1896,0,0,33,0,1.4576335971718315,0.0036440839929295786,0.16178608018181953,0.1398486940763625,0.0003664110599304282,0.046946408211979034
2018-02-22,2018,1896,0,0,34,5,-0.04212532216074849,-0.00010531330540187123,-0.013269423822851581,0.1690525686297681,0.00041147143601345234,0.022256287650484447
2018-02-23,2018,1896,0,0,33,1,0.8611866605727898,0.0021529666514319744,0.11011226975216101,0.14846347295973492,0.0002955874998822254,0.10155278840962212
2018-02-26,2018,1896,0,0,32,5,-1.1985677579421716,-0.002996419394855429,-0.15562671305987363,0.19280496431900943,0.00038397611256311834,0.02366033431999968
2018-02-27,2018,1896,0,0,30,2,-0.9904384982511139,-0.0024760962456277847,-0.09685816917450467,0.1830008475037553,0.0005589703164364454,0.006901884209909302
2018-02-28,2018,1896,0,0,32,6,0.5215370976089013,0.0013038427440222532,-0.0024473699307553456,0.16725040542207356,0.0004832062207786976,0.019685852042047244
2018-03-01,2018,1896,0,0,35,10,2.7616810748052396,0.006904202687013099,0.17122327908184845,0.13827404023574125,0.0007452579498743477,0.03081317714233752
2018-03-02,2018,1896,0,0,36,14,0.0410720234812576,0.000102680058703144,-0.020265853480786366,0.17022323446900864,0.0009250259388531742,0.023903348333123634
2018-03-05,2018,1896,0,0,35,8,-0.578459111188002,-0.0014461477779700049,-0.0531118267934582,0.17569886240946977,0.0004106426902297933,0.32264731988156975
2018-03-06,2018,1896,0,0,34,4,-0.03138836578947363,-7.847091447368407e-05,-0.01913482886593562,0.17002891849720164,0.00041849346968003844,0.03306512582841647
2018-03-07,2018,1896,0,0,35,1,0.7446490229901236,0.001861622557475309,0.08584913293849306,0.15251543691159017,0.00041611277453454447,0.05074584272239675
2018-03-08,2018,1896,0,0,35,3,1.1430453884640617,0.002857613471160154,0.17962854001347542,0.13687196230863533,0.0006124154638772936,0.015445152656416805
2018-03-09,2018,1896,0,0,36,3,-0.02185902988282784,-5.46475747070696e-05,-0.00504253032229133,0.16768049547575492,0.0005141286630949146,0.01716775192158285
2018-03-12,2018,1896,0,0,35,7,-0.36716563368215693,-0.0009179140842053924,0.0028656411841191747,0.166355556135216,0.00038514979854905495,0.023928188092261077
2018-03-13,2018,1896,0,0,34,3,-1.1682149319394113,-0.0029205373298485282,-0.08740781071947594,0.18142029272932164,0.0004344161445293323,0.35536643478801583
2018-03-14,2018,1896,0,0,34,8,-0.09178502633056329,-0.00022946256582640824,-0.013938932139180958,0.16916391455232815,0.00037054366146790473,0.044681191659175126
2018-03-15,2018,1896,0,0,32,3,0.5550600705230249,0.0013876501763075621,0.03188296040768118,0.1615221172145736,0.0005328997708357334,0.022890790005281474
2018-03-16,2018,1897,0,0,31,8,0.25341369178756906,0.0006335342294689226,0.03644317248324283,0.16075617296626932,0.0002603921726900157,0.01624931597526274
2018-03-19,2018,1897,0,0,31,11,-0.4100367695677912,-0.0010250919239194781,-0.019464506689372104,0.170082853767341,0.0003614643250921426,0.013219828538281273
2018-03-20,2018,1897,0,0,29,10,-1.0223518012068649,-0.0025558795030171623,-0.1553926700370566,0.19276856209989182,0.0017027613084018849,0.03478340269111112
2018-03-22,2018,1898,0,0,28,3,0.04144165320971149,0.00010360413302427873,-0.040829840344990855,0.17364958558667015,0.0003138172457409927,0.015216116098768157
2018-03-23,2018,1900,0,0,30,2,-0.6086924061158117,-0.001521731015289529,-0.06323184436251744,0.17739181058871706,0.002222302554922006,0.058806086606253825
2018-03-26,2018,1900,0,0,28,4,-0.0146884482328975,-3.672112058224375e-05,0.00045393328436089795,0.16676573746458564,0.0005278189700334977,0.031801751811832556
2018-03-27,2018,1901,0,0,29,1,-0.8335295545845236,-0.002083823886461309,-0.07605894001785908,0.17952362177072573,0.0006372049704284975,0.10621899831723526
2018-03-28,2018,1901,0,0,31,1,-2.162507238812331,-0.0054062680970308275,-0.21962295346057728,0.20348212327379817,0.0006550869673530691,0.026320784090269132
2018-03-29,2018,1901,0,0,33,3,0.20407247318962635,0.0005101811829740659,-0.05461802479710168,0.17594990703245558,0.00032199208249753783,0.014398676345644715
2018-03-30,2018,1901,0,0,32,8,0.017973959412645582,4.4934898531613955e-05,-0.04793473583514723,0.17483545247362153,0.000318906233308172,0.007302019604296608
2018-04-02,2018,1902,0,0,33,6,-1.8622103197877882,-0.00465552579946947,-0.1665002299215845,0.19461753448697994,0.0005209995847677855,0.025327032266834935
2018-04-03,2018,1902,0,0,34,1,-0.13169403422256332,-0.0003292350855564083,-0.027983934550177166,0.17150585483416853,0.0004074280375908928,0.03390065474486704
2018-04-04,2018,1902,0,0,34,8,0.41871528354957177,0.0010467882088739293,-0.037560326822809145,0.17310414729224266,0.0003966972979528685,0.05240138358593778
2018-04-05,2018,1902,0,0,34,4,-0.3494418550733956,-0.000873604637683489,-0.07601022683820206,0.17951287234175128,0.00035838861505070905,0.01568344113642712
2018-04-06,2018,1902,0,0,34,2,-2.27731913953779,-0.0056932978488444756,-0.16558842715191952,0.19446574563631674,0.0003747491932485355,0.02818517224573098
2018-04-09,2018,1902,0,0,36,7,-4.509342204202983,-0.011273355510507456,-0.3205912489755417,0.22032460565242398,0.0005612764873903738,0.031005951100093583
2018-04-10,2018,1902,0,0,37,0,-0.7132220929619467,-0.0017830552324048668,-0.11120278787062106,0.18538301141649968,0.0003257471295010173,0.02334723957509348
2018-04-11,2018,1902,0,0,38,0,0.25645150196033595,0.0006411287549008399,0.04330517806208016,0.15961138220056426,0.00042927632734264537,0.017492278765939562
2018-04-12,2018,1902,0,0,40,0,-0.7398211337292475,-0.0018495528343231188,-0.10614554059381315,0.18454732767454035,0.0006234870086908024,0.019771294542648987
2018-04-13,2018,1902,0,0,40,3,-0.498642028509533,-0.0012466050712738326,-0.07426851763072849,0.17922919963863,0.00038256565841317844,0.027624146823526423
2018-04-16,2018,1902,0,0,40,3,-0.9607126144169551,-0.002401781536042388,-0.06539363476596773,0.17775048840389374,0.00045686373592797975,0.005719813029695554
2018-04-17,2018,1902,0,0,40,10,-0.8315715681866244,-0.002078928920466561,-0.01862720663904863,0.16994195456882544,0.00038190162747884533,0.0687333786023449
2018-04-18,2018,1902,0,0,41,8,-0.3607072032123315,-0.0009017680080308288,-0.04882903349437282,0.17497181853886562,0.00025586700066777845,0.013622526028687493
2018-04-19,2018,1902,0,0,42,7,-0.0438628556044906,-0.0001096571390112265,0.025723602884049564,0.1625441839901365,0.0003558390572344516,0.011412618337534867
2018-04-20,2018,1903,0,1,43,7,1.061373260453577,0.0026534331511339428,0.06703789441678258,0.15565339094856132,0.00033263364400808534,0.006261522108982646
2018-04-23,2018,1903,0,0,43,3,-0.7248531578781822,-0.0018121328946954555,-0.0964219713077062,0.18291978787052388,0.0003195068904814392,0.019809357056662223
2018-04-24,2018,1903,0,0,45,4,-0.13340265609760876,-0.00033350664024402193,-0.019038047138154338,0.1700121793726279,0.00039425376531670666,0.019614410329374922
2018-04-25,2018,1903,0,0,45,6,-1.247114370912761,-0.0031177859272819024,-0.0961965992923267,0.1828867927241174,0.000544314696093725,0.008398645365885549
2018-04-26,2018,1903,0,0,44,3,-0.3439735758790041,-0.0008599339396975104,0.008975467475376642,0.1653395716892199,0.0007194278870318135,0.019996413407281456
2018-04-27,2018,1903,0,0,45,2,0.9764433244873153,0.002441108311218288,0.1432316835310997,0.14294013307215914,0.000304216223897417,0.016838119566497025
2018-05-01,2018,1903,0,0,46,0,-0.15112585579852333,-0.0003778146394963083,-0.04048326911084053,0.17358734504336154,0.0004206690394680863,0.010370786523543535
2018-05-02,2018,1903,0,0,48,0,1.877051302060969,0.0046926282551524225,0.13427876465966657,0.14443302129389993,0.0004410651869389483,0.004808604815657177
2018-05-07,2018,1903,0,0,47,1,1.4011390504893722,0.0035028476262234302,0.07527090437631143,0.15427620526970112,0.0006645115891733891,0.005044387861770103
2018-05-08,2018,1903,0,0,47,4,0.9124073753460477,0.002281018438365119,0.04879494868053022,0.1586942903589257,0.0007751571364665903,0.008469644512623364
2018-05-09,2018,1903,0,0,48,4,0.3833169051139358,0.0009582922627848395,0.06220110532515606,0.15646217248486918,0.0008197696613913832,0.013267487851921528
2018-05-10,2018,1903,0,0,48,4,0.601002384359813,0.0015025059608995326,0.04663617922284162,0.15905802339643743,0.001055799562476921,0.022341272503612886
2018-05-11,2018,1903,0,0,47,0,0.6841789095666206,0.0017104472739165517,-0.00899654433424858,0.16833796916821708,0.0007066093554824034,0.01812057452777948
2018-05-14,2018,1903,0,0,47,3,-0.7520798627917435,-0.0018801996569793589,-0.05162154392528088,0.17545089438493844,0.0006379862424381186,0.004817781976299201
2018-05-15,2018,1903,0,0,47,1,0.36043280935603483,0.0009010820233900871,0.061701208322501054,0.15654107418402416,0.0003863665764239104,0.004803137793058761
2018-05-16,2018,1903,0,0,47,3,0.3922134453827998,0.0009805336134569994,0.04926404394470457,0.1586177536059564,0.00029658955600176046,0.005203712131976524
2018-05-17,2018,1903,0,0,48,0,1.1349814232523605,0.002837453558130901,0.10631323372249009,0.14909887447834402,0.00035393909895308244,0.010623316494355262
2018-05-18,2018,1903,0,0,49,1,0.7174573049490054,0.0017936432623725134,0.06305465911912594,0.15631697116590035,0.00023512798453095856,0.007278356268283143
2018-05-21,2018,1903,0,0,50,3,0.44473736361391203,0.0011118434090347802,-0.057043024604889955,0.1763517695107812,0.0002934341923123668,0.01570391436792782
2018-05-22,2018,1903,0,0,51,0,-0.45490968997105363,-0.001137274224927634,-0.026192810082890455,0.1712096734543257,0.00038033811423833177,0.007011577351748901
2018-05-23,2018,1903,0,0,50,10,-1.7786815364411401,-0.00444670384110285,-0.1432664038377072,0.1907384396257808,0.00028936491607806374,0.04346463693926716
2018-05-24,2018,1903,0,0,50,2,-0.40658518370733177,-0.0010164629592683294,-0.029381526583553887,0.17173459788872444,0.00036263732052274584,0.011961558806888423
2018-05-25,2018,1903,0,0,50,10,-0.4403403984167431,-0.0011008509960418577,-0.05328090692217864,0.17572721505460068,0.00026713717346049215,0.01356255703618114
2018-05-28,2018,1903,0,0,50,14,0.5926788893959225,0.0014816972234898062,0.06523804103958632,0.1559569035698264,0.00036060469198731716,0.031215914411572045
2018-05-29,2018,1903,0,0,50,13,1.4951695386302424,0.003737923846575606,0.0744356622918051,0.1544185714422016,0.0004700455199324075,0.016568152846896788
2018-05-30,2018,1903,0,0,50,8,-0.6124854139201088,-0.001531213534800272,-0.06608235029857677,0.17786260501730122,0.0004331180092346423,0.012291834205768116
2018-05-31,2018,1904,0,0,51,10,-1.9441443819617519,-0.00486036095490438,-0.18901170773814388,0.19837609261322586,0.0006208133907478948,0.016160650469300653
2018-06-01,2018,1904,0,0,51,8,0.2234430675745269,0.0005586076689363173,-0.029870070330945707,0.1718163278894945,0.0003507646540998733,0.2226036717975778
2018-06-04,2018,1904,0,0,51,15,1.1089406651280913,0.002772351662820228,0.03146554006014085,0.16158380485829332,0.0003477209792003928,0.05718625816696153
2018-06-05,2018,1904,0,0,52,6,0.4901877761777562,0.0012254694404443905,0.09103255319819015,0.15164896421380128,0.0004124783615268726,0.027292372149913185
2018-06-06,2018,1904,0,0,52,7,-0.2282355406171555,-0.0005705888515428887,-0.015921303563851474,0.16948860458338574,0.00030926724631520224,0.026916122949036204
2018-06-07,2018,1904,0,0,51,7,-0.2752565422833507,-0.0006881413557083768,-0.021442834594533625,0.1704112567010485,0.00032579682845301034,0.03269818514960453
2018-06-08,2018,1904,0,0,51,14,-0.7033612999225383,-0.0017584032498063457,-0.05068859535833345,0.1752904400195726,0.00024876653559025903,0.02255761333385381
2018-06-11,2018,1904,0,0,51,11,-0.04709260975869267,-0.00011773152439673167,-0.009834232949948611,0.16847454947436066,0.0003455571574584025,0.015808676140635858
2018-06-12,2018,1904,0,0,52,1,0.6511205656589036,0.0016278014141472591,0.04776968112345506,0.1588634534731016,0.00032649929765994097,0.004424543784170443
2018-06-13,2018,1904,0,0,53,2,1.4708598542368343,0.0036771496355920857,0.14016027042188053,0.14345568144977866,0.00039469608733758854,0.005011607689332087
2018-06-14,2018,1904,0,0,53,9,-1.8541134478283423,-0.004635283619570856,-0.1790586629882703,0.19671417650787118,0.0004658549670241529,0.010532368825522605
2018-06-15,2018,1904,0,0,53,9,0.34786555900036653,0.0008696638975009164,0.00722007278549837,0.16563650072203312,0.0006055826071379815,0.015242043533783967
2018-06-18,2018,1904,0,0,51,6,0.2546647229818496,0.0006366618074546241,0.011795224130408956,0.164869964426609,0.0003157499931139351,0.02076487056692117
2018-06-19,2018,1905,0,0,51,16,1.2321092617891127,0.003080273154472782,0.11152159507869813,0.1482324664030735,0.0003358466008746783,0.027373579475233265
2018-06-20,2018,1905,0,0,50,17,0.05182465187001878,0.00012956162967504696,0.02511105016790059,0.16264949139104462,0.00043326046658873557,0.060892089906276495
2018-06-21,2018,1906,0,0,51,5,-0.4078648530813904,-0.001019662132703476,-0.020422432222774827,0.17024741540913652,0.0006266192097279671,0.015882619478181557
2018-06-22,2018,1907,0,0,51,8,-1.9673143280960108,-0.004918285820240027,-0.1649152299454576,0.19435185581135825,0.00040545943984659604,0.01843824261585015
2018-06-25,2018,1907,0,0,51,8,0.868818006404883,0.0021720450160122077,0.16357271929653533,0.13954853964607156,0.0005547923385278043,0.01778601318896801
2018-06-26,2018,1908,0,0,51,9,-0.14196629947201778,-0.0003549157486800444,-0.025098704864195107,0.17102542102982263,0.00031497644912484166,0.022487190372009382
2018-06-27,2018,1909,0,0,50,4,0.879172709921982,0.002197931774804955,0.12148735120704157,0.1465678055157325,0.0003325862720049749,0.007552200419294922
2018-06-28,2018,1909,0,0,50,13,-0.5914014357733537,-0.0014785035894333842,-0.025026983154916475,0.17101653362023092,0.0008068757112759735,0.04033922283083583
2018-06-29,2018,1910,0,0,51,5,-0.8870896305729217,-0.002217724076432304,-0.07252334483691021,0.1789381010212299,0.0003831742132146993,0.01378877793387871
2018-07-02,2018,1910,0,0,52,17,0.34172416132120054,0.0008543104033030013,0.02693425864036576,0.16234402493927833,0.0003995027657134243,0.02715756209361693
2018-07-03,2018,1910,0,0,52,5,0.2848421011538389,0.0007121052528845973,0.04093972841400905,0.1600105822984314,0.0005457528679288173,0.015949114461447332
2018-07-04,2018,1910,0,0,52,4,1.7182223845180715,0.004295555961295178,0.11141608261946101,0.1482503972720387,0.0008008654857638717,0.0171073171464687
2018-07-05,2018,1910,0,0,51,25,0.1043474387425487,0.00026086859685637176,-0.02064582461763178,0.17028381654025332,0.0012848187325956238,0.04787414523677895
2018-07-06,2018,1910,0,0,52,8,1.0296572021948793,0.0025741430054871985,0.06521310798676389,0.15595896356409816,0.0004413690818186444,0.028602135838873517
2018-07-09,2018,1910,0,0,51,1,-0.5520700402780305,-0.0013801751006950764,-0.04769861941376799,0.17479789688288627,0.0004954497980964361,0.03402407446735506
2018-07-10,2018,1911,0,0,51,5,0.141266564958603,0.00035316641239650754,0.06795180814274518,0.15549718044952354,0.0003548362919386041,0.012339169131660221
2018-07-11,2018,1911,0,0,53,8,0.10512242925697368,0.0002628060731424342,0.02973044396034443,0.16187602706273874,0.0006045506852402325,0.04187885953376938
2018-07-12,2018,1911,0,0,54,8,2.0564225896146726,0.005141056474036681,0.1507708389104916,0.14168497028144125,0.0006530113187558736,0.008749161497696917
2018-07-13,2018,1911,0,0,55,2,0.2677211061897422,0.0006693027654743555,0.05195283514548723,0.15816958444537577,0.0004018320489640847,0.011904096673938342
2018-07-17,2018,1911,0,0,54,2,1.7454679819803398,0.00436366995495085,0.1570903785256624,0.1406296354405742,0.0002776942632048075,0.0186456731241329
2018-07-18,2018,1911,0,0,54,3,-1.0002420710600768,-0.002500605177650192,-0.038107978178723016,0.17319304360795626,0.00032769084233208185,0.012961546386708949
2018-07-19,2018,1911,0,0,55,6,0.3810933991247409,0.0009527334978118522,0.06852800153300923,0.1553986420262407,0.0003302756671770533,0.04253979520392395
2018-07-20,2018,1911,0,0,54,3,0.29876311468065087,0.0007469077867016271,0.051732524942700225,0.15820489116927183,0.00032674874154880676,0.008841536297275049
2018-07-23,2018,1912,0,0,55,4,0.7901087039887944,0.001975271759971986,0.08475802521483777,0.15269277759172908,0.0003177889689944545,0.006131712794762782
2018-07-24,2018,1912,0,0,57,5,0.48935607969047434,0.0012233901992261859,0.04237032984832225,0.15977037106609332,0.0003699668400777861,0.011579521422689608
2018-07-25,2018,1913,0,0,58,6,0.6352625145175916,0.001588156286293979,0.04898473050230646,0.15866536492395023,0.00034761881052836486,0.019541462329997906
2018-07-26,2018,1913,0,0,58,10,0.09099331301910674,0.00022748328254776684,0.06952718635535494,0.15523633758899646,0.0007499414631441912,0.025323957761403216
2018-07-27,2018,1913,0,0,57,5,1.1854111864296069,0.0029635279660740173,0.12787289767337948,0.14550442306384886,0.0007901635867193245,0.011242358604502223
2018-07-30,2018,1913,0,0,57,2,-1.4721085899915707,-0.0036802714749789266,-0.04634899440540745,0.17456981695083446,0.0008350596586681367,0.012466067910803435
2018-07-31,2018,1913,0,0,57,7,1.1238124057923136,0.002809531014480784,0.0965161113940656,0.15073030611000723,0.0005444186909688681,0.013688635568983452
2018-08-01,2018,1913,0,0,58,4,-0.5222995396853674,-0.0013057488492134184,-0.031165906975358832,0.17203809581290888,0.0007179649145789062,0.019337179799044438
2018-08-02,2018,1913,0,0,56,2,-1.0509249117686568,-0.0026273122794216418,-0.02838156475859625,0.17157182351977152,0.0008124515808473607,0.015221584740598919
2018-08-03,2018,1913,0,0,56,0,0.6355626245688046,0.0015889065614220115,-0.0017712017299686255,0.16713307804255972,0.0005910335000375127,0.01209919508022353
2018-08-06,2018,1913,0,0,57,0,0.26168900338424395,0.0006542225084606099,0.025077432007670895,0.16265386570355647,0.0007243225561339202,0.017606802168053253
2018-08-07,2018,1913,0,0,58,1,0.16526127173670788,0.0004131531793417697,0.03907962467876684,0.1603171556527324,0.0006258754677872376,0.012703432842680232
2018-08-08,2018,1913,0,0,57,2,0.4548091496379145,0.0011370228740947863,0.0659393227498209,0.15583670122083262,0.0009834141289901473,0.010589160415158744
2018-08-09,2018,1913,0,0,58,1,1.5595962396163845,0.003898990599040961,0.08280695650327494,0.1530250769903414,0.0014505538381616157,0.006914703992418799
2018-08-10,2018,1913,0,0,58,6,0.46689200933381914,0.0011672300233345478,0.02193913900901048,0.1631797212065247,0.0008075405374911446,0.015480977661049639
2018-08-13,2018,1913,0,0,58,13,-0.7330633996869679,-0.0018326584992174196,0.001830804503246922,0.16653387235330988,0.0005026663381684215,0.01370866476526548
2018-08-14,2018,1913,0,0,60,15,-0.17760891854315952,-0.0004440222963578988,0.025269960183922403,0.1626217448795407,0.0004978707889391457,0.012849988027282162
2018-08-15,2018,1913,0,0,61,4,-1.3158058687105663,-0.0032895146717764156,-0.08851123518773497,0.18160140993663154,0.0003860387338949506,0.02489415642422675
2018-08-16,2018,1913,0,0,62,6,0.5600754086239099,0.0014001885215597749,0.06293835166579292,0.15633694307096904,0.00029800876681017015,0.02008363186776626
2018-08-17,2018,1913,0,0,63,3,-0.5682640759913383,-0.0014206601899783458,-0.04363379217134722,0.1741171644247266,0.0003583899000701591,0.020327798723689634
2018-08-20,2018,1913,0,0,64,8,-0.4462474270907686,-0.0011156185677269215,-0.03058063842787547,0.1719401770963397,0.0005851135843573157,0.02029416364415327
2018-08-21,2018,1913,0,0,64,1,-0.5969938325709814,-0.0014924845814274534,-0.07497371222894023,0.17933688140516416,0.00043925193119687865,0.00859885672008101
2018-08-22,2018,1913,0,0,65,3,0.49084583411104954,0.0012271145852776237,0.056221614184404134,0.1574537771225787,0.00030873119303652185,0.02244339933918374
2018-08-23,2018,1913,0,0,64,1,0.034082723816743155,8.520680954185789e-05,0.01557390001641695,0.1642411652646957,0.0004756405431711658,0.049323323554182064
2018-08-24,2018,1913,0,0,64,6,1.5826390169416809,0.003956597542354202,0.1315962674818626,0.14487194590054714,0.00025745116293629777,0.016723964871870903
2018-08-27,2018,1913,0,0,64,4,-0.43967473676730673,-0.001099186841918267,-0.011407506866441151,0.16874027897332386,0.00037040714950097465,0.01596052171782947
2018-08-28,2018,1913,0,0,64,6,-0.30439909445014346,-0.0007609977361253586,-0.029597083646120195,0.17176976328075322,0.0003659488691052393,0.030595753298717006
2018-08-29,2018,1913,0,0,63,11,-0.8008540137975688,-0.002002135034493922,-0.0642717803351935,0.17755110264881163,0.0002902356827270127,0.02661644896979167
2018-08-30,2018,1913,0,0,63,7,-0.4262188679094472,-0.001065547169773618,-0.06687996758413554,0.1779949597873565,0.0006657497001544394,0.04487888190132729
2018-08-31,2018,1913,0,0,65,14,-0.5135333880950389,-0.0012838334702375972,-0.07713509505427923,0.17970124738665885,0.0003389156238299217,0.008171644434544816
2018-09-03,2018,1913,0,0,64,11,0.254469368446292,0.0006361734211157299,0.020714690170611245,0.1633732689218766,0.0003828893972856308,0.029966806449242996
2018-09-04,2018,1913,0,0,64,11,0.6480620151369723,0.0016201550378424307,0.044229984397345073,0.15945820054848125,0.00044992253026271054,0.022195341979452266
2018-09-05,2018,1913,0,0,65,6,0.07601007854924269,0.0001900251963731067,0.029474661477408633,0.1619183418739411,0.0003406986784821784,0.009417680187110509
2018-09-06,2018,1913,0,0,63,8,-1.0800228617699292,-0.0027000571544248233,-0.0034391217461861045,0.16740420862615144,0.00047845376226012437,0.40363771366775586
2018-09-07,2018,1913,0,0,63,5,0.09746446562068134,0.00024366116405170334,0.061487988271537945,0.15657143309379026,0.00036441702188164923,0.013487111302055294
2018-09-10,2018,1913,0,0,64,6,0.20304116289582153,0.0005076029072395538,0.07685336766134512,0.1540144278262102,0.00041734136674756754,0.008861440737575929
2018-09-11,2018,1913,0,0,61,6,-0.18018212006072276,-0.0004504553001518069,-0.027583817736784123,0.17143752212702737,0.0003976313341110972,0.00890716432552179
2018-09-12,2018,1913,0,0,62,0,-1.7745748663318648,-0.004436437165829662,-0.21035874046171413,0.20193292863599324,0.000664868712412327,0.016331349916335003
2018-09-13,2018,1913,0,0,63,10,0.26263821072836535,0.0006565955268209133,0.036274614002052924,0.16078738401138776,0.0007151473356253281,0.0123290470818104
2018-09-14,2018,1913,0,0,61,8,1.2241290321543312,0.0030603225803858282,0.17081946925173117,0.13833991569976642,0.0005353880004484762,0.021911279796364428
2018-09-18,2018,1913,0,0,59,4,0.26507915450476505,0.0006626978862619127,-0.022670622564552913,0.17061738183595423,0.0003373591928006873,0.032022806157664174
2018-09-19,2018,1913,0,0,58,8,0.13744960266332074,0.00034362400665830184,0.03524425347053204,0.16095910197804347,0.0004628872957638705,0.02344825029857547
2018-09-20,2018,1913,0,0,57,6,-0.14297930191553032,-0.0003574482547888258,-0.03434208237232051,0.17256975418399748,0.0005872344418781238,0.017560002069991143
2018-09-21,2018,1914,0,0,58,11,-2.287236231036519,-0.005718090577591297,-0.18370175124943774,0.19748698541789125,0.0005437570543624606,0.039441089356864016
2018-09-25,2018,1915,0,0,59,21,-0.6903380543442861,-0.0017258451358607152,-0.044527202406201484,0.17426891409496634,0.0009675533215746411,0.028339774984793235
2018-09-26,2018,1915,0,0,58,12,0.6109147937844392,0.001527286984461098,0.04755023292462049,0.15890361544059134,0.00033637230726944165,0.029080818437705266
2018-09-27,2018,1916,0,0,59,15,0.7817909481915293,0.001954477370478823,0.10193796949055221,0.149830659231606,0.0003718547604030763,0.06348060567776409
2018-09-28,2018,1917,0,0,60,17,-1.0245564867030272,-0.002561391216757568,-0.09893675011595644,0.1833428419108666,0.0003936635964392312,0.013908494745266219
2018-10-01,2018,1920,0,0,63,19,0.669089133531741,0.0016727228338293525,0.05295249740511809,0.15800356933440252,0.0005265149179684025,0.016245142134732802
2018-10-02,2018,1920,0,0,63,17,-0.6683109156283856,-0.001670777289070964,-0.04011650627163482,0.17352902958532118,0.00031631759297441885,0.021595942910948854
2018-10-03,2018,1920,0,0,63,3,-0.8592480384349259,-0.0021481200960873146,-0.0643453726650089,0.1775708878419348,0.00043351464629180097,0.016338617958751175
2018-10-04,2018,1920,0,0,62,11,-0.6552484618035814,-0.0016381211545089536,-0.03568420836903825,0.17279266378468225,0.0008258789225056999,0.026485890340870608
2018-10-05,2018,1920,0,0,65,9,0.5519940532192215,0.0013799851330480537,0.09262537546206222,0.1513828852733193,0.0005290983074452042,0.03792892541884838
2018-10-09,2018,1920,0,0,65,5,-0.7010301079153463,-0.0017525752697883656,0.02920555601385634,0.16196769126838634,0.0013643654228708694,0.02395093714186506
2018-10-10,2018,1920,0,0,64,2,2.665292087223438,0.006663230218058595,0.18689884470314475,0.13565715996738864,0.0006555066813712753,0.016883830964226233
2018-10-11,2018,1920,0,0,63,31,1.4504821170230946,0.0036262052925577367,0.053664350602199345,0.15788646276554097,0.0005206747886841664,0.10397780471770658
2018-10-12,2018,1920,0,0,63,5,-0.40517313349923356,-0.0010129328337480838,-0.09450072484324809,0.18260319246635245,0.0004883380048369755,0.02485714787079793
2018-10-15,2018,1920,0,0,63,11,0.5603428040563352,0.001400857010140838,0.09256116880932137,0.15139700163826209,0.0008916710128811877,0.0346559468712422
2018-10-16,2018,1920,0,0,64,13,-1.2111593642472238,-0.0030278984106180597,-0.10427594276848334,0.18423273812821203,0.00037666871439597275,0.023297400383793562
2018-10-17,2018,1920,0,0,63,6,-1.3944370694519153,-0.0034860926736297883,-0.12756470844938203,0.1881187477416079,0.0005222932674482235,0.06708343023680846
2018-10-18,2018,1920,0,0,63,16,-0.5406358621045892,-0.0013515896552614732,-0.009029459014778835,0.16834119828847824,0.000320094674645874,0.04102302090380257
2018-10-19,2018,1921,0,0,64,10,0.940514062487857,0.0023512851562196425,0.11053414885745036,0.14839846955501873,0.0006480898264424639,0.01399577088898351
2018-10-22,2018,1921,0,0,63,13,0.1627263143372561,0.0004068157858431402,0.05519316618050181,0.15762259731395326,0.0003961190667187094,0.032443944365461136
2018-10-23,2018,1921,0,0,62,9,1.0426094604452718,0.0026065236511131793,0.117579848229618,0.14722321663386037,0.000986506477209866,0.04049363207612561
2018-10-24,2018,1921,0,0,63,15,-0.16050784738886215,-0.0004012696184721554,-0.002706211293991895,0.16728992220995376,0.0006919246374220603,0.10197363651549957
2018-10-25,2018,1921,0,0,62,36,0.20532143350439513,0.0005133035837609878,0.0654279976871808,0.1559224202318626,0.0015130660843673852,0.0759970526615231
2018-10-26,2018,1921,0,0,62,26,-1.8771913426597582,-0.004692978356649395,-0.09464936773798904,0.18263104825955084,0.0024048749826896198,0.02732173756426782
2018-10-29,2018,1921,0,0,62,14,-1.6720320092229257,-0.004180080023057314,-0.15567300158713332,0.19281216504623605,0.0023822702329703792,0.03597942641528787
2018-10-30,2018,1921,0,0,63,31,1.8242638873648667,0.0045606597184121665,0.08788227259153997,0.1521756550351289,0.0018189403804037792,0.13114792791650892
2018-10-31,2018,1921,0,0,62,9,3.7189270685134694,0.009297317671283674,0.24277893115036275,0.12633398421966732,0.0008768993655862232,0.07444986145696902
2018-11-01,2018,1921,0,0,62,12,1.2529777170151637,0.003132444292537909,0.0470871059159966,0.1589798870855611,0.0005916968026860878,0.026018305676192854
2018-11-02,2018,1921,0,0,61,6,-0.42988788758718244,-0.0010747197189679562,0.017847670834191736,0.16385825113974656,0.0006398138121303704,0.04190639397627946
2018-11-05,2018,1921,0,0,61,6,0.5069895708714377,0.0012674739271785942,0.04683223723501324,0.1590235463740944,0.0006383519403564299,0.02958581732940685
2018-11-06,2018,1921,0,0,60,7,0.2139800784463901,0.0005349501961159753,0.030158037790617116,0.16180726936936507,0.0009401712163304189,0.01833515223640758
2018-11-07,2018,1921,0,0,60,12,-0.015611919757217207,-3.902979939304302e-05,-0.01001391217161053,0.1685026197705414,0.0007547271167253083,0.02556777242858536
2018-11-08,2018,1921,0,0,60,5,0.10777799451048242,0.0002694449862762061,-0.02992817736890396,0.17182858856923117,0.00112867054878039,0.0281252123040501
2018-11-09,2018,1921,0,0,62,5,-0.6474517559151427,-0.0016186293897878568,-0.02166287446724077,0.17045390231302238,0.0009564850604580483,0.014598879466752502
2018-11-12,2018,1921,0,0,61,2,0.9586036539957651,0.0023965091349894127,0.035421755009805336,0.16092738184039979,0.0007735288146909234,0.012431102741466162
2018-11-13,2018,1921,0,0,58,9,-0.7609434517563312,-0.001902358629390828,-0.06435728217363747,0.17757317666534717,0.0007382372957552933,0.013040682145216986
2018-11-14,2018,1921,0,0,59,7,-1.2320207053653143,-0.0030800517634132856,-0.1680747974862887,0.19487950582006172,0.0005328929149130278,0.01418061899493472
2018-11-15,2018,1921,0,0,58,8,0.1969836822399178,0.0004924592055997945,0.01855871717573938,0.16374118141016777,0.0005345245407052332,0.023502641839654198
2018-11-16,2018,1921,0,0,58,11,0.9503622205696389,0.002375905551424097,0.1148052383038909,0.14768224944441735,0.0004522640341666489,0.052866112559920936
2018-11-19,2018,1921,0,0,58,4,-0.40795493060335664,-0.0010198873265083916,0.00811079835560106,0.165483062283438,0.00033988524139506816,0.012650266242626641
2018-11-20,2018,1921,0,0,59,7,-0.21023534257891985,-0.0005255883564472996,0.0016112936087621557,0.16656836479752302,0.000406672125770285,0.019581417256004558
2018-11-21,2018,1921,0,0,59,17,0.7222632267911712,0.001805658066977928,0.02994463778520979,0.16183845904379682,0.000390998494925226,0.012029927796376705
2018-11-22,2018,1921,0,0,59,3,1.1875931434196305,0.0029689828585490762,0.12654853686546194,0.14572364826104206,0.0003390214023527293,0.010382676857905417
2018-11-26,2018,1921,0,0,60,3,2.5649218970078547,0.006412304742519637,0.1825567025257949,0.13637916470947478,0.000467250355204329,0.017863319513448463
2018-11-27,2018,1921,0,0,60,6,0.8929706881776024,0.002232426720444006,0.09882805364917845,0.1503481364963136,0.0003776251153385092,0.009150877634660154
2018-11-28,2018,1922,0,0,61,6,0.28037060682695725,0.0007009265170673931,0.008362586140879997,0.1654425762132113,0.00037585862156577543,0.028676460304437983
2018-11-29,2018,1922,0,0,62,13,1.6723436919283055,0.004180859229820763,0.15411157145683446,0.14112569397509642,0.00040920461122801084,0.06157291875806954
2018-11-30,2018,1922,0,0,61,4,-0.7500590919255208,-0.001875147729813802,-0.07836203833650036,0.17991373937154662,0.0009164970191168833,0.011451839002296174
2018-12-03,2018,1922,0,0,62,10,-1.7183555519073983,-0.004295888879768495,-0.16109798400609324,0.19371598885907135,0.0005327623159669938,0.013355950733773625
2018-12-04,2018,1922,0,0,61,10,0.3090856931892745,0.0007727142329731862,0.025473823972815498,0.16258927816569446,0.0007548514553534218,0.06252186936631667
2018-12-05,2018,1922,0,0,62,14,-0.5196985238831516,-0.0012992463097078791,-0.09024820679227805,0.18189352865462244,0.00042282472575687314,0.025591837092365947
2018-12-06,2018,1922,0,0,62,17,1.1327455969462092,0.002831863992365523,0.10173089289696109,0.1498672177250176,0.0006887688582515444,0.015513400712592815
2018-12-07,2018,1922,0,0,62,10,-0.13858622274232513,-0.00034646555685581283,-0.05102435239135197,0.17535172890824346,0.0006349119050036939,0.009792567982538003
2018-12-10,2018,1922,0,0,60,18,-1.4538463432205062,-0.0036346158580512654,-0.07775493370879306,0.17981233169044444,0.0015830432145550598,0.038760685306581735
2018-12-11,2018,1922,0,0,59,19,-2.0559847003659244,-0.005139961750914811,-0.21605951230900028,0.20288418619369317,0.001115789237883662,0.027094914677881332
2018-12-12,2018,1923,0,0,58,3,-0.8260296614862419,-0.0020650741537156046,-0.09736949821037157,0.18308389193939142,0.001127319792104161,0.06015035190750285
2018-12-13,2018,1924,0,0,59,1,-1.2581920386078993,-0.0031454800965197483,-0.13719343784619786,0.18972714039199226,0.0007033100567999104,0.029059270194257712
2018-12-14,2018,1923,0,0,60,10,-0.6700093844503234,-0.0016750234611258086,-0.05475547635720968,0.17597536825142313,0.0007770357136343046,0.04725542215674708
2018-12-17,2018,1923,0,0,59,7,0.4113980005738157,0.0010284950014345393,0.01664484845544751,0.16406081440952117,0.00046532753678626835,0.015120611979142336
2018-12-18,2018,1923,0,0,57,11,1.9563832344352292,0.004890958086088073,0.16238007047093442,0.1397485636269551,0.0008132328494118052,0.05575486439944294
2018-12-19,2018,1925,0,0,59,17,0.6789132327233132,0.001697283081808283,-0.010719421614806048,0.1686282448938374,0.0010200491402550522,0.036168729544996996
2018-12-20,2018,1925,0,0,59,33,4.767879602536127,0.011919699006340318,0.19735938859337956,0.13391248339793038,0.0016564330505749061,0.08872521183827484
2018-12-21,2018,1928,0,0,61,44,-2.527505029787308,-0.006318762574468269,-0.1724979562634652,0.1956187346115436,0.0028808779200992906,0.03967455155086408
2018-12-25,2018,1929,0,0,61,39,-2.693321188761482,-0.006733302971903705,-0.1802249343433096,0.19690819473234092,0.014307104475440076,0.1477414020593132
2018-12-26,2018,1929,0,0,58,1,-0.12142616536820039,-0.00030356541342050096,-0.047710364743190896,0.17479535179488123,0.0010128807607634816,0.1258754147944753
2018-12-27,2018,1929,0,0,58,2,-0.2679527190904114,-0.0006698817977260286,-0.011274417167348661,0.16871872284660572,0.001012940968834073,0.09926327837901722
2018-12-28,2019,1930,0,0,58,9,0.1612486656244032,0.000403121664061008,-0.10140676003740724,0.1837580580635137,0.0021048347475138376,0.046170794983546454
2019-01-04,2019,1930,0,0,57,42,-2.1967890996550716,-0.005491972749137679,-0.15554413591394528,0.19278788234469119,0.0009037072591908605,0.09078679482598062
2019-01-07,2019,1930,0,0,57,10,1.1206273801330724,0.002801568450332681,0.03026312110178957,0.16178807039864615,0.0007634876022268977,0.08095612756727226
2019-01-08,2019,1930,0,0,56,15,-0.9608875957916533,-0.0024022189894791334,-0.07753295428159918,0.17977073238459582,0.0008150249163491845,0.038739361791457545
2019-01-09,2019,1930,0,0,57,15,-0.34740942668597175,-0.0008685235667149294,0.04844874141259505,0.15874927810224615,0.0004796929637865603,0.032860440648852976
2019-01-10,2019,1930,0,0,55,13,-0.3019485991769757,-0.0007548714979424393,0.028786905375143747,0.16203385396442482,0.0008265526077697014,0.030957940590268435
2019-01-11,2019,1930,0,0,56,8,-0.13262605047788895,-0.00033156512619472234,0.004408889319675431,0.16610025349569535,0.00044037302862764684,0.023608164966120188
2019-01-15,2019,1930,0,0,56,11,0.4130116758745328,0.001032529189686332,0.06728287729519575,0.1556084839443218,0.00043909478461157786,0.02058719616521803
2019-01-16,2019,1930,0,0,57,6,1.3993217123069455,0.0034983042807673636,0.06368744587642847,0.15621031543107666,0.0005469922641200076,0.038673626952026405
2019-01-17,2019,1929,0,0,59,15,0.8102211978026497,0.002025552994506624,0.030838810525305172,0.16169118119931078,0.00046287937547306797,0.03786186522598512
2019-01-18,2019,1929,0,0,58,5,-0.8287995360258563,-0.002071998840064641,-0.04473174457049863,0.1742968155065062,0.00046276603623093246,0.03451629924082456
2019-01-21,2019,1929,0,0,59,1,-0.9592258949269227,-0.0023980647373173067,-0.07704129085115519,0.1796901023478821,0.0004640174126163948,0.04282425720381751
2019-01-22,2019,1929,0,0,61,7,-0.35621322991827364,-0.0008905330747956841,-0.05057254350454946,0.1752703224704092,0.0004996720209982029,0.014887123841425595
2019-01-23,2019,1929,0,0,61,9,-1.591914161013356,-0.00397978540253339,-0.12887953304509248,0.18833643923692528,0.0005656325441364254,0.0179600615592093
2019-01-24,2019,1929,0,0,60,11,0.563693669611886,0.0014092341740297152,0.01062715030792218,0.1650637820766683,0.0004593603508053516,0.08765175615356306
2019-01-25,2019,1929,0,0,60,3,1.4620094499688676,0.003655023624922169,0.09041524997625726,0.1517486704752499,0.00036511226446797807,0.02298290668928959
2019-01-28,2019,1929,0,0,60,4,0.2747632357691616,0.000686908089422904,-0.038760109540979804,0.17330391616973592,0.000757208490164342,0.011338739970420949
2019-01-29,2019,1929,0,0,61,4,0.14014267006338388,0.0003503566751584597,-0.020521315097437525,0.17025925394014324,0.0008035178388243292,0.021325647085061326
2019-01-30,2019,1929,0,0,62,5,0.1463337217092724,0.00036583430427318097,0.02938852608628467,0.1619339485989959,0.0009124636819673146,0.2284212663022078
2019-01-31,2019,1929,0,0,62,12,1.223088893863435,0.0030577222346585874,0.07304165007075346,0.15465267684777456,0.0009636631154127445,0.021985558897817108
2019-02-01,2019,1929,0,0,62,15,0.4893231652311013,0.0012233079130777532,-0.0056618389384347715,0.16777924109314668,0.0005356115953024438,0.018381980410258122
2019-02-04,2019,1929,0,0,62,24,-1.0538975685586909,-0.0026347439213967273,-0.08687653549927422,0.18132703181236795,0.0005169399410488527,0.017011869640573368
2019-02-05,2019,1929,0,0,64,10,-0.10319865394901684,-0.0002579966348725421,-0.03745949931910313,0.17308514336586073,0.0007256126449566874,0.06484665408091947
2019-02-06,2019,1929,0,0,64,5,0.16011921902475734,0.00040029804756189333,0.0019292002642182864,0.16651682616721813,0.0011746872567744864,0.015135888517460932
2019-02-07,2019,1929,0,0,66,6,0.6525541404591895,0.0016313853511479737,0.02017784991569967,0.1634723041659639,0.0012712926071458284,0.026008150874961562
2019-02-08,2019,1929,0,0,65,1,0.8361248776054764,0.002090312194013691,0.04046026493938199,0.16008582786535694,0.0007858800563641322,0.03264218805369909
2019-02-12,2019,1929,0,0,64,1,1.1768559350136067,0.002942139837534017,0.0874907253081968,0.15223868274942873,0.0006757527678027458,0.0210873248921281
2019-02-13,2019,1929,0,0,64,1,0.35227736662201203,0.00088069341655503,0.029265013123678713,0.16195163668503065,0.0008161250346336304,0.017518045825207287
2019-02-14,2019,1929,0,0,65,4,0.037866801053121346,9.466700263280337e-05,-0.0075628011971026225,0.16810104058469802,0.0008746048847756917,0.017752391266367542
2019-02-15,2019,1929,0,0,64,0,0.7965875601979282,0.0019914689004948203,0.035046169300260686,0.16098315241989367,0.0003477095656361873,0.022545268407430926
2019-02-18,2019,1929,0,0,63,2,0.4272196490092154,0.0010680491225230385,0.023129598204502354,0.1629752333369428,0.00031586711643167843,0.03539059251567612
2019-02-19,2019,1929,0,0,63,1,1.131832330403742,0.002829580826009355,0.09598650772622494,0.15081591249977944,0.00028205557465440877,0.018251681483009947
2019-02-20,2019,1929,0,0,64,8,-0.3365699973548357,-0.0008414249933870893,-0.07101781695811138,0.17867677471969862,0.0003268558685031366,0.012588618464490775
2019-02-21,2019,1929,0,0,64,2,-0.29905981803393367,-0.0007476495450848341,-0.006146527688472045,0.16786151803111005,0.00033347422893867883,0.008420362250960994
2019-02-22,2019,1929,0,0,64,1,-0.22006856049142715,-0.0005501714012285679,0.0021446117677404166,0.1664738444730826,0.0003132423388070531,0.01982445615303602
2019-02-25,2019,1929,0,0,63,6,-1.3100394938389006,-0.0032750987345972517,-0.09251196211303664,0.18226770561129976,0.0003864677776466637,0.009634267134809027
2019-02-26,2019,1929,0,0,62,13,0.5061639051685516,0.001265409762921379,0.07047779163137254,0.15507419821254526,0.00044113073672779045,0.027399346743609703
2019-02-27,2019,1929,0,0,62,13,-0.06582349401050835,-0.0001645587350262709,-0.02588959786568546,0.17115330380386432,0.00028935066822726547,0.04003913379808301
2019-02-28,2019,1930,0,0,60,2,0.9996490083813909,0.0024991225209534773,0.021498213197787313,0.1632500062698344,0.0004295871850783338,0.018212483135931656
2019-03-01,2019,1931,0,0,61,12,0.13042493366872676,0.0003260623341718169,-0.010784876299471842,0.16863225784727326,0.0003435849918524728,0.011999344229717282
2019-03-04,2019,1931,0,0,61,17,-0.461494531579888,-0.00115373632894972,-0.00833391555071607,0.16822156382914932,0.0002674945829368747,0.021867450701848198
2019-03-05,2019,1932,0,0,63,10,0.3277458852338755,0.0008193647130846887,-0.0019961872579691794,0.1671694285305211,0.0004210558667201076,0.018946194564180542
2019-03-06,2019,1932,0,0,64,9,1.1708728029495834,0.0029271820073739586,0.0963216206718231,0.1507688464251845,0.0009209650801097133,0.010458567503165084
2019-03-07,2019,1932,0,0,63,5,-0.8905333426238047,-0.0022263333565595116,-0.06566116664101383,0.17778991887204082,0.0004374035229031136,0.024132088589337186
2019-03-08,2019,1932,0,0,63,1,0.6269588487324884,0.001567397121831221,0.12955850038993397,0.145222499301625,0.0007234711136028014,0.020327646488057932
2019-03-11,2019,1932,0,0,63,10,-0.8716213165516886,-0.0021790532913792213,-0.07488591193251945,0.17932773687568906,0.0003447543080329086,0.02366550717362045
2019-03-12,2019,1932,0,0,63,15,-0.3860583912505787,-0.0009651459781264469,-0.06142848281922448,0.1770801602028382,0.00036405619510549846,0.039291662460133964
2019-03-13,2019,1933,0,0,66,7,-0.4787790425692948,-0.001196947606423237,-0.030976600098055026,0.17200388209928685,0.0005400723887058902,0.02262430597768956
2019-03-14,2019,1933,0,0,65,17,-0.7785174514743947,-0.0019462936286859867,-0.054632662020466,0.17595129862882505,0.0007136577631381732,0.03553791657820371
2019-03-15,2019,1934,0,0,65,10,0.4065986458638592,0.001016496614659648,0.020611612204046153,0.1633962386745447,0.000303276694827102,0.03441349984393384
2019-03-18,2019,1934,0,0,65,5,-0.42223530639264906,-0.0010555882659816227,-0.051519423234187164,0.17542811737667793,0.0002890288336865727,0.013375573410302023
2019-03-19,2019,1935,0,0,66,10,0.06839439691187488,0.0001709859922796872,-0.036356568020622815,0.17289904824740207,0.00040445687781220696,0.013703317065836065
2019-03-20,2019,1936,0,0,67,6,0.3338977327363706,0.0008347443318409265,-0.028071983483729496,0.17152226129341114,0.0010310362750190643,0.019398673887158123
2019-03-22,2019,1936,0,0,66,8,0.23736611391016993,0.0005934152847754248,0.04529755180268964,0.1592812891218868,0.0009927390055948998,0.009031759065871284
2019-03-25,2019,1936,0,0,65,13,-1.029391295147428,-0.00257347823786857,0.0059305535154294976,0.1658475802736214,0.0005014832326486289,0.018643101139873344
2019-03-26,2019,1936,0,0,63,13,-1.201722988247726,-0.003004307470619315,-0.13293770863452234,0.18901733862986464,0.001382360696035448,0.04986303479086109
2019-03-27,2019,1936,0,0,61,7,0.3851552174500417,0.0009628880436251042,0.06125146594135025,0.15661625349318944,0.0003493378732513137,0.018929683115243727
2019-03-28,2019,1937,0,0,63,11,-0.9389882608312285,-0.002347470652078071,-0.10618694446643337,0.1845541893937822,0.0006474238123202746,0.06130664511404132
2019-03-29,2019,1937,0,0,64,3,-0.36843661437889375,-0.0009210915359472344,-0.09314164994649475,0.18237563615214725,0.0005431706297135517,0.021807593930064432
2019-04-01,2019,1937,0,0,63,5,-0.5472977273023301,-0.0013682443182558251,-0.07102730745476862,0.17868473576077828,0.00042586569655184804,0.06297865956820699
2019-04-02,2019,1937,0,0,63,7,0.26807820781130576,0.0006701955195282644,-0.02866269745370984,0.17160385286475308,0.00033594743442807393,0.06255939842333978
2019-04-03,2019,1937,0,0,63,8,1.0676069765566631,0.0026690174413916577,0.07309274351586903,0.15463736224602398,0.0003378342093366206,0.026016661807369373
2019-04-04,2019,1937,0,0,65,7,0.7069614341354775,0.0017674035853386938,0.03304610182428253,0.16132019633487557,0.00030573510196033136,0.012728799757912336
2019-04-05,2019,1937,0,0,64,8,0.7744844502522794,0.0019362111256306985,0.054374674164816075,0.15775178174402443,0.0003397937196682841,0.03462936654460391
2019-04-08,2019,1937,0,0,63,9,0.8938390266953429,0.0022345975667383573,0.08562224879291419,0.1525479337948217,0.00024770770386399124,0.017223045659923664
2019-04-09,2019,1937,0,0,64,13,1.0884477080546715,0.002721119270136679,0.13175372972757124,0.1448456623996588,0.00033129491997880986,0.024885962759366293
2019-04-10,2019,1938,0,0,63,9,0.10358661111601752,0.00025896652779004383,-0.02056763697312431,0.1702611206527632,0.0002786961117558275,0.01424794136322189
2019-04-11,2019,1938,0,0,66,8,-2.0496460796093356,-0.005124115199023339,-0.18771798176828258,0.19815577894787556,0.0008588151825453349,0.015345017286560746
2019-04-12,2019,1938,0,0,65,9,0.7895674716421623,0.001973918679105406,0.054963092659266494,0.15766188689882646,0.0003307568816121345,0.03182021754726189
2019-04-15,2019,1938,0,0,64,22,0.030138306331138343,7.534576582784586e-05,0.01355718129518975,0.16456779341405162,0.0003978030060124325,0.026243623204130633
2019-04-16,2019,1938,0,0,65,11,-0.34513760541422434,-0.0008628440135355609,-0.04726493906413578,0.17472312510258167,0.0006588229974922461,0.01153361356718024
2019-04-17,2019,1938,0,0,65,9,2.7145344073181175,0.006786336018295294,0.2328980207000132,0.12797693670336996,0.00031512934883497836,0.014212426121715305
2019-04-18,2019,1938,0,0,65,14,0.7959960650020592,0.001989990162505148,0.1419371306692717,0.14314800411171025,0.0002595896953054571,0.018363040289656254
2019-04-19,2019,1938,0,0,65,16,-0.11866117696764736,-0.0002966529424191184,0.03378175876073684,0.16118790451036047,0.00021949548768492478,0.025766394403036713
2019-04-22,2019,1938,0,0,64,13,0.07308252616143984,0.0001827063154035996,0.04729297202481329,0.15894571950906358,0.0003504785600836178,0.022466011701701063
2019-04-23,2019,1938,0,0,63,5,-0.14367944884822204,-0.0003591986221205551,0.020340533562153595,0.16344003324134485,0.0003709796579583235,0.02222206153339835
2019-04-24,2019,1938,0,0,64,18,-0.08476722707965416,-0.0002119180676991354,-0.013654525051919898,0.1691111255088718,0.00042272716891485614,0.023322330556988076
2019-04-25,2019,1938,0,0,64,14,-1.4299448684056042,-0.0035748621710140105,-0.10574794253414624,0.18447949613101683,0.0009408831163703453,0.007418427596260898
2019-04-26,2019,1938,0,0,64,8,0.30171500063662293,0.0007542875015915573,-0.037768838310060886,0.17313818152103114,0.0007205847447952188,0.00907543458874123
2019-05-07,2019,1938,0,0,63,10,-0.06175915232162055,-0.00015439788080405138,-0.006329862308247427,0.16789361789471152,0.0009431578220664697,0.005840837318437797
2019-05-08,2019,1938,0,0,63,8,-0.2798842853605756,-0.0006997107134014389,0.003767850003124003,0.16620550041615975,0.0008201752944337117,0.03421659327612051
2019-05-09,2019,1938,0,0,63,12,1.1257896353866723,0.002814474088466681,0.012460525217629127,0.1647580704581027,0.0013809131507548458,0.03381735119539589
2019-05-10,2019,1938,0,0,64,20,0.6250180122632267,0.0015625450306580668,0.004397201372798807,0.1661030145651812,0.0009955794399129471,0.015603226639642684
2019-05-13,2019,1938,0,0,62,7,0.6887518746661292,0.001721879686665323,0.04102781737959446,0.15999199106177964,0.0012625252747947647,0.02432010237749871
2019-05-14,2019,1938,0,0,61,17,0.2123353588526551,0.0005308383971316377,0.05230900561324838,0.15810769478762857,0.0010179129020323504,0.028874700361955538
2019-05-15,2019,1938,0,0,61,11,-0.6305579970499626,-0.0015763949926249066,-0.012318056995009593,0.1688913712694548,0.0006438097210976945,0.02968413587931708
2019-05-16,2019,1938,0,0,61,11,0.7955730973004079,0.00198893274325102,-0.00020664401852521676,0.16686819504415973,0.0004467995426208282,0.019646876801211154
2019-05-17,2019,1938,0,0,60,5,-0.5748807234774324,-0.0014372018086935808,-0.057921831345794095,0.17649819699306965,0.0003732137698651458,0.022601766432482413
2019-05-20,2019,1938,0,0,61,8,-0.4717001088838834,-0.0011792502722097085,-0.04453204824401098,0.174259695850415,0.0003222948004274691,0.02440569310628315
2019-05-21,2019,1938,0,0,61,9,2.4934313361755422,0.006233578340438856,0.15972596362811486,0.14018495976992706,0.00038524822788367296,0.014012496215631436
2019-05-22,2019,1938,0,0,60,7,-0.47882444797569435,-0.0011970611199392358,0.010072823213459942,0.16515218288984693,0.0003072609326902822,0.00845165920875614
2019-05-23,2019,1938,0,0,61,2,0.3942046551814314,0.0009855116379535785,0.05186774412459691,0.15817701277702784,0.0003804450688693899,0.031181900104069748
2019-05-24,2019,1938,0,0,60,5,-0.17161066247858725,-0.00042902665619646814,0.003020625983478029,0.16633052909181523,0.0004023167332420828,0.019860529499339148
2019-05-27,2019,1938,0,0,60,11,-0.8009291327577932,-0.002002322831894483,-0.0645432677211569,0.17760192162642222,0.00039398009493271717,0.010036984311670872
2019-05-28,2019,1938,0,0,60,0,2.7889991655794892,0.006972497913948723,0.25132803464791525,0.12490387541161768,0.0003680970648739221,0.015353042215840192
2019-05-29,2019,1938,0,0,60,7,0.4474544937685976,0.001118636234421494,0.07767947696095968,0.1538750168473288,0.0003675680370056669,0.03960831659631793
2019-05-30,2019,1938,0,0,59,11,0.3966883842523745,0.0009917209606309363,0.10179513872529412,0.14985423610920368,0.0006574955243761305,0.0188226279127117
2019-05-31,2019,1938,0,0,59,2,-3.100894542368473,-0.007752236355921182,-0.2440855702691857,0.20755989626770063,0.0007270082876553081,0.015649617080969465
2019-06-03,2019,1939,0,0,58,5,-1.399667005006613,-0.0034991675125165323,-0.1694439573686936,0.19510809956308356,0.001670482420516499,0.02826410351599772
2019-06-04,2019,1939,0,0,58,3,-1.094475760428773,-0.002736189401071932,-0.03651109341978925,0.1729214765029758,0.00046098210464420446,0.029006320790999664
2019-06-05,2019,1939,0,0,57,5,-0.29925197138454696,-0.0007481299284613674,-0.01943858707536549,0.17007664730958022,0.000560805108636044,0.03568579085911227
2019-06-06,2019,1939,0,0,59,7,0.12033872785658861,0.0003008468196414715,-0.03759033866591497,0.17310706907025852,0.0006895267826808471,0.030964611404824455
2019-06-07,2019,1939,0,0,59,13,0.745563462032524,0.00186390865508131,0.0638154758813148,0.15618168914430863,0.0002834889603925927,0.047406377906245925
2019-06-10,2019,1939,0,0,59,14,-0.06211939834787972,-0.00015529849586969928,-0.02323048122548711,0.17070770910956184,0.00036843976301320354,0.04923498559545762
2019-06-11,2019,1939,0,0,61,5,-1.6227908994787317,-0.004056977248696829,-0.20817979061838512,0.20156693993399577,0.0005624197320752379,0.01259195651299409
2019-06-12,2019,1940,0,0,62,7,-0.5338712308449198,-0.0013346780771122996,-0.006413154399083982,0.1678986755370039,0.00031351889722957367,0.07488144572927302
2019-06-13,2019,1940,0,0,62,15,-1.271225836990007,-0.0031780645924750174,-0.1332137130137179,0.1890578462861758,0.0003874499704063067,0.017793909459150718
2019-06-14,2019,1940,0,0,59,14,0.8315856558499042,0.0020789641396247605,0.06338217602743007,0.15626279835246715,0.00044957245898390267,0.011998424488194569
2019-06-17,2019,1940,0,0,57,10,-1.1293998929367723,-0.0028234997323419307,-0.10537009341301518,0.18441705466865127,0.0008405159181782216,0.03258757667612192
2019-06-18,2019,1941,0,0,58,10,-0.6875607900233085,-0.0017189019750582712,-0.03466533923362909,0.17261155565152442,0.0003887021411768404,0.08145813217380515
2019-06-19,2019,1942,0,0,58,15,-0.5946427525360279,-0.0014866068813400698,-0.0765364975036698,0.17960510437308916,0.00048639317100664147,0.05246258855564975
2019-06-20,2019,1942,0,0,57,10,-0.3456137528416877,-0.0008640343821042193,-0.007967554929847891,0.16815874770760453,0.0002801118467020198,0.020842459625173705
2019-06-21,2019,1942,0,0,57,14,0.18911445614691957,0.00047278614036729894,0.0509525252121142,0.15832707023280135,0.00027431524121415273,0.017142888353549518
2019-06-24,2019,1942,0,0,57,19,0.3884791447162341,0.0009711978617905853,0.0012809919318393407,0.16662155174267648,0.0004343203770923767,0.014091156389860976
2019-06-25,2019,1942,0,0,57,14,1.0664488420699985,0.0026661221051749963,0.06865242244077654,0.15538286244239666,0.0005333543839965014,0.007834105540600267
2019-06-26,2019,1942,0,0,57,29,-0.17398678910781534,-0.0004349669727695384,-0.007643248724692772,0.1681049323187012,0.0003738795607896194,0.01540289670701629
2019-06-27,2019,1943,0,0,57,2,0.16640323042736505,0.00041600807606841263,-0.00798964534484805,0.16817103072711173,0.0008353388782258718,0.0349439153934916
2019-06-28,2019,1943,0,0,57,11,-0.5033015703435875,-0.0012582539258589687,-0.035746730370744446,0.1727964222975782,0.0002874425332595011,0.04648940972350761
2019-07-01,2019,1943,0,0,58,26,-2.3452715016799326,-0.005863178754199831,-0.20749600244108907,0.20145227173570468,0.0006284728353096351,0.09087216028279317
2019-07-02,2019,1943,0,0,57,8,1.307061257259039,0.0032676531431475976,0.09926502399108086,0.15027311274266295,0.00024531825259339803,0.17541504090558607
2019-07-03,2019,1943,0,0,57,3,0.34234965083140784,0.0008558741270785195,0.0670221689761682,0.1556434440098819,0.0002548539671586569,0.04294515843426658
2019-07-04,2019,1943,0,0,58,6,0.05534674893712821,0.00013836687234282052,-0.003492716876850905,0.1674158148344398,0.00046985523036123826,0.03284640447364232
2019-07-05,2019,1943,0,0,55,6,0.46665021356312264,0.0011666255339078065,-0.01767488912514502,0.16978187232045922,0.000340487365083526,0.060963921196516196
2019-07-08,2019,1943,0,0,54,1,0.31995177595002616,0.0007998794398750654,0.03165473392159888,0.1615507885478238,0.00026652672416116,0.018575137015566213
2019-07-09,2019,1943,0,0,53,3,-0.2158886835052356,-0.000539721708763089,0.013485500335774685,0.1645842214434938,0.0003273690723078624,0.0207212266616089
2019-07-10,2019,1943,0,0,54,6,0.2924186829118113,0.0007310467072795282,0.052439521824800044,0.1580836581251185,0.00039486525821230375,0.2197314448082398
2019-07-11,2019,1943,0,0,55,4,-0.0034806784787839717,-8.70169619695993e-06,-0.025695200633223687,0.17111756906317518,0.0005638346054458386,0.010331775478359069
2019-07-12,2019,1943,0,0,52,1,-0.05331508162583737,-0.0001332877040645934,0.028507909469223422,0.16207506654927062,0.0002878153085737152,0.010894945055164966
2019-07-16,2019,1943,0,0,51,4,-0.5319867350110332,-0.001329966837527583,-0.05796801111068219,0.17650932386154164,0.0009717749089136005,0.012461581592362794
2019-07-17,2019,1943,0,0,54,3,0.6270668346224135,0.0015676670865560338,0.05841246306114694,0.15709257398068052,0.0005261969144890937,0.009025142467471
2019-07-18,2019,1944,0,0,55,16,-0.9585832813926349,-0.0023964582034815872,-0.08566498033327921,0.18112456143805203,0.00031014476047465286,0.0286664150830106
2019-07-19,2019,1944,0,0,54,10,-0.40557530421251364,-0.001013938260531284,-0.01251029218550764,0.16892163607071242,0.0002163766029946573,0.015294300056752738
2019-07-22,2019,1944,0,0,54,7,0.19296791676254477,0.00048241979190636193,-0.0517120160748112,0.17545645950835803,0.00024851858387284334,0.03306460808314832
2019-07-23,2019,1944,0,0,54,8,0.0016449534141237399,4.11238353530935e-06,-0.031941921079789506,0.1721588095134361,0.00025290355264703595,0.010972250965638645
2019-07-24,2019,1944,0,0,54,9,-0.6305531193406285,-0.0015763827983515714,-0.03706857590754701,0.17301124810826118,0.00033744046913263735,0.013293957016847475
2019-07-25,2019,1944,0,0,54,10,-0.7985012909376686,-0.0019962532273441716,-0.06813888877011648,0.17819840282804902,0.00033833868442589615,0.0333003803861103
2019-07-26,2019,1944,0,0,54,9,-0.340139740885961,-0.0008503493522149025,0.02118694672691673,0.16329706900143998,0.0003535870301132177,0.038217348632342975
2019-07-29,2019,1945,0,0,54,7,-0.06394246321586339,-0.00015985615803965848,-0.02384641596200977,0.17081111222070766,0.0005165668754050449,0.02651664118133449
2019-07-30,2019,1945,0,0,55,15,-0.3140126281762651,-0.0007850315704406626,0.020940805778401402,0.16333547795922265,0.00047283282727294146,0.00704804628950211
2019-07-31,2019,1945,0,0,56,7,-1.4006293773075251,-0.0035015734432688127,-0.15500249472898192,0.1926980653479762,0.00127078735605083,0.012018548222485811
2019-08-01,2019,1945,0,0,55,8,-0.4715441475932147,-0.0011788603689830367,-0.055123157859727066,0.17603394955612,0.0010137075136805488,0.01980395231275941
2019-08-02,2019,1945,0,0,56,25,0.8084731629114026,0.0020211829072785065,0.0519019868772882,0.15817252917830738,0.0003975552762986356,0.02812267106818537
2019-08-05,2019,1945,0,0,54,27,1.2301242564800527,0.003075310641200132,0.0515536705586118,0.15823150683241546,0.0006143121462253396,0.020006765485414215
2019-08-06,2019,1945,0,0,54,25,-0.14970157566020376,-0.0003742539391505094,0.01889336674356026,0.16368051309539403,0.0006108815844579532,0.010066741664179446
2019-08-07,2019,1945,0,0,55,13,-0.6329836121848557,-0.0015824590304621391,-0.05289474109162971,0.17564956374081897,0.0005848946607577461,0.019450979724981467
2019-08-08,2019,1945,0,0,53,9,-2.706346755941949,-0.006765866889854873,-0.17014279160085902,0.19522314237922572,0.0010443377397171677,0.01716442324067583
2019-08-09,2019,1946,0,0,54,4,1.979009118752447,0.004947522796881118,0.13491208818828013,0.14432723753883184,0.0006548370997247873,0.018610931183651126
2019-08-13,2019,1946,0,0,54,4,1.2111734191743317,0.0030279335479358295,0.07658991382229038,0.1540578879935022,0.0005198449559503218,0.02881432718552318
2019-08-14,2019,1946,0,0,54,2,-0.0883176513308553,-0.00022079412832713824,-0.0010043145878719845,0.16699761096067886,0.00033038694144970065,0.017832706064618523
2019-08-15,2019,1946,0,0,54,8,-1.0666734145900354,-0.0026666835364750883,-0.06078814148439771,0.1769646882925853,0.0004089832597881378,0.0522682017418382
2019-08-16,2019,1946,0,0,54,23,-0.5862229844396203,-0.0014655574610990508,-0.0025050568132592836,0.1672519186002724,0.0004729837080713897,0.05131168976608777
2019-08-19,2019,1946,0,0,54,2,-0.7765999451253107,-0.0019414998628132767,-0.10783245678181433,0.18482429438319672,0.00034626234850297985,0.07446879079357893
2019-08-20,2019,1946,0,0,54,1,0.2829087612890171,0.0007072719032225428,0.04276450675616718,0.15968213343192558,0.00028807318234711665,0.020329135220430408
2019-08-21,2019,1946,0,0,57,6,0.40791508406586663,0.0010197877101646665,0.038681742476149174,0.16036916587134695,0.00023954811116022094,0.02065384963465407
2019-08-22,2019,1946,0,0,57,15,-2.50675151941728,-0.0062668787985431995,-0.18991975787771384,0.19852319728172857,0.0006041787699255702,0.007904801851378235
2019-08-23,2019,1946,0,0,57,11,-0.2741505606610093,-0.0006853764016525232,0.014700376224189423,0.1643758980733246,0.0003127907006535976,0.0032479060582589203
2019-08-26,2019,1946,0,0,58,3,0.9104583149512013,0.0022761457873780033,0.043657754768238306,0.15954100643763272,0.00033007502109672093,0.10156881450538889
2019-08-27,2019,1946,0,0,54,8,-0.024551614449724646,-6.137903612431161e-05,-0.004480370560451662,0.16757274872329728,0.0003174861096352674,0.03350259660759627
2019-08-28,2019,1946,0,0,54,12,2.632304499109746,0.0065807612477743645,0.2524967264660783,0.1247113541693148,0.0006293088912078528,0.02683022473540511
2019-08-29,2019,1946,0,0,53,17,-0.20798613001417898,-0.0005199653250354475,-0.03527388159384503,0.17271954198656922,0.00029265404111690046,0.012746818860976063
2019-08-30,2019,1946,0,0,53,2,0.04145439856691557,0.00010363599641728894,0.06142343794940223,0.1565822685374033,0.0002921725353491333,0.0315557553333545
2019-09-02,2019,1947,0,0,53,5,-1.1510647560919398,-0.0028776618902298496,-0.10293204152517607,0.1840050074194777,0.0002720527056868599,0.013933243584926211
2019-09-03,2019,1947,0,0,53,6,1.211151104219272,0.00302787776054818,0.17057413746203287,0.1383794049948304,0.0005844799824298772,0.033415479079823056
2019-09-04,2019,1947,0,0,54,6,-0.5621687903574315,-0.0014054219758935789,-0.03973978448343449,0.17345977263320272,0.00025286398847059534,0.040216705291842084
2019-09-05,2019,1947,0,0,53,4,-0.1551871731698653,-0.00038796793292466327,0.02240572230228504,0.16309603835288167,0.0003373456677469212,0.02760848346050236
2019-09-06,2019,1947,0,0,52,11,4.978924273613554,0.012447310684033885,0.3236741359144542,0.11283517334895335,0.0004656865360697453,0.023484224909199613
2019-09-09,2019,1947,0,0,51,21,1.7530771999630306,0.0043826929999075765,0.1922785573182892,0.13475804832948882,0.00046228754626509585,0.030949903679832434
2019-09-10,2019,1947,0,0,51,7,1.4960615832555895,0.0037401539581389735,0.138411544821528,0.14374047890539002,0.00034468653618300536,0.018653281657471633
2019-09-11,2019,1947,0,0,51,8,0.7503299867572137,0.0018758249668930343,0.11558237929119719,0.1475514190803436,0.0003382303800880593,0.05416458994932942
2019-09-12,2019,1947,0,0,50,7,-0.16019211429098013,-0.0004004802857274503,-0.045313945194934445,0.17438791010279422,0.00038719253333628314,0.017393785844512774
2019-09-13,2019,1946,0,0,50,8,-2.0039851618531963,-0.005009962904632991,-0.1413067917827815,0.19040932885314968,0.0004968834043919565,0.017201637128030137
2019-09-17,2019,1945,0,0,50,11,0.17762138718469744,0.0004440534679617436,0.001968855077320347,0.1665082338048645,0.0002928526543641288,0.015445824750830088
2019-09-18,2019,1945,0,0,49,5,0.246154769168682,0.000615386922921705,-0.03476605089966768,0.17262805579292978,0.0003470583186692876,0.030641204317047234
2019-09-19,2019,1945,0,0,48,12,-0.14516118659593502,-0.00036290296648983756,-0.05417893289882214,0.17587040664585088,0.000360286763043057,0.017243615537044343
2019-09-20,2019,1946,0,0,50,11,0.16395641669013816,0.0004098910417253454,0.010699348489897854,0.16504561048535815,0.0002289463339063728,0.01337643430308165
2019-09-24,2019,1947,0,0,50,5,-1.3050335884779607,-0.0032625839711949017,-0.08767438671765126,0.1814603855190175,0.00026462599731784966,0.014074778597595938
2019-09-25,2019,1947,0,0,50,4,0.5978214527058261,0.0014945536317645652,0.0013311242538891481,0.16661477368010474,0.0005750919883284849,0.012662160622974768
2019-09-26,2019,1947,0,0,51,12,0.8554520690961116,0.002138630172740279,0.02411606318681203,0.1628125404640138,0.0004423722380887177,0.011566241833621097
2019-09-27,2019,1948,0,0,51,6,1.4514641673076407,0.0036286604182691018,0.09898572801301223,0.150322543437214,0.0006216187415933284,0.02820163382038949
2019-09-30,2019,1948,0,0,52,3,0.06539394441018143,0.00016348486102545355,-0.024496718149901432,0.17091976888098315,0.00031801978154672475,0.026889110056474905
2019-10-01,2019,1949,0,0,52,4,0.3917554798075287,0.0009793886995188216,0.023350226619030832,0.16294160447990164,0.0006631427368837281,0.03737836403607378
2019-10-02,2019,1949,0,0,52,8,-0.0985490135861905,-0.00024637253396547624,-0.03145602721915554,0.172077637229893,0.00025926393994382994,0.023045983408609225
2019-10-03,2019,1949,0,0,52,2,-0.27133121276310496,-0.0006783280319077624,0.03702037687142718,0.16064771235785927,0.00028349003540374375,0.024814149230373568
2019-10-04,2019,1949,0,0,50,3,0.3422875133275989,0.0008557187833189972,0.07070682715777808,0.15503805885066604,0.00044180079337043657,0.01546794996586201
2019-10-07,2019,1949,0,0,49,5,-0.5443685372807457,-0.0013609213432018645,-0.06788406293342647,0.1781537247365685,0.00023171289795116052,0.011386971644575729
2019-10-08,2019,1950,0,0,52,12,0.46986869423675814,0.0011746717355918953,0.0698693103740284,0.15517270720700352,0.00034333692870481083,0.020753802472722085
2019-10-09,2019,1951,0,0,56,8,-0.14131871064165258,-0.00035329677660413144,-0.046367449886559844,0.17456398293361586,0.0003233135903391645,0.01480499359323436
2019-10-10,2019,1951,0,0,58,14,0.004616371387177409,1.1540928467943523e-05,-0.03281008268520441,0.172310867469303,0.0006067346025646674,0.05334014483547398
2019-10-11,2019,1951,0,0,58,9,-0.29490998208475405,-0.0007372749552118852,-0.025202054589562893,0.17103719692627153,0.0004330276922446082,0.12491669898857413
2019-10-15,2019,1951,0,0,57,10,-0.16890098985959176,-0.0004222524746489794,-0.012269299976585567,0.16887939110441183,0.0003159716337456977,0.01855957615368771
2019-10-16,2019,1951,0,0,56,7,-1.195763548946877,-0.0029894088723671926,-0.09378032247098778,0.18247715681130497,0.00030533238543982877,0.00815318703863765
2019-10-17,2019,1951,0,0,56,7,-0.3054507832928759,-0.0007636269582321898,-0.01861144831530804,0.16993378038066756,0.0003166748371930193,0.014196426321435997
2019-10-18,2019,1951,0,0,56,5,-0.7547043821843994,-0.0018867609554609984,-0.02137156039844982,0.17039907652004013,0.00031874373652087545,0.02780234665649383
2019-10-21,2019,1951,0,0,57,10,-0.5461701343001767,-0.0013654253357504417,-0.05100056864191863,0.1753369192150488,0.0003295766762402305,0.04962406327676746
2019-10-23,2019,1951,0,0,57,10,0.9062906050493742,0.0022657265126234355,0.07588016208484567,0.1541662620460318,0.00024564722948941563,0.011683721218162156
2019-10-24,2019,1951,0,0,58,7,1.0093935546887707,0.0025234838867219268,-0.03727412276610907,0.17305100767623338,0.0003464274126678912,0.024588175176583186
2019-10-25,2019,1952,0,0,58,17,0.010946573899569101,2.7366434748922753e-05,-0.06665782829002406,0.17795407456198212,0.00032429758954213465,0.015340881816192045
2019-10-28,2019,1953,0,0,60,12,-0.3828614697288911,-0.0009571536743222278,0.04744432386425589,0.15891914435385998,0.000601449653258035,0.032612053137190185
2019-10-29,2019,1953,0,0,59,14,-0.80977168420892,-0.0020244292105223,-0.026447641117737078,0.1712452266926271,0.0005609524780566223,0.01021493985037833
2019-10-30,2019,1954,0,0,59,2,0.8632048676601596,0.002158012169150399,0.030408243070998594,0.16176199443065473,0.0005498272898240762,0.01846915089184601
2019-10-31,2019,1954,0,0,59,6,0.31590058713228153,0.0007897514678307039,0.0672779743389304,0.1556103768157735,0.0006568111399040031,0.06842454188274298
2019-11-01,2019,1955,0,0,63,8,0.4201455047059943,0.0010503637617649858,0.04513454648620642,0.15930034965169776,0.0004440355706489637,0.018547543633266977
2019-11-05,2019,1955,0,0,63,18,-0.16459406705185325,-0.0004114851676296331,-0.04514919650844807,0.17436384688315862,0.0004352897643056586,0.025412372168305577
2019-11-06,2019,1955,0,0,61,17,-0.012388664197011678,-3.09716604925292e-05,-0.006799382550066304,0.16796344998570673,0.0005695868265502943,0.01441569094922466
2019-11-07,2019,1955,0,0,62,15,1.2148706303339916,0.003037176575834979,0.04558883037546866,0.15922914944735977,0.0006089973183585125,0.008564189530006858
2019-11-08,2019,1955,0,0,61,16,-0.3177882788848504,-0.000794470697212126,-0.032377321446435715,0.17223287148765024,0.0003584275314293787,0.008554706360436667
2019-11-11,2019,1955,0,0,61,11,0.7000355632699082,0.0017500889081747705,0.04653331424815793,0.15907134589288036,0.0004923028984685172,0.0351557617951586
2019-11-12,2019,1955,0,0,61,16,-0.5125472880105979,-0.0012813682200264948,-0.010820243904044886,0.1686409741847239,0.0006614222448657795,0.015453031072521356
2019-11-13,2019,1955,0,0,61,8,0.6268491061574675,0.0015671227653936686,0.014003464231765135,0.16449832903087172,0.0005811251050334679,0.023690970670602284
2019-11-14,2019,1955,0,0,61,4,0.5393822097399188,0.001348455524349797,0.036079098567233236,0.16081337583081742,0.00037963691530275376,0.02358660998621196
2019-11-15,2019,1955,0,0,61,16,-0.1817942925137465,-0.0004544857312843663,-0.07777282351617139,0.17980577686874552,0.0003098659207504607,0.008523823392548636
2019-11-18,2019,1955,0,0,61,14,0.21546296139040655,0.0005386574034760164,0.02408389548143147,0.16281558128644577,0.00034619559919053556,0.010842000818755845
2019-11-19,2019,1955,0,0,61,7,-0.35215695695743837,-0.0008803923923935959,-0.041954650632144694,0.17382808580257225,0.0002473864856526157,0.010604430440358487
2019-11-20,2019,1955,0,0,60,5,-0.33728361485104374,-0.0008432090371276094,-0.026774367832616514,0.17129132029790012,0.00026609236836383244,0.024362749260915736
2019-11-21,2019,1955,0,0,58,1,1.9435929531685132,0.004858982382921283,0.19754856838526846,0.1338772179331605,0.00036439263397978827,0.014915922228606873
2019-11-22,2019,1955,0,0,58,6,-0.4247294957321306,-0.0010618237393303265,-0.014412960218638117,0.16923607198417986,0.0002939612442915365,0.0057812487801484225
2019-11-25,2019,1955,0,0,58,10,0.38356601064111917,0.0009589150266027979,0.025990941472177283,0.1624962233821033,0.00030397023434547014,0.010114276366726236
2019-11-26,2019,1955,0,0,59,1,0.05777828923543277,0.00014444572308858192,0.023972492881877267,0.16283128914460215,0.0002553452296743462,0.015395249272209244
2019-11-27,2019,1955,0,0,58,6,-0.42918391468546824,-0.0010729597867136706,-0.016660372871989775,0.1696058102479106,0.00022887648933728956,0.0064818660098304864
2019-11-28,2019,1955,0,0,58,7,-0.24627053666322074,-0.0006156763416580519,0.018811150523377666,0.163695095077475,0.0003002211857167716,0.015223763766159975
2019-11-29,2019,1955,0,0,58,1,-0.6871177535955294,-0.0017177943839888235,-0.04818632753595532,0.17487300541650622,0.0003146629413615546,0.015596675323333769
2019-12-02,2019,1955,0,0,57,17,-0.4269059039773208,-0.001067264759943302,-0.028146421194813778,0.17152264888670912,0.00027355801044153986,0.011875075858602974
2019-12-03,2019,1955,0,0,55,9,-1.228490207153072,-0.00307122551788268,-0.07357864123687573,0.1791076504573208,0.00032139448503621624,0.028846239532649965
2019-12-04,2019,1955,0,0,55,14,0.5502776388278812,0.001375694097069703,0.022465101239812844,0.1630812809463729,0.00023254568750821834,0.021667845118723335
2019-12-05,2019,1955,0,0,55,6,0.18840418710049134,0.0004710104677512283,-0.020256343726563215,0.17020926502981257,0.0003319206679297724,0.010580668732648705
2019-12-06,2019,1955,0,0,54,3,0.4678960676999578,0.0011697401692498945,0.0670645449253795,0.1556337549522523,0.00023425362233307827,0.003971169909240931
2019-12-09,2019,1955,0,0,54,8,1.0900003683775508,0.0027250009209438767,0.0705007430041532,0.15506826904432314,0.00026747220691454083,0.01777533738772945
2019-12-10,2019,1956,0,0,54,6,0.1899043021410114,0.0004747607553525285,0.020627199343885395,0.16338808500814933,0.00028760007666232747,0.009823880378493986
2019-12-11,2019,1957,0,0,55,7,-0.12769999360295992,-0.0003192499840073998,-0.04236675619058435,0.17390265799104532,0.0004825846854901158,0.006972871666718047
2019-12-12,2019,1958,0,0,55,1,0.3500423725053801,0.0008751059312634503,0.03801853930464544,0.16048492802546027,0.0003467526841330297,0.02944520380500328
2019-12-13,2019,1958,0,0,54,6,0.787394926206234,0.001968487315515585,0.059514001980639705,0.15689831657263115,0.0004495022745165841,0.021884669229067448
2019-12-16,2019,1960,0,0,56,15,0.40176037067239356,0.0010044009266809838,-0.01371445025109427,0.169118234343573,0.00036331562610115835,0.004279869299326063
2019-12-17,2019,1962,0,0,58,10,0.6967931998899195,0.0017419829997247988,0.053738284293698736,0.15786577624909517,0.0002850836931889678,0.011044832794599444
2019-12-18,2019,1964,0,0,59,6,0.19232730887161498,0.00048081827217903744,0.01798881164675998,0.16382658238304026,0.00032162336608251174,0.033216910440668546
2019-12-19,2019,1965,0,0,56,13,0.7635746988464935,0.0019089367471162339,0.06703026455177323,0.15564861357663695,0.0002959702251565681,0.008330752794537087
2019-12-20,2019,1965,0,0,56,5,-0.1382985267252413,-0.0003457463168131032,-0.009853141275547398,0.1684654683226894,0.00019943885549232978,0.004574384437980068
2019-12-23,2019,1965,0,0,56,12,0.23558033753936825,0.0005889508438484206,0.016638064338072064,0.16405436589877148,0.0003281531976307022,0.009580670436396209
2019-12-24,2019,1965,0,0,56,8,0.1097037580494713,0.00027425939512367825,-0.01589285216735902,0.169483889625411,0.00026031590588612675,0.0073822576163961
2019-12-25,2019,1966,0,0,57,12,-0.34201495930044123,-0.0008550373982511031,-0.00039310642674791267,0.16689706157023904,0.00034877309268076473,0.008246912662822682
2019-12-26,2019,1966,0,0,58,9,-0.01601528604367619,-4.0038215109190475e-05,-0.024666184620275016,0.17094812934823136,0.00034448631608236175,0.04482864905116582
2019-12-27,2019,1966,0,0,57,18,0.11577495346719235,0.0002894373836679809,0.00817731960436212,0.16547172768207677,0.0006165064948555698,0.011356636305333897
2019-12-30,2020,1966,0,0,57,11,0.7238741140080442,0.0018096852850201107,0.11056921968169534,0.14838884017109172,0.0004917773387277778,0.007546595002175531
2020-01-06,2020,1966,0,0,56,10,-1.178943172060412,-0.00294735793015103,-0.10917784110674093,0.18505082376417065,0.000578468630998364,0.027911214588562702
2020-01-07,2020,1966,0,0,56,6,0.18449660124541767,0.0004612415031135442,0.03421388152104212,0.16112786222163022,0.0004855884950936347,0.02390907745450124
2020-01-08,2020,1966,0,0,55,11,0.5371888269656684,0.001342972067414171,0.02298557634094157,0.16299440632218357,0.0004293948792872012,0.08704643528903352
2020-01-09,2020,1966,0,0,51,8,0.6395802017445495,0.0015989505043613739,0.016999355775052762,0.16399708563965654,0.0005695200920264768,0.04908789258382905
2020-01-10,2020,1966,0,0,50,6,0.40002802311336044,0.0010000700577834011,0.004407670552174619,0.1660886414803329,0.00042209916961442645,0.01396994490188222
2020-01-14,2020,1966,0,0,48,3,0.6030446523437376,0.001507611630859344,0.05582718901934734,0.15751718409722795,0.00030833673462669003,0.009181042731828721
2020-01-15,2020,1966,0,0,48,5,-0.4624080322603212,-0.0011560200806508029,-0.1430263394618212,0.19068247709194855,0.00023875760474421201,0.007370995305000115
2020-01-16,2020,1966,0,0,48,5,-0.09467770730700331,-0.00023669426826750827,0.00013488534899242869,0.16680605680415453,0.00027505759240799586,0.03343995573569617
2020-01-17,2020,1966,0,0,48,12,-0.30273750533885857,-0.0007568437633471464,0.035021544585523666,0.16098491182849345,0.0002692584695362488,0.0055315975024889255
2020-01-20,2020,1966,0,0,49,2,0.06116400172627667,0.00015291000431569168,-0.0021409728967728913,0.1671867354252524,0.0002527371307483158,0.013477124341200028
2020-01-21,2020,1966,0,0,50,12,0.17155043278591653,0.0004288760819647913,0.013792763677609675,0.16453364046392147,0.00032819850092816763,0.04055409222664122
2020-01-22,2020,1966,0,0,50,6,-0.09979019840450931,-0.00024947549601127327,0.06475946163877488,0.15602598333891515,0.0003522339179978593,0.026305018360376107
2020-01-23,2020,1966,0,0,50,9,-1.2705482664228094,-0.0031763706660570233,0.024056732195904647,0.16282252388724852,0.000794988419380904,0.03152748885782033
2020-01-24,2020,1966,0,0,47,7,0.7289082808457943,0.0018222707021144857,0.05742343640380961,0.1572525831942589,0.0003464863910449127,0.012574913661172618
2020-01-27,2020,1966,0,0,46,6,-2.3536646420921734,-0.005884161605230433,-0.19624854024022362,0.19957256849665306,0.0003830468035358681,0.018671662245379566
2020-01-28,2020,1966,0,0,45,4,1.3645048000207685,0.003411262000051921,0.09569237843424258,0.15087094432571765,0.0007184124552162326,0.01980833810020523
2020-01-29,2020,1966,0,0,45,4,-0.4384800744103211,-0.0010962001860258027,-0.010037789025099003,0.16850879983448133,0.0005758125045995346,0.02156349688799279
2020-01-30,2020,1966,0,0,44,8,1.485363487588842,0.003713408718972105,0.12254235939204336,0.14639018136121298,0.0005281596377125836,0.020831904337712256
2020-01-31,2020,1966,0,0,44,2,1.0797500774975588,0.002699375193743897,0.09370615090611449,0.15120033808761466,0.0005500434314518821,0.013526697732355942
2020-02-03,2020,1966,0,0,41,3,-0.2858532052438425,-0.0007146330131096063,-0.029543272124940324,0.1717596155010842,0.0005064084544424022,0.03405939799989306
2020-02-04,2020,1966,0,0,41,2,2.13560795948819,0.005339019898720475,0.2181740984534739,0.1304359877620156,0.0006653004655000053,0.04054262988221905
2020-02-05,2020,1966,0,0,42,0,-0.38959433810500266,-0.0009739858452625066,-0.07734622490773285,0.17973802557020094,0.000496059710954341,0.017652597036434604
2020-02-06,2020,1966,0,0,39,1,-1.0520374776285113,-0.0026300936940712783,-0.11500909080739861,0.18602078051661178,0.0005178260157929077,0.013518948381941337
2020-02-07,2020,1967,0,0,41,0,0.6142721802880491,0.0015356804507201227,0.06683694040275921,0.15568244850239985,0.0005535539761187698,0.015572495112750532
2020-02-10,2020,1967,0,0,39,1,0.39595860504093283,0.000989896512602332,0.0605694370022119,0.15672719259074855,0.0005731942501431541,0.011194549662526638
2020-02-12,2020,1967,0,0,40,6,0.5724845719292906,0.0014312114298232264,-0.0009009512890803563,0.16698242904531269,0.000705213278982445,0.013010252660901498
2020-02-13,2020,1967,0,0,40,5,0.05102959935236129,0.00012757399838090323,0.00612972229238668,0.1658125551661696,0.0008450568768492644,0.008754933691546571
2020-02-14,2020,1967,0,0,39,8,-0.1533683149094638,-0.00038342078727365944,0.00533483543999391,0.16594546772080057,0.0006246184501673807,0.00938752963703749
2020-02-17,2020,1967,0,0,39,4,0.11714100360625634,0.00029285250901564086,0.005105796449153609,0.16597879699047027,0.00046282671408623524,0.02704897943687146
2020-02-18,2020,1967,0,0,39,10,0.7341496983766406,0.0018353742459416014,0.06655901539637811,0.1557232595268723,0.0002577767192024941,0.014634262706677037
2020-02-19,2020,1967,0,0,40,15,-0.7481571967620533,-0.0018703929919051331,-0.06364013838741424,0.17744168030794183,0.00027755539639633174,0.0320349901060365
2020-02-20,2020,1967,0,0,40,8,2.3503495188858254,0.005875873797214564,0.11192556176610433,0.14816296583111757,0.0017057285270004013,0.007924995646547243
2020-02-21,2020,1967,0,0,39,6,-1.6915609655268355,-0.004228902413817089,-0.13723602612236782,0.18972958861266195,0.0003725440052671871,0.005622438783633351
2020-02-25,2020,1967,0,0,39,26,-0.2538014692015693,-0.0006345036730039233,-0.029481478178442166,0.17175471998461858,0.0008524195735386899,0.07746653879076032
2020-02-26,2020,1967,0,0,39,1,0.8412763265731282,0.0021031908164328207,0.0755835587457846,0.15422613358480347,0.002295116789167867,0.015820808745484652
2020-02-27,2020,1967,0,0,40,32,0.6001877917991489,0.0015004694794978723,0.0655946598649699,0.15589252130634804,0.0037044438307634615,0.08387249280600924
2020-02-28,2020,1967,0,0,40,36,1.0193398720915945,0.002548349680228986,-0.05974418523710183,0.1768033211702394,0.0015149695951198424,0.1492800357548584
2020-03-02,2020,1968,0,0,41,22,-1.381231972678735,-0.0034530799316968373,-0.0873361243238564,0.18139826776506351,0.0007376204306886018,0.14039890801735433
2020-03-03,2020,1968,0,0,41,37,1.0681260047551087,0.0026703150118877715,0.053176005602346935,0.15795738444055527,0.000566498883693845,0.025747582192176127
2020-03-04,2020,1968,0,0,43,0,0.967567197805896,0.0024189179945147397,0.15734269053101102,0.14058562289301071,0.0012286373657371273,0.013417284787429611
2020-03-05,2020,1968,0,0,43,3,3.063762142825418,0.007659405357063545,0.2204186428395313,0.13006233193521213,0.004694181998456528,0.023177281854637743
2020-03-06,2020,1968,0,0,43,43,0.48730650006995635,0.001218266250174891,0.05383743314514438,0.15785357121691893,0.0034485996458732365,0.08142513185586142
2020-03-09,2020,1969,0,0,43,43,-2.7142189609489384,-0.006785547402372346,-0.17139646782975224,0.19542990123896736,0.0034757637950563612,0.15452606194638563
2020-03-10,2020,1970,0,0,44,8,-1.3585993871216857,-0.003396498467804214,-0.033945881014730304,0.17249931414109573,0.005776206267880917,0.160109505616299
2020-03-11,2020,1970,0,0,43,34,2.5814202279719805,0.006453550569929951,0.13455861167571376,0.14438673109703984,0.00203937797922888,0.05103720124128135
2020-03-12,2020,1970,0,0,42,42,2.1397537123062325,0.005349384280765581,0.08903761032943013,0.15198077588682066,0.00305652924416259,0.08271578834413648
2020-03-13,2020,1971,0,0,42,42,1.4020560432571054,0.0035051401081427637,0.07744436277111368,0.15391526185318546,0.015379199216502604,0.15693730495499425
2020-03-16,2020,1971,0,0,42,7,-2.831872094975116,-0.00707968023743779,-0.05320139738601487,0.1757114284048017,0.002476205721332214,0.10211721142856223
2020-03-17,2020,1971,0,0,40,2,2.5403701510513925,0.006350925377628481,0.08825283156277575,0.1521120634392852,0.004551416072375475,0.20743384203051
2020-03-18,2020,1971,0,0,39,1,3.126466043060266,0.007816165107650666,-0.051777092809021645,0.1754739660949155,0.004204345377470437,0.057552518746739396
2020-03-19,2020,1971,0,0,36,0,3.2802409304515425,0.008200602326128856,0.01123786552664581,0.16496094429549527,0.005159818006716892,0.05861459056593245
2020-03-23,2020,1971,0,0,35,3,6.467396537465925,0.016168491343664812,0.22439339408020528,0.12939896589130084,0.004557253743412456,0.11967100304686658
2020-03-24,2020,1971,0,0,35,3,-0.15712611837795443,-0.0003928152959448861,-0.041137012853552674,0.173698325074554,0.002077711319089294,0.15373575638025155
2020-03-25,2020,1971,0,0,35,4,2.2202374065740775,0.005550593516435194,0.1225406799398197,0.14639158434785382,0.0026722639172508606,0.28084343865071065
2020-03-26,2020,1972,0,0,36,8,0.6125104466020703,0.0015312761165051758,0.029160901109457793,0.16197046952271021,0.0015131070760653884,0.02750800385750016
2020-03-27,2020,1972,0,0,35,10,-0.7149750909478896,-0.001787437727369724,-0.1313191359167858,0.18874383730694327,0.002861491993260211,0.13149969854644322
2020-03-30,2020,1973,0,0,35,2,1.3885993403014814,0.0034714983507537034,0.027110658828884002,0.16231253679744456,0.0013707011366010577,0.07293428173840649
2020-03-31,2020,1974,0,0,38,4,2.4475472211442963,0.0061188680528607405,0.12750116444153892,0.14556346728626507,0.0009490901832402643,0.045596136356944594
2020-04-01,2020,1974,0,0,39,23,2.4382988983347285,0.006095747245836821,0.05122361456099339,0.15828854827528666,0.0008566639970789192,0.08701851069430216
2020-04-02,2020,1974,0,0,39,22,-1.6106584813227975,-0.004026646203306994,-0.03323724065609517,0.17238065858248566,0.004466657384378326,0.058225067852511594
2020-04-03,2020,1974,0,0,39,18,-2.5347245591020995,-0.006336811397755248,-0.05306369937449333,0.1756881494593218,0.0031665690036973655,0.08059914628053932
2020-04-06,2020,1974,0,0,39,7,-0.25888516892392355,-0.0006472129223098089,0.026000038361354175,0.16249612122374235,0.0015614519475933518,0.08458339372096219
2020-04-07,2020,1974,0,0,38,16,2.029561116768161,0.0050739027919204024,0.14541416888712164,0.14257380637837447,0.0012991792955819124,0.06933163777740053
2020-04-08,2020,1974,0,0,39,9,0.32803152156496496,0.0008200788039124124,0.07591925311727635,0.1541680824950406,0.0009213719971695745,0.14348827072079834
2020-04-09,2020,1974,0,0,40,9,-1.974827853831384,-0.00493706963457846,-0.08205193823275553,0.18052357553003118,0.001260456787118032,0.3681040066948444
2020-04-10,2020,1974,0,0,42,7,0.3540774265553446,0.0008851935663883614,0.1352162529890422,0.14427586878236867,0.000804495615304985,0.2114706814503813
2020-04-13,2020,1974,0,0,42,4,-2.606556810985527,-0.006516392027463818,-0.13685779022308886,0.18966708283522304,0.0014460709396828361,0.05559640406867856
2020-04-14,2020,1974,0,0,42,12,-2.107498217498581,-0.005268745543746452,-0.07100251959487511,0.17867972506359214,0.0010658143399171192,0.07180668274348002
2020-04-15,2020,1974,0,0,43,9,-0.0015518972392598585,-3.879743098149646e-06,-0.026428096808295765,0.17124210506544923,0.0007245651869130957,0.057641780777835584
2020-04-16,2020,1974,0,0,43,18,-1.3540484562656077,-0.003385121140664019,0.0019808638779213175,0.1665033307545745,0.0008768998397473267,0.02778678588523778
2020-04-17,2020,1974,0,0,44,15,-3.083817453266953,-0.007709543633167382,-0.2570863083406903,0.20972436659736202,0.0013001960082713309,0.023689078593319358
2020-04-20,2020,1974,0,0,45,8,-4.67558306482551,-0.011688957662063775,-0.2867595243761487,0.2146761216974023,0.0009710238983842699,0.021655053576682747
2020-04-21,2020,1974,0,0,45,10,3.6389504369102013,0.009097376092275504,0.1771832864582465,0.137274556008594,0.0016629726485521857,0.47537409868502567
2020-04-22,2020,1974,0,0,47,13,-1.3871670017602276,-0.003467917504400569,-0.07890640909419427,0.17999633037826204,0.0006170757503792505,0.05207422651554478
2020-04-23,2020,1974,0,0,47,9,0.49001229669691737,0.0012250307417422935,0.05209830032376133,0.15814319271952257,0.0011886339363461082,0.030472139129789355
2020-04-24,2020,1974,0,0,47,16,0.5855061323520396,0.001463765330880099,0.06572265564188119,0.15586628212629694,0.0007984034344310146,0.016761885382902818
2020-04-27,2020,1974,0,0,47,11,3.6619823965980682,0.00915495599149517,0.14001702063664018,0.14347527290574308,0.0010522769510085028,0.047980678686662934
2020-04-28,2020,1974,0,0,48,7,-1.7083585003722495,-0.004270896250930623,-0.12930839929031115,0.18840800970260738,0.001222654295424471,0.1224533127294679
2020-04-30,2020,1974,0,0,47,12,-1.3682546290695146,-0.0034206365726737863,-0.06389409839447832,0.17749317107262613,0.0009882177374878703,0.04760292479575174
2020-05-01,2020,1974,0,0,46,1,3.7480725485269337,0.009370181371317335,0.22048153260166678,0.130050936938604,0.001046647126033172,0.014572909123172927
2020-05-07,2020,1974,0,0,47,3,3.6930539494477177,0.009232634873619295,0.27804154655437185,0.12044804343996102,0.0015472327328390702,0.017423175314443737
2020-05-08,2020,1974,0,0,48,4,-2.1336548399204243,-0.005334137099801061,-0.15007682991184118,0.19186871546086937,0.0008363087993859687,0.03261649134503409
2020-05-11,2020,1974,0,0,48,5,-0.9085485871081949,-0.002271371467770487,-0.11054057640604575,0.18527283401710665,0.0011286927051618561,0.03542625855157934
2020-05-12,2020,1974,0,0,46,4,-1.203021563883726,-0.0030075539097093153,-0.07318897273532679,0.1790455924001275,0.001737225305455287,0.015738460261525263
2020-05-13,2020,1974,0,0,46,2,-0.8183194486522136,-0.002045798621630534,-0.01752620977711594,0.16975830750769957,0.0008703368261918571,0.022118959849959804
2020-05-14,2020,1974,0,0,46,0,-0.435124989209446,-0.001087812473023615,-0.011388174155029001,0.16873294998693877,0.0011263925724739401,0.04654157042168574
2020-05-15,2020,1974,0,0,47,1,2.4965471970662785,0.0062413679926656964,0.22144967073214925,0.1298885894772936,0.0007148141156866881,0.030386630782472508
2020-05-18,2020,1974,0,0,46,2,-0.3433476453388331,-0.0008583691133470828,-0.052089327777570665,0.17552221661094158,0.0006487810493735124,0.039836146933805355
2020-05-19,2020,1974,0,0,46,6,0.7377502812911881,0.0018443757032279703,0.05617147846300244,0.15745543275184282,0.0004496470424310313,0.025815999307890514
2020-05-20,2020,1974,0,0,46,8,0.038195462688690895,9.548865672172724e-05,-0.05175396065724957,0.17546715916712602,0.0005819347337676061,0.02662256326651933
2020-05-21,2020,1974,0,0,47,6,-0.586462370108904,-0.00146615592527226,-0.017596350083373315,0.16977048638475017,0.0008949980173107151,0.01577430368022
2020-05-22,2020,1974,0,0,49,2,3.595743918709946,0.008989359796774865,0.2261121654355968,0.12911138060253352,0.0008729900459325202,0.018344927483286783
2020-05-25,2020,1974,0,0,49,15,1.360040848459729,0.0034001021211493227,0.05336815415193691,0.1579286741088985,0.0007025048776920816,0.022367809766064953
2020-05-26,2020,1974,0,0,49,13,1.9258990929172417,0.004814747732293104,0.03721903519825831,0.16062506542426958,0.0005506390460465223,0.019610427427039286
2020-05-27,2020,1974,0,0,49,24,3.3482799312971383,0.008370699828242846,0.1448997541959471,0.14265986744539133,0.0009159518797605551,0.019825912312985045
2020-05-28,2020,1974,0,0,49,28,1.8008808790212758,0.004502202197553189,0.08295627164960179,0.15299242293517484,0.0006805484316716598,0.017665400318756196
2020-05-29,2020,1974,0,0,48,23,0.4998986245605517,0.001249746561401379,-0.044290916952503666,0.17422365659064729,0.0007473954055610229,0.04550454012583961
2020-06-01,2020,1974,0,0,48,7,2.4103068050195184,0.006025767012548796,0.1981483393512202,0.1337745537521595,0.00040326962526787474,0.020849640031672445
2020-06-02,2020,1974,0,0,48,11,0.08660401462329809,0.00021651003655824523,-0.004890580665227745,0.1676415869750786,0.0005084082325646838,0.10665890686712924
2020-06-03,2020,1974,0,0,48,16,-1.4978618004653381,-0.0037446545011633452,-0.10561884718241825,0.1844537376290908,0.0005523779182983303,0.03615208211968078
2020-06-04,2020,1974,0,0,48,18,-0.3623634362315644,-0.000905908590578911,-0.049301870253921735,0.1750598800308274,0.0008415258471724967,0.02059397329294972
2020-06-05,2020,1974,0,0,46,15,1.7485430121427608,0.004371357530356902,0.16291007093583013,0.13965273091507527,0.0004635142575400611,0.02682582362460417
2020-06-08,2020,1974,0,0,45,14,-0.5280169883292857,-0.0013200424708232142,-0.010529074618515568,0.16858641077584116,0.0006173334027316385,0.02943822974170908
2020-06-09,2020,1974,0,0,45,35,4.207564627242673,0.010518911568106684,0.2967192182044845,0.11733197444105183,0.0013080062410996338,0.022526150018919174
2020-06-10,2020,1974,0,0,45,27,0.3107384469620622,0.0007768461174051556,0.053784420908686764,0.1578620099976416,0.0007950007941389412,0.017230096924617445
2020-06-11,2020,1974,0,0,44,1,-0.5575232719159842,-0.0013938081797899603,-0.0026741020131113014,0.1672815043302292,0.0013415079442110846,0.06355596805479609
2020-06-12,2020,1974,0,0,44,0,0.10560670886996348,0.0002640167721749087,0.01855165705517523,0.16374050228577203,0.0025847368764681782,0.039836226978256555
2020-06-15,2020,1974,0,0,44,0,-1.2679944885898986,-0.0031699862214747466,-0.06843448701113512,0.17825041644294892,0.000727507567614966,0.04165818193013475
2020-06-16,2020,1974,0,0,44,4,-0.9888056878351145,-0.002472014219587786,-0.09247400519765653,0.1822543404859709,0.0007131809708409761,0.15630953374681533
2020-06-17,2020,1974,0,0,45,19,1.3541887191420015,0.0033854717978550036,0.048801680320704914,0.15869064954578244,0.0005190105270053728,0.07152757230160245
2020-06-18,2020,1974,0,0,45,17,-0.7156335556517867,-0.0017890838891294666,-0.072449659985003,0.17891431558224785,0.0004498044641411429,0.02937856143083188
2020-06-19,2020,1974,0,0,46,5,0.304508421398925,0.0007612710534973125,0.021450239259710204,0.1632489474883549,0.0003121145748179131,0.032372434158856656
2020-06-22,2020,1974,0,0,46,18,-0.4440681484377822,-0.0011101703710944555,-0.03545160833448957,0.17274739132586703,0.0005165917685500219,0.026439468197607948
2020-06-23,2020,1974,0,0,45,15,0.31505822148912044,0.0007876455537228011,0.05411750989281472,0.1578049813131945,0.000577962202163939,0.0200599988381299
2020-06-24,2020,1974,0,0,46,16,-1.905217533542905,-0.0047630438338572625,-0.11793254555904689,0.18650882759502577,0.0006589887597505951,0.037579642119886396
2020-06-25,2020,1974,0,0,45,8,-0.13145611057665807,-0.0003286402764416452,-0.024098414847098907,0.17085513546618997,0.0008366134957662583,0.024903831157650123
2020-06-26,2020,1974,0,0,44,15,1.5910911084988464,0.003977727771247116,0.16420836537203473,0.13943613389652074,0.0004901859880740745,0.07045066791730908
2020-06-29,2020,1974,0,0,43,18,0.8913456250004197,0.002228364062501049,0.06880277004664562,0.15535629956371916,0.0006000019231678815,0.042786213240856
2020-06-30,2020,1975,0,0,44,22,1.529632041640402,0.003824080104101005,0.050898466445093764,0.15834140434734176,0.0007260279202265461,0.04030406835977472
2020-07-01,2020,1975,0,0,44,24,-0.06973463413453374,-0.00017433658533633434,0.01680028739101885,0.16402997674707526,0.0007912959410321725,0.04864164793697473
2020-07-02,2020,1975,0,0,44,13,0.3559532461722301,0.0008898831154305753,-0.03685562135766061,0.17298363157974134,0.0012716825945482734,0.07949285974818515
2020-07-03,2020,1975,0,0,44,4,-2.0070775901564604,-0.005017693975391151,-0.1279954234826215,0.18818533702291745,0.0005582111035961377,0.028510862727911996
2020-07-06,2020,1975,0,0,44,2,-0.5594351588867539,-0.0013985878972168847,0.025487641250514833,0.162581219597343,0.0005919075227897334,0.027063028545468056
2020-07-07,2020,1975,0,0,45,10,0.13474828807079509,0.0003368707201769877,0.058208329866453454,0.1571201727000011,0.0005598125916455636,0.044936901265421644
2020-07-08,2020,1975,0,0,46,3,-0.8708901638126445,-0.0021772254095316114,-0.005743584525934307,0.16779300328299288,0.000969363142944668,0.05250460938287977
2020-07-09,2020,1975,0,0,44,2,-0.09035043996474013,-0.00022587609991185032,-0.006741351155034369,0.16796004653157742,0.00135679231061117,0.03032906474540774
2020-07-10,2020,1976,0,0,45,5,0.10285488071719784,0.0002571372017929946,-0.03432547552847237,0.17255527635909068,0.00047861630139543954,0.0847066637024934
2020-07-13,2020,1976,0,0,45,1,0.4694144723766316,0.001173536180941579,0.09023147001361231,0.15178024543196453,0.0006965684026986932,0.02929277353084869
2020-07-14,2020,1976,0,0,45,3,0.4188421562521154,0.0010471053906302885,-0.0014151741809567515,0.1670684263720324,0.0006903087183369039,0.047534457796030286
2020-07-15,2020,1978,0,0,47,20,-0.5840032979395399,-0.0014600082448488496,-0.08271329046038964,0.18063211232224977,0.00047563666844192506,0.015688370103017386
2020-07-16,2020,1978,0,0,48,5,-1.1547583789191735,-0.0028868959472979337,-0.08461633095236035,0.1809477093076287,0.0004737376417247099,0.029492810785997556
2020-07-17,2020,1978,0,0,47,3,-0.15700824730203466,-0.00039252061825508666,0.03861527408798466,0.1603890098575202,0.0005264049904442951,0.014824444137438221
2020-07-20,2020,1978,0,0,47,13,0.11719599592515606,0.00029298998981289014,0.0342491063148282,0.16111870584214455,0.000472324568327059,0.014678399139104278
2020-07-21,2020,1978,0,0,47,9,-0.8431592889593813,-0.0021078982223984534,-0.06950561174719232,0.1784279390704115,0.0005521387736759493,0.04214064477091907
2020-07-22,2020,1978,0,0,47,7,-0.5864482439184515,-0.0014661206097961287,-0.08085950268700834,0.18032095088051403,0.0005155143840862421,0.021853449090796347
2020-07-27,2020,1978,0,0,48,6,-1.6603820489189292,-0.004150955122297323,-0.08885487314930234,0.1816583934357937,0.0008365833862541484,0.018162733450391686
2020-07-28,2020,1978,0,0,49,5,2.5192875553607514,0.0062982188884018785,0.13481679238268118,0.14434062817290394,0.0006922977120384933,0.02244337533169366
2020-07-29,2020,1978,0,0,50,5,1.2213764310332706,0.0030534410775831765,0.09469891667370331,0.1510360576640681,0.0017054843061974291,0.2601171694692179
2020-07-30,2020,1978,0,0,49,4,-0.902217258996147,-0.0022555431474903676,-0.06578641013964809,0.17781022182346035,0.0018412442488147782,0.07758182025025656
2020-07-31,2020,1980,0,0,51,10,-3.5810108855011906,-0.008952527213752977,-0.24382284906919705,0.20751182719982325,0.002462269007535319,0.048039278309944256
2020-08-03,2020,1981,0,0,52,3,0.5559104166783642,0.0013897760416959103,0.023177416197532056,0.16296284160549607,0.000609836850626325,0.037576855780024385
2020-08-04,2020,1981,0,0,52,2,-0.1864250225307813,-0.00046606255632695325,0.0028247070985919745,0.1663609467988952,0.000741590117495,0.09029225074259715
2020-08-05,2020,1981,0,0,52,6,1.523744066220391,0.0038093601655509774,0.07298651827758519,0.1546545932146639,0.0009034349110750348,0.041988473150567765
2020-08-06,2020,1981,0,0,52,11,2.4533414626422028,0.006133353656605507,0.08775472517073248,0.15219416019113524,0.0018971764304775316,0.020304307779560524
2020-08-07,2020,1981,0,0,54,6,3.000573737042875,0.007501434342607187,0.20498144848083535,0.13263579868355543,0.0007941787359726219,0.019131111008375612
2020-08-11,2020,1981,0,0,55,0,0.5110702875234541,0.0012776757188086353,0.05231211400440495,0.158103879455068,0.0006902702817121378,0.03047999199919023
2020-08-12,2020,1981,0,0,55,0,1.2558808213973596,0.003139702053493399,0.09350976541698777,0.15123199138886045,0.0005337457095303395,0.02375315058623119
2020-08-13,2020,1981,0,0,54,3,-0.539112908117562,-0.001347782270293905,-0.02604824064677265,0.17117730925941116,0.0006509003311831174,0.06573913611543526
2020-08-14,2020,1981,0,0,54,0,-1.5289824432431591,-0.0038224561081078978,-0.1625208077217089,0.19394431995807945,0.0005658646565845527,0.0483453983041645
2020-08-17,2020,1981,0,0,54,0,-0.732882508930417,-0.0018322062723260424,-0.011393177761798958,0.1687293617624756,0.00047269286912417495,0.019518880832798825
2020-08-18,2020,1981,0,0,54,5,0.012845162496365248,3.2112906240913116e-05,-0.029423719384088724,0.1717396209171292,0.00048187258707487916,0.06417975842500623
2020-08-19,2020,1981,0,0,54,3,1.1398305218200953,0.0028495763045502383,0.01944627944277781,0.16358138355340948,0.0003767727310447266,0.023981346666515302
2020-08-20,2020,1982,0,1,55,9,-1.1346967832942134,-0.0028367419582355337,-0.03841071692189692,0.1732381780058191,0.0004897946442779036,0.06996144781866012
2020-08-21,2020,1982,0,0,57,4,-2.702721369987599,-0.006756803424968998,-0.12630994014842506,0.1879057170862448,0.0005503478979418213,0.03967473733023889
2020-08-24,2020,1982,0,0,56,9,1.5088044540491397,0.003772011135122849,0.07643120825173522,0.15407207735579798,0.0004465291026430684,0.08360020446242741
2020-08-25,2020,1982,0,0,56,4,0.43731397227039537,0.0010932849306759885,0.004887619027934184,0.1660164356255583,0.00043690634946353963,0.02193373015975607
2020-08-26,2020,1982,0,0,57,7,0.1910959872671718,0.00047773996816792954,0.1336365554716225,0.14453837750789422,0.0008085839852991026,0.015129511612773915
2020-08-27,2020,1982,0,0,58,13,-2.338618217759225,-0.005846545544398063,-0.1337327403481639,0.18914384946133742,0.0007192809127835644,0.05265568155175187
2020-08-28,2020,1982,0,0,58,2,0.14065014609707086,0.00035162536524267714,0.001979380126297488,0.16649922074853035,0.0005282024233508108,0.02515278690667237
2020-08-31,2020,1982,0,0,58,7,-0.768213885182516,-0.00192053471295629,-0.0523024739114633,0.1755556596491782,0.000376369039961883,0.008521577931403242
2020-09-01,2020,1982,0,0,58,11,0.2049263319498444,0.0005123158298746109,0.007197068868449704,0.16562789891221202,0.00035199727757278816,0.010791650097034216
2020-09-02,2020,1982,0,0,58,17,0.05883425576609991,0.00014708563941524976,0.06828809124042177,0.15543595793091292,0.0004998509631706586,0.023531121751819227
2020-09-03,2020,1982,0,0,58,10,-1.915941072974422,-0.0047898526824360545,-0.03866812754299102,0.17328333967531118,0.000580807685435324,0.019591404053934114
2020-09-04,2020,1982,0,0,58,3,1.4582753577464311,0.0036456883943660778,0.05290397126714883,0.15800564402323383,0.0006772274955989276,0.020830258514125868
2020-09-07,2020,1982,0,0,56,7,-0.9523409975344637,-0.002380852493836159,-0.0730865515340552,0.17902197664012687,0.00034843922089481066,0.016933951832266144
2020-09-08,2020,1982,0,0,56,12,-1.4573861431091535,-0.0036434653577728836,-0.1563854615747151,0.19291889931679987,0.0003952228102178219,0.011827127880214734
2020-09-09,2020,1982,0,0,56,5,0.31567084222953734,0.0007891771055738434,0.03116002337744078,0.16163062220619495,0.0005064297946834115,0.009193093440379909
2020-09-10,2020,1982,0,0,58,6,0.9119132021986118,0.0022797830054965295,0.051938552898926946,0.15816416192802144,0.0005544042867065958,0.016730482949215805
2020-09-11,2020,1982,0,0,58,11,-1.7827845181853426,-0.004456961295463357,-0.14854245895213594,0.1916106977530877,0.00048381589590330284,0.0285040577547832
2020-09-14,2020,1982,0,0,57,9,-2.4708634451472644,-0.006177158612868161,-0.16235968220243757,0.1939186135134912,0.0006001668915920617,0.03501166930442669
2020-09-15,2020,1982,0,0,58,6,-0.6372273224072539,-0.0015930683060181347,-0.03282148165697512,0.1722989547046393,0.00038278696902594854,0.03314517245131136
2020-09-16,2020,1982,0,0,57,11,-0.1109155376614217,-0.00027728884415355423,0.08164852837747648,0.15320894886170638,0.00040364660928137347,0.016589863278502544
2020-09-17,2020,1983,0,0,58,6,-1.1769443210402215,-0.002942360802600554,-0.058649213267946636,0.17661498690804522,0.000657977996394969,0.0069868621720737024
2020-09-18,2020,1983,0,0,58,7,1.215429224389256,0.00303857306097314,0.12476436865577335,0.14601777503736968,0.0007806395065752197,0.021653996309655563
2020-09-23,2020,1983,0,0,58,9,0.47193654255617723,0.001179841356390443,0.011452791192963364,0.16492147353479958,0.00045330622536032106,0.008074476409856101
2020-09-24,2020,1984,0,0,58,2,1.1093610967760066,0.0027734027419400163,-0.01418980712785479,0.16920175593122283,0.0009769140951858533,0.04158701345018043
2020-09-25,2020,1986,0,0,60,6,-1.2102011404905664,-0.003025502851226416,-0.13211306431903888,0.18887288150976858,0.000633429601214879,0.040856196853932214
2020-09-28,2020,1986,0,0,60,12,-2.3004549626985176,-0.005751137406746294,-0.15880534523314555,0.1933285080150129,0.00156331052364334,0.04962267149172208
2020-09-29,2020,1986,0,0,59,11,0.0,0.0,,0.08341729638958857,2.4890039649104736e-05,0.04931824978128983
2020-09-30,2020,1986,0,0,59,8,0.14305077874656535,0.0003576269468664134,0.0726559632387812,0.15471247434207475,0.0009016091256292437,0.13649865020826435
2020-10-02,2020,1989,0,1,62,3,1.5765634174270695,0.003941408543567674,0.18686525423739977,0.13565356012749455,0.0003526530478136342,0.03781034920031043
2020-10-05,2020,1990,0,0,61,1,-1.1229721926921414,-0.0028074304817303536,-0.040718164430484115,0.1736244069791632,0.00041157241840056574,0.024667761695386592
2020-10-06,2020,1990,0,0,62,5,-1.0710243440871028,-0.002677560860217757,-0.0790693604856262,0.1800179457676195,0.0004032767024252693,0.009777527356094802
2020-10-07,2020,1990,0,0,61,7,1.7127319629822746,0.004281829907455686,0.06775783305956891,0.15552575986000317,0.0004444815466421561,0.00770861110836192
2020-10-08,2020,1990,0,0,60,7,0.7175326610886776,0.001793831652721694,0.07627238811292601,0.1541040132150462,0.00043346456406444836,0.04957527219129178
2020-10-09,2020,1990,0,0,57,9,0.36255621320081916,0.0009063905330020479,0.023423311201741463,0.16291785456730043,0.0003403933948286985,0.015395197052067367
2020-10-12,2020,1990,0,0,57,13,2.7473766689952424,0.006868441672488106,0.17122364645410107,0.138265642229856,0.00048322615952779886,0.009144517521681888
2020-10-13,2020,1990,0,0,59,14,0.23442378136387032,0.0005860594534096758,-0.019801403543406343,0.17013247865978828,0.0005056761058751987,0.00930218194374558
2020-10-14,2020,1990,0,0,59,7,-2.0906722845583126,-0.005226680711395782,-0.08162797909135178,0.18045035793963649,0.000777644585820336,0.014194352457169377
2020-10-15,2020,1989,0,0,57,14,-0.08593570891314961,-0.00021483927228287402,-0.045144095183462504,0.17436417150494907,0.0008304436904082191,0.03986613426257352
2020-10-16,2020,1989,0,0,57,9,-1.1317005723405538,-0.0028292514308513846,-0.03981301571013145,0.17347504919139153,0.0005002645663023424,0.055021091503553034
2020-10-19,2020,1989,0,0,58,4,-0.06525205311970184,-0.0001631301327992546,0.02308155920037804,0.16297983264842414,0.0005046124721828887,0.02280065296089788
2020-10-20,2020,1989,0,0,57,4,-2.429611566699671,-0.006074028916749178,-0.07202503059886284,0.17884824817113454,0.0005851306792595376,0.02992397195650567
2020-10-21,2020,1989,0,0,58,5,0.2550740942292088,0.000637685235573022,0.020299649106618706,0.16344213805441402,0.00045556140036503133,0.009528101858599067
2020-10-22,2020,1989,0,0,58,10,1.0837107945464917,0.002709276986366229,0.06406639351782349,0.15613735550120636,0.0005464039782674816,0.013318314518244367
2020-10-23,2020,1989,0,0,58,5,-2.7397677266610145,-0.0068494193166525365,-0.20198320274171033,0.20052554367542264,0.0004328175287782668,0.016587348951080723
2020-10-26,2020,1989,0,0,57,8,-3.5862527062356593,-0.008965631765589148,-0.20484204373754009,0.20100551525347193,0.0005838294115825777,0.031987635005612275
2020-10-27,2020,1989,0,0,57,1,1.1335769093071262,0.0028339422732678154,0.14026807603763009,0.1434261594708535,0.00044203904962276263,0.01306985501209563
2020-10-28,2020,1990,0,0,54,1,0.7558392712231505,0.0018895981780578763,0.060326798316139456,0.15676934673481155,0.0009552442870003388,0.016394209648049538
2020-10-29,2020,1991,0,0,53,6,2.9542832973481787,0.007385708243370447,0.23022450529126487,0.12842411226266287,0.0008194672011041775,0.02799843199985462
2020-10-30,2020,1991,0,0,53,9,-2.0863979561471746,-0.005215994890367936,-0.18385957218376245,0.1975039319573367,0.0010223594752908104,0.06400980060041143
2020-11-02,2020,1991,0,0,53,1,-0.8975128038228051,-0.002243782009557013,-0.0409824050934203,0.17366979505550284,0.0009797218076764039,0.093398113324184
2020-11-04,2020,1991,0,0,53,0,0.5962314005716296,0.001490578501429074,0.03064616049666213,0.1617164784141196,0.0006542005174839451,0.01672239908003195
2020-11-05,2020,1991,0,0,53,0,-1.9409532136841698,-0.0048523830342104245,-0.18484793015173345,0.19766983603433197,0.0009610687729886417,0.01923294147138136
2020-11-06,2020,1991,0,0,53,3,5.59346581199108,0.0139836645299777,0.19808735916156556,0.1337859993972269,0.0021364527740612917,0.02372657682458475
2020-11-09,2020,1991,0,0,53,10,-1.089269296724595,-0.0027231732418114872,-0.06203223535585904,0.17718095834933875,0.0008172866314221382,0.047626408533186886
2020-11-10,2020,1991,0,0,53,4,0.6666476260628915,0.0016666190651572288,-0.030517350723282762,0.17192207843302232,0.0007268827836836379,0.032929301303642355
2020-11-11,2020,1991,0,0,53,5,-1.0704336488746296,-0.002676084122186574,-0.08817757349728574,0.18154434380484255,0.001195348036932438,0.05704648506199876
2020-11-12,2020,1991,0,0,53,0,-2.743968577546526,-0.006859921443866315,-0.21337866728321617,0.20243159829951682,0.0010601326250826136,0.032626580389573
2020-11-13,2020,1991,0,0,53,0,-1.0438399633485203,-0.0026095999083713007,-0.10016982467351422,0.18354327561575384,0.0007373203413362041,0.05270657646610421
2020-11-16,2020,1991,0,0,53,5,1.0189618530743318,0.0025474046326858296,-0.024148879112935947,0.1708604431032802,0.0004952745139740123,0.06663253547111815
2020-11-17,2020,1991,0,0,52,20,0.6684335421962498,0.0016710838554906246,0.0232377443757023,0.16294730158088358,0.0004245888342791485,0.01482285926070474
2020-11-18,2020,1991,0,0,52,6,0.7993628043261808,0.001998407010815452,0.07482745799704241,0.15434658521362343,0.00034075943503689214,0.011627224177331169
2020-11-19,2020,1991,0,0,51,2,-3.264398087769268,-0.008160995219423171,-0.15816565338339628,0.19321921247314894,0.000698106331974023,0.021288688462317976
2020-11-20,2020,1991,0,0,51,8,-1.3090242070974245,-0.0032725605177435614,-0.058302114437072394,0.17655773599312613,0.0004965828645983904,0.03639833927808254
2020-11-24,2020,1991,0,0,51,4,0.9747777702529207,0.002436944425632302,0.034533739856461146,0.1610675339474594,0.0004585370728407971,0.11884681819616395
2020-11-25,2020,1991,0,0,51,8,-1.6599785088848393,-0.004149946272212098,-0.09483673571495757,0.18265253544741647,0.0005125949659075093,0.06333775158604191
2020-11-26,2020,1991,0,0,50,12,-0.5328167450144976,-0.001332041862536244,-0.010399173322065408,0.1685684684004715,0.0011291888693491744,0.019288116601446425
2020-11-27,2020,1991,0,0,50,14,-0.027619764430378613,-6.904941107594653e-05,-0.0032454694018919927,0.16737333258114587,0.0005370915804087904,0.03139094843031827
2020-11-30,2020,1991,0,0,50,2,1.189999711531415,0.0029749992788285374,0.07123859189370588,0.1549460480929111,0.0004251481827268752,0.025607694374377016
2020-12-01,2020,1991,0,0,51,10,0.1398306771422979,0.00034957669285574477,0.005931694145572083,0.16583976204833065,0.0005242454491841325,0.0356492468347055
2020-12-02,2020,1991,0,0,52,12,-0.16392745434895836,-0.0004098186358723959,-0.03954195387598199,0.173425698527645,0.0004898916933785033,0.03256320255802541
2020-12-03,2020,1991,0,0,52,5,-0.4945161934926765,-0.0012362904837316913,-0.060078819651135644,0.17685399561530335,0.0007047894316779287,0.025198488503251373
2020-12-04,2020,1991,0,0,51,4,2.181119143131111,0.005452797857827778,0.15444255963899095,0.1410617816917626,0.00040450892289045333,0.026034355799539943
2020-12-07,2020,1991,0,0,51,2,-1.8467654286885367,-0.0046169135717213415,-0.18750288062193993,0.1981109669784833,0.0005283013716901648,0.04414155275333349
2020-12-08,2020,1991,0,0,51,10,-0.2851227624793726,-0.0007128069061984316,0.002989780745107309,0.1663310977655047,0.0003717413860767809,0.017052177705113688
2020-12-09,2020,1991,0,0,52,2,-0.1674812898251241,-0.0004187032245628103,-0.03508881176605601,0.17268192434501506,0.0005273420246097674,0.025709997106843838
2020-12-10,2020,1991,0,0,49,10,0.03800247246655619,9.500618116639047e-05,0.012177953830937631,0.16479806372432418,0.0005345322645038718,0.007722923645432734
2020-12-11,2020,1991,0,0,49,13,-0.012172951595609521,-3.0432378989023804e-05,-0.027435805078837364,0.17140266245198163,0.0004493815299423709,0.005349538209772594
2020-12-14,2020,1991,0,0,50,4,-0.22471098146206292,-0.0005617774536551573,0.011978719419602577,0.16482883006102397,0.0005231252838048689,0.06339245747664232
2020-12-15,2020,1990,0,0,49,12,1.1078996823000329,0.002769749205750082,0.061473820747154496,0.15657490553481465,0.0004886260563238114,0.021995492404742474
2020-12-16,2020,1993,0,0,50,11,-0.21400130022230557,-0.0005350032505557639,-0.023799727193502297,0.17080135728897852,0.000378782329238345,0.024359150160819895
2020-12-17,2020,1994,0,0,51,10,-0.6290077152329685,-0.0015725192880824213,-0.024500400796165937,0.17091355419736973,0.00036046632012700714,0.03886510418613151
2020-12-18,2020,1995,0,0,52,10,-0.9917774235097245,-0.002479443558774311,-0.05785957528062458,0.17648654454753215,0.0009728849329663642,0.006100660925938676
2020-12-21,2020,1996,0,0,53,11,-0.24279096862465105,-0.0006069774215616276,-0.020780602313962847,0.17029728516901518,0.0003883127623519768,0.007158416082830313
2020-12-22,2020,1998,0,0,52,11,-1.1742919612777265,-0.0029357299031943164,-0.04927603786495398,0.17504647454805541,0.00045327166183481817,0.03616499470983545
2020-12-23,2020,1999,0,0,54,13,-0.6513541547869565,-0.001628385386967391,-0.050566020297885386,0.17526237631616898,0.00037984153910958647,0.037723922032495055
2020-12-24,2020,1999,0,0,54,5,-1.628976933948311,-0.004072442334870777,-0.1499405647667518,0.1918441204588282,0.0004260444701009822,0.019403696444447678
2020-12-25,2020,1999,0,0,54,9,1.416288728019432,0.00354072182004858,0.15458597403237595,0.14104280869413935,0.0005195925814611843,0.014150399683409039
2020-12-28,2020,1999,0,0,51,4,0.03962987468735779,9.907468671839448e-05,-0.023573160251924966,0.1707629263754674,0.0003433013132571615,0.01662273690242794
2020-12-29,2020,1999,0,0,51,11,0.19496816060419575,0.00048742040151048937,0.020859864817784294,0.16335223909994778,0.0006850029157856571,0.03518327657321266
2020-12-30,2021,1999,0,0,50,12,0.2504734376597145,0.0006261835941492863,0.056354675487514265,0.15742493256024798,0.00037052208105786797,0.02235130171577346
2021-01-04,2021,1999,0,0,50,4,0.19073964328111703,0.0004768491082027926,0.10442187220884154,0.14940935802605376,0.0004219217952046398,0.018288076852804494
2021-01-05,2021,1999,0,0,50,5,1.0743101415819638,0.0026857753539549097,0.0722074494968845,0.15478396015987136,0.0005145935524060138,0.007650969536892561
2021-01-06,2021,1999,0,0,49,3,-1.5306293725447733,-0.0038265734313619334,-0.11488583817130725,0.18599825579848372,0.0005553011367770362,0.014463592971507754
2021-01-07,2021,1999,0,0,49,11,-0.7697001219832483,-0.0019242503049581208,-0.07513721744115709,0.17936647686138296,0.0005659298530618206,0.03604610094249566
2021-01-08,2021,1999,0,0,48,5,0.6965388708994062,0.0017413471772485156,0.07179318186174236,0.1548504466807337,0.0005482827707976443,0.07529758789838036
2021-01-12,2021,1999,0,0,47,14,-1.3650553428894905,-0.0034126383572237263,-0.09829428847340609,0.18322640490105604,0.000514363809508197,0.018814029662698118
2021-01-13,2021,1999,0,0,47,7,0.0415058178344494,0.0001037645445861235,-0.05314501121795132,0.17569910513998924,0.000709885391411846,0.0256751654533088
2021-01-14,2021,1999,0,0,47,10,0.5028663365077488,0.001257165841269372,0.07508145043354393,0.15430474269941552,0.0004598934349621632,0.0370972776075083
2021-01-15,2021,1999,0,0,47,10,-2.8938192270207086,-0.007234548067551772,-0.2156001711214585,0.20279847187163458,0.0004500171350511318,0.023630334732518878
2021-01-18,2021,1999,0,0,46,8,-0.8427164836560974,-0.0021067912091402435,0.019078999664869634,0.163646496216873,0.0004055578087264788,0.031249232060679474
2021-01-19,2021,1999,0,0,45,9,-0.9373823700580207,-0.0023434559251450516,-0.022548617580996817,0.17058677146541398,0.0003979867432951871,0.10591282240503251
2021-01-20,2021,1999,0,0,44,6,-0.5540202285523587,-0.0013850505713808967,-0.05192067309402076,0.17549244339885658,0.00042598045806287025,0.03898384754891361
2021-01-21,2021,1999,0,0,43,7,-0.911317960903862,-0.0022782949022596547,-0.07597878091991046,0.1795060704412152,0.0005084430349171439,0.05087460626140464
2021-01-22,2021,1999,0,0,43,3,1.1040878646479078,0.0027602196616197693,0.07869839408235756,0.1536999083854969,0.0004782588161386555,0.0324747819699953
2021-01-25,2021,1999,0,0,43,8,0.21668890807239438,0.000541722270180986,-0.00971041358762851,0.16844870438527879,0.00040323436179981595,0.026670802705872236
2021-01-26,2021,1999,0,0,42,5,-0.0937160942022297,-0.00023429023550557425,-0.023106215148054002,0.1706820553596294,0.0005989836616046013,0.04852846807036785
2021-01-27,2021,1999,0,0,42,4,-1.4673581522964354,-0.0036683953807410885,-0.10802952321020529,0.18485531097173508,0.0008042197983797111,0.006699595780654799
2021-01-28,2021,1999,0,0,41,10,0.22513295925470622,0.0005628323981367655,0.02624369854857813,0.16245182824818988,0.0006807832303999156,0.013226974349153764
2021-01-29,2021,1999,0,0,41,2,0.21758581207206218,0.0005439645301801555,0.0496039164816698,0.15855354376911202,0.0007245978507701309,0.06735682242295121
2021-02-01,2021,1999,0,0,41,4,-1.3825075172443146,-0.0034562687931107864,-0.03922227555779737,0.17337507427221951,0.0005442925122381133,0.024647279108092675
2021-02-02,2021,1999,0,0,41,2,-0.45141204621565234,-0.0011285301155391308,0.03171536640446348,0.16153693697433036,0.00042631280902894673,0.0263763331424775
2021-02-03,2021,1999,0,0,41,5,-2.6655541364905253,-0.006663885341226313,-0.1876811546160193,0.19814092469144973,0.000709752104319518,0.06075163842361998
2021-02-04,2021,1999,0,0,41,6,-0.48533982389223906,-0.0012133495597305977,-0.04561790485257244,0.17444288353529258,0.0007397085151476772,0.011457747211380124
2021-02-05,2021,1999,0,0,41,2,-1.8005133691339574,-0.004501283422834894,-0.1570125097592516,0.1930242972284889,0.000566184492715793,0.03743123036335349
2021-02-08,2021,1999,0,0,41,3,0.6202663765350864,0.001550665941337716,0.10999549382100665,0.14847989240797504,0.0005902226232530832,0.015363798006683579
2021-02-09,2021,1999,0,0,41,4,-0.9723885336684384,-0.002430971334171096,-0.015621890823515953,0.16943808153739945,0.0008133728202154078,0.03330542481181386
2021-02-10,2021,1999,0,0,41,7,1.4668268999345535,0.0036670672498363838,0.04910281343258032,0.15863809635651763,0.0008155899617940441,0.008069418067400446
2021-02-12,2021,1999,0,0,41,8,-0.6062351177796265,-0.001515587794449066,-0.0016399084907210615,0.16710349981358608,0.0005789942672783135,0.04646666289997781
2021-02-15,2021,1999,0,0,42,12,-0.5316111455436622,-0.0013290278638591554,0.027346228142626088,0.16226743889348966,0.0006550142787104428,0.007468563376362818
2021-02-16,2021,1999,0,0,42,6,-0.2921550112738931,-0.0007303875281847327,0.00385818020006961,0.16618696380618134,0.000762894988301272,0.01586402236838512
2021-02-17,2021,2000,0,0,40,0,-0.3346207075241363,-0.0008365517688103407,-0.0004933419646994835,0.1669121392236889,0.0005487799649892857,0.021853758625487572
2021-02-18,2021,2000,0,0,41,1,-2.1766284654036436,-0.005441571163509109,-0.15679534258048736,0.1929893772549106,0.0006052331672706668,0.024671838566532725
2021-02-19,2021,2000,0,0,42,0,-1.7060666308211259,-0.004265166577052814,-0.17762993314888878,0.19646674650481818,0.0009574652702507387,0.01997677118119115
2021-02-22,2021,2000,0,0,42,1,-0.896013774896231,-0.0022400344372405776,-0.03951017472902272,0.1734196853304091,0.0004965056340296434,0.11585842900930714
2021-02-24,2021,2000,0,0,42,8,0.23164398086046,0.00057910995215115,-0.010970021466671653,0.16866299902077103,0.0007937153268729345,0.012335861687804602
2021-02-25,2021,2000,0,0,42,3,-0.9111776331283941,-0.002277944082820985,-0.11048163584618735,0.1852651562774884,0.0008586074601545842,0.013469784268993729
2021-02-26,2021,2000,0,0,42,19,-0.10034609519592874,-0.0002508652379898219,-0.061938191875370585,0.1771589678030611,0.0003820422689854135,0.08772722489978944
2021-03-01,2021,2000,0,0,41,12,0.2747557260301766,0.0006868893150754415,0.08024542713804789,0.15344328085753733,0.0004090957416070955,0.01764939601750824
2021-03-02,2021,2000,0,0,41,10,-0.014073876193745338,-3.5184690484363344e-05,-0.006180163867890181,0.16785802856405696,0.00037739617732786556,0.02622260248868056
2021-03-03,2021,2000,0,0,41,7,0.6806839337726224,0.001701709834431556,0.1002676924304942,0.15010129314281953,0.00033008716474898535,0.029575384040955097
2021-03-04,2021,2000,0,0,41,5,1.8239173717470591,0.004559793429367648,0.20911347852697112,0.13194308991664416,0.00037751647456206716,0.09311924522612601
2021-03-05,2021,2000,0,0,38,5,0.9633358392400373,0.002408339598100093,0.11813634486771975,0.14712324121040007,0.0006640951086909146,0.016118009600639107
2021-03-08,2021,2000,0,0,38,5,-1.3725217753720613,-0.0034313044384301533,-0.1346311057290176,0.1892889775302859,0.00033534029092657086,0.007597939864503116
2021-03-09,2021,2000,0,0,38,1,-1.7177020332028363,-0.004294255083007091,-0.10615040307692629,0.18454082181160614,0.0004075164757319842,0.052003556838673116
2021-03-10,2021,2000,0,0,38,3,2.4034497418508014,0.006008624354627004,0.12342735231403229,0.14623819400946095,0.0004517842551274861,0.01957663721959604
2021-03-11,2021,2000,0,0,37,9,-0.49102527622391334,-0.0012275631905597833,-0.056874547243337854,0.17632091358335494,0.0005764785871867247,0.07881218823742414
2021-03-12,2021,2000,0,0,37,5,1.0531684740645513,0.0026329211851613783,0.1683041135996686,0.13875351032194436,0.0004328594194468819,0.012767870934658468
2021-03-15,2021,2000,0,0,37,16,-0.3393264064881556,-0.000848316016220389,-0.0500962094658037,0.17518366818476772,0.0003777560778879052,0.0640802689207374
2021-03-16,2021,2000,0,0,34,19,-0.544764664557196,-0.00136191166139299,-0.03302794644417137,0.17233741839654193,0.0003213461512219044,0.054807000904861826
2021-03-17,2021,2000,0,0,35,12,1.1967602219619404,0.0029919005549048513,0.12317410372119109,0.14628085290769446,0.00037795959780697187,0.12416797008111811
2021-03-18,2021,2000,0,0,35,10,-0.434251130044732,-0.00108562782511183,-0.05189018516495048,0.17548633659000587,0.00046580930334062977,0.04515967032185579
2021-03-19,2021,2000,0,0,33,5,0.3262945220495945,0.0008157363051239864,-0.016365171549078458,0.1695617060030766,0.0006643982125550702,0.011130615426128511
2021-03-22,2021,2000,0,0,30,9,0.35370824590111827,0.0008842706147527957,0.013778698128293966,0.16453438362502912,0.0011028213749026694,0.01566721518140108
2021-03-23,2021,2000,0,0,30,15,-0.5629806542419162,-0.0014074516356047907,-0.1319295888328338,0.18884201198898598,0.0005081759527126426,0.04270799860600035
2021-03-24,2021,2000,0,0,29,1,1.1020238811912888,0.002755059702978222,0.15066657826593075,0.14169632852944733,0.0005441118001650421,0.0611405136816482
2021-03-25,2021,2000,0,0,30,2,-0.6475638165038151,-0.0016189095412595378,-0.10588619179140299,0.1844970498005381,0.00044502393534169414,0.03748636829373435
2021-03-26,2021,2000,0,0,29,3,-1.7557879542906394,-0.004389469885726599,-0.07834025370810914,0.1799015087834062,0.0007522844013338821,0.02484807174821768
2021-03-29,2021,2000,0,0,29,4,0.5174228571809649,0.0012935571429524124,0.014487169159223762,0.16441581126981702,0.0006232397499588253,0.028196412667487236
2021-03-30,2021,2000,0,0,29,3,1.8947162302800535,0.004736790575700134,0.1546758103921895,0.1410266000308809,0.00043044907965379854,0.06400692502596844
2021-03-31,2021,2000,0,0,29,1,0.36002988609933895,0.0009000747152483474,0.04015757967736258,0.1601295640942032,0.0003457129419792445,0.03535328636009126
2021-04-01,2021,2000,0,0,29,0,0.23659618936065807,0.0005914904734016452,0.0622382680790119,0.15644787720273343,0.00032037502147250137,0.025423871453560263
2021-04-02,2021,2000,0,0,29,0,-0.572610390145357,-0.0014315259753633924,-0.03336446700478241,0.17239902761535847,0.0005134646139439183,0.06477004052220062
2021-04-05,2021,2000,0,0,30,1,-0.593853117996443,-0.0014846327949911075,-0.005299138395313268,0.16771632470812697,0.0003365732014263806,0.03459428068260535
2021-04-06,2021,2000,0,0,29,1,-0.8525460305724741,-0.0021313650764311852,-0.07111345160286558,0.1786969462094729,0.0005682588835222835,0.025366724317849632
2021-04-07,2021,2000,0,0,29,6,0.17224367008142927,0.00043060917520357315,-0.012844332153524344,0.16896571428535678,0.00024717390221659337,0.01297414414084806
2021-04-08,2021,2000,0,0,28,6,-3.0615900906192834,-0.0076539752265482085,-0.26286661297813313,0.21068343069733964,0.000489970156000667,0.03361935850054876
2021-04-09,2021,2000,0,0,27,5,-0.10287095769275667,-0.0002571773942318917,-0.009070935857524741,0.1683393314966638,0.0002996812614887136,0.03259560302783822
2021-04-12,2021,2000,0,0,29,3,0.274613817605941,0.0006865345440148525,0.05998365331290078,0.1568224752070883,0.00030250163915999636,0.023549971133155056
2021-04-13,2021,2000,0,0,29,2,0.3277259770593127,0.0008193149426482818,0.031133310888385016,0.16163571956063075,0.0003421772991500028,0.006451900380411651
2021-04-14,2021,2000,0,0,29,7,0.8683231367098239,0.0021708078417745596,0.020655998447500754,0.1633725681625205,0.0002603347059052119,0.01443547710166063
2021-04-15,2021,2000,0,0,30,1,-1.2099209102719732,-0.003024802275679933,-0.08673809994565652,0.18129884846124913,0.0003461031968126783,0.014246320339766295
2021-04-16,2021,2000,0,0,29,3,0.1744561524688173,0.0004361403811720432,0.02345684560713685,0.16291946673687022,0.0004083895570878647,0.015025581587878804
2021-04-19,2021,2000,0,0,29,4,-2.0581319139287997,-0.005145329784822,-0.12869700393400177,0.18830402056956444,0.000736755236736883,0.00591789139895364
2021-04-20,2021,2000,0,0,28,4,0.20363025930771617,0.0005090756482692905,0.002896523932545973,0.16634781310114785,0.0005269430049757438,0.017001630320715642
2021-04-21,2021,2000,0,0,29,5,0.31323065297569674,0.0007830766324392419,0.032335855832801304,0.1614315949245258,0.00031898267008153864,0.04463485424596688
2021-04-22,2021,2000,0,0,29,1,0.8723135635129883,0.0021807839087824707,0.04793005654674422,0.15883321657076663,0.0003409142513599721,0.0327711792203084
2021-04-23,2021,2000,0,0,29,9,-1.076366665735688,-0.00269091666433922,-0.082466944625956,0.18058542984598852,0.00030798833291821094,0.028937205474825083
2021-04-26,2021,2000,0,0,29,11,-0.4944465179476937,-0.0012361162948692343,-0.018499311486484676,0.16991637564655263,0.00036671586813636405,0.025492057296490567
2021-04-27,2021,2000,0,0,29,7,-0.28509568823537,-0.000712739220588425,-0.032476280215881365,0.17224582082186665,0.0005104951540660469,0.18512305856207031
2021-04-28,2021,1999,0,0,30,4,-1.1343951764943143,-0.002835987941235786,-0.06257020686626918,0.1772709942196963,0.0007091392565373597,0.01892700479675143
2021-04-30,2021,1999,0,0,30,4,-0.9272050816206084,-0.002318012704051521,-0.07359472137547901,0.17910959122343093,0.0005767348871892594,0.00999468364592462
2021-05-06,2021,1999,0,0,30,3,0.0908118809784948,0.00022702970244623699,-0.022223063359584502,0.17053425672105632,0.0005644147568619512,0.013607808935308127
2021-05-07,2021,1999,0,0,31,3,-2.0611456331579285,-0.005152864082894821,-0.1181199349189242,0.1865394371698199,0.0009451469866013716,0.3305538932709947
2021-05-10,2021,1999,0,0,31,2,-0.4459868804688263,-0.0011149672011720657,-0.008680950996626996,0.16828080948373078,0.0009146238431069115,0.01763581710452017
2021-05-11,2021,1999,0,0,32,4,-0.06432719133692366,-0.00016081797834230916,-0.03884717154398917,0.17331370121228512,0.0009814926837580704,0.015009004365122093
2021-05-12,2021,1999,0,0,31,7,0.4854399237337046,0.0012135998093342614,0.0870208844177024,0.15231456911981858,0.0010828419026934202,0.04649415653006849
2021-05-13,2021,1999,0,0,33,4,1.5797699127454747,0.003949424781863687,0.13212438225204115,0.14478929780080102,0.0010375887714511533,0.027025637337820478
2021-05-14,2021,1999,0,0,33,2,-0.677810612619536,-0.0016945265315488401,0.002694673883523136,0.16638310533030665,0.0007142846920207478,0.047629702753161224
2021-05-17,2021,1999,0,0,33,5,0.03795489314872097,9.488723287180242e-05,0.008167836760491482,0.16546847602334055,0.0003700519216577414,0.06679970079296005
2021-05-18,2021,1999,0,0,33,2,0.050110484044177284,0.00012527621011044322,0.02062144823273026,0.16338641384347422,0.0004342490815773249,0.01103911660143486
2021-05-19,2021,1999,0,0,33,2,0.3339422601855249,0.0008348556504638123,0.013307859351262002,0.16460418326960957,0.00030867093737731215,0.008759535072181773
2021-05-20,2021,1999,0,0,33,1,-1.4083083335032187,-0.003520770833758047,-0.1361210044356461,0.18953914118194204,0.0003533920705385279,0.016783415324415043
2021-05-21,2021,1999,0,0,33,1,0.13177051255083222,0.00032942628137708056,-0.008012061693750837,0.16816715119025683,0.0003242837200817653,0.042403805292577916
2021-05-24,2021,1999,0,0,33,6,-0.10917981808408944,-0.0002729495452102236,-0.0003387436683193237,0.1668833667335421,0.00033792525237370157,0.061707270773037434
2021-05-25,2021,1999,0,0,32,4,0.703939968457019,0.0017598499211425476,0.05802715733895378,0.15715139062736283,0.00040046491414789644,0.02243660870059013
2021-05-26,2021,1999,0,0,32,10,-0.7371230380577112,-0.001842807595144278,-0.050322478065555974,0.17522775646075284,0.0006309676710080828,0.03202406788676154
2021-05-27,2021,1999,0,0,32,0,-0.759778295862324,-0.0018994457396558102,-0.07827275411962865,0.17989003276679646,0.0004212570184859274,0.016473391748666313
2021-05-28,2021,1999,0,0,33,0,-0.35506884933589306,-0.0008876721233397327,-0.011718020091936837,0.16878149569814468,0.00026575453533574935,0.013211987982975694
2021-05-31,2021,1999,0,0,32,12,-1.0169606694392541,-0.0025424016735981353,-0.09728649311461776,0.18305870479861627,0.0003979364592246117,0.04922783295024521
2021-06-01,2021,1999,0,0,33,2,0.4920865035791886,0.0012302162589479715,0.01819782415442968,0.16378897487864133,0.0003188865227097434,0.014362129910113569
2021-06-02,2021,1999,0,0,32,2,1.5193057384229376,0.003798264346057344,0.08870758423316182,0.15202716230244512,0.0003048785596058623,0.01325008914397828
2021-06-03,2021,1999,0,0,32,7,-0.539795875961445,-0.0013494896899036125,-0.08343215318287016,0.1807458262894439,0.00030657293187868936,0.02066535689769533
2021-06-04,2021,1999,0,0,30,1,-0.9279251229266527,-0.002319812807316632,-0.09614512957276443,0.18286764120917434,0.0003161740357343004,0.010859225728760698
2021-06-07,2021,1999,0,0,31,5,0.5475409135191801,0.0013688522837979502,0.014953895674074524,0.16433167523189512,0.00029754292419868864,0.006275733532790388
2021-06-08,2021,1999,0,0,31,2,0.9266731401989126,0.0023166828504972816,0.06315025536274635,0.15628659142101298,0.00026670770258818374,0.0066722176873897365
2021-06-09,2021,1999,0,0,30,2,0.23704058722551025,0.0005926014680637756,0.036586721439515926,0.16071861092043857,0.00031591687511213886,0.011557876617390826
2021-06-10,2021,1999,0,0,30,2,-0.0088434460868978,-2.2108615217244498e-05,-0.008125362020598976,0.16818033393325543,0.0003467543339552705,0.015459986098809308
2021-06-11,2021,1999,0,0,30,0,-0.31436619957633416,-0.0007859154989408354,0.007993092204475914,0.16548962059248482,0.00033538777724974507,0.058083877664374506
2021-06-14,2021,1999,0,0,30,1,-0.46890258340691926,-0.0011722564585172981,0.0011907282307561376,0.16662843716936326,0.00030696531596513955,0.0059650688429469315
2021-06-15,2021,1999,0,0,30,4,-0.43813164633792095,-0.0010953291158448024,-0.06973482362159197,0.17846024321427936,0.00029978935648995335,0.007875462568403472
2021-06-16,2021,1999,0,0,31,5,0.02177892739020737,5.444731847551843e-05,0.017020106203649476,0.16399088543882165,0.00046767940642051414,0.042293140135903844
2021-06-17,2021,1999,0,0,33,4,0.6266758824441401,0.0015666897061103501,0.014302240609348585,0.1644471983085985,0.0006559271646943282,0.014039453978871661
2021-06-18,2021,1999,0,0,32,11,1.8937539274888158,0.004734384818722039,0.15944824548972047,0.14023201194846327,0.0008577663140630848,0.010262922753378746
2021-06-21,2021,1999,0,0,32,11,-1.0522504704545481,-0.0026306261761363703,-0.10342142791444961,0.18407896967077708,0.0003142505848633808,0.013933189661525083
2021-06-22,2021,1999,0,0,33,10,0.11902208518450169,0.00029755521296125423,0.0334656277105667,0.1612443262826763,0.00034503842815174316,0.3165045919513906
2021-06-23,2021,1999,0,0,34,13,0.018869629161242685,4.7174072903106714e-05,-0.016940205814160347,0.16965538379605025,0.0003468769188955514,0.07567164464520149
2021-06-24,2021,1999,0,0,34,5,0.8070009191519786,0.0020175022978799464,0.020957258820213952,0.16333188669713541,0.00030319539388779345,0.029105037642263992
2021-06-25,2021,1999,0,0,35,12,-0.17191958625203463,-0.0004297989656300866,-0.05217036781073301,0.17553464074534922,0.00036808712675763104,0.04838462512025383
2021-06-28,2021,1999,0,0,34,5,-0.06390177228912641,-0.00015975443072281605,-0.021524738549269996,0.17041908069879513,0.00034371594860783044,0.02386537333714059
2021-06-29,2021,1999,0,0,34,7,1.3084699469407064,0.003271174867351766,0.16413540816553845,0.1394414835832116,0.00035121749559849624,0.011449857333188405
2021-06-30,2021,1999,0,0,34,12,0.37131815473178387,0.0009282953868294596,0.08279469199115681,0.15301839314759189,0.0003643027027760734,0.19297687573946112
2021-07-01,2021,1999,0,0,34,5,-0.9243184000007075,-0.002310796000001769,-0.08086843197034177,0.18032010270672144,0.0002379212344554555,0.022937734199395394
2021-07-02,2021,1999,0,0,34,7,-0.2691074517431742,-0.0006727686293579355,-0.08284469993647758,0.18063618703553286,0.00023704470834922788,0.007368775132048083
2021-07-05,2021,1999,0,0,34,3,0.7017971849528497,0.0017544929623821244,0.09472816162909303,0.15102833372816712,0.00025640703206803383,0.01089815520702772
2021-07-06,2021,1999,0,0,35,0,0.648259589661818,0.001620648974154545,-0.04783195252544272,0.17481110128090527,0.0003517155606624062,0.027388010753928906
2021-07-07,2021,1999,0,0,35,3,-0.5955277155611818,-0.0014888192889029545,-0.024822092981841147,0.17096518217305084,0.00026338176547320195,0.016917218557997167
2021-07-08,2021,1999,0,0,35,11,0.10843531539007056,0.0002710882884751764,0.04000363822182693,0.16015927745516265,0.0006906189466513466,0.01209416869201907
2021-07-09,2021,1999,0,0,35,25,0.9148509842140136,0.002287127460535034,0.10489755226723171,0.14933012967609596,0.0003608667268139307,0.02925552577996809
2021-07-12,2021,1999,0,0,35,7,0.028869453286047772,7.217363321511943e-05,-0.032091523486543906,0.17217665963184867,0.00031089990703074804,0.044635247087825417
2021-07-13,2021,1999,0,0,34,12,-0.047534328387736746,-0.00011883582096934186,0.0056364674098882865,0.16589101076533733,0.0003728264622595194,0.019221859150170283
2021-07-14,2021,1999,0,0,34,9,0.9166298690237721,0.0022915746725594302,0.04628492964340429,0.15909872231288696,0.0002663684332258594,0.015224392266015699
2021-07-15,2021,1999,0,0,35,5,-1.0631605368745216,-0.002657901342186304,-0.05137659542251361,0.17540361343907265,0.00040198769871248975,0.026304777574889235
2021-07-16,2021,1999,0,0,33,5,0.16928019785199888,0.0004232004946299972,0.007402957754529889,0.16559517320045233,0.0002795575273071321,0.013469580578254531
2021-07-19,2021,1999,0,0,34,6,0.45162561344910657,0.0011290640336227664,0.055977033510984854,0.1574908138818222,0.00031689401683633893,0.03372036812952202
2021-07-20,2021,1999,0,0,36,9,0.27753713306968564,0.000693842832674214,0.0458107023402342,0.1591887890496404,0.0004997794160594845,0.027873740596657898
2021-07-21,2021,1999,0,0,35,7,-0.38647552937270246,-0.0009661888234317561,0.058004666726346396,0.1571536720137672,0.0003359023419749244,0.01293028701656459
2021-07-26,2021,1999,0,0,36,3,-1.2274209332624644,-0.003068552333156161,-0.12979429006178608,0.18848255282369486,0.0003944452451677668,0.016297078032665925
2021-07-27,2021,1999,0,0,36,8,1.6574897069579821,0.004143724267394956,0.12771402231559895,0.145522520579168,0.0003703024840053414,0.01689938697873661
2021-07-28,2021,1999,0,0,36,5,-2.1037591974434044,-0.005259397993608511,-0.1611051057068134,0.19371032317163792,0.000696154942856584,0.026287041765110482
2021-07-29,2021,1999,0,0,37,6,-0.13936502592515643,-0.00034841256481289105,-0.01780684476264059,0.16980364189485517,0.0008937375646259134,0.018707425380803604
2021-07-30,2021,1999,0,0,37,8,0.12221210142472239,0.000305530253561806,-0.009584395099452537,0.16842839233326268,0.0003328251598029738,0.03121046560811469
2021-08-02,2021,1999,0,0,37,2,0.7858071127144366,0.0019645177817860914,0.08710320254858639,0.15229949189440198,0.0004078767418141772,0.008211307897592168
2021-08-03,2021,1999,0,0,39,1,0.30298717143748605,0.0007574679285937151,0.020245889304776703,0.16344952035858049,0.00044468075114306813,0.012372852970083219
2021-08-04,2021,1999,0,0,39,2,0.20789029322380126,0.0005197257330595031,-0.039420429957810095,0.1734047934482361,0.0005714817096727111,0.02367884665126841
2021-08-05,2021,1999,0,0,39,2,-0.8697418999940912,-0.0021743547499852283,-0.09447691512088151,0.18259255140971775,0.0008453381116867291,0.015537595666021451
2021-08-06,2021,1999,0,0,39,4,1.3331626021953993,0.0033329065054884983,-0.01266782224109842,0.16894426811622645,0.0006640116178660408,0.009957486577222311
2021-08-10,2021,1999,0,0,39,4,-0.8151513756730031,-0.002037878439182508,0.013829327997825321,0.16451774835515004,0.0005534369492873282,0.014813472400476379
2021-08-11,2021,1999,0,0,40,7,-0.24280494502161618,-0.0006070123625540405,-0.004729086766267068,0.1676142969726448,0.0006642956312527559,0.14695318108595662
2021-08-12,2021,1999,0,0,40,8,0.6688271283121061,0.0016720678207802653,-0.020862830291877008,0.17031307489624736,0.0008752672441456366,0.040929954875741685
2021-08-13,2021,1999,0,0,40,10,0.9492241327117836,0.002373060331779459,-0.026868958460269068,0.17131124357209873,0.0005505215972455697,0.018992168731810935
2021-08-16,2021,1999,0,0,39,9,0.8594068850976797,0.0021485172127441994,0.08883036107782366,0.15201112141981227,0.00042561965140170424,0.03345558563932124
2021-08-17,2021,1999,0,0,40,13,-0.9553005361063802,-0.0023882513402659505,-0.09641916771156575,0.18291709017020372,0.0005297790221868961,0.019908583857545677
2021-08-18,2021,1999,0,0,40,4,-1.259120399445093,-0.0031478009986127325,-0.18467999753231634,0.19764041686013684,0.000519776348419584,0.032335877133905386
2021-08-19,2021,1999,0,0,41,4,-0.49399757567538494,-0.0012349939391884624,-0.03592566289259801,0.17282519824412643,0.0007282892645284509,0.009704954550231583
2021-08-20,2021,1999,0,0,41,1,-1.654384090804034,-0.0041359602270100845,-0.1411726331754173,0.1903817329140101,0.0005657525721273569,0.01083878735238815
2021-08-23,2021,1999,0,0,41,0,0.7203960626846766,0.0018009901567116915,0.08547639427057291,0.15256333090187454,0.00031207834140688776,0.025355012225666516
2021-08-24,2021,1999,0,0,41,4,-0.7672213230335394,-0.0019180533075838484,-0.02815094476576718,0.17152294571666168,0.0003298123918622552,0.01369100303125244
2021-08-25,2021,1999,0,0,41,8,-0.011750420150689944,-2.937605037672486e-05,-0.013228711612772871,0.1690285859296666,0.00025279887029257893,0.056080164792108644
2021-08-26,2021,1999,0,0,40,3,0.5459956539061395,0.0013649891347653487,-0.00026347903297208215,0.16687622282555634,0.0004261709725716007,0.044278700122864445
2021-08-27,2021,1999,0,0,40,4,0.15341853546832296,0.0003835463386708074,0.04017509350164221,0.1601250032130888,0.0003375245847840143,0.006911780387345777
2021-08-30,2021,1999,0,0,40,6,-0.4580835754990946,-0.0011452089387477367,-0.03476287129570506,0.17262548937126215,0.0003179040361221317,0.02377094923654086
2021-08-31,2021,1999,0,0,41,8,-0.6635010759469042,-0.0016587526898672606,0.018841247565418395,0.16368449457428882,0.0003656774186950634,0.04072933651470281
2021-09-01,2021,1999,0,0,42,6,-0.28224035897119215,-0.0007056008974279804,-0.007816124060589206,0.16813497556553017,0.0005126740699580526,0.025010769837702673
2021-09-02,2021,1999,0,0,42,8,-0.024733817726315888,-6.183454431578972e-05,0.019939339062375452,0.16350020584595332,0.0004157260623046681,0.010130423246766567
2021-09-03,2021,1999,0,0,43,8,-0.5093742239805488,-0.001273435559951372,0.0062372261787858145,0.16578676698933273,0.00036383776714871445,0.0944617952859432
2021-09-06,2021,1999,0,0,43,20,0.10500144230481956,0.0002625036057620489,0.001351489381689484,0.16659989994586472,0.0002685437012444219,0.05286262892368534
2021-09-07,2021,1999,0,0,45,14,0.2516038697672554,0.0006290096744181386,0.015218657659911955,0.1642865038312136,0.00037400592556377575,0.01275998635897634
2021-09-08,2021,1999,0,0,45,18,1.2498112863626805,0.003124528215906701,0.12622004362418301,0.14577461944726658,0.0004907546142247833,0.012924664861954628
2021-09-09,2021,1999,0,0,44,9,-0.4571553649082549,-0.0011428884122706372,-0.03956767794020757,0.17342915054226915,0.00040752402451342675,0.0385786672997241
2021-09-10,2021,1999,0,0,45,21,0.6436101652964044,0.001609025413241011,0.06906117680516097,0.15530844150202627,0.00031760847451712225,0.06757149355487817
2021-09-13,2021,1999,0,0,46,30,-0.38696452175714446,-0.0009674113043928611,-0.0333952220892892,0.17240350485382663,0.0007935406306535874,0.014251538671043276
2021-09-14,2021,1999,0,0,45,25,1.2416357861475773,0.0031040894653689434,0.18577193316240742,0.1358338947620325,0.0006066818359952423,0.020697550164208652
2021-09-15,2021,1999,0,0,45,12,-0.31622131747471305,-0.0007905532936867826,-0.011626007759942878,0.16876565594292828,0.00041629176907064425,0.03096803893174615
2021-09-16,2021,1999,0,0,46,10,0.783868189883087,0.0019596704747077177,0.07484428585327428,0.15434669574815224,0.0006724446903615824,0.023180529283707615
2021-09-17,2021,1999,0,0,47,7,-0.6076312298383115,-0.0015190780745957789,-0.07778459224654716,0.17980939639961094,0.0005674833876303519,0.029052033268990515
2021-09-21,2021,1999,0,0,45,4,-0.15020646132801474,-0.00037551615332003684,-0.027968016941873165,0.17149928185432173,0.001074723313289954,0.08222833366278015
2021-09-22,2021,1999,0,0,45,2,0.6718506462633992,0.001679626615658498,0.09451939266332555,0.15106189750800597,0.00037864063865359514,0.03516741542899808
2021-09-24,2021,1999,0,0,46,3,1.0216460292411595,0.0025541150731028988,0.05620556124795654,0.1574512887730808,0.0005868427767049571,0.11278294044238292
2021-09-27,2021,1999,0,0,46,7,1.2354058053619517,0.003088514513404879,0.13624863584293115,0.1441018360835877,0.0006405981848518206,0.011715977872184154
2021-09-28,2021,1999,0,0,46,6,1.4484815803880038,0.0036212039509700093,0.05751266171381162,0.15723413682741194,0.0004319143186602961,0.06895364828040146
2021-09-29,2021,1999,0,0,46,3,0.0905511510587842,0.0002263778776469605,0.07317481351348595,0.15462539280854848,0.000668267775737714,0.015105837360158872
2021-09-30,2021,1998,0,0,46,1,-2.297876398619312,-0.00574469099654828,-0.1645019928517966,0.19427566019317694,0.0005577609149472324,0.01330958656868475
2021-10-01,2021,1998,0,0,46,8,-0.33432027995059554,-0.0008358006998764888,-0.0039508859660187835,0.16749199408271892,0.00039016780590314675,0.06278543174530615
2021-10-04,2021,1998,0,0,46,9,-0.44606692154121486,-0.0011151673038530372,0.05074533450958833,0.1583642928652431,0.00043600777917079784,0.04490973269616401
2021-10-05,2021,1998,0,0,45,28,-2.6192626854155243,-0.006548156713538811,-0.12675425617049102,0.18797673944032692,0.0004460993844211237,0.025225691593334196
2021-10-06,2021,1998,0,0,45,1,-1.4747097752738605,-0.003686774438184651,-0.052995044818204544,0.17567115448965764,0.0005015972890769525,0.04260724565209599
2021-10-07,2021,1998,0,0,47,3,-1.1441881886300824,-0.002860470471575206,-0.06709524027751948,0.17802583736436947,0.0004675754002072918,0.029152879814482217
2021-10-08,2021,1998,0,0,47,2,-0.3654737278095115,-0.0009136843195237787,-0.03846558813901584,0.1732491212544417,0.0005065652067067102,0.03698853361945061
2021-10-11,2021,1998,0,0,46,1,-0.7390991123756975,-0.0018477477809392437,-0.06477689271212803,0.17763565129268166,0.00045290670248721455,0.02451777547968679
2021-10-12,2021,1998,0,0,48,10,-0.6252876723896681,-0.0015632191809741701,-0.04844111056206697,0.17491017751266663,0.0003842622083301355,0.013168773393686946
2021-10-13,2021,1998,0,0,47,10,0.573953219404947,0.0014348830485123676,0.0005343748255408777,0.16674414404459648,0.0009727669194750544,0.01032588611915582
2021-10-14,2021,1998,0,0,49,4,-0.1622599236788972,-0.00040564980919724296,0.036271040442909776,0.16077738406674977,0.00043205307703983215,0.039673282573315906
2021-10-15,2021,1998,0,0,48,2,0.5780937794578527,0.0014452344486446317,-0.0015048038697582596,0.16707699639477125,0.00038707466174583716,0.02932599676627294
2021-10-18,2021,1998,0,0,48,6,0.8914610220567882,0.0022286525551419704,0.13360333910203645,0.14453356654013674,0.000306192480856874,0.013827736971665465
2021-10-19,2021,1998,0,0,48,8,-0.23672749384995972,-0.0005918187346248994,0.036513557264194446,0.16073872149435167,0.00040150328992956223,0.021411889987139655
2021-10-20,2021,1998,0,0,48,8,-0.8280566364700526,-0.0020701415911751316,-0.08401444807031765,0.18083933891853332,0.0002675851247169992,0.013591732610051392
2021-10-21,2021,1998,0,0,49,10,-0.735404400377389,-0.0018385110009434724,-0.059922653026848974,0.17682313442660275,0.00028266249373161683,0.029348627225293987
2021-10-22,2021,1998,0,0,48,10,-0.0348750544969616,-8.7187636242404e-05,-0.02158353670019779,0.17042810499338557,0.00035401948363483705,0.014905646917407148
2021-10-25,2021,1998,0,0,48,15,0.5309894501069623,0.0013274736252674058,0.0367247783030094,0.16070068084387762,0.0002826611674943506,0.01532539954113491
2021-10-26,2021,1998,0,0,48,5,0.39389133101364654,0.0009847283275341164,0.05303351493775717,0.15797993984515127,0.0004458958817284387,0.019064336049989992
2021-10-27,2021,1998,0,0,48,8,0.23779147345338755,0.0005944786836334689,-0.009989195093972109,0.1684889047438254,0.0004383159081159992,0.016380242644226637
2021-10-28,2021,1998,0,0,47,11,0.19102732056126293,0.0004775683014031573,0.04648476308073063,0.15907789440158598,0.0009162835477051725,0.008530798227159266
2021-10-29,2021,1998,0,0,47,6,-0.3240740638662114,-0.0008101851596655285,-0.05387451386148733,0.17582001565312536,0.0004594871065838285,0.00684355481472358
2021-11-01,2021,1998,0,0,46,12,0.7763220219497096,0.0019408050548742738,0.0026144325553617413,0.16639453939814847,0.0007787481609731755,0.06791872651709965
2021-11-02,2021,1997,0,0,46,8,-0.6218446617451536,-0.001554611654362884,0.01278631791874845,0.16469776427656493,0.0007311370744524215,0.04552705551141043
2021-11-04,2021,1997,0,0,46,3,0.9925078347169072,0.002481269586792268,0.027719575948691264,0.16220192611005577,0.0007038089819519397,0.040538686262908505
2021-11-05,2021,1997,0,0,46,3,-0.61653798025443,-0.001541344950636075,-0.022475961525896215,0.17058120942573457,0.000559298929388532,0.008055400461451012
2021-11-08,2021,1996,0,0,46,4,-0.25198276067669195,-0.0006299569016917298,-0.05361990546870825,0.1757741134117155,0.000647199418941902,0.005903429084067188
2021-11-09,2021,1996,0,0,46,9,1.5564978328814927,0.0038912445822037317,0.06003905903563939,0.1568097756684467,0.0006157740787973031,0.00735078603223919
2021-11-10,2021,1996,0,0,46,11,1.6062013702185949,0.004015503425546487,0.0012019095893802641,0.16663138457743498,0.0010056581146351317,0.0055501461570671064
2021-11-11,2021,1996,0,0,46,4,1.900213743624588,0.0047505343590614705,0.09012536323694488,0.15179376743323394,0.0009938440767766773,0.0079910716785005
2021-11-12,2021,1996,0,0,46,1,1.2798182649612257,0.0031995456624030645,0.04332815997212247,0.15959920091437577,0.0005713499639319119,0.018724270429516313
2021-11-15,2021,1996,0,0,46,7,1.5580007229413562,0.0038950018073533902,0.005653988906690595,0.16588798466147942,0.0005694501839246558,0.030862043592940133
2021-11-16,2021,1996,0,0,45,5,-0.464238780850285,-0.0011605969521257125,-0.04879145520560548,0.17496681033627107,0.0003755016458964135,0.026730069844552246
2021-11-17,2021,1997,0,0,45,6,2.455900785221111,0.006139751963052778,0.07713606012782422,0.15396018458714453,0.00036875426069996064,0.04069041760429341
2021-11-18,2021,1997,0,0,45,6,1.4084499010823797,0.0035211247527059493,0.03933435161994927,0.16026561512613618,0.00035202950958221097,0.010324828758055531
2021-11-19,2021,1997,0,0,45,6,-1.345644769485284,-0.00336411192371321,-0.10002247821497985,0.1835148792255375,0.0005662531295403643,0.05287324019319968
2021-11-22,2021,1997,0,0,45,6,-0.8766891474846404,-0.002191722868711601,-0.08810860760535273,0.18152686137058568,0.00030328059621603315,0.01655411867991905
2021-11-24,2021,1997,0,0,47,10,-0.35048472513933193,-0.0008762118128483299,-0.0498624932981891,0.17515200669265474,0.0005252349625346004,0.010472871667971423
2021-11-25,2021,1997,0,0,48,10,0.5147036610864575,0.0012867591527161437,0.006599556882475069,0.16573246868497532,0.0009144815969154357,0.013386477470491267
2021-11-26,2021,1997,0,0,47,3,-0.15682079527963766,-0.00039205198819909415,0.024673539663792283,0.1627142128799965,0.0004673178546649436,0.04447995822199661
2021-11-29,2021,1997,0,0,46,10,-2.469790587071426,-0.006174476467678564,-0.12615708667887998,0.18787934347294252,0.0007717298135879103,0.027644681879995067
2021-11-30,2021,1996,0,0,46,0,2.0692962680000524,0.005173240670000131,0.14008807361323927,0.14345961481571443,0.0005283286828628097,0.03748650283060444
2021-12-01,2021,1996,0,0,46,5,0.07312993633426501,0.00018282484083566254,-0.019467583965552687,0.17008140501327904,0.0013165187135310585,0.030910385686934452
