Date,ValidationYear,StocksRanked,SelectedMissingTargets,AllMissingTargets,FallbackStocks,SelectedFallbackStocks,OfficialDailySpread,IllustrativeGrossOneReturn,RankIC,NormalizedHardRankMSE,AllStockForecastMSE,MaxAbsoluteScore
2017-12-29,2018,1896,0,0,42,3,-0.10945294907760139,-0.0002736323726940035,-0.04005220045873389,0.17351916281145943,0.0003131460377284182,0.01187417670995562
2018-01-04,2018,1896,0,0,41,7,0.21725764170517126,0.0005431441042629281,-0.04407075165525561,0.17419067195387516,0.0004052455761019803,0.012416184175593304
2018-01-05,2018,1896,0,0,41,10,-0.7183534468363558,-0.0017958836170908895,-0.048767344169454246,0.17497317364137746,0.00037016103737747203,0.007084124245040497
2018-01-09,2018,1896,0,0,39,16,0.3804981313416671,0.0009512453283541677,0.05031691923004715,0.15844245786869557,0.00037966166498796573,0.023522436401428027
2018-01-10,2018,1896,0,0,39,2,-1.7696485520755683,-0.004424121380188921,-0.11601754278364444,0.1861949315330411,0.0005706352073063319,0.005663066301369373
2018-01-11,2018,1896,0,0,39,7,-0.33125855004768673,-0.0008281463751192168,-0.024464015034261963,0.1709175390287501,0.00046011663896710546,0.009286064660244033
2018-01-12,2018,1896,0,0,39,4,-0.5664527833353274,-0.0014161319583383186,0.00985558173318571,0.16518879712922366,0.0003848755441777853,0.03576099981944073
2018-01-15,2018,1896,0,0,39,4,-1.1523534461616247,-0.002880883615404062,-0.018434554002327307,0.16991604281442743,0.0003816776673666971,0.013917947236008966
2018-01-16,2018,1896,0,0,39,2,-0.00953579778534741,-2.3839494463368528e-05,0.025674079024592802,0.1625570471090947,0.0003902890450405592,0.013608372717170268
2018-01-17,2018,1896,0,0,39,2,-0.6454397229369195,-0.0016135993073422988,-0.060875289173256894,0.17699275065059789,0.0003033620484498679,0.00952172397924502
2018-01-18,2018,1896,0,0,40,0,-1.677377099307149,-0.0041934427482678725,-0.10006196828886343,0.18352973387973776,0.00044663393256500324,0.00963791411358945
2018-01-19,2018,1896,0,0,40,9,-0.3075343535176698,-0.0007688358837941744,-0.007017653362727669,0.16800935815811552,0.00037909097028495135,0.029742199368219938
2018-01-22,2018,1896,0,0,39,2,1.3337524015430025,0.0033343810038575063,0.04587884014180284,0.1591800621844479,0.0003252585774444632,0.03752303404320467
2018-01-23,2018,1896,0,0,39,10,0.37281748618910404,0.00093204371547276,-0.009215965452094367,0.16837575559403445,0.00033980244356885585,0.013471316606324285
2018-01-24,2018,1896,0,0,39,13,-0.11663344366180162,-0.00029158360915450406,-0.008648663795044174,0.1682782118817844,0.0003189893800497128,0.01337447867638713
2018-01-25,2018,1896,0,0,38,6,0.7820963683895791,0.0019552409209739477,0.1071008846418751,0.14896662681696754,0.00037551739980204316,0.011442523622754781
2018-01-26,2018,1896,0,0,38,6,1.1477702065423852,0.002869425516355963,0.02574303510907134,0.16254676251744235,0.0005159690112966364,0.034513501584140405
2018-01-29,2018,1896,0,0,38,7,-0.5297270829194833,-0.0013243177072987083,-0.005648209436547293,0.16778329057407154,0.0006583921523292591,0.012415863351164243
2018-01-30,2018,1896,0,0,38,5,0.6652859680435208,0.001663214920108802,0.027394607199759086,0.16227146435483186,0.0010546828592086423,0.025394468056913106
2018-01-31,2018,1896,0,0,37,2,0.06393921645199191,0.00015984804112997977,0.043804082787263665,0.15953065794861235,0.00042844745574019264,0.008502270134724542
2018-02-01,2018,1896,0,0,36,2,0.8431792970887955,0.0021079482427219885,0.07574719211928248,0.1542046511466688,0.001126933513925843,0.029249322470631986
2018-02-02,2018,1896,0,0,37,3,0.3460637299389706,0.0008651593248474265,-0.02014870290794563,0.1702042251549713,0.004429480139906854,0.03185185624752359
2018-02-05,2018,1896,0,0,36,0,-0.6366512735181582,-0.0015916281837953954,-0.06783078935811397,0.17815586954549165,0.0006067643485417055,0.022618537756873613
2018-02-06,2018,1896,0,0,36,8,-1.6193241714297766,-0.004048310428574442,-0.14566891672480956,0.19114283391167683,0.0009676763051262136,0.06563989188276996
2018-02-07,2018,1896,0,0,35,2,-0.522028285624232,-0.00130507071406058,-0.027185940980128106,0.17137818286840695,0.000989118489520841,0.019360154457584162
2018-02-08,2018,1896,0,0,34,0,0.19386802961100447,0.00048467007402751115,-0.059476948076778925,0.17676318755234752,0.0011483157947551517,0.016872354340472087
2018-02-09,2018,1896,0,0,34,2,-1.0689141213941933,-0.002672285303485483,-0.1014800196433343,0.1837723517494109,0.0009587807347903385,0.07993322477822427
2018-02-13,2018,1896,0,0,33,0,0.06194446152822852,0.0001548611538205713,0.03233497877736307,0.16144430961953116,0.001181505901524433,0.03117453480822483
2018-02-14,2018,1896,0,0,33,7,0.5535901650007014,0.0013839754125017534,0.013288121344096258,0.16462352858892793,0.0009362725584665956,0.03391141763163396
2018-02-15,2018,1896,0,0,34,0,0.37780165332922255,0.0009445041333230564,0.07555440769566336,0.15423684741821628,0.0013711562024361597,0.035498702073402166
2018-02-16,2018,1896,0,0,34,0,-0.7352411008769569,-0.0018381027521923922,-0.011071263006122045,0.1686812898553905,0.0003333166139378556,0.05242187672486989
2018-02-19,2018,1896,0,0,34,1,-0.15783866093944687,-0.00039459665234861717,0.024029554852218412,0.16282913762942228,0.0005127196693773631,0.036551736135059854
2018-02-20,2018,1896,0,0,34,1,0.009221836754520263,2.3054591886300656e-05,-0.03666153160817816,0.17295561797774262,0.0003458500665500104,0.01867635663629171
2018-02-21,2018,1896,0,0,33,0,1.4576335971718315,0.0036440839929295786,0.16179029690610577,0.13984799055263095,0.00036640794579975076,0.046947111882487826
2018-02-22,2018,1896,0,0,34,5,-0.04179959507391451,-0.00010449898768478627,-0.013255289215073709,0.1690502104299699,0.00041146930373253465,0.0222563006470601
2018-02-23,2018,1896,0,0,33,1,0.8610538149628755,0.0021526345374071887,0.11013562474410911,0.1484595765545003,0.00029558536005977514,0.10153934253326405
2018-02-26,2018,1896,0,0,32,5,-1.1985011296747703,-0.0029962528241869258,-0.15563412979054345,0.19280620172766041,0.0003839771196333798,0.023657454185313675
2018-02-27,2018,1896,0,0,30,2,-0.9902826049860838,-0.0024757065124652094,-0.09685438555877167,0.18300021624175156,0.0005589739648180199,0.006901895540574001
2018-02-28,2018,1896,0,0,32,6,0.5216210903563958,0.0013040527258909895,-0.0024460248108664944,0.16725018099947192,0.000483210941617269,0.019683955404873832
2018-03-01,2018,1896,0,0,35,10,2.7615162536125473,0.006903790634031368,0.1712263337891599,0.13827353058493785,0.0007452618832398292,0.030813164073800765
2018-03-02,2018,1896,0,0,36,14,0.04119427906912776,0.0001029856976728194,-0.020280644521487937,0.17022570223638592,0.0009250229842866807,0.023903435114756746
2018-03-05,2018,1896,0,0,35,8,-0.5784799455681884,-0.001446199863920471,-0.05310175486193056,0.17569718203055282,0.00041064417250066587,0.3226508482959513
2018-03-06,2018,1896,0,0,34,4,-0.03154050662330993,-7.885126655827482e-05,-0.019177377620934424,0.17003601718383887,0.00041851441261600634,0.03307574964594098
2018-03-07,2018,1896,0,0,35,1,0.7442808396433218,0.0018607020991083046,0.0858557019883127,0.15251434094205268,0.00041609110968753173,0.05076621090005594
2018-03-08,2018,1896,0,0,35,3,1.142934516375134,0.0028573362909378353,0.1796231806411208,0.13687285647407949,0.0006123341968690659,0.015444564099187846
2018-03-09,2018,1896,0,0,36,3,-0.022405150306250787,-5.601287576562697e-05,-0.005039717670350607,0.16768002621514483,0.0005140614984560261,0.01717734309743897
2018-03-12,2018,1896,0,0,35,7,-0.36708329101581627,-0.0009177082275395406,0.0029218247894360577,0.1663461828197625,0.0003851165306565364,0.023922612588184657
2018-03-13,2018,1896,0,0,34,3,-1.1683691806991434,-0.0029209229517478588,-0.08739986654250993,0.1814189673434859,0.0004343744413556423,0.3553088222413097
2018-03-14,2018,1896,0,0,34,8,-0.09177499336569728,-0.00022943748341424318,-0.013929004616419143,0.16916225826065373,0.0003705494236334092,0.044674546959856024
2018-03-15,2018,1896,0,0,32,3,0.5546671928733513,0.0013866679821833783,0.03183768658310919,0.16152967076822472,0.0005329281977722125,0.022896178541093208
2018-03-16,2018,1897,0,0,31,8,0.2530543060819845,0.0006326357652049612,0.0364439415671622,0.16075604465522017,0.00026040290521306566,0.0162537870813273
2018-03-19,2018,1897,0,0,31,11,-0.40946661389659533,-0.0010236665347414884,-0.019406230967986597,0.17007313130920237,0.0003614497441396917,0.013221513953643784
2018-03-20,2018,1897,0,0,29,10,-1.0222666912437788,-0.002555666728109447,-0.1554077136337223,0.19277107201065485,0.001702821377577547,0.034790095635679516
2018-03-22,2018,1898,0,0,28,3,0.04150260097811764,0.00010375650244529411,-0.040811829374282266,0.17364658067897334,0.0003138179558514179,0.015216524330224558
2018-03-23,2018,1900,0,0,30,2,-0.6090273594327194,-0.0015225683985817984,-0.06322973530662615,0.17739145870944897,0.00222227425176541,0.05880588894438856
2018-03-26,2018,1900,0,0,28,4,-0.014944551420749796,-3.736137855187449e-05,0.00045381256649695037,0.16676575760533183,0.0005278178987053859,0.03180298181322863
2018-03-27,2018,1901,0,0,29,1,-0.8336355892502834,-0.0020840889731257085,-0.07607422144483467,0.17952617123805667,0.0006372025713064173,0.10622159298119878
2018-03-28,2018,1901,0,0,31,1,-2.162671740705993,-0.005406679351764983,-0.21962745580463286,0.20348287444572838,0.0006550947873246134,0.02631909150743561
2018-03-29,2018,1901,0,0,33,3,0.20410823512676285,0.0005102705878169071,-0.054622153393522214,0.17595059583744377,0.00032199165548116976,0.014390583533980704
2018-03-30,2018,1901,0,0,32,8,0.025842110207548466,6.460527551887117e-05,-0.0479089267327387,0.17483114653171317,0.00031890417818264877,0.007301217679554839
2018-04-02,2018,1902,0,0,33,6,-1.8617557063776802,-0.004654389265944201,-0.1665129614625521,0.1946196586023889,0.0005209944225887674,0.02532556619681796
2018-04-03,2018,1902,0,0,34,1,-0.131496593370257,-0.00032874148342564247,-0.02799652321018193,0.171507955089651,0.00040742008968576356,0.033899930807963836
2018-04-04,2018,1902,0,0,34,8,0.4191583324530155,0.0010478958311325387,-0.03756374953829023,0.173104718330118,0.000396698585000715,0.05239744484690682
2018-04-05,2018,1902,0,0,34,4,-0.3492577022736337,-0.0008731442556840842,-0.07597376865173064,0.17950678995182645,0.0003583874254918193,0.015684184507906665
2018-04-06,2018,1902,0,0,34,2,-2.2772629514242935,-0.005693157378560734,-0.16560556848543598,0.19446860548128897,0.00037474886709707085,0.02818444502725598
2018-04-09,2018,1902,0,0,36,7,-4.509100779275285,-0.011272751948188213,-0.3206073309247088,0.22032728873025767,0.0005612782664071935,0.031006340556883817
2018-04-10,2018,1902,0,0,37,0,-0.7133682991530664,-0.0017834207478826661,-0.11118776219802078,0.1853805046693424,0.00032574557632630456,0.023346910274200303
2018-04-11,2018,1902,0,0,38,0,0.25632866868422066,0.0006408216717105516,0.04326859960594261,0.1596174848132317,0.00042927906091258576,0.017492593540992456
2018-04-12,2018,1902,0,0,40,0,-0.7396211260452191,-0.0018490528151130477,-0.10613142248208353,0.18454497223423408,0.0006234869302441705,0.019770414835054113
2018-04-13,2018,1902,0,0,40,3,-0.49840882464300496,-0.0012460220616075123,-0.07426322181801331,0.17922831609391227,0.00038256562409272733,0.027621208374905216
2018-04-16,2018,1902,0,0,40,3,-0.9607275728904514,-0.0024018189322261283,-0.0654097208486445,0.1777531722091642,0.00045686196491127797,0.005720210045877845
2018-04-17,2018,1902,0,0,40,10,-0.8082077009102971,-0.002020519252275743,-0.017462446533411415,0.1697476326348953,0.0003820342945746954,0.06980582023279554
2018-04-18,2018,1902,0,0,41,8,-0.36643697384095114,-0.0009160924346023778,-0.048340884865510796,0.1748903827183453,0.0002559621825634266,0.013632587673040918
2018-04-19,2018,1902,0,0,42,7,-0.042080901345185606,-0.00010520225336296402,0.025376881847789978,0.16260202947221708,0.0003559506374211168,0.01135892396602016
2018-04-20,2018,1903,0,1,43,7,1.0582183264764036,0.002645545816191009,0.06644250475995346,0.1557527244782252,0.000332581318564605,0.0063252703739710954
2018-04-23,2018,1903,0,0,43,3,-0.7478812233114225,-0.0018697030582785561,-0.09557399342395906,0.18277831685070864,0.0003195144326857904,0.01987394803113165
2018-04-24,2018,1903,0,0,45,4,-0.13435352637067488,-0.0003358838159266872,-0.019082134076777463,0.17001953465885444,0.00039432460546722246,0.01979402573681475
2018-04-25,2018,1903,0,0,45,6,-1.2856644794445977,-0.003214161198611494,-0.09619134749901023,0.18288591652760663,0.0005443260715757113,0.008416466999631363
2018-04-26,2018,1903,0,0,44,3,-0.3535735198357888,-0.0008839337995894719,0.00907438123249264,0.16532306921355772,0.0007194190281926388,0.01995218214245887
2018-04-27,2018,1903,0,0,45,2,0.9820130611801281,0.0024550326529503203,0.14323728275600286,0.14293919891768953,0.0003042087947390586,0.016803380239321514
2018-05-01,2018,1903,0,0,46,0,-0.1491170877202075,-0.0003727927193005187,-0.04030396008401969,0.1735574303116277,0.0004206437963436446,0.010352292894413898
2018-05-02,2018,1903,0,0,48,0,1.8816753264167447,0.004704188316041862,0.13420872651691437,0.1444447061413333,0.00044104690360175517,0.004802828781154157
2018-05-07,2018,1903,0,0,47,1,1.4162056030133534,0.0035405140075333835,0.07603305354152871,0.15414905291614112,0.0006644683133403282,0.004858307588836782
2018-05-08,2018,1903,0,0,47,4,0.900869925516938,0.002252174813792345,0.048972670487607506,0.1586646401420868,0.000775146305849606,0.00847131867265536
2018-05-09,2018,1903,0,0,48,4,0.24424015898878504,0.0006106003974719626,0.06239571773762979,0.1564297033904627,0.0008197460392648907,0.013248114195735754
2018-05-10,2018,1903,0,0,48,4,0.6005050903068049,0.0015012627257670122,0.046747274948535,0.15903948832499032,0.0010557836920905225,0.0223642233723452
2018-05-11,2018,1903,0,0,47,0,0.6958706550329377,0.0017396766375823442,-0.008515436799960037,0.16825770262449727,0.0007066091844911953,0.018164855717726417
2018-05-14,2018,1903,0,0,47,3,-0.8011616812374733,-0.002002904203093683,-0.051422376427477504,0.175417665590971,0.0006380058203865336,0.004821673420110526
2018-05-15,2018,1903,0,0,47,1,0.06792115712899871,0.00016980289282249677,0.05780908149555923,0.15719041714299906,0.0003868519186650641,0.005002183818940495
2018-05-16,2018,1903,0,0,47,3,0.40870480379479857,0.0010217620094869963,0.0484210558079227,0.15875839505709238,0.0002967885774751601,0.005594466410084083
2018-05-17,2018,1903,0,0,48,0,1.1884022542355648,0.002971005635588912,0.10503771715078855,0.14931167620289493,0.00035390577248678304,0.01095551837156113
2018-05-18,2018,1903,0,0,49,1,0.7002412919434582,0.0017506032298586455,0.06300251532549908,0.15632567067004977,0.0002351392660985378,0.007318011419036975
2018-05-21,2018,1903,0,0,50,3,0.41935336980058807,0.0010483834245014702,-0.05661433945533512,0.17628024982533258,0.00029346901367994366,0.015816471744311847
2018-05-22,2018,1903,0,0,51,0,-0.45576699049839453,-0.0011394174762459864,-0.02618976805104784,0.17120916592272617,0.00038032201179109907,0.006998199486741513
2018-05-23,2018,1903,0,0,50,10,-1.7786369430000253,-0.0044465923575000635,-0.14316809220974214,0.19072203766868392,0.0002893353894493665,0.04342945703173446
2018-05-24,2018,1903,0,0,50,2,-0.4073078007639978,-0.0010182695019099945,-0.029347940958456248,0.17172899470500327,0.00036265662262222753,0.011951923226211018
2018-05-25,2018,1903,0,0,50,10,-0.438461386971293,-0.0010961534674282325,-0.05273884673243529,0.175636778850086,0.00026710385614264726,0.013638169765962913
2018-05-28,2018,1903,0,0,50,15,0.5997121871953026,0.0014992804679882566,0.06566966405219554,0.15588489102384048,0.0003605416189150847,0.03143731767072089
2018-05-29,2018,1903,0,0,50,13,1.4687067886316294,0.0036717669715790736,0.07431424564215831,0.15443882825722335,0.0004700747013616023,0.016616326353982882
2018-05-30,2018,1903,0,0,50,8,-0.6290606908017129,-0.0015726517270042823,-0.06623854152163668,0.17788866358378785,0.0004330575462334228,0.012271512501226463
2018-05-31,2018,1904,0,0,51,10,-1.9346990866564686,-0.0048367477166411715,-0.18888214898012912,0.19835447687974628,0.0006208038283704133,0.016180917464921653
2018-06-01,2018,1904,0,0,51,8,0.230267666231975,0.0005756691655799375,-0.029968678501657017,0.17183277898779967,0.0003507451572319651,0.22251793137266843
2018-06-04,2018,1904,0,0,51,15,1.1297719830819617,0.0028244299577049044,0.03180168247340631,0.1615277251086478,0.0003476603647453491,0.0571306430187487
2018-06-05,2018,1904,0,0,52,6,0.4881057661540942,0.0012202644153852355,0.09094931004960088,0.15166285221088943,0.0004124653800509709,0.027239570154752556
2018-06-06,2018,1904,0,0,52,7,-0.2194653034088601,-0.0005486632585221503,-0.016521483520039786,0.16958873405478966,0.0003092839263148719,0.026854199737144202
2018-06-07,2018,1904,0,0,51,7,-0.28385260277039404,-0.0007096315069259851,-0.021626028068872226,0.1704418195765119,0.00032578005453311014,0.032567244961511074
2018-06-08,2018,1904,0,0,51,14,-0.703311069314886,-0.001758277673287215,-0.05064814755080412,0.17528369195549034,0.00024874993180207765,0.022528137029429348
2018-06-11,2018,1904,0,0,51,11,-0.04037202315230193,-0.00010093005788075482,-0.010037963711050233,0.16850853866489512,0.00034555203330636017,0.01581159250956898
2018-06-12,2018,1904,0,0,52,1,0.6522929617845026,0.0016307324044612563,0.047790667947991666,0.15885995217792928,0.00032649596053090373,0.004420347942347455
2018-06-13,2018,1904,0,0,53,2,1.4995505369287279,0.0037488763423218197,0.14011799776891498,0.1434627342202297,0.0003947030253258905,0.005006186959264311
2018-06-14,2018,1904,0,0,53,9,-1.8532525886587545,-0.004633131471646886,-0.1793277841006244,0.1967590766809133,0.0004658504837174697,0.010526508125830978
2018-06-15,2018,1904,0,0,53,9,0.3781628369053234,0.0009454070922633084,0.007238921068326078,0.1656333560536866,0.0006055745912199802,0.015258804704617887
2018-06-18,2018,1904,0,0,51,6,0.27192062927055305,0.0006798015731763826,0.01176975502554816,0.164874213637414,0.0003157602107644136,0.020783439811547257
2018-06-19,2018,1905,0,0,51,16,1.2396815771535568,0.003099203942883892,0.11155574473199993,0.14822676892375755,0.00033584831288901973,0.02737633314416189
2018-06-20,2018,1905,0,0,50,17,0.050676917611230526,0.00012669229402807633,0.025036670473086185,0.16266190082447987,0.00043326397584370855,0.06091376118479396
2018-06-21,2018,1906,0,0,51,5,-0.3937165715144668,-0.0009842914287861671,-0.02045135459507547,0.17025224082160884,0.0006266179197083481,0.01588524091732045
2018-06-22,2018,1907,0,0,51,8,-1.9674253554429177,-0.004918563388607295,-0.16491817157557107,0.19435234658635786,0.0004054571830372868,0.0184412614615158
2018-06-25,2018,1907,0,0,51,8,0.8689002552784005,0.0021722506381960014,0.1635578762706382,0.13955101603898137,0.0005547976324832916,0.017786287767002074
2018-06-26,2018,1908,0,0,51,9,-0.14180241100395663,-0.0003545060275098916,-0.025055064476304383,0.17101814015464845,0.00031497396399668203,0.02248389740347737
2018-06-27,2018,1909,0,0,50,4,0.8796575502844979,0.0021991438757112446,0.12150608762469177,0.14656467960101682,0.0003325778290452219,0.0075524788297809935
2018-06-28,2018,1909,0,0,50,13,-0.5910602895759123,-0.0014776507239397808,-0.025078834583365597,0.17102518456474491,0.0008068916225458488,0.04034235365799856
2018-06-29,2018,1910,0,0,51,5,-0.887545975480892,-0.0022188649387022297,-0.07255704954909986,0.17894372426218114,0.00038318114839949757,0.01378887942155103
2018-07-02,2018,1910,0,0,52,17,0.3219657912071512,0.000804914478017878,0.026876574335787256,0.16235364885447834,0.0003995050322706332,0.027158177178937655
2018-07-03,2018,1910,0,0,52,5,0.2850858617637475,0.0007127146544093687,0.040971731076286155,0.1600052429420033,0.0005457517063641437,0.015949727059207018
2018-07-04,2018,1910,0,0,52,4,1.7184279074906224,0.004296069768726556,0.11142914734205886,0.1482482175675929,0.0008008724447358723,0.01710901508897142
2018-07-05,2018,1910,0,0,51,25,0.10424247410479115,0.0002606061852619779,-0.020639895043783576,0.17028282725441005,0.0012848251740454496,0.04787400794088246
2018-07-06,2018,1910,0,0,52,8,1.0296192388611118,0.0025740480971527795,0.06520807137273436,0.1559598038680332,0.00044137226724111014,0.028601749736478915
2018-07-09,2018,1910,0,0,51,1,-0.5520700402780305,-0.0013801751006950764,-0.047705383375377,0.17479902538133224,0.0004954599607900163,0.03402774442420701
2018-07-10,2018,1911,0,0,51,5,0.17126386723907494,0.00042815966809768737,0.06811042677375825,0.15547071749398206,0.00035492468025947777,0.012341723953994499
2018-07-11,2018,1911,0,0,53,8,0.11679445046820192,0.0002919861261705048,0.02970803662638196,0.1618797654158331,0.0006046440796607753,0.04218564387101961
2018-07-12,2018,1911,0,0,54,8,2.0412812854618876,0.005103203213654719,0.1510887833031539,0.1416319245973234,0.0006529198782957483,0.00876998211436711
2018-07-13,2018,1911,0,0,55,2,0.26593264951789863,0.0006648316237947466,0.05215969278361253,0.1581350728853343,0.00040194470477024233,0.011939414528410087
2018-07-17,2018,1911,0,0,54,2,1.7556473253989557,0.0043891183134973895,0.15700652708860172,0.1406436250744834,0.00027781293008351867,0.018701243651743915
2018-07-18,2018,1911,0,0,54,3,-1.0026172950925105,-0.0025065432377312765,-0.03806279959737382,0.17318550622632592,0.00032766786651555486,0.013013367961681526
2018-07-19,2018,1911,0,0,55,6,0.3815092310181468,0.000953773077545367,0.06852667744795139,0.15539886292501157,0.00033029408079926877,0.04258508377419379
2018-07-20,2018,1911,0,0,54,3,0.29901557022084546,0.0007475389255521136,0.05179184408344866,0.15819499461745717,0.00032679891594351184,0.008815901623540925
2018-07-23,2018,1912,0,0,55,4,0.7903169248072297,0.0019757923120180742,0.08507149531911107,0.1526404803608611,0.00031781400292977353,0.006136490384983264
2018-07-24,2018,1912,0,0,57,5,0.48993440856087633,0.0012248360214021908,0.042563185057322976,0.15973819521642738,0.000370007319337476,0.01159496827275558
2018-07-25,2018,1913,0,0,58,6,0.6353706331250559,0.0015884265828126397,0.04905060636113395,0.15865437433577162,0.0003476366942647289,0.019574103695207616
2018-07-26,2018,1913,0,0,58,10,0.09122911602846662,0.00022807279007116654,0.06962811567639421,0.15521949894748424,0.0007499146508541008,0.02535533444385636
2018-07-27,2018,1913,0,0,57,5,1.1905304062143522,0.002976326015535881,0.1279388495427269,0.14549341974945512,0.0007901157071279985,0.011246870790536469
2018-07-30,2018,1913,0,0,57,2,-1.473437418276606,-0.0036835935456915147,-0.046298604646526784,0.17456141007031112,0.0008350778101387867,0.012463299525986416
2018-07-31,2018,1913,0,0,57,7,1.12406062299749,0.002810151557493725,0.09653675367595975,0.1507268623103963,0.0005443545121052411,0.013686234921918698
2018-08-01,2018,1913,0,0,58,4,-0.5214734107284957,-0.0013036835268212393,-0.03113110932635124,0.1720322902279561,0.0007178919978740774,0.019336557102599856
2018-08-02,2018,1913,0,0,56,2,-1.048231499504686,-0.002620578748761715,-0.028362287483516525,0.1715686073621213,0.0008123874484641926,0.015412111191076333
2018-08-03,2018,1913,0,0,56,0,0.6262716291186775,0.0015656790727966937,-0.0020638553829634533,0.16718190366834199,0.0005911165414163041,0.012095433272224579
2018-08-06,2018,1913,0,0,57,0,0.2605085275342184,0.000651271318835546,0.025152145146243553,0.16264140073330727,0.0007243490157450169,0.01755033408551309
2018-08-07,2018,1913,0,0,58,1,0.2095470956585803,0.0005238677391464508,0.0392459255384122,0.16028941050185622,0.0006258209701627615,0.012671098555252397
2018-08-08,2018,1913,0,0,57,2,0.41941783570881697,0.0010485445892720424,0.0660572722623944,0.1558170227744594,0.0009832710938691234,0.010561082828341567
2018-08-09,2018,1913,0,0,58,1,1.4909995983091644,0.003727498995772911,0.0828675321132232,0.15301497051663687,0.0014501984816706315,0.00678055199517256
2018-08-10,2018,1913,0,0,58,6,0.48773587046594935,0.0012193396761648733,0.022361135997215526,0.16310931520866653,0.0008077738140515488,0.015397155808706087
2018-08-13,2018,1913,0,0,58,14,-0.6833134280923796,-0.001708283570230949,0.011853608248693673,0.16486167456659007,0.000499783991042616,0.012617102964903839
2018-08-14,2018,1913,0,0,60,14,-0.2736493194796883,-0.0006841232986992208,0.02273540954472574,0.163044603548622,0.000500840310674865,0.015067670808550065
2018-08-15,2018,1913,0,0,61,5,-1.3186483753835605,-0.0032966209384589014,-0.08298234438235887,0.1806789992783681,0.0003850055262573921,0.025429284184831407
2018-08-16,2018,1913,0,0,62,6,0.4873017562038493,0.0012182543905096233,0.06277913909456717,0.1563635056847757,0.0002986425165103205,0.020761434565398182
2018-08-17,2018,1913,0,0,63,3,-0.5431594866368058,-0.0013578987165920144,-0.04325444313480425,0.1740538748119803,0.0003582697817345551,0.019912886226825573
2018-08-20,2018,1913,0,0,64,8,-0.4797020480512757,-0.0011992551201281893,-0.03198697957977655,0.17217480846594366,0.0005848944965944282,0.020364907142010523
2018-08-21,2018,1913,0,0,64,1,-0.6202068896167963,-0.0015505172240419906,-0.07327703023337856,0.17905382550004154,0.00043865536301854126,0.008657398214499932
2018-08-22,2018,1913,0,0,65,3,0.47177525981077073,0.0011794381495269267,0.05648853329644428,0.1574092460939362,0.0003083560739001769,0.022438990818363612
2018-08-23,2018,1913,0,0,64,1,0.004573113841336518,1.1432784603341295e-05,0.015446766562013756,0.16426237614755915,0.00047526002626069867,0.047930335898559155
2018-08-24,2018,1913,0,0,64,6,1.6141735937447823,0.004035433984361955,0.1317740345084116,0.1448422898155238,0.00025738063915113163,0.01649843087605713
2018-08-27,2018,1913,0,0,64,4,-0.43262209327181844,-0.001081555233179546,-0.012136473806456289,0.1688618976917453,0.0003704420662834808,0.01585272642679214
2018-08-28,2018,1913,0,0,64,6,-0.27260399824620274,-0.0006815099956155069,-0.02935224882085191,0.17172891699186218,0.00036587018772055955,0.030490583818978227
2018-08-29,2018,1913,0,0,63,10,-0.8182660984371567,-0.0020456652460928916,-0.06396276513908024,0.17749955003821044,0.0002902765505853554,0.02654727562864398
2018-08-30,2018,1913,0,0,63,7,-0.47084753147379765,-0.001177118828684494,-0.06645490977523465,0.17792404445491042,0.000665951793457513,0.04431173139937287
2018-08-31,2018,1913,0,0,65,14,-0.5458455211882098,-0.0013646138029705247,-0.07727428965405068,0.1797244695834787,0.00033899034243962164,0.00812375394492098
2018-09-03,2018,1913,0,0,64,11,0.2679384535324,0.000669846133831,0.02077092784998374,0.1633638868414967,0.00038311495324250597,0.029940416867329275
2018-09-04,2018,1913,0,0,64,11,0.6590737896389738,0.0016476844740974344,0.04436362374131752,0.15943590450554276,0.0004501522436288576,0.02232407550356301
2018-09-05,2018,1913,0,0,65,6,0.08059962809957777,0.00020149907024894441,0.02949489536260129,0.1619149661381325,0.0003407923851615596,0.009452695968218959
2018-09-06,2018,1913,0,0,63,8,-1.0889517441725627,-0.0027223793604314065,-0.0034432024219947974,0.16740488940716566,0.00047871509969118163,0.40439924292586277
2018-09-07,2018,1913,0,0,63,5,0.09179471497834757,0.00022948678744586892,0.061692744137409,0.15653727378749357,0.0003643850982031334,0.013501764061338696
2018-09-10,2018,1913,0,0,64,6,0.1718152119404115,0.00042953802985102875,0.07703735497160659,0.15398373205230745,0.0004173605401319843,0.00887918442792529
2018-09-11,2018,1913,0,0,61,6,-0.17484575899354637,-0.0004371143974838659,-0.027780244714633254,0.17147029313194456,0.0003975845213951001,0.008897477081984332
2018-09-12,2018,1913,0,0,62,0,-1.7419377344861386,-0.0043548443362153464,-0.21036420685325846,0.2019338406337477,0.0006648090031398071,0.016309764123326125
2018-09-13,2018,1913,0,0,63,10,0.29243788563223205,0.0007310947140805801,0.03597208341151764,0.16083785803950826,0.0007150949119705136,0.01232876655458745
2018-09-14,2018,1913,0,0,61,8,1.2307579528947707,0.003076894882236927,0.17080808236260947,0.1383418154806014,0.0005353668478662192,0.021917637463806792
2018-09-18,2018,1913,0,0,59,4,0.2865223756228614,0.0007163059390571535,-0.022492111491652953,0.17058759991869132,0.0003373532565695198,0.0319850529430504
2018-09-19,2018,1913,0,0,58,8,0.15129843633955264,0.00037824609084888164,0.035277599950363545,0.16095353847716068,0.0004628407206265749,0.023440347693696163
2018-09-20,2018,1913,0,0,57,6,-0.12508453833118605,-0.00031271134582796514,-0.034324079928932306,0.17256675065423382,0.0005871491609755856,0.017551945179203207
2018-09-21,2018,1914,0,0,58,11,-2.2876164886093453,-0.005719041221523363,-0.1837795208399088,0.19749996037713397,0.0005437510680938357,0.03941717179963552
2018-09-25,2018,1915,0,0,59,21,-0.6906811510384383,-0.0017267028775960957,-0.04454620279287697,0.17427208411940004,0.0009674956939635282,0.028323764332951976
2018-09-26,2018,1915,0,0,58,12,0.6112968882497731,0.0015282422206244328,0.04748810773611862,0.15891398020459363,0.00033637494154437184,0.029081647143999273
2018-09-27,2018,1916,0,0,59,15,0.7821074200602879,0.0019552685501507197,0.10193280600153785,0.1498315206965567,0.00037186304447038934,0.0634934350641087
2018-09-28,2018,1917,0,0,60,17,-1.0241022716151664,-0.002560255679037916,-0.09884084927060019,0.18332684214243353,0.0003936637888655535,0.013918268218467724
2018-10-01,2018,1920,0,0,63,19,0.6622879007485867,0.0016557197518714667,0.0529051063289951,0.1580114759696671,0.0005265504526948863,0.016239169905483512
2018-10-02,2018,1920,0,0,63,17,-0.6678197611604944,-0.0016695494029012358,-0.04013553955467339,0.17353220502491334,0.0003163268469777729,0.02159562220537511
2018-10-03,2018,1920,0,0,63,3,-0.8596113313644673,-0.0021490283284111684,-0.06437263324916045,0.1775754358826869,0.00043354220378179475,0.01633904156031325
2018-10-04,2018,1920,0,0,62,11,-0.6557700093964947,-0.0016394250234912366,-0.035696478224441,0.17279471087681916,0.0008259043251350184,0.02648574369400188
2018-10-05,2018,1920,0,0,65,9,0.5517380093981205,0.0013793450234953011,0.09261585542959401,0.15138447355884488,0.0005290969209110738,0.03792380679140843
2018-10-09,2018,1920,0,0,65,5,-0.7003165558433526,-0.0017507913896083816,0.029196692349811478,0.16196917008525677,0.0013643940579036763,0.023951124237979
2018-10-10,2018,1920,0,0,64,2,2.6651422597607946,0.006662855649401987,0.1869105906641288,0.135655200280457,0.0006555050270330297,0.016884730290901234
2018-10-11,2018,1920,0,0,63,31,1.4504776269653525,0.0036261940674133814,0.053661752360154136,0.15788689625575789,0.0005206799268058525,0.10398732925116251
2018-10-12,2018,1920,0,0,63,5,-0.4048087017185964,-0.001012021754296491,-0.09447117982825408,0.1825982632653607,0.0004883396079374637,0.024859064421476812
2018-10-15,2018,1920,0,0,63,11,0.5608869947254536,0.001402217486813634,0.09256228609522009,0.15139681523039716,0.0008916855977756437,0.034659760294387325
2018-10-16,2018,1920,0,0,64,13,-1.2105641157991935,-0.003026410289497984,-0.10427294348542276,0.18423223774048367,0.00037666638681657855,0.023295337102668155
2018-10-17,2018,1920,0,0,63,6,-1.394828342462004,-0.0034870708561550103,-0.1275676585542979,0.18811923992625873,0.0005222719266080152,0.06708692029426341
2018-10-18,2018,1920,0,0,63,16,-0.5511001031403299,-0.0013777502578508247,-0.009031455440539501,0.16834153136171176,0.0003200976087885169,0.04103234140419304
2018-10-19,2018,1921,0,0,64,10,0.9408981318470486,0.0023522453296176216,0.11057439381026135,0.1483917550876822,0.0006480763974657365,0.013995297165762128
2018-10-22,2018,1921,0,0,63,13,0.16495814632189593,0.0004123953658047398,0.05514169602926334,0.15763118410504873,0.0003961195772502251,0.03244066503288842
2018-10-23,2018,1921,0,0,62,9,1.0515095424449532,0.002628773856112383,0.11758435524359694,0.14722246468242994,0.0009865154037479672,0.04049251311443315
2018-10-24,2018,1921,0,0,63,15,-0.1597818639834152,-0.000399454659958538,-0.0027177341424415567,0.1672918446638081,0.0006919201784943904,0.10196310034053167
2018-10-25,2018,1921,0,0,62,36,0.20525721838308764,0.000513143045957719,0.06542973449487058,0.1559221304657902,0.0015130696856635439,0.07599417315817696
2018-10-26,2018,1921,0,0,62,26,-1.8585613044642093,-0.004646403261160523,-0.0946259328877389,0.18262713839453554,0.002404888335942923,0.027321647164872762
2018-10-29,2018,1921,0,0,62,14,-1.672020879728486,-0.004180052199321215,-0.15567071802591184,0.1928117840575113,0.002382277624832165,0.035978202521052556
2018-10-30,2018,1921,0,0,63,31,1.824160286222051,0.004560400715555127,0.08788583255190542,0.15217506109940748,0.0018189277382996301,0.1311487163568774
2018-10-31,2018,1921,0,0,62,9,3.718958670485452,0.00929739667621363,0.24277591714064753,0.12633448707394784,0.000876901096885158,0.07445208071631637
2018-11-01,2018,1921,0,0,62,12,1.2494272584659434,0.0031235681461648586,0.04709914949529798,0.15897787778661196,0.0005917042025922044,0.02616655097535291
2018-11-02,2018,1921,0,0,61,6,-0.42876415098872234,-0.001071910377471806,0.01787072873157493,0.16385440425507639,0.0006396370105650386,0.04171380534156274
2018-11-05,2018,1921,0,0,61,6,0.5070437445912024,0.001267609361478006,0.04678581870602834,0.15903129069716476,0.0006383695824210863,0.029616526054102418
2018-11-06,2018,1921,0,0,60,7,0.23039411725208403,0.0005759852931302101,0.030218786949622437,0.1617971340525632,0.0009401360889257424,0.018304681308504635
2018-11-07,2018,1921,0,0,60,12,0.009627902593305149,2.4069756483262872e-05,-0.009973272544011105,0.1684958397810521,0.0007547393403992033,0.02565669057529153
2018-11-08,2018,1921,0,0,60,5,0.10620111333633564,0.0002655027833408391,-0.02998455008576851,0.17183799353996762,0.0011287818229885089,0.02811796139666859
2018-11-09,2018,1921,0,0,62,5,-0.646901593868352,-0.00161725398467088,-0.02158197052706897,0.17044040432590807,0.0009567705715546075,0.014586133338732776
2018-11-12,2018,1921,0,0,61,2,0.9433873468380335,0.0023584683670950838,0.03522543837882507,0.16096013472653764,0.0007733665368014327,0.01239165588014429
2018-11-13,2018,1921,0,0,58,10,-0.8003315878569649,-0.0020008289696424124,-0.06523956701900584,0.17772037359375906,0.0007386331646215448,0.013579782173389135
2018-11-14,2018,1921,0,0,59,8,-1.2563683187494965,-0.003140920796873741,-0.1681520516232591,0.19489239476182021,0.0005323738770326814,0.013914018752280459
2018-11-15,2018,1921,0,0,58,8,0.2034302081576873,0.0005085755203942183,0.018209826966625896,0.16379938937025076,0.0005345041401676766,0.023259321458628315
2018-11-16,2018,1921,0,0,58,11,0.9017270145523058,0.0022543175363807645,0.11399793850338619,0.14781693601919937,0.0004521489179198004,0.05151010279044528
2018-11-19,2018,1921,0,0,58,4,-0.4291260665776415,-0.0010728151664441037,0.007617606534977194,0.16556534455106478,0.0003399242663780789,0.012469954606591116
2018-11-20,2018,1921,0,0,59,7,-0.21020964171060919,-0.0005255241042765229,0.001648537890365228,0.16656215106629393,0.00040664473515012665,0.019595112891075246
2018-11-21,2018,1921,0,0,59,17,0.7129206447982531,0.0017823016119956328,0.029854844670055083,0.16185343961083,0.0003910608737263156,0.012004366622159411
2018-11-22,2018,1921,0,0,59,3,1.2189229187375537,0.003047307296843884,0.1263270560199219,0.14576059936615224,0.00033931550663903793,0.010349448726260334
2018-11-26,2018,1921,0,0,60,3,2.580436785170032,0.00645109196292508,0.1824773686985798,0.13639240046676626,0.0004673281261407752,0.017780496996813572
2018-11-27,2018,1921,0,0,60,6,0.8923302893817188,0.002230825723454297,0.09881063626405644,0.15035104234730626,0.0003776759160383612,0.00916653004916142
2018-11-28,2018,1922,0,0,61,6,0.2801752793725004,0.0007004381984312511,0.008427365701035909,0.1654317685357606,0.00037583848982231604,0.028738419653058712
2018-11-29,2018,1922,0,0,62,13,1.6834242839072417,0.004208560709768105,0.1541902595823586,0.14111256586511708,0.00040919034788712495,0.06160940109720035
2018-11-30,2018,1922,0,0,61,4,-0.7846305108407634,-0.0019615762771019087,-0.07836469269808981,0.1799141822247835,0.000916536189011829,0.011469802332165373
2018-12-03,2018,1922,0,0,62,10,-1.716084053571294,-0.004290210133928235,-0.1611346611092119,0.1937221080164523,0.0005327775899834584,0.013365071298406936
2018-12-04,2018,1922,0,0,61,10,0.30827267252905344,0.0007706816813226336,0.02547800961231615,0.16258857983647376,0.0007549923127798298,0.06259439231998473
2018-12-05,2018,1922,0,0,62,14,-0.5202551665554067,-0.0013006379163885168,-0.09045322761740021,0.18192773367425907,0.00042284347683071223,0.02563330479789738
2018-12-06,2018,1922,0,0,62,17,1.1178698136991247,0.002794674534247812,0.10151150730373713,0.14990382001736566,0.000688771445508351,0.015559716150377857
2018-12-07,2018,1922,0,0,62,10,-0.1979578329513494,-0.0004948945823783735,-0.05105455955267369,0.1753567686372954,0.0006348764629759879,0.009777808811533038
2018-12-10,2018,1922,0,0,60,18,-1.4536500111183552,-0.003634125027795888,-0.07764279213944877,0.17979362202238128,0.0015830933127361712,0.038772043441899176
2018-12-11,2018,1922,0,0,59,19,-2.07850152538156,-0.0051962538134539,-0.21612030830661702,0.20289432923881062,0.0011158091383486567,0.027095410405120604
2018-12-12,2018,1923,0,0,58,3,-0.8260102370875888,-0.002065025592718972,-0.09738460059288367,0.18308641160389122,0.0011272422394444602,0.06013875748972646
2018-12-13,2018,1924,0,0,59,1,-1.2302456440303127,-0.0030756141100757818,-0.13717145847179885,0.18972347339593573,0.0007032681391333425,0.029058202711148624
2018-12-14,2018,1923,0,0,60,10,-0.6723552819799501,-0.0016808882049498752,-0.05486483987471301,0.17599361445701037,0.0007770192590330279,0.04724803548889005
2018-12-17,2018,1923,0,0,59,7,0.4117905123842041,0.0010294762809605104,0.016726411462962467,0.16404720661643005,0.0004653127451613435,0.015115913023130442
2018-12-18,2018,1923,0,0,57,11,1.9565237827467188,0.004891309456866797,0.1623491537967856,0.13975372176688475,0.0008132739524978555,0.055746422524961356
2018-12-19,2018,1925,0,0,59,17,0.6790645311641015,0.0016976613279102537,-0.010746070068370877,0.16863269091699443,0.0010200490467386187,0.036161598740017654
2018-12-20,2018,1925,0,0,59,33,4.747675674034543,0.011869189185086358,0.19733892156212063,0.13391589811548232,0.0016564466548485938,0.08871243701945983
2018-12-21,2018,1928,0,0,61,44,-2.5266519435291332,-0.006316629858822833,-0.1724371015937449,0.19560858166123585,0.0028808083702374946,0.03967145722121164
2018-12-25,2018,1929,0,0,61,39,-2.6933794232177153,-0.006733448558044288,-0.18019577227428682,0.19690332934592275,0.01430693211802819,0.14770604312906851
2018-12-26,2018,1929,0,0,58,1,-0.12127437216099335,-0.0003031859304024834,-0.047705379312202464,0.1747945200476803,0.0010128995703871555,0.12589367448926891
2018-12-27,2018,1929,0,0,58,2,-0.2683148196097198,-0.0006707870490242995,-0.011294789962773747,0.1687221217974408,0.001012906747428522,0.09926762584742471
2018-12-28,2019,1930,0,0,58,9,0.16276159366239273,0.0004069039841559818,-0.10137519955117388,0.1837527925304952,0.0021049633109414406,0.046180090322138434
2019-01-04,2019,1930,0,0,57,42,-2.1960754313682833,-0.005490188578420708,-0.15549050703388817,0.19277893504627425,0.0009036648910774103,0.09077995187934082
2019-01-07,2019,1930,0,0,57,10,1.1207647702696475,0.0028019119256741188,0.030253472129622427,0.16178968020499884,0.0007635000806719707,0.08095824975547826
2019-01-08,2019,1930,0,0,56,15,-0.9604485525048556,-0.002401121381262139,-0.07752937959572971,0.17977013600014735,0.0008150239101117019,0.03872216133426467
2019-01-09,2019,1930,0,0,57,15,-0.3472739399646527,-0.0008681848499116318,0.04845314830642457,0.15874854289097184,0.00047969263638833443,0.032857282437584366
2019-01-10,2019,1930,0,0,55,13,-0.2843767913657995,-0.0007109419784144988,0.028902817759146836,0.1620145155407532,0.0008265249391315152,0.03095904145755047
2019-01-11,2019,1930,0,0,56,8,-0.1331386678169701,-0.0003328466695424252,0.004339807796295246,0.16611177876788735,0.00044037761381317703,0.023614850907540622
2019-01-15,2019,1930,0,0,56,11,0.4128426587200833,0.0010321066468002083,0.06731023569011539,0.15560391964690512,0.0004390889913152235,0.02058415673274473
2019-01-16,2019,1930,0,0,57,6,1.3992175100289113,0.0034980437750722782,0.0637168212015469,0.15620541457955955,0.0005469764785117614,0.03867245638662121
2019-01-17,2019,1929,0,0,59,15,0.7967372286336611,0.0019918430715841528,0.03088686324020217,0.16168316426640603,0.00046286621732200147,0.03785989477680023
2019-01-18,2019,1929,0,0,58,5,-0.8292468424964667,-0.0020731171062411667,-0.0447658354002995,0.1743025030172955,0.00046277011000671727,0.034514610198816
2019-01-21,2019,1929,0,0,59,1,-0.9518728654330808,-0.0023796821635827022,-0.07702325097817761,0.1796870926335389,0.00046401496285582465,0.04280306256048467
2019-01-22,2019,1929,0,0,61,7,-0.3555032082899996,-0.000888758020724999,-0.05050122756826785,0.17525842460841207,0.0004996560770885628,0.014887245299779698
2019-01-23,2019,1929,0,0,61,9,-1.5913625630941457,-0.003978406407735364,-0.12884935952106097,0.1883314052417938,0.0005656036700724476,0.017957333816645465
2019-01-24,2019,1929,0,0,60,11,0.563588061100691,0.0014089701527517276,0.010563497083085441,0.16507440177583907,0.0004593651739192851,0.08764606972518553
2019-01-25,2019,1929,0,0,60,3,1.4610660216909301,0.003652665054227325,0.09040258390430134,0.15175078359288713,0.00036511755772579023,0.02297318145295525
2019-01-28,2019,1929,0,0,60,4,0.27611563868624245,0.0006902890967156061,-0.038789922345226976,0.1733088900570465,0.0007572141817630393,0.011337953101048511
2019-01-29,2019,1929,0,0,61,4,0.1389258848715076,0.00034731471217876896,-0.020495343042035936,0.1702549208775121,0.0008035104946279106,0.02132526846292029
2019-01-30,2019,1929,0,0,62,5,0.14596895551087852,0.0003649223887771963,0.029371380668859276,0.16193680908974667,0.0009124511491502989,0.22838910916914948
2019-01-31,2019,1929,0,0,62,12,1.2230685566462216,0.003057671391615554,0.07303223361026043,0.1546542478793336,0.0009636685474895891,0.021971814548417914
2019-02-01,2019,1929,0,0,62,15,0.4891535155120442,0.0012228837887801106,-0.0056963743553761735,0.16778500279734823,0.0005356121032211325,0.018376622696068236
2019-02-04,2019,1929,0,0,62,24,-1.040098121149431,-0.002600245302873577,-0.0868618398003915,0.18132458008269123,0.000516936512180963,0.017014481699519614
2019-02-05,2019,1929,0,0,64,10,-0.11092680435973312,-0.00027731701089933283,-0.03744864488898989,0.17308333246086344,0.0007256543335206243,0.06456814193188656
2019-02-06,2019,1929,0,0,64,5,0.1625404993839239,0.00040635124845980975,0.002001195928516956,0.16650481450479918,0.0011745492473746988,0.015145361381207867
2019-02-07,2019,1929,0,0,66,6,0.6518724402960676,0.001629681100740169,0.020236168480916764,0.16346257436935663,0.0012713542175328916,0.025976078067078426
2019-02-08,2019,1929,0,0,65,1,0.818018790958756,0.00204504697739689,0.04046866424564694,0.16008442655820157,0.0007858932117613222,0.032621554103024857
2019-02-12,2019,1929,0,0,64,1,1.1777487722551614,0.0029443719306379034,0.08749617635841907,0.152237773322283,0.0006757502365388262,0.021087097189886467
2019-02-13,2019,1929,0,0,64,1,0.2788440381965156,0.000697110095491289,0.028713224342702716,0.16204369383486172,0.000816164076823104,0.017274812207835097
2019-02-14,2019,1929,0,0,65,4,0.0983393840571285,0.00024584846014282126,-0.007166219965798741,0.16803487526221958,0.0008750975420742293,0.01787350746831447
2019-02-15,2019,1929,0,0,64,0,0.7964409349992814,0.0019911023374982032,0.03503754230581992,0.160984591660523,0.0003478521548908222,0.02268145962804406
2019-02-18,2019,1929,0,0,63,2,0.3772270512961568,0.000943067628240392,0.023340521317027255,0.16294004418247826,0.0003159629094137821,0.035598611554587996
2019-02-19,2019,1929,0,0,63,1,1.1964360478812779,0.002991090119703195,0.09570587354710249,0.1508627304953909,0.00028217045311897603,0.01961865516562602
2019-02-20,2019,1929,0,0,64,8,-0.3000092187212575,-0.0007500230468031438,-0.07108352125925765,0.17868773609905755,0.000326851665147695,0.012637091891177274
2019-02-21,2019,1929,0,0,64,2,-0.24769335742682674,-0.0006192333935670668,-0.006471935611282557,0.16791580780539955,0.0003334984107375369,0.008261666910851995
2019-02-22,2019,1929,0,0,64,1,-0.18293597077914198,-0.0004573399269478549,0.002155108671264988,0.16647209325752227,0.0003132205765216201,0.019980444643745862
2019-02-25,2019,1929,0,0,63,7,-1.3005217493841061,-0.0032513043734602653,-0.09276831525722883,0.18231047392964436,0.00038646104334444397,0.009627894286457153
2019-02-26,2019,1929,0,0,62,13,0.6041275032441866,0.0015103187581104666,0.07007006884361613,0.15514221948602125,0.0004412093065469799,0.02743964544951033
2019-02-27,2019,1929,0,0,62,13,-0.08655623094547515,-0.0002163905773636879,-0.025522209864850775,0.17109201098033047,0.0002893246538061092,0.04006249614403796
2019-02-28,2019,1930,0,0,60,2,1.0228397428404354,0.0025570993571010885,0.02188240692567721,0.1631859086572148,0.00042949024227175695,0.01806980661113038
2019-03-01,2019,1931,0,0,61,12,0.1259834934135542,0.0003149587335338855,-0.011766370968954767,0.16879600353237462,0.00034363604086035994,0.012007045638629477
2019-03-04,2019,1931,0,0,61,17,-0.432326507365689,-0.0010808162684142226,-0.008238148993077841,0.16820558697880159,0.00026751472900593017,0.021872471021651553
2019-03-05,2019,1932,0,0,63,10,0.30583807473632607,0.0007645951868408151,-0.0020919103271175936,0.1671853986219923,0.0004210637853763766,0.018996990065240693
2019-03-06,2019,1932,0,0,64,8,1.1706395395000744,0.002926598848750186,0.09592313674052672,0.15083532910753564,0.000920887750523795,0.010455661508950335
2019-03-07,2019,1932,0,0,63,5,-0.8767818331898878,-0.0021919545829747196,-0.06552720606550652,0.17776756951692615,0.0004373971753146964,0.024090212873177728
2019-03-08,2019,1932,0,0,63,1,0.6285122264532754,0.0015712805661331885,0.13007824194602666,0.1451357867910234,0.0007231631312671887,0.02055773244936221
2019-03-11,2019,1932,0,0,63,8,-0.8136298224805931,-0.0020340745562014827,-0.07546669785021276,0.17942463183265897,0.00034461133023678934,0.022221855634504892
2019-03-12,2019,1932,0,0,63,15,-0.34938843006825093,-0.0008734710751706273,-0.06202872166177973,0.1771802992060991,0.00036385959892453807,0.039245698914963274
2019-03-13,2019,1933,0,0,66,7,-0.48789931371676976,-0.0012197482842919243,-0.03064902153832992,0.17194923024399839,0.0005401669852172342,0.0226892690894557
2019-03-14,2019,1933,0,0,65,17,-0.7247573893750863,-0.0018118934734377156,-0.054488309308527536,0.17592721531713004,0.0007139837490603082,0.03556829562085249
2019-03-15,2019,1934,0,0,65,10,0.36634652926804434,0.0009158663231701109,0.020551785289186532,0.16340621989647697,0.0003031330564892212,0.034105649796784154
2019-03-18,2019,1934,0,0,65,5,-0.4678268422853106,-0.0011695671057132765,-0.05155440010251964,0.1754339526717983,0.0002896579546035193,0.013324975496677948
2019-03-19,2019,1935,0,0,66,10,0.049779941415793116,0.0001244498535394828,-0.03629729711354407,0.17288915987139947,0.0004044448797094323,0.013665991691898725
2019-03-20,2019,1936,0,0,67,6,0.3485759881890562,0.0008714399704726405,-0.027716820063415235,0.1714630062665651,0.0010303240590720478,0.019882870830038278
2019-03-22,2019,1936,0,0,66,8,0.24064881766332746,0.0006016220441583186,0.04549470102121943,0.1592483970079763,0.000993210468255118,0.00901659271587674
2019-03-25,2019,1936,0,0,65,13,-1.0115923805115752,-0.002528980951278938,0.0065194693612211155,0.16574932731116665,0.0005013722469575279,0.018558690551772665
2019-03-26,2019,1936,0,0,63,13,-1.1964014622771333,-0.0029910036556928333,-0.13277251163757753,0.1889897774528697,0.0013819623116105135,0.04994657875949097
2019-03-27,2019,1936,0,0,61,7,0.35800671573729553,0.0008950167893432389,0.0611717112227612,0.15662955938370984,0.0003493357584847288,0.0189286095787967
2019-03-28,2019,1937,0,0,63,11,-0.8948056141692682,-0.0022370140354231703,-0.10599647678259651,0.18452241211673892,0.0006472806674478321,0.06124232211582467
2019-03-29,2019,1937,0,0,64,3,-0.35099145064421955,-0.0008774786266105488,-0.09286620361398167,0.18232968172335506,0.0005432129176037089,0.02175664595383387
2019-04-01,2019,1937,0,0,63,5,-0.621124936762464,-0.00155281234190616,-0.07125915739283568,0.17872341642243883,0.00042594187398557797,0.0629478883634998
2019-04-02,2019,1937,0,0,63,7,0.26612659228065066,0.0006653164807016266,-0.028790810630404583,0.17162522499642716,0.0003359642503042881,0.06266439360590138
2019-04-03,2019,1937,0,0,63,8,1.0457607026050175,0.0026144017565125437,0.07319453368897066,0.15462038043501258,0.0003378424390569727,0.02602822383648695
2019-04-04,2019,1937,0,0,65,7,0.6994080335213346,0.0017485200838033366,0.03325657130435398,0.16128508299814573,0.00030569980240524353,0.012739394234372516
2019-04-05,2019,1937,0,0,64,8,0.771846529504099,0.0019296163237602477,0.054310747786277265,0.1577624461158317,0.0003397882056079466,0.03469468152412306
2019-04-08,2019,1937,0,0,63,9,0.8958061386740668,0.0022395153466851668,0.08573949311104115,0.1525283736311566,0.00024767659746628235,0.01722693241662062
2019-04-09,2019,1937,0,0,64,13,1.094900575188084,0.00273725143797021,0.13162279863799756,0.14486750505073376,0.00033128617653078015,0.024897500005495034
2019-04-10,2019,1938,0,0,63,9,0.11249797411968168,0.0002812449352992042,-0.020465751872373487,0.17024412317922114,0.00027868866583388203,0.014250430219051115
2019-04-11,2019,1938,0,0,66,8,-2.049676631173861,-0.0051241915779346526,-0.18802972560378894,0.19820778947857687,0.0008589355078131136,0.015355949993066697
2019-04-12,2019,1938,0,0,65,9,0.7901676156272205,0.0019754190390680513,0.05502724731302803,0.1576511838842917,0.00033074566251118027,0.03182841329613584
2019-04-15,2019,1938,0,0,64,22,0.024306457169552154,6.0766142923880387e-05,0.013455195443768744,0.16458480766584965,0.0003977875892866326,0.026189030415390637
2019-04-16,2019,1938,0,0,65,11,-0.3577341749132934,-0.0008943354372832335,-0.0473710935153617,0.1747408356520037,0.0006588997025546461,0.011542819922920194
2019-04-17,2019,1938,0,0,65,9,2.7134076165029564,0.006783519041257391,0.2322591591963212,0.1280835190618197,0.00031517021302191356,0.01422414862505776
2019-04-18,2019,1938,0,0,65,14,0.7969372689136837,0.001992343172284209,0.14210071318624792,0.14312071414079866,0.0002596095326449098,0.018389641596699167
2019-04-19,2019,1938,0,0,65,16,-0.09070636511575003,-0.0002267659127893751,0.03465953113037285,0.1610414714559558,0.00021944882992679362,0.025782316949958146
2019-04-22,2019,1938,0,0,64,12,0.07576711638268946,0.00018941779095672364,0.04729098128430681,0.1589460516360164,0.00035052443278141206,0.022466869881205814
2019-04-23,2019,1938,0,0,63,5,-0.14378613533674645,-0.00035946533834186614,0.020386718573223942,0.1634323280335666,0.0003709653341107153,0.02225169086044674
2019-04-24,2019,1938,0,0,64,18,-0.08469005142449786,-0.00021172512856124464,-0.013381610991963302,0.16906559441057387,0.0004227209419902022,0.023332065658428998
2019-04-25,2019,1938,0,0,64,14,-1.4398491236688602,-0.0035996228091721505,-0.10549180041255402,0.18443676218803684,0.0009408687017681358,0.0074243546784430025
2019-04-26,2019,1938,0,0,64,8,0.29348341655111376,0.0007337085413777844,-0.03769092047964124,0.17312518194832463,0.0007205944194751763,0.009078101742854445
2019-05-07,2019,1938,0,0,63,10,0.04084380020644707,0.00010210950051611767,-0.006358100864325388,0.16789832914648048,0.0009432016031510379,0.005837594314172352
2019-05-08,2019,1938,0,0,63,8,-0.2789861764302197,-0.0006974654410755493,0.0036513990978123373,0.16622492839886815,0.0008201712455452478,0.03433294707056371
2019-05-09,2019,1938,0,0,63,12,1.0831653577981664,0.002707913394495416,0.012442590532138816,0.164761062626265,0.001380921423177922,0.033816305129106355
2019-05-10,2019,1938,0,0,64,20,0.6359593686146222,0.0015898984215365556,0.004397074427593877,0.16610303574429125,0.0009955800091259184,0.015601786323649855
2019-05-13,2019,1938,0,0,62,7,0.6874604226905643,0.0017186510567264108,0.04102643582272507,0.15999222155650963,0.0012624897517701627,0.024323434773493725
2019-05-14,2019,1938,0,0,61,17,0.2140981228512513,0.0005352453071281282,0.052441163734146666,0.15808564623387028,0.0010179141533101714,0.028869074361377478
2019-05-15,2019,1938,0,0,61,11,-0.6412099900595674,-0.0016030249751489184,-0.012288591631112945,0.16888645537797337,0.0006437780891620455,0.029666777578105943
2019-05-16,2019,1938,0,0,61,11,0.7949781756521204,0.0019874454391303007,-0.00028075740520762724,0.1668805596561453,0.00044680735963989455,0.01963287393663958
2019-05-17,2019,1938,0,0,60,5,-0.5573068965902781,-0.0013932672414756952,-0.057840481667778804,0.1764846250342855,0.0003731765153753263,0.022563326741612908
2019-05-20,2019,1938,0,0,61,9,-0.47358228487789417,-0.0011839557121947355,-0.04590056867621886,0.17448800665657557,0.00032234185645034686,0.024366489339997983
2019-05-21,2019,1938,0,0,61,9,2.474321393726002,0.006185803484315005,0.16173682133162448,0.13984948349215737,0.0003852021831026529,0.013936619551144072
2019-05-22,2019,1938,0,0,60,7,-0.47781821560710347,-0.0011945455390177586,0.00998404765963786,0.16516699355151468,0.00030725635459542263,0.008472061481545097
2019-05-23,2019,1938,0,0,61,2,0.38378646201557115,0.0009594661550389278,0.05192183313713973,0.15816798910088675,0.00038036877293571496,0.030777935713587726
2019-05-24,2019,1938,0,0,60,6,-0.15965340075776857,-0.00039913350189442145,0.0019493899791969526,0.16650924818667232,0.00040255102951322565,0.020985084513797037
2019-05-27,2019,1938,0,0,60,12,-0.7884562274425027,-0.001971140568606257,-0.06449271797790182,0.17759348821482823,0.000394265336072619,0.010050102034634193
2019-05-28,2019,1938,0,0,60,0,2.7550149843359377,0.006887537460839845,0.25176859690362435,0.12483037468551349,0.0003681733333496886,0.015306565042522285
2019-05-29,2019,1938,0,0,60,7,0.41977200641792956,0.001049430016044824,0.07779196576370626,0.15385624981788543,0.00036761182570566454,0.03945406820220422
2019-05-30,2019,1938,0,0,59,12,0.34566924622685713,0.0008641731155671429,0.09881497182313664,0.15035143964688266,0.0006579918220816892,0.01917687606477632
2019-05-31,2019,1938,0,0,59,3,-3.0926564971832833,-0.007731641242958208,-0.2443705412983857,0.20760744006908521,0.0007268996880856035,0.01580980064843927
2019-06-03,2019,1939,0,0,58,5,-1.400763581055446,-0.003501908952638615,-0.16955081540726488,0.19512592758185887,0.0016698529726309175,0.028111736739372242
2019-06-04,2019,1939,0,0,58,3,-1.109233667180249,-0.0027730841679506225,-0.0366049767016641,0.1729371390808336,0.00046070602641234054,0.02894657187416617
2019-06-05,2019,1939,0,0,57,5,-0.2992589427915633,-0.0007481473569789082,-0.019445314760554083,0.17007776971376917,0.0005608207435455947,0.03569444528900686
2019-06-06,2019,1939,0,0,59,7,0.12769800255865427,0.0003192450063966357,-0.03756279203449708,0.17310247330982295,0.000689066648261939,0.031001290881663
2019-06-07,2019,1939,0,0,59,13,0.7437193660224524,0.0018592984150561309,0.06284702376044854,0.15634325396818533,0.0002836895709595197,0.04743316115071577
2019-06-10,2019,1939,0,0,59,14,-0.03064374833877037,-7.660937084692593e-05,-0.023244459365625855,0.17071004111229504,0.00036765363552134953,0.048943830031875635
2019-06-11,2019,1939,0,0,61,5,-1.6201299933578657,-0.004050324983394664,-0.20819896771388005,0.2015701393489215,0.0005619751803287109,0.0125602383372851
2019-06-12,2019,1940,0,0,62,7,-0.5328910463773371,-0.0013322276159433426,-0.006270938448031302,0.16787494982388432,0.00031350397091854345,0.07481651927633215
2019-06-13,2019,1940,0,0,62,15,-1.2699291084446316,-0.003174822771111579,-0.13298784870545874,0.18902016458574847,0.00038737214542082477,0.01777746985489601
2019-06-14,2019,1940,0,0,59,14,0.8322541779156221,0.0020806354447890554,0.06350276808474259,0.15624267909800513,0.0004494860926007569,0.011977583143174505
2019-06-17,2019,1940,0,0,57,10,-1.1302904946485244,-0.002825726236621311,-0.10559189437664271,0.18445405936117706,0.0008405876161323095,0.032554315046752096
2019-06-18,2019,1941,0,0,58,10,-0.687698133682922,-0.001719245334207305,-0.03467625655056906,0.17261337696996018,0.00038869842322184866,0.08140190670614607
2019-06-19,2019,1942,0,0,58,15,-0.5961604376422139,-0.001490401094105535,-0.07657985318696235,0.17961233766433404,0.0004864101297451935,0.05248015721480533
2019-06-20,2019,1942,0,0,57,10,-0.3461839350827748,-0.000865459837706937,-0.00800205273040447,0.168164502959253,0.00028011773077637027,0.020844604594581515
2019-06-21,2019,1942,0,0,57,14,0.18900097476265376,0.00047250243690663443,0.05102554519984956,0.15831488850216408,0.0002743134069273166,0.01714614235072858
2019-06-24,2019,1942,0,0,57,19,0.38907654176275,0.000972691354406875,0.0012490194011390903,0.1666268858883515,0.00043431967306212726,0.014096905078795038
2019-06-25,2019,1942,0,0,57,14,1.1064123655005558,0.0027660309137513893,0.0685733228662275,0.15539605914640575,0.0005333719930962686,0.007831484823737859
2019-06-26,2019,1942,0,0,57,29,-0.17439290979540295,-0.00043598227448850735,-0.007662824316788759,0.16810819811101832,0.0003738800442052226,0.015398694780125115
2019-06-27,2019,1943,0,0,57,2,0.16622377845716052,0.0004155594461429013,-0.008074971968040955,0.16818526645486653,0.0008353437183711813,0.03493965589500914
2019-06-28,2019,1943,0,0,57,11,-0.5034055418414267,-0.001258513854603567,-0.03574777085301531,0.17279659588404342,0.00028744246006514397,0.046479520510341744
2019-07-01,2019,1943,0,0,58,26,-2.3453540073263257,-0.005863385018315815,-0.20751178780443338,0.20145490528256438,0.0006284697597814992,0.09087292658871976
2019-07-02,2019,1943,0,0,57,8,1.3071846079373062,0.0032679615198432654,0.09926431234551848,0.15027323146925467,0.00024531825275843507,0.175428307490298
2019-07-03,2019,1943,0,0,57,3,0.34208192147808514,0.0008552048036952128,0.0670150742017971,0.1556446275911812,0.00025485495351171083,0.04295132331462069
2019-07-04,2019,1943,0,0,58,6,0.055257469826118566,0.0001381436745652964,-0.0034905909281939054,0.16741546015580533,0.0004698570105853851,0.03284339067206363
2019-07-05,2019,1943,0,0,55,6,0.46738468435408564,0.0011684617108852142,-0.01766588717641098,0.16978037049730704,0.00034048239025826914,0.060959381619236856
2019-07-08,2019,1943,0,0,54,1,0.32012492954741206,0.0008003123238685302,0.03166474207316617,0.161549118869835,0.00026652306507001454,0.018578353096298805
2019-07-09,2019,1943,0,0,53,3,-0.21836205501569772,-0.0005459051375392443,0.013481385065709183,0.16458490801071587,0.0003273703970812303,0.020733841415913296
2019-07-10,2019,1943,0,0,54,6,0.29229993287243927,0.0007307498321810982,0.052439277245387134,0.15808369892885518,0.0003948929818972268,0.2198453998051253
2019-07-11,2019,1943,0,0,55,4,-0.0029925608017995486,-7.481402004498871e-06,-0.025689994891214655,0.17111670058497977,0.0005638374009398595,0.01033308047289087
2019-07-12,2019,1943,0,0,52,1,-0.053656862775374625,-0.00013414215693843658,0.02850891560576113,0.16207489869443398,0.0002878194404723172,0.01089633589880355
2019-07-16,2019,1943,0,0,51,4,-0.5322653417355383,-0.0013306633543388457,-0.057973941342081545,0.17651031324980637,0.0009717928816916283,0.012461554153398186
2019-07-17,2019,1943,0,0,54,3,0.6418149253455576,0.0016045373133638941,0.0584067512237439,0.1570935269321636,0.0005261874806910619,0.00902325117334732
2019-07-18,2019,1944,0,0,55,16,-0.975410764861117,-0.0024385269121527924,-0.08568832972576718,0.18112845688328494,0.00031015063379310223,0.028673846212670325
2019-07-19,2019,1944,0,0,54,10,-0.40561206149464657,-0.0010140301537366165,-0.012501306650379327,0.1689201369735613,0.00021637353654649954,0.015302931684247966
2019-07-22,2019,1944,0,0,54,7,0.2009077595830851,0.0005022693989577127,-0.051660372575336955,0.1754478438555712,0.0002485189788752074,0.03306391347601599
2019-07-23,2019,1944,0,0,54,8,0.0015766446159803937,3.941611539950984e-06,-0.03193151662132306,0.17215707373824907,0.00025290265501923015,0.01097357280180768
2019-07-24,2019,1944,0,0,54,9,-0.6307201215407875,-0.0015768003038519687,-0.03711163517890715,0.17301843156597851,0.0003374502676116855,0.01328779900932456
2019-07-25,2019,1944,0,0,54,10,-0.7983099079946114,-0.0019957747699865286,-0.06817995674042547,0.17820525422798073,0.0003383417056744486,0.03329492284479096
2019-07-26,2019,1944,0,0,54,9,-0.37116037566269233,-0.0009279009391567308,0.021421342238964462,0.1632579643941334,0.0003536947185090324,0.038461442936451845
2019-07-29,2019,1945,0,0,54,7,-0.13878176442535262,-0.00034695441106338153,-0.02356827962661286,0.17076470997127524,0.000516576849537025,0.026550730854381952
2019-07-30,2019,1945,0,0,55,15,-0.28427906177662055,-0.0007106976544415513,0.02090921875919342,0.1633407475904178,0.00047284397260633306,0.0070860735589809085
2019-07-31,2019,1945,0,0,56,7,-1.3942132851419924,-0.003485533212854981,-0.15506150260796783,0.1927079100921848,0.0012710251737566918,0.012043514770030296
2019-08-01,2019,1945,0,0,55,8,-0.45691264934690423,-0.0011422816233672606,-0.05515034316019228,0.17603848507955638,0.0010137984658591251,0.01979820801748269
2019-08-02,2019,1945,0,0,56,25,0.8075866628579352,0.002018966657144838,0.051844543266764374,0.15818211257688866,0.0003971619057710932,0.028003279407853434
2019-08-05,2019,1945,0,0,54,27,1.2167539878947395,0.003041884969736849,0.051415055438856196,0.15825463231519063,0.0006141368736486759,0.020065372816396046
2019-08-06,2019,1945,0,0,54,25,-0.13320621258075,-0.000333015531451875,0.019565541807129713,0.16356837242127917,0.0006108158391915749,0.01005266996179035
2019-08-07,2019,1945,0,0,55,13,-0.5856451599170477,-0.0014641128997926192,-0.053194326037422614,0.1756995421126657,0.0005848889883943625,0.0193076982745688
2019-08-08,2019,1945,0,0,53,8,-2.7782027021826554,-0.006945506755456639,-0.17027055574750344,0.19524445816937533,0.0010444366908520465,0.017161286655076883
2019-08-09,2019,1946,0,0,54,4,2.0062449308323957,0.005015612327080989,0.1351280484417017,0.14429120773612134,0.0006548014634492258,0.01862224635067794
2019-08-13,2019,1946,0,0,54,4,1.2238855945137552,0.003059713986284388,0.07653173712070845,0.154067593951786,0.0005198095698101334,0.0290260905419709
2019-08-14,2019,1946,0,0,54,2,-0.10613387198060008,-0.0002653346799515002,-0.0008660822321286809,0.16697454964835107,0.00033041584624312497,0.017877410980643486
2019-08-15,2019,1946,0,0,54,8,-1.0676730939195958,-0.0026691827347989894,-0.060911049081087826,0.17698519220247225,0.00040905162860101646,0.052140982781852176
2019-08-16,2019,1946,0,0,54,23,-0.5804888770884831,-0.0014512221927212078,-0.0023727282518542408,0.16722984169839175,0.0004730051230751407,0.051414630109088734
2019-08-19,2019,1946,0,0,54,2,-0.8060957531465596,-0.002015239382866399,-0.10796746394009027,0.18484681818867488,0.0003462233600643068,0.07443012018128187
2019-08-20,2019,1946,0,0,54,1,0.2814152390795894,0.0007035380976989734,0.0427385275689052,0.15968646717428894,0.0002880364487754306,0.020320482857927053
2019-08-21,2019,1946,0,0,57,6,0.4073960004622128,0.001018490001155532,0.03871889481761715,0.1603629680383852,0.0002395451694408294,0.020627724690459807
2019-08-22,2019,1946,0,0,57,15,-2.4559528055887396,-0.006139882013971849,-0.18933021375055595,0.19842483923339244,0.0006041817272841039,0.007883660251629697
2019-08-23,2019,1946,0,0,57,11,-0.293204324177335,-0.0007330108104433375,0.014144123092803006,0.16446869685824667,0.0003127882379441673,0.003258250900830006
2019-08-26,2019,1946,0,0,58,3,0.9101110478622977,0.0022752776196557443,0.04365708545288847,0.15954111809561364,0.00032997861480072414,0.1015827335154323
2019-08-27,2019,1946,0,0,54,8,-0.03221447246022846,-8.053618115057115e-05,-0.004524086652292564,0.16758004167382837,0.00031752011868498785,0.03350421230881516
2019-08-28,2019,1946,0,0,54,12,2.6451732843193794,0.006612933210798449,0.2522932517603999,0.12474530131975863,0.0006293000847763047,0.026841751882265077
2019-08-29,2019,1946,0,0,53,17,-0.21566861647644187,-0.0005391715411911047,-0.0353048269384675,0.1727247047418978,0.0002927036418887424,0.012742042444840373
2019-08-30,2019,1946,0,0,53,2,0.04147816099045132,0.0001036954024761283,0.06142399976548616,0.1565821748099011,0.00029214479964472163,0.03154844324368225
2019-09-02,2019,1947,0,0,53,5,-1.158092567786632,-0.0028952314194665802,-0.10274887909762478,0.18397444995758902,0.0002720552092206891,0.01394794012276249
2019-09-03,2019,1947,0,0,53,6,1.2086961899434487,0.003021740474858622,0.17064596086206424,0.13836742215246928,0.0005844357523000324,0.03343439532927475
2019-09-04,2019,1947,0,0,54,6,-0.5627221430567183,-0.0014068053576417959,-0.039804424503405385,0.17347055652675203,0.00025286897250321793,0.04021804214451721
2019-09-05,2019,1947,0,0,53,4,-0.15478173655532057,-0.0003869543413883014,0.0223859464905989,0.16309933763215725,0.000337330153782141,0.02760880536771105
2019-09-06,2019,1947,0,0,52,11,4.9786733081992,0.012446683270498,0.3237380332013642,0.11282451301223297,0.00046568237212012316,0.0234858437771103
2019-09-09,2019,1947,0,0,51,21,1.7455944692018306,0.004363986173004576,0.19229072043647716,0.1347560190679365,0.0004622644059382369,0.030936683941496467
2019-09-10,2019,1947,0,0,51,7,1.4960321273390669,0.003740080318347667,0.13840511593410093,0.14374155144919132,0.000344688454314686,0.018655611272400865
2019-09-11,2019,1947,0,0,51,8,0.7497059398772054,0.0018742648496930135,0.11558387674005374,0.14755116925413192,0.0003382249839533447,0.05415480637206649
2019-09-12,2019,1947,0,0,50,7,-0.15988074086090098,-0.00039970185215225244,-0.04529846690838971,0.17438532788713493,0.0003871894733930259,0.01739283915813881
2019-09-13,2019,1946,0,0,50,8,-2.004629935535086,-0.005011574838837715,-0.14128747891278923,0.1904061068004648,0.0004968908310539398,0.01720403153188113
2019-09-17,2019,1945,0,0,50,11,0.17220077200140582,0.00043050193000351454,0.002001357202309613,0.1665028112572274,0.000292834159290544,0.015447322258984552
2019-09-18,2019,1945,0,0,49,5,0.24655396831129983,0.0006163849207782495,-0.034779355619827895,0.1726302753941315,0.00034705248475033393,0.030649271359540577
2019-09-19,2019,1945,0,0,48,12,-0.15480749430412222,-0.00038701873576030553,-0.054180938146247096,0.17587074118457935,0.00036028324317878075,0.017241563589091926
2019-09-20,2019,1946,0,0,50,11,0.16102664269086298,0.00040256660672715743,0.01069043032788984,0.1650470983075781,0.00022894089881421486,0.01337456433246038
2019-09-24,2019,1947,0,0,50,5,-1.2966568190514143,-0.0032416420476285355,-0.0876278557256017,0.18145262259671638,0.00026462332176994523,0.014075588902773849
2019-09-25,2019,1947,0,0,50,4,0.5978967432045355,0.0014947418580113386,0.0013331427741064684,0.16661443691654143,0.0005750920375364074,0.012660258846485476
2019-09-26,2019,1947,0,0,51,12,0.8551938233659981,0.0021379845584149956,0.024074571523036235,0.16281946276586967,0.0004423660098224026,0.011564444861242317
2019-09-27,2019,1948,0,0,51,6,1.4518816781158113,0.003629704195289528,0.09898439279371124,0.15032276620123405,0.000621606659286289,0.028201646785138833
2019-09-30,2019,1948,0,0,52,3,0.06551076817204349,0.00016377692043010873,-0.024475049724937418,0.17091615387459055,0.0003180166993094715,0.026889281916392276
2019-10-01,2019,1949,0,0,52,4,0.3950151963296227,0.0009875379908240566,0.023344657323400794,0.16294253364610892,0.0006631419218970649,0.0373800975820927
2019-10-02,2019,1949,0,0,52,8,-0.09812317779394564,-0.00024530794448486407,-0.03151044617671021,0.1720867159355083,0.00025926484393691784,0.023045793807265423
2019-10-03,2019,1949,0,0,52,2,-0.2712135246310915,-0.0006780338115777287,0.0370370561428685,0.16064492986202406,0.00028349433830095926,0.024822306387684737
2019-10-04,2019,1949,0,0,50,3,0.3428614745389833,0.0008571536863474583,0.0707112295065035,0.15503732438750567,0.00044180995870925243,0.015474189324148761
2019-10-07,2019,1949,0,0,49,5,-0.5452947217863854,-0.0013632368044659636,-0.0679097006791663,0.17815800184870975,0.0002317137313505566,0.011376730040404633
2019-10-08,2019,1950,0,0,52,12,0.46967735691445467,0.0011741933922861368,0.06983978249115014,0.15517763331208595,0.00034332722365450864,0.02074499788257456
2019-10-09,2019,1951,0,0,56,8,-0.12564337639714218,-0.00031410844099285547,-0.046413669838048316,0.1745716937419102,0.0003233153479416677,0.014804927348660808
2019-10-10,2019,1951,0,0,58,14,0.004062626310862072,1.015656577715518e-05,-0.032849089417889686,0.17231737523298457,0.0006067407437685615,0.05334147074052466
2019-10-11,2019,1951,0,0,58,9,-0.29644804930164936,-0.0007411201232541234,-0.025292171744218158,0.17105223141186554,0.00043302933515922826,0.12490948359497621
2019-10-15,2019,1951,0,0,57,10,-0.16740512637818675,-0.00041851281594546685,-0.01219217561156858,0.16886652425583942,0.000315963409909919,0.018551277962672006
2019-10-16,2019,1951,0,0,56,7,-1.1956189245847126,-0.0029890473114617816,-0.09374312435104508,0.18247095098823207,0.00030532717406714567,0.008151781246363118
2019-10-17,2019,1951,0,0,56,7,-0.3057420760566596,-0.0007643551901416489,-0.018624967490575125,0.1699360357691785,0.0003166741874372291,0.014204958508810504
2019-10-18,2019,1951,0,0,56,5,-0.75463815620648,-0.0018865953905162,-0.0213480875352507,0.1703951604581814,0.000318740366603156,0.027803760934380955
2019-10-21,2019,1951,0,0,57,10,-0.5463015238028497,-0.0013657538095071242,-0.05102138070947272,0.17534039126245884,0.0003295780232866088,0.04963014231845712
2019-10-23,2019,1951,0,0,57,10,0.8931238102635389,0.0022328095256588473,0.07585727461891746,0.1541700802467825,0.0002456468132904665,0.011682837139860895
2019-10-24,2019,1951,0,0,58,7,1.0094761755036261,0.0025236904387590654,-0.03727410175900113,0.1730510041715656,0.00034642641920608753,0.024586981791209342
2019-10-25,2019,1952,0,0,58,17,0.011594795546216119,2.8986988865540298e-05,-0.06665603656485175,0.17795377564251014,0.00032429586858469034,0.015344289580713866
2019-10-28,2019,1953,0,0,60,12,-0.3824894382055231,-0.0009562235955138078,0.047435914701077525,0.15892054729234464,0.0006014497106737034,0.03261333324727976
2019-10-29,2019,1953,0,0,59,14,-0.810701311789551,-0.0020267532794738773,-0.026409060086115727,0.17123879010761392,0.0005609536211438988,0.010214952875065247
2019-10-30,2019,1954,0,0,59,2,0.8630777366564669,0.002157694341641167,0.03045818771969839,0.16175366190727425,0.0005498309740461017,0.018464898942765536
2019-10-31,2019,1954,0,0,59,6,0.3159036468236387,0.0007897591170590967,0.06729872689832171,0.1556069145692547,0.0006568029090021744,0.06842681583816779
2019-11-01,2019,1955,0,0,63,8,0.41986110315811853,0.0010496527578952963,0.04512403246763382,0.15930210370702264,0.0004440400068184448,0.01854843452490612
2019-11-05,2019,1955,0,0,63,18,-0.15742247988231814,-0.00039355619970579534,-0.04516777917744354,0.1743669470583876,0.00043529284728160506,0.025411624422924092
2019-11-06,2019,1955,0,0,61,17,-0.011288353198123456,-2.822088299530864e-05,-0.006825943601162252,0.16796788114234965,0.0005695898794669124,0.014414583797382799
2019-11-07,2019,1955,0,0,62,15,1.2082977699281907,0.0030207444248204767,0.04561433053226701,0.15922489512971702,0.000608994142946681,0.00856546060525678
2019-11-08,2019,1955,0,0,61,16,-0.31727912003581166,-0.0007931978000895292,-0.03237014565688598,0.17223167434120687,0.0003584266385190356,0.008552637310417324
2019-11-11,2019,1955,0,0,61,11,0.7000427657401205,0.0017501069143503012,0.046551828307471205,0.15906825710501124,0.000492304645131869,0.035151883541772656
2019-11-12,2019,1955,0,0,61,15,-0.4829386744006361,-0.0012073466860015902,-0.010832838941730061,0.16864307548753993,0.0006614213611641613,0.015447656369041714
2019-11-13,2019,1955,0,0,61,8,0.6265768276529626,0.0015664420691324065,0.013969844036353258,0.1645039380424307,0.0005811248790428817,0.023687015336348975
2019-11-14,2019,1955,0,0,61,4,0.5389978326197413,0.0013474945815493532,0.03610314804633227,0.16080936359504835,0.00037963501679163603,0.023584101831814745
2019-11-15,2019,1955,0,0,61,15,-0.18003049649408248,-0.00045007624123520623,-0.07746130218429187,0.17975380549423178,0.000309843203661462,0.008545551195391235
2019-11-18,2019,1955,0,0,61,14,0.18503757702577983,0.0004625939425644496,0.023988633670854836,0.1628314741557076,0.00034620640560306394,0.010758866385291645
2019-11-19,2019,1955,0,0,61,7,-0.35217926370330954,-0.0008804481592582738,-0.04190825785270948,0.17382034614899947,0.0002473927485843566,0.010591539053562835
2019-11-20,2019,1955,0,0,60,5,-0.3368554339213096,-0.000842138584803274,-0.02682897779214237,0.17130043058769287,0.00026610838129632604,0.024301443041961086
2019-11-21,2019,1955,0,0,58,1,1.9432259263052796,0.004858064815763199,0.19756119156420873,0.13387511194143156,0.00036437475781499917,0.014940282171556829
2019-11-22,2019,1955,0,0,58,6,-0.4122245900158622,-0.0010305614750396555,-0.014325933807251941,0.1692215532343305,0.0002939697475952606,0.005775195208953051
2019-11-25,2019,1955,0,0,58,10,0.383634287135717,0.0009590857178392925,0.026128110144166012,0.16247333920976476,0.0003039542317890155,0.010102580388831106
2019-11-26,2019,1955,0,0,59,1,0.057641502508069375,0.00014410375627017344,0.023949863676456302,0.16283506438931722,0.0002553524096527487,0.015388582047602926
2019-11-27,2019,1955,0,0,58,6,-0.427636461043437,-0.0010690911526085925,-0.016654568470640365,0.16960484192041592,0.0002288802668523186,0.006476089809523784
2019-11-28,2019,1955,0,0,58,7,-0.24615122676431367,-0.0006153780669107842,0.01883233072018913,0.1636915615127268,0.00030021282542649024,0.015222347520199712
2019-11-29,2019,1955,0,0,58,1,-0.6728046868291777,-0.0016820117170729442,-0.04833652695790702,0.17489806377076386,0.0003146735434234363,0.015598889971819895
2019-12-02,2019,1955,0,0,57,17,-0.4273098082782822,-0.0010682745206957054,-0.028175575591220286,0.1715275126290577,0.00027355795454796927,0.011868878462455075
2019-12-03,2019,1955,0,0,55,9,-1.2282409775405703,-0.0030706024438514256,-0.07358867571665265,0.17910932453318876,0.0003213929178952254,0.028845845717499933
2019-12-04,2019,1955,0,0,55,14,0.37888250718106364,0.0009472062679526591,0.017908298974817445,0.16384148822943942,0.0002327809907171882,0.021773085644682735
2019-12-05,2019,1955,0,0,55,5,0.11072728571631918,0.00027681821429079796,-0.02141096346167259,0.1704018901259691,0.0003313927482264365,0.008859369467026762
2019-12-06,2019,1955,0,0,54,6,0.2803496156299059,0.0007008740390747648,0.06458857209868318,0.15604680061822593,0.00023433657222115357,0.003969361921627289
2019-12-09,2019,1955,0,0,54,7,1.0275673386801427,0.0025689183467003567,0.07174541982623443,0.1548606197335085,0.00026862205279293744,0.02194581200962472
2019-12-10,2019,1956,0,0,54,6,0.24353129968627385,0.0006088282492156846,0.020218486527015873,0.16345627028381365,0.000287876072992793,0.012632743665912837
2019-12-11,2019,1957,0,0,55,7,0.05671893251209248,0.0001417973312802312,-0.03470490551596349,0.17262439754253078,0.00048221568725621356,0.006853294344529397
2019-12-12,2019,1958,0,0,55,1,0.329471297748928,0.0008236782443723201,0.03837912463250839,0.16042477248956344,0.00034675207145033765,0.030318144619289805
2019-12-13,2019,1958,0,0,54,6,0.7770213579276263,0.0019425533948190658,0.0598618996750191,0.15684027789624974,0.00045002111272874257,0.02344800564077883
2019-12-16,2019,1960,0,0,56,15,0.5202820283282801,0.0013007050708207,-0.011821645813073602,0.16880245730775054,0.0003633526143990847,0.004317006537438795
2019-12-17,2019,1962,0,0,58,10,0.7483088932154931,0.0018707722330387328,0.052142035105572006,0.15813208007692067,0.0002850395281760939,0.010576389860240749
2019-12-18,2019,1964,0,0,59,6,0.1901715797710719,0.0004754289494276798,0.018397892711053777,0.1637583363657042,0.0003212965456929515,0.03103640472363602
2019-12-19,2019,1965,0,0,56,13,0.7696376368817843,0.0019240940922044608,0.06677059853189461,0.15569193401290812,0.0002960140625972251,0.007908212859270694
2019-12-20,2019,1965,0,0,56,5,-0.12105515396308858,-0.00030263788490772145,-0.009932230839038936,0.16847866218203159,0.00019951565553001971,0.004709577466591645
2019-12-23,2019,1965,0,0,56,12,0.23708584277792255,0.0005927146069448064,0.01657497473714034,0.16406489114292913,0.0003282425783723901,0.009527701687237235
2019-12-24,2019,1965,0,0,56,8,0.10698353079323697,0.0002674588269830924,-0.014988591962939887,0.16933302968352906,0.0002601953240095053,0.0075529447301163795
2019-12-25,2019,1966,0,0,57,12,-0.34480117769871066,-0.0008620029442467766,0.00012980026024199276,0.16680982427428317,0.0003486706782146418,0.008341434783822772
2019-12-26,2019,1966,0,0,58,9,-0.017364828352041783,-4.3412070880104456e-05,-0.025004695820337212,0.17100460418586289,0.0003446247101332106,0.044941004362046635
2019-12-27,2019,1966,0,0,57,18,0.13675268976817412,0.0003418817244204353,0.008304843118538517,0.1654504521691974,0.0006167615317398209,0.011429994837924864
2019-12-30,2020,1966,0,0,57,10,0.7267963463545235,0.0018169908658863087,0.11084007235655982,0.14834365226533278,0.0004916038635159911,0.007621875805226613
2020-01-06,2020,1966,0,0,56,10,-1.1847589183030047,-0.002961897295757512,-0.10907527496861415,0.1850337120372255,0.0005787336136812839,0.02772520284017332
2020-01-07,2020,1966,0,0,56,6,0.1866594489773017,0.00046664862244325423,0.034288911530084926,0.16111534451742202,0.0004854515623629952,0.02400599661235843
2020-01-08,2020,1966,0,0,55,11,0.5377619498118352,0.001344404874529588,0.02302774298540532,0.16298737170016786,0.0004294369227114324,0.08741755552745921
2020-01-09,2020,1966,0,0,51,8,0.6411355388590341,0.0016028388471475852,0.017106589453759785,0.16397919550815915,0.0005695167117078438,0.04909267357645202
2020-01-10,2020,1966,0,0,50,6,0.3962327196799089,0.0009905817991997723,0.0042927571731241135,0.16610781178367623,0.0004220915033952347,0.013987134566292896
2020-01-14,2020,1966,0,0,48,3,0.6036810201192717,0.0015092025502981793,0.05592055536649268,0.15750160770706662,0.0003083318765894988,0.009200229941116831
2020-01-15,2020,1966,0,0,48,5,-0.4618859073362444,-0.001154714768340611,-0.1430861770718648,0.19069245934981802,0.00023876404115093987,0.007223038025178119
2020-01-16,2020,1966,0,0,48,5,-0.09555073589012752,-0.0002388768397253188,7.526785982664585e-05,0.16681600270398428,0.00027505616942462,0.03357715415605864
2020-01-17,2020,1966,0,0,48,12,-0.33785667758663196,-0.0008446416939665799,0.035166341467836294,0.16096075573136248,0.00026925986400472437,0.00552650658465413
2020-01-20,2020,1966,0,0,49,2,0.06142457202928964,0.00015356143007322408,-0.002203419239179065,0.16719715332093774,0.0002527465279322989,0.013483385279295011
2020-01-21,2020,1966,0,0,50,12,0.1724451058109231,0.0004311127645273077,0.013766665166106867,0.16453799460263582,0.00032819091438576796,0.04037819529940994
2020-01-22,2020,1966,0,0,50,6,-0.10114094508276139,-0.0002528523627069035,0.06479310179116142,0.15602037115933545,0.0003522529057678294,0.026176432028052525
2020-01-23,2020,1966,0,0,50,9,-1.256146134941086,-0.003140365337352715,0.02403394779589692,0.16282632514664228,0.0007950499268854345,0.03153542716432521
2020-01-24,2020,1966,0,0,47,7,0.7154187000322858,0.0017885467500807146,0.05755816365085855,0.15723010628528614,0.00034649157681964526,0.012583541976081001
2020-01-27,2020,1966,0,0,46,6,-2.3539752395767866,-0.005884938098941967,-0.19628866420876284,0.19957926245964494,0.00038303413691429607,0.0186791187301818
2020-01-28,2020,1966,0,0,45,4,1.3644317199021465,0.0034110792997553664,0.09566979930196098,0.15087471133478417,0.0007184054732965127,0.019822360888405187
2020-01-29,2020,1966,0,0,45,4,-0.43878087969329693,-0.0010969521992332423,-0.00997921343654237,0.16849902742573217,0.0005758239233734602,0.021580645676662426
2020-01-30,2020,1966,0,0,44,8,1.4851428034791392,0.003712857008697848,0.12258433753649103,0.14638317795968786,0.0005281526284128101,0.02083805397839448
2020-01-31,2020,1966,0,0,44,2,1.077142891834628,0.00269285722958657,0.09367293397448177,0.1512058797905595,0.0005500484284880398,0.01353888242399685
2020-02-03,2020,1966,0,0,41,3,-0.30390812781361287,-0.0007597703195340322,-0.029553999822798063,0.1717614052124137,0.0005064072078668968,0.03405536963197567
2020-02-04,2020,1966,0,0,41,2,2.1363634309650767,0.0053409085774126916,0.21817985854383293,0.13043502677687288,0.000665297627236749,0.04056148451022777
2020-02-05,2020,1966,0,0,42,0,-0.38982382800637805,-0.0009745595700159451,-0.07734777015338518,0.17973828336977932,0.0004960608947675532,0.017595455047328297
2020-02-06,2020,1966,0,0,39,1,-1.0487245753628465,-0.002621811438407116,-0.1151422398390293,0.18604299422499304,0.0005178088154350011,0.013495816220137362
2020-02-07,2020,1967,0,0,41,0,0.6132521406790961,0.0015331303516977401,0.06676734362317541,0.15569405954608614,0.0005535849084860074,0.01555772039618421
2020-02-10,2020,1967,0,0,39,1,0.4029297398831114,0.0010073243497077786,0.060589576788195335,0.15672383262755393,0.0005732220761868878,0.011168937586766481
2020-02-12,2020,1967,0,0,40,6,0.5795710628566719,0.0014489276571416799,-0.0009818415621836818,0.1669959241411735,0.0007053744897423651,0.012845753372359893
2020-02-13,2020,1967,0,0,40,5,0.0105156929383039,2.628923234575975e-05,0.005647998094344395,0.16589292372326697,0.0008452805834101552,0.008778776921503528
2020-02-14,2020,1967,0,0,39,8,-0.154129114354431,-0.00038532278588607747,0.005624467985086656,0.16589714672809405,0.000624698371703165,0.009416119772381767
2020-02-17,2020,1967,0,0,39,4,0.12805045916277313,0.00032012614790693285,0.004325671242010093,0.16610894574683832,0.0004627400043200047,0.027054187601318957
2020-02-18,2020,1967,0,0,39,10,0.728109848331695,0.0018202746208292376,0.06671008291589932,0.15569805736958653,0.00025771485855970963,0.014674964590987884
2020-02-19,2020,1967,0,0,40,15,-0.731513997643839,-0.0018287849941095973,-0.06338092196402446,0.1773984365491079,0.0002775436840254758,0.031717416722256336
2020-02-20,2020,1967,0,0,40,8,2.3366001378807715,0.005841500344701929,0.11105614110251964,0.1483080166720445,0.0017062653167478087,0.007895535224174285
2020-02-21,2020,1967,0,0,39,6,-1.7114364700593978,-0.004278591175148495,-0.13712240649953877,0.1897106330011611,0.00037254748135224293,0.005603304219429088
2020-02-25,2020,1967,0,0,39,26,-0.21208378760752566,-0.0005302094690188141,-0.03042975027733111,0.171912926044918,0.0008532174881683105,0.07776188549257358
2020-02-26,2020,1967,0,0,39,1,0.8414749472449472,0.002103687368112368,0.07542268328622113,0.1542529734364222,0.002293724917161489,0.015823945903402234
2020-02-27,2020,1967,0,0,40,32,0.5994795978390064,0.001498698994597516,0.06557864538973227,0.15589519309857242,0.0037055443685402325,0.08380222000789894
2020-02-28,2020,1967,0,0,40,36,1.0199828386557264,0.0025499570966393157,-0.059725733837008146,0.17680024281523424,0.0015182385709217147,0.14942197325710158
2020-03-02,2020,1968,0,0,41,22,-1.3809803474296283,-0.003452450868574071,-0.08733389727463782,0.18139789623057564,0.0007383507675164728,0.1405834954031944
2020-03-03,2020,1968,0,0,41,37,1.0679455547257974,0.0026698638868144936,0.05318045811240093,0.15795664163424097,0.0005666913128861031,0.025754111497270995
2020-03-04,2020,1968,0,0,43,0,0.9549340227716998,0.0023873350569292495,0.15727272010507382,0.14059729648297892,0.0012289223317032028,0.013420546167479406
2020-03-05,2020,1968,0,0,43,3,3.0633241890689558,0.00765831047267239,0.22039418897778434,0.1300664117227217,0.004693523320752092,0.02316331099068203
2020-03-06,2020,1968,0,0,43,43,0.48794198387015264,0.0012198549596753815,0.0538695621546666,0.1578482109552996,0.003451077364399283,0.081515382380538
2020-03-09,2020,1969,0,0,43,43,-2.7146334279078066,-0.006786583569769517,-0.17140594293860534,0.19543148201852253,0.0034764092011170026,0.15453646782798652
2020-03-10,2020,1970,0,0,44,8,-1.3589150433301302,-0.0033972876083253256,-0.03397163542758762,0.17250361090230498,0.0057798201150225164,0.16018552418604168
2020-03-11,2020,1970,0,0,43,34,2.580912603673058,0.006452281509182645,0.1345574949214525,0.14438691741179135,0.0020395760124114408,0.051031292459209815
2020-03-12,2020,1970,0,0,42,42,2.1403783516199892,0.005350945879049973,0.08909729370109183,0.1519708185875562,0.003057937895357705,0.08277456569332878
2020-03-13,2020,1971,0,0,42,42,1.402456679522384,0.00350614169880596,0.07744031550155346,0.15391593708243886,0.015374973094482668,0.15688123942612134
2020-03-16,2020,1971,0,0,42,7,-2.8324038456114655,-0.007081009614028664,-0.053203666680712226,0.1757118070038177,0.002476073803483618,0.10213724980406785
2020-03-17,2020,1971,0,0,40,2,2.534532586912372,0.00633633146728093,0.0882892671658346,0.15210598467649245,0.004551060438804205,0.2074101960373953
2020-03-18,2020,1971,0,0,39,1,3.127454904297192,0.007818637260742979,-0.051902555853386635,0.17549489780957592,0.004204822229228594,0.05749596413704754
2020-03-19,2020,1971,0,0,36,0,3.237559960852751,0.008093899902131878,0.01169163672938706,0.16488523900350596,0.005156206581136265,0.058863909288115406
2020-03-23,2020,1971,0,0,35,3,6.46750163040387,0.016168754076009675,0.22436822266028306,0.1294031653858424,0.004557189341606408,0.11968359936372547
2020-03-24,2020,1971,0,0,35,3,-0.15730516580615372,-0.00039326291451538434,-0.04123114018215598,0.1737140288283541,0.0020778195296069506,0.15375950726913548
2020-03-25,2020,1971,0,0,35,4,2.2264759006894925,0.005566189751723731,0.12256219981661101,0.14638799406305497,0.0026716988749974327,0.28084778691204926
2020-03-26,2020,1972,0,0,36,8,0.6100928483745331,0.0015252321209363328,0.029197110000522823,0.1619644285926597,0.0015130913925783772,0.027506887455400697
2020-03-27,2020,1972,0,0,35,10,-0.715221724404818,-0.001788054311012045,-0.13131055135773087,0.1887424051004454,0.002861347894376123,0.1314937204250174
2020-03-30,2020,1973,0,0,35,2,1.3890152112544225,0.0034725380281360563,0.027138384142845976,0.16230791122919933,0.0013706228617007615,0.0728953937803335
2020-03-31,2020,1974,0,0,38,4,2.4096522407553667,0.006024130601888417,0.1275734653954948,0.14555140494633179,0.0009489834162826475,0.04559270197220162
2020-04-01,2020,1974,0,0,39,22,2.4380814021404653,0.006095203505351163,0.051218317355967935,0.15828943203136056,0.0008567381982590382,0.08702324416754698
2020-04-02,2020,1974,0,0,39,22,-1.6104481492399216,-0.004026120373099804,-0.033242904439455524,0.17238160350265241,0.0044667413096967324,0.058227439157116576
2020-04-03,2020,1974,0,0,39,18,-2.534958006604037,-0.006337395016510092,-0.053046160418155554,0.17568522334309136,0.0031664906430721703,0.08060213461246432
2020-04-06,2020,1974,0,0,39,7,-0.2589420508044653,-0.0006473551270111633,0.025999265345721733,0.1624962501888829,0.0015613598124972195,0.08458392229189314
2020-04-07,2020,1974,0,0,38,16,2.0290012302646607,0.005072503075661652,0.14540785527605402,0.1425748597021356,0.0012990174470334564,0.06933818151225729
2020-04-08,2020,1974,0,0,39,9,0.3280779886010323,0.0008201949715025809,0.07592312287128944,0.15416743688851986,0.0009213234543354134,0.1434809281769418
2020-04-09,2020,1974,0,0,40,9,-1.9749226788323975,-0.0049373066970809934,-0.08204096941160366,0.18052174555242692,0.001260409453307448,0.36807098971919894
2020-04-10,2020,1974,0,0,42,7,0.3533239993713049,0.0008833099984282621,0.13519863830308274,0.14427880752182676,0.0008045029938402639,0.2114589029162684
2020-04-13,2020,1974,0,0,42,4,-2.6064685061576465,-0.006516171265394116,-0.1368613378122119,0.1896676746954239,0.0014459782665175872,0.055605286553588616
2020-04-14,2020,1974,0,0,42,12,-2.1074297538223346,-0.005268574384555837,-0.07100209447598771,0.17867965413927167,0.0010658001230426965,0.07180637204124053
2020-04-15,2020,1974,0,0,43,9,-0.05732763108752981,-0.00014331907771882453,-0.02653628362156996,0.17126015419884769,0.0007253838347005588,0.05789469785812673
2020-04-16,2020,1974,0,0,43,18,-1.330572118335113,-0.0033264302958377822,0.002210445621650893,0.1664650287585249,0.0008770233668655105,0.027925728712261882
2020-04-17,2020,1974,0,0,44,15,-3.115695753365966,-0.007789239383414915,-0.2571868823377972,0.2097411457299469,0.0013002758319700435,0.023813106347210802
2020-04-20,2020,1974,0,0,45,8,-4.499416141447266,-0.011248540353618166,-0.28665559683360453,0.21465878297843574,0.0009709820103389028,0.021653401994602167
2020-04-21,2020,1974,0,0,45,10,3.6486784621898294,0.009121696155474573,0.17711495732230823,0.1372859556941423,0.0016632352735478373,0.4755955345417053
2020-04-22,2020,1974,0,0,47,13,-1.388446904132649,-0.0034711172603316227,-0.07888099683817536,0.1799920907956712,0.0006171122563170671,0.052082890865778164
2020-04-23,2020,1974,0,0,47,9,0.4900273690317758,0.0012250684225794395,0.05215110369582585,0.15813438326823934,0.001188608957563111,0.030498926076057704
2020-04-24,2020,1974,0,0,47,16,0.5854693541846798,0.0014636733854616996,0.06568346204032967,0.15587282082809809,0.0007983432360541602,0.016763974317678867
2020-04-27,2020,1974,0,0,47,11,3.662719812474144,0.00915679953118536,0.14014917415146058,0.14345322507217062,0.0010521691386985732,0.047937012711220854
2020-04-28,2020,1974,0,0,48,7,-1.7092551729154226,-0.004273137932288557,-0.12934934155883698,0.18841484030028152,0.0012227117399496328,0.12238120702385198
2020-04-30,2020,1974,0,0,47,12,-1.368462826026873,-0.0034211570650671823,-0.06388895326771213,0.177492312693144,0.0009882041345445137,0.04758691129318607
2020-05-01,2020,1974,0,0,46,1,3.7483746118977788,0.009370936529744446,0.2204239218863981,0.13006054842032208,0.001046607478842801,0.014591990732440208
2020-05-07,2020,1974,0,0,47,3,3.6945414810023864,0.009236353702505966,0.2779905380723849,0.12045655344746188,0.001547174580352157,0.017426290043447673
2020-05-08,2020,1974,0,0,48,4,-2.133704544868329,-0.005334261362170823,-0.15008938946583433,0.19187081078652765,0.0008363152563846011,0.032610777270326075
2020-05-11,2020,1974,0,0,48,5,-0.9237659905808218,-0.0023094149764520543,-0.11054746579061797,0.18527398338150722,0.0011286908464012146,0.035425960157159014
2020-05-12,2020,1974,0,0,46,4,-1.2197446948442106,-0.0030493617371105263,-0.07364593374940624,0.1791218295378058,0.0017364617408314302,0.015741324197372383
2020-05-13,2020,1974,0,0,46,2,-0.8193873077195586,-0.0020484682692988965,-0.01757443612768485,0.16976635331877643,0.0008703534840260377,0.02209833260637965
2020-05-14,2020,1974,0,0,46,0,-0.36131761620079605,-0.0009032940405019901,-0.011215237814786365,0.1687040984939203,0.0011280647749774254,0.046658380057493815
2020-05-15,2020,1974,0,0,47,1,2.500657143152244,0.00625164285788061,0.22050093928356682,0.1300468700469732,0.000716326414295933,0.030593917220870567
2020-05-18,2020,1974,0,0,46,2,-0.3854111602602319,-0.0009635279006505798,-0.05183761610072738,0.175480223036546,0.0006496982069448142,0.03988428514781572
2020-05-19,2020,1974,0,0,46,6,0.7542202036524883,0.0018855505091312208,0.05600757696651181,0.1574827758342219,0.0004495809928315405,0.025992085057105943
2020-05-20,2020,1974,0,0,46,8,0.0769666234907117,0.00019241655872677928,-0.05085872488506785,0.17531780439064246,0.0005811230884337274,0.026516890888755723
2020-05-21,2020,1974,0,0,47,6,-0.570765392163898,-0.001426913480409745,-0.018370786997206724,0.16989968941454048,0.0008957571266513094,0.015762092134384127
2020-05-22,2020,1974,0,0,49,2,3.598824549536718,0.008997061373841795,0.2253862236021365,0.12923249292420003,0.0008733953877444865,0.018327969323202145
2020-05-25,2020,1974,0,0,49,15,1.2595124452152706,0.0031487811130381767,0.05235573807938512,0.15809757771028332,0.0007027265767458213,0.022333409000461907
2020-05-26,2020,1974,0,0,49,13,1.9203044326843852,0.004800761081710963,0.03667377589804756,0.16071603347823965,0.0005507036190250601,0.0196734472446591
2020-05-27,2020,1974,0,0,49,24,3.354625079785855,0.008386562699464637,0.145506283400523,0.14255867770027442,0.0009156803086646853,0.01982382731419791
2020-05-28,2020,1974,0,0,49,28,1.8155275840220069,0.004538818960055017,0.08306359627009983,0.1529745177325992,0.000680520100508895,0.01767916048442869
2020-05-29,2020,1974,0,0,48,23,0.5006481699154333,0.0012516204247885832,-0.044307644763310436,0.17422644736505521,0.0007475051127859038,0.045536243388000275
2020-06-01,2020,1974,0,0,48,7,2.3995709828783656,0.005998927457195914,0.19809115119188392,0.1337840945698299,0.000403279310073643,0.02082667146851837
2020-06-02,2020,1974,0,0,48,11,0.06757225258931127,0.00016893063147327815,-0.0051365660182737475,0.1676826236567616,0.0005085214727592788,0.10691869502496584
2020-06-03,2020,1974,0,0,48,16,-1.4329283242425352,-0.003582320810606338,-0.10577982785628125,0.1844805945219997,0.0005523998840003202,0.036233255285863936
2020-06-04,2020,1974,0,0,48,18,-0.36105503341859446,-0.0009026375835464862,-0.04930994280661519,0.175061226812098,0.0008416001519381857,0.020535581382260755
2020-06-05,2020,1974,0,0,46,15,1.8025853421205422,0.004506463355301356,0.16374898143112857,0.1395127744569393,0.0004632256820083437,0.026235543600674545
2020-06-08,2020,1974,0,0,45,14,-0.5181474166760824,-0.001295368541690206,-0.009404774309347354,0.16839884392753815,0.0006166112817204057,0.027941884722609944
2020-06-09,2020,1974,0,0,45,35,4.210474801834477,0.010526187004586192,0.2965443644418487,0.11736114619967153,0.001309217127180245,0.02255211566662341
2020-06-10,2020,1974,0,0,45,27,0.26021052964147584,0.0006505263241036896,0.05366289461920791,0.1578822848533389,0.0007951926995261274,0.01719806630698186
2020-06-11,2020,1974,0,0,44,1,-0.5527847447647334,-0.0013819618619118335,-0.0030496078045044134,0.1673441519776979,0.001341562812861419,0.06342542463466647
2020-06-12,2020,1974,0,0,44,0,0.10632025599556005,0.00026580063998890016,0.01886655032559205,0.1636879668847648,0.002585077770499746,0.039797561251363606
2020-06-15,2020,1974,0,0,44,0,-1.267508080106096,-0.00316877020026524,-0.06828363615006358,0.1782252495009125,0.0007276244975211142,0.041645269870482476
2020-06-16,2020,1974,0,0,44,4,-0.9781960950931115,-0.0024454902377327786,-0.09251270198201184,0.18226079616076934,0.000713231253352783,0.15605534535517904
2020-06-17,2020,1974,0,0,45,19,1.3552817636453134,0.0033882044091132833,0.048850677147446474,0.15868247529011056,0.0005194579808272591,0.0718938400775899
2020-06-18,2020,1974,0,0,45,17,-0.714338337559308,-0.00178584584389827,-0.07256017094062583,0.1789327518713406,0.0004498743771064111,0.02946601821888367
2020-06-19,2020,1974,0,0,46,5,0.27885002713607,0.0006971250678401749,0.02164089434824146,0.16321714098883228,0.0003121737444262164,0.032420522284848104
2020-06-22,2020,1974,0,0,46,18,-0.44712572980601717,-0.0011178143245150428,-0.03556872669175615,0.17276693052067707,0.0005165404357888257,0.02648989515453672
2020-06-23,2020,1974,0,0,45,15,0.3070386049566993,0.0007675965123917483,0.053946042176959176,0.15783358788956875,0.0005778391376699914,0.02005389029753897
2020-06-24,2020,1974,0,0,46,16,-1.8819317153469233,-0.004704829288367308,-0.11797424006656547,0.1865157836441585,0.0006590178216938923,0.03756761843004095
2020-06-25,2020,1974,0,0,45,8,-0.1316547582967713,-0.0003291368957419283,-0.024205466418675672,0.17087299538130962,0.0008366263589820093,0.024883618851251565
2020-06-26,2020,1974,0,0,44,15,1.59146125221668,0.0039786531305417,0.16444848679046986,0.13939607414855099,0.000490159808498101,0.07042782452226468
2020-06-29,2020,1974,0,0,43,18,0.8961126658154726,0.0022402816645386812,0.06878810625651854,0.15535874599729782,0.0005999053537327957,0.042753893566964934
2020-06-30,2020,1975,0,0,44,22,1.509715360677698,0.0037742884016942453,0.050691309624688714,0.15837596492984982,0.0007259902009822012,0.040281182316132924
2020-07-01,2020,1975,0,0,44,24,-0.06813941479298435,-0.00017034853698246087,0.016990742585864204,0.1639982025706012,0.0007912904659085054,0.04862901921497329
2020-07-02,2020,1975,0,0,44,13,0.3387243057419904,0.000846810764354976,-0.03694937111237345,0.17299927230415443,0.0012717517823658095,0.0794442459366515
2020-07-03,2020,1975,0,0,44,4,-2.0068124058998493,-0.005017031014749623,-0.12812072358314683,0.18820624104535394,0.000558139347457792,0.02849762101452769
2020-07-06,2020,1975,0,0,44,2,-0.6722430741657719,-0.0016806076854144298,0.025533855280685875,0.16257350955311464,0.0005917700278884175,0.027067010249598508
2020-07-07,2020,1975,0,0,45,10,0.13475719051571455,0.0003368929762892864,0.05811908609833172,0.15713506133906976,0.0005597468145646699,0.044933214170263025
2020-07-08,2020,1975,0,0,46,3,-0.871163430763497,-0.0021779085769087427,-0.00578802007108555,0.1678004166771105,0.0009692281350685467,0.05252675555907322
2020-07-09,2020,1975,0,0,44,2,-0.090786698345795,-0.00022696674586448752,-0.006751401359070787,0.16796172326089392,0.0013569319233167707,0.030316599515550206
2020-07-10,2020,1976,0,0,45,5,0.10333550098171407,0.0002583387524542852,-0.03436373877076948,0.17256165976982563,0.00047857357477796024,0.08465328110744343
2020-07-13,2020,1976,0,0,45,1,0.4689802224184363,0.0011724505560460907,0.09021917585198024,0.15178229651507888,0.0006966885960207343,0.029284682362850256
2020-07-14,2020,1976,0,0,45,3,0.4191357355675279,0.0010478393389188197,-0.0014659680829855984,0.1670769004370342,0.0006902556623665432,0.047529954183978686
2020-07-15,2020,1978,0,0,47,20,-0.5854364751182468,-0.001463591187795617,-0.08282527326162978,0.18065079472885542,0.00047557135420151034,0.01567559899714708
2020-07-16,2020,1978,0,0,48,5,-1.1474243971843539,-0.0028685609929608846,-0.0845887270795133,0.18094310412382714,0.00047372868213397065,0.0294852872272006
2020-07-17,2020,1978,0,0,47,3,-0.1567403034819974,-0.00039185075870499354,0.03885881019870219,0.16034838042520458,0.0005263999127269041,0.01480587897129642
2020-07-20,2020,1978,0,0,47,13,0.11706518546498157,0.00029266296366245394,0.034346000830983776,0.16110254068076996,0.00047225132700464057,0.014682214473602299
2020-07-21,2020,1978,0,0,47,9,-0.8421976393512618,-0.0021054940983781544,-0.06964090341056456,0.1784505100718161,0.0005521430000214328,0.042140348675149486
2020-07-22,2020,1978,0,0,47,7,-0.5873005650725978,-0.0014682514126814943,-0.08081971149009583,0.18031431247242866,0.0005154518281184871,0.02184435751852345
2020-07-27,2020,1978,0,0,48,6,-1.6547576977951959,-0.00413689424448799,-0.08878050937307001,0.18164598700362986,0.0008364645620797619,0.0181560255583007
2020-07-28,2020,1978,0,0,49,5,2.519681268108669,0.006299203170271672,0.13496836394970352,0.14431534111809186,0.0006922580830308647,0.022436893225199858
2020-07-29,2020,1978,0,0,50,5,1.235225293246594,0.0030880632331164847,0.0947779877390099,0.15102286582966168,0.001705402949301417,0.26006600395980484
2020-07-30,2020,1978,0,0,49,4,-0.9291637390560847,-0.002322909347640212,-0.06576358742099851,0.17780641420063173,0.0018412514013591012,0.07756157110500773
2020-07-31,2020,1980,0,0,51,10,-3.581395816094715,-0.008953489540236788,-0.24386953296314884,0.2075196156563079,0.0024622685171424826,0.04804019164223546
2020-08-03,2020,1981,0,0,52,3,0.5555815847802102,0.0013889539619505256,0.023193461423816956,0.16296016478811748,0.0006098257966564203,0.03757405092795926
2020-08-04,2020,1981,0,0,52,2,-0.18520905171397306,-0.00046302262928493265,0.0028125512347143833,0.16636297478839507,0.0007415895575421136,0.09029515747309344
2020-08-05,2020,1981,0,0,52,6,1.522494878469879,0.0038062371961746977,0.07277072815650841,0.15469059369798208,0.0009034717889189174,0.04194880511071504
2020-08-06,2020,1981,0,0,52,11,2.446267949067374,0.006115669872668436,0.08911681450701327,0.1519669164351411,0.0018967842847135612,0.02034238337517064
2020-08-07,2020,1981,0,0,54,6,2.9866998041806436,0.007466749510451609,0.20513988553225368,0.13260936606155582,0.0007941435505558777,0.019123624992318598
2020-08-11,2020,1981,0,0,55,0,0.5110617900283307,0.0012776544750708269,0.05230213610111667,0.15810554408035404,0.000690151297268986,0.030439794122635123
2020-08-12,2020,1981,0,0,55,0,1.2547164670202742,0.0031367911675506855,0.09350668362080283,0.1512325055324841,0.0005337137864108507,0.023739431886091095
2020-08-13,2020,1981,0,0,54,3,-0.5395266294834146,-0.0013488165737085365,-0.026064321172138034,0.17117999199980674,0.0006508625045686918,0.06572612823045533
2020-08-14,2020,1981,0,0,54,0,-1.5296969084109946,-0.0038242422710274863,-0.16246235336136355,0.19393456796819042,0.0005658174159608851,0.048377769424862674
2020-08-17,2020,1981,0,0,54,0,-0.7323318430840896,-0.0018308296077102241,-0.01139893551874331,0.16873032232131172,0.00047267521933189014,0.01951262755406586
2020-08-18,2020,1981,0,0,54,5,0.012469798993791414,3.1174497484478536e-05,-0.029433420228545185,0.17174123931713073,0.00048183767158317215,0.06417039125626774
2020-08-19,2020,1981,0,0,54,3,1.1398941659432384,0.002849735414858096,0.01946000492741246,0.16357909379231259,0.0003767700852620261,0.02396519498644198
2020-08-20,2020,1982,0,1,55,9,-1.134634522649344,-0.00283658630662336,-0.038294071653202255,0.1732187180623844,0.0004897971452269474,0.06999439993369352
2020-08-21,2020,1982,0,0,57,4,-2.6994499604623146,-0.006748624901155786,-0.12649226248188122,0.18793613447633054,0.0005503564372323938,0.039682760530289476
2020-08-24,2020,1982,0,0,56,9,1.5259352915585993,0.003814838228896498,0.07639058583778793,0.1540788540894222,0.0004465398707755842,0.08361197251010954
2020-08-25,2020,1982,0,0,56,4,0.4371727593158792,0.001092931898289698,0.004929006723958599,0.16600953083982462,0.00043691326229064226,0.021933222633156335
2020-08-26,2020,1982,0,0,57,7,0.18867839147630194,0.00047169597869075485,0.13358819707256261,0.1445464453050558,0.0008085966510331531,0.015126793371710611
2020-08-27,2020,1982,0,0,58,13,-2.3386896005200564,-0.005846724001300141,-0.13380493295859058,0.18915589355934379,0.0007192886784561497,0.05269020059853392
2020-08-28,2020,1982,0,0,58,2,0.14774285735874368,0.0003693571433968592,0.0020050981115473836,0.16649493023146514,0.0005282056659665262,0.025145011260796962
2020-08-31,2020,1982,0,0,58,7,-0.7680158338207046,-0.0019200395845517615,-0.05205870493470675,0.17551499166201676,0.000376355766887612,0.008527140105459742
2020-09-01,2020,1982,0,0,58,11,0.20560192469109023,0.0005140048117277256,0.007132487661343118,0.16563867290300013,0.00035199619092900913,0.010791966161223668
2020-09-02,2020,1982,0,0,58,17,0.0413044382633343,0.00010326109565833574,0.0681281141829987,0.15546264663899206,0.0004998647804117883,0.023533826861445666
2020-09-03,2020,1982,0,0,58,10,-1.917274883740898,-0.004793187209352245,-0.038914216743579554,0.17332439529009314,0.0005808178756096594,0.019580578858838633
2020-09-04,2020,1982,0,0,58,4,1.4835961672413753,0.0037089904181034383,0.05285134844593281,0.15801442317814807,0.0006772222678744782,0.020829716078478503
2020-09-07,2020,1982,0,0,56,7,-0.95179476844966,-0.00237948692112415,-0.07307346747991929,0.17901979384021274,0.0003484473110822978,0.016932837284697324
2020-09-08,2020,1982,0,0,56,12,-1.4868057130155456,-0.003717014282538864,-0.15636920709738297,0.19291618759481916,0.00039521664307042237,0.011829171353989146
2020-09-09,2020,1982,0,0,56,5,0.31488253377920783,0.0007872063344480196,0.03115819540144067,0.1616309271656364,0.0005064229808902283,0.009192752829906345
2020-09-10,2020,1982,0,0,58,6,0.8992252223430266,0.0022480630558575666,0.051893164070290924,0.15817173410180754,0.0005543984148701238,0.0167288493738035
2020-09-11,2020,1982,0,0,58,11,-1.7823772356087297,-0.004455943089021824,-0.14856210424968735,0.19161397516711823,0.0004838189972611779,0.028503408090387296
2020-09-14,2020,1982,0,0,57,9,-2.470815799568739,-0.006177039498921848,-0.1623610955460822,0.19391884930422285,0.0006001564792095197,0.03500030594046838
2020-09-15,2020,1982,0,0,58,6,-0.637222029332135,-0.0015930550733303376,-0.03280869311288648,0.17229682127421317,0.00038278460359899945,0.03314370455459735
2020-09-16,2020,1982,0,0,57,11,-0.1084027710721589,-0.00027100692768039725,0.0817506414116838,0.15319191330275847,0.00040364894593962795,0.016616602861464796
2020-09-17,2020,1983,0,0,58,6,-1.1737332835586747,-0.0029343332088966867,-0.05847049885306671,0.17658517189128742,0.0006579602075895224,0.0069901457789469275
2020-09-18,2020,1983,0,0,58,7,1.2143785120639259,0.003035946280159815,0.12478099603944938,0.14601500104887805,0.0007806285406031319,0.021653907061775432
2020-09-23,2020,1983,0,0,58,9,0.4730309009807092,0.001182577252451773,0.011393689175727577,0.16493133365243814,0.000453309500955409,0.008076706478946307
2020-09-24,2020,1984,0,0,58,2,1.1095076013376177,0.0027737690033440444,-0.01428085454264361,0.16921694577275642,0.0009769603759994013,0.041595912914680386
2020-09-25,2020,1986,0,0,60,6,-1.2112133814692192,-0.003028033453673048,-0.1321582091421148,0.18888041311865775,0.0006334172035562025,0.0408562099842186
2020-09-28,2020,1986,0,0,60,12,-2.272071966083693,-0.005680179915209233,-0.15879774446796688,0.19332723994648196,0.0015632644551928634,0.04962326621154036
2020-09-29,2020,1986,0,0,59,11,0.0,0.0,,0.08341729638958857,2.49078414787526e-05,0.04932533338301606
2020-09-30,2020,1986,0,0,59,8,0.14253632083322687,0.0003563408020830672,0.07261593561960877,0.15471915230813552,0.000901657052353928,0.13647776519954585
2020-10-02,2020,1989,0,1,62,3,1.5762885488867924,0.003940721372216981,0.18678375284548715,0.13566715683334868,0.000352654097160044,0.03786499745742336
2020-10-05,2020,1990,0,0,61,1,-1.1290654645477736,-0.002822663661369434,-0.04092632869161445,0.1736591353019916,0.00041159001698346664,0.02470405657221298
2020-10-06,2020,1990,0,0,62,5,-1.0699283099683439,-0.0026748207749208597,-0.07894607058425693,0.17999737767851248,0.0004032117869709716,0.009801613745249163
2020-10-07,2020,1990,0,0,61,7,1.7877983426472626,0.004469495856618156,0.07539700774515942,0.15425131799354969,0.0004445162538594975,0.00844455732266266
2020-10-08,2020,1990,0,0,60,6,0.9393200938855736,0.002348300234713934,0.08428303779651142,0.15276760922755514,0.0004325128640875075,0.03834715340400026
2020-10-09,2020,1990,0,0,57,9,0.4075577450926372,0.001018894362731593,0.026143787875232343,0.16246400979760797,0.0003402649575188232,0.014531225509998219
2020-10-12,2020,1990,0,0,57,12,2.7572061441490696,0.006893015360372674,0.17394491870738593,0.137811649480075,0.00048361393829926075,0.009003158864952886
2020-10-13,2020,1990,0,0,59,13,0.21030587733691886,0.0005257646933422972,-0.01685528243630377,0.16964098013429044,0.0005062282991992445,0.009699083236467773
2020-10-14,2020,1990,0,0,59,7,-2.0436308722020504,-0.005109077180505126,-0.08200176911836225,0.1805127181461653,0.0007779703820908074,0.014439541607262213
2020-10-15,2020,1989,0,0,57,14,-0.06561829455578438,-0.00016404573638946097,-0.04540751313895204,0.17440811822366267,0.0008300367834447283,0.04013403186362561
2020-10-16,2020,1989,0,0,57,9,-1.1438636187987006,-0.0028596590469967516,-0.036711417703807224,0.1729576005168979,0.000499903887989738,0.05593671967991758
2020-10-19,2020,1989,0,0,58,4,-0.08455356765130828,-0.0002113839191282707,0.021959058710586832,0.16316710001311396,0.000504509274021917,0.023037452281943177
2020-10-20,2020,1989,0,0,57,4,-2.4320598435617278,-0.006080149608904319,-0.07209852557239615,0.17886050949609392,0.0005854225433719399,0.030290872465404826
2020-10-21,2020,1989,0,0,58,5,0.20853253194923022,0.0005213313298730756,0.019406808975346076,0.16359108941467218,0.00045561510225816204,0.009612766057091587
2020-10-22,2020,1989,0,0,58,9,1.069098695460344,0.0026727467386508602,0.06307343288993929,0.15630300640340164,0.0005465860532839317,0.013439888706812201
2020-10-23,2020,1989,0,0,58,5,-2.678770511471992,-0.00669692627867998,-0.2014682215790718,0.2004396299310878,0.0004327463790466911,0.01653240254662037
2020-10-26,2020,1989,0,0,57,8,-3.57696196032356,-0.0089424049008089,-0.2045817517104571,0.20096209036364052,0.0005837958522102747,0.03190129187658947
2020-10-27,2020,1989,0,0,57,1,1.1301144640527725,0.0028252861601319314,0.14051538100405297,0.14338490242255839,0.0004420056150523222,0.013012836989246452
2020-10-28,2020,1990,0,0,54,1,0.7691521984852638,0.0019228804962131596,0.06028567164950423,0.15677620805707787,0.0009552659363395905,0.016318038021279468
2020-10-29,2020,1991,0,0,53,6,2.943512673272072,0.00735878168318018,0.230125676507981,0.12844060018524053,0.0008194709582688691,0.02798561052501586
2020-10-30,2020,1991,0,0,53,9,-2.136244374727357,-0.005340610936818393,-0.1839585705567751,0.19752044790938278,0.001022337616094445,0.06389916891953505
2020-11-02,2020,1991,0,0,53,1,-0.8539358826217447,-0.002134839706554362,-0.04076946705808639,0.1736342700506868,0.0009797732890032673,0.09318966819448796
2020-11-04,2020,1991,0,0,53,0,0.5909103759103833,0.0014772759397759583,0.030466338677520854,0.1617464779355893,0.0006542707401734976,0.016707762266542674
2020-11-05,2020,1991,0,0,53,0,-1.9385543685222983,-0.004846385921305746,-0.1848514089625774,0.1976704164092067,0.0009612708747504201,0.019194127475141633
2020-11-06,2020,1991,0,0,53,3,5.453021437469194,0.013632553593672984,0.1979910530406036,0.13380206649728835,0.002136488274836276,0.023670249195127512
2020-11-09,2020,1991,0,0,53,10,-1.0898036841655563,-0.0027245092104138907,-0.062158677056125246,0.17720205287065452,0.0008172198336779499,0.04772111139215614
2020-11-10,2020,1991,0,0,53,4,0.6644331012290656,0.001661082753072664,-0.030537930208098533,0.1719255117258237,0.0007267843374950258,0.032833017844064956
2020-11-11,2020,1991,0,0,53,5,-1.1200285025428358,-0.0028000712563570895,-0.09110688289521669,0.18203305039593146,0.0011994754439829164,0.05759198769031572
2020-11-12,2020,1991,0,0,53,0,-2.700247333959477,-0.006750618334898693,-0.2133390771834491,0.20242499336456238,0.0010590708496594989,0.03302339059037927
2020-11-13,2020,1991,0,0,53,0,-1.0535572459031832,-0.002633893114757958,-0.10004518453928456,0.18352248168194973,0.0007373666210590299,0.05291098069252834
2020-11-16,2020,1991,0,0,53,6,1.0465414650823424,0.002616353662705856,-0.024648949064849473,0.1709438705963914,0.0004957474017306422,0.06648598798871132
2020-11-17,2020,1991,0,0,52,20,0.6921901860808659,0.0017304754652021647,0.02241359338062114,0.16308478967454246,0.00042476012205625,0.014973969511113223
2020-11-18,2020,1991,0,0,52,6,0.7798043650391685,0.0019495109125979213,0.07468329296853411,0.15437063627311767,0.0003406740387637492,0.011635924688974399
2020-11-19,2020,1991,0,0,51,2,-3.2399311856324724,-0.008099827964081182,-0.15802372747250135,0.19319553467485584,0.000697879003349344,0.021303215139727008
2020-11-20,2020,1991,0,0,51,8,-1.32901509597708,-0.0033225377399426995,-0.05847454848223054,0.1765865033594586,0.0004966659894182024,0.03636986080868897
2020-11-24,2020,1991,0,0,51,4,0.9914323372030681,0.0024785808430076704,0.034848508043278104,0.16101502156284173,0.00045853740812620673,0.11882669375439721
2020-11-25,2020,1991,0,0,51,8,-1.6780199877257447,-0.004195049969314362,-0.0948597654280804,0.18265637751386757,0.0005126078272906925,0.063534780866843
2020-11-26,2020,1991,0,0,50,12,-0.5387197584073604,-0.001346799396018401,-0.010306028140169236,0.1685529286602722,0.0011294367007258412,0.019309597204516298
2020-11-27,2020,1991,0,0,50,14,-0.03160859119204229,-7.902147798010572e-05,-0.003136851908978344,0.1673552117200821,0.0005370103862715635,0.03136028571510928
2020-11-30,2020,1991,0,0,50,2,1.1883341808206036,0.002970835452051509,0.07120547694051645,0.1549515726884462,0.00042517559750698065,0.025637509929985567
2020-12-01,2020,1991,0,0,51,9,0.1495216983010027,0.00037380424575250677,0.005846115561094402,0.16585403906732082,0.0005242398429582253,0.03565437475221777
2020-12-02,2020,1991,0,0,52,12,-0.16114580423495334,-0.00040286451058738336,-0.039365012398172125,0.17339617956570333,0.000489876407633859,0.03257436718299528
2020-12-03,2020,1991,0,0,52,5,-0.4946173181126463,-0.0012365432952816157,-0.05979984661525327,0.17680745426843208,0.0007048423743534947,0.025207109184731086
2020-12-04,2020,1991,0,0,51,4,2.1941604922198312,0.005485401230549578,0.15417659079354487,0.14110615246704156,0.00040450441245126154,0.02604248036211086
2020-12-07,2020,1991,0,0,51,3,-1.869685081544867,-0.004674212703862167,-0.1875057847255335,0.1981114514697467,0.0005283207363794771,0.04416724702559822
2020-12-08,2020,1991,0,0,51,10,-0.26445424760109515,-0.0006611356190027378,0.003209584136552355,0.1662944279915411,0.0003717309408402367,0.017059949061946453
2020-12-09,2020,1991,0,0,52,2,-0.16651391278919703,-0.00041628478197299254,-0.034954351111690915,0.1726594925263481,0.0005273272138420783,0.025716859497037555
2020-12-10,2020,1991,0,0,49,10,0.03909732123868981,9.774330309672452e-05,0.012183994676846941,0.16479705593176416,0.0005345344184356861,0.007721986627514721
2020-12-11,2020,1991,0,0,49,13,0.057271547063222156,0.0001431788676580554,-0.02766523202169026,0.17144093675447242,0.00044938786096553626,0.0053468865209758566
2020-12-14,2020,1991,0,0,50,4,-0.22389565549475465,-0.0005597391387368866,0.01203828794954343,0.16481889240959588,0.0005231261495627643,0.0633971507837868
2020-12-15,2020,1990,0,0,49,12,1.1064181660009365,0.002766045415002341,0.061471846488242186,0.1565752349016554,0.0004886287947976928,0.022005154628824665
2020-12-16,2020,1993,0,0,50,11,-0.2454250128876816,-0.0006135625322192039,-0.022506086276351426,0.17058553810228994,0.00037854525172934173,0.023369512636531267
2020-12-17,2020,1994,0,0,51,10,-0.6274077348972342,-0.0015685193372430857,-0.02407726786759714,0.17084296452010975,0.0003605669011384452,0.038635614125600355
2020-12-18,2020,1995,0,0,52,10,-0.9359426486142968,-0.002339856621535742,-0.05828689104087674,0.17655783518356724,0.0009728052078501924,0.006068425107862822
2020-12-21,2020,1996,0,0,53,11,-0.25224765127676035,-0.0006306191281919009,-0.019912513389792882,0.17015246150494087,0.0003883034851184544,0.007158798596161048
2020-12-22,2020,1998,0,0,52,11,-1.176849701033107,-0.002942124252582767,-0.04923328151355312,0.17503934167901072,0.0004532998910354495,0.03616224106638417
2020-12-23,2020,1999,0,0,54,13,-0.6524363470051663,-0.0016310908675129156,-0.050589132656859374,0.17526623207285108,0.0003798579312162892,0.037667706132276775
2020-12-24,2020,1999,0,0,54,5,-1.6166773238302976,-0.004041693309575744,-0.14988132730618392,0.19183423789718426,0.00042607476583576864,0.019364731402951266
2020-12-25,2020,1999,0,0,54,9,1.4266277670798697,0.0035665694176996742,0.15442789360024453,0.1410691816989185,0.0005193403073855981,0.014128917616761579
2020-12-28,2020,1999,0,0,51,4,0.04029069776259697,0.00010072674440649243,-0.023365476491779592,0.17072827844993205,0.0003433061530981095,0.016553040547541014
2020-12-29,2020,1999,0,0,51,11,0.19333670353315657,0.0004833417588328914,0.020909233689460512,0.16334400277560548,0.0006850008005672542,0.03512032588162954
2020-12-30,2021,1999,0,0,50,12,0.24893281380851556,0.0006223320345212889,0.05637669344186757,0.1574212593846535,0.00037053861451705433,0.022325585658051338
2021-01-04,2021,1999,0,0,50,4,0.19032297940243748,0.00047580744850609367,0.10408716718889899,0.14946519688655524,0.0004219136624567724,0.018291614903670574
2021-01-05,2021,1999,0,0,50,5,1.0591778507765264,0.002647944626941316,0.07144402862460797,0.15491132193464843,0.0005144048611212749,0.007652084043222891
2021-01-06,2021,1999,0,0,49,3,-1.5331116537084697,-0.003832779134271174,-0.11489816353889437,0.18600031206002607,0.0005552170433767426,0.014461164680579883
2021-01-07,2021,1999,0,0,49,11,-0.7720652074547201,-0.0019301630186368002,-0.07508149888799903,0.179357181265981,0.0005659070230762998,0.036042789639612945
2021-01-08,2021,1999,0,0,48,5,0.6958912574260546,0.0017397281435651366,0.07184799426296178,0.15484130246347438,0.0005482626751812865,0.07527250183766004
2021-01-12,2021,1999,0,0,47,14,-1.3626457446987201,-0.0034066143617468,-0.0980577023875539,0.18318693568192693,0.0005143525253987947,0.018807138402753658
2021-01-13,2021,1999,0,0,47,7,0.049077841187673776,0.00012269460296918444,-0.05344045977460986,0.17574839564268963,0.0007099873366089717,0.025678153271471053
2021-01-14,2021,1999,0,0,47,10,0.5003182349472106,0.0012507955873680265,0.07507333287173008,0.15430609695735248,0.00045991496809002954,0.0371076682851425
2021-01-15,2021,1999,0,0,47,10,-2.8945923333426533,-0.007236480833356634,-0.21567789633872406,0.20281143876293553,0.000449998405706787,0.02363358246062915
2021-01-18,2021,1999,0,0,46,8,-0.839922391170558,-0.002099805977926395,0.01900290871514663,0.16365919042701627,0.0004055553274626894,0.0312682732835558
2021-01-19,2021,1999,0,0,45,9,-0.9392059625492256,-0.002348014906373064,-0.02257127419419935,0.17059055115708568,0.0003979906556015257,0.10596231747133505
2021-01-20,2021,1999,0,0,44,6,-0.5535220041826054,-0.0013838050104565136,-0.05186829611172557,0.17548370532113405,0.00042596760601513957,0.039005719466829764
2021-01-21,2021,1999,0,0,43,7,-0.9107635520524289,-0.002276908880131072,-0.07598646357833146,0.17950735214290664,0.0005084586787880023,0.050899551212220055
2021-01-22,2021,1999,0,0,43,3,1.0822138689216243,0.002705534672304061,0.07868590853070143,0.15370199133871512,0.00047824635567931303,0.03251941723753863
2021-01-25,2021,1999,0,0,43,8,0.216814965263037,0.0005420374131575925,-0.00967025947977123,0.16844200552652627,0.0004032255543083057,0.026675359102792045
2021-01-26,2021,1999,0,0,42,5,-0.11225561933766681,-0.00028063904834416706,-0.022947705087409166,0.17065561155298717,0.0005989794562120889,0.048509694009498776
2021-01-27,2021,1999,0,0,42,4,-1.4738579717696547,-0.003684644929424137,-0.10782962849509538,0.1848219620410896,0.0008042041674451779,0.006703978150954037
2021-01-28,2021,1999,0,0,41,11,0.15784211021346062,0.0003946052755336515,0.02615238074071951,0.1624670628041182,0.0006807888685630705,0.013219623835848422
2021-01-29,2021,1999,0,0,41,2,0.21736881081667114,0.0005434220270416778,0.04954149241225364,0.15856395790863773,0.0007246175444393156,0.0673545743334573
2021-02-01,2021,1999,0,0,41,4,-1.379381897758979,-0.0034484547443974474,-0.039111640125814195,0.17335661679042078,0.0005442735910584817,0.024646314226374616
2021-02-02,2021,1999,0,0,41,2,-0.39443187104926913,-0.0009860796776231728,0.0315587986768755,0.1615630568467848,0.00042602832420542055,0.02467830725436039
2021-02-03,2021,1999,0,0,41,5,-2.662252529215103,-0.0066556313230377575,-0.18799379559823803,0.1981930826069487,0.0007095998939274801,0.06043985266183211
2021-02-04,2021,1999,0,0,41,6,-0.46466407425985423,-0.0011616601856496355,-0.04624648176205849,0.17454775049300542,0.0007395425590361608,0.011432664262760897
2021-02-05,2021,1999,0,0,41,2,-1.8006423598575563,-0.00450160589964389,-0.15564630105382507,0.19279637274802275,0.0005662140019964849,0.03737887479192266
2021-02-08,2021,1999,0,0,41,3,0.5478265343535789,0.0013695663358839472,0.11030057677998448,0.14842899526689118,0.0005901487718974105,0.015345408016657552
2021-02-09,2021,1999,0,0,41,4,-0.9377018239805841,-0.0023442545599514602,-0.015380958669907921,0.16939788637987588,0.0008135736689637213,0.03328943714236646
2021-02-10,2021,1999,0,0,41,8,1.4639366022808356,0.0036598415057020888,0.04818482420736188,0.15879124442045792,0.000815620485479578,0.008066338214980005
2021-02-12,2021,1999,0,0,41,9,-0.5669794587552265,-0.0014174486468880663,-0.0019606448189230935,0.16715700822763113,0.000578928080531563,0.045963948778275504
2021-02-15,2021,1999,0,0,42,11,-0.5292787056929464,-0.0013231967642323662,0.026078187609924832,0.1624789855872364,0.000655436791932221,0.00750739184117571
2021-02-16,2021,1999,0,0,42,6,-0.3032410190332411,-0.0007581025475831026,0.003799927848756152,0.16619668208244026,0.0007635085968856915,0.015777485651319804
2021-02-17,2021,2000,0,0,40,0,-0.39295671649327635,-0.000982391791233191,-1.3049533417667614e-05,0.16683201211661358,0.0005491450648926998,0.021945676350214445
2021-02-18,2021,2000,0,0,41,1,-2.174012911396348,-0.00543503227849087,-0.15655758689281332,0.1929497122247967,0.0006050795519577321,0.02484809024541335
2021-02-19,2021,2000,0,0,42,0,-1.70698424295733,-0.004267460607393326,-0.1774332473194359,0.19643393294946623,0.0009582962176616263,0.019960687157532124
2021-02-22,2021,2000,0,0,42,0,-0.8723725369565033,-0.0021809313423912582,-0.03990627554487671,0.17348576614470318,0.000496406517527543,0.11581876537448534
2021-02-24,2021,2000,0,0,42,8,0.22861555347066442,0.000571538883676661,-0.011221962401783435,0.16870503104228454,0.0007939836725943386,0.012350881863024254
2021-02-25,2021,2000,0,0,42,3,-0.915151883343237,-0.0022878797083580927,-0.11058649353609785,0.18528265001685434,0.0008586873059129445,0.012987716549516285
2021-02-26,2021,2000,0,0,42,19,-0.13176914448412802,-0.0003294228612103201,-0.0625744908315307,0.177265119052773,0.0003823628018212819,0.08750529083888604
2021-03-01,2021,2000,0,0,41,12,0.2706960799659094,0.0006767401999147734,0.08117771216409853,0.1532877471126759,0.00040899246514343533,0.017647255432140577
2021-03-02,2021,2000,0,0,41,10,0.010689943646617905,2.6724859116544764e-05,-0.0058452631737314275,0.16780215808254303,0.00037738210836875375,0.026046502069090764
2021-03-03,2021,2000,0,0,41,7,0.6815311927146817,0.0017038279817867042,0.10038881403678929,0.15008108656629465,0.0003300322411659982,0.029595570351001764
2021-03-04,2021,2000,0,0,41,5,1.8255389788001681,0.00456384744700042,0.20925447599320648,0.13191956740000815,0.00037745339083491476,0.09299642873632866
2021-03-05,2021,2000,0,0,38,5,0.9594403685344579,0.002398600921336145,0.11784947517954167,0.14717110030753247,0.0006637836209760406,0.01612529601117963
2021-03-08,2021,2000,0,0,38,5,-1.3894555298756377,-0.003473638824689094,-0.1345385778131118,0.18927354122283754,0.00033538420406599754,0.007590837833947949
2021-03-09,2021,2000,0,0,38,1,-1.6856063054467634,-0.004214015763616908,-0.1060555532601921,0.18452499786661714,0.0004074386706613255,0.05178144422923619
2021-03-10,2021,2000,0,0,38,3,2.4052225742303017,0.006013056435575754,0.12290195591072473,0.14632584563917778,0.00045180535616358214,0.019622533860355673
2021-03-11,2021,2000,0,0,37,9,-0.48429510748297866,-0.0012107377687074466,-0.05686271216801034,0.17631893910937457,0.0005764934859006047,0.07871828146615319
2021-03-12,2021,2000,0,0,37,5,1.039466649607408,0.0025986666240185204,0.16824150906240995,0.13876395476377507,0.0004327749892324061,0.0128167341877418
2021-03-15,2021,2000,0,0,37,16,-0.33979956591027505,-0.0008494989147756877,-0.05002904333492851,0.17517246310749168,0.0003777411311787937,0.06400334581930996
2021-03-16,2021,2000,0,0,34,19,-0.620333683966138,-0.001550834209915345,-0.033188932991822497,0.17236427537180296,0.0003213388935167935,0.05482199612773322
2021-03-17,2021,2000,0,0,35,12,1.1961788052326623,0.002990447013081656,0.12304413351680861,0.14630253583520125,0.0003779056864587451,0.12394860082088952
2021-03-18,2021,2000,0,0,35,10,-0.43841622832870747,-0.0010960405708217687,-0.05210295018541189,0.1755218320766186,0.00046584846655205913,0.045082227625625616
2021-03-19,2021,2000,0,0,33,5,0.35249861399091875,0.0008812465349772969,-0.016155445812267622,0.16952671714796866,0.0006645856067286524,0.01112665474107655
2021-03-22,2021,2000,0,0,30,9,0.35557284782775866,0.0008889321195693966,0.014097560511874002,0.16448118681651983,0.0011028858295617434,0.015689174505170895
2021-03-23,2021,2000,0,0,30,15,-0.562332406341528,-0.0014058310158538202,-0.1320149268582931,0.18885624909753526,0.0005081155162890061,0.04272539063673855
2021-03-24,2021,2000,0,0,29,1,1.1014760903275285,0.002753690225818821,0.15061909771315826,0.1417042498237613,0.0005440260765105526,0.06115024484514085
2021-03-25,2021,2000,0,0,30,2,-0.6479796588599395,-0.0016199491471498486,-0.10585858702684459,0.18449244444633525,0.0004450291567782368,0.037480004856377154
2021-03-26,2021,2000,0,0,29,3,-1.7777657500394424,-0.004444414375098606,-0.07838584289526584,0.1799091145122336,0.0007523202123987442,0.024848245085101597
2021-03-29,2021,2000,0,0,29,4,0.5172461667826507,0.0012931154169566266,0.014478598122596439,0.16441724119938908,0.0006232906304758238,0.02820523959488953
2021-03-30,2021,2000,0,0,29,3,1.8941386175967505,0.004735346543991876,0.1547264037728714,0.14101815946742755,0.0004304548543861112,0.06402437443244088
2021-03-31,2021,2000,0,0,29,1,0.3593860869804776,0.000898465217451194,0.04017946601048504,0.16012591281884064,0.00034571609135679613,0.03536012507815483
2021-04-01,2021,2000,0,0,29,0,0.2363185703606978,0.0005907964259017445,0.06218480584235754,0.1564567963696706,0.00032037939696857333,0.025435643104747732
2021-04-02,2021,2000,0,0,29,0,-0.5725364300071765,-0.0014313410750179411,-0.03339157362116828,0.17240354988649903,0.0005134587412541772,0.06472147199172121
2021-04-05,2021,2000,0,0,30,1,-0.5939695555233979,-0.0014849238888084949,-0.005368783896649385,0.1677279438243384,0.0003365787708513981,0.03458542644175937
2021-04-06,2021,2000,0,0,29,1,-0.8524358773420202,-0.0021310896933550505,-0.07102206903822353,0.1786817005926675,0.0005682334395641611,0.025368521095131626
2021-04-07,2021,2000,0,0,29,6,0.11530806998871923,0.0002882701749717981,-0.012754268749088919,0.16895068963946705,0.0002471703735912329,0.012971804545176324
2021-04-08,2021,2000,0,0,28,6,-3.0617248874627645,-0.007654312218656911,-0.26287383339859205,0.2106846352766178,0.0004899927153636489,0.0336203804185284
2021-04-09,2021,2000,0,0,27,5,-0.10355549847566892,-0.0002588887461891723,-0.009102699765594057,0.16834463054438675,0.0002996825967835547,0.03259326506837651
2021-04-12,2021,2000,0,0,29,3,0.2746191601309438,0.0006865479003273595,0.05999497258016734,0.15682058681917246,0.00030250456945335734,0.023550500958358478
2021-04-13,2021,2000,0,0,29,3,0.46005280806026416,0.0011501320201506603,0.03740452392509446,0.16058949509772397,0.0003416438853592121,0.006360406618969367
2021-04-14,2021,2000,0,0,29,7,0.8502342575016143,0.002125585643754036,0.02042339265704081,0.16341137108073794,0.0002604648384794317,0.014252333716647981
2021-04-15,2021,2000,0,0,30,1,-1.116331302302876,-0.00279082825575719,-0.08714307006815998,0.18136640900490267,0.0003465461952574791,0.018471662985560636
2021-04-16,2021,2000,0,0,29,3,0.20866640994553354,0.0005216660248638338,0.02465588405977334,0.16271942774789097,0.0004082107131876756,0.015046340150418672
2021-04-19,2021,2000,0,0,29,4,-2.0780764569574366,-0.005195191142393592,-0.12401155337901644,0.18752233232674367,0.0007371303134914622,0.005290199349343747
2021-04-20,2021,2000,0,0,28,4,0.18800289478509002,0.00047000723696272504,0.0031153831009375884,0.16631130059777263,0.0005259999035988695,0.017099377246538115
2021-04-21,2021,2000,0,0,29,5,0.3135358430770354,0.0007838396076925886,0.03228119940838727,0.16144071304036212,0.0003191445822701533,0.04466083795468007
2021-04-22,2021,2000,0,0,29,1,0.8751938241177573,0.002187984560294393,0.04781511922116281,0.158852391490893,0.0003404828259181998,0.03273172180649722
2021-04-23,2021,2000,0,0,29,9,-1.1004701153774117,-0.0027511752884435293,-0.08251702086574077,0.180593783948002,0.0003078691350807037,0.028729662169383472
2021-04-26,2021,2000,0,0,29,11,-0.4801035947069928,-0.001200258986767482,-0.018522066940056477,0.16992017194189893,0.00036672411194930456,0.025314367347043475
2021-04-27,2021,2000,0,0,29,7,-0.3151691251157562,-0.0007879228127893904,-0.03273423110334807,0.17228885421950593,0.0005101887654165557,0.18384398269680163
2021-04-28,2021,1999,0,0,30,4,-1.1132087951820953,-0.002783021987955238,-0.06429013736776443,0.1775579341207125,0.0007089434766996561,0.018826019168766063
2021-04-30,2021,1999,0,0,30,4,-0.9370004988735424,-0.002342501247183856,-0.0745382635998403,0.1792670039404768,0.0005765264375061385,0.00992320975668581
2021-05-06,2021,1999,0,0,30,3,0.08204024115921627,0.00020510060289804065,-0.022556403214345357,0.17058986675996132,0.0005641797723637206,0.01361946256842437
2021-05-07,2021,1999,0,0,31,3,-2.0771102410995277,-0.005192775602748819,-0.11778663011981702,0.1864838308903059,0.000945979105835274,0.3306827238486847
2021-05-10,2021,1999,0,0,31,2,-0.44702355331793475,-0.0011175588832948368,-0.008434370588707234,0.16823967184689337,0.0009153683682109689,0.017609297066737046
2021-05-11,2021,1999,0,0,32,4,-0.06835527456067814,-0.00017088818640169533,-0.03863371021436685,0.17327808887765545,0.0009816003471970417,0.015028017393220608
2021-05-12,2021,1999,0,0,31,7,0.6168198290194407,0.0015420495725486016,0.08697808648062466,0.15232170920575683,0.0010824100610200365,0.047066207748029096
2021-05-13,2021,1999,0,0,33,4,1.4800165940367849,0.003700041485091962,0.13225471747431353,0.14476755373411157,0.0010375333261338664,0.026549954401856
2021-05-14,2021,1999,0,0,33,2,-0.6694121715140682,-0.0016735304287851705,0.0024455773681239714,0.16642466276580128,0.0007139986052672456,0.046907425281497286
2021-05-17,2021,1999,0,0,33,5,0.035200890306097035,8.800222576524259e-05,0.008623355535171597,0.16539248131351741,0.00037001415769332975,0.06658990737258702
2021-05-18,2021,1999,0,0,33,2,0.08616006301728962,0.00021540015754322405,0.021394540067228573,0.16325744154560967,0.0004340018052207304,0.010761957516906125
2021-05-19,2021,1999,0,0,33,2,0.35983322586360594,0.0008995830646590148,0.013659512609451696,0.16454551897617525,0.0003084378505719761,0.008638745273745654
2021-05-20,2021,1999,0,0,33,1,-1.424001683569351,-0.0035600042089233776,-0.13592509389009014,0.1895064574128706,0.0003532700861921795,0.017004193122529293
2021-05-21,2021,1999,0,0,33,1,0.0640171732779321,0.00016004293319483027,-0.008753976038595263,0.16829092512761426,0.00032447729235378093,0.04261420910111647
2021-05-24,2021,1999,0,0,33,6,-0.11043385686302981,-0.0002760846421575745,-0.0004634528795969208,0.1669041715790566,0.000337972457737513,0.06174306760096252
2021-05-25,2021,1999,0,0,32,4,0.6263190177045141,0.0015657975442612854,0.05736020675981055,0.15726265945194226,0.00040064014322624956,0.022154090834536663
2021-05-26,2021,1999,0,0,32,10,-0.7045515905861817,-0.0017613789764654541,-0.050600373449778975,0.17527411839789503,0.000630768514703923,0.03212038284264888
2021-05-27,2021,1999,0,0,32,0,-0.7605303836189135,-0.0019013259590472836,-0.07894649782132154,0.18000243454649836,0.0004211721290574963,0.016453512823859442
2021-05-28,2021,1999,0,0,33,0,-0.3245072162280898,-0.0008112680405702246,-0.01172665013816686,0.1687829354195695,0.00026565257024163967,0.013164527869117705
2021-05-31,2021,1999,0,0,32,12,-1.0150852372215928,-0.002537713093053982,-0.09710898917904909,0.18302909207602044,0.0003978240015209517,0.049021102921168215
2021-06-01,2021,1999,0,0,33,2,0.4777791205258217,0.0011944478013145544,0.01815595569844157,0.16379595957641988,0.0003189181090493794,0.014277950364056597
2021-06-02,2021,1999,0,0,32,2,1.5247342131454973,0.003811835532863743,0.0891581258594151,0.15195200029771969,0.0003048199106408523,0.013167300941063165
2021-06-03,2021,1999,0,0,32,7,-0.5591312550782706,-0.0013978281376956763,-0.08339852696896485,0.18074021652625272,0.0003065700082908378,0.02060639375209581
2021-06-04,2021,1999,0,0,30,1,-0.9692315438367042,-0.0024230788595917606,-0.09661625318196582,0.18294623779348124,0.000316221944531596,0.010773727090990958
2021-06-07,2021,1999,0,0,31,5,0.5365189810150144,0.001341297452537536,0.015314939947004195,0.1642714435230563,0.00029748817169149045,0.006246460490683432
2021-06-08,2021,1999,0,0,31,2,0.9370732884925322,0.0023426832212313305,0.06658995192963989,0.15571277640581813,0.0002666123813047543,0.006444420949294497
2021-06-09,2021,1999,0,0,30,2,0.20610729383301696,0.0005152682345825423,0.03696250710684018,0.16065592157241584,0.00031593819786636607,0.011391053435882743
2021-06-10,2021,1999,0,0,30,2,-0.0076454990728273,-1.911374768206825e-05,-0.00815829686707345,0.16818582828314424,0.00034670975877073223,0.015108874484355717
2021-06-11,2021,1999,0,0,30,0,-0.3189613578386168,-0.000797403394596542,0.007848241943939002,0.16551378495507468,0.000335305715121503,0.057813767032136754
2021-06-14,2021,1999,0,0,30,1,-0.4782336424432204,-0.0011955841061080511,0.00080799962928675,0.16669228666543642,0.0003069479507685829,0.005928516279116088
2021-06-15,2021,1999,0,0,30,4,-0.4389749391207671,-0.0010974373478019178,-0.07063127201908187,0.1786097946688878,0.0002997531785301443,0.007878018905511333
2021-06-16,2021,1999,0,0,31,5,0.01290816467737299,3.227041169343248e-05,0.017463053739387547,0.16391698834384144,0.000467648147667627,0.04205910122474805
2021-06-17,2021,1999,0,0,33,4,0.6308784713500768,0.001577196178375192,0.014590282894280736,0.16439914326708074,0.0006558453283563566,0.014001981470928036
2021-06-18,2021,1999,0,0,32,11,1.8518801690838789,0.004629700422709698,0.15944305670250863,0.14023287761088843,0.0008579638359658663,0.010264208142107285
2021-06-21,2021,1999,0,0,32,11,-1.0385132459053028,-0.002596283114763257,-0.10356117630381372,0.18410228328319253,0.0003142505365101097,0.013939258985719667
2021-06-22,2021,1999,0,0,33,10,0.11541522857385883,0.00028853807143464706,0.033461177873089096,0.16124506863707797,0.0003450546186271893,0.31657795817789863
2021-06-23,2021,1999,0,0,34,13,0.018833920319503594,4.708480079875899e-05,-0.017013048139032115,0.16966753602733006,0.00034684222137394623,0.07568302585480874
2021-06-24,2021,1999,0,0,34,5,0.7954065476677034,0.0019885163691692586,0.02107386290369836,0.1633124338539233,0.00030316655058150324,0.029106777829202644
2021-06-25,2021,1999,0,0,35,12,-0.17321234848278722,-0.00043303087120696805,-0.05239050369086335,0.1755713662356423,0.0003681038141206901,0.04836269982262376
2021-06-28,2021,1999,0,0,34,5,-0.06334241562954235,-0.00015835603907385587,-0.0215648184328447,0.17042576715155747,0.00034371341757198995,0.023875162117232743
2021-06-29,2021,1999,0,0,34,7,1.3064737151517942,0.0032661842878794855,0.16411237719057212,0.13944532568077325,0.000351208917757971,0.011449555428841494
2021-06-30,2021,1999,0,0,34,12,0.37149892266158746,0.0009287473066539687,0.08271286913449943,0.15303204374679552,0.0003643285859069816,0.19296508400589393
2021-07-01,2021,1999,0,0,34,5,-0.9158395579293902,-0.0022895988948234756,-0.08079992586352883,0.18030867390757543,0.0002379123519953344,0.02292293545101355
2021-07-02,2021,1999,0,0,34,7,-0.26927690148937505,-0.0006731922537234376,-0.08280907185234053,0.18063024368905037,0.00023704187510304,0.007369387277863055
2021-07-05,2021,1999,0,0,34,3,0.7131508235799406,0.0017828770589498515,0.09470629915325306,0.15103198108927704,0.0002564068943398562,0.010889308355587112
2021-07-06,2021,1999,0,0,35,0,0.6409388412633001,0.0016023471031582504,-0.04775063298552544,0.17479753464143308,0.0003517151919033274,0.02735373722830504
2021-07-07,2021,1999,0,0,35,3,-0.5952006277215988,-0.0014880015693039968,-0.024825639245692435,0.17096577377587505,0.0002633796985727267,0.016920848950010735
2021-07-08,2021,1999,0,0,35,11,0.10829953954024107,0.00027074884885060267,0.04000617778426632,0.16015885377180136,0.0006906491843649337,0.012094156917235505
2021-07-09,2021,1999,0,0,35,25,0.9461547346446177,0.0023653868366115445,0.10487805264360689,0.14933338280240713,0.0003608803680331562,0.02923568086287785
2021-07-12,2021,1999,0,0,35,7,0.02721984935973601,6.804962339934003e-05,-0.03210327334009959,0.17217861977829546,0.0003109060746405577,0.044650819161287464
2021-07-13,2021,1999,0,0,34,12,-0.03856801120718201,-9.642002801795502e-05,0.005590932794818246,0.1658986073666512,0.0003728356963561418,0.01923467666539232
2021-07-14,2021,1999,0,0,34,9,0.91677897551772,0.0022919474387943003,0.04630020653797905,0.15909617382175484,0.0002663668638876662,0.015221507678812252
2021-07-15,2021,1999,0,0,35,5,-1.0598676682008628,-0.002649669170502157,-0.05135932089900495,0.1754007314899623,0.0004019766525269977,0.026312409792680385
2021-07-16,2021,1999,0,0,33,5,0.16994929978373818,0.00042487324945934547,0.007427561382131984,0.1655910685720886,0.00027954998769444655,0.013481116905053027
2021-07-19,2021,1999,0,0,34,6,0.45126080386070444,0.001128152009651761,0.05590445115583332,0.15750292275479294,0.00031690193625934655,0.033726939356811
2021-07-20,2021,1999,0,0,36,8,0.2181630785192059,0.0005454076962980148,0.04550170171183279,0.15924034007412532,0.0005005454891137097,0.027400853080097286
2021-07-21,2021,1999,0,0,35,7,-0.4201393151149324,-0.001050348287787331,0.05792344153237711,0.15716722286379736,0.00033604563097578777,0.012928918213466178
2021-07-26,2021,1999,0,0,36,3,-1.209823691788632,-0.00302455922947158,-0.13011887759917062,0.188536703467029,0.00039438417613846,0.016297233675216186
2021-07-27,2021,1999,0,0,36,8,1.6593583761214639,0.00414839594030366,0.12772558396979256,0.1455205917609792,0.0003705166918377245,0.016829437895958838
2021-07-28,2021,1999,0,0,36,5,-2.1039183533275057,-0.005259795883318764,-0.16120985451666164,0.1937277987005178,0.0006959261704785711,0.026203288864280163
2021-07-29,2021,1999,0,0,37,6,-0.15247195991197726,-0.00038117989977994314,-0.017825417181497036,0.16980674038488483,0.000894062470712429,0.018728096232472187
2021-07-30,2021,1999,0,0,37,8,0.1310781309609682,0.0003276953274024205,-0.009572127405430704,0.1684263457208238,0.0003327663039585008,0.03129755386624521
2021-08-02,2021,1999,0,0,37,2,0.7871117602489377,0.001967779400622344,0.08714283031176204,0.15229288075477185,0.0004078106784223046,0.008225860440853439
2021-08-03,2021,1999,0,0,39,1,0.3020308826390621,0.0007550772065976552,0.020120725063753123,0.1634704011437924,0.00044466795677987895,0.012358053141402993
2021-08-04,2021,1999,0,0,39,2,0.2102253062624101,0.0005255632656560252,-0.039371388908583334,0.1733966120110018,0.0005714769678086053,0.023632169563836427
2021-08-05,2021,1999,0,0,39,2,-0.8689509124868017,-0.002172377281217004,-0.09434917056781203,0.18257123967298874,0.0008453439779549382,0.015492307223807884
2021-08-06,2021,1999,0,0,39,5,1.2508782027945395,0.003127195506986349,-0.014562812198630124,0.16926041096622382,0.0006636762993415104,0.01065436240430141
2021-08-10,2021,1999,0,0,39,4,-0.7565395521494782,-0.0018913488803736955,0.01517686986602034,0.16429294492105928,0.0005532932828245799,0.017266696731868886
2021-08-11,2021,1999,0,0,40,7,-0.21549754421785872,-0.0005387438605446468,-0.0046395579087474565,0.16759936128829783,0.000664127359927743,0.14608955622531047
2021-08-12,2021,1999,0,0,40,8,0.6359297908242585,0.0015898244770606463,-0.021427544788598766,0.17040728761466506,0.0008757492916428465,0.0413131601230372
2021-08-13,2021,1999,0,0,40,9,0.8864635809054446,0.0022161589522636115,-0.029872098419269712,0.17181225359538738,0.0005510842597323184,0.019598209152429342
2021-08-16,2021,1999,0,0,39,9,0.8102194196049262,0.0020255485490123155,0.08759288492192888,0.1522175705047296,0.0004252231184059802,0.032741655243508985
2021-08-17,2021,1999,0,0,40,13,-0.9880033941356572,-0.002470008485339143,-0.0974606102553783,0.18309083543596447,0.0005310444044860184,0.01995805081483916
2021-08-18,2021,1999,0,0,40,4,-1.364396657293013,-0.0034109916432325327,-0.18692936395498988,0.1980156791405008,0.0005195375048078244,0.028955564575158032
2021-08-19,2021,1999,0,0,41,4,-0.4990390204774964,-0.0012475975511937409,-0.03543103399975161,0.1727426784847262,0.0007259734224146895,0.009596872337406508
2021-08-20,2021,1999,0,0,41,1,-1.64676517198112,-0.0041169129299528,-0.13954120583972845,0.19010956203100823,0.0005636907226117101,0.010610682083202736
2021-08-23,2021,1999,0,0,41,0,0.7057892142618445,0.0017644730356546111,0.08548785419297851,0.15256141912625812,0.00031203713866852516,0.024824679040243623
2021-08-24,2021,1999,0,0,41,4,-0.7344246072559968,-0.001836061518139992,-0.028290649506902407,0.17154625218623432,0.00032969067244785103,0.013711828494739266
2021-08-25,2021,1999,0,0,41,8,-0.004678326620700224,-1.169581655175056e-05,-0.013645498147863751,0.1690981149882898,0.0002528985258694762,0.055853906624116795
2021-08-26,2021,1999,0,0,40,3,0.5594650606810827,0.0013986626517027067,-0.00047208187375634544,0.16691102451018194,0.00042573749244418095,0.04425989023683411
2021-08-27,2021,1999,0,0,40,4,0.14557241368318247,0.0003639310342079562,0.04034978117216407,0.16009586053967606,0.00033749424613492427,0.006726701664206456
2021-08-30,2021,1999,0,0,40,6,-0.4797351393911884,-0.001199337848477971,-0.03699838801214329,0.17299843198209047,0.0003179098444268647,0.023678299533622812
2021-08-31,2021,1999,0,0,41,7,-0.6664066462893832,-0.0016660166157234579,0.020869202431138927,0.16334617545295457,0.0003659474998824781,0.040717081835935275
2021-09-01,2021,1999,0,0,42,6,-0.3068366456030609,-0.0007670916140076522,-0.009508892909538406,0.1684173818916741,0.0005125025634144322,0.02478298046133419
2021-09-02,2021,1999,0,0,42,8,-0.03310324671524478,-8.275811678811196e-05,0.019639235195769496,0.16355027115913062,0.0004155251907923258,0.010080483211458487
2021-09-03,2021,1999,0,0,43,8,-0.518706249779717,-0.0012967656244492925,0.006020750298645486,0.16582288107734264,0.00036378795742869537,0.09450043101324847
2021-09-06,2021,1999,0,0,43,20,0.1075106875010623,0.00026877671875265573,0.0009843336996791133,0.1666611508255929,0.0002685829910485474,0.053032295734344405
2021-09-07,2021,1999,0,0,45,14,0.18312251801490725,0.0004578062950372681,0.015327364460739035,0.16426836877984624,0.00037408416186429096,0.012593702535984673
2021-09-08,2021,1999,0,0,45,18,1.3014710551559538,0.0032536776378898845,0.1278636884559659,0.14550040658840804,0.00049059075157986,0.012936637036432318
2021-09-09,2021,1999,0,0,44,9,-0.4794395288849229,-0.0011985988222123073,-0.03952204855731838,0.1734215382768263,0.000407425948808158,0.03851986539046972
2021-09-10,2021,1999,0,0,45,21,0.6577662103584196,0.0016444155258960491,0.0691006207986213,0.15530186106408903,0.0003177752441529945,0.0677061828519086
2021-09-13,2021,1999,0,0,46,30,-0.34490993071287956,-0.0008622748267821989,-0.03305948761106744,0.1723474935625931,0.0007937168032402964,0.014438188248334389
2021-09-14,2021,1999,0,0,45,25,1.2527104849833375,0.0031317762124583436,0.18552413577542012,0.13587523365159931,0.0006066859814146423,0.020671110550589063
2021-09-15,2021,1999,0,0,45,12,-0.2874110504498455,-0.0007185276261246137,-0.011669302338912639,0.1687728786101546,0.0004160515979775332,0.030947575824187345
2021-09-16,2021,1999,0,0,46,9,0.7917296100529514,0.0019793240251323786,0.07472544769770101,0.1543665218988867,0.0006730270134147405,0.023370339572054654
2021-09-17,2021,1999,0,0,47,7,-0.6173837168597682,-0.0015434592921494206,-0.07816401492612932,0.17987269639803866,0.0005679850247298862,0.029020237772672056
2021-09-21,2021,1999,0,0,45,4,-0.15153519050746667,-0.0003788379762686667,-0.02791580608467359,0.17149057134546628,0.0010738349878306555,0.08231625956164333
2021-09-22,2021,1999,0,0,45,2,0.6584367418227398,0.0016460918545568495,0.09421885283583956,0.15111203675587218,0.0003788757411244493,0.03517617538280348
2021-09-24,2021,1999,0,0,46,3,1.0224686846603617,0.0025561717116509043,0.05621641538447476,0.15744947799976813,0.000586974555022236,0.11274281060429121
2021-09-27,2021,1999,0,0,46,7,1.2334091344886189,0.0030835228362215473,0.1359410486026924,0.14415315164488549,0.0006408063375787883,0.01170879832542227
2021-09-28,2021,1999,0,0,46,6,1.521093732318175,0.0038027343307954374,0.0576657845267009,0.1572085915152093,0.0004319465713754203,0.06906944772962623
2021-09-29,2021,1999,0,0,46,3,0.09005595476675321,0.00022513988691688302,0.07322415878766408,0.15461716036891013,0.0006684401952914223,0.015111879031121775
2021-09-30,2021,1998,0,0,46,1,-2.2982993749557123,-0.005745748437389281,-0.1645070089475723,0.19427649703615732,0.0005577921480868158,0.013310804937201437
2021-10-01,2021,1998,0,0,46,8,-0.3334958916003492,-0.000833739729000873,-0.003938362375250883,0.1674899047362976,0.0003901980293878073,0.0628253633666094
2021-10-04,2021,1998,0,0,46,9,-0.4463456747213903,-0.0011158641868034757,0.05083186438986877,0.15834985707282884,0.0004359791494038427,0.044891666694692973
2021-10-05,2021,1998,0,0,45,28,-2.6397858734394184,-0.006599464683598546,-0.12680119402889167,0.1879845700968597,0.00044609108558572825,0.025217910727265275
2021-10-06,2021,1998,0,0,45,1,-1.4751597168546935,-0.0036878992921367338,-0.053079029093003015,0.1756851655855144,0.0005015571134547675,0.042605017161936265
2021-10-07,2021,1998,0,0,47,3,-1.1433711522689851,-0.0028584278806724627,-0.06707462005196166,0.17802239724695265,0.00046751443644535467,0.029145943145203832
2021-10-08,2021,1998,0,0,47,2,-0.3451225586463873,-0.0008628063966159683,-0.038420268832503386,0.17324156055130585,0.0005066839201337492,0.0369929532618283
2021-10-11,2021,1998,0,0,46,1,-0.7392686823566675,-0.001848171705891669,-0.06482143719654847,0.177643082603929,0.00045304394956203006,0.02452853318986765
2021-10-12,2021,1998,0,0,48,10,-0.624758029555196,-0.00156189507388799,-0.04847033574188741,0.174915053114488,0.0003842610633736209,0.013184794976865182
2021-10-13,2021,1998,0,0,47,10,0.5733177641600005,0.0014332944104000012,0.000450782634838725,0.16675809000525418,0.0009728675902896665,0.010336803562127034
2021-10-14,2021,1998,0,0,49,4,-0.16193288535763195,-0.0004048322133940799,0.03626741371086693,0.1607779891087426,0.00043205136073858774,0.0396716213492263
2021-10-15,2021,1998,0,0,48,2,0.5779836177822505,0.0014449590444556262,-0.0014862637050978625,0.16707390341407968,0.0003870711022632633,0.029328066626285492
2021-10-18,2021,1998,0,0,48,6,0.8932551492049572,0.002233137873012393,0.13361751787565548,0.14453120121625382,0.00030619679387517925,0.01383724406983968
2021-10-19,2021,1998,0,0,48,8,-0.23684620904038756,-0.0005921155226009688,0.036515015162588524,0.1607384782727416,0.0004015022252998682,0.021407032610790182
2021-10-20,2021,1998,0,0,48,8,-0.828083725751022,-0.0020702093143775547,-0.08401523347058656,0.1808394699419394,0.00026758200469465584,0.01359660499005804
2021-10-21,2021,1998,0,0,49,10,-0.7360390449597969,-0.0018400976123994922,-0.0599318549997196,0.17682466955907664,0.0002826560368320414,0.02934823761192854
2021-10-22,2021,1998,0,0,48,9,-0.007388516325862238,-1.8471290814655594e-05,-0.02158651273043871,0.1704286014767135,0.0003540387532911189,0.014911972958768498
2021-10-25,2021,1998,0,0,48,15,0.530092159966263,0.0013252303999156576,0.03673719848994049,0.16069860881664216,0.00028266144473409213,0.015326338985463279
2021-10-26,2021,1998,0,0,48,5,0.39387841883317637,0.000984696047082941,0.05304828676006287,0.15797747550070576,0.00044589596153865905,0.019059968295303258
2021-10-27,2021,1998,0,0,48,8,0.2378631451675326,0.0005946578629188315,-0.009985191328056541,0.16848823682565783,0.0004383135513204552,0.016387916065162517
2021-10-28,2021,1998,0,0,47,11,0.19040229508555706,0.0004760057377138926,0.04645746518172404,0.15908244859445825,0.000916278470057819,0.008527988535293926
2021-10-29,2021,1998,0,0,47,6,-0.27710749634962406,-0.0006927687408740602,-0.0529381277861818,0.17566379647119684,0.0004591813919985192,0.006686408361911882
2021-11-01,2021,1998,0,0,46,12,0.7616049715164479,0.0019040124287911199,0.0024896952921135453,0.16641534940396602,0.0007791405060738409,0.06771550086471254
2021-11-02,2021,1997,0,0,46,8,-0.6240563995495645,-0.0015601409988739113,0.01328985507702617,0.1646137587105032,0.0007310079901381162,0.045422641381823205
2021-11-04,2021,1997,0,0,46,3,0.9924987886518615,0.002481246971629654,0.027804465894085154,0.16218776423628378,0.0007037197966903787,0.04047789468604925
2021-11-05,2021,1997,0,0,46,3,-0.6158465871354621,-0.0015396164678386553,-0.02236811528068187,0.170563217273712,0.0005592004451301571,0.008080161491405422
2021-11-08,2021,1996,0,0,46,4,-0.15695594981818087,-0.00039238987454545216,-0.05386797810306274,0.17581549906428393,0.0006472131130691031,0.005928806671949579
2021-11-09,2021,1996,0,0,46,9,1.5871040390865225,0.003967760097716306,0.06064477878449235,0.15670872596129123,0.0006157750800364275,0.007268336593773667
2021-11-10,2021,1996,0,0,46,11,1.5796250144948254,0.003949062536237063,0.00019626293585166098,0.16679915852080918,0.0010059103501682681,0.005448934742565548
2021-11-11,2021,1996,0,0,46,4,1.9196634577972855,0.0047991586444932136,0.09042089400260889,0.15174446423641685,0.0009939082724280443,0.007971758780685964
2021-11-12,2021,1996,0,0,46,1,1.241198435942322,0.0031029960898558053,0.04355926998359424,0.1595606454018331,0.0005713495211846986,0.018727756992081998
2021-11-15,2021,1996,0,0,46,6,1.5386220999784102,0.0038465552499460254,0.005874630708893653,0.16585117471455244,0.0005693266047051322,0.030849354455231792
2021-11-16,2021,1996,0,0,45,5,-0.46548384529754205,-0.0011637096132438552,-0.049115280989467526,0.1750208332444312,0.00037552923601657585,0.026843808433747854
2021-11-17,2021,1997,0,0,45,6,2.439922041483449,0.006099805103708622,0.07704286584258019,0.15397573206790716,0.00036876718592660803,0.040743728540477996
2021-11-18,2021,1997,0,0,45,6,1.4082725767561766,0.0035206814418904412,0.03905586251781766,0.1603120748151074,0.00035206652182221115,0.010273375040498753
2021-11-19,2021,1997,0,0,45,6,-1.340069410323354,-0.003350173525808385,-0.09915064846904618,0.1833694333518181,0.0005660896592243428,0.05287658329483295
2021-11-22,2021,1997,0,0,45,6,-0.8683964916160121,-0.00217099122904003,-0.08774345997171598,0.1814659445619407,0.0003032964281038891,0.016630489736911433
2021-11-24,2021,1997,0,0,47,11,-0.3317399835186601,-0.0008293499587966502,-0.048717204062567014,0.1749609343292331,0.0005249223695932381,0.010383583422678774
2021-11-25,2021,1997,0,0,48,10,0.49977075403111737,0.0012494268850777935,0.0061899039365045936,0.16580081251802886,0.0009145202445435761,0.013403265496109786
2021-11-26,2021,1997,0,0,47,3,-0.1568142959212877,-0.0003920357398032193,0.024581320540636824,0.16272959784353863,0.0004675243959581551,0.044577992538898256
2021-11-29,2021,1997,0,0,46,10,-2.4501638094004514,-0.006125409523501129,-0.12644397143795866,0.1879272051086095,0.0007725495650401791,0.027704432857041026
2021-11-30,2021,1996,0,0,46,0,2.024429271971893,0.005061073179929733,0.13968395956537838,0.14352703340110287,0.0005285678014993869,0.03761784852102955
2021-12-01,2021,1996,0,0,46,4,0.058630542251493445,0.00014657635562873362,-0.019780758443869433,0.1701336530259909,0.00131660714131024,0.03107157370727199
