SignalDate,EntryDate,ExitDate,ValidationYear,DailyRankIC,RawDailyRankIC,V2DailyRankIC,EligibleStocks,StrategyReturn,StrategyEquity,LongExposure,ShortExposure,CashWeight,NetExposure,SelectedPositions,ExecutedPositions,TouchedPositions,ExitedPositions,TransferredSlots,CarriedPositionsAtExit,ReservedCapitalAtEntry,AvailableCapitalAtEntry,StartEquity,Pnl,IndexReturn,IndexEquity
2017-12-29,2018-01-04,2018-01-05,2018,0.018837940003444385,0.018837940003444385,,1848,0.013286084076383544,101.32860840763836,1.0,0.0,0.0,1.0,6,6,3,6,3,0,0.0,100.0,100.0,1.3286084076383544,0.008857188680665873,100.88571886806659
2018-01-04,2018-01-05,2018-01-09,2018,0.002672024369511429,0.002672024369511429,,1848,-0.00022187058734737236,101.30612656977586,1.0000000000000002,0.0,-2.220446049250313e-16,1.0000000000000002,6,6,5,6,3,0,0.0,101.32860840763836,101.32860840763836,-0.022481837862494615,0.005712109833085677,101.46198917483078
2018-01-05,2018-01-09,2018-01-10,2018,0.0006548887594319907,0.0006548887594319907,,1849,-0.0025185187183164428,101.05098519372974,1.0000000000000002,0.0,-2.220446049250313e-16,1.0000000000000002,6,6,4,6,3,0,0.0,101.30612656977586,101.30612656977586,-0.2551413760461152,-0.0025907767676213167,101.19912381047997
2018-01-09,2018-01-10,2018-01-11,2018,0.025292701398657375,0.025292701398657375,,1848,-0.00963287020140481,100.07757416963446,1.0,0.0,0.0,1.0,6,6,3,6,3,0,0.0,101.05098519372974,101.05098519372974,-0.9734110240952778,-0.003269267956381716,100.86827675779246
2018-01-10,2018-01-11,2018-01-12,2018,-0.07588780789916502,-0.07588780789916502,,1849,-0.008358070687073792,99.24111873053378,1.0,0.0,0.0,1.0,6,6,4,6,3,0,0.0,100.07757416963446,100.07757416963446,-0.8364554391006751,-0.0023875568684330606,100.62744801081239
2018-01-11,2018-01-12,2018-01-15,2018,0.03404841009804071,0.03404841009804071,,1849,0.0014547490279513187,99.38548965153983,1.0,0.0,0.0,1.0,6,6,6,6,3,0,0.0,99.24111873053378,99.24111873053378,0.14437092100604543,0.0025814012282161514,100.88720782869976
2018-01-12,2018-01-15,2018-01-16,2018,0.04943294515756732,0.04943294515756732,,1850,-0.03884445143476605,95.52491482545014,1.0,0.0,0.0,1.0,6,6,3,6,3,0,0.0,99.38548965153983,99.38548965153983,-3.860574826089683,0.009990773725188529,101.89514909388235
2018-01-15,2018-01-16,2018-01-17,2018,0.04184359483417259,0.04184359483417259,,1850,0.0014042388752664049,95.65905462440455,1.0000000000000002,0.0,-2.220446049250313e-16,1.0000000000000002,6,6,4,6,3,0,0.0,95.52491482545014,95.52491482545014,0.13413979895440922,-0.0034849140837373005,101.54005325374058
2018-01-16,2018-01-17,2018-01-18,2018,0.004137002212314685,0.004137002212314685,,1851,0.0016588317910755214,95.81773690531973,0.9999999999999999,0.0,1.1102230246251565e-16,0.9999999999999999,6,6,6,6,3,0,0.0,95.65905462440455,95.65905462440455,0.15868228091519213,-0.004397876014838098,101.09349268899057
2018-01-17,2018-01-18,2018-01-19,2018,-0.010958351944279535,-0.010958351944279535,,1851,0.007075437240229132,96.4956892892941,1.0,0.0,0.0,1.0,6,6,4,6,3,0,0.0,95.81773690531973,95.81773690531973,0.6779523839743765,0.001880625517340473,101.28361169097857
2018-01-18,2018-01-19,2018-01-22,2018,0.005440470777623671,0.005440470777623671,,1849,0.024122310078676323,98.82338822758607,1.0,0.0,0.0,1.0,6,6,5,6,3,0,0.0,96.4956892892941,96.4956892892941,2.327698938291958,0.00034736135577606575,101.31879370365344
2018-01-19,2018-01-22,2018-01-23,2018,0.039421363481675936,0.039421363481675936,,1849,0.0017396793072751882,98.99530923116042,1.0,0.0,0.0,1.0,6,6,5,6,3,0,0.0,98.82338822758607,98.82338822758607,0.17192100357435391,0.01292474533229937,102.62831330964895
2018-01-22,2018-01-23,2018-01-24,2018,0.09504182998926994,0.09504182998926994,,1849,0.00529771696930541,99.51975836075597,1.0000000000000002,0.0,-2.220446049250313e-16,1.0000000000000002,6,6,5,6,3,0,0.0,98.99530923116042,98.99530923116042,0.5244491295955551,-0.007601096826209575,101.84822556307174
2018-01-23,2018-01-24,2018-01-25,2018,-0.01681964467818447,-0.01681964467818447,,1849,-0.0047336659902886885,99.04866506524192,0.9999999999999999,0.0,1.1102230246251565e-16,0.9999999999999999,6,6,3,6,3,0,0.0,99.51975836075597,99.51975836075597,-0.4710932955140589,-0.01133171099688468,100.69411090544548
2018-01-24,2018-01-25,2018-01-26,2018,0.030507646718288952,0.030507646718288952,,1849,-0.0005921654403944874,98.99001186887307,1.0,0.0,0.0,1.0,6,6,5,6,3,0,0.0,99.04866506524192,99.04866506524192,-0.05865319636884507,-0.0015889653727224617,100.53411144997966
2018-01-25,2018-01-26,2018-01-29,2018,0.12054426190756919,0.12054426190756919,,1850,-0.0037172185798043365,98.62204435753904,1.0,0.0,0.0,1.0,6,6,5,6,3,0,0.0,98.99001186887307,98.99001186887307,-0.3679675113340268,-0.00010748192695630987,100.52330584995617
2018-01-26,2018-01-29,2018-01-30,2018,-0.018616318256019327,-0.018616318256019327,,1850,-0.020650460311062224,96.58545374473786,1.0000000000000002,0.0,-2.220446049250313e-16,1.0000000000000002,6,6,3,6,3,0,0.0,98.62204435753904,98.62204435753904,-2.036590612801178,-0.014277588794270102,99.08807542478985
2018-01-29,2018-01-30,2018-01-31,2018,-0.011966653991176027,-0.011966653991176027,,1852,0.0014826278098441724,96.72865402448623,1.0,0.0,0.0,1.0,6,6,6,6,3,0,0.0,96.58545374473786,96.58545374473786,0.14320027974836633,-0.00831531210112324,98.26412715213307
2018-01-30,2018-01-31,2018-02-01,2018,0.034903960073955465,0.034903960073955465,,1853,0.03447711326968282,100.06357878571241,1.0,0.0,0.0,1.0,6,6,4,6,3,0,0.0,96.72865402448623,96.72865402448623,3.334924761226173,0.01678998748392191,99.9139806171359
2018-01-31,2018-02-01,2018-02-02,2018,-0.0531350524335081,-0.0531350524335081,,1853,-0.023252906116597243,97.73680978251751,1.0,0.0,0.0,1.0,6,6,3,6,3,0,0.0,100.06357878571241,100.06357878571241,-2.326769003194902,-0.00900872898917704,99.01388264352623
2018-02-01,2018-02-02,2018-02-05,2018,-0.0636618686877255,-0.0636618686877255,,1856,-0.005027121751990563,97.24547494008965,1.0,0.0,0.0,1.0,6,6,3,6,3,0,0.0,97.73680978251751,97.73680978251751,-0.49133484242785785,-0.02545486417985654,96.49349770891502
2018-02-02,2018-02-05,2018-02-06,2018,-0.012661872169876532,-0.012661872169876532,,1856,-0.06243373659690948,91.17407657243874,0.9999999999999999,0.0,1.1102230246251565e-16,0.9999999999999999,6,6,1,6,3,0,0.0,97.24547494008965,97.24547494008965,-6.071398367650919,-0.047254925474206955,91.93370466593467
2018-02-05,2018-02-06,2018-02-07,2018,-0.03613452263458322,-0.03613452263458322,,1857,0.004089722916579712,91.54695328279503,1.0,0.0,0.0,1.0,6,6,4,6,3,0,0.0,91.17407657243874,91.17407657243874,0.37287671035629616,0.0016256182254337226,92.08315377177125
2018-02-06,2018-02-07,2018-02-08,2018,0.05332748536215612,0.05332748536215612,,1856,0.016950706108302505,93.09873878300219,0.9999999999999999,0.0,1.1102230246251565e-16,0.9999999999999999,6,6,3,6,3,0,0.0,91.54695328279503,91.54695328279503,1.5517855002071577,0.011341455470615713,93.12751075986766
2018-02-07,2018-02-08,2018-02-09,2018,-0.12258576253240937,-0.12258576253240937,,1857,-0.021627335422970725,91.08526113188667,0.9999999999999999,0.0,1.1102230246251565e-16,0.9999999999999999,6,6,1,6,3,0,0.0,93.09873878300219,93.09873878300219,-2.013477651115522,-0.02321699558628587,90.96536975359403
2018-02-08,2018-02-09,2018-02-13,2018,-0.012089152573772365,-0.012089152573772365,,1857,0.037871869350951624,94.5348302412708,0.9999999999999999,0.0,1.1102230246251565e-16,0.9999999999999999,6,6,3,6,3,0,0.0,91.08526113188667,91.08526113188667,3.449569109384124,-0.006451033596444167,90.37854909720062
2018-02-09,2018-02-13,2018-02-14,2018,-0.028928733802506722,-0.028928733802506722,,1860,-0.019891161002592247,92.65442271258895,1.0,0.0,0.0,1.0,6,6,4,6,3,0,0.0,94.5348302412708,94.5348302412708,-1.8804075286818438,-0.0042603607114817255,89.99350387746618
2018-02-13,2018-02-14,2018-02-15,2018,0.16049350700835338,0.16049350700835338,,1861,0.028694166049846988,95.31306410315669,1.0,0.0,0.0,1.0,6,6,4,6,3,0,0.0,92.65442271258895,92.65442271258895,2.6586413905677415,0.01469261143311229,91.31574346144208
2018-02-14,2018-02-15,2018-02-16,2018,-0.0017709637655063395,-0.0017709637655063395,,1861,0.02803951082876285,97.98559579619972,1.0,0.0,0.0,1.0,6,6,3,6,3,0,0.0,95.31306410315669,95.31306410315669,2.67253169304303,0.011892394029717313,92.40170626380213
2018-02-15,2018-02-16,2018-02-19,2018,0.08331212979807028,0.08331212979807028,,1862,0.06547846199791545,104.40154190688429,1.0,0.0,0.0,1.0,6,6,1,6,3,0,0.0,97.98559579619972,97.98559579619972,6.415946110684567,0.01974931227771326,94.22657641579949
2018-02-16,2018-02-19,2018-02-20,2018,-0.055117235768795916,-0.055117235768795916,,1861,0.0014768155888595035,104.55572373147335,1.0,0.0,0.0,1.0,6,6,6,6,3,0,0.0,104.40154190688429,104.40154190688429,0.15418182458905547,-0.010118193831743949,93.2731736515228
2018-02-19,2018-02-20,2018-02-21,2018,0.054611007280400886,0.054611007280400886,,1860,-0.006184315864530183,103.90911811047336,1.0,0.0,0.0,1.0,6,6,4,6,3,0,0.0,104.55572373147335,104.55572373147335,-0.6466056209999855,0.0020848251547314067,93.46763191021313
2018-02-20,2018-02-21,2018-02-22,2018,-0.05411046986605741,-0.05411046986605741,,1858,-0.0022874899519970122,103.67142704687478,1.0,0.0,0.0,1.0,6,6,4,6,3,0,0.0,103.90911811047336,103.90911811047336,-0.23769106359857858,-0.010667335432785752,92.47058132851873
2018-02-21,2018-02-22,2018-02-23,2018,0.07854134918256803,0.07854134918256803,,1857,0.0014509691680355298,103.82185109112605,0.9999999999999999,0.0,1.1102230246251565e-16,0.9999999999999999,6,6,6,6,3,0,0.0,103.67142704687478,103.67142704687478,0.15042404425126002,0.007192530147531073,93.13567877248381
2018-02-22,2018-02-23,2018-02-26,2018,0.03747091248921003,0.03747091248921003,,1857,0.008872053581738048,104.74296411696174,1.0,0.0,0.0,1.0,6,6,5,6,3,0,0.0,103.82185109112605,103.82185109112605,0.9211130258356991,0.011914887008411146,94.24537986150963
2018-02-23,2018-02-26,2018-02-27,2018,0.11604580500379201,0.11604580500379201,,1859,0.005859751221221122,105.35673182886043,0.9999999999999999,0.0,1.1102230246251565e-16,0.9999999999999999,6,6,5,6,3,0,0.0,104.74296411696174,104.74296411696174,0.6137677118986867,0.010663263763094344,95.25034320542593
2018-02-26,2018-02-27,2018-02-28,2018,-0.02775006186712959,-0.02775006186712959,,1858,-0.0001114065042666919,105.34499440366642,0.9999999999999999,0.0,1.1102230246251565e-16,0.9999999999999999,6,6,3,6,3,0,0.0,105.35673182886043,105.35673182886043,-0.011737425194016654,-0.014364538232932156,93.88211600875168
2018-02-27,2018-02-28,2018-03-01,2018,0.025149702492515986,0.025149702492515986,,1858,-0.009126094973443013,104.38360597976174,1.0,0.0,0.0,1.0,6,6,2,6,3,0,0.0,105.34499440366642,105.34499440366642,-0.9613884239046824,-0.015577590238279093,92.41965887486477
2018-02-28,2018-03-01,2018-03-02,2018,0.05360534765373889,0.05360534765373889,,1857,-0.020964203511119855,102.19528682077747,1.0,0.0,0.0,1.0,6,6,2,6,3,0,0.0,104.38360597976174,104.38360597976174,-2.1883191589842728,-0.02498703075379982,90.11036601630282
2018-03-01,2018-03-02,2018-03-05,2018,0.044478565643175885,0.044478565643175885,,1856,-0.03631727143390758,98.48383285004125,1.0,0.0,0.0,1.0,6,6,4,6,3,0,0.0,102.19528682077747,102.19528682077747,-3.7114539707362133,-0.006588252845388665,89.5166961409969
2018-03-02,2018-03-05,2018-03-06,2018,-0.012434810754140888,-0.012434810754140888,,1855,0.002742927502037994,98.75396686367175,1.0,0.0,0.0,1.0,6,6,3,6,3,0,0.0,98.48383285004125,98.48383285004125,0.270134013630491,0.017853264575904637,91.11486140116298
2018-03-05,2018-03-06,2018-03-07,2018,-0.04105647192945534,-0.04105647192945534,,1855,-0.009641938818538559,97.80178715708425,1.0,0.0,0.0,1.0,6,6,4,6,3,0,0.0,98.75396686367175,98.75396686367175,-0.9521797065875073,-0.007705754476658444,90.41275265003085
2018-03-06,2018-03-07,2018-03-08,2018,-0.031730811611526806,-0.031730811611526806,,1856,-0.005024019040726008,97.31042911619002,1.0,0.0,0.0,1.0,6,6,5,6,3,0,0.0,97.80178715708425,97.80178715708425,-0.49135804089422364,0.005427540568924805,90.90347153298707
2018-03-07,2018-03-08,2018-03-09,2018,-0.053052834788068666,-0.053052834788068666,,1855,-0.014237256658411657,95.92499556132265,1.0000000000000002,0.0,-2.220446049250313e-16,1.0000000000000002,6,6,4,6,3,0,0.0,97.31042911619002,97.31042911619002,-1.385433554867372,0.004732762481590491,91.33369607250472
2018-03-08,2018-03-09,2018-03-12,2018,0.14480615893380908,0.14480615893380908,,1855,0.010234570594867914,96.90674670020739,0.9999999999999999,0.0,1.1102230246251565e-16,0.9999999999999999,6,6,2,6,3,0,0.0,95.92499556132265,95.92499556132265,0.981751138884748,0.01652739738788589,92.8432043623994
2018-03-09,2018-03-12,2018-03-13,2018,-0.05371470531622527,-0.05371470531622527,,1854,-0.012105734155641408,95.7336193867666,1.0,0.0,0.0,1.0,6,6,4,6,3,0,0.0,96.90674670020739,96.90674670020739,-1.173127313440791,0.006601438872655407,93.45610310073923
2018-03-12,2018-03-13,2018-03-14,2018,0.09667868758104245,0.09667868758104245,,1854,2.5746566127116266e-05,95.73608419872873,1.0,0.0,0.0,1.0,6,6,5,6,3,0,0.0,95.7336193867666,95.7336193867666,0.002464811962129566,-0.008685776193662509,92.64436430527437
2018-03-13,2018-03-14,2018-03-15,2018,0.004635293820863921,0.004635293820863921,,1854,-0.0008529762442410825,95.65442359319056,0.9999999999999999,0.0,1.1102230246251565e-16,0.9999999999999999,6,6,4,6,3,0,0.0,95.73608419872873,95.73608419872873,-0.08166060553817968,0.0012242110932993988,92.75778056378854
2018-03-14,2018-03-15,2018-03-16,2018,0.018186896551210193,0.018186896551210193,,1854,-0.0034388534087813447,95.3254820525521,0.9999999999999999,0.0,1.1102230246251565e-16,0.9999999999999999,6,6,5,6,3,0,0.0,95.65442359319056,95.65442359319056,-0.32894154063845804,-0.005844812522501797,92.21562872638984
2018-03-15,2018-03-16,2018-03-19,2018,0.01318633440611002,0.01318633440611002,,1854,-0.00865001682203117,94.5009150292293,1.0,0.0,0.0,1.0,6,6,3,6,3,0,0.0,95.3254820525521,95.3254820525521,-0.8245670233228062,-0.009024054148938032,91.38346989938454
2018-03-16,2018-03-19,2018-03-20,2018,-0.057984933257174555,-0.057984933257174555,,1853,-0.003970731224349104,94.12567729519319,1.0,0.0,0.0,1.0,6,6,4,6,3,0,0.0,94.5009150292293,94.5009150292293,-0.3752377340361223,-0.004652039719006185,90.95835036775199
2018-03-19,2018-03-20,2018-03-22,2018,0.03642085536824982,0.03642085536824982,,1853,-0.00017758087059065137,94.10896237547416,1.0,0.0,0.0,1.0,6,6,5,6,3,0,0.0,94.12567729519319,94.12567729519319,-0.016714919719015113,0.0098695241609712,91.8560660043486
2018-03-20,2018-03-22,2018-03-23,2018,-0.1254100740065268,-0.1254100740065268,,1853,-0.04602393830413149,89.77769729723951,0.9999999999999999,0.0,1.1102230246251565e-16,0.9999999999999999,6,6,0,6,3,0,0.0,94.10896237547416,94.10896237547416,-4.3312650782346545,-0.0451153413835409,87.71194822841335
2018-03-22,2018-03-23,2018-03-26,2018,-0.059465411249820584,-0.059465411249820584,,1853,0.00016701366148667767,89.79269139918497,0.9999999999999999,0.0,1.1102230246251565e-16,0.9999999999999999,6,6,5,6,3,0,0.0,89.77769729723951,89.77769729723951,0.014994101945454577,0.007189882946144754,88.34258686915395
2018-03-23,2018-03-26,2018-03-27,2018,-0.03370416278705538,-0.03370416278705538,,1853,0.005390036316037966,90.27667726674137,1.0,0.0,0.0,1.0,6,6,4,6,3,0,0.0,89.79269139918497,89.79269139918497,0.48398586755639694,0.0265442235181379,90.68757224117928
2018-03-26,2018-03-27,2018-03-28,2018,0.026051446886681356,0.026051446886681356,,1854,-0.01367883580501443,89.04179742138734,1.0,0.0,0.0,1.0,6,6,2,6,3,0,0.0,90.27667726674137,90.27667726674137,-1.2348798453540342,-0.013416789727789369,89.47083615349567
2018-03-27,2018-03-28,2018-03-29,2018,0.051663467904070504,0.051663467904070504,,1855,0.017154180889875,90.56923652111342,1.0,0.0,0.0,1.0,6,6,4,6,3,0,0.0,89.04179742138734,89.04179742138734,1.5274390997260838,0.006075227838874486,90.01439186806276
2018-03-28,2018-03-29,2018-03-30,2018,0.15000353650899179,0.15000353650899179,,1854,0.009842333965523059,91.46064919395667,1.0,0.0,0.0,1.0,6,6,3,6,3,0,0.0,90.56923652111342,90.56923652111342,0.8914126728432461,0.013952402467404035,91.27030889126459
2018-03-29,2018-03-30,2018-04-02,2018,0.04165871471287733,0.04165871471287733,,1853,-0.001000637876653628,91.36913020414987,0.85,0.15000000000000002,0.0,0.7,6,6,5,6,2,0,0.0,91.46064919395667,91.46064919395667,-0.09151898980680315,-0.0030632553847013133,90.99072462609008
2018-03-30,2018-04-02,2018-04-03,2018,-0.16096873338882892,-0.16096873338882892,,1854,0.0005710181254062197,91.42130363359904,0.9999999999999999,0.0,1.1102230246251565e-16,0.9999999999999999,6,6,5,6,3,0,0.0,91.36913020414987,91.36913020414987,0.05217342944917046,-0.004501935144829661,90.58109028504236
2018-04-02,2018-04-03,2018-04-04,2018,-0.03802052377420569,-0.03802052377420569,,1856,0.003407405104902932,91.73281305029704,1.0000000000000002,0.0,-2.220446049250313e-16,1.0000000000000002,6,6,5,6,3,0,0.0,91.42130363359904,91.42130363359904,0.3115094166980063,0.0012802756302867646,90.69705904749911
2018-04-03,2018-04-04,2018-04-05,2018,-0.027342640524904586,-0.027342640524904586,,1855,8.347471686898104e-06,91.73357878735673,1.0000000000000002,0.0,-2.220446049250313e-16,1.0000000000000002,6,6,4,6,3,0,0.0,91.73281305029704,91.73281305029704,0.0007657370596968714,0.015285031813523142,92.08336648043311
2018-04-04,2018-04-05,2018-04-06,2018,-0.09871723650519479,-0.09871723650519479,,1855,0.001474858051536085,91.86887279462749,1.0,0.0,0.0,1.0,6,6,4,6,3,0,0.0,91.73357878735673,91.73357878735673,0.1352940072707529,-0.003598913765590961,91.75196638522472
2018-04-05,2018-04-06,2018-04-09,2018,-0.05234150899699029,-0.05234150899699029,,1855,-0.005665850164109993,91.34835752662745,1.0000000000000002,0.0,-2.220446049250313e-16,1.0000000000000002,6,6,4,6,3,0,0.0,91.86887279462749,91.86887279462749,-0.5205152680000402,0.005134572727879538,92.22307352955562
2018-04-06,2018-04-09,2018-04-10,2018,0.10597155952669345,0.10597155952669345,,1855,-0.0024722007301825667,91.12252605044915,0.9999999999999999,0.0,1.1102230246251565e-16,0.9999999999999999,6,6,4,6,3,0,0.0,91.34835752662745,91.34835752662745,-0.22583147617830657,0.005353750716155403,92.71681287551054
2018-04-09,2018-04-10,2018-04-11,2018,0.15060817278941405,0.15060817278941405,,1854,0.0035739620072069273,91.44819449655418,1.0,0.0,0.0,1.0,6,6,3,6,3,0,0.0,91.12252605044915,91.12252605044915,0.32566844610502876,-0.004919630435819999,92.26068042097594
2018-04-10,2018-04-11,2018-04-12,2018,0.004148044880783126,0.004148044880783126,,1853,0.0028345846843419575,91.70741214808484,1.0,0.0,0.0,1.0,6,6,4,6,3,0,0.0,91.44819449655418,91.44819449655418,0.25921765153065696,-0.0012366798695998549,92.14658349474374
2018-04-11,2018-04-12,2018-04-13,2018,-0.041315835383315284,-0.041315835383315284,,1853,0.012122043445196386,92.81909338239046,1.0,0.0,0.0,1.0,6,6,4,6,3,0,0.0,91.70741214808484,91.70741214808484,1.1116812343056153,0.005468996707337137,92.65053285646886
2018-04-12,2018-04-13,2018-04-16,2018,-0.10167997372791836,-0.10167997372791836,,1851,0.02174014295802895,94.83699374175828,1.0,0.0,0.0,1.0,6,6,5,6,3,0,0.0,92.81909338239046,92.81909338239046,2.0179003593678075,0.002607588868777322,92.89212735463167
2018-04-13,2018-04-16,2018-04-17,2018,-0.008182141392969402,-0.008182141392969402,,1852,-0.008412356796766668,94.03919111286987,0.9999999999999999,0.0,1.1102230246251565e-16,0.9999999999999999,6,6,4,6,3,0,0.0,94.83699374175828,94.83699374175828,-0.7978026288883981,0.0005523108438403312,92.94343268387702
2018-04-16,2018-04-17,2018-04-18,2018,0.07524656967002935,0.07524656967002935,,1853,0.004965381439206374,94.5061315669797,1.0,0.0,0.0,1.0,6,6,5,6,3,0,0.0,94.03919111286987,94.03919111286987,0.46694045410982504,0.014217128754246966,94.2648214332054
2018-04-17,2018-04-18,2018-04-19,2018,-0.07385546112168392,-0.07385546112168392,,1854,0.002351714538441629,94.72838301055765,1.0,0.0,0.0,1.0,6,6,5,6,3,0,0.0,94.5061315669797,94.5061315669797,0.22225144357794355,0.0014883880459604093,94.40512406658117
2018-04-18,2018-04-19,2018-04-20,2018,0.10456682527332122,0.10456682527332122,,1854,-0.003654077126461607,94.38223819297208,1.0,0.0,0.0,1.0,6,6,5,6,3,0,0.0,94.72838301055765,94.72838301055765,-0.34614481758557303,-0.001304121727641272,94.28200829308527
2018-04-19,2018-04-20,2018-04-23,2018,-0.03963139910796256,-0.03963139910796256,,1855,-0.0036781236704733654,94.03508864860225,1.0,0.0,0.0,1.0,6,6,4,6,3,0,0.0,94.38223819297208,94.38223819297208,-0.3471495443698259,-0.003348037021528527,93.96634863885596
2018-04-20,2018-04-23,2018-04-24,2018,-0.06251666646990237,-0.06251666646990237,,1855,0.0017480749392049025,94.19946903047479,1.0,0.0,0.0,1.0,6,6,3,6,3,0,0.0,94.03508864860225,94.03508864860225,0.164380381872533,0.008605562105102882,94.7749818878574
2018-04-23,2018-04-24,2018-04-25,2018,-0.02753184619779583,-0.02753184619779583,,1857,0.010936738783698828,95.22970401682421,0.9999999999999999,0.0,1.1102230246251565e-16,0.9999999999999999,6,6,3,6,3,0,0.0,94.19946903047479,94.19946903047479,1.0302349863494302,-0.002818909315507767,94.50781980853662
2018-04-24,2018-04-25,2018-04-26,2018,0.10601951637525948,0.10601951637525948,,1857,0.0015956823753707884,95.38166037713563,1.0000000000000002,0.0,-2.220446049250313e-16,1.0000000000000002,6,6,6,6,3,0,0.0,95.22970401682421,95.22970401682421,0.15195636031142318,0.0046945081142202305,94.95148753548507
2018-04-25,2018-04-26,2018-04-27,2018,0.028483503715652732,0.028483503715652732,,1857,-0.005727523453991183,94.83535968024496,1.0,0.0,0.0,1.0,6,6,4,6,3,0,0.0,95.38166037713563,95.38166037713563,-0.5463006968906658,0.0066425891850259156,95.58221125969041
2018-04-26,2018-04-27,2018-05-01,2018,0.061647301988205304,0.061647301988205304,,1859,-0.010440062683915268,93.84527258053156,1.0,0.0,0.0,1.0,6,6,1,6,3,0,0.0,94.83535968024496,94.83535968024496,-0.990087099713408,0.0017874413551439705,95.75305885691209
2018-04-27,2018-05-01,2018-05-02,2018,0.1301224168248022,0.1301224168248022,,1858,0.001975136213958484,94.03062977691417,1.0,0.0,0.0,1.0,6,6,3,6,3,0,0.0,93.84527258053156,93.84527258053156,0.18535719638261303,-0.0015661077402153722,95.60309925028699
2018-05-01,2018-05-02,2018-05-07,2018,0.056330176853659805,0.056330176853659805,,1858,0.006417349469201827,94.63405718900177,1.0,0.0,0.0,1.0,6,6,4,6,3,0,0.0,94.03062977691417,94.03062977691417,0.6034274120875937,-0.00025008031939077746,95.57919079669173
2018-05-02,2018-05-07,2018-05-08,2018,0.06632552508102293,0.06632552508102293,,1857,0.001538256768412205,94.77962866799506,1.0000000000000002,0.0,-2.220446049250313e-16,1.0000000000000002,6,6,6,6,3,0,0.0,94.63405718900177,94.63405718900177,0.14557147899328965,0.0018484757307999367,95.7558666112489
2018-05-07,2018-05-08,2018-05-09,2018,-0.007024156839510343,-0.007024156839510343,,1857,-0.0261311352122704,92.30292937590289,1.0,0.0,0.0,1.0,6,6,1,6,3,0,0.0,94.77962866799506,94.77962866799506,-2.4766992920921584,-0.004434287379674107,95.3312575804049
2018-05-08,2018-05-09,2018-05-10,2018,0.007649377965837678,0.007649377965837678,,1857,-0.020432061634150296,90.41699023388182,1.0000000000000002,0.0,-2.220446049250313e-16,1.0000000000000002,6,6,3,6,3,0,0.0,92.30292937590289,92.30292937590289,-1.8859391420210698,0.003940402197700088,95.70690107728423
2018-05-09,2018-05-10,2018-05-11,2018,0.02246077712075186,0.02246077712075186,,1857,0.0016741302638398725,90.56836005359767,1.0,0.0,0.0,1.0,6,6,6,6,3,0,0.0,90.41699023388182,90.41699023388182,0.15136981971585575,0.011614789053561392,96.81851654426697
2018-05-10,2018-05-11,2018-05-14,2018,0.07955878867276746,0.07955878867276746,,1857,0.009151092455562235,91.3971594899968,1.0000000000000002,0.0,-2.220446049250313e-16,1.0000000000000002,6,6,3,6,3,0,0.0,90.56836005359767,90.56836005359767,0.8287994363991218,0.0047182412885220515,97.27532966651958
2018-05-11,2018-05-14,2018-05-15,2018,0.013860642218069402,0.013860642218069402,,1857,0.0011483545951652685,91.50211583808219,0.75,0.25,0.0,0.5,6,6,6,6,2,0,0.0,91.3971594899968,91.3971594899968,0.10495634808539074,-0.00209220208642924,97.07181001883319
2018-05-14,2018-05-15,2018-05-16,2018,0.026865209872944464,0.026865209872944464,,1858,-0.008521784366084766,90.72235453786955,0.9999999999999999,0.0,1.1102230246251565e-16,0.9999999999999999,6,6,3,6,3,0,0.0,91.50211583808219,91.50211583808219,-0.7797613002126461,-0.004417122958083164,96.64303189821631
2018-05-15,2018-05-16,2018-05-17,2018,-0.018468563373717124,-0.018468563373717124,,1858,0.018715637474119674,92.42028123619887,1.0000000000000002,0.0,-2.220446049250313e-16,1.0000000000000002,6,6,4,6,3,0,0.0,90.72235453786955,90.72235453786955,1.6979266983293224,0.0053325163323167946,97.15838244421816
2018-05-16,2018-05-17,2018-05-18,2018,0.031110690671407808,0.031110690671407808,,1858,-0.0016645064706380048,92.26644708006303,1.0,0.0,0.0,1.0,6,6,5,6,3,0,0.0,92.42028123619887,92.42028123619887,-0.1538341561358372,0.004027870640505471,97.54972384034423
2018-05-17,2018-05-18,2018-05-21,2018,0.04511594626629221,0.04511594626629221,,1858,0.0014622446286784887,92.4013631967131,1.0,0.0,0.0,1.0,6,6,6,6,3,0,0.0,92.26644708006303,92.26644708006303,0.1349161166500702,0.003140378083902773,97.85606685518322
2018-05-18,2018-05-21,2018-05-22,2018,-0.023410137430837277,-0.023410137430837277,,1858,-0.02122032338828024,90.44057638816092,1.0,0.0,0.0,1.0,6,6,2,6,3,0,0.0,92.4013631967131,92.4013631967131,-1.9607868085521882,-0.0018272030229927738,97.67726395400723
2018-05-21,2018-05-22,2018-05-23,2018,0.0006345972241259293,0.0006345972241259293,,1857,0.0045994754319920615,90.85655559731347,0.9999999999999999,0.0,1.1102230246251565e-16,0.9999999999999999,6,6,5,6,3,0,0.0,90.44057638816092,90.44057638816092,0.4159792091525475,-0.011785539761170694,96.52608467591492
2018-05-22,2018-05-23,2018-05-24,2018,0.017948243220636994,0.017948243220636994,,1857,-2.2188034632608642e-05,90.85453966891129,1.0000000000000002,0.0,-2.220446049250313e-16,1.0000000000000002,6,6,4,6,3,0,0.0,90.85655559731347,90.85655559731347,-0.0020159284021927237,-0.011138514588532211,95.45092747357835
2018-05-23,2018-05-24,2018-05-25,2018,-0.0397296149163906,-0.0397296149163906,,1856,-0.022916353899827234,88.77248488445262,1.0,0.0,0.0,1.0,6,6,4,6,3,0,0.0,90.85453966891129,90.85453966891129,-2.082054784458663,0.0006141638302075147,95.50954998079237
2018-05-24,2018-05-25,2018-05-28,2018,-0.011070639844094574,-0.011070639844094574,,1856,-0.0011462380736036533,88.67073048238966,1.0,0.0,0.0,1.0,6,6,5,6,3,0,0.0,88.77248488445262,88.77248488445262,-0.1017544020629644,0.0013496184321353244,95.6384514298914
2018-05-25,2018-05-28,2018-05-29,2018,-0.028341917136534677,-0.028341917136534677,,1855,0.0004264286539440995,88.7085422226335,0.9999999999999999,0.0,1.1102230246251565e-16,0.9999999999999999,6,6,5,6,3,0,0.0,88.67073048238966,88.67073048238966,0.037811740243845454,-0.005456141139064008,95.1166345405684
2018-05-28,2018-05-29,2018-05-30,2018,-0.10290301120449992,-0.10290301120449992,,1855,-0.00791987860878352,88.00598133666809,0.8499999999999999,0.15000000000000002,1.1102230246251565e-16,0.6999999999999998,6,6,1,6,2,0,0.0,88.7085422226335,88.7085422226335,-0.7025608859654048,-0.015202766920575317,93.6705985153786
2018-05-29,2018-05-30,2018-05-31,2018,-0.07128558971274228,-0.07128558971274228,,1855,0.009238005587951844,88.81898108402942,0.9999999999999999,0.0,1.1102230246251565e-16,0.9999999999999999,6,6,2,6,3,0,0.0,88.00598133666809,88.00598133666809,0.8129997473613255,0.008324810205227129,94.45038846982916
2018-05-30,2018-05-31,2018-06-01,2018,0.05059266328544466,0.05059266328544466,,1855,0.0005586929397744849,88.86860362167903,1.0,0.0,0.0,1.0,6,6,3,6,3,0,0.0,88.81898108402942,88.81898108402942,0.049622537649610755,-0.001372410009629843,94.32076381127973
2018-05-31,2018-06-01,2018-06-04,2018,-0.03922667042475405,-0.03922667042475405,,1854,0.013009453367901751,90.02473557636581,0.9999999999999999,0.0,1.1102230246251565e-16,0.9999999999999999,6,6,3,6,3,0,0.0,88.86860362167903,88.86860362167903,1.156131954686778,0.013737999715849547,95.61654243771781
2018-06-01,2018-06-04,2018-06-05,2018,0.003158662132861403,0.003158662132861403,,1854,0.003050018221883513,90.29931266029398,1.0,0.0,0.0,1.0,6,6,6,6,3,0,0.0,90.02473557636581,90.02473557636581,0.2745770839281607,0.002829692551234775,95.88710785562864
2018-06-04,2018-06-05,2018-06-06,2018,0.03931876104636085,0.03931876104636085,,1855,-0.0029295190625055535,90.0347791025245,0.9999999999999999,0.0,1.1102230246251565e-16,0.9999999999999999,6,6,4,6,3,0,0.0,90.29931266029398,90.29931266029398,-0.2645335577694803,0.003823946717634863,96.25377504697667
2018-06-05,2018-06-06,2018-06-07,2018,-0.002702208628787372,-0.002702208628787372,,1856,0.0005582996530021924,90.08504548845556,0.9999999999999999,0.0,1.1102230246251565e-16,0.9999999999999999,6,6,4,6,3,0,0.0,90.0347791025245,90.0347791025245,0.05026638593106847,0.008730326049148474,97.09410188659817
2018-06-06,2018-06-07,2018-06-08,2018,0.026829456064684884,0.026829456064684884,,1855,0.002276106583125468,90.29008865353299,1.0,0.0,0.0,1.0,6,6,5,6,3,0,0.0,90.08504548845556,90.08504548845556,0.20504316507743095,-0.0056416129860501485,96.54633454052586
2018-06-07,2018-06-08,2018-06-11,2018,-0.009956897176412715,-0.009956897176412715,,1854,0.007061785106321351,90.92769785683494,1.0000000000000002,0.0,-2.220446049250313e-16,1.0000000000000002,6,6,4,6,3,0,0.0,90.29008865353299,90.29008865353299,0.6376092033019537,0.004826720130428175,97.01233667697167
2018-06-08,2018-06-11,2018-06-12,2018,0.0420542923813647,0.0420542923813647,,1854,-0.0014172240521611135,90.79883293642459,1.0,0.0,0.0,1.0,6,6,5,6,3,0,0.0,90.92769785683494,90.92769785683494,-0.128864920410345,0.0032586331193944496,97.3284642902571
2018-06-11,2018-06-12,2018-06-13,2018,-0.007399844025340473,-0.007399844025340473,,1854,-0.006641952131724982,90.19575143444436,1.0,0.0,0.0,1.0,6,6,2,6,3,0,0.0,90.79883293642459,90.79883293642459,-0.6030815019802258,0.003847742516396524,97.7029591603623
2018-06-12,2018-06-13,2018-06-14,2018,-0.009294869621263028,-0.009294869621263028,,1853,-0.006683425064504494,89.59293488859558,1.0000000000000002,0.0,-2.220446049250313e-16,1.0000000000000002,6,6,3,6,3,0,0.0,90.19575143444436,90.19575143444436,-0.6028165458487826,-0.009917540335046326,96.73398612203601
2018-06-13,2018-06-14,2018-06-15,2018,-0.042747638694005496,-0.042747638694005496,,1851,0.02548517508841659,91.87622652091655,1.0000000000000002,0.0,-2.220446049250313e-16,1.0000000000000002,6,6,2,6,3,0,0.0,89.59293488859558,89.59293488859558,2.2832916323209655,0.004975677932820055,97.21530328213716
2018-06-14,2018-06-15,2018-06-18,2018,-0.06385715271009501,-0.06385715271009501,,1852,0.0005413352509245403,91.92596236105425,1.0,0.0,0.0,1.0,6,6,5,6,3,0,0.0,91.87622652091655,91.87622652091655,0.04973584013770026,-0.0075013948603498415,96.48605290574918
2018-06-15,2018-06-18,2018-06-19,2018,-0.05006304551876842,-0.05006304551876842,,1852,-0.01193945787274439,90.82841620603295,1.0,0.0,0.0,1.0,6,6,2,6,3,0,0.0,91.92596236105425,91.92596236105425,-1.0975461550212935,-0.01771799616672254,94.77651339022293
2018-06-18,2018-06-19,2018-06-20,2018,0.046501283559879134,0.046501283559879134,,1853,-0.0031333131829786973,90.54382233214551,1.0,0.0,0.0,1.0,6,6,5,6,3,0,0.0,90.82841620603295,90.82841620603295,-0.284593873887439,0.012431278974148974,95.95470666837396
2018-06-19,2018-06-20,2018-06-21,2018,-0.06574643496921376,-0.06574643496921376,,1854,-0.002864897935463438,90.28442352247718,1.0000000000000002,0.0,-2.220446049250313e-16,1.0000000000000002,6,6,4,6,3,0,0.0,90.54382233214551,90.54382233214551,-0.259398809668332,0.006100969921655208,96.54012344759896
2018-06-20,2018-06-21,2018-06-22,2018,-0.04716420706323722,-0.04716420706323722,,1854,0.001117469072102044,90.38531357345612,0.9999999999999999,0.0,1.1102230246251565e-16,0.9999999999999999,6,6,4,6,3,0,0.0,90.28442352247718,90.28442352247718,0.10089005097893053,-0.007764935856985233,95.79049558140291
2018-06-21,2018-06-22,2018-06-25,2018,-0.06483658399920317,-0.06483658399920317,,1854,-0.03189850421198261,87.50215726773186,1.0000000000000002,0.0,-2.220446049250313e-16,1.0000000000000002,6,6,2,6,3,0,0.0,90.38531357345612,90.38531357345612,-2.8831563057242593,-0.007935397655886689,95.03035990731003
2018-06-22,2018-06-25,2018-06-26,2018,0.047909294940223494,0.047909294940223494,,1855,0.001507513548627579,87.6340679553471,1.0,0.0,0.0,1.0,6,6,6,6,3,0,0.0,87.50215726773186,87.50215726773186,0.13191068761524696,0.00017235088850231506,95.04673847427473
2018-06-25,2018-06-26,2018-06-27,2018,-0.016513979097184665,-0.016513979097184665,,1855,0.01879295716310011,89.28097124046015,1.0000000000000002,0.0,-2.220446049250313e-16,1.0000000000000002,6,6,3,6,3,0,0.0,87.6340679553471,87.6340679553471,1.646903285113042,-0.0031434070360755184,94.74796788779868
2018-06-26,2018-06-27,2018-06-28,2018,-0.06289218610598757,-0.06289218610598757,,1854,-0.0021495974588758965,89.08905309155568,1.0,0.0,0.0,1.0,6,6,3,6,3,0,0.0,89.28097124046015,89.28097124046015,-0.19191814890446512,-6.196184676843242e-05,94.74209712873079
2018-06-27,2018-06-28,2018-06-29,2018,0.09979123164577569,0.09979123164577569,,1853,-0.0007359720837478591,89.02348603551276,1.0000000000000002,0.0,-2.220446049250313e-16,1.0000000000000002,6,6,4,6,3,0,0.0,89.08905309155568,89.08905309155568,-0.06556705604291589,0.0015320791418560464,94.88724951959743
2018-06-28,2018-06-29,2018-07-02,2018,-0.05943188334880245,-0.05943188334880245,,1853,-9.641324741039641e-05,89.01490299212828,1.0000000000000002,0.0,-2.220446049250313e-16,1.0000000000000002,6,6,5,6,3,0,0.0,89.02348603551276,89.02348603551276,-0.008583043384477861,-0.02208432285667783,92.79172886622449
2018-06-29,2018-07-02,2018-07-03,2018,-0.0002225843623902231,-0.0002225843623902231,,1853,-0.0029474685906191746,88.75253436146197,1.0,0.0,0.0,1.0,6,6,5,6,3,0,0.0,89.01490299212828,89.01490299212828,-0.2623686306663109,-0.0012098883500909485,92.67946123448444
2018-07-02,2018-07-03,2018-07-04,2018,0.17426131950437565,0.17426131950437565,,1853,-0.0008434341206128404,88.67767744569065,1.0,0.0,0.0,1.0,6,6,4,6,3,0,0.0,88.75253436146197,88.75253436146197,-0.07485691577132057,-0.0031442874493815554,92.38805036770941
2018-07-03,2018-07-04,2018-07-05,2018,0.005946317081516932,0.005946317081516932,,1853,-0.010890935307743611,87.71189459738868,1.0,0.0,0.0,1.0,6,6,2,6,3,0,0.0,88.67767744569065,88.67767744569065,-0.9657828483019715,-0.007830256793743495,91.66462820865692
2018-07-04,2018-07-05,2018-07-06,2018,-0.06982709470407694,-0.06982709470407694,,1853,0.006678247633631301,88.297656349925,1.0,0.0,0.0,1.0,6,6,2,6,3,0,0.0,87.71189459738868,87.71189459738868,0.585761752536329,0.011191818439605594,92.69052208490217
2018-07-05,2018-07-06,2018-07-09,2018,0.00874947944501164,0.00874947944501164,,1853,0.010593771475599062,89.23306154312709,1.0000000000000002,0.0,-2.220446049250313e-16,1.0000000000000002,6,6,4,6,3,0,0.0,88.297656349925,88.297656349925,0.9354051932020839,0.012118519524842553,93.81379398655591
2018-07-06,2018-07-09,2018-07-10,2018,-0.08204535090770827,-0.08204535090770827,,1852,0.0028385809668628604,89.48635681323832,1.0,0.0,0.0,1.0,6,6,5,6,3,0,0.0,89.23306154312709,89.23306154312709,0.2532952701112228,0.006562163015175759,94.4294153957678
2018-07-09,2018-07-10,2018-07-11,2018,-0.02559396381639736,-0.02559396381639736,,1852,-0.012085558460840235,88.40486421652432,1.0000000000000002,0.0,-2.220446049250313e-16,1.0000000000000002,6,6,3,6,3,0,0.0,89.48635681323832,89.48635681323832,-1.0814925967140006,-0.011924192983791881,93.30342082324202
2018-07-10,2018-07-11,2018-07-12,2018,0.09699881463916174,0.09699881463916174,,1851,0.00785847169452849,89.0995913396285,1.0,0.0,0.0,1.0,6,6,4,6,3,0,0.0,88.40486421652432,88.40486421652432,0.694727123104191,0.011660931570507405,94.3914256287561
2018-07-11,2018-07-12,2018-07-13,2018,-0.021974404253710382,-0.021974404253710382,,1851,0.001964314134767768,89.27461092629896,1.0,0.0,0.0,1.0,6,6,5,6,3,0,0.0,89.0995913396285,89.0995913396285,0.1750195866704641,0.018450997748328257,96.13304161049378
2018-07-12,2018-07-13,2018-07-17,2018,0.1226219997155937,0.1226219997155937,,1851,0.003517855548736016,89.5886661117073,1.0,0.0,0.0,1.0,6,6,4,6,3,0,0.0,89.27461092629896,89.27461092629896,0.3140551854083298,0.004425740186349447,96.55850147598534
2018-07-13,2018-07-17,2018-07-18,2018,-0.0045403626883235996,-0.0045403626883235996,,1850,0.00388708888253555,89.93690521975131,1.0000000000000002,0.0,-2.220446049250313e-16,1.0000000000000002,6,6,5,6,3,0,0.0,89.5886661117073,89.5886661117073,0.3482391080440068,0.004266134916131037,96.97043307058134
2018-07-17,2018-07-18,2018-07-19,2018,-0.011377224033228566,-0.011377224033228566,,1850,0.013088108163678303,91.1140091631739,0.9999999999999999,0.0,1.1102230246251565e-16,0.9999999999999999,6,6,4,6,3,0,0.0,89.93690521975131,89.93690521975131,1.177103943422589,-0.001294628148664101,96.84489241834001
2018-07-18,2018-07-19,2018-07-20,2018,0.056690806566104646,0.056690806566104646,,1850,-0.0006298564476665545,91.05662041702973,1.0,0.0,0.0,1.0,6,6,5,6,3,0,0.0,91.1140091631739,91.1140091631739,-0.05738874614417461,-0.0029343702612995015,96.56071364606889
2018-07-19,2018-07-20,2018-07-23,2018,0.06507333548611348,0.06507333548611348,,1850,0.00037819020360602135,91.09105713884493,0.7499999999999999,0.25,1.1102230246251565e-16,0.4999999999999999,6,6,5,6,2,0,0.0,91.05662041702973,91.05662041702973,0.034436721815192674,-0.013256304112983175,95.28067546060991
2018-07-20,2018-07-23,2018-07-24,2018,-0.02697039116971505,-0.02697039116971505,,1850,0.0047137838806361795,91.52044069565613,1.0,0.0,0.0,1.0,6,6,5,6,3,0,0.0,91.09105713884493,91.09105713884493,0.42938355681119644,0.005067198761976366,95.76348158134418
2018-07-23,2018-07-24,2018-07-25,2018,-0.003912151253790215,-0.003912151253790215,,1851,0.0014545418554278357,91.65356100727517,1.0000000000000002,0.0,-2.220446049250313e-16,1.0000000000000002,6,6,6,6,3,0,0.0,91.52044069565613,91.52044069565613,0.13312031161903287,0.0046098528329916455,96.20493713820908
2018-07-24,2018-07-25,2018-07-26,2018,0.00018223948104318017,0.00018223948104318017,,1851,-0.003055031592908625,91.37355648279537,1.0000000000000002,0.0,-2.220446049250313e-16,1.0000000000000002,6,6,4,6,3,0,0.0,91.65356100727517,91.65356100727517,-0.28000452447980373,-0.0012107410150680176,96.08845787496381
2018-07-25,2018-07-26,2018-07-27,2018,-0.03851227979484178,-0.03851227979484178,,1851,-0.007118429779437646,90.72312023727511,1.0,0.0,0.0,1.0,6,6,5,6,3,0,0.0,91.37355648279537,91.37355648279537,-0.6504362455202584,0.005573149356240981,96.62397320211184
2018-07-26,2018-07-27,2018-07-30,2018,-0.12467913816282238,-0.12467913816282238,,1851,0.004136390213897227,91.09838646399879,1.0,0.0,0.0,1.0,6,6,3,6,3,0,0.0,90.72312023727511,90.72312023727511,0.3752662267236863,-0.007392763976180827,95.90965497378782
2018-07-27,2018-07-30,2018-07-31,2018,0.1159999073204614,0.1159999073204614,,1852,0.005638677048950856,91.6120608449498,1.0,0.0,0.0,1.0,6,6,3,6,3,0,0.0,91.09838646399879,91.09838646399879,0.5136743809510054,0.0003938817041948539,95.94743203213764
2018-07-30,2018-07-31,2018-08-01,2018,-0.03344111818642611,-0.03344111818642611,,1853,-0.0006563456624528398,91.55193166618585,1.0,0.0,0.0,1.0,6,6,5,6,3,0,0.0,91.6120608449498,91.6120608449498,-0.06012917876394844,0.00855645986560094,96.7684023835281
2018-07-31,2018-08-01,2018-08-02,2018,0.039660193959187566,0.039660193959187566,,1854,-0.013321038422688879,90.3323648667892,1.0,0.0,0.0,1.0,6,6,5,6,3,0,0.0,91.55193166618585,91.55193166618585,-1.2195667993966484,-0.010294680107444276,95.77220263648123
2018-08-01,2018-08-02,2018-08-03,2018,-0.03912249895754462,-0.03912249895754462,,1854,-0.01145015681675949,89.29804512343573,1.0,0.0,0.0,1.0,6,6,3,6,3,0,0.0,90.3323648667892,90.3323648667892,-1.0343197433534719,0.0005619093011759446,95.82601792793677
2018-08-02,2018-08-03,2018-08-06,2018,0.019429904672666858,0.019429904672666858,,1854,-0.00028201312311567115,89.27286190284234,1.0,0.0,0.0,1.0,6,6,1,6,3,0,0.0,89.29804512343573,89.29804512343573,-0.025183220593384237,-0.0007928904452706442,95.75003839391339
2018-08-03,2018-08-06,2018-08-07,2018,0.011398512477392807,0.011398512477392807,,1853,0.0016447233791100602,89.419691065934,1.0000000000000002,0.0,-2.220446049250313e-16,1.0000000000000002,6,6,6,6,3,0,0.0,89.27286190284234,89.27286190284234,0.1468291630916686,0.006905309028351736,96.4112219984999
2018-08-06,2018-08-07,2018-08-08,2018,-0.03813365577356941,-0.03813365577356941,,1852,0.024276764789040388,91.59051187345034,1.0000000000000002,0.0,-2.220446049250313e-16,1.0000000000000002,6,6,3,6,3,0,0.0,89.419691065934,89.419691065934,2.170820807516336,-0.000813229115279146,96.33281758573108
2018-08-07,2018-08-08,2018-08-09,2018,0.017332775224432304,0.017332775224432304,,1852,-0.01113423436829495,90.57072164833924,1.0,0.0,0.0,1.0,6,6,1,6,3,0,0.0,91.59051187345034,91.59051187345034,-1.0197902251110975,-0.002027882501167033,96.13746595066087
2018-08-08,2018-08-09,2018-08-10,2018,-0.020244404374580173,-0.020244404374580173,,1853,-0.0027345186192732607,90.32305432363084,1.0,0.0,0.0,1.0,6,6,4,6,3,0,0.0,90.57072164833924,90.57072164833924,-0.24766732470839944,-0.013288999791577938,94.8598951856797
2018-08-09,2018-08-10,2018-08-13,2018,0.07665419184437618,0.07665419184437618,,1854,0.02157930714417622,92.27216325508059,0.8500000000000002,0.15000000000000002,-2.220446049250313e-16,0.7000000000000002,6,6,5,6,2,0,0.0,90.32305432363084,90.32305432363084,1.9491089314497436,-0.01976179114973131,92.98529374853489
2018-08-10,2018-08-13,2018-08-14,2018,0.04458414434051546,0.04458414434051546,,1855,0.010766521470571081,93.26561348190245,1.0,0.0,0.0,1.0,6,6,3,6,3,0,0.0,92.27216325508059,92.27216325508059,0.9934502268218651,0.022813752577498958,95.10663723346002
2018-08-13,2018-08-14,2018-08-15,2018,-0.08009589679347905,-0.08009589679347905,,1855,-0.006039589029989484,92.70232750584191,1.0000000000000002,0.0,-2.220446049250313e-16,1.0000000000000002,6,6,3,6,3,0,0.0,93.26561348190245,93.26561348190245,-0.5632859760605373,-0.006792782992367186,94.46059848559935
2018-08-14,2018-08-15,2018-08-16,2018,0.04271981533072904,0.04271981533072904,,1854,-0.005255912150273593,92.21509221634531,1.0,0.0,0.0,1.0,6,6,3,6,3,0,0.0,92.70232750584191,92.70232750584191,-0.48723528949659634,-0.0005485443757988762,94.40878265556547
2018-08-15,2018-08-16,2018-08-17,2018,0.09260803959113507,0.09260803959113507,,1853,-0.050345559152516595,87.57247183641253,1.0,0.0,0.0,1.0,6,6,0,6,3,0,0.0,92.21509221634531,92.21509221634531,-4.642620379932786,0.0035300945744509704,94.7420545869984
2018-08-16,2018-08-17,2018-08-20,2018,-0.1319759667904399,-0.1319759667904399,,1854,0.0008549502469753164,87.64734194283731,1.0,0.0,0.0,1.0,6,6,5,6,3,0,0.0,87.57247183641253,87.57247183641253,0.07487010642477984,-0.003205154110527131,94.4383917012991
2018-08-17,2018-08-20,2018-08-21,2018,-0.03197278564052917,-0.03197278564052917,,1852,-0.013428177494689733,86.47039787829114,1.0,0.0,0.0,1.0,6,6,2,6,3,0,0.0,87.64734194283731,87.64734194283731,-1.1769440645461835,0.0009338258480111605,94.52658071251437
2018-08-20,2018-08-21,2018-08-22,2018,0.03945742104129388,0.03945742104129388,,1851,0.0014576189785112548,86.59643877131795,1.0,0.0,0.0,1.0,6,6,6,6,3,0,0.0,86.47039787829114,86.47039787829114,0.1260408930268165,0.006427620857679228,95.13416173430723
2018-08-21,2018-08-22,2018-08-23,2018,0.03134154761133195,0.03134154761133195,,1851,0.01046982762235043,87.50308855796307,1.0,0.0,0.0,1.0,6,6,3,6,3,0,0.0,86.59643877131795,86.59643877131795,0.9066497866451224,0.002158519489056543,95.3395106764858
2018-08-22,2018-08-23,2018-08-24,2018,0.060804254271917976,0.060804254271917976,,1851,0.0038869338619746518,87.84320727590638,1.0,0.0,0.0,1.0,6,6,3,6,3,0,0.0,87.50308855796307,87.50308855796307,0.34011871794331333,0.008520437895623623,96.15184505620394
2018-08-23,2018-08-24,2018-08-27,2018,0.026091206851087664,0.026091206851087664,,1851,0.004774794063755906,88.26264050054866,1.0,0.0,0.0,1.0,6,6,4,6,3,0,0.0,87.84320727590638,87.84320727590638,0.41943322464227734,0.008754624084750917,96.99361831472622
2018-08-24,2018-08-27,2018-08-28,2018,0.041787713620392956,0.041787713620392956,,1851,0.010511212561498652,89.19038787608906,1.0,0.0,0.0,1.0,6,6,3,6,3,0,0.0,88.26264050054866,88.26264050054866,0.9277473755404066,0.0006065885250821079,97.05245353060212
2018-08-27,2018-08-28,2018-08-29,2018,0.03960990739846353,0.03960990739846353,,1851,0.0019191142114065476,89.36155441698293,1.0,0.0,0.0,1.0,6,6,5,6,3,0,0.0,89.19038787608906,89.19038787608906,0.17116654089386477,0.001523222902960475,97.20028605060844
2018-08-28,2018-08-29,2018-08-30,2018,-0.006215780371548819,-0.006215780371548819,,1851,0.005933003436546681,89.89173682643404,1.0,0.0,0.0,1.0,6,6,4,6,3,0,0.0,89.36155441698293,89.36155441698293,0.530182409451113,0.0009313635810579424,97.2908148571044
2018-08-29,2018-08-30,2018-08-31,2018,-0.016177745319158394,-0.016177745319158394,,1851,-0.012281861191358224,88.78769899248168,0.9999999999999999,0.0,1.1102230246251565e-16,0.9999999999999999,6,6,4,6,3,0,0.0,89.89173682643404,89.89173682643404,-1.104037833952367,-0.00019020966789817795,97.27230920352088
2018-08-30,2018-08-31,2018-09-03,2018,-0.005364448442651301,-0.005364448442651301,,1849,0.009986161875523834,89.67434732717588,1.0,0.0,0.0,1.0,6,6,3,6,3,0,0.0,88.78769899248168,88.78769899248168,0.8866483346942065,-0.006900020336625845,96.60112829182603
2018-08-31,2018-09-03,2018-09-04,2018,-0.04185103175909795,-0.04185103175909795,,1849,-0.006151219393204305,89.12274074282402,1.0000000000000002,0.0,-2.220446049250313e-16,1.0000000000000002,6,6,3,6,3,0,0.0,89.67434732717588,89.67434732717588,-0.5516065843518629,-0.0004615239626940548,96.55654455629607
2018-09-03,2018-09-04,2018-09-05,2018,0.009067118320340095,0.009067118320340095,,1849,-0.021341044596944227,87.22076835802952,1.0,0.0,0.0,1.0,6,6,4,6,3,0,0.0,89.12274074282402,89.12274074282402,-1.9019723847945056,-0.005113914234983641,96.0627626686088
2018-09-04,2018-09-05,2018-09-06,2018,0.021386242695488545,0.021386242695488545,,1849,-0.06300413354209165,81.72549942075638,1.0,0.0,0.0,1.0,6,6,3,6,3,0,0.0,87.22076835802952,87.22076835802952,-5.495268937273134,-0.004113666326702958,95.66759251656889
2018-09-05,2018-09-06,2018-09-07,2018,-0.004972283973947341,-0.004972283973947341,,1847,-0.0037564144017106244,81.41850457774525,1.0,0.0,0.0,1.0,6,6,4,6,3,0,0.0,81.72549942075638,81.72549942075638,-0.30699484301112256,-0.008043422385509591,94.8980976613533
2018-09-06,2018-09-07,2018-09-10,2018,-0.024567278058529072,-0.024567278058529072,,1845,0.003913286182776443,81.73711848673166,0.8499999999999999,0.15000000000000002,1.1102230246251565e-16,0.6999999999999998,6,6,2,6,2,0,0.0,81.41850457774525,81.41850457774525,0.318613908986411,0.0029600494193318116,95.17900072023149
2018-09-07,2018-09-10,2018-09-11,2018,-0.008553071773394432,-0.008553071773394432,,1845,0.0028509497478298187,81.97014690406975,1.0,0.0,0.0,1.0,6,6,5,6,3,0,0.0,81.73711848673166,81.73711848673166,0.23302841733808363,0.013033514816236824,96.41951763631324
2018-09-10,2018-09-11,2018-09-12,2018,-0.09591556602755001,-0.09591556602755001,,1845,-0.022211756253476326,80.1494459809749,1.0,0.0,0.0,1.0,6,6,2,6,3,0,0.0,81.97014690406975,81.97014690406975,-1.8207009230948443,-0.002650819402339022,96.16392690819873
2018-09-11,2018-09-12,2018-09-13,2018,-0.05542193279523037,-0.05542193279523037,,1845,0.0015851644502046125,80.27649603344754,0.9999999999999998,0.0,2.220446049250313e-16,0.9999999999999998,6,6,6,6,3,0,0.0,80.1494459809749,80.1494459809749,0.12705005247263637,0.009586982478352768,97.08584879051723
2018-09-12,2018-09-13,2018-09-14,2018,0.13656778832351987,0.13656778832351987,,1844,0.014461493138821491,81.43741403004388,1.0000000000000002,0.0,-2.220446049250313e-16,1.0000000000000002,6,6,4,6,3,0,0.0,80.27649603344754,80.27649603344754,1.1609179965963323,0.011977834761530026,98.24872704501294
2018-09-13,2018-09-14,2018-09-18,2018,-0.06551420734518906,-0.06551420734518906,,1843,-0.02030020337750273,79.7842179626961,0.9999999999999998,0.0,2.220446049250313e-16,0.9999999999999998,6,6,4,6,3,0,0.0,81.43741403004388,81.43741403004388,-1.653196067347785,0.014110182132933913,99.63503447794699
2018-09-14,2018-09-18,2018-09-19,2018,-0.038278848396587156,-0.038278848396587156,,1844,0.013247324348504244,80.8411453759397,1.0,0.0,0.0,1.0,6,6,2,6,3,0,0.0,79.7842179626961,79.7842179626961,1.0569274132435937,0.010758932116851305,100.70700105035534
2018-09-18,2018-09-19,2018-09-20,2018,-0.052625209068412476,-0.052625209068412476,,1845,0.0014610204890551206,80.95925594569263,1.0,0.0,0.0,1.0,6,6,6,6,3,0,0.0,80.8411453759397,80.8411453759397,0.11811056975293152,0.00010180580690177798,100.71725360785794
2018-09-19,2018-09-20,2018-09-21,2018,-0.04169009663343212,-0.04169009663343212,,1845,0.009621995695420327,81.73824555790652,1.0,0.0,0.0,1.0,6,6,5,6,3,0,0.0,80.95925594569263,80.95925594569263,0.778989612213887,0.008236560783917879,101.54681738918833
2018-09-20,2018-09-21,2018-09-25,2018,-0.01555573176947169,-0.01555573176947169,,1845,0.0077543422866017,82.37207189186883,1.0000000000000002,0.0,-2.220446049250313e-16,1.0000000000000002,6,6,3,6,3,0,0.0,81.73824555790652,81.73824555790652,0.6338263339623081,0.002946384844865424,101.84601339298816
2018-09-21,2018-09-25,2018-09-26,2018,0.08570339639587621,0.08570339639587621,,1846,-0.0028901908562299454,82.13400088287823,1.0000000000000002,0.0,-2.220446049250313e-16,1.0000000000000002,6,6,4,6,3,0,0.0,82.37207189186883,82.37207189186883,-0.238071008990595,0.003906808029653819,102.24390621590011
2018-09-25,2018-09-26,2018-09-27,2018,-0.0022026299692855873,-0.0022026299692855873,,1847,-0.00993250887303696,81.31820419033102,1.0000000000000002,0.0,-2.220446049250313e-16,1.0000000000000002,6,6,4,6,3,0,0.0,82.13400088287823,82.13400088287823,-0.8157966925472135,-0.009863196774208327,101.23545444992898
2018-09-26,2018-09-27,2018-09-28,2018,0.09291255563963625,0.09291255563963625,,1847,0.007508307506007329,81.92876627322832,1.0,0.0,0.0,1.0,6,6,5,6,3,0,0.0,81.31820419033102,81.31820419033102,0.610562082897299,0.01358589453849568,102.6108286576424
2018-09-27,2018-09-28,2018-10-01,2018,0.0998515099146604,0.0998515099146604,,1849,-4.907547059022438e-05,81.92474558046858,1.0,0.0,0.0,1.0,6,6,3,6,3,0,0.0,81.92876627322832,81.92876627322832,-0.004020692759735184,0.005212263329579692,103.1456633170724
2018-09-28,2018-10-01,2018-10-02,2018,-0.014860912407272851,-0.014860912407272851,,1849,-0.016685891637839904,80.55775815325528,0.9999999999999998,0.0,2.220446049250313e-16,0.9999999999999998,6,6,4,6,3,0,0.0,81.92474558046858,81.92474558046858,-1.3669874272133022,0.0010253339140533502,103.25142206375892
2018-10-01,2018-10-02,2018-10-03,2018,-0.04997925098198783,-0.04997925098198783,,1850,-0.006998913628730741,79.99394136181647,1.0000000000000002,0.0,-2.220446049250313e-16,1.0000000000000002,6,6,4,6,3,0,0.0,80.55775815325528,80.55775815325528,-0.5638167914388134,-0.00657832391591151,102.57220076464502
2018-10-02,2018-10-03,2018-10-04,2018,0.015318215594823463,0.015318215594823463,,1850,-0.014562560722868427,78.82902473327344,1.0,0.0,0.0,1.0,6,6,4,6,3,0,0.0,79.99394136181647,79.99394136181647,-1.1649166285430286,-0.005613214903097963,101.99644095866935
2018-10-03,2018-10-04,2018-10-05,2018,-0.027123580852932577,-0.027123580852932577,,1849,0.002908559622706173,79.05830365170995,0.9999999999999998,0.0,2.220446049250313e-16,0.9999999999999998,6,6,3,6,3,0,0.0,78.82902473327344,78.82902473327344,0.22927891843650539,-0.008003964026790489,101.1800651143755
2018-10-04,2018-10-05,2018-10-09,2018,0.012662424857149007,0.012662424857149007,,1850,-0.008734118062347472,78.367799093807,1.0000000000000002,0.0,-2.220446049250313e-16,1.0000000000000002,6,6,4,6,3,0,0.0,79.05830365170995,79.05830365170995,-0.690504557902951,-0.01321618317067308,99.84285084060328
2018-10-05,2018-10-09,2018-10-10,2018,0.011387333282240836,0.011387333282240836,,1850,-0.006240857780871117,77.87871680506267,1.0,0.0,0.0,1.0,6,6,5,6,3,0,0.0,78.367799093807,78.367799093807,-0.4890822887443298,0.001561608546281068,99.99876628976104
2018-10-09,2018-10-10,2018-10-11,2018,-0.055110820759009735,-0.055110820759009735,,1850,-0.02494892108724146,75.93572684511753,1.0,0.0,0.0,1.0,6,6,0,6,3,0,0.0,77.87871680506267,77.87871680506267,-1.942989959945134,-0.038933822966352505,96.10543202618182
2018-10-10,2018-10-11,2018-10-12,2018,0.18814724507122374,0.18814724507122374,,1848,0.0015126650201144564,76.05059216289311,1.0,0.0,0.0,1.0,6,6,6,6,3,0,0.0,75.93572684511753,75.93572684511753,0.11486531777557557,0.004594778596299642,96.54701520824385
2018-10-11,2018-10-12,2018-10-15,2018,-0.011801645105321704,-0.011801645105321704,,1848,-0.04225544498541599,72.83704054964568,1.0,0.0,0.0,1.0,6,6,1,6,3,0,0.0,76.05059216289311,76.05059216289311,-3.213551613247438,-0.01865460861718138,94.745968426377
2018-10-12,2018-10-15,2018-10-16,2018,-0.032095244177939214,-0.032095244177939214,,1849,-0.006300480353909794,72.37813220662571,1.0,0.0,0.0,1.0,6,6,4,6,3,0,0.0,72.83704054964568,72.83704054964568,-0.4589083430199736,0.01247973849752837,95.92837333603327
2018-10-15,2018-10-16,2018-10-17,2018,0.02514602927514256,0.02514602927514256,,1849,0.008457291252477201,72.99025515100745,0.9999999999999998,0.0,2.220446049250313e-16,0.9999999999999998,6,6,4,6,3,0,0.0,72.37813220662571,72.37813220662571,0.612122944381734,0.012944116963587105,97.17008142062153
2018-10-16,2018-10-17,2018-10-18,2018,0.020132766347527295,0.020132766347527295,,1850,0.0026925012575470773,73.18678150479022,1.0,0.0,0.0,1.0,6,6,5,6,3,0,0.0,72.99025515100745,72.99025515100745,0.19652635378276959,-0.008010115090678505,96.39173788507176
2018-10-17,2018-10-18,2018-10-19,2018,-0.020736145024128218,-0.020736145024128218,,1851,-0.002375363744298298,73.01293627744185,1.0,0.0,0.0,1.0,6,6,3,6,3,0,0.0,73.18678150479022,73.18678150479022,-0.17384522734835992,-0.005564441243242957,95.8553717232762
2018-10-18,2018-10-19,2018-10-22,2018,0.007142379988529784,0.007142379988529784,,1851,0.013240444933890445,73.97966003968497,0.85,0.15000000000000002,0.0,0.7,6,6,4,6,2,0,0.0,73.01293627744185,73.01293627744185,0.9667237622431208,0.0036720977379804953,96.20736201695452
2018-10-19,2018-10-22,2018-10-23,2018,-0.12301094750653406,-0.12301094750653406,,1851,-0.031725467429455506,71.63262074465375,1.0,0.0,0.0,1.0,6,6,0,6,3,0,0.0,73.97966003968497,73.97966003968497,-2.3470392950312164,-0.02670991854014315,93.6376712145196
2018-10-22,2018-10-23,2018-10-24,2018,0.0589168939041619,0.0589168939041619,,1852,0.0014748409479321454,71.73826746693565,0.9999999999999998,0.0,2.220446049250313e-16,0.9999999999999998,6,6,6,6,3,0,0.0,71.63262074465375,71.63262074465375,0.105646722281909,0.0036527556042993403,93.97970674282197
2018-10-23,2018-10-24,2018-10-25,2018,0.03718440083728603,0.03718440083728603,,1853,-0.03993844570424268,68.873152566791,1.0,0.0,0.0,1.0,6,6,0,6,3,0,0.0,71.73826746693565,71.73826746693565,-2.8651149001446488,-0.03722979035071916,90.48086196356465
2018-10-24,2018-10-25,2018-10-26,2018,0.13277810867903994,0.13277810867903994,,1856,0.001465542923447167,68.97408912815077,1.0,0.0,0.0,1.0,6,6,6,6,3,0,0.0,68.873152566791,68.873152566791,0.10093656135975765,-0.003955572335536783,90.12295836908605
2018-10-25,2018-10-26,2018-10-29,2018,0.1862046399001491,0.1862046399001491,,1858,-0.0061811157038753495,68.54775230268025,0.9999999999999998,0.0,2.220446049250313e-16,0.9999999999999998,6,6,4,6,3,0,0.0,68.97408912815077,68.97408912815077,-0.4263368254705107,-0.0016427027180121456,89.97491314041785
2018-10-26,2018-10-29,2018-10-30,2018,-0.0895244411845502,-0.0895244411845502,,1858,0.0014723563605306804,68.64867902178318,1.0,0.0,0.0,1.0,6,6,6,6,3,0,0.0,68.54775230268025,68.54775230268025,0.10092671910293285,0.014538671760489619,91.28302886924496
2018-10-29,2018-10-30,2018-10-31,2018,0.013757505241820723,0.013757505241820723,,1860,0.01153446281901944,69.44050465753475,1.0,0.0,0.0,1.0,6,6,2,6,3,0,0.0,68.64867902178318,68.64867902178318,0.7918256357515578,0.021585670883881303,93.25343428770032
2018-10-30,2018-10-31,2018-11-01,2018,-0.031603610158711236,-0.031603610158711236,,1860,0.0007117866683906724,69.4899314829963,1.0,0.0,0.0,1.0,6,6,5,6,3,0,0.0,69.44050465753475,69.44050465753475,0.04942682546155363,-0.010620671281533212,92.26302021625659
2018-10-31,2018-11-01,2018-11-02,2018,0.020992995201430747,0.020992995201430747,,1861,-0.0007238325589145439,69.43963240807216,1.0,0.0,0.0,1.0,6,6,3,6,3,0,0.0,69.4899314829963,69.4899314829963,-0.05029907492413353,0.0256371713855581,94.62838307808997
2018-11-01,2018-11-02,2018-11-05,2018,0.033346636373554825,0.033346636373554825,,1860,-0.00906253567125088,68.81033326237545,1.0,0.0,0.0,1.0,6,6,4,6,3,0,0.0,69.43963240807216,69.43963240807216,-0.6292991456967025,-0.015495201778843892,93.16209718828922
2018-11-02,2018-11-05,2018-11-06,2018,-0.011916306833388741,-0.011916306833388741,,1858,0.003392373855191189,69.04376363790172,1.0,0.0,0.0,1.0,6,6,5,6,3,0,0.0,68.81033326237545,68.81033326237545,0.2334303755262751,0.011359427991884496,94.22036532287254
2018-11-05,2018-11-06,2018-11-07,2018,0.04349466369856655,0.04349466369856655,,1858,0.0014519158067283077,69.1440093696836,1.0,0.0,0.0,1.0,6,6,6,6,3,0,0.0,69.04376363790172,69.04376363790172,0.10024573178188267,-0.002797123861340345,93.95681929080374
2018-11-06,2018-11-07,2018-11-08,2018,0.07239276428162782,0.07239276428162782,,1858,0.03376133590226711,71.478403495643,1.0,0.0,0.0,1.0,6,6,3,6,3,0,0.0,69.1440093696836,69.1440093696836,2.3343941259593928,0.018161895878799905,95.66325325986654
2018-11-07,2018-11-08,2018-11-09,2018,0.04406541219135764,0.04406541219135764,,1859,-0.003417224642055055,71.23414573384292,1.0,0.0,0.0,1.0,6,6,3,6,3,0,0.0,71.478403495643,71.478403495643,-0.24425776180006542,-0.010524785075056942,94.6564180797257
2018-11-08,2018-11-09,2018-11-12,2018,0.020621650209705397,0.020621650209705397,,1859,0.004625077928521393,71.5636092090336,1.0,0.0,0.0,1.0,6,6,5,6,3,0,0.0,71.23414573384292,71.23414573384292,0.3294634751906732,0.0008822372782328891,94.73992750037962
2018-11-09,2018-11-12,2018-11-13,2018,-0.04700209142902632,-0.04700209142902632,,1857,-0.013273515598713414,70.61370852589727,1.0000000000000002,0.0,-2.220446049250313e-16,1.0000000000000002,6,6,1,6,3,0,0.0,71.5636092090336,71.5636092090336,-0.9499006831363384,-0.020626963414261845,92.78573048195949
2018-11-12,2018-11-13,2018-11-14,2018,-0.0400545705763423,-0.0400545705763423,,1856,-0.01507414126054443,69.54926750864698,1.0,0.0,0.0,1.0,6,6,3,6,3,0,0.0,70.61370852589727,70.61370852589727,-1.064441017250286,0.001648745651181116,92.93871055158328
2018-11-13,2018-11-14,2018-11-15,2018,-0.030047429882197902,-0.030047429882197902,,1856,0.009618791814142455,70.21824743363875,1.0,0.0,0.0,1.0,6,6,4,6,3,0,0.0,69.54926750864698,69.54926750864698,0.6689799249917774,-0.00196187211852894,92.7563766866201
2018-11-14,2018-11-15,2018-11-16,2018,-0.16400525838398808,-0.16400525838398808,,1851,0.0014604448664592364,70.32079731263498,0.9999999999999998,0.0,2.220446049250313e-16,0.9999999999999998,6,6,6,6,3,0,0.0,70.21824743363875,70.21824743363875,0.10254987899622216,-0.005654106978565943,92.23192220988979
2018-11-15,2018-11-16,2018-11-19,2018,0.0772392319506253,0.0772392319506253,,1851,0.007550431706300896,70.85174969027666,1.0,0.0,0.0,1.0,6,6,5,6,3,0,0.0,70.32079731263498,70.32079731263498,0.530952377641678,0.006495285590539579,92.83099488520746
2018-11-16,2018-11-19,2018-11-20,2018,-0.16625080608879098,-0.16625080608879098,,1851,-0.021929460296842798,69.2980090584819,1.0,0.0,0.0,1.0,6,6,3,6,3,0,0.0,70.85174969027666,70.85174969027666,-1.5537406317947662,-0.01090867763216996,91.81833148773111
2018-11-19,2018-11-20,2018-11-21,2018,0.0020007484723518643,0.0020007484723518643,,1853,-0.020768648163705102,67.85878308990104,0.9999999999999998,0.0,2.220446049250313e-16,0.9999999999999998,6,6,1,6,3,0,0.0,69.2980090584819,69.2980090584819,-1.4392259685808595,-0.0035018106742675803,91.49680107443395
2018-11-20,2018-11-21,2018-11-22,2018,0.01795086618825899,0.01795086618825899,,1855,0.002068279968715581,67.9991340516673,1.0,0.0,0.0,1.0,6,6,4,6,3,0,0.0,67.85878308990104,67.85878308990104,0.14035096176625791,0.006463314725905445,92.08817369619157
2018-11-21,2018-11-22,2018-11-26,2018,0.04498098325266435,0.04498098325266435,,1856,0.0009825127984032411,68.0659440711534,0.9999999999999998,0.0,2.220446049250313e-16,0.9999999999999998,6,6,5,6,3,0,0.0,67.9991340516673,67.9991340516673,0.06681001948610077,0.007643250310095606,92.79202665835113
2018-11-22,2018-11-26,2018-11-27,2018,0.022567620530882116,0.022567620530882116,,1856,-0.004398196922759095,67.76657664539496,1.0,0.0,0.0,1.0,6,6,3,6,3,0,0.0,68.0659440711534,68.0659440711534,-0.2993674257584395,0.0064368237667340455,93.38931258090902
2018-11-26,2018-11-27,2018-11-28,2018,0.13827775447086532,0.13827775447086532,,1856,-0.009148767280533956,67.14659600626777,1.0,0.0,0.0,1.0,6,6,3,6,3,0,0.0,67.76657664539496,67.76657664539496,-0.6199806391271859,0.010232138627211507,94.34488497353686
2018-11-27,2018-11-28,2018-11-29,2018,0.041062392307464154,0.041062392307464154,,1857,0.005509868077111336,67.51656489208939,1.0,0.0,0.0,1.0,6,6,4,6,3,0,0.0,67.14659600626777,67.14659600626777,0.3699688858216263,0.003858949489155883,94.70895711920997
2018-11-28,2018-11-29,2018-11-30,2018,0.015361114923628632,0.015361114923628632,,1857,-0.031138177872178624,65.41422208516101,1.0,0.0,0.0,1.0,6,6,5,6,3,0,0.0,67.51656489208939,67.51656489208939,-2.10234280692837,0.003973480186501233,95.08528128380735
2018-11-29,2018-11-30,2018-12-03,2018,-0.06052607596176802,-0.06052607596176802,,1855,-0.013955154592118157,64.50135650343944,1.0,0.0,0.0,1.0,6,6,2,6,3,0,0.0,65.41422208516101,65.41422208516101,-0.9128655817215717,0.01000847387103776,96.03693983705661
2018-11-30,2018-12-03,2018-12-04,2018,0.07308443352787596,0.07308443352787596,,1855,-0.006534601042468175,64.07986587199146,1.0,0.0,0.0,1.0,6,6,4,6,3,0,0.0,64.50135650343944,64.50135650343944,-0.42149063144798676,-0.023863376620615218,93.74517417223356
2018-12-03,2018-12-04,2018-12-05,2018,0.05732622183771788,0.05732622183771788,,1856,-0.0065467514649179045,63.66035091622226,1.0,0.0,0.0,1.0,6,6,3,6,3,0,0.0,64.07986587199146,64.07986587199146,-0.4195149557692029,-0.005296775057235692,93.24862707194185
2018-12-04,2018-12-05,2018-12-06,2018,0.037188678376532426,0.037188678376532426,,1855,-0.025253458440395605,62.05270689005844,1.0,0.0,0.0,1.0,6,6,4,6,3,0,0.0,63.66035091622226,63.66035091622226,-1.607644026163819,-0.01905669561980239,91.4716163688674
2018-12-05,2018-12-06,2018-12-07,2018,-0.027569611472425832,-0.027569611472425832,,1854,0.0014499360829419094,62.142679348822554,0.9999999999999999,0.0,1.1102230246251565e-16,0.9999999999999999,6,6,6,6,3,0,0.0,62.05270689005844,62.05270689005844,0.08997245876411376,0.008234728360002608,92.22486028231539
2018-12-06,2018-12-07,2018-12-10,2018,-0.08240498600768162,-0.08240498600768162,,1856,-0.026774678179172073,60.47882910806635,1.0,0.0,0.0,1.0,6,6,2,6,3,0,0.0,62.142679348822554,62.142679348822554,-1.6638502407562061,-0.021181178927868305,90.27142901507801
2018-12-07,2018-12-10,2018-12-11,2018,-0.05408208966798188,-0.05408208966798188,,1858,0.016881856446245527,61.499824019105745,1.0,0.0,0.0,1.0,6,6,4,6,3,0,0.0,60.47882910806635,60.47882910806635,1.0209949110393914,-0.003368599637126213,89.96734071205495
2018-12-10,2018-12-11,2018-12-12,2018,0.0495546310822227,0.0495546310822227,,1858,0.009221237144102284,62.06692848070648,1.0000000000000002,0.0,-2.220446049250313e-16,1.0000000000000002,6,6,2,6,3,0,0.0,61.499824019105745,61.499824019105745,0.5671044616007317,0.021502249383157368,91.90184090838504
2018-12-11,2018-12-12,2018-12-13,2018,0.020637192850540408,0.020637192850540408,,1859,0.005305273821458027,62.39621053155348,1.0,0.0,0.0,1.0,6,6,5,6,3,0,0.0,62.06692848070648,62.06692848070648,0.3292820508469997,0.00988022358264562,92.80985164421662
2018-12-12,2018-12-13,2018-12-14,2018,0.02237115264746257,0.02237115264746257,,1858,-0.0030984962488770466,62.20287610727732,0.9999999999999999,0.0,1.1102230246251565e-16,0.9999999999999999,6,6,5,6,3,0,0.0,62.39621053155348,62.39621053155348,-0.19333442427616093,-0.020230846907732136,90.93222974407314
2018-12-13,2018-12-14,2018-12-17,2018,-0.06367881591172364,-0.06367881591172364,,1859,-0.0022777046279980283,62.06119632849298,1.0,0.0,0.0,1.0,6,6,5,6,3,0,0.0,62.20287610727732,62.20287610727732,-0.14167977878433352,0.00617782691137192,91.49399332009713
2018-12-14,2018-12-17,2018-12-18,2018,-0.07177984946915536,-0.07177984946915536,,1860,-0.01527940868062583,61.11293794658138,1.0,0.0,0.0,1.0,6,6,3,6,3,0,0.0,62.06119632849298,62.06119632849298,-0.9482583819115995,-0.018200222440446945,89.8287822897066
2018-12-17,2018-12-18,2018-12-19,2018,-0.0014918406002097059,-0.0014918406002097059,,1859,-0.00016246142213925555,61.10300945177147,1.0,0.0,0.0,1.0,6,6,5,6,3,0,0.0,61.11293794658138,61.11293794658138,-0.009928494809909687,-0.00603965342912427,89.28624757671652
2018-12-18,2018-12-19,2018-12-20,2018,0.01571157934986831,0.01571157934986831,,1862,-0.019810666290231236,59.89251812219358,1.0,0.0,0.0,1.0,6,6,2,6,3,0,0.0,61.10300945177147,61.10300945177147,-1.2104913295778896,-0.02836584092182537,86.75356808144866
2018-12-19,2018-12-20,2018-12-21,2018,0.025972605295817828,0.025972605295817828,,1864,-0.005535686821531288,59.56097189891623,1.0,0.0,0.0,1.0,6,6,3,6,3,0,0.0,59.89251812219358,59.89251812219358,-0.33154622327735084,-0.011101586949763265,85.79046580219025
2018-12-20,2018-12-21,2018-12-25,2018,0.08904426248980368,0.08904426248980368,,1864,-0.05028949838489854,56.56568049880269,1.0,0.0,0.0,1.0,6,6,0,6,3,0,0.0,59.56097189891623,59.56097189891623,-2.995291400113535,-0.050106143004702286,81.49183645426568
2018-12-21,2018-12-25,2018-12-26,2018,-0.0944170693064097,-0.0944170693064097,,1864,0.027464831316532656,58.11924737200719,0.9999999999999999,0.0,1.1102230246251565e-16,0.9999999999999999,6,6,5,6,3,0,0.0,56.56568049880269,56.56568049880269,1.5535668732044967,0.008943533374330626,82.2206614133299
2018-12-25,2018-12-26,2018-12-27,2018,-0.07901133057231205,-0.07901133057231205,,1864,0.052183222098232854,61.15209696580278,1.0,0.0,0.0,1.0,6,6,0,6,3,0,0.0,58.11924737200719,58.11924737200719,3.032849593795587,0.038834670146416395,85.41367367853677
2018-12-26,2018-12-27,2018-12-28,2018,0.011690450271256937,0.011690450271256937,,1865,-0.005712000167395603,60.802796177697516,1.0000000000000002,0.0,-2.220446049250313e-16,1.0000000000000002,6,6,3,6,3,0,0.0,61.15209696580278,61.15209696580278,-0.3493007881052576,-0.0031303511073522694,85.14629889055414
2018-12-27,2018-12-28,2019-01-04,2018,0.09119031276950629,0.09119031276950629,,1866,-0.008176516843553881,60.305641090615396,1.0,0.0,0.0,1.0,6,6,2,6,3,0,0.0,60.802796177697516,60.802796177697516,-0.49715508708211725,-0.022623792329364845,83.2199667068402
2018-12-28,2019-01-04,2019-01-07,2019,-0.017597304385377623,-0.017597304385377623,,1866,0.01400315516766566,61.15011034029284,0.25,0.7500000000000001,-1.1102230246251565e-16,-0.5000000000000001,6,6,3,6,2,0,0.0,60.305641090615396,60.305641090615396,0.8444692496774416,0.02438457087122159,85.24924988290384
2019-01-04,2019-01-07,2019-01-08,2019,-0.03004753163310571,-0.03004753163310571,,1865,-0.0018678311294545004,61.035892260629666,0.0,1.0,0.0,-1.0,6,6,4,6,3,0,0.0,61.15011034029284,61.15011034029284,-0.1142180796631765,0.008237449329980606,85.95148625923312
2019-01-07,2019-01-08,2019-01-09,2019,-0.10685706041536394,-0.10685706041536394,,1865,-0.021148716671182278,59.7450614684368,0.0,0.9999999999999999,1.1102230246251565e-16,-0.9999999999999999,6,6,4,6,3,0,0.0,61.035892260629666,61.035892260629666,-1.290830792192864,0.011038386382129506,86.90025197468083
2019-01-08,2019-01-09,2019-01-10,2019,0.027668293362346285,0.027668293362346285,,1863,0.010584188722849925,60.377414474277,0.0,1.0,0.0,-1.0,6,6,2,6,3,0,0.0,59.7450614684368,59.7450614684368,0.6323530058402044,-0.012887806664297341,85.78029832815243
2019-01-09,2019-01-10,2019-01-11,2019,0.04480756257027505,0.04480756257027505,,1863,0.0010516210882097021,60.44090863658973,0.0,1.0,0.0,-1.0,6,6,6,6,3,0,0.0,60.377414474277,60.377414474277,0.0634941623127274,0.00971543062319613,86.61369086539666
2019-01-10,2019-01-11,2019-01-15,2019,0.06623407467375161,0.06623407467375161,,1861,-0.003711487773557028,60.21658294316235,0.0,1.0,0.0,-1.0,6,6,3,6,3,0,0.0,60.44090863658973,60.44090863658973,-0.22432569342738018,0.009606723085310742,87.44576460893724
2019-01-11,2019-01-15,2019-01-16,2019,-0.01412745848189571,-0.01412745848189571,,1859,0.013004902984231915,60.99969376238013,0.0,1.0,0.0,-1.0,6,6,5,6,3,0,0.0,60.21658294316235,60.21658294316235,0.7831108192177807,-0.005474989649866369,86.96699995277865
2019-01-15,2019-01-16,2019-01-17,2019,-0.04457483780290713,-0.04457483780290713,,1860,-0.005423382941276263,60.66886906380616,0.0,1.0,0.0,-1.0,6,6,5,6,3,0,0.0,60.99969376238013,60.99969376238013,-0.33082469857396846,-0.0019801641168629702,86.79479102012094
2019-01-16,2019-01-17,2019-01-18,2019,-0.023204398706650853,-0.023204398706650853,,1860,-0.0016936694583962462,60.566116053197355,0.25,0.75,0.0,-0.5,6,6,4,6,2,0,0.0,60.66886906380616,60.66886906380616,-0.10275301060880936,0.01292993377697682,87.91704192019765
2019-01-17,2019-01-18,2019-01-21,2019,0.05809913713112305,0.05809913713112305,,1859,-0.004108205380174867,60.317298009371314,0.0,1.0,0.0,-1.0,6,6,4,6,3,0,0.0,60.566116053197355,60.566116053197355,-0.24881804382604075,0.0025771711796196417,88.14361918683178
2019-01-18,2019-01-21,2019-01-22,2019,0.0358031177614503,0.0358031177614503,,1858,0.005061503958756013,60.62259425202721,0.0,1.0,0.0,-1.0,6,6,5,6,3,0,0.0,60.317298009371314,60.317298009371314,0.3052962426558991,-0.004653625382674109,87.73343180326319
2019-01-21,2019-01-22,2019-01-23,2019,-0.02239528236583725,-0.02239528236583725,,1856,0.018918014152619376,61.76945334805556,0.0,1.0,0.0,-1.0,6,6,4,6,3,0,0.0,60.62259425202721,60.62259425202721,1.146859096028353,-0.00141541615610985,87.60925248645789
2019-01-22,2019-01-23,2019-01-24,2019,0.006914514608670603,0.006914514608670603,,1857,-0.009129224456508583,61.20554614388533,0.0,1.0,0.0,-1.0,6,6,2,6,3,0,0.0,61.76945334805556,61.76945334805556,-0.5639072041702348,-0.0009269816235241146,87.52804031935226
2019-01-23,2019-01-24,2019-01-25,2019,0.07278040147906813,0.07278040147906813,,1856,-0.05832197028739736,57.63591810025772,0.0,1.0,0.0,-1.0,6,6,2,6,3,0,0.0,61.20554614388533,61.20554614388533,-3.569628043627608,0.009668703641329213,88.3743230015064
2019-01-24,2019-01-25,2019-01-28,2019,-0.06616415314537691,-0.06616415314537691,,1856,-0.012052268368549996,56.94127454764565,0.0,1.0,0.0,-1.0,6,6,3,6,3,0,0.0,57.63591810025772,57.63591810025772,-0.6946435526120742,-0.005996083483042924,87.84442318303196
2019-01-25,2019-01-28,2019-01-29,2019,0.05665581056077413,0.05665581056077413,,1859,0.0146582387154046,57.77593334272443,0.0,1.0,0.0,-1.0,6,6,3,6,3,0,0.0,56.94127454764565,56.94127454764565,0.834658795078782,0.0007574216669088418,87.9109584524679
2019-01-28,2019-01-29,2019-01-30,2019,0.02649693539622767,0.02649693539622767,,1861,0.02844168899820712,59.41917847043934,0.0,1.0,0.0,-1.0,6,6,3,6,3,0,0.0,57.77593334272443,57.77593334272443,1.6432451277149134,-0.005231158152283255,87.45108232548424
2019-01-29,2019-01-30,2019-01-31,2019,0.1621831140487216,0.1621831140487216,,1860,-0.0030828418285438284,59.23599854163296,0.0,1.0000000000000002,-2.220446049250313e-16,-1.0000000000000002,6,6,4,6,3,0,0.0,59.41917847043934,59.41917847043934,-0.1831799288063813,0.010553818881971377,88.37402520937977
2019-01-30,2019-01-31,2019-02-01,2019,0.02548851480472372,0.02548851480472372,,1860,0.007920956931081219,59.705204334850826,0.0,0.9999999999999999,1.1102230246251565e-16,-0.9999999999999999,6,6,5,6,3,0,0.0,59.23599854163296,59.23599854163296,0.46920579321786454,0.0007172603159122382,88.43741239061988
2019-01-31,2019-02-01,2019-02-04,2019,0.11558608828901767,0.11558608828901767,,1862,-0.013998238509480796,58.8694366443143,0.35000000000000003,0.65,-1.1102230246251565e-16,-0.3,6,6,3,6,2,0,0.0,59.705204334850826,59.705204334850826,-0.8357676905365286,0.004588137898124955,88.84317543402139
2019-02-01,2019-02-04,2019-02-05,2019,-0.01423054487122992,-0.01423054487122992,,1863,0.0030796238367332153,59.05073236465918,0.0,0.9999999999999999,1.1102230246251565e-16,-0.9999999999999999,6,6,5,6,3,0,0.0,58.8694366443143,58.8694366443143,0.18129572034488614,-0.0018828018121248569,88.67590134231929
2019-02-04,2019-02-05,2019-02-06,2019,0.005902693595210509,0.005902693595210509,,1866,0.013490655841066616,59.84736547215373,0.0,1.0,0.0,-1.0,6,6,3,6,3,0,0.0,59.05073236465918,59.05073236465918,0.7966331074945509,0.0014205220094558602,88.80186741188439
2019-02-05,2019-02-06,2019-02-07,2019,0.011624851665799338,0.011624851665799338,,1864,0.055764291425699906,63.184711401403284,0.35,0.65,0.0,-0.30000000000000004,6,6,3,6,2,0,0.0,59.84736547215373,59.84736547215373,3.337345929249551,-0.005881941510180733,88.27954002177286
2019-02-06,2019-02-07,2019-02-08,2019,0.028876554375940788,0.028876554375940788,,1863,-0.0006617626344194476,63.14289812033126,0.7,0.30000000000000004,0.0,0.3999999999999999,6,6,3,6,0,0,0.0,63.184711401403284,63.184711401403284,-0.041813281072025144,-0.020148636614223392,86.50082764940336
2019-02-07,2019-02-08,2019-02-12,2019,0.0012779223395540172,0.0012779223395540172,,1861,0.02517861043202586,64.73274855365217,0.0,0.9999999999999999,1.1102230246251565e-16,-0.9999999999999999,6,6,5,6,3,0,0.0,63.14289812033126,63.14289812033126,1.5898504333209187,0.026116931103217,88.75996380549408
2019-02-08,2019-02-12,2019-02-13,2019,0.03907101326915554,0.03907101326915554,,1861,0.0007928697880299038,64.7840731942765,0.24,0.7599999999999999,1.1102230246251565e-16,-0.5199999999999999,6,6,4,6,1,0,0.0,64.73274855365217,64.73274855365217,0.05132464062432726,0.013433051143561192,89.95228093879393
2019-02-12,2019-02-13,2019-02-14,2019,0.09241559670512516,0.09241559670512516,,1862,0.01661880973947258,65.86070738084025,0.25,0.75,0.0,-0.5,6,6,3,6,2,0,0.0,64.7840731942765,64.7840731942765,1.0766341865637468,-0.0002255907924905154,89.93198853245062
2019-02-13,2019-02-14,2019-02-15,2019,0.016764250615255386,0.016764250615255386,,1860,0.002988872597851388,66.05755664440595,0.5599999999999999,0.44,5.551115123125783e-17,0.11999999999999994,6,6,5,6,1,0,0.0,65.86070738084025,65.86070738084025,0.1968492635657021,-0.011309521275362777,88.91490079480718
2019-02-14,2019-02-15,2019-02-18,2019,0.01792971570671505,0.01792971570671505,,1862,-0.006328225271291618,65.63952954508905,0.35,0.65,0.0,-0.30000000000000004,6,6,5,6,2,0,0.0,66.05755664440595,66.05755664440595,-0.4180270993169073,0.018239641580181987,90.5366767164419
2019-02-15,2019-02-18,2019-02-19,2019,-0.017181299538067255,-0.017181299538067255,,1862,0.0061057661898099025,66.04030916530049,0.5,0.5,0.0,0.0,6,6,4,6,0,0,0.0,65.63952954508905,65.63952954508905,0.4007796202114329,0.0009773586412835655,90.62516351978381
2019-02-18,2019-02-19,2019-02-20,2019,0.018655225054421718,0.018655225054421718,,1863,0.002065993191176087,66.17674799437916,0.0,1.0,0.0,-1.0,6,6,6,6,3,0,0.0,66.04030916530049,66.04030916530049,0.13643882907867452,0.006048073831190104,91.17327119971515
2019-02-19,2019-02-20,2019-02-21,2019,-0.03620859813564636,-0.03620859813564636,,1863,0.008410793636799323,66.73334696531435,0.35,0.65,0.0,-0.30000000000000004,6,6,3,6,2,0,0.0,66.17674799437916,66.17674799437916,0.5565989709351966,0.0015276585995653846,91.3125528315139
2019-02-20,2019-02-21,2019-02-22,2019,0.013316559855357178,0.013316559855357178,,1863,0.002946570293835192,66.92998146309054,0.0,1.0,0.0,-1.0,6,6,4,6,3,0,0.0,66.73334696531435,66.73334696531435,0.19663449777619216,-0.0018039314711033594,91.14783124375434
2019-02-21,2019-02-22,2019-02-25,2019,0.03806401133580124,0.03806401133580124,,1864,-0.0035755843314907833,66.69066767006414,0.0,1.0,0.0,-1.0,6,6,3,6,3,0,0.0,66.92998146309054,66.92998146309054,-0.2393137930263951,0.004794284943508975,91.58481991871977
2019-02-22,2019-02-25,2019-02-26,2019,-0.028442790298047145,-0.028442790298047145,,1863,-0.00019251794724651228,66.6778285196238,0.0,1.0,0.0,-1.0,6,6,3,6,3,0,0.0,66.69066767006414,66.69066767006414,-0.012839150440340091,-0.0036621682321306137,91.24942090066803
2019-02-25,2019-02-26,2019-02-27,2019,-0.07249683668500478,-0.07249683668500478,,1864,-0.0018085718138256934,66.55723687835611,0.25,0.75,0.0,-0.5,6,6,4,6,2,0,0.0,66.6778285196238,66.6778285196238,-0.12059164126769457,0.004994081416767493,91.70512793787886
2019-02-26,2019-02-27,2019-02-28,2019,-0.0175866664360461,-0.0175866664360461,,1864,0.008882244502733554,67.14841452973602,0.25,0.75,0.0,-0.5,6,6,5,6,2,0,0.0,66.55723687835611,66.55723687835611,0.5911776513799135,-0.007948874841057219,90.97617535361752
2019-02-27,2019-02-28,2019-03-01,2019,0.004728530824040414,0.004728530824040414,,1865,0.0031786686006311233,67.36185708658385,0.0,1.0,0.0,-1.0,6,6,4,6,3,0,0.0,67.14841452973602,67.14841452973602,0.21344255684783459,0.010172007130178073,91.90158565799085
2019-02-28,2019-03-01,2019-03-04,2019,0.06515706417751473,0.06515706417751473,,1864,-0.012576855559241823,66.5146567398036,0.0,1.0,0.0,-1.0,6,6,2,6,3,0,0.0,67.36185708658385,67.36185708658385,-0.8472003467802554,0.010153828064930925,92.8347385576566
2019-03-01,2019-03-04,2019-03-05,2019,-0.04456349975989533,-0.04456349975989533,,1864,-0.03551892158515691,64.15212786279889,0.0,1.0,0.0,-1.0,6,6,4,6,3,0,0.0,66.5146567398036,66.5146567398036,-2.3625288770047126,-0.0043882240157200325,92.42735892842481
2019-03-04,2019-03-05,2019-03-06,2019,-0.01890356959147037,-0.01890356959147037,,1864,0.012034045248501579,64.92413747228747,0.0,1.0,0.0,-1.0,6,6,4,6,3,0,0.0,64.15212786279889,64.15212786279889,0.7720096094885808,-0.005959142568354947,91.87657111935381
2019-03-05,2019-03-06,2019-03-07,2019,-0.07818223286224003,-0.07818223286224003,,1864,0.012147451623608151,65.71280029143657,0.0,1.0,0.0,-1.0,6,6,4,6,3,0,0.0,64.92413747228747,64.92413747228747,0.7886628191490972,-0.006519481349329004,91.27758352750088
2019-03-06,2019-03-07,2019-03-08,2019,0.03437889270005972,0.03437889270005972,,1863,0.020050341421380992,67.0303643730349,0.0,1.0,0.0,-1.0,6,6,4,6,3,0,0.0,65.71280029143657,65.71280029143657,1.3175640815983274,-0.020061977972605227,89.44637465737952
2019-03-07,2019-03-08,2019-03-11,2019,0.020451042032645417,0.020451042032645417,,1863,-0.004320341466615864,66.7407703103117,0.0,1.0,0.0,-1.0,6,6,4,6,3,0,0.0,67.0303643730349,67.0303643730349,-0.2895940627231934,0.00473376214474186,89.86979251971702
2019-03-08,2019-03-11,2019-03-12,2019,0.10724800356593187,0.10724800356593187,,1862,0.019610745279497487,68.04960655662467,0.0,0.9999999999999998,2.220446049250313e-16,-0.9999999999999998,6,6,3,6,3,0,0.0,66.7407703103117,66.7407703103117,1.3088362463129712,0.017921817137820373,91.48042250746926
2019-03-11,2019-03-12,2019-03-13,2019,-0.041341654823781,-0.041341654823781,,1862,0.008629165750902265,68.63681789088547,0.0,1.0,0.0,-1.0,6,6,5,6,3,0,0.0,68.04960655662467,68.04960655662467,0.5872113342607997,-0.009926203363236574,90.5723692299053
2019-03-12,2019-03-13,2019-03-14,2019,-0.06743750088629993,-0.06743750088629993,,1862,0.00702430434551981,69.11894378905906,0.0,1.0,0.0,-1.0,6,6,5,6,3,0,0.0,68.63681789088547,68.63681789088547,0.48212589817359863,-0.0001512430108819851,90.55867079208025
2019-03-13,2019-03-14,2019-03-15,2019,-0.046926846136454224,-0.046926846136454224,,1862,0.0010175449076126985,69.18927541833118,0.24000000000000002,0.76,0.0,-0.52,6,6,6,6,1,0,0.0,69.11894378905906,69.11894378905906,0.0703316292721254,0.007696239304515018,91.2556319935949
2019-03-14,2019-03-15,2019-03-18,2019,0.04049569902091373,0.04049569902091373,,1861,0.011407291309025425,69.97853763848848,0.0,1.0,0.0,-1.0,6,6,2,6,3,0,0.0,69.18927541833118,69.18927541833118,0.7892622201572957,0.006230522333613875,91.82420224679903
2019-03-15,2019-03-18,2019-03-19,2019,0.05974104477604566,0.05974104477604566,,1861,-0.005936298110166044,69.56312417775294,0.0,1.0,0.0,-1.0,6,6,5,6,3,0,0.0,69.97853763848848,69.97853763848848,-0.41541346073554253,-0.0008177164168733375,91.74911608915554
2019-03-18,2019-03-19,2019-03-20,2019,0.004490405114799572,0.004490405114799572,,1862,0.002052327045500896,69.70589045887247,0.4,0.6,0.0,-0.19999999999999996,6,6,6,6,1,0,0.0,69.56312417775294,69.56312417775294,0.14276628111953965,0.001950678935495942,91.92808915726103
2019-03-19,2019-03-20,2019-03-22,2019,0.0746706534083284,0.0746706534083284,,1863,0.001741273387742237,69.82726747089738,0.0,1.0,0.0,-1.0,6,6,6,6,3,0,0.0,69.70589045887247,69.70589045887247,0.12137701202491015,0.0008524257575113214,92.00645102829748
2019-03-20,2019-03-22,2019-03-25,2019,-0.018412297600343863,-0.018412297600343863,,1863,0.014906617683317601,70.86815585095681,0.0,1.0,0.0,-1.0,6,6,4,6,3,0,0.0,69.82726747089738,69.82726747089738,1.0408883800594269,-0.030065186009930023,89.2402599640182
2019-03-22,2019-03-25,2019-03-26,2019,0.04393232204033775,0.04393232204033775,,1864,-0.02410374538452474,69.15996786645454,0.25,0.7499999999999999,1.1102230246251565e-16,-0.4999999999999999,6,6,1,6,2,0,0.0,70.86815585095681,70.86815585095681,-1.7081879845022803,0.0215129729500394,91.1600832626786
2019-03-25,2019-03-26,2019-03-27,2019,0.05153025988485456,0.05153025988485456,,1865,0.011101551124725368,69.92775078550835,0.15,0.8499999999999999,1.1102230246251565e-16,-0.6999999999999998,6,6,1,6,2,0,0.0,69.15996786645454,69.15996786645454,0.7677829190538087,-0.0023174862880506186,90.94882101969979
2019-03-26,2019-03-27,2019-03-28,2019,0.14969090523412737,0.14969090523412737,,1866,0.006501585734162069,70.38239205243745,0.25,0.75,0.0,-0.5,6,6,3,6,2,0,0.0,69.92775078550835,69.92775078550835,0.4546412669291015,-0.01613613156628113,89.48125887792776
2019-03-27,2019-03-28,2019-03-29,2019,-0.0464676566318179,-0.0464676566318179,,1866,-0.010932047557370494,69.61296839531872,0.0,1.0,0.0,-1.0,6,6,3,6,3,0,0.0,70.38239205243745,70.38239205243745,-0.7694236571187413,0.00817970728961459,90.21318938345544
2019-03-28,2019-03-29,2019-04-01,2019,0.010868257349312386,0.010868257349312386,,1867,-0.0014912786540019515,69.50915606150906,0.0,1.0,0.0,-1.0,6,6,4,6,3,0,0.0,69.61296839531872,69.61296839531872,-0.10381233380965128,0.014298911477562015,91.503139792558
2019-03-29,2019-04-01,2019-04-02,2019,0.05333059184573689,0.05333059184573689,,1867,-0.0023975787272298935,69.34250238758828,0.0,0.9999999999999998,2.220446049250313e-16,-0.9999999999999998,6,6,4,6,3,0,0.0,69.50915606150906,69.50915606150906,-0.16665367392077693,-0.00017295061655486776,91.48731426811419
2019-04-01,2019-04-02,2019-04-03,2019,0.04310991986298268,0.04310991986298268,,1869,-0.00885516051836467,68.7284633982011,0.0,0.9999999999999998,2.220446049250313e-16,-0.9999999999999998,6,6,4,6,3,0,0.0,69.34250238758828,69.34250238758828,-0.6140389893871796,0.009667379823866673,92.3717568842095
2019-04-02,2019-04-03,2019-04-04,2019,0.021704978934127667,0.021704978934127667,,1869,2.0721775360099995e-05,68.72988757398048,0.0,1.0,0.0,-1.0,6,6,4,6,3,0,0.0,68.7284633982011,68.7284633982011,0.0014241757793823778,0.0005406846799713705,92.42170087801883
2019-04-03,2019-04-04,2019-04-05,2019,-0.07602245959734973,-0.07602245959734973,,1872,-0.002971107783027394,68.52568367008283,0.0,1.0,0.0,-1.0,6,6,4,6,3,0,0.0,68.72988757398048,68.72988757398048,-0.20420390389765117,0.003799778595577896,92.77288287878203
2019-04-04,2019-04-05,2019-04-08,2019,-0.0324890541251221,-0.0324890541251221,,1870,-0.00231490251899924,68.3670533923388,0.0,1.0,0.0,-1.0,6,6,5,6,3,0,0.0,68.52568367008283,68.52568367008283,-0.15863027774401983,-0.0021024876762580913,92.57782903583845
2019-04-05,2019-04-08,2019-04-09,2019,0.0038414090729395377,0.0038414090729395377,,1870,0.024450076179307535,70.03863305593627,0.0,1.0000000000000002,-2.220446049250313e-16,-1.0000000000000002,6,6,3,6,3,0,0.0,68.3670533923388,68.3670533923388,1.6715796635974693,0.001881291170476418,92.75199488818545
2019-04-08,2019-04-09,2019-04-10,2019,-0.026970702325870063,-0.026970702325870063,,1869,0.012237103146666569,70.8957030328933,0.0,1.0,0.0,-1.0,6,6,3,6,3,0,0.0,70.03863305593627,70.03863305593627,0.8570699769570229,-0.005275520018493185,92.26267988239765
2019-04-09,2019-04-10,2019-04-11,2019,0.011906164317695462,0.011906164317695462,,1868,0.01327892771220231,71.83712194857284,0.0,1.0,0.0,-1.0,6,6,4,6,3,0,0.0,70.8957030328933,70.8957030328933,0.9414189156795522,0.0010978638916210315,92.36397174718472
2019-04-10,2019-04-11,2019-04-12,2019,0.025250690487891633,0.025250690487891633,,1867,-0.0012348117944191135,71.74841662311363,0.0,0.9999999999999998,2.220446049250313e-16,-0.9999999999999998,6,6,5,6,3,0,0.0,71.83712194857284,71.83712194857284,-0.08870532545922193,0.00733163898379563,93.0411510431446
2019-04-11,2019-04-12,2019-04-15,2019,-0.03240684338354872,-0.03240684338354872,,1865,-0.0016148899187740057,71.63255082842096,0.0,0.9999999999999998,2.220446049250313e-16,-0.9999999999999998,6,6,3,6,3,0,0.0,71.74841662311363,71.74841662311363,-0.11586579469266349,0.01365077071643328,94.31123446322759
2019-04-12,2019-04-15,2019-04-16,2019,0.02629084627442326,0.02629084627442326,,1869,0.0013410678391976205,71.72861493857664,0.15,0.85,0.0,-0.7,6,6,6,6,2,0,0.0,71.63255082842096,71.63255082842096,0.09606411015568422,0.0023704154113539655,94.53479126686304
2019-04-15,2019-04-16,2019-04-17,2019,-0.12539854179973525,-0.12539854179973525,,1867,0.0020499545249021366,71.87565533733493,0.0,1.0,0.0,-1.0,6,6,6,6,3,0,0.0,71.72861493857664,71.72861493857664,0.14704039875829816,0.0025340141105569813,94.77434376187183
2019-04-16,2019-04-17,2019-04-18,2019,0.08396631127263403,0.08396631127263403,,1865,0.016105234527143967,73.03322962333488,0.0,1.0,0.0,-1.0,6,6,3,6,3,0,0.0,71.87565533733493,71.87565533733493,1.157574285999946,-0.008432096820311874,93.9751973191902
2019-04-17,2019-04-18,2019-04-19,2019,-0.1193184810410312,-0.1193184810410312,,1865,-0.008215920207310223,72.43319443626739,0.39999999999999997,0.6,1.1102230246251565e-16,-0.2,6,6,4,6,1,0,0.0,73.03322962333488,73.03322962333488,-0.6000351870674846,0.00499952014746885,94.44502821154987
2019-04-18,2019-04-19,2019-04-22,2019,0.08895062088395828,0.08895062088395828,,1866,0.0016777143659903215,72.55471664714769,0.0,1.0,0.0,-1.0,6,6,6,6,3,0,0.0,72.43319443626739,72.43319443626739,0.12152221088029602,0.0007810613786318754,94.5187955754897
2019-04-19,2019-04-22,2019-04-23,2019,0.06768513030743757,0.06768513030743757,,1866,0.015200989642397396,73.65762014340805,0.15,0.85,0.0,-0.7,6,6,3,6,2,0,0.0,72.55471664714769,72.55471664714769,1.1029034962603699,0.0018831662758407308,94.69679018375055
2019-04-22,2019-04-23,2019-04-24,2019,0.05356246915112934,0.05356246915112934,,1865,0.0014975671018587103,73.76792737213603,0.0,1.0,0.0,-1.0,6,6,5,6,3,0,0.0,73.65762014340805,73.65762014340805,0.11030722872797336,-0.002683768992809532,94.44264587453681
2019-04-23,2019-04-24,2019-04-25,2019,0.026014803888593892,0.026014803888593892,,1865,-0.00022270064336921128,73.75149920725025,0.25,0.75,0.0,-0.5,6,6,4,6,2,0,0.0,73.76792737213603,73.76792737213603,-0.016428164885787945,0.004845945945946006,94.90030983143693
2019-04-24,2019-04-25,2019-04-26,2019,-0.0025732671516796105,-0.0025732671516796105,,1865,0.0049787105861584,74.11868657709844,0.0,0.9999999999999998,2.220446049250313e-16,-0.9999999999999998,6,6,4,6,3,0,0.0,73.75149920725025,73.75149920725025,0.36718736984818967,-0.0021898386109117096,94.69249346878055
2019-04-25,2019-04-26,2019-05-07,2019,0.04618343533173291,0.04618343533173291,,1866,-0.04721933084052529,70.61885179414924,0.39999999999999997,0.6,1.1102230246251565e-16,-0.2,6,6,4,6,1,0,0.0,74.11868657709844,74.11868657709844,-3.4998347829492125,-0.01505072391821094,93.26730289245495
2019-04-26,2019-05-07,2019-05-08,2019,-0.03490447232695197,-0.03490447232695197,,1867,-0.005317271310475924,70.24335219952546,0.4,0.6,0.0,-0.19999999999999996,6,6,0,6,1,0,0.0,70.61885179414924,70.61885179414924,-0.37549959462378096,-0.014647605424626842,91.90116024066711
2019-05-07,2019-05-08,2019-05-09,2019,-0.06283018319476397,-0.06283018319476397,,1869,-0.004233221247313231,69.94599654851193,0.0,0.9999999999999998,2.220446049250313e-16,-0.9999999999999998,6,6,4,6,3,0,0.0,70.24335219952546,70.24335219952546,-0.2973556510135378,-0.009279442881617417,91.04836867345946
2019-05-08,2019-05-09,2019-05-10,2019,-0.03014498366907782,-0.03014498366907782,,1869,0.015220631232794924,71.01061876818717,0.3,0.7,0.0,-0.39999999999999997,6,6,5,6,0,0,0.0,69.94599654851193,69.94599654851193,1.0646222196752466,-0.00267309842525032,90.80498742253683
2019-05-09,2019-05-10,2019-05-13,2019,-0.004045666483969094,-0.004045666483969094,,1870,0.004087488521661067,71.30087385731818,0.3,0.7,0.0,-0.39999999999999997,6,6,2,6,0,0,0.0,71.01061876818717,71.01061876818717,0.290255089131015,-0.0071979656049308005,90.15137624631325
2019-05-10,2019-05-13,2019-05-14,2019,0.027398936266886328,0.027398936266886328,,1869,-0.0038073267861011956,71.0294081304088,0.5,0.5,0.0,0.0,6,6,3,6,0,0,0.0,71.30087385731818,71.30087385731818,-0.27146572690938997,-0.0058538228931900305,89.62364605618998
2019-05-13,2019-05-14,2019-05-15,2019,0.009265349476582151,0.009265349476582151,,1868,-0.002438195563333895,70.856224542639,0.5,0.5,0.0,0.0,6,6,5,6,0,0,0.0,71.0294081304088,71.0294081304088,-0.1731835877697952,0.005759181439610295,90.139804895107
2019-05-14,2019-05-15,2019-05-16,2019,-0.05301458388472802,-0.05301458388472802,,1868,0.0015678264816660348,70.96731480786782,0.5,0.5,0.0,0.0,6,6,6,6,0,0,0.0,70.856224542639,70.856224542639,0.11109026522882424,-0.005926783132029767,89.60556581993022
2019-05-15,2019-05-16,2019-05-17,2019,-0.05942994384266527,-0.05942994384266527,,1868,-0.00867038199707682,70.3520010791768,0.5,0.5,0.0,0.0,6,6,3,6,0,0,0.0,70.96731480786782,70.96731480786782,-0.6153137286910204,0.008883358385185725,90.40156417441601
2019-05-16,2019-05-17,2019-05-20,2019,-0.06155503044264627,-0.06155503044264627,,1869,-0.009999333541554354,69.64852795507032,0.5,0.5,0.0,0.0,6,6,4,6,0,0,0.0,70.3520010791768,70.3520010791768,-0.7034731241064808,0.0024301073548393948,90.62124968040524
2019-05-17,2019-05-20,2019-05-21,2019,0.022299686614702698,0.022299686614702698,,1871,0.008605280707472438,70.24787308898594,0.56,0.44,-5.551115123125783e-17,0.12000000000000005,6,6,5,6,1,0,0.0,69.64852795507032,69.64852795507032,0.5993451339156214,-0.0013745362465864552,90.49668748800856
2019-05-20,2019-05-21,2019-05-22,2019,0.06545809334818782,0.06545809334818782,,1871,-0.00738307857694021,69.72922752210704,0.25,0.75,0.0,-0.5,6,6,4,6,2,0,0.0,70.24787308898594,70.24787308898594,-0.5186455668789068,0.0005133400243035879,90.54314305976305
2019-05-21,2019-05-22,2019-05-23,2019,-0.1532612012670941,-0.1532612012670941,,1872,0.025950260884081495,71.53871916755119,0.25,0.75,0.0,-0.5,6,6,4,6,2,0,0.0,69.72922752210704,69.72922752210704,1.8094916454441532,-0.0062128318964524976,89.9806137325563
2019-05-22,2019-05-23,2019-05-24,2019,-0.029354936692353454,-0.029354936692353454,,1872,0.015327060352814791,72.63519743379531,0.25,0.75,0.0,-0.5,6,6,4,6,2,0,0.0,71.53871916755119,71.53871916755119,1.0964782662441255,-0.0016036960655547716,89.83631217633719
2019-05-23,2019-05-24,2019-05-27,2019,-0.05024647075304127,-0.05024647075304127,,1872,0.020522639140621267,74.12586337963687,0.0,1.0,0.0,-1.0,6,6,3,6,3,0,0.0,72.63519743379531,72.63519743379531,1.4906659458415612,0.0030951043745341966,90.11436493914618
2019-05-24,2019-05-27,2019-05-28,2019,0.014585166312863771,0.014585166312863771,,1873,0.00353634292016648,74.38799785180068,0.25,0.75,0.0,-0.5,6,6,5,6,2,0,0.0,74.12586337963687,74.12586337963687,0.2621344721638066,0.003661499213032382,90.44431861545378
2019-05-27,2019-05-28,2019-05-29,2019,-0.020807639990763262,-0.020807639990763262,,1874,0.021296258915892555,75.97218391428748,0.0,1.0,0.0,-1.0,6,6,4,6,3,0,0.0,74.38799785180068,74.38799785180068,1.5841860624868065,-0.012077531004029196,89.35197455323734
2019-05-28,2019-05-29,2019-05-30,2019,0.07839609743637456,0.07839609743637456,,1872,0.0003679187570140043,76.00013550576087,0.7,0.30000000000000004,0.0,0.3999999999999999,6,6,5,6,0,0,0.0,75.97218391428748,75.97218391428748,0.027951591473383983,-0.0028966780092909428,89.09315065346226
2019-05-29,2019-05-30,2019-05-31,2019,-0.08684904309621583,-0.08684904309621583,,1872,0.0074042000956795855,76.56285571634429,0.0,1.0000000000000002,-2.220446049250313e-16,-1.0000000000000002,6,6,4,6,3,0,0.0,76.00013550576087,76.00013550576087,0.562720210583416,-0.016298890344194294,87.6410311605427
2019-05-30,2019-05-31,2019-06-03,2019,0.03241723361146462,0.03241723361146462,,1872,0.008140917075321424,77.18614757578085,0.0,1.0,0.0,-1.0,6,6,5,6,3,0,0.0,76.56285571634429,76.56285571634429,0.6232918594365577,-0.00923781587374306,86.83141945169662
2019-05-31,2019-06-03,2019-06-04,2019,0.09521790505425605,0.09521790505425605,,1873,0.00031987273574956464,77.21083731996788,0.0,0.9999999999999998,2.220446049250313e-16,-0.9999999999999998,6,6,3,6,3,0,0.0,77.18614757578085,77.18614757578085,0.024689744187034648,-0.00011464473849243095,86.82146468632067
2019-06-03,2019-06-04,2019-06-05,2019,0.07218355302933106,0.07218355302933106,,1873,-0.00098218089115269,77.1350023109623,0.0,1.0,0.0,-1.0,6,6,5,6,3,0,0.0,77.21083731996788,77.21083731996788,-0.07583500900557144,0.01801010753341492,88.38512860152989
2019-06-04,2019-06-05,2019-06-06,2019,-0.03595082896891278,-0.03595082896891278,,1873,-0.011339988408680746,76.26029227885243,0.0,1.0,0.0,-1.0,6,6,2,6,3,0,0.0,77.1350023109623,77.1350023109623,-0.8747100321098751,-9.915239144964172e-05,88.37636500466046
2019-06-05,2019-06-06,2019-06-07,2019,-0.03182811155798626,-0.03182811155798626,,1873,0.0018785530469601283,76.40355128327494,0.35,0.65,0.0,-0.30000000000000004,6,6,6,6,2,0,0.0,76.26029227885243,76.26029227885243,0.1432590044225082,0.005327321984553768,88.84717435686473
2019-06-06,2019-06-07,2019-06-10,2019,-0.02572491077802118,-0.02572491077802118,,1872,-0.0023207059428835717,76.22624110775443,0.0,1.0,0.0,-1.0,6,6,3,6,3,0,0.0,76.40355128327494,76.40355128327494,-0.1773101755205059,0.011956594082465077,89.90948395602376
2019-06-07,2019-06-10,2019-06-11,2019,0.006746938764348657,0.006746938764348657,,1872,0.0037586474857660463,76.5127486772435,0.0,1.0,0.0,-1.0,6,6,5,6,3,0,0.0,76.22624110775443,76.22624110775443,0.28650756948905765,0.0033055082656634482,90.20668049840194
2019-06-10,2019-06-11,2019-06-12,2019,-0.001671275280027004,-0.001671275280027004,,1873,0.0012685909293800634,76.60981205619738,0.0,1.0000000000000002,-2.220446049250313e-16,-1.0000000000000002,6,6,6,6,3,0,0.0,76.5127486772435,76.5127486772435,0.09706337895388753,-0.003516271243352631,89.8894893418071
2019-06-11,2019-06-12,2019-06-13,2019,-0.06676107640958567,-0.06676107640958567,,1873,-0.009593154423359833,75.87488229879771,0.0,1.0,0.0,-1.0,6,6,2,6,3,0,0.0,76.60981205619738,76.60981205619738,-0.7349297573996754,-0.004624765496182737,89.47377153302963
2019-06-12,2019-06-13,2019-06-14,2019,0.006622107130477486,0.006622107130477486,,1873,-0.014683047044739208,74.76080783249041,0.0,1.0,0.0,-1.0,6,6,3,6,3,0,0.0,75.87488229879771,75.87488229879771,-1.114074466307297,0.004036230505895855,89.8349082991688
2019-06-13,2019-06-14,2019-06-17,2019,-0.02646575856895671,-0.02646575856895671,,1877,0.0057016839236295365,75.18707032862648,0.0,1.0000000000000002,-2.220446049250313e-16,-1.0000000000000002,6,6,4,6,3,0,0.0,74.76080783249041,74.76080783249041,0.4262624961360677,0.0003366973072265189,89.86515547088807
2019-06-14,2019-06-17,2019-06-18,2019,-0.03063695187759524,-0.03063695187759524,,1879,0.0028408275694673914,75.40066383088352,0.0,1.0,0.0,-1.0,6,6,6,6,3,0,0.0,75.18707032862648,75.18707032862648,0.21359350225704576,-0.007161995834122359,89.22154160177281
2019-06-17,2019-06-18,2019-06-19,2019,0.09271827252509707,0.09271827252509707,,1877,-0.009845404707067074,74.65831378028696,0.25,0.75,0.0,-0.5,6,6,3,6,2,0,0.0,75.40066383088352,75.40066383088352,-0.7423500505965626,0.01722047365361945,90.75797880826146
2019-06-18,2019-06-19,2019-06-20,2019,-0.05536056663291634,-0.05536056663291634,,1877,0.0047653456935989056,75.0140864543512,0.0,1.0,0.0,-1.0,6,6,4,6,3,0,0.0,74.65831378028696,74.65831378028696,0.3557726740642463,0.006046254148919239,91.30672461417842
2019-06-19,2019-06-20,2019-06-21,2019,-0.05442283994915254,-0.05442283994915254,,1877,-0.015302660972439519,73.866171321183,0.35,0.65,0.0,-0.30000000000000004,6,6,3,6,2,0,0.0,75.0140864543512,75.0140864543512,-1.147915133168204,-0.009515041331863539,90.43793735559743
2019-06-20,2019-06-21,2019-06-24,2019,0.0696855309444905,0.0696855309444905,,1877,0.008451464910602358,74.49044867618453,0.0,1.0,0.0,-1.0,6,6,4,6,3,0,0.0,73.866171321183,73.866171321183,0.6242773550015204,0.001286535733236116,90.55428899364557
2019-06-21,2019-06-24,2019-06-25,2019,0.07305215445512278,0.07305215445512278,,1879,0.0034312032745152654,74.74604054760236,0.0,1.0,0.0,-1.0,6,6,5,6,3,0,0.0,74.49044867618453,74.49044867618453,0.2555918714178357,-0.004330547933171114,90.16213930460437
2019-06-24,2019-06-25,2019-06-26,2019,0.04524881638353328,0.04524881638353328,,1880,-0.046674546018428395,71.25730303836798,0.0,1.0,0.0,-1.0,6,6,3,6,3,0,0.0,74.74604054760236,74.74604054760236,-3.4887375092343813,-0.0050590243094564835,89.70600685006977
2019-06-25,2019-06-26,2019-06-27,2019,0.03958176941872247,0.03958176941872247,,1880,0.00849746147743729,71.86280922592259,0.0,1.0,0.0,-1.0,6,6,4,6,3,0,0.0,71.25730303836798,71.25730303836798,0.6055061875546071,0.011930805312760251,90.77627175318308
2019-06-26,2019-06-27,2019-06-28,2019,0.07237125977347734,0.07237125977347734,,1881,-0.005419828521691845,71.47332512283103,0.0,1.0,0.0,-1.0,6,6,2,6,3,0,0.0,71.86280922592259,71.86280922592259,-0.3894841030915551,-0.0029173073417261275,90.51144946914299
2019-06-27,2019-06-28,2019-07-01,2019,-0.06916960531410517,-0.06916960531410517,,1880,-0.016210325623684366,70.31471924918247,0.35,0.6499999999999999,1.1102230246251565e-16,-0.29999999999999993,6,6,3,6,2,0,0.0,71.47332512283103,71.47332512283103,-1.1586058736485514,0.021341027791042855,92.44305682767154
2019-06-28,2019-07-01,2019-07-02,2019,-0.026967488898371736,-0.026967488898371736,,1880,-0.00400337181104959,70.03322328423843,0.0,1.0,0.0,-1.0,6,6,5,6,3,0,0.0,70.31471924918247,70.31471924918247,-0.2814959649440431,0.0011182712171253772,92.54643323734501
2019-07-01,2019-07-02,2019-07-03,2019,0.08486287701985473,0.08486287701985473,,1880,0.018758644264085144,71.3469516064947,0.0,1.0,0.0,-1.0,6,6,3,6,3,0,0.0,70.03322328423843,70.03322328423843,1.3137283222562735,-0.00533734296761057,92.05248118272823
2019-07-02,2019-07-03,2019-07-04,2019,0.020004808098844088,0.020004808098844088,,1880,0.004593451453120657,71.67468036502729,0.0,1.0,0.0,-1.0,6,6,6,6,3,0,0.0,71.3469516064947,71.3469516064947,0.32772875853258226,0.002971139875109552,92.325981980173
2019-07-03,2019-07-04,2019-07-05,2019,0.032277350020739795,0.032277350020739795,,1880,-0.0010477400388814284,71.59958393263481,0.0,1.0,0.0,-1.0,6,6,4,6,3,0,0.0,71.67468036502729,71.67468036502729,-0.07509643239246763,0.002024195424940478,92.5128678105004
2019-07-04,2019-07-05,2019-07-08,2019,-0.0450934893879099,-0.0450934893879099,,1881,0.0061909373687151995,72.04285247238782,0.0,1.0,0.0,-1.0,6,6,5,6,3,0,0.0,71.59958393263481,71.59958393263481,0.4432685397530092,-0.009750128527138857,91.61085545893381
2019-07-05,2019-07-08,2019-07-09,2019,-0.019955876583959014,-0.019955876583959014,,1879,0.002547012347677563,72.22634650719691,0.0,1.0,0.0,-1.0,6,6,6,6,3,0,0.0,72.04285247238782,72.04285247238782,0.18349403480908483,0.0014302730289050825,91.74188399465166
2019-07-08,2019-07-09,2019-07-10,2019,0.008180514013885188,0.008180514013885188,,1878,0.005170401222968347,72.59978569750825,0.0,0.9999999999999998,2.220446049250313e-16,-0.9999999999999998,6,6,4,6,3,0,0.0,72.22634650719691,72.22634650719691,0.3734391903113465,-0.0014685731376782307,91.6071543282171
2019-07-09,2019-07-10,2019-07-11,2019,0.05216910961889253,0.05216910961889253,,1878,0.001166841266000851,72.68449812336293,0.0,1.0,0.0,-1.0,6,6,5,6,3,0,0.0,72.59978569750825,72.59978569750825,0.084712425854671,0.00511064630519531,92.07532609301407
2019-07-10,2019-07-11,2019-07-12,2019,0.08101092834721878,0.08101092834721878,,1878,-0.004032750830502918,72.39137965319125,0.0,1.0000000000000002,-2.220446049250313e-16,-1.0000000000000002,6,6,5,6,3,0,0.0,72.68449812336293,72.68449812336293,-0.29311847017167963,0.0019576289080387443,92.25557541309084
2019-07-11,2019-07-12,2019-07-16,2019,-0.0007568538240954419,-0.0007568538240954419,,1878,0.0012972842156074138,72.48529184736138,0.25,0.75,0.0,-0.5,6,6,6,6,2,0,0.0,72.39137965319125,72.39137965319125,0.09391219417012871,-0.006946910204326362,91.61468421484764
2019-07-12,2019-07-16,2019-07-17,2019,0.010955219410644786,0.010955219410644786,,1878,0.0007215005124030173,72.53759002257094,0.0,1.0,0.0,-1.0,6,6,4,6,3,0,0.0,72.48529184736138,72.48529184736138,0.05229817520955349,-0.0030679931739822086,91.33361098903995
2019-07-16,2019-07-17,2019-07-18,2019,-0.0045062808768695254,-0.0045062808768695254,,1878,0.009285167593168652,73.21111370273506,0.0,1.0,0.0,-1.0,6,6,5,6,3,0,0.0,72.53759002257094,72.53759002257094,0.6735236801641294,-0.019699867437880658,89.5343509599329
2019-07-17,2019-07-18,2019-07-19,2019,-0.07089677965586931,-0.07089677965586931,,1876,0.007273695486243054,73.74362905001747,0.0,0.9999999999999998,2.220446049250313e-16,-0.9999999999999998,6,6,5,6,3,0,0.0,73.21111370273506,73.21111370273506,0.532515347282411,0.019991694478443733,91.32429434964962
2019-07-18,2019-07-19,2019-07-22,2019,-0.014704508912284985,-0.014704508912284985,,1876,0.0005903061580978673,73.78716036836619,0.0,0.9999999999999998,2.220446049250313e-16,-0.9999999999999998,6,6,5,6,3,0,0.0,73.74362905001747,73.74362905001747,0.0435313183487101,-0.002338474094412013,91.11073485312251
2019-07-19,2019-07-22,2019-07-23,2019,-0.05854656997709767,-0.05854656997709767,,1879,-0.010074927703977598,73.04376006217309,0.0,1.0,0.0,-1.0,6,6,3,6,3,0,0.0,73.78716036836619,73.78716036836619,-0.7434003061930904,0.009529439285719254,91.9789690691826
2019-07-22,2019-07-23,2019-07-24,2019,-0.05020198203925142,-0.05020198203925142,,1880,0.0013292419760350782,73.14085289413516,0.0,1.0,0.0,-1.0,6,6,6,6,3,0,0.0,73.04376006217309,73.04376006217309,0.09709283196207509,0.004102053200424782,92.35627169362462
2019-07-23,2019-07-24,2019-07-25,2019,-0.019121806225852113,-0.019121806225852113,,1881,-4.834041159466029e-05,73.13731723520188,0.25,0.75,0.0,-0.5,6,6,5,6,2,0,0.0,73.14085289413516,73.14085289413516,-0.0035356589332869942,0.0021640225946437663,92.55613275232668
2019-07-24,2019-07-25,2019-07-26,2019,0.02663156133518283,0.02663156133518283,,1882,0.014962962451258797,74.23166816677801,0.0,1.0000000000000002,-2.220446049250313e-16,-1.0000000000000002,6,6,3,6,3,0,0.0,73.13731723520188,73.13731723520188,1.0943509315761286,-0.004522775899671538,92.13752210574766
2019-07-25,2019-07-26,2019-07-29,2019,0.0181428267250462,0.0181428267250462,,1882,0.0024007264778403985,74.40987809804025,0.0,1.0,0.0,-1.0,6,6,6,6,3,0,0.0,74.23166816677801,74.23166816677801,0.17820993126224619,-0.0019092120056423134,91.96161204237323
2019-07-26,2019-07-29,2019-07-30,2019,0.02570466896707877,0.02570466896707877,,1882,0.03148842709428101,76.75292811962473,0.39999999999999997,0.6000000000000001,0.0,-0.20000000000000012,6,6,1,6,1,0,0.0,74.40987809804025,74.40987809804025,2.343050021584478,0.004279541837829859,92.35516560858285
2019-07-29,2019-07-30,2019-07-31,2019,-0.0068624650633644126,-0.0068624650633644126,,1882,0.006728785303236522,77.26938209433642,0.0,1.0,0.0,-1.0,6,6,4,6,3,0,0.0,76.75292811962473,76.75292811962473,0.5164539747117001,-0.008649745201482761,91.55631695802786
2019-07-30,2019-07-31,2019-08-01,2019,-0.01971667263517323,-0.01971667263517323,,1882,-0.0009699628518803852,77.19443366411717,0.25,0.75,0.0,-0.5,6,6,4,6,2,0,0.0,77.26938209433642,77.26938209433642,-0.07494843021925773,0.0009042108065737686,91.6391031692314
2019-07-31,2019-08-01,2019-08-02,2019,-0.16300276309435566,-0.16300276309435566,,1881,0.0022771400391858065,77.370216199816,0.15,0.8499999999999999,1.1102230246251565e-16,-0.6999999999999998,6,6,2,6,2,0,0.0,77.19443366411717,77.19443366411717,0.17578253569883392,-0.021068205314611843,89.70843172881514
2019-08-01,2019-08-02,2019-08-05,2019,-0.0653510864558751,-0.0653510864558751,,1882,-0.0021002291758588916,77.20772101441064,0.3,0.7000000000000001,-1.1102230246251565e-16,-0.4000000000000001,6,6,5,6,0,0,0.0,77.370216199816,77.370216199816,-0.1624951854053638,-0.017397790883172504,88.14770319313986
2019-08-02,2019-08-05,2019-08-06,2019,-0.07860500146764313,-0.07860500146764313,,1882,0.009480745276771117,77.93970775074827,0.0,0.9999999999999998,2.220446049250313e-16,-0.9999999999999998,6,6,5,6,3,0,0.0,77.20772101441064,77.20772101441064,0.7319867363376358,-0.006514387588204551,87.57347488952973
2019-08-05,2019-08-06,2019-08-07,2019,-0.06491015150097067,-0.06491015150097067,,1882,-0.012940496244761204,76.93112925528193,0.0,1.0,0.0,-1.0,6,6,4,6,3,0,0.0,77.93970775074827,77.93970775074827,-1.0085784954663437,-0.0033397602465058407,87.2810004794453
2019-08-06,2019-08-07,2019-08-08,2019,-0.08822530130965969,-0.08822530130965969,,1882,-0.015977711427424806,75.70194587225512,0.25,0.75,0.0,-0.5,6,6,3,6,2,0,0.0,76.93112925528193,76.93112925528193,-1.2291833830268128,0.003742830182057677,87.60767844235995
2019-08-07,2019-08-08,2019-08-09,2019,-0.012181573004674531,-0.012181573004674531,,1882,-0.0014636907779734425,75.59114163220725,0.25,0.75,0.0,-0.5,6,6,5,6,2,0,0.0,75.70194587225512,75.70194587225512,-0.11080424004786454,0.004441725120002404,87.99680766840248
2019-08-08,2019-08-09,2019-08-13,2019,-0.10047458108820306,-0.10047458108820306,,1884,0.004887987520147086,75.96063018913915,0.25,0.75,0.0,-0.5,6,6,5,6,2,0,0.0,75.59114163220725,75.59114163220725,0.36948855693189986,-0.011089291567439319,87.0209854111637
2019-08-09,2019-08-13,2019-08-14,2019,0.05124966953812502,0.05124966953812502,,1885,0.002478931503124216,76.14893138831218,0.0,1.0,0.0,-1.0,6,6,3,6,3,0,0.0,75.96063018913915,75.96063018913915,0.18830119917302543,0.009762195288881781,87.8705012649784
2019-08-13,2019-08-14,2019-08-15,2019,-0.004636118403269628,-0.004636118403269628,,1886,0.00276656181260379,76.35960211396167,0.25,0.75,0.0,-0.5,6,6,3,6,2,0,0.0,76.14893138831218,76.14893138831218,0.21067072564949058,-0.012078355352883263,86.80917012566401
2019-08-14,2019-08-15,2019-08-16,2019,8.885506184902101e-05,8.885506184902101e-05,,1886,-0.012893517192971472,75.37505827125685,0.0,1.0,0.0,-1.0,6,6,4,6,3,0,0.0,76.35960211396167,76.35960211396167,-0.9845438427048255,0.0006449194218267618,86.86515504547071
2019-08-15,2019-08-16,2019-08-19,2019,0.05207779375422483,0.05207779375422483,,1886,-0.004176046648481324,75.06028851178408,0.25,0.75,0.0,-0.5,6,6,5,6,2,0,0.0,75.37505827125685,75.37505827125685,-0.3147697594727667,0.0070694619324043195,87.47924495231707
2019-08-16,2019-08-19,2019-08-20,2019,-0.033299931096193496,-0.033299931096193496,,1889,-0.009028808241829793,74.38258356023476,0.0,1.0,0.0,-1.0,6,6,4,6,3,0,0.0,75.06028851178408,75.06028851178408,-0.6777049515493183,0.00554681284394043,87.9644759517968
2019-08-19,2019-08-20,2019-08-21,2019,-0.013561896907330616,-0.013561896907330616,,1890,0.004343488026534126,74.70566342131131,0.0,1.0,0.0,-1.0,6,6,4,6,3,0,0.0,74.38258356023476,74.38258356023476,0.32307986107655384,-0.002836454803885724,87.71496869141203
2019-08-20,2019-08-21,2019-08-22,2019,0.019709290133659567,0.019709290133659567,,1890,-0.010773528297152562,73.90081984248427,0.0,1.0,0.0,-1.0,6,6,4,6,3,0,0.0,74.70566342131131,74.70566342131131,-0.8048435788270526,0.00045783970469326363,87.75512808677489
2019-08-21,2019-08-22,2019-08-23,2019,-0.01017904164938661,-0.01017904164938661,,1891,-0.007668414002488714,73.33411776080877,0.0,1.0,0.0,-1.0,6,6,4,6,3,0,0.0,73.90081984248427,73.90081984248427,-0.5667020816755022,0.004018807437072391,88.10779904817126
2019-08-22,2019-08-23,2019-08-26,2019,-0.07899367762274889,-0.07899367762274889,,1889,0.016668780168764413,74.55650804863397,0.0,1.0,0.0,-1.0,6,6,2,6,3,0,0.0,73.33411776080877,73.33411776080877,1.2223902878252033,-0.021721401908462723,86.19397413377587
2019-08-23,2019-08-26,2019-08-27,2019,0.026969066613308716,0.026969066613308716,,1889,0.013561491498670015,75.56760549870604,0.0,1.0,0.0,-1.0,6,6,4,6,3,0,0.0,74.55650804863397,74.55650804863397,1.0110974500720722,0.00962635679116186,87.02370808203577
2019-08-26,2019-08-27,2019-08-28,2019,0.06970142721759402,0.06970142721759402,,1889,0.04044516841189177,78.6239500295846,0.0,1.0,0.0,-1.0,6,6,3,6,3,0,0.0,75.56760549870604,75.56760549870604,3.0563445308785644,0.001140981067731195,87.12300048540114
2019-08-27,2019-08-28,2019-08-29,2019,0.06620432530003616,0.06620432530003616,,1888,-0.01538727975798151,77.41414131480182,0.25,0.75,0.0,-0.5,6,6,4,6,2,0,0.0,78.6239500295846,78.6239500295846,-1.209808714782777,-0.0009028576004592725,87.04434082223807
2019-08-28,2019-08-29,2019-08-30,2019,0.13695988346832946,0.13695988346832946,,1888,-0.001241533562214825,77.31802906016945,0.0,1.0,0.0,-1.0,6,6,5,6,3,0,0.0,77.41414131480182,77.41414131480182,-0.09611225463236776,0.011897797411945632,88.0799767551974
2019-08-29,2019-08-30,2019-09-02,2019,0.030583177263528338,0.030583177263528338,,1888,0.012220492932171957,78.26289348782872,0.25,0.75,0.0,-0.5,6,6,1,6,2,0,0.0,77.31802906016945,77.31802906016945,0.9448644276592667,-0.00406580832935266,87.72186045205694
2019-08-30,2019-09-02,2019-09-03,2019,-0.02354249845476025,-0.02354249845476025,,1890,-0.0003893110549219147,78.23242487820373,0.0,1.0,0.0,-1.0,6,6,5,6,3,0,0.0,78.26289348782872,78.26289348782872,-0.030468609624988048,0.00024102590713281913,87.74300369304778
2019-09-02,2019-09-03,2019-09-04,2019,-0.04675918227824533,-0.04675918227824533,,1888,0.009280957516348583,78.95849668989928,0.0,1.0,0.0,-1.0,6,6,4,6,3,0,0.0,78.23242487820373,78.23242487820373,0.7260718116955408,0.0011626576472618666,87.84501876728524
2019-09-03,2019-09-04,2019-09-05,2019,0.014951408676283156,0.014951408676283156,,1888,0.002395567121202716,79.14764706850919,0.35,0.65,0.0,-0.30000000000000004,6,6,5,6,2,0,0.0,78.95849668989928,78.95849668989928,0.1891503786099162,0.021153423338695854,89.7032416374653
2019-09-04,2019-09-05,2019-09-06,2019,0.056175540329952874,0.056175540329952874,,1889,-0.016260672656536045,77.86065308799311,0.0,1.0000000000000002,-2.220446049250313e-16,-1.0000000000000002,6,6,5,6,3,0,0.0,79.14764706850919,79.14764706850919,-1.2869939805160726,0.005388898953520682,90.18664334245285
2019-09-05,2019-09-06,2019-09-09,2019,-0.026161585206464277,-0.026161585206464277,,1889,0.0007166802834832118,77.9164542829204,0.0,1.0,0.0,-1.0,6,6,5,6,3,0,0.0,77.86065308799311,77.86065308799311,0.055801194927290916,0.005606245787060704,90.69225183174062
2019-09-06,2019-09-09,2019-09-10,2019,-0.05278565775701871,-0.05278565775701871,,1890,-0.0016433555638427318,77.78840984425966,0.0,1.0,0.0,-1.0,6,6,5,6,3,0,0.0,77.9164542829204,77.9164542829204,-0.1280444386607351,0.0034561660760976665,91.00569931588639
2019-09-09,2019-09-10,2019-09-11,2019,-0.018128888575713317,-0.018128888575713317,,1889,0.001809338340610368,77.929155396646,0.0,1.0,0.0,-1.0,6,6,6,6,3,0,0.0,77.78840984425966,77.78840984425966,0.140745552386332,0.00961382940431288,91.8806125839295
2019-09-10,2019-09-11,2019-09-12,2019,-0.010802621904930882,-0.010802621904930882,,1889,0.03110174154145687,80.35288784633651,0.35,0.65,0.0,-0.30000000000000004,6,6,4,6,2,0,0.0,77.929155396646,77.929155396646,2.4237324496905126,0.007493832693761027,92.56915052243374
2019-09-11,2019-09-12,2019-09-13,2019,-0.13090092208450793,-0.13090092208450793,,1890,0.009625253802613157,81.12630478563041,0.0,1.0,0.0,-1.0,6,6,3,6,3,0,0.0,80.35288784633651,80.35288784633651,0.773416939293899,0.010509379533916396,93.54199485840624
2019-09-12,2019-09-13,2019-09-17,2019,0.024633593977269764,0.024633593977269764,,1891,-0.0007281493565533425,81.0672327190012,0.0,1.0000000000000002,-2.220446049250313e-16,-1.0000000000000002,6,6,4,6,3,0,0.0,81.12630478563041,81.12630478563041,-0.05907206662920714,0.0005925881457811144,93.59742673569204
2019-09-13,2019-09-17,2019-09-18,2019,0.12906517285241687,0.12906517285241687,,1891,0.0016746098247000572,81.20298870337368,0.25,0.75,0.0,-0.5,6,6,6,6,2,0,0.0,81.0672327190012,81.0672327190012,0.13575598437248534,-0.0018457983430085756,93.42466476051344
2019-09-17,2019-09-18,2019-09-19,2019,-0.018505052344146573,-0.018505052344146573,,1891,-0.013825192745495618,80.08034173303923,0.0,1.0,0.0,-1.0,6,6,2,6,3,0,0.0,81.20298870337368,81.20298870337368,-1.1226469703344444,0.0038131736177928754,93.78090922742938
2019-09-18,2019-09-19,2019-09-20,2019,-0.039404737149129815,-0.039404737149129815,,1891,0.0033158203609489284,80.34587376066939,0.25,0.75,0.0,-0.5,6,6,3,6,2,0,0.0,80.08034173303923,80.08034173303923,0.2655320276301597,0.0015713705717312898,93.92827378837956
2019-09-19,2019-09-20,2019-09-24,2019,0.10598744020083323,0.10598744020083323,,1890,0.0018031458328300499,80.49074908812604,0.0,1.0,0.0,-1.0,6,6,5,6,3,0,0.0,80.34587376066939,80.34587376066939,0.14487532745664025,0.0008945115038707652,94.01229370982198
2019-09-20,2019-09-24,2019-09-25,2019,-0.007385592500610633,-0.007385592500610633,,1890,0.018980763259383998,82.01852494113824,0.0,0.9999999999999998,2.220446049250313e-16,-0.9999999999999998,6,6,3,6,3,0,0.0,80.49074908812604,80.49074908812604,1.5277758530121988,-0.003560820386952379,93.67753281775589
2019-09-24,2019-09-25,2019-09-26,2019,0.019364036951944903,0.019364036951944903,,1891,-0.052822258621365845,77.68612120495449,0.0,1.0,0.0,-1.0,6,6,4,6,3,0,0.0,82.01852494113824,82.01852494113824,-4.332403736183749,0.0012756498025672247,93.79703254399985
2019-09-25,2019-09-26,2019-09-27,2019,0.023549313612334262,0.023549313612334262,,1890,0.005228809053308231,78.09232709882735,0.0,1.0,0.0,-1.0,6,6,3,6,3,0,0.0,77.68612120495449,77.68612120495449,0.4062058938728666,-0.007680431635359586,93.07663084794606
2019-09-26,2019-09-27,2019-09-30,2019,0.10506986598907297,0.10506986598907297,,1890,0.0035510456964791266,78.36963652089969,0.0,1.0,0.0,-1.0,6,6,5,6,3,0,0.0,78.09232709882735,78.09232709882735,0.27730942207233117,-0.005624597214668126,92.55311228932801
2019-09-27,2019-09-30,2019-10-01,2019,-0.0688203840808153,-0.0688203840808153,,1890,0.00166920764304871,78.50045171716333,0.0,0.9999999999999998,2.220446049250313e-16,-0.9999999999999998,6,6,5,6,3,0,0.0,78.36963652089969,78.36963652089969,0.13081519626363508,0.0059478282612852595,93.10360230627238
2019-09-30,2019-10-01,2019-10-02,2019,0.01176778552570581,0.01176778552570581,,1890,0.012727667046633438,79.49957932962971,0.0,1.0,0.0,-1.0,6,6,3,6,3,0,0.0,78.50045171716333,78.50045171716333,0.999127612466379,-0.004872233523598557,92.64997981394797
2019-10-01,2019-10-02,2019-10-03,2019,0.018974154831366007,0.018974154831366007,,1891,0.007409052102196617,80.08859585498566,0.0,1.0,0.0,-1.0,6,6,4,6,3,0,0.0,79.49957932962971,79.49957932962971,0.5890165253559397,-0.02005959057993134,90.79145915164128
2019-10-02,2019-10-03,2019-10-04,2019,0.023004391582965408,0.023004391582965408,,1891,0.0029689245570511356,80.32637285395927,0.0,1.0,0.0,-1.0,6,6,6,6,3,0,0.0,80.08859585498566,80.08859585498566,0.2377769989736107,0.0032077984269323068,91.0826998514868
2019-10-03,2019-10-04,2019-10-07,2019,-0.01131866981695184,-0.01131866981695184,,1892,-0.003872395369215601,80.01531737969371,0.15,0.85,0.0,-0.7,6,6,4,6,2,0,0.0,80.32637285395927,80.32637285395927,-0.31105547426555763,-0.001632399510513749,90.93401649683295
2019-10-04,2019-10-07,2019-10-08,2019,0.013784018109882347,0.013784018109882347,,1891,-0.010197977637706078,79.19932296238164,0.0,0.9999999999999998,2.220446049250313e-16,-0.9999999999999998,6,6,1,6,3,0,0.0,80.01531737969371,80.01531737969371,-0.815994417312071,0.009942807686459831,91.83815593501834
2019-10-07,2019-10-08,2019-10-09,2019,0.0568004663143502,0.0568004663143502,,1890,0.014854660740049194,80.37580203582941,0.0,0.9999999999999998,2.220446049250313e-16,-0.9999999999999998,6,6,4,6,3,0,0.0,79.19932296238164,79.19932296238164,1.1764790734477673,-0.006086776870988908,91.2791575715988
2019-10-08,2019-10-09,2019-10-10,2019,0.04295032125491821,0.04295032125491821,,1889,0.01707025558470416,81.7478375194066,0.0,1.0000000000000002,-2.220446049250313e-16,-1.0000000000000002,6,6,5,6,3,0,0.0,80.37580203582941,80.37580203582941,1.3720354835771928,0.00445555121600183,91.68585653311257
2019-10-09,2019-10-10,2019-10-11,2019,0.03515494874966509,0.03515494874966509,,1887,-0.009147712410290929,81.00003181161588,0.0,1.0,0.0,-1.0,6,6,5,6,3,0,0.0,81.7478375194066,81.7478375194066,-0.7478057077907222,0.01145555999959158,92.73616936374158
2019-10-10,2019-10-11,2019-10-15,2019,0.0511693363148699,0.0511693363148699,,1887,-0.02565713164188744,78.92180333242818,0.0,1.0,0.0,-1.0,6,6,1,6,3,0,0.0,81.00003181161588,81.00003181161588,-2.078228479187699,0.018732163639674893,94.47331846357979
2019-10-11,2019-10-15,2019-10-16,2019,0.03733294005196825,0.03733294005196825,,1888,0.005359107197222162,79.34475373668475,0.25,0.75,0.0,-0.5,6,6,5,6,2,0,0.0,78.92180333242818,78.92180333242818,0.42295040425656794,0.011965032978028312,95.60369483454029
2019-10-15,2019-10-16,2019-10-17,2019,-0.024970241554332726,-0.024970241554332726,,1888,-0.0025112902446004677,79.14549603066558,0.0,1.0,0.0,-1.0,6,6,4,6,3,0,0.0,79.34475373668475,79.34475373668475,-0.19925770601916293,-0.0009371278854727327,95.51410194615663
2019-10-16,2019-10-17,2019-10-18,2019,-0.028345291421958168,-0.028345291421958168,,1888,-0.025733669510432506,77.10879199257319,0.25,0.75,0.0,-0.5,6,6,5,6,2,0,0.0,79.14549603066558,79.14549603066558,-2.0367040380923958,0.0018181121742251172,95.68775729771511
2019-10-17,2019-10-18,2019-10-21,2019,-0.012766650920363927,-0.012766650920363927,,1889,-0.029250200580321673,74.85334436028413,0.0,1.0,0.0,-1.0,6,6,4,6,3,0,0.0,77.10879199257319,77.10879199257319,-2.2554476322890675,0.0024994798307715893,95.92692691713252
2019-10-18,2019-10-21,2019-10-23,2019,0.07684966313293612,0.07684966313293612,,1890,0.03423142692867791,77.41568114812036,0.0,1.0,0.0,-1.0,6,6,4,6,3,0,0.0,74.85334436028413,74.85334436028413,2.5623367878362306,0.0033917397300977647,96.25228608634355
2019-10-21,2019-10-23,2019-10-24,2019,0.011552286510630212,0.011552286510630212,,1889,-0.009617412129438584,76.67114263723768,0.0,1.0,0.0,-1.0,6,6,5,6,3,0,0.0,77.41568114812036,77.41568114812036,-0.7445385108826826,0.005534492680343783,96.78499365915476
2019-10-23,2019-10-24,2019-10-25,2019,0.04452561621691492,0.04452561621691492,,1889,0.001518095953473503,76.78753678862346,0.0,1.0000000000000002,-2.220446049250313e-16,-1.0000000000000002,6,6,6,6,3,0,0.0,76.67114263723768,76.67114263723768,0.11639415138578028,0.002163019876398886,96.99434152417665
2019-10-24,2019-10-25,2019-10-28,2019,-0.05037769876392521,-0.05037769876392521,,1888,0.003234946126473491,77.03594033331926,0.0,1.0,0.0,-1.0,6,6,2,6,3,0,0.0,76.78753678862346,76.78753678862346,0.24840354469579812,0.0029587965864628085,97.2813280507846
2019-10-25,2019-10-28,2019-10-29,2019,0.06259916329035786,0.06259916329035786,,1888,0.005320440261883387,77.4458054518807,0.0,1.0,0.0,-1.0,6,6,4,6,3,0,0.0,77.03594033331926,77.03594033331926,0.40986511856143804,0.004673054544770849,97.73592900295365
2019-10-28,2019-10-29,2019-10-30,2019,0.021659897527946614,0.021659897527946614,,1887,0.006723922540219923,77.9665450488041,0.0,1.0,0.0,-1.0,6,6,5,6,3,0,0.0,77.4458054518807,77.4458054518807,0.5207395969233877,-0.005702501030506957,97.17858976709675
2019-10-29,2019-10-30,2019-10-31,2019,0.038996324811452474,0.038996324811452474,,1889,0.00361337848383103,78.24826768514208,0.0,1.0,0.0,-1.0,6,6,3,6,3,0,0.0,77.9665450488041,77.9665450488041,0.28172263633799144,0.00367375384798585,97.53559998519546
2019-10-30,2019-10-31,2019-11-01,2019,0.03268608309885313,0.03268608309885313,,1891,0.016906911533781824,79.57120422456646,0.0,1.0,0.0,-1.0,6,6,3,6,3,0,0.0,78.24826768514208,78.24826768514208,1.3229365394243764,-0.0033266396359931116,97.21113419236434
2019-10-31,2019-11-01,2019-11-05,2019,0.024209211203410526,0.024209211203410526,,1891,-0.002746776224944065,79.35263993261225,0.0,1.0,0.0,-1.0,6,6,3,6,3,0,0.0,79.57120422456646,79.57120422456646,-0.2185642919542079,0.01755827046528413,98.91799357875091
2019-11-01,2019-11-05,2019-11-06,2019,0.15694093383154567,0.15694093383154567,,1890,-0.002508689392138913,79.15356880657508,0.4,0.6,0.0,-0.19999999999999996,6,6,5,6,1,0,0.0,79.35263993261225,79.35263993261225,-0.19907112603716307,0.00222905652376415,99.13848737765528
2019-11-05,2019-11-06,2019-11-07,2019,-0.03200016921664491,-0.03200016921664491,,1890,0.009935183919481727,79.93997407055176,0.0,1.0,0.0,-1.0,6,6,5,6,3,0,0.0,79.15356880657508,79.15356880657508,0.7864052639766752,0.001137152621329962,99.25122296845147
2019-11-06,2019-11-07,2019-11-08,2019,0.084746140275645,0.084746140275645,,1890,0.0055685268704921695,80.38512196419008,0.0,1.0,0.0,-1.0,6,6,4,6,3,0,0.0,79.93997407055176,79.93997407055176,0.44514789363831475,0.0026381978472647116,99.51306733122523
2019-11-07,2019-11-08,2019-11-11,2019,-0.011611390007436051,-0.011611390007436051,,1889,0.0007120552248720935,80.44236061028666,0.0,1.0,0.0,-1.0,6,6,5,6,3,0,0.0,80.38512196419008,80.38512196419008,0.057238646096582024,-0.0025662762318702237,99.2576893117726
2019-11-08,2019-11-11,2019-11-12,2019,-0.05437475726489844,-0.05437475726489844,,1889,-0.00021240168526893112,80.42527451732602,0.25,0.75,0.0,-0.5,6,6,4,6,2,0,0.0,80.44236061028666,80.44236061028666,-0.017086092960635967,0.008064944727891099,100.05819708989023
2019-11-11,2019-11-12,2019-11-13,2019,0.03437499039740671,0.03437499039740671,,1889,0.0029008533875417913,80.65857644735358,0.0,1.0,0.0,-1.0,6,6,6,6,3,0,0.0,80.42527451732602,80.42527451732602,0.23330193002756366,-0.008509350123575565,99.20676685811863
2019-11-12,2019-11-13,2019-11-14,2019,-0.055507765911288205,-0.055507765911288205,,1890,1.2073286121017244e-05,80.65955026142514,0.0,1.0,0.0,-1.0,6,6,5,6,3,0,0.0,80.65857644735358,80.65857644735358,0.0009738140715628424,-0.007646697858950335,98.44816268639126
2019-11-13,2019-11-14,2019-11-15,2019,0.020331791338385627,0.020331791338385627,,1890,0.0005818407357162136,80.70648127349179,0.15,0.8499999999999999,1.1102230246251565e-16,-0.6999999999999998,6,6,5,6,2,0,0.0,80.65955026142514,80.65955026142514,0.04693101206664651,0.006990456559737845,99.13636029103648
2019-11-14,2019-11-15,2019-11-18,2019,-0.024074379421318817,-0.024074379421318817,,1890,-0.006195560226854411,80.20645940806438,0.0,0.9999999999999998,2.220446049250313e-16,-0.9999999999999998,6,6,2,6,3,0,0.0,80.70648127349179,80.70648127349179,-0.5000218654274161,0.004867975893563692,99.61895370310889
2019-11-15,2019-11-18,2019-11-19,2019,-0.0036185293187072066,-0.0036185293187072066,,1890,0.0032571675855904425,80.4677052878033,0.25,0.75,0.0,-0.5,6,6,5,6,2,0,0.0,80.20645940806438,80.20645940806438,0.2612458797389229,-0.005300050049622418,99.09096826259139
2019-11-18,2019-11-19,2019-11-20,2019,-0.02926180026922506,-0.02926180026922506,,1890,-0.0051380842162380425,80.05425544134714,0.0,1.0,0.0,-1.0,6,6,3,6,3,0,0.0,80.4677052878033,80.4677052878033,-0.41344984645615657,-0.006185642251955059,98.47802698251917
2019-11-19,2019-11-20,2019-11-21,2019,-0.022168044881523245,-0.022168044881523245,,1892,-0.01011824353812244,79.24424698852853,0.0,0.9999999999999998,2.220446049250313e-16,-0.9999999999999998,6,6,4,6,3,0,0.0,80.05425544134714,80.05425544134714,-0.8100084528186139,-0.004751481409002722,98.01011046811647
2019-11-20,2019-11-21,2019-11-22,2019,-0.03766523237836503,-0.03766523237836503,,1891,0.00027234455669588226,79.26582872784532,0.0,1.0,0.0,-1.0,6,6,4,6,3,0,0.0,79.24424698852853,79.24424698852853,0.021581739316789805,0.003225025153460015,98.32619553966954
2019-11-21,2019-11-22,2019-11-25,2019,0.133931212315875,0.133931212315875,,1891,-0.007669322274979001,78.65791354193819,0.0,1.0000000000000002,-2.220446049250313e-16,-1.0000000000000002,6,6,2,6,3,0,0.0,79.26582872784532,79.26582872784532,-0.6079151859071344,0.007784836852871679,99.09164893030942
2019-11-22,2019-11-25,2019-11-26,2019,-0.00042454609677192634,-0.00042454609677192634,,1891,-0.00013847248454838538,78.64702158522064,0.0,1.0000000000000002,-2.220446049250313e-16,-1.0000000000000002,6,6,5,6,3,0,0.0,78.65791354193819,78.65791354193819,-0.010891956717544268,0.0034564314052274447,99.4341524176679
2019-11-25,2019-11-26,2019-11-27,2019,0.035406531664387425,0.035406531664387425,,1891,-0.002121266307577963,78.48019030814055,0.0,1.0,0.0,-1.0,6,6,4,6,3,0,0.0,78.64702158522064,78.64702158522064,-0.16683127708008533,0.002757417431498821,99.7083338828307
2019-11-26,2019-11-27,2019-11-28,2019,-0.005357043156844422,-0.005357043156844422,,1892,0.0053078445493519415,78.89675095849972,0.25,0.75,0.0,-0.5,6,6,3,6,2,0,0.0,78.48019030814055,78.48019030814055,0.4165606503591669,-0.0012215325946112188,99.58653690303845
2019-11-27,2019-11-28,2019-11-29,2019,-0.011890893134420107,-0.011890893134420107,,1891,-0.0014803423287460037,78.77995675845533,0.0,1.0,0.0,-1.0,6,6,5,6,3,0,0.0,78.89675095849972,78.89675095849972,-0.11679420004439899,-0.0049224362791627785,99.09632852087074
2019-11-28,2019-11-29,2019-12-02,2019,0.04596673035539975,0.04596673035539975,,1894,-0.0348635879799817,76.03340480494776,0.0,0.9999999999999998,2.220446049250313e-16,-0.9999999999999998,6,6,3,6,3,0,0.0,78.77995675845533,78.77995675845533,-2.7465519535075615,0.010113802277075923,100.098569193915
2019-11-29,2019-12-02,2019-12-03,2019,0.03146673156615126,0.03146673156615126,,1895,0.0014366028879457338,76.1426346138709,0.0,0.9999999999999998,2.220446049250313e-16,-0.9999999999999998,6,6,6,6,3,0,0.0,76.03340480494776,76.03340480494776,0.109229808923135,-0.006361801143245693,99.46176200197989
2019-12-02,2019-12-03,2019-12-04,2019,0.005608708608793732,0.005608708608793732,,1895,0.0018538401450944651,76.28379088667135,0.0,1.0000000000000002,-2.220446049250313e-16,-1.0000000000000002,6,6,6,6,3,0,0.0,76.1426346138709,76.1426346138709,0.14115627280045326,-0.010461162858038664,98.42127631152971
2019-12-03,2019-12-04,2019-12-05,2019,0.0534991003453395,0.0534991003453395,,1895,0.0018736925689477324,76.42672325878688,0.0,1.0,0.0,-1.0,6,6,6,6,3,0,0.0,76.28379088667135,76.28379088667135,0.14293237211551887,0.0071259287242875224,99.12261931147907
2019-12-04,2019-12-05,2019-12-06,2019,-0.0008981234854794312,-0.0008981234854794312,,1895,-0.00012969654154593494,76.41681097709852,0.0,1.0,0.0,-1.0,6,6,3,6,3,0,0.0,76.42672325878688,76.42672325878688,-0.009912281688352925,0.002330892284107211,99.3536634600127
2019-12-05,2019-12-06,2019-12-09,2019,-0.028472064042601306,-0.028472064042601306,,1895,-0.0018163667413447493,76.27801002316009,0.0,1.0,0.0,-1.0,6,6,3,6,3,0,0.0,76.41681097709852,76.41681097709852,-0.13880095393843012,0.0032670503202822943,99.67825687804095
2019-12-06,2019-12-09,2019-12-10,2019,0.02891064086968126,0.02891064086968126,,1897,0.0020267689554069267,76.43260792585525,0.0,0.9999999999999998,2.220446049250313e-16,-0.9999999999999998,6,6,4,6,3,0,0.0,76.27801002316009,76.27801002316009,0.15459790269515927,-0.0008753473007636625,99.59100378493793
2019-12-09,2019-12-10,2019-12-11,2019,0.020720938495373476,0.020720938495373476,,1898,-0.008825153163240113,75.7580784542437,0.0,1.0,0.0,-1.0,6,6,4,6,3,0,0.0,76.43260792585525,76.43260792585525,-0.6745294716115527,-0.0007829923635818137,99.51302478949287
2019-12-10,2019-12-11,2019-12-12,2019,-0.008614199950260948,-0.008614199950260948,,1897,0.001622042796349222,75.88096129966567,0.0,1.0,0.0,-1.0,6,6,4,6,3,0,0.0,75.7580784542437,75.7580784542437,0.1228828454219652,0.001408609661651461,99.65319979767152
2019-12-11,2019-12-12,2019-12-13,2019,-0.3272907970428097,-0.3272907970428097,,1897,0.0016677314560909207,76.00751036574354,0.0,1.0,0.0,-1.0,6,6,6,6,3,0,0.0,75.88096129966567,75.88096129966567,0.12654906607787023,0.025540868848028975,102.19842910399028
2019-12-12,2019-12-13,2019-12-16,2019,0.07182374733765282,0.07182374733765282,,1897,0.0236025852613604,77.80148410965474,0.15,0.85,0.0,-0.7,6,6,3,6,2,0,0.0,76.00751036574354,76.00751036574354,1.7939737439111965,-0.0029450820252173715,101.89744634743067
2019-12-13,2019-12-16,2019-12-17,2019,0.05499981684392646,0.05499981684392646,,1899,0.002875128333143006,78.02517336097898,0.4,0.6,0.0,-0.19999999999999996,6,6,2,6,1,0,0.0,77.80148410965474,77.80148410965474,0.2236892513242437,0.004749847092247794,102.38144363667149
2019-12-16,2019-12-17,2019-12-18,2019,0.0037785269933605036,0.0037785269933605036,,1900,-0.002858409269085297,77.80214548222197,0.0,1.0,0.0,-1.0,6,6,3,6,3,0,0.0,78.02517336097898,78.02517336097898,-0.22302787875700952,-0.005472007951427105,101.82121156301305
2019-12-17,2019-12-18,2019-12-19,2019,0.024336530170089608,0.024336530170089608,,1901,-0.001330707657015978,77.69861357149651,0.25,0.75,0.0,-0.5,6,6,5,6,2,0,0.0,77.80214548222197,77.80214548222197,-0.10353191072546386,-0.00290710913107195,101.5252061891414
2019-12-18,2019-12-19,2019-12-20,2019,0.04682950208384332,0.04682950208384332,,1901,0.03865492885798176,80.70204795146653,0.4,0.6,0.0,-0.19999999999999996,6,6,3,6,1,0,0.0,77.69861357149651,77.69861357149651,3.0034343799700136,-0.0020205448599088793,101.32006995562475
2019-12-19,2019-12-20,2019-12-23,2019,0.02708705718576086,0.02708705718576086,,1899,-0.006476606033355548,80.1793725807999,0.0,1.0,0.0,-1.0,6,6,5,6,3,0,0.0,80.70204795146653,80.70204795146653,-0.5226753706666168,0.00018810385852230382,101.33912865172915
2019-12-20,2019-12-23,2019-12-24,2019,0.020330693996796243,0.020330693996796243,,1899,-0.004125126813692303,79.84862250106183,0.25,0.75,0.0,-0.5,6,6,4,6,2,0,0.0,80.1793725807999,80.1793725807999,-0.3307500797380832,0.0003975465458998517,101.37941567228917
2019-12-23,2019-12-24,2019-12-25,2019,0.023276079716134986,0.023276079716134986,,1901,0.01967148676248533,81.41936362159416,0.0,1.0,0.0,-1.0,6,6,5,6,3,0,0.0,79.84862250106183,79.84862250106183,1.570741120532326,-0.002002049467533018,101.17644906712364
2019-12-24,2019-12-25,2019-12-26,2019,-0.12397383196989004,-0.12397383196989004,,1903,0.0062298791046013074,81.92659641373027,0.15,0.8500000000000001,-1.1102230246251565e-16,-0.7000000000000001,6,6,3,6,2,0,0.0,81.41936362159416,81.41936362159416,0.5072327921361053,0.005972786295346255,101.78075437552356
2019-12-25,2019-12-26,2019-12-27,2019,0.022250997917905073,0.022250997917905073,,1904,-0.015758611271194923,80.63554702807421,0.0,1.0,0.0,-1.0,6,6,3,6,3,0,0.0,81.92659641373027,81.92659641373027,-1.2910493856560472,-0.003644735280201483,101.40979046920557
2019-12-26,2019-12-27,2019-12-30,2019,0.0472865498180905,0.0472865498180905,,1904,0.001533560703344028,80.75920653428912,0.0,1.0,0.0,-1.0,6,6,6,6,3,0,0.0,80.63554702807421,80.63554702807421,0.12365950621490394,-0.007597203088214877,100.6393596958777
2019-12-27,2019-12-30,2020-01-06,2019,0.014016459813346042,0.014016459813346042,,1904,0.011248554929183729,81.66763090502737,0.4,0.6,0.0,-0.19999999999999996,6,6,5,6,1,0,0.0,80.75920653428912,80.75920653428912,0.9084243707382447,-0.01909655732729354,98.71749439406325
2019-12-30,2020-01-06,2020-01-07,2020,0.02549167746651973,0.02549167746651973,,1905,0.012389524345724738,82.67945400638287,1.0,0.0,0.0,1.0,6,6,1,6,3,0,0.0,81.66763090502737,81.66763090502737,1.0118231013554986,0.015981996874792737,100.29519708095653
2020-01-06,2020-01-07,2020-01-08,2020,-0.02070025949277884,-0.02070025949277884,,1906,-0.0020638378357928054,82.5088170209618,0.43999999999999995,0.5599999999999999,1.1102230246251565e-16,-0.12,6,6,0,6,1,0,0.0,82.67945400638287,82.67945400638287,-0.170636985421064,-0.015734832276596555,98.71706897673948
2020-01-07,2020-01-08,2020-01-09,2020,-0.025538414071038854,-0.025538414071038854,,1907,-0.04962747305874445,78.41411292714514,0.65,0.35,0.0,0.30000000000000004,6,6,2,6,2,0,0.0,82.5088170209618,82.5088170209618,-4.094704093816658,0.023060354858227328,100.99351961790721
2020-01-08,2020-01-09,2020-01-10,2020,-0.021740242915124972,-0.021740242915124972,,1907,-0.01427655189172634,77.29462977489706,0.6499999999999999,0.35,1.1102230246251565e-16,0.29999999999999993,6,6,3,6,2,0,0.0,78.41411292714514,78.41411292714514,-1.1194831522480768,0.004663041541508095,101.46445659530863
2020-01-09,2020-01-10,2020-01-14,2020,-0.023819703043248795,-0.023819703043248795,,1906,-0.0033973715366581595,77.0320311997633,0.65,0.35,0.0,0.30000000000000004,6,6,4,6,2,0,0.0,77.29462977489706,77.29462977489706,-0.26259857513376555,0.007320579759728885,102.20723524259215
2020-01-10,2020-01-14,2020-01-15,2020,0.026389620524295193,0.026389620524295193,,1907,0.008806876243512264,77.710442765326,0.75,0.25,0.0,0.5,6,6,5,6,2,0,0.0,77.0320311997633,77.0320311997633,0.6784115655626909,-0.004519843147831937,101.74527457072206
2020-01-14,2020-01-15,2020-01-16,2020,-0.014542685148478356,-0.014542685148478356,,1905,-0.004343693946806066,77.37289238548263,1.0000000000000002,0.0,-2.220446049250313e-16,1.0000000000000002,6,6,3,6,3,0,0.0,77.710442765326,77.710442765326,-0.3375503798433657,0.000691988570272084,101.81568113780419
2020-01-15,2020-01-16,2020-01-17,2020,-0.07235551433514881,-0.07235551433514881,,1906,-0.0005548183829587982,77.32996448244447,0.65,0.35,0.0,0.30000000000000004,6,6,4,6,2,0,0.0,77.37289238548263,77.37289238548263,-0.042927903038158584,0.004518004957980715,102.27568488998497
2020-01-16,2020-01-17,2020-01-20,2020,-0.10554479341978956,-0.10554479341978956,,1907,0.0014800732052554632,77.44441849083829,0.6499999999999999,0.35,1.1102230246251565e-16,0.29999999999999993,6,6,6,6,2,0,0.0,77.32996448244447,77.32996448244447,0.1144540083938227,0.0017573954110559065,102.45542370927323
2020-01-17,2020-01-20,2020-01-21,2020,-0.0946444941001853,-0.0946444941001853,,1908,0.005532241968964743,77.87285975307537,1.0,0.0,0.0,1.0,6,6,4,6,3,0,0.0,77.44441849083829,77.44441849083829,0.4284412622370848,-0.009091282790589794,101.52397247890252
2020-01-20,2020-01-21,2020-01-22,2020,0.005590783970399434,0.005590783970399434,,1910,-0.000692599340604083,77.81892506175944,1.0,0.0,0.0,1.0,6,6,5,6,3,0,0.0,77.87285975307537,77.87285975307537,-0.053934691315934244,0.006989024729556981,102.23352603320043
2020-01-21,2020-01-22,2020-01-23,2020,0.12513769280158368,0.12513769280158368,,1910,-0.00018976021175121777,77.80415812606147,0.6500000000000001,0.35,-1.1102230246251565e-16,0.30000000000000016,6,6,4,6,2,0,0.0,77.81892506175944,77.81892506175944,-0.01476693569797162,-0.009816760190334728,101.22992402472018
2020-01-22,2020-01-23,2020-01-24,2020,-0.03492636727601986,-0.03492636727601986,,1909,-0.017484691396310176,76.44377643187757,0.75,0.25,0.0,0.5,6,6,4,6,2,0,0.0,77.80415812606147,77.80415812606147,-1.3603816941839033,0.001333869010196942,101.36495148328133
2020-01-23,2020-01-24,2020-01-27,2020,0.06463741373676704,0.06463741373676704,,1909,-0.026905225511856385,74.38703938799996,0.65,0.35,0.0,0.30000000000000004,6,6,1,6,2,0,0.0,76.44377643187757,76.44377643187757,-2.056737043877598,-0.02029908700903771,99.30733551345531
2020-01-24,2020-01-27,2020-01-28,2020,0.029357505474313494,0.029357505474313494,,1908,-0.009227190590566684,73.7006559980989,1.0,0.0,0.0,1.0,6,6,4,6,3,0,0.0,74.38703938799996,74.38703938799996,-0.6863833899010665,-0.005474755081819271,98.7636521736911
2020-01-27,2020-01-28,2020-01-29,2020,0.001055863089671521,0.001055863089671521,,1908,-0.07683454612742577,68.03789954519142,0.3,0.7,0.0,-0.39999999999999997,6,6,4,6,0,0,0.0,73.7006559980989,73.7006559980989,-5.662756452907468,0.007050828942987364,99.46001779095249
2020-01-28,2020-01-29,2020-01-30,2020,0.02212544093672496,0.02212544093672496,,1911,-0.0002577731266909512,68.02036120309218,0.65,0.35,0.0,0.30000000000000004,6,6,5,6,2,0,0.0,68.03789954519142,68.03789954519142,-0.017538342099248837,-0.0171796538833332,97.75132911007377
2020-01-29,2020-01-30,2020-01-31,2020,-0.024846331100936477,-0.024846331100936477,,1910,0.017177665100630537,69.18879218786282,1.0,0.0,0.0,1.0,6,6,2,6,3,0,0.0,68.02036120309218,68.02036120309218,1.1684309847706398,0.009897835949995049,98.71885572949925
2020-01-30,2020-01-31,2020-02-03,2020,0.0015777640795949322,0.0015777640795949322,,1910,0.008678996854706595,69.78928149764222,0.6499999999999999,0.35,1.1102230246251565e-16,0.29999999999999993,6,6,4,6,2,0,0.0,69.18879218786282,69.18879218786282,0.6004893097794096,-0.010051204084605359,97.72661236356335
2020-01-31,2020-02-03,2020-02-04,2020,-0.0032979760635086074,-0.0032979760635086074,,1909,0.007014427292773307,70.27881333852233,1.0000000000000002,0.0,-2.220446049250313e-16,1.0000000000000002,6,6,4,6,3,0,0.0,69.78928149764222,69.78928149764222,0.48953184088010077,0.004903808733611514,98.20584497877806
2020-02-03,2020-02-04,2020-02-05,2020,0.0679164591470901,0.0679164591470901,,1907,0.008665319604866458,70.88780171755137,1.0,0.0,0.0,1.0,6,6,4,6,3,0,0.0,70.27881333852233,70.27881333852233,0.6089883790290479,0.010178651645968095,99.20544806441498
2020-02-04,2020-02-05,2020-02-06,2020,-0.06508976225065104,-0.06508976225065104,,1908,0.002998366765819158,71.10034934632326,0.85,0.15000000000000002,0.0,0.7,6,6,1,6,2,0,0.0,70.88780171755137,70.88780171755137,0.21254762877188424,0.023758166963699034,101.56238766323793
2020-02-05,2020-02-06,2020-02-07,2020,0.02888402320974764,0.02888402320974764,,1909,0.003540338524870428,71.35206865224579,1.0000000000000002,0.0,-2.220446049250313e-16,1.0000000000000002,6,6,4,6,3,0,0.0,71.10034934632326,71.10034934632326,0.25171930592253416,-0.0019104793204541837,101.36835482187136
2020-02-06,2020-02-07,2020-02-10,2020,0.06889059447190694,0.06889059447190694,,1908,-0.0031969094224344897,71.12396255166124,0.9999999999999998,0.0,2.220446049250313e-16,0.9999999999999998,6,6,5,6,3,0,0.0,71.35206865224579,71.35206865224579,-0.22810610058455716,-0.005959380526591063,100.76426222213333
2020-02-07,2020-02-10,2020-02-12,2020,-0.09929849625671268,-0.09929849625671268,,1907,-0.004750683274817775,70.78607513232829,0.75,0.25,0.0,0.5,6,6,4,6,2,0,0.0,71.12396255166124,71.12396255166124,-0.33788741933294275,0.007398047283667442,101.50972099855653
2020-02-10,2020-02-12,2020-02-13,2020,-0.07969469608774604,-0.07969469608774604,,1907,0.014642201392647112,71.82253910021089,1.0,0.0,0.0,1.0,6,6,5,6,3,0,0.0,70.78607513232829,70.78607513232829,1.0364639678826004,-0.0014031140918671081,101.36729127856196
2020-02-12,2020-02-13,2020-02-14,2020,0.02559003860483215,0.02559003860483215,,1908,-0.0022994931034777677,71.65738366687569,1.0,0.0,0.0,1.0,6,6,4,6,3,0,0.0,71.82253910021089,71.82253910021089,-0.16515543333519725,-0.005881382741872554,100.77111144104587
2020-02-13,2020-02-14,2020-02-17,2020,0.07866795326028028,0.07866795326028028,,1911,-0.0005164264230238352,71.62037790054536,0.75,0.25,0.0,0.5,6,6,2,6,2,0,0.0,71.65738366687569,71.65738366687569,-0.0370057663303312,-0.0069382322135767005,100.07193806944767
2020-02-14,2020-02-17,2020-02-18,2020,0.0871816221115653,0.0871816221115653,,1914,0.014015277894356973,72.62415739972037,0.75,0.25,0.0,0.5,6,6,4,6,2,0,0.0,71.62037790054536,71.62037790054536,1.0037794991750062,-0.014004873478313473,98.67044323805544
2020-02-17,2020-02-18,2020-02-19,2020,-0.054248272684163656,-0.054248272684163656,,1916,-0.022913255732446538,70.96010150886713,0.7000000000000001,0.30000000000000004,-1.1102230246251565e-16,0.4,6,6,3,6,0,0,0.0,72.62415739972037,72.62415739972037,-1.6640558908532426,0.008920487371625319,99.55063168091318
2020-02-18,2020-02-19,2020-02-20,2020,0.08093814743425974,0.08093814743425974,,1915,0.0019409965586439188,71.09783482169686,0.76,0.24000000000000002,-2.7755575615628914e-17,0.52,6,6,4,6,1,0,0.0,70.96010150886713,70.96010150886713,0.13773331282973425,0.0033524638151849473,99.88437157140226
2020-02-19,2020-02-20,2020-02-21,2020,0.05455174486972345,0.05455174486972345,,1914,0.046103581798066215,74.37569966506436,1.0,0.0,0.0,1.0,6,6,1,6,3,0,0.0,71.09783482169686,71.09783482169686,3.2778648433675017,-0.0039358324300495795,99.4912434225164
2020-02-20,2020-02-21,2020-02-25,2020,0.06716532363629399,0.06716532363629399,,1914,-0.022006906023152428,72.73892063212908,1.0,0.0,0.0,1.0,6,6,1,6,3,0,0.0,74.37569966506436,74.37569966506436,-1.636779032935281,-0.03340910276507125,96.16733024678884
2020-02-21,2020-02-25,2020-02-26,2020,-0.0037326917597876354,-0.0037326917597876354,,1914,-0.0069531248612321106,72.23315783470264,1.0,0.0,0.0,1.0,6,6,4,6,3,0,0.0,72.73892063212908,72.73892063212908,-0.505762797426446,-0.00792819064108996,95.40489731914764
2020-02-25,2020-02-26,2020-02-27,2020,0.0003822568334549916,0.0003822568334549916,,1914,-0.02191232156241405,70.65036165276003,1.0,0.0,0.0,1.0,6,6,3,6,3,0,0.0,72.23315783470264,72.23315783470264,-1.582796181942612,-0.021312581405936504,93.3715726785083
2020-02-26,2020-02-27,2020-02-28,2020,0.019187562338064623,0.019187562338064623,,1915,-0.0734509289291552,65.46102696018404,1.0,0.0,0.0,1.0,6,6,0,6,3,0,0.0,70.65036165276003,70.65036165276003,-5.189334692575988,-0.036689518927038756,89.9458145954728
2020-02-27,2020-02-28,2020-03-02,2020,-0.021273503987786792,-0.021273503987786792,,1914,0.02157925298485955,66.87362702160657,0.9999999999999998,0.0,2.220446049250313e-16,0.9999999999999998,6,6,3,6,3,0,0.0,65.46102696018404,65.46102696018404,1.4126000614225231,0.009512386155959396,90.80141391701726
2020-02-28,2020-03-02,2020-03-03,2020,0.05404682001840905,0.05404682001840905,,1916,-0.013408497095839671,65.97695218789909,1.0,0.0,0.0,1.0,6,6,5,6,3,0,0.0,66.87362702160657,66.87362702160657,-0.896674833707477,-0.012244613026188178,89.68958574137264
2020-03-02,2020-03-03,2020-03-04,2020,-0.04883754743511232,-0.04883754743511232,,1917,-0.0027709136890305577,65.79413574792112,1.0,0.0,0.0,1.0,6,6,4,6,3,0,0.0,65.97695218789909,65.97695218789909,-0.18281643997796418,0.0008219998074254775,89.76331056358012
2020-03-03,2020-03-04,2020-03-05,2020,-0.062299800257380814,-0.062299800257380814,,1918,0.004213208386206854,66.07134015241749,1.0,0.0,0.0,1.0,6,6,4,6,3,0,0.0,65.79413574792112,65.79413574792112,0.27720440449637346,0.010855893300777186,90.73777148538288
2020-03-04,2020-03-05,2020-03-06,2020,0.036627260283477424,0.036627260283477424,,1918,-0.04071489956309771,63.38125217411255,1.0,0.0,0.0,1.0,6,6,0,6,3,0,0.0,66.07134015241749,66.07134015241749,-2.6900879783049434,-0.02716333350836786,88.27303113671935
2020-03-05,2020-03-06,2020-03-09,2020,0.022624611293998145,0.022624611293998145,,1918,-0.05818571442164793,59.693368735423185,1.0,0.0,0.0,1.0,6,6,0,6,3,0,0.0,63.38125217411255,63.38125217411255,-3.6878834386893646,-0.05065073073169568,83.8019376057428
2020-03-06,2020-03-09,2020-03-10,2020,0.052092444116233684,0.052092444116233684,,1918,-0.008400883299365976,59.191891710930875,0.9999999999999999,0.0,1.1102230246251565e-16,0.9999999999999999,6,6,4,6,3,0,0.0,59.693368735423185,59.693368735423185,-0.5014770244923117,0.008546730860216512,84.51817021202373
2020-03-09,2020-03-10,2020-03-11,2020,0.01128184486067454,0.01128184486067454,,1920,-0.004459755688826404,58.92791033514065,1.0,0.0,0.0,1.0,6,6,5,6,3,0,0.0,59.191891710930875,59.191891710930875,-0.26398137579022046,-0.022703844341806834,82.59928283147562
2020-03-10,2020-03-11,2020-03-12,2020,-0.03898390538234704,-0.03898390538234704,,1920,-0.06087397335724756,55.34073429140103,1.0,0.0,0.0,1.0,6,6,1,6,3,0,0.0,58.92791033514065,58.92791033514065,-3.587176043739625,-0.04410936101351148,78.95588124560491
2020-03-11,2020-03-12,2020-03-13,2020,-0.02191452482630902,-0.02191452482630902,,1920,-0.06899874624446801,51.522293009046116,1.0,0.0,0.0,1.0,6,6,2,6,3,0,0.0,55.34073429140103,55.34073429140103,-3.818441282354909,-0.06080832430387895,74.15470641312362
2020-03-12,2020-03-13,2020-03-16,2020,0.03961312034150546,0.03961312034150546,,1920,0.010482141072877857,52.062356952765086,1.0,0.0,0.0,1.0,6,6,4,6,3,0,0.0,51.522293009046116,51.522293009046116,0.5400639437189699,-0.024611827744169035,72.3296235524644
2020-03-13,2020-03-16,2020-03-17,2020,0.0009708004593967876,0.0009708004593967876,,1920,0.001039668361468169,52.11648453811234,1.0,0.0,0.0,1.0,6,6,6,6,3,0,0.0,52.062356952765086,52.062356952765086,0.05412758534725222,0.0005581683139197491,72.36999565648912
2020-03-16,2020-03-17,2020-03-18,2020,-0.030547424117983252,-0.030547424117983252,,1922,-0.0021388045869208485,52.005017561928035,1.0000000000000002,0.0,-2.220446049250313e-16,1.0000000000000002,6,6,3,6,3,0,0.0,52.11648453811234,52.11648453811234,-0.11146697618430415,-0.016752167500512893,71.15764136724023
2020-03-17,2020-03-18,2020-03-19,2020,-0.09947118696823809,-0.09947118696823809,,1922,0.00458242058075923,52.24332642470656,1.0,0.0,0.0,1.0,6,6,5,6,3,0,0.0,52.005017561928035,52.005017561928035,0.23830886277852423,-0.01038588352051062,70.4186063924058
2020-03-18,2020-03-19,2020-03-23,2020,0.011762446215816933,0.011762446215816933,,1922,0.04368155142530818,54.52539597455654,1.0,0.0,0.0,1.0,6,6,5,6,3,0,0.0,52.24332642470656,52.24332642470656,2.282069549849981,0.020235210534995884,71.84354171833715
2020-03-19,2020-03-23,2020-03-24,2020,0.1425077477783772,0.1425077477783772,,1923,0.10362743464255389,60.17572288226927,1.0,0.0,0.0,1.0,6,6,0,6,3,0,0.0,54.52539597455654,54.52539597455654,5.650326907712729,0.07132790692441526,76.96799117514304
2020-03-23,2020-03-24,2020-03-25,2020,0.0008555688444336408,0.0008555688444336408,,1923,0.08637688680053623,65.37351448581148,1.0000000000000002,0.0,-2.220446049250313e-16,1.0000000000000002,6,6,1,6,3,0,0.0,60.17572288226927,60.17572288226927,5.1977916035422105,0.08038093448335903,83.15475023110798
2020-03-24,2020-03-25,2020-03-26,2020,0.27784567352068734,0.27784567352068734,,1923,-0.009501411940501126,64.75237379468346,1.0,0.0,0.0,1.0,6,6,4,6,3,0,0.0,65.37351448581148,65.37351448581148,-0.6211406911280126,-0.04512440251849048,79.40244181035492
2020-03-25,2020-03-26,2020-03-27,2020,-0.027347826122837808,-0.027347826122837808,,1923,0.012582329171483343,65.5671094764031,1.0,0.0,0.0,1.0,6,6,4,6,3,0,0.0,64.75237379468346,64.75237379468346,0.8147356817196393,0.038834478102932835,82.48599419815854
2020-03-26,2020-03-27,2020-03-30,2020,-0.003613701362105734,-0.003613701362105734,,1923,-0.017190439164200585,64.43998206977652,1.0,0.0,0.0,1.0,6,6,2,6,3,0,0.0,65.5671094764031,65.5671094764031,-1.1271274066265873,-0.01570236979632711,81.19076861424136
2020-03-27,2020-03-30,2020-03-31,2020,-0.054368440860958225,-0.054368440860958225,,1924,-0.016726333276953918,63.3621374533165,1.0,0.0,0.0,1.0,6,6,3,6,3,0,0.0,64.43998206977652,64.43998206977652,-1.0778446164600168,-0.00880064259990987,80.47623767725544
2020-03-30,2020-03-31,2020-04-01,2020,-0.0513765139530072,-0.0513765139530072,,1924,-0.02284105997578121,61.9148790715516,1.0000000000000002,0.0,-2.220446049250313e-16,1.0000000000000002,6,6,2,6,3,0,0.0,63.3621374533165,63.3621374533165,-1.447258381764895,-0.04501768514157356,76.85338374812231
2020-03-31,2020-04-01,2020-04-02,2020,-0.030403323166155717,-0.030403323166155717,,1922,-0.03014972825173798,60.0481622928051,1.0,0.0,0.0,1.0,6,6,1,6,3,0,0.0,61.9148790715516,61.9148790715516,-1.8667167787464998,-0.013655377874069785,75.80392175214081
2020-04-01,2020-04-02,2020-04-03,2020,0.11281635234346774,0.11281635234346774,,1921,9.262225046242274e-06,60.04871847239787,1.0,0.0,0.0,1.0,6,6,4,6,3,0,0.0,60.0481622928051,60.0481622928051,0.0005561795927692403,8.249750823829949e-05,75.81017538680005
2020-04-02,2020-04-03,2020-04-06,2020,-0.014117715769578505,-0.014117715769578505,,1921,0.0008521849206051702,60.09989108478172,1.0,0.0,0.0,1.0,6,6,6,6,3,0,0.0,60.04871847239787,60.04871847239787,0.051172612383842596,0.042429962867960525,79.02679831347557
2020-04-03,2020-04-06,2020-04-07,2020,-0.3573489536234092,-0.3573489536234092,,1921,0.02130287347416236,61.38019146037176,0.8499999999999998,0.15000000000000002,2.220446049250313e-16,0.6999999999999997,6,6,3,6,2,0,0.0,60.09989108478172,60.09989108478172,1.2803003755900433,0.020126720606364,80.61734860354636
2020-04-06,2020-04-07,2020-04-08,2020,-0.09668341343969507,-0.09668341343969507,,1922,0.006506097379635597,61.77953696319362,1.0,0.0,0.0,1.0,6,6,4,6,3,0,0.0,61.38019146037176,61.38019146037176,0.399345502821856,0.021269454960322287,82.3320356686901
2020-04-07,2020-04-08,2020-04-09,2020,-0.24195641841328658,-0.24195641841328658,,1922,-0.007108622944673814,61.34036952922574,1.0,0.0,0.0,1.0,6,6,4,6,3,0,0.0,61.77953696319362,61.77953696319362,-0.4391674339678822,-0.00038598188210348106,82.30025699460528
2020-04-08,2020-04-09,2020-04-10,2020,0.08327543764678766,0.08327543764678766,,1922,0.000857574667646912,61.392973476238105,1.0,0.0,0.0,1.0,6,6,6,6,3,0,0.0,61.34036952922574,61.34036952922574,0.05260394701236453,0.007894749084683683,82.94999687318267
2020-04-09,2020-04-10,2020-04-13,2020,-0.14422639238453416,-0.14422639238453416,,1922,-0.035278194684516304,59.22714020568203,0.8499999999999999,0.15000000000000002,1.1102230246251565e-16,0.6999999999999998,6,6,2,6,2,0,0.0,61.392973476238105,61.392973476238105,-2.1658332705560737,-0.023340256942841697,81.01392263275467
2020-04-10,2020-04-13,2020-04-14,2020,0.004937009459231971,0.004937009459231971,,1920,-0.00010557169508081256,59.22088749609573,1.0,0.0,0.0,1.0,6,6,4,6,3,0,0.0,59.22714020568203,59.22714020568203,-0.006252709586302798,0.031265950408015275,83.54689992014916
2020-04-13,2020-04-14,2020-04-15,2020,-0.1424639284936337,-0.1424639284936337,,1920,-0.025207019675623228,57.728105419773776,0.9999999999999999,0.0,1.1102230246251565e-16,0.9999999999999999,6,6,2,6,3,0,0.0,59.22088749609573,59.22088749609573,-1.4927820763219546,-0.004517585332308838,83.16946967051003
2020-04-14,2020-04-15,2020-04-16,2020,-0.10858667662153136,-0.10858667662153136,,1921,-0.006324525159166597,57.363002564655396,1.0,0.0,0.0,1.0,6,6,3,6,3,0,0.0,57.728105419773776,57.728105419773776,-0.3651028551183808,-0.013293544940202295,82.06385258779231
2020-04-15,2020-04-16,2020-04-17,2020,0.21231261606516447,0.21231261606516447,,1922,0.010775879357810327,57.98113935989389,1.0,0.0,0.0,1.0,6,6,4,6,3,0,0.0,57.363002564655396,57.363002564655396,0.618136795238491,0.03146986552757336,84.64639099340474
2020-04-16,2020-04-17,2020-04-20,2020,0.061491631067147785,0.061491631067147785,,1923,0.073194826646469,62.225058804106084,0.9999999999999999,0.0,1.1102230246251565e-16,0.9999999999999999,6,6,4,6,3,0,0.0,57.98113935989389,57.98113935989389,4.243919444212193,-0.011465900329995171,83.67584391098055
2020-04-17,2020-04-20,2020-04-21,2020,-0.10033219996851557,-0.10033219996851557,,1923,-0.05409588321581392,58.85893928994201,1.0,0.0,0.0,1.0,6,6,3,6,3,0,0.0,62.225058804106084,62.225058804106084,-3.3661195141640765,-0.01974363875963947,82.02377827589417
2020-04-20,2020-04-21,2020-04-22,2020,-0.11648510569216593,-0.11648510569216593,,1924,-0.02683268952974843,57.27959564592468,0.9999999999999999,0.0,1.1102230246251565e-16,0.9999999999999999,6,6,2,6,3,0,0.0,58.85893928994201,58.85893928994201,-1.5793436440173254,-0.007407895323736757,81.41615471236896
2020-04-21,2020-04-22,2020-04-23,2020,0.1326768493914818,0.1326768493914818,,1925,0.0008645998959192157,57.329119578358444,0.9999999999999999,0.0,1.1102230246251565e-16,0.9999999999999999,6,6,6,6,3,0,0.0,57.27959564592468,57.27959564592468,0.04952393243376124,0.015230993915231084,82.65620366939457
2020-04-22,2020-04-23,2020-04-24,2020,-0.07619565330442905,-0.07619565330442905,,1927,0.05639411823191632,60.562144725992056,1.0000000000000002,0.0,-2.220446049250313e-16,1.0000000000000002,6,6,2,6,3,0,0.0,57.329119578358444,57.329119578358444,3.2330251476336147,-0.008617850025528173,81.94388490249221
2020-04-23,2020-04-24,2020-04-27,2020,0.043028784900135876,0.043028784900135876,,1928,0.01694397652671661,61.58830828463688,1.0,0.0,0.0,1.0,6,6,3,6,3,0,0.0,60.562144725992056,60.562144725992056,1.0261635586448237,0.027059495379503806,84.1612450773898
2020-04-24,2020-04-27,2020-04-28,2020,0.03421529875660678,0.03421529875660678,,1928,0.0008555762540498857,61.64100177873232,0.9999999999999999,0.0,1.1102230246251565e-16,0.9999999999999999,6,6,6,6,3,0,0.0,61.58830828463688,61.58830828463688,0.052693494095439164,-0.0006080910994268329,84.11006737334155
2020-04-27,2020-04-28,2020-04-30,2020,0.14539288427064412,0.14539288427064412,,1928,0.019004849164085066,62.81247971986022,1.0,0.0,0.0,1.0,6,6,3,6,3,0,0.0,61.64100177873232,61.64100177873232,1.1714779411279068,0.021369477507423573,85.90745556622404
2020-04-28,2020-04-30,2020-05-01,2020,-0.1719422284112034,-0.1719422284112034,,1927,-0.019145456383362774,61.60990612905278,1.0,0.0,0.0,1.0,6,6,3,6,3,0,0.0,62.81247971986022,62.81247971986022,-1.2025735908074426,-0.028441557734123935,83.4641137089456
2020-04-30,2020-05-01,2020-05-07,2020,-0.03436796279997211,-0.03436796279997211,,1926,0.0027975316715985565,61.78226179273302,1.0000000000000002,0.0,-2.220446049250313e-16,1.0000000000000002,6,6,5,6,3,0,0.0,61.60990612905278,61.60990612905278,0.1723556636802392,0.002824762288251126,83.69987998977292
2020-05-01,2020-05-07,2020-05-08,2020,0.18213655827843456,0.18213655827843456,,1927,0.021534715324338972,63.112725212533306,0.9999999999999999,0.0,1.1102230246251565e-16,0.9999999999999999,6,6,5,6,3,0,0.0,61.78226179273302,61.78226179273302,1.3304634198002898,0.02563282823636559,85.84534463695519
2020-05-07,2020-05-08,2020-05-11,2020,0.14757052822076017,0.14757052822076017,,1927,0.0913623500659657,68.87885210701788,1.0,0.0,0.0,1.0,6,6,1,6,3,0,0.0,63.112725212533306,63.112725212533306,5.766126894484567,0.01048461551041191,86.74540006883247
2020-05-08,2020-05-11,2020-05-12,2020,-0.05785945320881883,-0.05785945320881883,,1926,-0.010598944003336394,68.1488090105215,1.0,0.0,0.0,1.0,6,6,2,6,3,0,0.0,68.87885210701788,68.87885210701788,-0.7300430964963716,-0.0011858370450000821,86.64253415994749
2020-05-11,2020-05-12,2020-05-13,2020,0.04675365475546848,0.04675365475546848,,1926,-0.0035843722335798084,67.90453831175266,0.9999999999999998,0.0,2.220446049250313e-16,0.9999999999999998,6,6,4,6,3,0,0.0,68.1488090105215,68.1488090105215,-0.24427069876884674,-0.0048820414720658345,86.21954171493374
2020-05-12,2020-05-13,2020-05-14,2020,-0.05883286684184219,-0.05883286684184219,,1925,-0.0068272513385670445,67.44093696166897,0.8499999999999999,0.15000000000000002,1.1102230246251565e-16,0.6999999999999998,6,6,4,6,2,0,0.0,67.90453831175266,67.90453831175266,-0.4636013500836905,-0.0173814146607425,84.7209241085273
2020-05-13,2020-05-14,2020-05-15,2020,-0.015071179048600057,-0.015071179048600057,,1925,0.007521249929395851,67.94817710403031,1.0,0.0,0.0,1.0,6,6,5,6,3,0,0.0,67.44093696166897,67.44093696166897,0.5072401423613427,0.006160750959840033,85.24286862304744
2020-05-14,2020-05-15,2020-05-18,2020,-0.013078571529906545,-0.013078571529906545,,1926,0.0028376177019056193,68.14098805419292,0.8500000000000001,0.15000000000000002,-1.1102230246251565e-16,0.7000000000000001,6,6,5,6,2,0,0.0,67.94817710403031,67.94817710403031,0.19281095016261451,0.004803999706549655,85.65237533889801
2020-05-15,2020-05-18,2020-05-19,2020,0.017160536924878084,0.017160536924878084,,1927,0.021599108362462018,69.61277263910065,1.0,0.0,0.0,1.0,6,6,3,6,3,0,0.0,68.14098805419292,68.14098805419292,1.4717845849077427,0.014886461674016749,86.927436141669
2020-05-18,2020-05-19,2020-05-20,2020,0.03013536711559917,0.03013536711559917,,1927,-0.008425889867744568,69.02622308345525,0.76,0.24000000000000002,-2.7755575615628914e-17,0.52,6,6,3,6,1,0,0.0,69.61277263910065,69.61277263910065,-0.5865495556454045,0.0079134947842876,87.6153359541876
2020-05-19,2020-05-20,2020-05-21,2020,-0.023552328711569922,-0.023552328711569922,,1927,0.006122281454955989,69.44882104894474,0.7599999999999999,0.24000000000000002,8.326672684688674e-17,0.5199999999999999,6,6,3,6,1,0,0.0,69.02622308345525,69.02622308345525,0.4225979654894931,-0.0020801013830926696,87.43308717268916
2020-05-20,2020-05-21,2020-05-22,2020,-0.0008618901302249748,-0.0008618901302249748,,1927,-0.00041481088392582576,69.42001292209781,0.85,0.15000000000000002,0.0,0.7,6,6,4,6,2,0,0.0,69.44882104894474,69.44882104894474,-0.02880812684691926,-0.007986936748229367,86.73476463573847
2020-05-21,2020-05-22,2020-05-25,2020,0.05504320237158357,0.05504320237158357,,1926,0.01059467109655936,70.15549512652633,1.0,0.0,0.0,1.0,6,6,5,6,3,0,0.0,69.42001292209781,69.42001292209781,0.735482204428527,0.017338004018018438,88.23857233349479
2020-05-22,2020-05-25,2020-05-26,2020,0.09971918456000482,0.09971918456000482,,1924,0.006019247837286034,70.57777843884041,1.0,0.0,0.0,1.0,6,6,3,6,3,0,0.0,70.15549512652633,70.15549512652633,0.4222833123140745,0.025529309384740184,90.49124214626436
2020-05-25,2020-05-26,2020-05-27,2020,0.0975287813752273,0.0975287813752273,,1924,0.006156450685569328,71.01228705129617,1.0,0.0,0.0,1.0,6,6,3,6,3,0,0.0,70.57777843884041,70.57777843884041,0.43450861245575917,0.006960595021336502,91.1211150358222
2020-05-26,2020-05-27,2020-05-28,2020,0.02940929187627725,0.02940929187627725,,1924,0.0026274065958916772,71.1988652026841,1.0,0.0,0.0,1.0,6,6,5,6,3,0,0.0,71.01228705129617,71.01228705129617,0.18657815138792871,0.023207183451505964,93.2357794687643
2020-05-27,2020-05-28,2020-05-29,2020,0.10407413016484753,0.10407413016484753,,1924,-0.0013988177124771453,71.09927096893031,1.0000000000000002,0.0,-2.220446049250313e-16,1.0000000000000002,6,6,5,6,3,0,0.0,71.1988652026841,71.1988652026841,-0.0995942337537872,-0.001753032330716331,93.07233413297602
2020-05-28,2020-05-29,2020-06-01,2020,0.034348888793915185,0.034348888793915185,,1924,0.00070053428421744,71.14907844582692,0.76,0.24000000000000005,-5.551115123125783e-17,0.52,6,6,5,6,1,0,0.0,71.09927096893031,71.09927096893031,0.04980747689660141,0.008433171571847087,93.8572290953117
2020-05-29,2020-06-01,2020-06-02,2020,-0.03417927027329164,-0.03417927027329164,,1924,0.006324001989697736,71.59902535948349,1.0,0.0,0.0,1.0,6,6,5,6,3,0,0.0,71.14907844582692,71.14907844582692,0.44994691365656975,0.011930711042638764,94.9770125749106
2020-06-01,2020-06-02,2020-06-03,2020,0.1644391027142517,0.1644391027142517,,1924,0.0055779424787326,71.99840060447201,1.0,0.0,0.0,1.0,6,6,4,6,3,0,0.0,71.59902535948349,71.59902535948349,0.3993752449885157,0.012906702213287602,96.20285259332265
2020-06-02,2020-06-03,2020-06-04,2020,0.0234315205656567,0.0234315205656567,,1923,-0.005618628760347539,71.5938683201367,1.0,0.0,0.0,1.0,6,6,5,6,3,0,0.0,71.99840060447201,71.99840060447201,-0.4045322843353101,0.003625226410822524,96.55160971534042
2020-06-03,2020-06-04,2020-06-05,2020,-0.011844024788450718,-0.011844024788450718,,1923,0.016136724444927593,72.74915884516518,0.9999999999999998,0.0,2.220446049250313e-16,0.9999999999999998,6,6,4,6,3,0,0.0,71.5938683201367,71.5938683201367,1.1552905250284773,0.007401829594452458,97.26626827752347
2020-06-04,2020-06-05,2020-06-08,2020,0.0070091833997188045,0.0070091833997188045,,1923,-0.007682665885990829,72.1902513642709,1.0,0.0,0.0,1.0,6,6,3,6,3,0,0.0,72.74915884516518,72.74915884516518,-0.5589074808942786,0.013749725001126256,98.60365271822518
2020-06-05,2020-06-08,2020-06-09,2020,-0.03561040676205689,-0.03561040676205689,,1923,0.04938643666402844,75.75547064103276,0.65,0.35,0.0,0.30000000000000004,6,6,4,6,2,0,0.0,72.1902513642709,72.1902513642709,3.565219276761858,-0.0037565633076049876,98.23324185442807
2020-06-08,2020-06-09,2020-06-10,2020,-0.07877361063282765,-0.07877361063282765,,1924,-0.004393760796788178,75.42261922398795,1.0,0.0,0.0,1.0,6,6,1,6,3,0,0.0,75.75547064103276,75.75547064103276,-0.33285141704480753,0.0014689686861089069,98.37754341064718
2020-06-09,2020-06-10,2020-06-11,2020,-0.15145199776506965,-0.15145199776506965,,1924,0.01618649383650144,76.64344698518983,0.65,0.35,0.0,0.30000000000000004,6,6,2,6,2,0,0.0,75.42261922398795,75.42261922398795,1.220827761201876,-0.028196385289481762,95.60365229280787
2020-06-10,2020-06-11,2020-06-12,2020,-0.04769351615976128,-0.04769351615976128,,1924,-0.013506913352240862,75.6082305877438,1.0,0.0,0.0,1.0,6,6,1,6,3,0,0.0,76.64344698518983,76.64344698518983,-1.0352163974460251,-0.007450303498745869,94.89137606763786
2020-06-11,2020-06-12,2020-06-15,2020,0.058638918913998354,0.058638918913998354,,1924,0.0009415794522598264,75.67942174408695,1.0,0.0,0.0,1.0,6,6,6,6,3,0,0.0,75.6082305877438,75.6082305877438,0.07119115634314246,-0.034723753983326056,91.59639126992593
2020-06-12,2020-06-15,2020-06-16,2020,-0.06148087439268463,-0.06148087439268463,,1925,0.03691012561289565,78.47275870697251,0.9999999999999998,0.0,2.220446049250313e-16,0.9999999999999998,6,6,0,6,3,0,0.0,75.67942174408695,75.67942174408695,2.793336962885556,0.04882552790285599,96.06863342767662
2020-06-15,2020-06-16,2020-06-17,2020,-0.13658914288570728,-0.13658914288570728,,1925,-0.0018968750524892648,78.32390568868125,0.65,0.35,0.0,0.30000000000000004,6,6,5,6,2,0,0.0,78.47275870697251,78.47275870697251,-0.1488530182912659,-0.005599540523270385,95.53069322178314
2020-06-16,2020-06-17,2020-06-18,2020,-0.04260293733701112,-0.04260293733701112,,1926,0.0008701792834397714,78.39206152880963,1.0,0.0,0.0,1.0,6,6,6,6,3,0,0.0,78.32390568868125,78.32390568868125,0.06815584012838088,-0.0044665600273604555,95.10399964605269
2020-06-17,2020-06-18,2020-06-19,2020,-0.15893266419676866,-0.15893266419676866,,1925,-0.0016994478730252324,78.25883830658243,1.0,0.0,0.0,1.0,6,6,5,6,3,0,0.0,78.39206152880963,78.39206152880963,-0.13322322222719868,0.005516773083622528,95.62866683144487
2020-06-18,2020-06-19,2020-06-22,2020,0.02817898300807306,0.02817898300807306,,1926,-0.02960537556981833,75.94195600685838,0.65,0.35,0.0,0.30000000000000004,6,6,3,6,2,0,0.0,78.25883830658243,78.25883830658243,-2.3168822997240586,-0.0018470745089037566,95.45203355862006
2020-06-19,2020-06-22,2020-06-23,2020,0.057381543200090174,0.057381543200090174,,1925,-0.03200287678292672,73.51159494611645,0.65,0.35,0.0,0.30000000000000004,6,6,3,6,2,0,0.0,75.94195600685838,75.94195600685838,-2.4303610607419306,0.00498188950794809,95.92756504311805
2020-06-22,2020-06-23,2020-06-24,2020,0.028547277443077747,0.028547277443077747,,1925,-0.006525635092469185,73.03188510243268,1.0,0.0,0.0,1.0,6,6,4,6,3,0,0.0,73.51159494611645,73.51159494611645,-0.4797098436837579,-0.0006532425978034162,95.86490107132833
2020-06-23,2020-06-24,2020-06-25,2020,-0.03341342879913635,-0.03341342879913635,,1925,-0.0036017687020144227,72.76884114442163,1.0,0.0,0.0,1.0,6,6,4,6,3,0,0.0,73.03188510243268,73.03188510243268,-0.2630439580110554,-0.012182750577785284,94.69700289241229
2020-06-24,2020-06-25,2020-06-26,2020,0.0030262073801135088,0.0030262073801135088,,1924,0.009175294004856109,73.43651665631437,1.0,0.0,0.0,1.0,6,6,4,6,3,0,0.0,72.76884114442163,72.76884114442163,0.6676755118927383,0.011333889493117422,95.7702882585243
2020-06-25,2020-06-26,2020-06-29,2020,-0.11421140067973534,-0.11421140067973534,,1925,-0.002446973693296059,73.25681943192907,0.9999999999999998,0.0,2.220446049250313e-16,0.9999999999999998,6,6,4,6,3,0,0.0,73.43651665631437,73.43651665631437,-0.17969722438529911,-0.022967224707801326,93.57071052775987
2020-06-26,2020-06-29,2020-06-30,2020,-0.07508038395072217,-0.07508038395072217,,1926,0.038517865218341114,76.07851572913248,0.4399999999999999,0.5599999999999999,1.1102230246251565e-16,-0.12000000000000005,6,6,5,6,1,0,0.0,73.25681943192907,73.25681943192907,2.8216962972033963,0.013325731619492354,94.81760870369801
2020-06-29,2020-06-30,2020-07-01,2020,0.019011999945168143,0.019011999945168143,,1925,-0.01540300270172446,74.90667814581346,0.9999999999999998,0.0,2.220446049250313e-16,0.9999999999999998,6,6,4,6,3,0,0.0,76.07851572913248,76.07851572913248,-1.1718375833190144,-0.007466302706282346,94.10967173523036
2020-06-30,2020-07-01,2020-07-02,2020,-0.15526389415561428,-0.15526389415561428,,1926,0.00915321183484734,75.59231483872682,0.6499999999999999,0.35,1.1102230246251565e-16,0.29999999999999993,6,6,4,6,2,0,0.0,74.90667814581346,74.90667814581346,0.6856366929133604,0.0010953031250269252,94.21275035277723
2020-07-01,2020-07-02,2020-07-03,2020,-0.055161606987679954,-0.055161606987679954,,1927,0.015257966858853604,76.74569987332015,0.9999999999999998,0.0,2.220446049250313e-16,0.9999999999999998,6,6,4,6,3,0,0.0,75.59231483872682,75.59231483872682,1.1533850345933214,0.007248274628871343,94.89563024087545
2020-07-02,2020-07-03,2020-07-06,2020,0.061861151095324064,0.061861151095324064,,1928,0.019943874180742963,78.27630645550671,1.0,0.0,0.0,1.0,6,6,5,6,3,0,0.0,76.74569987332015,76.74569987332015,1.5306065821865582,0.01828885597369001,96.63116275488336
2020-07-03,2020-07-06,2020-07-07,2020,0.09939770788428504,0.09939770788428504,,1928,-0.0008026063503900815,78.21348139486044,1.0,0.0,0.0,1.0,6,6,1,6,3,0,0.0,78.27630645550671,78.27630645550671,-0.06282506064626982,-0.004391479605044157,96.20680897443359
2020-07-06,2020-07-07,2020-07-08,2020,-0.027728017739659105,-0.027728017739659105,,1929,-0.005003906801591334,77.82210842333255,0.9999999999999998,0.0,2.220446049250313e-16,0.9999999999999998,6,6,5,6,3,0,0.0,78.21348139486044,78.21348139486044,-0.39137297152787937,-0.007784320722503679,95.45790431768795
2020-07-07,2020-07-08,2020-07-09,2020,0.0615306131279316,0.0615306131279316,,1926,-0.0038332864829134098,77.52379398704157,1.0,0.0,0.0,1.0,6,6,3,6,3,0,0.0,77.82210842333255,77.82210842333255,-0.2983144362909825,0.0040394587018381944,95.84350257994328
2020-07-08,2020-07-09,2020-07-10,2020,0.09994976581676196,0.09994976581676196,,1927,-0.009825774581742637,76.76206266260344,0.6499999999999999,0.35,1.1102230246251565e-16,0.29999999999999993,6,6,3,6,2,0,0.0,77.52379398704157,77.52379398704157,-0.7617313244381257,-0.010585331361973704,94.8289673462424
2020-07-09,2020-07-10,2020-07-13,2020,-0.08133343060887854,-0.08133343060887854,,1926,0.016490582677870135,78.02791380346495,1.0000000000000002,0.0,-2.220446049250313e-16,1.0000000000000002,6,6,2,6,3,0,0.0,76.76206266260344,76.76206266260344,1.26585114086151,0.02215845902414504,96.93023113348609
2020-07-10,2020-07-13,2020-07-14,2020,-0.013001556738222448,-0.013001556738222448,,1926,0.005367534746771923,78.44673134202318,0.65,0.35,0.0,0.30000000000000004,6,6,4,6,2,0,0.0,78.02791380346495,78.02791380346495,0.41881753855822274,-0.008678176709499552,96.08905345921707
2020-07-13,2020-07-14,2020-07-15,2020,-0.016175514437425226,-0.016175514437425226,,1927,0.004954238306753707,78.83537514347745,1.0,0.0,0.0,1.0,6,6,3,6,3,0,0.0,78.44673134202318,78.44673134202318,0.3886438014542679,0.015871511988527987,97.61413202316133
2020-07-14,2020-07-15,2020-07-16,2020,-0.058360287891731054,-0.058360287891731054,,1927,0.011879655183935908,79.7719122164782,0.9999999999999998,0.0,2.220446049250313e-16,0.9999999999999998,6,6,3,6,3,0,0.0,78.83537514347745,78.83537514347745,0.9365370730007438,-0.00763286919003725,96.86905612232952
2020-07-15,2020-07-16,2020-07-17,2020,0.006065215971591106,0.006065215971591106,,1927,-0.0019890826073742252,79.61323929333142,1.0,0.0,0.0,1.0,6,6,5,6,3,0,0.0,79.7719122164782,79.7719122164782,-0.15867292314678028,-0.00324720382110788,96.55450255314199
2020-07-16,2020-07-17,2020-07-20,2020,0.06535401003053336,0.06535401003053336,,1924,-0.0031353603277914756,79.36362310128413,1.0,0.0,0.0,1.0,6,6,4,6,3,0,0.0,79.61323929333142,79.61323929333142,-0.24961619204728078,0.0009278996423225383,96.64409544152568
2020-07-17,2020-07-20,2020-07-21,2020,-0.152938278858904,-0.152938278858904,,1923,-0.002267012623561443,79.18370476586195,1.0,0.0,0.0,1.0,6,6,5,6,3,0,0.0,79.36362310128413,79.36362310128413,-0.1799183354221837,0.007339722539647875,97.35343628716173
2020-07-20,2020-07-21,2020-07-22,2020,-0.08844427666038697,-0.08844427666038697,,1923,0.03046412271558804,81.59596686492407,0.75,0.25,0.0,0.5,6,6,5,6,2,0,0.0,79.18370476586195,79.18370476586195,2.412262099062112,-0.005794822808031008,96.78929037412468
2020-07-21,2020-07-22,2020-07-27,2020,0.06214410407171477,0.06214410407171477,,1923,-0.007808303335137013,80.95884080471895,0.7599999999999999,0.24000000000000002,8.326672684688674e-17,0.5199999999999999,6,6,3,6,1,0,0.0,81.59596686492407,81.59596686492407,-0.6371260602051158,-0.0015717568998414588,96.6371611391484
2020-07-22,2020-07-27,2020-07-28,2020,-0.07868335160011125,-0.07868335160011125,,1923,-0.0003750595017902514,80.92847642222121,0.6499999999999999,0.35,1.1102230246251565e-16,0.29999999999999993,6,6,5,6,2,0,0.0,80.95884080471895,80.95884080471895,-0.03036438249773416,-0.0025739736791710044,96.38841962994643
2020-07-27,2020-07-28,2020-07-29,2020,-0.022552901566499986,-0.022552901566499986,,1923,0.0012347917612121236,81.02840623815482,1.0000000000000002,0.0,-2.220446049250313e-16,1.0000000000000002,6,6,4,6,3,0,0.0,80.92847642222121,80.92847642222121,0.09992981593360835,-0.011487206376024073,95.28118596139842
2020-07-28,2020-07-29,2020-07-30,2020,-0.06319414041102638,-0.06319414041102638,,1924,0.00532331866484728,81.45974626546521,0.9999999999999998,0.0,2.220446049250313e-16,0.9999999999999998,6,6,3,6,3,0,0.0,81.02840623815482,81.02840623815482,0.43134002731039733,-0.0025842619873724937,95.0349544144066
2020-07-29,2020-07-30,2020-07-31,2020,-0.04722951108834778,-0.04722951108834778,,1923,0.0002605460517078987,81.4809702807278,0.3,0.7,0.0,-0.39999999999999997,6,6,4,6,0,0,0.0,81.45974626546521,81.45974626546521,0.02122401526259421,-0.028167040672395616,92.35810098811676
2020-07-30,2020-07-31,2020-08-03,2020,-0.08090482119093328,-0.08090482119093328,,1924,0.0025922064098569484,81.69218577417087,0.6499999999999999,0.35,1.1102230246251565e-16,0.29999999999999993,6,6,2,6,2,0,0.0,81.4809702807278,81.4809702807278,0.21121549344306614,0.022357438968217513,94.42299159417904
2020-07-31,2020-08-03,2020-08-04,2020,-0.051760718050430754,-0.051760718050430754,,1925,0.04354477072404489,85.24945327365322,0.9999999999999998,0.0,2.220446049250313e-16,0.9999999999999998,6,6,2,6,3,0,0.0,81.69218577417087,81.69218577417087,3.557267499482352,0.01704318646493097,96.03226024649524
2020-08-03,2020-08-04,2020-08-05,2020,-0.02441436427681441,-0.02441436427681441,,1926,-0.004909717717217656,84.83090252253244,0.6499999999999999,0.35,1.1102230246251565e-16,0.29999999999999993,6,6,3,6,2,0,0.0,85.24945327365322,85.24945327365322,-0.4185507511207739,-0.002605248772241664,95.78207231839247
2020-08-04,2020-08-05,2020-08-06,2020,0.009770827364766843,0.009770827364766843,,1926,0.005813535652295171,85.32406999876356,0.6000000000000001,0.4,-1.1102230246251565e-16,0.20000000000000007,6,6,5,6,1,0,0.0,84.83090252253244,84.83090252253244,0.4931674762311187,-0.004294943115321526,95.37069376631736
2020-08-05,2020-08-06,2020-08-07,2020,0.004348945901027861,0.004348945901027861,,1926,-0.003197284328054839,85.05126468695066,0.5,0.5,0.0,0.0,6,6,5,6,0,0,0.0,85.32406999876356,85.32406999876356,-0.2728053118129008,-0.003934758220459855,94.99543314502938
2020-08-06,2020-08-07,2020-08-11,2020,-0.005099478129944844,-0.005099478129944844,,1926,0.01788758353582435,86.57262628886599,0.75,0.25,0.0,0.5,6,6,3,6,2,0,0.0,85.05126468695066,85.05126468695066,1.5213616019153373,0.018822262845310078,96.78346215678921
2020-08-07,2020-08-11,2020-08-12,2020,0.017365026773840588,0.017365026773840588,,1925,0.04354073301221184,90.3420618962755,0.44000000000000006,0.5599999999999999,0.0,-0.11999999999999988,6,6,2,6,1,0,0.0,86.57262628886599,86.57262628886599,3.769435607409506,0.004119516980919613,97.1821632726163
2020-08-11,2020-08-12,2020-08-13,2020,0.056319853191278274,0.056319853191278274,,1924,0.0018580584749978849,90.50992273003065,0.7599999999999999,0.24000000000000005,5.551115123125783e-17,0.5199999999999998,6,6,4,6,1,0,0.0,90.3420618962755,90.3420618962755,0.16786083375515817,0.01775742909723199,98.90786864644541
2020-08-12,2020-08-13,2020-08-14,2020,0.03311473959760317,0.03311473959760317,,1924,0.007333532637304693,91.17368020237126,0.76,0.24000000000000005,-5.551115123125783e-17,0.52,6,6,5,6,1,0,0.0,90.50992273003065,90.50992273003065,0.6637574723406057,0.0017097060982957935,99.07697203263967
2020-08-13,2020-08-14,2020-08-17,2020,-0.0004278574939148586,-0.0004278574939148586,,1925,0.0009716960661889531,91.26227330876387,0.85,0.15000000000000002,0.0,0.7,6,6,6,6,2,0,0.0,91.17368020237126,91.17368020237126,0.08859310639261378,-0.008270300257284924,98.25757572534712
2020-08-14,2020-08-17,2020-08-18,2020,-0.18527149258834807,-0.18527149258834807,,1927,-0.00010813583445678508,91.2524045866852,1.0000000000000002,0.0,-2.220446049250313e-16,1.0000000000000002,6,6,4,6,3,0,0.0,91.26227330876387,91.26227330876387,-0.009868722078666365,-0.00197733447346482,98.06328763358631
2020-08-17,2020-08-18,2020-08-19,2020,-0.014529992496133922,-0.014529992496133922,,1928,0.003499941863558814,91.57178269764854,0.75,0.25,0.0,0.5,6,6,5,6,2,0,0.0,91.2524045866852,91.2524045866852,0.3193781109633459,0.0025825254174640655,98.31653856642014
2020-08-18,2020-08-19,2020-08-20,2020,0.05503182730105182,0.05503182730105182,,1928,-0.0030932993003555138,91.2885237662976,1.0,0.0,0.0,1.0,6,6,4,6,3,0,0.0,91.57178269764854,91.57178269764854,-0.2832589313509434,-0.00995170616439811,97.33812126350642
2020-08-19,2020-08-20,2020-08-21,2020,-0.0014990445355477684,-0.0014990445355477684,,1926,0.00707709121262434,91.93458097565751,0.9999999999999999,0.0,1.1102230246251565e-16,0.9999999999999999,6,6,3,6,3,0,0.0,91.2885237662976,91.2885237662976,0.646057209359913,0.001734218740575999,97.50692685757404
2020-08-20,2020-08-21,2020-08-24,2020,-0.014910095558837808,-0.014910095558837808,,1926,-0.07740634171116453,84.81826138558304,0.6499999999999999,0.35,1.1102230246251565e-16,0.29999999999999993,6,6,4,6,2,0,0.0,91.93458097565751,91.93458097565751,-7.116319590074472,0.0028450761988281226,97.78434149439741
2020-08-21,2020-08-24,2020-08-25,2020,-0.03259525312567745,-0.03259525312567745,,1926,0.0018299553868795185,84.97347501991135,0.9999999999999998,0.0,2.220446049250313e-16,0.9999999999999998,6,6,5,6,3,0,0.0,84.81826138558304,84.81826138558304,0.15521363432830274,0.013541574670303147,99.10849545633022
2020-08-24,2020-08-25,2020-08-26,2020,0.022148829177022863,0.022148829177022863,,1928,-0.010267234718213843,84.10103240705963,1.0,0.0,0.0,1.0,6,6,4,6,3,0,0.0,84.97347501991135,84.97347501991135,-0.8724426128517104,-0.00025368323591634656,99.08335329249606
2020-08-25,2020-08-26,2020-08-27,2020,0.027012057353971438,0.027012057353971438,,1928,-0.004630589409082429,83.7115950571026,1.0,0.0,0.0,1.0,6,6,3,6,3,0,0.0,84.10103240705963,84.10103240705963,-0.38943734995702844,-0.0035206943839772853,98.73451108701353
2020-08-26,2020-08-27,2020-08-28,2020,0.17322138556025016,0.17322138556025016,,1928,0.005705866731940408,84.18924226241658,1.0,0.0,0.0,1.0,6,6,5,6,3,0,0.0,83.7115950571026,83.7115950571026,0.4776472053139888,-0.014055408150163262,97.34675723517874
2020-08-27,2020-08-28,2020-08-31,2020,-0.015363730960814009,-0.015363730960814009,,1927,0.005634325411620597,84.6635918494808,0.65,0.35,0.0,0.30000000000000004,6,6,3,6,2,0,0.0,84.18924226241658,84.18924226241658,0.4743495870642165,0.011236023799690908,98.44054771629594
2020-08-28,2020-08-31,2020-09-01,2020,0.05424435469598696,0.05424435469598696,,1927,-0.003097316882285444,84.40136187713047,1.0,0.0,0.0,1.0,6,6,4,6,3,0,0.0,84.6635918494808,84.6635918494808,-0.2622299723503212,-7.303446535311675e-05,98.4333581635244
2020-08-31,2020-09-01,2020-09-02,2020,-0.09865818680149953,-0.09865818680149953,,1928,0.006845684939597196,84.97914700901424,1.0,0.0,0.0,1.0,6,6,5,6,3,0,0.0,84.40136187713047,84.40136187713047,0.577785131883765,0.004714308496776232,98.89740338028093
2020-09-01,2020-09-02,2020-09-03,2020,0.06708032539488347,0.06708032539488347,,1928,0.002983590671683638,85.23268999931797,0.9999999999999998,0.0,2.220446049250313e-16,0.9999999999999998,6,6,5,6,3,0,0.0,84.97914700901424,84.97914700901424,0.2535429903037274,0.009393839674970872,99.82642973190622
2020-09-02,2020-09-03,2020-09-04,2020,0.19721051350750754,0.19721051350750754,,1928,-0.001498759913737061,85.10494666020702,0.9999999999999998,0.0,2.220446049250313e-16,0.9999999999999998,6,6,4,6,3,0,0.0,85.23268999931797,85.23268999931797,-0.12774333911095545,-0.01108434371608047,98.71991927280862
2020-09-03,2020-09-04,2020-09-07,2020,0.05562557928051867,0.05562557928051867,,1927,0.009813808213444323,85.9401502847457,0.44,0.56,0.0,-0.12000000000000005,6,6,4,6,1,0,0.0,85.10494666020702,85.10494666020702,0.8352036245386807,-0.004976421466872161,98.22864734733153
2020-09-04,2020-09-07,2020-09-08,2020,0.06989210270387472,0.06989210270387472,,1927,0.02925632502500717,88.45444325417418,0.3,0.7,0.0,-0.39999999999999997,6,6,2,6,0,0,0.0,85.9401502847457,85.9401502847457,2.5142929694284826,0.007976630525401651,99.01218097423117
2020-09-07,2020-09-08,2020-09-09,2020,0.0037465175983319673,0.0037465175983319673,,1926,-0.007962141799892295,87.75015643415392,1.0,0.0,0.0,1.0,6,6,3,6,3,0,0.0,88.45444325417418,88.45444325417418,-0.7042868200202613,-0.010380194662485742,97.98441526176138
2020-09-08,2020-09-09,2020-09-10,2020,0.030153378375184087,0.030153378375184087,,1926,0.005939514061311708,88.27134972217688,0.44,0.5599999999999999,1.1102230246251565e-16,-0.11999999999999994,6,6,5,6,1,0,0.0,87.75015643415392,87.75015643415392,0.5211932880229593,0.008810578425132443,98.84771463686587
2020-09-09,2020-09-10,2020-09-11,2020,-0.03437603134329656,-0.03437603134329656,,1926,0.003111531046561755,88.54600876735934,1.0,0.0,0.0,1.0,6,6,4,6,3,0,0.0,88.27134972217688,88.27134972217688,0.2746590451824637,0.007360298715713531,99.57526334395882
2020-09-10,2020-09-11,2020-09-14,2020,0.07811255884564344,0.07811255884564344,,1924,-0.011952426808603067,87.48766907837356,0.6499999999999999,0.35,1.1102230246251565e-16,0.29999999999999993,6,6,4,6,2,0,0.0,88.54600876735934,88.54600876735934,-1.058339688985788,0.006528531189426312,100.22534355639519
2020-09-11,2020-09-14,2020-09-15,2020,0.016925658791253732,0.016925658791253732,,1926,0.0008601422345574529,87.56292091755085,1.0,0.0,0.0,1.0,6,6,6,6,3,0,0.0,87.48766907837356,87.48766907837356,0.07525183917729521,-0.004431795511751213,99.78116532865823
2020-09-14,2020-09-15,2020-09-16,2020,-0.05116697397426937,-0.05116697397426937,,1926,-0.0002272652487498067,87.54302090854726,0.9999999999999999,0.0,1.1102230246251565e-16,0.9999999999999999,6,6,2,6,3,0,0.0,87.56292091755085,87.56292091755085,-0.01990000900358685,0.0008799870730580306,99.86897146428211
2020-09-15,2020-09-16,2020-09-17,2020,-0.021082791499086876,-0.021082791499086876,,1928,0.011970476359558835,88.59095257077739,1.0,0.0,0.0,1.0,6,6,0,6,3,0,0.0,87.54302090854726,87.54302090854726,1.0479316622301298,-0.0066520329892445496,99.20463977149979
2020-09-16,2020-09-17,2020-09-18,2020,-0.021035398264561692,-0.021035398264561692,,1928,0.004220573869463601,88.9648572302685,0.5,0.5,0.0,0.0,6,6,4,6,0,0,0.0,88.59095257077739,88.59095257077739,0.3739046594911123,0.0017551932149111327,99.37876308211442
2020-09-17,2020-09-18,2020-09-23,2020,-0.09142830194762953,-0.09142830194762953,,1928,0.008827291797214115,89.75017598473758,0.44,0.56,0.0,-0.12000000000000005,6,6,1,6,1,0,0.0,88.9648572302685,88.9648572302685,0.7853187544690741,-0.0005911739147184125,99.3200129497033
2020-09-18,2020-09-23,2020-09-24,2020,-0.1256843995608433,-0.1256843995608433,,1929,-0.0024546178026131297,89.52987360497778,0.7499999999999999,0.25,1.1102230246251565e-16,0.4999999999999999,6,6,4,6,2,0,0.0,89.75017598473758,89.75017598473758,-0.22030237975979824,-0.011079609825716874,98.21958595833543
2020-09-23,2020-09-24,2020-09-25,2020,-0.015559603565563086,-0.015559603565563086,,1927,0.004657565264691105,89.9468648344325,0.7499999999999999,0.25,1.1102230246251565e-16,0.4999999999999999,6,6,3,6,2,0,0.0,89.52987360497778,89.52987360497778,0.4169912294547295,0.005058944499740425,98.71647339248614
2020-09-24,2020-09-25,2020-09-28,2020,-0.003949725760233484,-0.003949725760233484,,1928,0.00010578915367779223,89.95638023713931,0.6499999999999999,0.35,1.1102230246251565e-16,0.29999999999999993,6,6,5,6,2,0,0.0,89.9468648344325,89.9468648344325,0.009515402706805386,0.013230124001168742,100.02250457642681
2020-09-25,2020-09-28,2020-09-29,2020,0.09697539769133738,0.09697539769133738,,1928,0.005179264507433406,90.42228812451872,1.0,0.0,0.0,1.0,6,6,5,6,3,0,0.0,89.95638023713931,89.95638023713931,0.4659078873793996,0.0011687837758520558,100.13940925699583
2020-09-28,2020-09-29,2020-09-30,2020,0.13507259363787358,0.13507259363787358,,1926,-0.05613718809858656,85.34623512776801,1.0,0.0,0.0,1.0,6,6,5,6,3,0,0.0,90.42228812451872,90.42228812451872,-5.076052996750697,-0.01503795812074371,98.63351701435312
2020-09-29,2020-09-30,2020-10-02,2020,,,,1926,-0.002061724152373373,85.17027473349096,1.0,0.0,0.0,1.0,6,6,5,6,3,0,0.0,85.34623512776801,85.34623512776801,-0.1759603942770561,-0.006694811154740465,97.97318424441414
2020-09-30,2020-10-02,2020-10-05,2020,-0.04338305553486482,-0.04338305553486482,,1926,0.011310084419055805,86.13355773072091,0.6499999999999999,0.35,1.1102230246251565e-16,0.29999999999999993,6,6,4,6,2,0,0.0,85.17027473349096,85.17027473349096,0.9632829972299585,0.01225537236375307,99.17388209899201
2020-10-02,2020-10-05,2020-10-06,2020,-0.09539639705691716,-0.09539639705691716,,1926,-0.0013563318404644486,86.01673204383825,0.65,0.35,0.0,0.30000000000000004,6,6,3,6,2,0,0.0,86.13355773072091,86.13355773072091,-0.11682568688265953,0.005215737379751451,99.69114702295079
2020-10-05,2020-10-06,2020-10-07,2020,-0.012275823013273332,-0.012275823013273332,,1928,0.002560968760104114,86.23701820744876,0.9999999999999999,0.0,1.1102230246251565e-16,0.9999999999999999,6,6,4,6,3,0,0.0,86.01673204383825,86.01673204383825,0.22028616361051626,-0.00046556822153365207,99.64473399292866
2020-10-06,2020-10-07,2020-10-08,2020,0.012010899548205103,0.012010899548205103,,1928,0.014561310015447583,87.49274216437522,1.0,0.0,0.0,1.0,6,6,4,6,3,0,0.0,86.23701820744876,86.23701820744876,1.255723956926459,0.009573996640882765,100.59873234145861
2020-10-07,2020-10-08,2020-10-09,2020,-0.06886911724597529,-0.06886911724597529,,1925,0.0007986184078820967,87.56261547882377,0.6499999999999999,0.35,1.1102230246251565e-16,0.29999999999999993,6,6,6,6,2,0,0.0,87.49274216437522,87.49274216437522,0.06987331444855212,-0.0011578601492701068,100.48225307821335
2020-10-08,2020-10-09,2020-10-12,2020,-0.04109925881979716,-0.04109925881979716,,1924,0.0002814776451950829,87.58726239763587,0.75,0.25,0.0,0.5,6,6,5,6,2,0,0.0,87.56261547882377,87.56261547882377,0.02464691881210183,-0.002582591050094174,100.22274851072027
2020-10-09,2020-10-12,2020-10-13,2020,0.03847624997617692,0.03847624997617692,,1924,0.0088163541894467,88.35946272541743,0.9999999999999999,0.0,1.1102230246251565e-16,0.9999999999999999,6,6,5,6,3,0,0.0,87.58726239763587,87.58726239763587,0.7722003277815644,0.001829049068517774,100.40606083552808
2020-10-12,2020-10-13,2020-10-14,2020,-0.03450609374864935,-0.03450609374864935,,1923,-0.006602015795658952,87.77611215680828,0.65,0.35,0.0,0.30000000000000004,6,6,4,6,2,0,0.0,88.35946272541743,88.35946272541743,-0.5833505686091442,0.0010571236576224496,100.51220245780598
2020-10-13,2020-10-14,2020-10-15,2020,-0.002107248251785792,-0.002107248251785792,,1923,-0.008088171951440187,87.06616386845512,1.0,0.0,0.0,1.0,6,6,4,6,3,0,0.0,87.77611215680828,87.77611215680828,-0.7099482883531647,-0.00505783068583765,100.00382875591376
2020-10-14,2020-10-15,2020-10-16,2020,-0.0307701227524673,-0.0307701227524673,,1921,-0.01370717165616387,85.87273301486651,1.0,0.0,0.0,1.0,6,6,1,6,3,0,0.0,87.06616386845512,87.06616386845512,-1.193430853588607,-0.004109374009613198,99.5928756211624
2020-10-15,2020-10-16,2020-10-19,2020,-0.0690021771861123,-0.0690021771861123,,1921,-0.02750403734623852,83.51088615900206,0.6499999999999999,0.35,1.1102230246251565e-16,0.29999999999999993,6,6,5,6,2,0,0.0,85.87273301486651,85.87273301486651,-2.361846855864458,0.011127423738703346,100.70108774955506
2020-10-16,2020-10-19,2020-10-20,2020,0.2040508706648671,0.2040508706648671,,1921,-0.0038613433716273193,83.18842195227327,0.3,0.7,0.0,-0.39999999999999997,6,6,4,6,0,0,0.0,83.51088615900206,83.51088615900206,-0.32246420672878623,-0.00439733971297529,100.25827085725413
2020-10-19,2020-10-20,2020-10-21,2020,-0.14232278443751298,-0.14232278443751298,,1920,-0.01145744681422955,82.23529503219541,1.0,0.0,0.0,1.0,6,6,4,6,3,0,0.0,83.18842195227327,83.18842195227327,-0.9531269200778569,0.0030729357611307684,100.56635808312053
2020-10-20,2020-10-21,2020-10-22,2020,-0.07951761497551571,-0.07951761497551571,,1921,-0.014300022457465143,81.05932846643874,0.65,0.35,0.0,0.30000000000000004,6,6,3,6,2,0,0.0,82.23529503219541,82.23529503219541,-1.175966565756666,-0.006987892278419117,99.86361120600277
2020-10-21,2020-10-22,2020-10-23,2020,0.019991912158142826,0.019991912158142826,,1920,0.0021786803793113836,81.23593083492872,1.0,0.0,0.0,1.0,6,6,4,6,3,0,0.0,81.05932846643874,81.05932846643874,0.1766023684899868,0.0018028249653769812,100.04364781741766
2020-10-22,2020-10-23,2020-10-26,2020,-0.004569622382269068,-0.004569622382269068,,1921,-0.004764531069740879,80.84887971848639,0.65,0.35,0.0,0.30000000000000004,6,6,5,6,2,0,0.0,81.23593083492872,81.23593083492872,-0.38705111644233897,-0.0009461405756532315,99.94899246288124
2020-10-23,2020-10-26,2020-10-27,2020,-0.1570033295601851,-0.1570033295601851,,1921,-0.009423393178322678,80.08700893687217,0.9999999999999998,0.0,2.220446049250313e-16,0.9999999999999998,6,6,4,6,3,0,0.0,80.84887971848639,80.84887971848639,-0.7618707816142154,-0.00036349180270656145,99.9126618234322
2020-10-26,2020-10-27,2020-10-28,2020,-0.25149535032217263,-0.25149535032217263,,1921,-0.03142517214402505,77.57026089453089,1.0,0.0,0.0,1.0,6,6,0,6,3,0,0.0,80.08700893687217,80.08700893687217,-2.5167480423412805,-0.0028651355287024893,99.62639850627465
2020-10-27,2020-10-28,2020-10-29,2020,-0.0010380707348298392,-0.0010380707348298392,,1920,-0.022446672161501296,75.82906667874923,1.0,0.0,0.0,1.0,6,6,2,6,3,0,0.0,77.57026089453089,77.57026089453089,-1.7411942157816591,-0.003696648505818634,99.25811472909633
2020-10-28,2020-10-29,2020-10-30,2020,-0.04832143761084057,-0.04832143761084057,,1920,-0.00829461871218213,75.20009348334837,0.6499999999999999,0.35,1.1102230246251565e-16,0.29999999999999993,6,6,3,6,2,0,0.0,75.82906667874923,75.82906667874923,-0.6289731954008597,-0.015207050935327149,97.74869152266642
2020-10-29,2020-10-30,2020-11-02,2020,0.008107806639207701,0.008107806639207701,,1920,0.007484330996824693,75.7629158739699,0.6499999999999999,0.35,1.1102230246251565e-16,0.29999999999999993,6,6,5,6,2,0,0.0,75.20009348334837,75.20009348334837,0.5628223906215388,0.013855081117615686,99.10300757285376
2020-10-30,2020-11-02,2020-11-04,2020,-0.028153643763457192,-0.028153643763457192,,1920,0.009399272585823182,76.47503217216614,0.9999999999999998,0.0,2.220446049250313e-16,0.9999999999999998,6,6,4,6,3,0,0.0,75.7629158739699,75.7629158739699,0.7121162981962332,0.017159981249581513,100.80361332458105
2020-11-02,2020-11-04,2020-11-05,2020,-0.0183550635144311,-0.0183550635144311,,1921,-0.005556815644961482,76.05007451694291,1.0000000000000002,0.0,-2.220446049250313e-16,1.0000000000000002,6,6,5,6,3,0,0.0,76.47503217216614,76.47503217216614,-0.4249576552232255,0.017305170703133088,102.54803706065555
2020-11-04,2020-11-05,2020-11-06,2020,0.061790944135168,0.061790944135168,,1922,0.024445170556402197,77.90913155933669,1.0,0.0,0.0,1.0,6,6,4,6,3,0,0.0,76.05007451694291,76.05007451694291,1.859057042393766,0.009124556943540973,103.48374246426384
2020-11-05,2020-11-06,2020-11-09,2020,-0.0021734437058968568,-0.0021734437058968568,,1922,0.002373206393897398,78.0940260084963,1.0,0.0,0.0,1.0,6,6,5,6,3,0,0.0,77.90913155933669,77.90913155933669,0.18489444915961137,0.02115540120278414,105.67298255406092
2020-11-06,2020-11-09,2020-11-10,2020,0.01955026815404892,0.01955026815404892,,1925,0.005695169011634012,78.53878468541363,1.0,0.0,0.0,1.0,6,6,4,6,3,0,0.0,78.0940260084963,78.0940260084963,0.44475867691732873,0.0026469574683249952,105.95269444443258
2020-11-09,2020-11-10,2020-11-11,2020,-0.06720327214442111,-0.06720327214442111,,1924,0.001074663875463788,78.62318748013787,1.0,0.0,0.0,1.0,6,6,6,6,3,0,0.0,78.53878468541363,78.53878468541363,0.08440279472424263,0.017827724619251972,107.84158990365566
2020-11-10,2020-11-11,2020-11-12,2020,0.21684885067367646,0.21684885067367646,,1925,-0.005127346664909309,78.22005914202705,0.43999999999999995,0.5599999999999999,1.1102230246251565e-16,-0.12,6,6,4,6,1,0,0.0,78.62318748013787,78.62318748013787,-0.4031283381108242,0.0067567141098874295,108.5702446957904
2020-11-11,2020-11-12,2020-11-13,2020,0.04381547080209742,0.04381547080209742,,1927,-0.0001768249426387068,78.20622788455607,0.65,0.35,0.0,0.30000000000000004,6,6,5,6,2,0,0.0,78.22005914202705,78.22005914202705,-0.013831257470985188,-0.0052901780816336785,107.99588876698311
2020-11-12,2020-11-13,2020-11-16,2020,-0.027778276826637728,-0.027778276826637728,,1930,0.017236896320330587,79.5542605262063,1.0,0.0,0.0,1.0,6,6,5,6,3,0,0.0,78.20622788455607,78.20622788455607,1.34803264165024,0.02052559159879097,110.21256827416266
2020-11-13,2020-11-16,2020-11-17,2020,-0.017990875388697643,-0.017990875388697643,,1931,-0.003383080774057851,79.28512203692571,0.9999999999999998,0.0,2.220446049250313e-16,0.9999999999999998,6,6,3,6,3,0,0.0,79.5542605262063,79.5542605262063,-0.26913848928059797,0.00415680283229225,110.67070019011891
2020-11-16,2020-11-17,2020-11-18,2020,-0.04906354736455572,-0.04906354736455572,,1931,-0.008303129090580667,78.62680743369067,0.65,0.35,0.0,0.30000000000000004,6,6,4,6,2,0,0.0,79.28512203692571,79.28512203692571,-0.6583146032350362,-0.011012269254749851,109.45196464101363
2020-11-17,2020-11-18,2020-11-19,2020,-0.08299975737648718,-0.08299975737648718,,1930,0.004803045491255532,79.00445556662687,0.65,0.35,0.0,0.30000000000000004,6,6,4,6,2,0,0.0,78.62680743369067,78.62680743369067,0.3776481329362049,-0.0036458134944850062,109.05292319132754
2020-11-18,2020-11-19,2020-11-20,2020,-0.04066818391029359,-0.04066818391029359,,1933,-0.0007529403743263562,78.94496992227909,1.0,0.0,0.0,1.0,6,6,5,6,3,0,0.0,79.00445556662687,79.00445556662687,-0.05948564434778601,-0.004172918046651541,108.59785428010234
2020-11-19,2020-11-20,2020-11-24,2020,-0.06054323780399606,-0.06054323780399606,,1933,0.002245002163727646,79.12220155057001,0.6499999999999999,0.35,1.1102230246251565e-16,0.29999999999999993,6,6,3,6,2,0,0.0,78.94496992227909,78.94496992227909,0.17723162829093048,0.025001400457626444,111.31295272379813
2020-11-20,2020-11-24,2020-11-25,2020,0.041478055968955534,0.041478055968955534,,1933,0.0024683480384942434,79.31750268156871,0.9999999999999998,0.0,2.220446049250313e-16,0.9999999999999998,6,6,4,6,3,0,0.0,79.12220155057001,79.12220155057001,0.19530113099869567,0.005016894325715615,111.87139804469682
2020-11-24,2020-11-25,2020-11-26,2020,-0.0386385140212311,-0.0386385140212311,,1933,0.010352233569543658,80.13861599548122,0.9999999999999998,0.0,2.220446049250313e-16,0.9999999999999998,6,6,4,6,3,0,0.0,79.31750268156871,79.31750268156871,0.8211133139125047,0.009143677229904945,112.89431399967573
2020-11-25,2020-11-26,2020-11-27,2020,0.01707532623671881,0.01707532623671881,,1932,0.000865462608872598,80.2079729711521,1.0,0.0,0.0,1.0,6,6,6,6,3,0,0.0,80.13861599548122,80.13861599548122,0.06935697567088848,0.004047132132081188,113.35121220539308
2020-11-26,2020-11-27,2020-11-30,2020,0.01237805198760725,0.01237805198760725,,1931,0.007406799258216889,80.80205732585792,1.0,0.0,0.0,1.0,6,6,3,6,3,0,0.0,80.2079729711521,80.2079729711521,0.5940843547058097,-0.007922398104539319,112.45319877666984
2020-11-27,2020-11-30,2020-12-01,2020,0.07507029884088051,0.07507029884088051,,1931,0.006394763822709968,81.31876739884585,1.0,0.0,0.0,1.0,6,6,4,6,3,0,0.0,80.80205732585792,80.80205732585792,0.5167100729879331,0.013389009904810623,113.9588357689183
2020-11-30,2020-12-01,2020-12-02,2020,-0.03764238808469826,-0.03764238808469826,,1933,0.004589321962758356,81.69196540405382,0.9999999999999998,0.0,2.220446049250313e-16,0.9999999999999998,6,6,5,6,3,0,0.0,81.31876739884585,81.31876739884585,0.3731980052079615,0.0005017258023691795,114.01601185723152
2020-12-01,2020-12-02,2020-12-03,2020,0.04035087564278519,0.04035087564278519,,1935,-0.004457874488745004,81.32779287554365,1.0,0.0,0.0,1.0,6,6,4,6,3,0,0.0,81.69196540405382,81.69196540405382,-0.364172528510171,0.00031304825420552795,114.05170437069489
2020-12-02,2020-12-03,2020-12-04,2020,0.04114884326833806,0.04114884326833806,,1937,0.0008925069192679968,81.40037849341387,0.65,0.35,0.0,0.30000000000000004,6,6,6,6,2,0,0.0,81.32779287554365,81.32779287554365,0.07258561787021721,-0.002168271764685148,113.8044092803937
2020-12-03,2020-12-04,2020-12-07,2020,0.02578003745498336,0.02578003745498336,,1936,-0.002403684022189762,81.20471770422905,1.0,0.0,0.0,1.0,6,6,5,6,3,0,0.0,81.40037849341387,81.40037849341387,-0.19566078918481805,-0.007618338439638772,112.9374087745725
2020-12-04,2020-12-07,2020-12-08,2020,-0.05654402837778472,-0.05654402837778472,,1936,0.006466692549910653,81.72984364722458,0.9999999999999998,0.0,2.220446049250313e-16,0.9999999999999998,6,6,4,6,3,0,0.0,81.20471770422905,81.20471770422905,0.5251259429955357,-0.0030270338684256215,112.59554341319964
2020-12-07,2020-12-08,2020-12-09,2020,0.12944807970856492,0.12944807970856492,,1936,0.0010572648205550083,81.81625373570226,0.6499999999999999,0.35,1.1102230246251565e-16,0.29999999999999993,6,6,5,6,2,0,0.0,81.72984364722458,81.72984364722458,0.08641008847767179,0.013256468035007796,114.08816263534105
2020-12-08,2020-12-09,2020-12-10,2020,-0.0005535768272579218,-0.0005535768272579218,,1936,-0.0013070139742403473,81.70931874874971,0.6499999999999999,0.35,1.1102230246251565e-16,0.29999999999999993,6,6,3,6,2,0,0.0,81.81625373570226,81.81625373570226,-0.10693498695255688,-0.00230069871138483,113.82568014658165
2020-12-09,2020-12-10,2020-12-11,2020,-0.09566363347073234,-0.09566363347073234,,1936,0.0008710005652182383,81.78048761156347,1.0,0.0,0.0,1.0,6,6,6,6,3,0,0.0,81.70931874874971,81.70931874874971,0.0711688628137582,-0.0038764789073502115,113.38443729837864
2020-12-10,2020-12-11,2020-12-14,2020,0.02324661282858069,0.02324661282858069,,1935,0.005506138372033504,82.23078229248512,0.9999999999999998,0.0,2.220446049250313e-16,0.9999999999999998,6,6,3,6,3,0,0.0,81.78048761156347,81.78048761156347,0.4502946809216402,0.00299859075239417,113.72443082352697
2020-12-11,2020-12-14,2020-12-15,2020,0.02094779290826459,0.02094779290826459,,1936,-0.0055011334219466825,81.7784197877031,0.9999999999999998,0.0,2.220446049250313e-16,0.9999999999999998,6,6,4,6,3,0,0.0,82.23078229248512,82.23078229248512,-0.4523625047820113,-0.0016683849285735741,113.53469469713038
2020-12-14,2020-12-15,2020-12-16,2020,0.023473369443154483,0.023473369443154483,,1937,0.00465309015742361,82.15894214790691,0.65,0.35,0.0,0.30000000000000004,6,6,4,6,2,0,0.0,81.7784197877031,81.7784197877031,0.38052236020381747,0.002606430494187739,113.83061498753729
2020-12-15,2020-12-16,2020-12-17,2020,0.03308082010016252,0.03308082010016252,,1937,-0.005567687008521094,81.70150687307617,0.6499999999999999,0.35,1.1102230246251565e-16,0.29999999999999993,6,6,4,6,2,0,0.0,82.15894214790691,82.15894214790691,-0.4574352748307375,0.0018413597733710763,114.04021810295342
2020-12-16,2020-12-17,2020-12-18,2020,0.056387646308006384,0.056387646308006384,,1937,-0.0010213322575659835,81.61806248861495,1.0,0.0,0.0,1.0,6,6,5,6,3,0,0.0,81.70150687307617,81.70150687307617,-0.0834443844612216,-0.0016145235495493848,113.85609748523045
2020-12-17,2020-12-18,2020-12-21,2020,0.05195972469634842,0.05195972469634842,,1937,0.0009332110563531004,81.69422936692744,1.0,0.0,0.0,1.0,6,6,6,6,3,0,0.0,81.61806248861495,81.61806248861495,0.07616687831249372,-0.0018297383104308729,113.64777062178557
2020-12-18,2020-12-21,2020-12-22,2020,-0.03186582498233548,-0.03186582498233548,,1938,-0.033814175729816966,78.93180633900218,1.0,0.0,0.0,1.0,6,6,1,6,3,0,0.0,81.69422936692744,81.69422936692744,-2.7624230279252586,-0.01040748779123779,112.46498283653794
2020-12-21,2020-12-22,2020-12-23,2020,-0.08505222982596986,-0.08505222982596986,,1939,-5.557072816397058e-05,78.92742004104862,1.0,0.0,0.0,1.0,6,6,5,6,3,0,0.0,78.93180633900218,78.93180633900218,-0.00438629795355586,0.0033438756199315467,112.84105175074106
2020-12-22,2020-12-23,2020-12-24,2020,0.026832480170509026,0.026832480170509026,,1939,0.004573442999706561,79.28839009772025,1.0,0.0,0.0,1.0,6,6,3,6,3,0,0.0,78.92742004104862,78.92742004104862,0.3609700566716332,0.005412295441358683,113.45178086072971
2020-12-23,2020-12-24,2020-12-25,2020,0.05158986082974488,0.05158986082974488,,1940,6.91915613662252e-05,79.29387618522932,1.0,0.0,0.0,1.0,6,6,5,6,3,0,0.0,79.28839009772025,79.28839009772025,0.005486087509075614,-0.0004402222109728404,113.4018368669204
2020-12-24,2020-12-25,2020-12-28,2020,-0.01686164828648469,-0.01686164828648469,,1940,-0.009759951211826835,78.51997182226485,1.0,0.0,0.0,1.0,6,6,3,6,3,0,0.0,79.29387618522932,79.29387618522932,-0.773904362964476,0.007406043003967744,114.24169574748575
2020-12-25,2020-12-28,2020-12-29,2020,-0.05893791430712829,-0.05893791430712829,,1941,0.012389279687389275,79.49277771421681,1.0,0.0,0.0,1.0,6,6,2,6,3,0,0.0,78.51997182226485,78.51997182226485,0.9728058919519642,0.026592656670153536,117.27968593991478
2020-12-28,2020-12-29,2020-12-30,2020,-0.0809794164179404,-0.0809794164179404,,1941,0.00591511761102852,79.96298684362375,1.0,0.0,0.0,1.0,6,6,4,6,3,0,0.0,79.49277771421681,79.49277771421681,0.4702091294069394,-0.004497218710722506,116.75225354191814
2020-12-29,2020-12-30,2021-01-04,2020,-0.009156549769941505,-0.009156549769941505,,1941,0.0012467265279745706,80.06267882057779,1.0,0.0,0.0,1.0,6,6,4,6,3,0,0.0,79.96298684362375,79.96298684362375,0.09969197695402732,-0.006769743810798312,115.96187069610598
2020-12-30,2021-01-04,2021-01-05,2021,-0.08451687284167023,-0.08451687284167023,,1941,-0.000632332023262542,80.01205262489135,0.9999999999999998,0.0,2.220446049250313e-16,0.9999999999999998,6,6,5,6,3,0,0.0,80.06267882057779,80.06267882057779,-0.05062619568643502,-0.003659425101565139,115.5375169156562
2021-01-04,2021-01-05,2021-01-06,2021,-0.036424209526216306,-0.036424209526216306,,1943,0.006970838588128869,80.56980372884435,0.8499999999999999,0.15000000000000002,1.1102230246251565e-16,0.6999999999999998,6,6,4,6,2,0,0.0,80.01205262489135,80.01205262489135,0.5577511039529904,-0.003781118561577035,115.10065586588789
2021-01-05,2021-01-06,2021-01-07,2021,-0.026567613952170676,-0.026567613952170676,,1942,-0.0030476230558331486,80.32425733739638,1.0,0.0,0.0,1.0,6,6,3,6,3,0,0.0,80.56980372884435,80.56980372884435,-0.24554639144797763,0.016047862317849715,116.94777534391787
2021-01-06,2021-01-07,2021-01-08,2021,0.07321421490973393,0.07321421490973393,,1942,0.0026922471391826294,80.54051008941995,0.8499999999999999,0.15000000000000002,1.1102230246251565e-16,0.6999999999999998,6,6,3,6,2,0,0.0,80.32425733739638,80.32425733739638,0.21625275202357472,0.02360483562645932,119.70830835779114
2021-01-07,2021-01-08,2021-01-12,2021,0.04000522989636637,0.04000522989636637,,1943,-0.004287548734489441,80.19518872731092,1.0,0.0,0.0,1.0,6,6,3,6,3,0,0.0,80.54051008941995,80.54051008941995,-0.3453213621090266,0.0008994624192804057,119.8159814824346
2021-01-08,2021-01-12,2021-01-13,2021,-0.0029700462708355012,-0.0029700462708355012,,1943,0.0064115512220150606,80.70936428759524,0.7,0.30000000000000004,0.0,0.3999999999999999,6,6,4,6,0,0,0.0,80.19518872731092,80.19518872731092,0.5141755602843188,0.010376596788705061,121.05926361112078
2021-01-12,2021-01-13,2021-01-14,2021,0.056226286144007674,0.056226286144007674,,1942,-0.002073409009154344,80.54202076455822,0.7599999999999999,0.24000000000000005,5.551115123125783e-17,0.5199999999999998,6,6,4,6,1,0,0.0,80.70936428759524,80.70936428759524,-0.16734352303701983,0.008492584670193981,122.08736965744956
2021-01-13,2021-01-14,2021-01-15,2021,0.02020173484382272,0.02020173484382272,,1941,-0.0048109529091173615,80.15453689545477,0.85,0.15000000000000002,0.0,0.7,6,6,3,6,2,0,0.0,80.54202076455822,80.54202076455822,-0.3874838691034423,-0.006240099573981084,121.32553231406162
2021-01-14,2021-01-15,2021-01-18,2021,-0.08606591670166429,-0.08606591670166429,,1941,-0.007356914319007986,79.56484683523514,0.85,0.15000000000000002,0.0,0.7,6,6,4,6,2,0,0.0,80.15453689545477,80.15453689545477,-0.5896900602196251,-0.00971170980371805,120.14725395244584
2021-01-15,2021-01-18,2021-01-19,2021,0.19450938766348244,0.19450938766348244,,1943,0.00785549025295829,80.18986771402746,0.8499999999999999,0.15000000000000002,1.1102230246251565e-16,0.6999999999999998,6,6,5,6,2,0,0.0,79.56484683523514,79.56484683523514,0.6250208787923089,0.013853377621652063,121.8116992316536
2021-01-18,2021-01-19,2021-01-20,2021,0.002920425951980546,0.002920425951980546,,1942,-0.0010094478972065915,80.10892022068626,0.76,0.24000000000000002,-2.7755575615628914e-17,0.52,6,6,4,6,1,0,0.0,80.18986771402746,80.18986771402746,-0.08094749334119976,-0.0038486442085587935,121.34288934087098
2021-01-19,2021-01-20,2021-01-21,2021,-0.08068696331152557,-0.08068696331152557,,1941,0.017806290322825376,81.53536291158386,0.85,0.15000000000000002,0.0,0.7,6,6,3,6,2,0,0.0,80.10892022068626,80.10892022068626,1.4264426908975958,0.008189807195951637,122.33666420917243
2021-01-20,2021-01-21,2021-01-22,2021,0.01214548553576311,0.01214548553576311,,1940,0.0036365732657777415,81.83187223256361,0.7599999999999999,0.24000000000000007,2.7755575615628914e-17,0.5199999999999998,6,6,5,6,1,0,0.0,81.53536291158386,81.53536291158386,0.29650932097975186,-0.004361046372934996,121.80314834344603
2021-01-21,2021-01-22,2021-01-25,2021,0.060479354588071556,0.060479354588071556,,1941,0.005176624374573778,82.25548509697971,0.9999999999999998,0.0,2.220446049250313e-16,0.9999999999999998,6,6,4,6,3,0,0.0,81.83187223256361,81.83187223256361,0.4236128644160959,0.006665397665853501,122.61501476410805
2021-01-22,2021-01-25,2021-01-26,2021,-0.04319422442964251,-0.04319422442964251,,1941,-0.010508161048853878,81.39113121242904,0.7599999999999999,0.24000000000000005,5.551115123125783e-17,0.5199999999999998,6,6,5,6,1,0,0.0,82.25548509697971,82.25548509697971,-0.8643538845506629,-0.009579738459365994,121.44039499147661
2021-01-25,2021-01-26,2021-01-27,2021,0.060563436713208976,0.060563436713208976,,1941,0.023161742725770026,83.27629165373072,0.7,0.30000000000000004,0.0,0.3999999999999999,6,6,3,6,0,0,0.0,81.39113121242904,81.39113121242904,1.8851604413016723,0.003118806088940662,121.81914403481939
2021-01-26,2021-01-27,2021-01-28,2021,0.021121613773090485,0.021121613773090485,,1939,0.020557611229172875,84.98825328215533,0.7,0.3000000000000001,-5.551115123125783e-17,0.39999999999999986,6,6,4,6,0,0,0.0,83.27629165373072,83.27629165373072,1.7119616284246102,-0.015288520670880379,119.9567095331341
2021-01-27,2021-01-28,2021-01-29,2021,-0.04800423282098575,-0.04800423282098575,,1942,-0.007240797507485428,84.37287054962435,0.85,0.15000000000000002,0.0,0.7,6,6,4,6,2,0,0.0,84.98825328215533,84.98825328215533,-0.6153827325309705,-0.01893896675653295,117.684853399063
2021-01-28,2021-01-29,2021-02-01,2021,-0.028452922613479616,-0.028452922613479616,,1942,0.0005221507700496344,84.41692590895313,0.75,0.25,0.0,0.5,6,6,4,6,2,0,0.0,84.37287054962435,84.37287054962435,0.044055359328784474,0.015459421278447794,119.5041931258515
2021-01-29,2021-02-01,2021-02-02,2021,-0.11383763410821526,-0.11383763410821526,,1942,0.006730362132181816,84.98508239040595,0.65,0.35,0.0,0.30000000000000004,6,6,4,6,2,0,0.0,84.41692590895313,84.41692590895313,0.5681564814528162,0.009651472622062895,120.65758457402738
2021-02-01,2021-02-02,2021-02-03,2021,0.06045882495518855,0.06045882495518855,,1942,0.04533737027584847,88.83808253866327,1.0,0.0,0.0,1.0,6,6,3,6,3,0,0.0,84.98508239040595,84.98508239040595,3.853000148257324,0.010024973406477677,121.86717365067183
2021-02-02,2021-02-03,2021-02-04,2021,0.05677609888373475,0.05677609888373475,,1945,0.003178290194393753,89.12043574528465,0.76,0.24000000000000002,-2.7755575615628914e-17,0.52,6,6,3,6,1,0,0.0,88.83808253866327,88.83808253866327,0.28235320662137636,-0.010631316216640707,120.57156519116327
2021-02-03,2021-02-04,2021-02-05,2021,0.22911529326704297,0.22911529326704297,,1946,0.00731620149560976,89.7724588105737,0.76,0.24000000000000005,-5.551115123125783e-17,0.52,6,6,2,6,1,0,0.0,89.12043574528465,89.12043574528465,0.6520230652890451,0.015427308283304297,122.43165989756788
2021-02-04,2021-02-05,2021-02-08,2021,0.05896071478708256,0.05896071478708256,,1947,0.007945743079407671,90.48576770388922,1.0,0.0,0.0,1.0,6,6,4,6,3,0,0.0,89.7724588105737,89.7724588105737,0.7133088933155262,0.021171895386909778,125.02377019296492
2021-02-05,2021-02-08,2021-02-09,2021,-0.26587402742078386,-0.26587402742078386,,1948,-0.0010390103973539275,90.39175205043233,0.85,0.15000000000000002,0.0,0.7,6,6,5,6,2,0,0.0,90.48576770388922,90.48576770388922,-0.09401565345689311,0.003995780662503945,125.5233377562553
2021-02-08,2021-02-09,2021-02-10,2021,0.0677129239178171,0.0677129239178171,,1948,-0.012955873567376009,89.22064793933333,0.85,0.15000000000000002,0.0,0.7,6,6,3,6,2,0,0.0,90.39175205043233,90.39175205043233,-1.1711041110990024,0.001931815062260256,125.765825630798
2021-02-09,2021-02-10,2021-02-12,2021,-0.006515597654890045,-0.006515597654890045,,1951,-0.04600180998637261,85.11633664596707,0.85,0.15000000000000002,0.0,0.7,6,6,4,6,2,0,0.0,89.22064793933333,89.22064793933333,-4.104311293366259,-0.0014497886373238122,125.58349176583484
2021-02-10,2021-02-12,2021-02-15,2021,-0.048094554812997216,-0.048094554812997216,,1951,0.021437656148409975,86.94103140359562,0.85,0.15000000000000002,0.0,0.7,6,6,4,6,2,0,0.0,85.11633664596707,85.11633664596707,1.824694757628549,0.019108355772869068,127.98318580569558
2021-02-12,2021-02-15,2021-02-16,2021,-0.07612676366900521,-0.07612676366900521,,1952,-0.004798186803122472,86.52387209406503,0.85,0.15000000000000002,0.0,0.7,6,6,5,6,2,0,0.0,86.94103140359562,86.94103140359562,-0.4171593095305889,0.012750900391069742,129.61508665963578
2021-02-15,2021-02-16,2021-02-17,2021,0.04868184858763864,0.04868184858763864,,1953,-0.015307474216424942,85.19941015287988,1.0000000000000002,0.0,-2.220446049250313e-16,1.0000000000000002,6,6,3,6,3,0,0.0,86.52387209406503,86.52387209406503,-1.32446194118515,-0.00576215834776117,128.8682240060442
2021-02-16,2021-02-17,2021-02-18,2021,0.05486085229935919,0.05486085229935919,,1954,0.07626445142120071,91.69709642959914,0.85,0.15000000000000002,0.0,0.7,6,6,4,6,2,0,0.0,85.19941015287988,85.19941015287988,6.497686276719262,-0.001851962502545934,128.6295648874153
2021-02-17,2021-02-18,2021-02-19,2021,-0.0783849340225779,-0.0783849340225779,,1955,-0.08747872320561635,83.67555151227553,1.0,0.0,0.0,1.0,6,6,1,6,3,0,0.0,91.69709642959914,91.69709642959914,-8.021544917323615,-0.007215549365013896,127.7014319121699
2021-02-18,2021-02-19,2021-02-22,2021,0.10027080022639485,0.10027080022639485,,1954,0.05869644806816147,88.58700917619058,1.0000000000000002,0.0,-2.220446049250313e-16,1.0000000000000002,6,6,4,6,3,0,0.0,83.67555151227553,83.67555151227553,4.9114576639150505,0.004600918384751518,128.28897577801368
2021-02-19,2021-02-22,2021-02-24,2021,0.09832815733508737,0.09832815733508737,,1955,0.007525672109722986,89.25368596043161,0.75,0.25,0.0,0.5,6,6,5,6,2,0,0.0,88.58700917619058,88.58700917619058,0.6666767842410316,-0.01606080110677688,126.22855205385089
2021-02-22,2021-02-24,2021-02-25,2021,0.035433873702689855,0.035433873702689855,,1956,0.0019080677786940075,89.42398804274238,1.0,0.0,0.0,1.0,6,6,5,6,3,0,0.0,89.25368596043161,89.25368596043161,0.17030208231077326,0.01673547521712604,128.3410468584418
2021-02-24,2021-02-25,2021-02-26,2021,0.08825577141969257,0.08825577141969257,,1957,0.010025714374549266,90.32052740509202,0.75,0.25,0.0,0.5,6,6,3,6,2,0,0.0,89.42398804274238,89.42398804274238,0.8965393623496439,-0.03985180456154769,123.22642454181477
2021-02-25,2021-02-26,2021-03-01,2021,-0.09404118348761564,-0.09404118348761564,,1958,0.013769831749317235,91.56422587096974,0.7599999999999999,0.24000000000000002,8.326672684688674e-17,0.5199999999999999,6,6,3,6,1,0,0.0,90.32052740509202,90.32052740509202,1.2436984658777135,0.0240796022648615,126.19366783330264
2021-02-26,2021-03-01,2021-03-02,2021,-0.10306119569288517,-0.10306119569288517,,1958,-0.0001369372863532691,91.55168731435192,0.43999999999999995,0.5599999999999999,1.1102230246251565e-16,-0.12,6,6,5,6,1,0,0.0,91.56422587096974,91.56422587096974,-0.012538556617808394,-0.008607547996696385,125.10744978054834
2021-03-01,2021-03-02,2021-03-03,2021,0.3019534582174072,0.3019534582174072,,1958,0.006981127278380705,92.19082129604392,1.0000000000000002,0.0,-2.220446049250313e-16,1.0000000000000002,6,6,4,6,3,0,0.0,91.55168731435192,91.55168731435192,0.639133981692003,0.005132247263260448,125.74953214729805
2021-03-02,2021-03-03,2021-03-04,2021,0.2008111819537501,0.2008111819537501,,1958,-0.00021501310403228993,92.17099906139377,1.0,0.0,0.0,1.0,6,6,2,6,3,0,0.0,92.19082129604392,92.19082129604392,-0.01982223465014854,-0.021279064653524582,123.07369972258522
2021-03-03,2021-03-04,2021-03-05,2021,0.09070585265559003,0.09070585265559003,,1959,0.00041977193323138317,92.20968985985765,1.0000000000000002,0.0,-2.220446049250313e-16,1.0000000000000002,6,6,6,6,3,0,0.0,92.17099906139377,92.17099906139377,0.03869079846386927,-0.002274101273724849,122.79381766528405
2021-03-04,2021-03-05,2021-03-08,2021,0.1292957810704467,0.1292957810704467,,1956,0.019343657894050414,93.99336255502323,1.0,0.0,0.0,1.0,6,6,4,6,3,0,0.0,92.20968985985765,92.20968985985765,1.783672695165576,-0.004194451835345503,122.27876491140883
2021-03-05,2021-03-08,2021-03-09,2021,0.10435651295629027,0.10435651295629027,,1955,0.002082868962438522,94.18913841256432,0.75,0.25,0.0,0.5,6,6,2,6,2,0,0.0,93.99336255502323,93.99336255502323,0.19577585754108906,0.009904586294173345,123.48988549041881
2021-03-08,2021-03-09,2021-03-10,2021,-0.11609977026868354,-0.11609977026868354,,1955,-0.0004970623313676259,94.14232053983547,1.0,0.0,0.0,1.0,6,6,5,6,3,0,0.0,94.18913841256432,94.18913841256432,-0.04681787272885722,0.0002969552782596807,123.52655646372688
2021-03-09,2021-03-10,2021-03-11,2021,-0.05786411999374682,-0.05786411999374682,,1955,0.008409222647682742,94.93398427382446,1.0,0.0,0.0,1.0,6,6,3,6,3,0,0.0,94.14232053983547,94.14232053983547,0.7916637339889925,0.006029639874695736,124.27137711416442
2021-03-10,2021-03-11,2021-03-12,2021,-0.24201214766880857,-0.24201214766880857,,1956,-0.01958468614984826,93.07473198686698,0.85,0.15000000000000002,0.0,0.7,6,6,2,6,2,0,0.0,94.93398427382446,94.93398427382446,-1.8592522869574826,0.01732836636354551,126.424797065301
2021-03-11,2021-03-12,2021-03-15,2021,0.11075545495775611,0.11075545495775611,,1956,0.010657347083230148,94.06666171032964,1.0,0.0,0.0,1.0,6,6,4,6,3,0,0.0,93.07473198686698,93.07473198686698,0.9919297234626646,0.0016535527661338811,126.63384713819623
2021-03-12,2021-03-15,2021-03-16,2021,-0.06447716694867854,-0.06447716694867854,,1956,-0.0019685589539342125,93.88148594115307,0.9999999999999999,0.0,1.1102230246251565e-16,0.9999999999999999,6,6,5,6,3,0,0.0,94.06666171032964,94.06666171032964,-0.18517576917656994,0.005177550822270449,127.28950031757387
2021-03-15,2021-03-16,2021-03-17,2021,-0.02781322042912948,-0.02781322042912948,,1956,-0.014146185777697355,92.55342099994324,0.76,0.24000000000000002,-2.7755575615628914e-17,0.52,6,6,3,6,1,0,0.0,93.88148594115307,93.88148594115307,-1.3280649412098338,-0.00022592759822581687,127.26074210648774
2021-03-16,2021-03-17,2021-03-18,2021,-0.035862683286757964,-0.035862683286757964,,1956,0.02789068342842273,95.1347991652702,0.6999999999999998,0.30000000000000004,1.1102230246251565e-16,0.3999999999999998,6,6,3,6,0,0,0.0,92.55342099994324,92.55342099994324,2.5813781653269494,0.010109536132014263,128.5472891770002
2021-03-17,2021-03-18,2021-03-19,2021,0.12213760812549394,0.12213760812549394,,1956,0.0003465993404619894,95.16777282391587,0.6999999999999998,0.30000000000000004,1.1102230246251565e-16,0.3999999999999998,6,6,5,6,0,0,0.0,95.1347991652702,95.1347991652702,0.03297365864566647,-0.014055118435966851,126.74054180299501
2021-03-18,2021-03-19,2021-03-22,2021,0.06723173211054814,0.06723173211054814,,1956,0.006550767313137893,95.79119475939491,0.85,0.15000000000000002,0.0,0.7,6,6,4,6,2,0,0.0,95.16777282391587,95.16777282391587,0.6234219354790408,-0.02074043243079937,124.11188815948708
2021-03-19,2021-03-22,2021-03-23,2021,-0.08052389618372519,-0.08052389618372519,,1957,0.0004603736653304147,95.83529450283268,0.8499999999999999,0.15000000000000002,1.1102230246251565e-16,0.6999999999999998,6,6,6,6,2,0,0.0,95.79119475939491,95.79119475939491,0.04409974343776225,-0.006109175417278734,123.3536668633511
2021-03-22,2021-03-23,2021-03-24,2021,-0.03584143210582977,-0.03584143210582977,,1957,-0.015609082594835831,94.33939347543755,1.0,0.0,0.0,1.0,6,6,4,6,3,0,0.0,95.83529450283268,95.83529450283268,-1.4959010273951316,-0.02036148534000637,120.84200298387695
2021-03-23,2021-03-24,2021-03-25,2021,-0.013356388425451636,-0.013356388425451636,,1958,0.0018208943859684132,94.51117554739264,0.75,0.25,0.0,0.5,6,6,5,6,2,0,0.0,94.33939347543755,94.33939347543755,0.17178207195508938,0.011418907310973392,122.22188661522222
2021-03-24,2021-03-25,2021-03-26,2021,-0.0607867187992723,-0.0607867187992723,,1957,0.013432511023299848,95.78069795475801,1.0,0.0,0.0,1.0,6,6,4,6,3,0,0.0,94.51117554739264,94.51117554739264,1.2695224073653786,0.015552449227076437,124.12273630124295
2021-03-25,2021-03-26,2021-03-29,2021,0.06451600127333602,0.06451600127333602,,1958,0.0015751332581387723,95.93156531759429,1.0,0.0,0.0,1.0,6,6,5,6,3,0,0.0,95.78069795475801,95.78069795475801,0.15086736283628363,0.007122806897284395,125.00683858347925
2021-03-26,2021-03-29,2021-03-30,2021,-0.09612257988439693,-0.09612257988439693,,1958,0.004953258276210134,96.40673913745346,0.7600000000000001,0.24000000000000005,-1.6653345369377348e-16,0.52,6,6,4,6,1,0,0.0,95.93156531759429,95.93156531759429,0.47517381985916696,0.001639638830241319,125.21180465006643
2021-03-29,2021-03-30,2021-03-31,2021,0.039063205507914596,0.039063205507914596,,1958,-0.0007636975555723971,96.33311354643348,0.8500000000000001,0.15000000000000002,-1.1102230246251565e-16,0.7000000000000001,6,6,5,6,2,0,0.0,96.40673913745346,96.40673913745346,-0.07362559101997895,-0.008626459685995513,124.13167006504189
2021-03-30,2021-03-31,2021-04-01,2021,0.16504280161385337,0.16504280161385337,,1958,-0.0005637414149721878,96.27880658069414,0.9999999999999999,0.0,1.1102230246251565e-16,0.9999999999999999,6,6,3,6,3,0,0.0,96.33311354643348,96.33311354643348,-0.054306965739342836,0.0071994050475001625,125.02534423706277
2021-03-31,2021-04-01,2021-04-02,2021,0.07793375256947441,0.07793375256947441,,1958,-0.003104350691178725,95.9799234009395,1.0,0.0,0.0,1.0,6,6,5,6,3,0,0.0,96.27880658069414,96.27880658069414,-0.2988831797546406,0.015826739850834715,127.00408783506383
2021-04-01,2021-04-02,2021-04-05,2021,-0.20308046822077733,-0.20308046822077733,,1959,0.00586753812987717,96.5430892611972,1.0000000000000002,0.0,-2.220446049250313e-16,1.0000000000000002,6,6,3,6,3,0,0.0,95.9799234009395,95.9799234009395,0.5631658602577025,0.00788001607824751,128.00488208920729
2021-04-02,2021-04-05,2021-04-06,2021,0.003924154157814852,0.003924154157814852,,1961,0.001458610257031465,96.68390800143908,0.85,0.15000000000000002,0.0,0.7,6,6,4,6,2,0,0.0,96.5430892611972,96.5430892611972,0.1408187402418865,-0.013048514004170841,126.33460859266404
2021-04-05,2021-04-06,2021-04-07,2021,-0.06290923523800616,-0.06290923523800616,,1961,0.00764402578543201,97.42296228723842,0.7599999999999999,0.24000000000000002,8.326672684688674e-17,0.5199999999999999,6,6,4,6,1,0,0.0,96.68390800143908,96.68390800143908,0.7390542857993365,0.0011502988722962293,126.47993115046017
2021-04-06,2021-04-07,2021-04-08,2021,0.22014593432128346,0.22014593432128346,,1964,-0.015242568995653917,95.9379860628142,1.0,0.0,0.0,1.0,6,6,2,6,3,0,0.0,97.42296228723842,97.42296228723842,-1.484976224424221,-0.0007335829286743145,126.38714763214828
2021-04-07,2021-04-08,2021-04-09,2021,0.06790488693599707,0.06790488693599707,,1965,0.02412944544445692,98.25291646356794,1.0,0.0,0.0,1.0,6,6,3,6,3,0,0.0,95.9379860628142,95.9379860628142,2.3149304007537435,0.001988624314937848,126.63848418702521
2021-04-08,2021-04-09,2021-04-12,2021,-0.30136931419951324,-0.30136931419951324,,1964,-0.02383416993052823,95.91113975640526,1.0,0.0,0.0,1.0,6,6,5,6,3,0,0.0,98.25291646356794,98.25291646356794,-2.341776707162673,-0.007703894711311499,125.66287463844827
2021-04-09,2021-04-12,2021-04-13,2021,0.028157134312272337,0.028157134312272337,,1964,0.02516441072192439,98.32468707004334,0.5,0.25,0.25,0.25,6,5,4,5,2,0,0.0,95.91113975640526,95.91113975640526,2.413547313638073,0.0072068095006116994,126.56850303726681
2021-04-12,2021-04-13,2021-04-14,2021,0.11447486170205966,0.11447486170205966,,1961,0.024550235489553058,100.73858129204952,1.0000000000000002,0.0,-2.220446049250313e-16,1.0000000000000002,6,6,3,6,3,0,0.0,98.32468707004334,98.32468707004334,2.4138942220061765,-0.004390350639847718,126.01282292897258
2021-04-13,2021-04-14,2021-04-15,2021,-0.14778034519145214,-0.14778034519145214,,1961,0.0004153693417126902,100.78042501024586,1.0,0.0,0.0,1.0,6,6,6,6,3,0,0.0,100.73858129204952,100.73858129204952,0.04184371819634894,0.0007325886136821946,126.10513848822829
2021-04-14,2021-04-15,2021-04-16,2021,0.060973951485463425,0.060973951485463425,,1960,0.00426639802652196,101.21039441662163,0.6499999999999999,0.35,1.1102230246251565e-16,0.29999999999999993,6,6,4,6,2,0,0.0,100.78042501024586,100.78042501024586,0.4299694063757573,0.0013723450874398857,126.27819825553352
2021-04-15,2021-04-16,2021-04-19,2021,0.05380425586241887,0.05380425586241887,,1960,0.0093009319687978,102.15174540962582,0.85,0.15000000000000002,0.0,0.7,6,6,4,6,2,0,0.0,101.21039441662163,101.21039441662163,0.9413509930041906,6.737779436760682e-05,126.28670660200869
2021-04-16,2021-04-19,2021-04-20,2021,-0.039099118032042836,-0.039099118032042836,,1963,-0.0029895220642324164,101.84636051282389,0.8499999999999999,0.15000000000000002,1.1102230246251565e-16,0.6999999999999998,6,6,4,6,2,0,0.0,102.15174540962582,102.15174540962582,-0.3053848968019288,-0.019706340193839544,123.7980577997499
2021-04-19,2021-04-20,2021-04-21,2021,-0.09591049408832486,-0.09591049408832486,,1963,-0.012513793000198847,100.57187623954279,0.75,0.25,0.0,0.5,6,6,2,6,2,0,0.0,101.84636051282389,101.84636051282389,-1.274484273281104,-0.02033753511122538,121.28031045254599
2021-04-20,2021-04-21,2021-04-22,2021,0.0370107891493338,0.0370107891493338,,1964,0.0003959365956228722,100.61169632583648,0.65,0.35,0.0,0.30000000000000004,6,6,6,6,2,0,0.0,100.57187623954279,100.57187623954279,0.039820086293689404,0.02383916404026154,124.17153166827808
2021-04-21,2021-04-22,2021-04-23,2021,0.014901732040954551,0.014901732040954551,,1966,-0.00023622867588769117,100.58792895803461,1.0,0.0,0.0,1.0,6,6,3,6,3,0,0.0,100.61169632583648,100.61169632583648,-0.023767367801866834,-0.005739996717848306,123.45878748405197
2021-04-22,2021-04-23,2021-04-26,2021,-0.12053041186366895,-0.12053041186366895,,1968,0.008569969092179386,101.4499644002513,0.6499999999999999,0.35,1.1102230246251565e-16,0.29999999999999993,6,6,3,6,2,0,0.0,100.58792895803461,100.58792895803461,0.8620354422166924,0.003638790749890708,123.90802817794166
2021-04-23,2021-04-26,2021-04-27,2021,-0.05096713917375186,-0.05096713917375186,,1969,-0.0044261926480243805,101.00092731368058,1.0,0.0,0.0,1.0,6,6,4,6,3,0,0.0,101.4499644002513,101.4499644002513,-0.44903708657072744,-0.004612337401716626,123.3365225452036
2021-04-26,2021-04-27,2021-04-28,2021,-0.007223059833382679,-0.007223059833382679,,1970,-0.004236788382783761,100.57300775818759,0.9999999999999999,0.0,1.1102230246251565e-16,0.9999999999999999,6,6,3,5,3,1,0.0,101.00092731368058,101.00092731368058,-0.42791955549298893,0.0021412884775708907,123.6006216197933
2021-04-27,2021-04-28,2021-04-30,2021,-0.04098333935681751,-0.04098333935681751,,1970,-0.003220803605687228,100.2490818521652,0.6816340266767247,0.3183659733232754,-5.551115123125783e-17,0.3632680533534493,6,6,3,7,2,0,9.090083458231252,91.48292429995634,100.57300775818759,-0.32392590602238014,-0.008306610077727816,122.57391945063291
2021-04-28,2021-04-30,2021-05-06,2021,-0.05672573362424423,-0.05672573362424423,,1969,-0.0028115484508114473,99.96722670138848,0.3,0.7,0.0,-0.39999999999999997,6,6,4,6,0,0,0.0,100.2490818521652,100.2490818521652,-0.28185515077672507,0.01800391009081781,124.78072927590125
2021-04-30,2021-05-06,2021-05-07,2021,-0.04961957446829289,-0.04961957446829289,,1969,-0.010448121635764416,98.92275695722233,0.44,0.5599999999999999,1.1102230246251565e-16,-0.11999999999999994,6,6,5,6,1,0,0.0,99.96722670138848,99.96722670138848,-1.0444697441661432,0.0009017649022189378,124.89325215803552
2021-05-06,2021-05-07,2021-05-10,2021,0.04318559609158982,0.04318559609158982,,1969,0.007261632934154943,99.6410977070803,0.7,0.30000000000000004,0.0,0.3999999999999999,6,6,5,6,0,0,0.0,98.92275695722233,98.92275695722233,0.7183407498579707,0.005467708433391838,125.57613204613376
2021-05-07,2021-05-10,2021-05-11,2021,0.14631025215507665,0.14631025215507665,,1968,-0.003838669189177666,99.25860849533629,0.7600000000000001,0.24000000000000005,-1.6653345369377348e-16,0.52,6,6,5,6,1,0,0.0,99.6410977070803,99.6410977070803,-0.38248921174401057,-0.030819822523895368,121.70589794323467
2021-05-10,2021-05-11,2021-05-12,2021,0.019008876745130417,0.019008876745130417,,1969,-0.02003976512494699,97.26948929446068,0.7,0.30000000000000004,0.0,0.3999999999999999,6,6,4,6,0,0,0.0,99.25860849533629,99.25860849533629,-1.9891192008756073,-0.016116837635129944,119.74438374684586
2021-05-11,2021-05-12,2021-05-13,2021,0.13209658723093923,0.13209658723093923,,1968,-0.008765814051855555,96.41684303838649,0.44000000000000006,0.5599999999999999,0.0,-0.11999999999999988,6,6,4,6,1,0,0.0,97.26948929446068,97.26948929446068,-0.8526462560741969,-0.024851221298082815,116.76858956715044
2021-05-12,2021-05-13,2021-05-14,2021,-0.08546778411916668,-0.08546778411916668,,1969,0.0008384788224489525,96.49768651940155,0.3,0.7,0.0,-0.39999999999999997,6,6,6,6,0,0,0.0,96.41684303838649,96.41684303838649,0.08084348101507179,0.023187837661091004,119.47620066594808
2021-05-13,2021-05-14,2021-05-17,2021,0.0608410315665487,0.0608410315665487,,1967,0.00724523615078011,97.19683504623858,0.3,0.6999999999999998,1.1102230246251565e-16,-0.39999999999999986,6,6,5,6,0,0,0.0,96.49768651940155,96.49768651940155,0.6991485268370147,-0.009244967058306575,118.37164712653976
2021-05-14,2021-05-17,2021-05-18,2021,-0.07352718250838922,-0.07352718250838922,,1968,0.0006805956482959342,97.26298678919919,0.3,0.7,0.0,-0.39999999999999997,6,6,6,6,0,0,0.0,97.19683504623858,97.19683504623858,0.06615174296060772,0.020916929231912684,120.84761849255052
2021-05-17,2021-05-18,2021-05-19,2021,0.013532149967389412,0.013532149967389412,,1969,-0.002064798837708097,97.06215828712483,0.3,0.6999999999999998,1.1102230246251565e-16,-0.39999999999999986,6,6,5,6,0,0,0.0,97.26298678919919,97.26298678919919,-0.20082850207435649,-0.012757138773619281,119.30594865297965
2021-05-18,2021-05-19,2021-05-20,2021,-0.013953348818353787,-0.013953348818353787,,1970,0.005795734639361616,97.62470480008072,0.76,0.24000000000000007,-8.326672684688674e-17,0.5199999999999999,6,6,5,6,1,0,0.0,97.06215828712483,97.06215828712483,0.5625465129558895,0.0019183831381965888,119.53482317316208
2021-05-19,2021-05-20,2021-05-21,2021,-0.0924046726699879,-0.0924046726699879,,1970,0.0004448816407096712,97.66813623892598,1.0000000000000002,0.0,-2.220446049250313e-16,1.0000000000000002,6,6,6,6,3,0,0.0,97.62470480008072,97.62470480008072,0.04343143884525722,0.00781472155739249,120.4689545326725
2021-05-20,2021-05-21,2021-05-24,2021,0.0894782194819823,0.0894782194819823,,1970,0.0003892457977157815,97.70615315052771,0.75,0.25,0.0,0.5,6,6,6,6,2,0,0.0,97.66813623892598,97.66813623892598,0.03801691160173437,0.0016519627386701874,120.66796475672703
2021-05-21,2021-05-24,2021-05-25,2021,-0.07318228659057222,-0.07318228659057222,,1970,-0.017498837264685915,95.99640907678815,0.85,0.15000000000000002,0.0,0.7,6,6,3,6,2,0,0.0,97.70615315052771,97.70615315052771,-1.7097440737395635,0.006676277234201278,121.47357754272976
2021-05-24,2021-05-25,2021-05-26,2021,-0.009190301116420278,-0.009190301116420278,,1970,0.0005394304601541001,96.04819246390959,0.8499999999999999,0.15000000000000002,1.1102230246251565e-16,0.6999999999999998,6,6,5,6,2,0,0.0,95.99640907678815,95.99640907678815,0.05178338712143306,0.003089236596789613,121.84883816401772
2021-05-25,2021-05-26,2021-05-27,2021,0.04541105171006288,0.04541105171006288,,1970,0.0003759615957224404,96.08430289561457,1.0,0.0,0.0,1.0,6,6,3,6,3,0,0.0,96.04819246390959,96.04819246390959,0.036110431704987525,-0.0032532428560805293,121.45243430173893
2021-05-26,2021-05-27,2021-05-28,2021,-0.12082800055828875,-0.12082800055828875,,1970,-0.0008707663459647196,96.0006359182776,1.0000000000000002,0.0,-2.220446049250313e-16,1.0000000000000002,6,6,3,6,3,0,0.0,96.08430289561457,96.08430289561457,-0.08366697733698163,0.021030501583067185,124.00663991358903
2021-05-27,2021-05-28,2021-05-31,2021,0.08082968397785631,0.08082968397785631,,1970,0.020835069354519946,98.00081582571293,0.7499999999999999,0.25,1.1102230246251565e-16,0.4999999999999999,6,6,4,6,2,0,0.0,96.0006359182776,96.0006359182776,2.0001799074353324,-0.009925758360117665,122.77577997075662
2021-05-28,2021-05-31,2021-06-01,2021,-0.012501606964586156,-0.012501606964586156,,1970,-0.006451872795840197,97.36852702811687,0.85,0.15000000000000002,0.0,0.7,6,6,5,6,2,0,0.0,98.00081582571293,98.00081582571293,-0.6322887975960627,-0.0015848881915782043,122.58119408686916
2021-05-31,2021-06-01,2021-06-02,2021,0.0262564401185917,0.0262564401185917,,1968,-0.01027087799029635,96.36846676691621,1.0,0.0,0.0,1.0,6,6,3,6,3,0,0.0,97.36852702811687,97.36852702811687,-1.0000602612006608,0.004574111362606326,123.14189411958377
2021-06-01,2021-06-02,2021-06-03,2021,0.033546780769224946,0.033546780769224946,,1968,0.01406336052278845,97.72373125808771,1.0000000000000002,0.0,-2.220446049250313e-16,1.0000000000000002,6,6,3,6,3,0,0.0,96.36846676691621,96.36846676691621,1.3552644911715002,0.003868218698589887,123.61823389699691
2021-06-02,2021-06-03,2021-06-04,2021,0.05038620722664745,0.05038620722664745,,1966,0.0026917717603790773,97.9867812382071,0.85,0.15000000000000002,0.0,0.7,6,6,5,6,2,0,0.0,97.72373125808771,97.72373125808771,0.2630499801193946,-0.004012304998501248,123.1222398392261
2021-06-03,2021-06-04,2021-06-07,2021,-0.029066908725652055,-0.029066908725652055,,1966,0.01967308866342642,99.91448387335012,1.0,0.0,0.0,1.0,6,6,3,6,3,0,0.0,97.9867812382071,97.9867812382071,1.9277026351430169,0.002685415278810499,123.45287418325172
2021-06-04,2021-06-07,2021-06-08,2021,-0.06143171835279713,-0.06143171835279713,,1966,-0.0001408423509814961,99.9004116825443,1.0000000000000002,0.0,-2.220446049250313e-16,1.0000000000000002,6,6,5,6,3,0,0.0,99.91448387335012,99.91448387335012,-0.014072190805825412,-0.0019187270238641974,123.21600181738262
2021-06-07,2021-06-08,2021-06-09,2021,0.0062468341587968166,0.0062468341587968166,,1966,-0.006524682650038636,99.24859319970749,0.8500000000000001,0.15000000000000002,-1.1102230246251565e-16,0.7000000000000001,6,6,4,6,2,0,0.0,99.9004116825443,99.9004116825443,-0.6518184828368139,-0.003547906403770895,122.77884297548766
2021-06-08,2021-06-09,2021-06-10,2021,-0.029122211156805012,-0.029122211156805012,,1966,-0.004630792251499922,98.78899358334601,1.0,0.0,0.0,1.0,6,6,5,6,3,0,0.0,99.24859319970749,99.24859319970749,-0.4595996163614733,0.0033872934915180064,123.19473095119464
2021-06-09,2021-06-10,2021-06-11,2021,0.007194509429058396,0.007194509429058396,,1966,0.007830228718750462,99.56253399799878,1.0,0.0,0.0,1.0,6,6,0,6,3,0,0.0,98.78899358334601,98.78899358334601,0.773540414652771,-0.00033945058041562337,123.15291242826912
2021-06-10,2021-06-11,2021-06-14,2021,0.04486636468869,0.04486636468869,,1966,0.00866172108328713,100.42491689783475,0.85,0.15000000000000002,0.0,0.7,6,6,3,6,2,0,0.0,99.56253399799878,99.56253399799878,0.8623828998359576,0.00736025380042582,124.05934912000278
2021-06-11,2021-06-14,2021-06-15,2021,0.0470542863414935,0.0470542863414935,,1966,0.019964889303475945,102.42988924701079,0.76,0.24000000000000005,-5.551115123125783e-17,0.52,6,6,5,6,1,0,0.0,100.42491689783475,100.42491689783475,2.004972349176042,0.009584456377864203,125.24839053990968
2021-06-14,2021-06-15,2021-06-16,2021,-0.13636747703635987,-0.13636747703635987,,1966,-0.004698971229404414,101.94857414440801,0.85,0.15000000000000002,0.0,0.7,6,6,5,6,2,0,0.0,102.42988924701079,102.42988924701079,-0.4813151026027842,-0.005104733826291619,124.60903084403203
2021-06-15,2021-06-16,2021-06-17,2021,-0.13450255434465377,-0.13450255434465377,,1966,-0.04545894567285926,97.3140994509519,0.85,0.15000000000000002,0.0,0.7,6,6,3,6,2,0,0.0,101.94857414440801,101.94857414440801,-4.6344746934561085,-0.009309340988924442,123.44900288560554
2021-06-16,2021-06-17,2021-06-18,2021,0.09399080336291396,0.09399080336291396,,1967,0.0008131870708916057,97.39323401844088,0.7000000000000001,0.30000000000000004,-1.1102230246251565e-16,0.4,6,6,6,6,0,0,0.0,97.3140994509519,97.3140994509519,0.07913456748897399,-0.001869507997186659,123.21821398746617
2021-06-17,2021-06-18,2021-06-21,2021,-0.02229720543452659,-0.02229720543452659,,1964,-0.018767321166089437,95.5654239162127,1.0,0.0,0.0,1.0,6,6,2,6,3,0,0.0,97.39323401844088,97.39323401844088,-1.8278101022281872,-0.03290800191133303,119.16334876605559
2021-06-18,2021-06-21,2021-06-22,2021,-0.09203635458332296,-0.09203635458332296,,1964,0.012965964130547196,96.80452177483085,0.6,0.39999999999999997,5.551115123125783e-17,0.2,6,6,4,6,1,0,0.0,95.5654239162127,95.5654239162127,1.239097858618151,0.031173545469572073,122.8780928371207
2021-06-21,2021-06-22,2021-06-23,2021,0.12460035704276635,0.12460035704276635,,1964,0.009493665566660744,97.72355152990161,0.65,0.35,0.0,0.30000000000000004,6,6,3,6,2,0,0.0,96.80452177483085,96.80452177483085,0.9190297550707718,-0.00031989885103000937,122.83878427640535
2021-06-22,2021-06-23,2021-06-24,2021,-0.038829029439559924,-0.038829029439559924,,1965,-0.017133792314754388,96.04917649372808,1.0,0.0,0.0,1.0,6,6,3,6,3,0,0.0,97.72355152990161,97.72355152990161,-1.6743750361735326,1.1774936631736566e-05,122.84023069530612
2021-06-23,2021-06-24,2021-06-25,2021,-0.03944071499508579,-0.03944071499508579,,1964,0.004636137441897194,96.49447367713405,1.0000000000000002,0.0,-2.220446049250313e-16,1.0000000000000002,6,6,5,6,3,0,0.0,96.04917649372808,96.04917649372808,0.44529718340596464,0.006612934338531717,123.65256507502427
2021-06-24,2021-06-25,2021-06-28,2021,-0.048817316519105806,-0.048817316519105806,,1964,0.0008977045941956697,96.58109720946851,0.85,0.15000000000000002,0.0,0.7,6,6,5,6,2,0,0.0,96.49447367713405,96.49447367713405,0.08662353233445635,-0.0006247811029863604,123.5753092890296
2021-06-25,2021-06-28,2021-06-29,2021,0.028359527828183583,0.028359527828183583,,1966,-0.0036447094182064234,96.22908717484844,0.9999999999999999,0.0,1.1102230246251565e-16,0.9999999999999999,6,6,3,6,3,0,0.0,96.58109720946851,96.58109720946851,-0.35201003462006,-0.008104166824451364,122.57383436716813
2021-06-28,2021-06-29,2021-06-30,2021,-0.09269572124494106,-0.09269572124494106,,1966,0.0011735893334895956,96.34202060512828,0.85,0.15000000000000002,0.0,0.7,6,6,5,6,2,0,0.0,96.22908717484844,96.22908717484844,0.11293343027984257,-0.0007316241048624939,122.48415639531969
2021-06-29,2021-06-30,2021-07-01,2021,-0.071343435056354,-0.071343435056354,,1966,-0.005853873206940979,95.77804663200537,0.7500000000000001,0.25,-1.1102230246251565e-16,0.5000000000000001,6,6,3,6,2,0,0.0,96.34202060512828,96.34202060512828,-0.5639739731229162,-0.002934543596675776,122.12472129847556
2021-06-30,2021-07-01,2021-07-02,2021,-0.02662810392000568,-0.02662810392000568,,1966,0.0462386851138063,100.20669757103812,0.75,0.25,0.0,0.5,6,6,4,6,2,0,0.0,95.77804663200537,95.77804663200537,4.428650939032752,0.0026557945368104185,122.44905946610956
2021-07-01,2021-07-02,2021-07-05,2021,0.08784642915265614,0.08784642915265614,,1967,-0.013079801016834376,98.89601390625484,0.43999999999999995,0.5599999999999999,1.1102230246251565e-16,-0.12,6,6,5,6,1,0,0.0,100.20669757103812,100.20669757103812,-1.3106836647832791,-0.006430469355820478,121.6616545415637
2021-07-02,2021-07-05,2021-07-06,2021,0.046158055309358445,0.046158055309358445,,1967,-0.0007001448620223029,98.82677237024389,0.9999999999999999,0.0,1.1102230246251565e-16,0.9999999999999999,6,6,4,6,3,0,0.0,98.89601390625484,98.89601390625484,-0.06924153601095054,0.0015742255016839568,121.8531774207201
2021-07-05,2021-07-06,2021-07-07,2021,0.14463332853964023,0.14463332853964023,,1968,-0.003729536107111792,98.45819435433974,0.5,0.5,0.0,0.0,6,6,4,6,0,0,0.0,98.82677237024389,98.82677237024389,-0.3685780159041426,-0.009644868714086097,120.67791952210302
2021-07-06,2021-07-07,2021-07-08,2021,0.15315570183192143,0.15315570183192143,,1968,0.03727132419846117,102.12786163611544,0.7599999999999999,0.24000000000000005,5.551115123125783e-17,0.5199999999999998,6,6,4,6,1,0,0.0,98.45819435433974,98.45819435433974,3.6696672817756957,-0.008775000484719131,119.61897071980168
2021-07-07,2021-07-08,2021-07-09,2021,-0.05109828525356256,-0.05109828525356256,,1969,-0.000825579321676134,102.04354698538167,0.6499999999999999,0.35,1.1102230246251565e-16,0.29999999999999993,6,6,5,6,2,0,0.0,102.12786163611544,102.12786163611544,-0.08431465073377825,-0.0063165876130013565,118.863387011073
2021-07-08,2021-07-09,2021-07-12,2021,-0.0004007519596426166,-0.0004007519596426166,,1969,0.020516157483804167,104.13708846553973,0.9999999999999999,0.0,1.1102230246251565e-16,0.9999999999999999,6,6,3,6,3,0,0.0,102.04354698538167,102.04354698538167,2.09354148015806,0.02249787225818367,121.53756030822316
2021-07-09,2021-07-12,2021-07-13,2021,-0.010224125175110406,-0.010224125175110406,,1967,-0.0029824167227609343,103.82650827144047,0.3,0.7,0.0,-0.39999999999999997,6,6,4,6,0,0,0.0,104.13708846553973,104.13708846553973,-0.3105801940992605,0.005223140310728125,122.1723680387366
2021-07-12,2021-07-13,2021-07-14,2021,0.06547950977431284,0.06547950977431284,,1967,-0.0008589742417125958,103.73732397522835,1.0000000000000002,0.0,-2.220446049250313e-16,1.0000000000000002,6,6,5,6,3,0,0.0,103.82650827144047,103.82650827144047,-0.08918429621212713,-0.0038216130236393697,121.70547252591089
2021-07-13,2021-07-14,2021-07-15,2021,0.016924883091667918,0.016924883091667918,,1967,0.009183473576487059,104.68999294885033,0.85,0.15000000000000002,0.0,0.7,6,6,4,6,2,0,0.0,103.73732397522835,103.73732397522835,0.952668973621987,-0.011514064531193413,120.30414786144816
2021-07-14,2021-07-15,2021-07-16,2021,-0.11800299680977996,-0.11800299680977996,,1967,0.025314280132338447,107.34014475741006,0.8500000000000001,0.15000000000000002,-1.1102230246251565e-16,0.7000000000000001,6,6,2,6,2,0,0.0,104.68999294885033,104.68999294885033,2.650151808559734,-0.009760215056424992,119.12995350614048
2021-07-15,2021-07-16,2021-07-19,2021,0.04229127085576404,0.04229127085576404,,1967,-0.008891530406126497,106.38572659650153,0.6,0.4,0.0,0.19999999999999996,6,6,4,6,1,0,0.0,107.34014475741006,107.34014475741006,-0.9544181609085313,-0.012510766672808815,117.63954645408259
2021-07-16,2021-07-19,2021-07-20,2021,0.02281083330111611,0.02281083330111611,,1966,-0.0145168601555645,104.84133988095199,0.9999999999999999,0.0,1.1102230246251565e-16,0.9999999999999999,6,6,3,6,3,0,0.0,106.38572659650153,106.38572659650153,-1.5443867155495314,-0.009567948781929125,116.51397729888056
2021-07-19,2021-07-20,2021-07-21,2021,-0.06623389120799733,-0.06623389120799733,,1965,0.0017804752167935422,105.02800728830546,0.65,0.35,0.0,0.30000000000000004,6,6,5,6,2,0,0.0,104.84133988095199,104.84133988095199,0.18666740735346343,0.00583609851848399,117.19396434917724
2021-07-20,2021-07-21,2021-07-26,2021,-0.13609815145894508,-0.13609815145894508,,1965,0.013143628887413482,106.40845643888751,0.65,0.35000000000000003,-5.551115123125783e-17,0.3,6,6,3,6,2,0,0.0,105.02800728830546,105.02800728830546,1.3804491505820453,0.01035610570640344,118.40763743212979
2021-07-21,2021-07-26,2021-07-27,2021,0.02335713842089843,0.02335713842089843,,1965,0.000801202606710073,106.49371117156234,0.44000000000000006,0.5599999999999999,0.0,-0.11999999999999988,6,6,4,6,1,0,0.0,106.40845643888751,106.40845643888751,0.08525473267483193,0.004919648377895713,118.99016137355322
2021-07-26,2021-07-27,2021-07-28,2021,0.1327883645770832,0.1327883645770832,,1965,-0.005679880915094171,105.88883957390144,0.75,0.25,0.0,0.5,6,6,4,6,2,0,0.0,106.49371117156234,106.49371117156234,-0.6048715976609078,-0.013891917904113815,117.33715982035457
2021-07-27,2021-07-28,2021-07-29,2021,-0.1866826440133248,-0.1866826440133248,,1965,-0.0010881658881516517,105.77361495074115,1.0,0.0,0.0,1.0,6,6,2,5,3,1,0.0,105.88883957390144,105.88883957390144,-0.11522462316028222,0.007278749719922484,118.1912276395335
2021-07-28,2021-07-29,2021-07-30,2021,0.109031395413745,0.109031395413745,,1965,-0.0014215767193061512,105.62324964221033,0.8025571909423606,0.19744280905763947,-2.7755575615628914e-17,0.6051143818847211,6,6,6,7,2,0,22.2366563105193,83.53695864022185,105.77361495074115,-0.15036530853082666,-0.017954879380557842,116.06911840342562
2021-07-29,2021-07-30,2021-08-02,2021,0.13335108532461257,0.13335108532461257,,1964,0.010030749092400768,106.68272995769534,1.0,0.0,0.0,1.0,6,6,3,6,3,0,0.0,105.62324964221033,105.62324964221033,1.059480315485021,0.018231838258821575,118.1852717970009
2021-07-30,2021-08-02,2021-08-03,2021,0.01714618507997968,0.01714618507997968,,1963,-0.006276059865483671,106.01318275786763,0.3,0.7,0.0,-0.39999999999999997,6,6,4,6,0,0,0.0,106.68272995769534,106.68272995769534,-0.6695471998277243,-0.005010255203012681,117.5931334240605
2021-08-02,2021-08-03,2021-08-04,2021,0.08323498117285405,0.08323498117285405,,1963,-1.1119386743480028e-05,106.01200395628864,0.76,0.24000000000000005,-5.551115123125783e-17,0.52,6,6,5,6,1,0,0.0,106.01318275786763,106.01318275786763,-0.0011788015789919587,-0.002089224917453003,117.34745491958958
2021-08-03,2021-08-04,2021-08-05,2021,0.06687583650869572,0.06687583650869572,,1961,-0.0053365121603013025,105.446269608038,0.7,0.30000000000000004,0.0,0.3999999999999999,6,6,5,6,0,0,0.0,106.01200395628864,106.01200395628864,-0.5657343482506441,0.005221852604835764,117.96022603273228
2021-08-04,2021-08-05,2021-08-06,2021,-0.025760215856943044,-0.025760215856943044,,1962,-0.015318083599633235,103.8310348349126,0.5,0.5,0.0,0.0,6,6,3,6,0,0,0.0,105.446269608038,105.446269608038,-1.6152347731253913,0.003315046241865627,118.3512696367317
2021-08-05,2021-08-06,2021-08-10,2021,-0.14149129182195794,-0.14149129182195794,,1960,-0.00015076717004949776,103.81538052362723,0.7499999999999999,0.25,1.1102230246251565e-16,0.4999999999999999,6,6,4,6,2,0,0.0,103.8310348349126,103.8310348349126,-0.015654311285370592,0.002448235157102685,118.6410213759441
2021-08-06,2021-08-10,2021-08-11,2021,0.0968984574035728,0.0968984574035728,,1960,-0.04045403631301858,99.61562935007457,0.6,0.4,0.0,0.19999999999999996,6,6,3,6,1,0,0.0,103.81538052362723,103.81538052362723,-4.199751173552658,0.00653897802471648,119.4168124075513
2021-08-10,2021-08-11,2021-08-12,2021,-0.025648277839405757,-0.025648277839405757,,1959,-0.011209088219987224,98.49902897260003,0.7,0.30000000000000004,0.0,0.3999999999999999,6,6,5,6,0,0,0.0,99.61562935007457,99.61562935007457,-1.1166003774745343,-0.0019768076889232766,119.18074833459735
2021-08-11,2021-08-12,2021-08-13,2021,0.002931148996699989,0.002931148996699989,,1959,-0.0007072410965925549,98.42936641133615,0.7,0.30000000000000004,0.0,0.3999999999999999,6,6,4,6,0,0,0.0,98.49902897260003,98.49902897260003,-0.06966256126388348,-0.0013517748693379072,119.01964279408976
2021-08-12,2021-08-13,2021-08-16,2021,-0.015217010053399753,-0.015217010053399753,,1959,-0.0012541728836810585,98.30591896902514,0.7000000000000001,0.30000000000000004,-1.1102230246251565e-16,0.4,6,6,4,6,0,0,0.0,98.42936641133615,98.42936641133615,-0.12344744231100496,-0.016226098798483912,117.0884183111526
2021-08-13,2021-08-16,2021-08-17,2021,0.013135770019975672,0.013135770019975672,,1959,-0.00018985495628295833,98.28725510307692,0.76,0.24000000000000002,-2.7755575615628914e-17,0.52,6,6,4,6,1,0,0.0,98.30591896902514,98.30591896902514,-0.018663865948220313,-0.003586793536650257,116.66844632913755
2021-08-16,2021-08-17,2021-08-18,2021,-0.05265527727261446,-0.05265527727261446,,1959,-0.004717463218086016,97.82358859232151,0.3,0.7,0.0,-0.39999999999999997,6,6,3,6,0,0,0.0,98.28725510307692,98.28725510307692,-0.46366651075540244,0.005886713580973479,117.35524005661438
2021-08-17,2021-08-18,2021-08-19,2021,0.09175749880354447,0.09175749880354447,,1958,-0.019687234617511828,95.89771265257752,1.0,0.0,0.0,1.0,6,6,5,6,3,0,0.0,97.82358859232151,97.82358859232151,-1.925875939743987,-0.011046943892733752,116.05882330419067
2021-08-18,2021-08-19,2021-08-20,2021,0.17753198796950395,0.17753198796950395,,1959,-0.003664921566694745,95.5462550572804,1.0,0.0,0.0,1.0,6,6,3,6,3,0,0.0,95.89771265257752,95.89771265257752,-0.3514575952971269,-0.009820693174082962,114.9190452103751
2021-08-19,2021-08-20,2021-08-23,2021,-0.04168271703175255,-0.04168271703175255,,1958,-0.0177172187806745,93.85344115275645,0.65,0.35,0.0,0.30000000000000004,6,6,4,6,2,0,0.0,95.5462550572804,95.5462550572804,-1.6928139045239643,0.017805706458867476,116.96525999592436
2021-08-20,2021-08-23,2021-08-24,2021,-0.2239726962048948,-0.2239726962048948,,1958,0.0026394618471379783,94.10116372990176,0.9999999999999999,0.0,1.1102230246251565e-16,0.9999999999999999,6,6,2,6,3,0,0.0,93.85344115275645,93.85344115275645,0.24772257714531007,0.008651266592566209,117.97715764221792
2021-08-23,2021-08-24,2021-08-25,2021,-0.04261347788674418,-0.04261347788674418,,1958,0.01389369343689393,95.40857645081998,0.6,0.4,0.0,0.19999999999999996,6,6,4,6,1,0,0.0,94.10116372990176,94.10116372990176,1.3074127209182171,-0.0002632328601150924,117.94610217758353
2021-08-24,2021-08-25,2021-08-26,2021,0.019956199865502455,0.019956199865502455,,1958,0.010859435979063024,96.4446597786412,0.8499999999999999,0.15000000000000002,1.1102230246251565e-16,0.6999999999999998,6,6,4,6,2,0,0.0,95.40857645081998,95.40857645081998,1.0360833278212196,0.0006308431440442686,118.020507667509
2021-08-25,2021-08-26,2021-08-27,2021,0.059385725519798406,0.059385725519798406,,1958,-0.010669160721430598,95.41567620273918,0.8500000000000001,0.15000000000000002,-1.1102230246251565e-16,0.7000000000000001,6,6,3,6,2,0,0.0,96.4446597786412,96.4446597786412,-1.028983575902016,-0.0036460580579324997,117.5901980445266
2021-08-26,2021-08-27,2021-08-30,2021,-0.04483849808872508,-0.04483849808872508,,1958,0.007727031901162833,96.15295617662876,0.76,0.24000000000000005,-5.551115123125783e-17,0.52,6,6,4,6,1,0,0.0,95.41567620273918,95.41567620273918,0.737279973889589,0.005359764467022687,118.2204538096758
2021-08-27,2021-08-30,2021-08-31,2021,-0.018328660591691665,-0.018328660591691665,,1958,0.03304352558713674,99.33018884433004,1.0000000000000002,0.0,-2.220446049250313e-16,1.0000000000000002,6,6,3,6,3,0,0.0,96.15295617662876,96.15295617662876,3.17723266770127,0.010804522173830211,119.49776932426272
2021-08-30,2021-08-31,2021-09-01,2021,-0.08058548360943862,-0.08058548360943862,,1960,0.002703983688198658,99.5987760547108,0.9999999999999999,0.0,1.1102230246251565e-16,0.9999999999999999,6,6,1,6,3,0,0.0,99.33018884433004,99.33018884433004,0.2685872103807607,0.012868847264853711,121.03556786618739
2021-08-31,2021-09-01,2021-09-02,2021,-0.035340781930171025,-0.035340781930171025,,1959,-0.00247719806951375,99.35205015894213,0.85,0.15000000000000002,0.0,0.7,6,6,5,6,2,0,0.0,99.5987760547108,99.5987760547108,-0.2467258957686619,0.0032508500573968924,121.42903634893226
2021-09-01,2021-09-02,2021-09-03,2021,-0.09373824891285157,-0.09373824891285157,,1959,0.00016416061239782695,99.36835985233921,0.6999999999999998,0.30000000000000004,1.1102230246251565e-16,0.3999999999999998,6,6,5,6,0,0,0.0,99.35205015894213,99.35205015894213,0.01630969339707156,0.02048101302187444,123.91602602362839
2021-09-02,2021-09-03,2021-09-06,2021,0.01743248809345611,0.01743248809345611,,1958,0.04865241887697736,104.20287091899344,0.9999999999999999,0.0,1.1102230246251565e-16,0.9999999999999999,6,6,3,6,3,0,0.0,99.36835985233921,99.36835985233921,4.834511066654228,0.018256591313339454,126.17831026791491
2021-09-03,2021-09-06,2021-09-07,2021,-0.032689519040091916,-0.032689519040091916,,1957,-0.001498673233288463,104.04670486551534,0.76,0.24000000000000002,-2.7755575615628914e-17,0.52,6,6,5,6,1,0,0.0,104.20287091899344,104.20287091899344,-0.15616605347810825,0.008639613970247373,127.2684421600478
2021-09-06,2021-09-07,2021-09-08,2021,0.012753576074220535,0.012753576074220535,,1957,0.011899518391572838,105.2848105436451,0.8500000000000001,0.15000000000000002,-1.1102230246251565e-16,0.7000000000000001,6,6,4,6,2,0,0.0,104.04670486551534,104.04670486551534,1.2381056781297508,0.008860434534669226,128.39609586013626
2021-09-07,2021-09-08,2021-09-09,2021,-0.046914456455967694,-0.046914456455967694,,1956,-0.013424867694044895,103.87137589190408,1.0,0.0,0.0,1.0,6,6,3,6,3,0,0.0,105.2848105436451,105.2848105436451,-1.4134346517410183,-0.005732705878922717,127.66003880656814
2021-09-08,2021-09-09,2021-09-10,2021,0.06035584545861838,0.06035584545861838,,1957,0.0004964389106392409,103.92294168459846,1.0,0.0,0.0,1.0,6,6,6,6,3,0,0.0,103.87137589190408,103.87137589190408,0.051565792694375966,0.012451600713005329,129.24961063679427
2021-09-09,2021-09-10,2021-09-13,2021,0.038363001820097366,0.038363001820097366,,1957,0.018391584823015398,105.83424928164803,0.76,0.24000000000000005,-5.551115123125783e-17,0.52,6,6,3,6,1,0,0.0,103.92294168459846,103.92294168459846,1.9113075970495752,0.002156880557596219,129.52838660905365
2021-09-10,2021-09-13,2021-09-14,2021,-0.021855123560011465,-0.021855123560011465,,1957,0.00186477710838856,106.03160656699194,0.8500000000000001,0.15000000000000002,-1.1102230246251565e-16,0.7000000000000001,6,6,4,6,2,0,0.0,105.83424928164803,105.83424928164803,0.19735728534390565,0.007315245947351112,130.47591861426247
2021-09-13,2021-09-14,2021-09-15,2021,-0.00804612683736374,-0.00804612683736374,,1957,-0.003063249757957411,105.70680527383976,0.76,0.24000000000000002,-2.7755575615628914e-17,0.52,6,6,3,6,1,0,0.0,106.03160656699194,106.03160656699194,-0.3248012931521735,-0.005164313125813114,129.8021001151603
2021-09-14,2021-09-15,2021-09-16,2021,0.11586911315833545,0.11586911315833545,,1956,-0.001104867490729026,105.59001326114387,0.85,0.15000000000000002,0.0,0.7,6,6,5,6,2,0,0.0,105.70680527383976,105.70680527383976,-0.11679201269588911,-0.006173695279615532,129.00074150239516
2021-09-15,2021-09-16,2021-09-17,2021,-0.02202707046126622,-0.02202707046126622,,1956,0.003601475460331852,105.97029310276,0.9999999999999999,0.0,1.1102230246251565e-16,0.9999999999999999,6,6,5,6,3,0,0.0,105.59001326114387,105.59001326114387,0.38027984161612444,0.005827524276679208,129.75249645520998
2021-09-16,2021-09-17,2021-09-21,2021,-0.05893232177459293,-0.05893232177459293,,1956,-0.0067057272202099534,105.25968522376719,0.8499999999999998,0.15000000000000002,2.220446049250313e-16,0.6999999999999997,6,6,3,6,2,0,0.0,105.97029310276,105.97029310276,-0.7106078789928048,-0.021650456310727373,126.94329569949865
2021-09-17,2021-09-21,2021-09-22,2021,0.04304980696607425,0.04304980696607425,,1955,0.004740122370634449,105.75862901242232,0.85,0.15000000000000002,0.0,0.7,6,6,4,6,2,0,0.0,105.25968522376719,105.25968522376719,0.49894378865511924,-0.0067128668475664455,126.09114225827666
2021-09-21,2021-09-22,2021-09-24,2021,-0.04101827015831195,-0.04101827015831195,,1955,-0.026499479670624552,102.95608037291451,0.75,0.25,0.0,0.5,6,6,3,6,2,0,0.0,105.75862901242232,105.75862901242232,-2.802548639507809,0.02056080757370249,128.68367797099745
2021-09-22,2021-09-24,2021-09-27,2021,0.1277127312438365,0.1277127312438365,,1955,0.0002458051764834102,102.98138751042062,0.6,0.4,0.0,0.19999999999999996,6,6,6,6,1,0,0.0,102.95608037291451,102.95608037291451,0.02530713750610442,-0.0002892675777989018,128.6464539551685
2021-09-24,2021-09-27,2021-09-28,2021,0.10851212960146134,0.10851212960146134,,1955,-0.024666257676643006,100.44122207019036,0.85,0.15000000000000002,0.0,0.7,6,6,2,6,2,0,0.0,102.98138751042062,102.98138751042062,-2.5401654402302607,-0.0018551550492955649,128.4077948365396
2021-09-27,2021-09-28,2021-09-29,2021,0.14020536816891135,0.14020536816891135,,1956,-0.0025017300181346676,100.18994524987924,0.85,0.15000000000000002,0.0,0.7,6,6,4,6,2,0,0.0,100.44122207019036,100.44122207019036,-0.2512768203111255,-0.02119238164906123,125.68652784164931
2021-09-28,2021-09-29,2021-09-30,2021,-0.009804661536897803,-0.009804661536897803,,1956,0.007234185169272275,100.91473786591612,0.7599999999999999,0.24000000000000002,8.326672684688674e-17,0.5199999999999999,6,6,4,6,1,0,0.0,100.18994524987924,100.18994524987924,0.7247926160368776,-0.003101445321583296,125.29671794788877
2021-09-29,2021-09-30,2021-10-01,2021,-0.06907891726809998,-0.06907891726809998,,1956,-0.008411515701328703,100.0658919638615,1.0,0.0,0.0,1.0,6,6,4,6,3,0,0.0,100.91473786591612,100.91473786591612,-0.8488459020546237,-0.023141882600756558,122.39711601087862
2021-09-30,2021-10-01,2021-10-04,2021,0.20625117430911716,0.20625117430911716,,1956,-0.007450881402387409,99.32031287041465,0.9999999999999999,0.0,1.1102230246251565e-16,0.9999999999999999,6,6,4,6,3,0,0.0,100.0658919638615,100.0658919638615,-0.7455790934468434,-0.011337082701477597,121.00948978424093
2021-10-01,2021-10-04,2021-10-05,2021,0.06627807778901763,0.06627807778901763,,1956,-0.017023417358222364,97.62954173227236,0.9999999999999999,0.0,1.1102230246251565e-16,0.9999999999999999,6,6,3,6,3,0,0.0,99.32031287041465,99.32031287041465,-1.690771138142293,-0.02189391486484915,118.36011831706593
2021-10-04,2021-10-05,2021-10-06,2021,-0.12278898463244979,-0.12278898463244979,,1956,0.003905774659376894,98.01086072237685,0.6499999999999999,0.35,1.1102230246251565e-16,0.29999999999999993,6,6,5,6,2,0,0.0,97.62954173227236,97.62954173227236,0.38131899010448833,-0.01054017450862843,117.11258201514214
2021-10-05,2021-10-06,2021-10-07,2021,-0.0935610221573594,-0.0935610221573594,,1956,-0.02735291268109047,95.32997820723915,1.0,0.0,0.0,1.0,6,6,3,6,3,0,0.0,98.01086072237685,98.01086072237685,-2.6808825151376934,0.005424850348016541,117.7479002464441
2021-10-06,2021-10-07,2021-10-08,2021,-0.14981090955869356,-0.14981090955869356,,1956,0.039002137006047606,99.04805107806142,0.9999999999999999,0.0,1.1102230246251565e-16,0.9999999999999999,6,6,0,6,3,0,0.0,95.32997820723915,95.32997820723915,3.718072870822274,0.013394291032548633,119.32504989081647
2021-10-07,2021-10-08,2021-10-11,2021,-0.030456261411278933,-0.030456261411278933,,1957,0.011449905684393913,100.18214192112825,0.9999999999999999,0.0,1.1102230246251565e-16,0.9999999999999999,6,6,5,6,3,0,0.0,99.04805107806142,99.04805107806142,1.1340908430668342,0.016017004564165438,121.23627975953694
2021-10-08,2021-10-11,2021-10-12,2021,0.03202220534824852,0.03202220534824852,,1958,-0.004800738476536986,99.7011936577456,0.9999999999999999,0.0,1.1102230246251565e-16,0.9999999999999999,6,6,5,6,3,0,0.0,100.18214192112825,100.18214192112825,-0.48094826338264934,-0.00938971584170234,120.09790554288978
2021-10-11,2021-10-12,2021-10-13,2021,-0.01661023543351771,-0.01661023543351771,,1958,-0.003206817353828827,99.3814701397265,1.0,0.0,0.0,1.0,6,6,4,6,3,0,0.0,99.7011936577456,99.7011936577456,-0.3197235180191072,-0.0031997183199371504,119.71362607433811
2021-10-12,2021-10-13,2021-10-14,2021,-0.01311578261190164,-0.01311578261190164,,1956,0.030113237469813432,102.37416795014326,0.75,0.25,0.0,0.5,6,6,2,6,2,0,0.0,99.3814701397265,99.3814701397265,2.992697810416757,0.0145929606954871,121.46060231435516
2021-10-13,2021-10-14,2021-10-15,2021,-0.09476137628420055,-0.09476137628420055,,1956,0.031130923884891748,105.5611703803783,1.0,0.0,0.0,1.0,6,6,2,6,3,0,0.0,102.37416795014326,102.37416795014326,3.187002430235034,0.018132509168703015,123.66298779945639
2021-10-14,2021-10-15,2021-10-18,2021,-0.009371153164301019,-0.009371153164301019,,1954,0.021167723893209138,107.79566008883415,0.9999999999999999,0.0,1.1102230246251565e-16,0.9999999999999999,6,6,4,6,3,0,0.0,105.5611703803783,105.5611703803783,2.2344897084558544,-0.001485106109231915,123.47933514078954
2021-10-15,2021-10-18,2021-10-19,2021,0.02815099744252235,0.02815099744252235,,1953,-7.663426271488384e-05,107.78739924789939,1.0,0.0,0.0,1.0,6,6,3,6,3,0,0.0,107.79566008883415,107.79566008883415,-0.008260840934772034,0.006548044372078898,124.28788330632624
2021-10-18,2021-10-19,2021-10-20,2021,-0.1205612737436025,-0.1205612737436025,,1952,0.0007274444965680928,107.86580859828166,0.85,0.15000000000000002,0.0,0.7,6,6,5,6,2,0,0.0,107.78739924789939,107.78739924789939,0.07840935038227219,0.0013701621603858793,124.45817786102702
2021-10-19,2021-10-20,2021-10-21,2021,-0.11317774256427071,-0.11317774256427071,,1951,-0.012567430433790546,106.51021255253819,1.0,0.0,0.0,1.0,6,6,3,6,3,0,0.0,107.86580859828166,107.86580859828166,-1.3555960457434708,-0.018696281560250827,122.13127272526148
2021-10-20,2021-10-21,2021-10-22,2021,0.05300963249590764,0.05300963249590764,,1951,0.0003691893854856809,106.54953499245842,0.7000000000000001,0.30000000000000004,-1.1102230246251565e-16,0.4,6,6,6,6,0,0,0.0,106.51021255253819,106.51021255253819,0.03932243992022083,0.0033533529000737694,122.54082198284443
2021-10-21,2021-10-22,2021-10-25,2021,0.03700905099725999,0.03700905099725999,,1952,0.00016941731981334296,106.5675863291042,0.44,0.5599999999999999,1.1102230246251565e-16,-0.11999999999999994,6,6,5,6,1,0,0.0,106.54953499245842,106.54953499245842,0.018051336645780305,-0.007097415886560765,121.67109880615119
2021-10-22,2021-10-25,2021-10-26,2021,0.06036281067212277,0.06036281067212277,,1952,0.00027478568919610534,106.59686957675962,0.6000000000000001,0.4,-1.1102230246251565e-16,0.20000000000000007,6,6,6,6,1,0,0.0,106.5675863291042,106.5675863291042,0.029283247655408354,0.017678068251469004,123.82200879507756
2021-10-25,2021-10-26,2021-10-27,2021,-0.0395688534557041,-0.0395688534557041,,1954,-0.01318762058904277,105.19111050480163,0.75,0.25,0.0,0.5,6,6,5,6,2,0,0.0,106.59686957675962,106.59686957675962,-1.405759071957982,-0.0002669551752368937,123.78895386902148
2021-10-26,2021-10-27,2021-10-28,2021,0.03307269763016177,0.03307269763016177,,1953,0.00038729155185479147,105.23185013323037,1.0,0.0,0.0,1.0,6,6,6,6,3,0,0.0,105.19111050480163,105.19111050480163,0.04073962842873348,-0.00955899738265964,122.60565558298534
2021-10-27,2021-10-28,2021-10-29,2021,-0.08760309782984874,-0.08760309782984874,,1952,-0.0034467707984187144,104.86914006512757,1.0,0.0,0.0,1.0,6,6,5,6,3,0,0.0,105.23185013323037,105.23185013323037,-0.36271006810279294,0.002519076102815765,122.91450856003449
2021-10-28,2021-10-29,2021-11-01,2021,-0.04882386367038406,-0.04882386367038406,,1952,0.00783688639786274,105.69098760245953,0.76,0.24000000000000005,-5.551115123125783e-17,0.52,6,6,1,6,1,0,0.0,104.86914006512757,104.86914006512757,0.8218475373319608,0.026110064518049425,126.12381430874133
2021-10-29,2021-11-01,2021-11-02,2021,0.014764988340240613,0.014764988340240613,,1950,-0.00028815357818647974,105.66053236619982,0.85,0.15000000000000002,0.0,0.7,6,6,5,6,2,0,0.0,105.69098760245953,105.69098760245953,-0.030455236259711582,-0.004256068388522549,125.587022729622
2021-11-01,2021-11-02,2021-11-04,2021,0.006420498677153381,0.006420498677153381,,1950,0.007239145572390275,106.425424341255,0.9999999999999999,0.0,1.1102230246251565e-16,0.9999999999999999,6,6,4,6,3,0,0.0,105.66053236619982,105.66053236619982,0.7648919750551747,0.009263606461862528,126.75041148490622
2021-11-02,2021-11-04,2021-11-05,2021,0.11469381398194144,0.11469381398194144,,1950,-0.018498028262340704,104.45676383395886,0.85,0.15000000000000002,0.0,0.7,6,6,2,6,2,0,0.0,106.425424341255,106.425424341255,-1.9686605072961374,-0.006135387323175423,125.97274861707446
2021-11-04,2021-11-05,2021-11-08,2021,-0.058173811636488944,-0.058173811636488944,,1950,-0.0006356982297447114,104.39036085410476,0.8500000000000001,0.15000000000000002,-1.1102230246251565e-16,0.7000000000000001,6,6,4,6,2,0,0.0,104.45676383395886,104.45676383395886,-0.06640297985410903,-0.003529701397122831,125.52810243028136
2021-11-05,2021-11-08,2021-11-09,2021,0.030260787982937628,0.030260787982937628,,1951,0.0003262723198368023,104.42442053930922,0.85,0.15000000000000002,0.0,0.7,6,6,5,6,2,0,0.0,104.39036085410476,104.39036085410476,0.03405968520446967,-0.007509730725368979,124.58542018256342
2021-11-08,2021-11-09,2021-11-10,2021,-0.026065108624858793,-0.026065108624858793,,1952,0.004670110827597723,104.91209415633547,1.0,0.0,0.0,1.0,6,6,5,6,3,0,0.0,104.42442053930922,104.42442053930922,0.487673617026246,-0.0061013212700090635,123.82528450847052
2021-11-09,2021-11-10,2021-11-11,2021,0.023662283999286507,0.023662283999286507,,1952,-0.0019642433798761406,104.70602126991994,1.0,0.0,0.0,1.0,6,6,5,6,3,0,0.0,104.91209415633547,104.91209415633547,-0.2060728864155243,0.005877668364552946,124.55308846595771
2021-11-10,2021-11-11,2021-11-12,2021,-0.0441912659227191,-0.0441912659227191,,1953,-0.01900056035697458,102.71654819304217,0.6,0.4,0.0,0.19999999999999996,6,6,3,6,1,0,0.0,104.70602126991994,104.70602126991994,-1.9894730768777782,0.011343383703590337,125.9659419398943
2021-11-11,2021-11-12,2021-11-15,2021,0.05094802529176095,0.05094802529176095,,1953,-0.008954133776136316,101.79681047949872,0.5,0.5,0.0,0.0,6,6,4,6,0,0,0.0,102.71654819304217,102.71654819304217,-0.9197377135434527,0.00563425089589753,126.67566566112171
2021-11-12,2021-11-15,2021-11-16,2021,0.04202467495248637,0.04202467495248637,,1951,-0.024663986310772493,99.28609533935206,0.76,0.24000000000000002,-2.7755575615628914e-17,0.52,6,6,5,6,1,0,0.0,101.79681047949872,101.79681047949872,-2.510715140146658,0.0010518255823326328,126.8089063669231
2021-11-15,2021-11-16,2021-11-17,2021,0.08775123284704034,0.08775123284704034,,1951,0.03944945228669076,103.20287742017366,0.7,0.30000000000000004,0.0,0.3999999999999999,6,6,4,6,0,0,0.0,99.28609533935206,99.28609533935206,3.9167820808215987,-0.004018703628407172,126.299298954792
2021-11-16,2021-11-17,2021-11-18,2021,-0.03130181230450372,-0.03130181230450372,,1951,-0.029278119320660656,100.1812912608303,0.8500000000000001,0.15000000000000002,-1.1102230246251565e-16,0.7000000000000001,6,6,3,6,2,0,0.0,103.20287742017366,103.20287742017366,-3.02158615934336,-0.003020378714464589,125.91782724057714
2021-11-17,2021-11-18,2021-11-19,2021,0.07699325965475613,0.07699325965475613,,1951,0.0004071933022656426,100.22208441164403,0.9999999999999999,0.0,1.1102230246251565e-16,0.9999999999999999,6,6,6,6,3,0,0.0,100.1812912608303,100.1812912608303,0.04079315081373366,0.004973535964128084,126.54408408288302
2021-11-18,2021-11-19,2021-11-22,2021,-0.060318395996677834,-0.060318395996677834,,1951,-0.0048454458790687105,99.73646372573995,1.0000000000000002,0.0,-2.220446049250313e-16,1.0000000000000002,6,6,5,6,3,0,0.0,100.22208441164403,100.22208441164403,-0.48562068590407703,0.0009493754931357845,126.66422193511262
2021-11-19,2021-11-22,2021-11-24,2021,-0.0320865551008438,-0.0320865551008438,,1952,0.0009267103154834974,99.82889053550444,0.76,0.24000000000000002,-2.7755575615628914e-17,0.52,6,6,4,6,1,0,0.0,99.73646372573995,99.73646372573995,0.09242680976448886,-0.015834226447070998,124.65859196225
2021-11-22,2021-11-24,2021-11-25,2021,0.04027686295365975,0.04027686295365975,,1952,-0.007488248417569196,99.08134700392426,0.8499999999999999,0.15000000000000002,1.1102230246251565e-16,0.6999999999999998,6,6,5,6,2,0,0.0,99.82889053550444,99.82889053550444,-0.7475435315801796,0.0067099710401716806,125.49504750422527
2021-11-24,2021-11-25,2021-11-26,2021,0.08317949708609217,0.08317949708609217,,1950,-0.014121868479512726,97.68213325276189,0.9999999999999999,0.0,1.1102230246251565e-16,0.9999999999999999,6,6,3,6,3,0,0.0,99.08134700392426,99.08134700392426,-1.3992137511623808,-0.02534502537011074,122.31437234140743
2021-11-25,2021-11-26,2021-11-29,2021,-0.02707191683808312,-0.02707191683808312,,1950,-0.017146545111306984,96.00722214837471,0.7500000000000001,0.25,-1.1102230246251565e-16,0.5000000000000001,6,6,3,6,2,0,0.0,97.68213325276189,97.68213325276189,-1.6749111043871816,-0.01626690948197007,120.32469551818576
2021-11-26,2021-11-29,2021-11-30,2021,-0.03142727685192381,-0.03142727685192381,,1950,0.00037337369550523026,96.04306871970344,1.0,0.0,0.0,1.0,6,6,6,6,3,0,0.0,96.00722214837471,96.00722214837471,0.03584657132873026,-0.016340026417837383,118.35858681470037
2021-11-29,2021-11-30,2021-12-01,2021,-0.05603312060306252,-0.05603312060306252,,1949,0.006183944207954073,96.63699369822679,0.6499999999999999,0.35,1.1102230246251565e-16,0.29999999999999993,6,6,5,6,2,0,0.0,96.04306871970344,96.04306871970344,0.593924978523345,0.004092480130660325,118.84296697953256
2021-11-30,2021-12-01,2021-12-02,2021,-0.013376179275259137,-0.013376179275259137,,1950,0.005346910453488466,97.15370305002554,0.65,0.35,0.0,0.30000000000000004,6,6,5,6,2,0,0.0,96.63699369822679,96.63699369822679,0.5167093517987479,-0.006523928948059865,118.06764390698146
2021-12-01,2021-12-02,2021-12-03,2021,-0.10142936461849691,-0.10142936461849691,,1950,-0.0558839810916672,91.72436734579246,0.65,0.35,0.0,0.30000000000000004,6,6,2,6,2,0,0.0,97.15370305002554,97.15370305002554,-5.429335704233077,0.009951944574658977,119.24264655520432
