Date,StocksRanked,FallbackStocks,SelectedFallbackStocks,SelectedMissingTargets,AllMissingTargets,LongWeightedScore,ShortWeightedScore,OfficialDailySpread,IllustrativeGrossOneReturn,ValidationYear,AllStockForecastMSE,TrainingWeightForecastMSE,MissingTargetStocks
2017-12-29,1896,42,3,0,0,0.8288361424078885,0.9382890914854899,-0.10945294907760139,-0.0002736323726940035,2018,0.0003131460377284182,0.0003131460377284182,0
2018-01-04,1896,41,7,0,0,1.946258419101868,1.7290007773966967,0.21725764170517126,0.0005431441042629281,2018,0.0004052455761019803,0.0004052455761019803,0
2018-01-05,1896,41,10,0,0,-0.05153719942480824,0.6668162474115475,-0.7183534468363558,-0.0017958836170908895,2018,0.0003701610373774721,0.0003701610373774721,0
2018-01-09,1896,39,16,0,0,0.46663785618230086,0.08613972484063377,0.3804981313416671,0.0009512453283541677,2018,0.0003796616649879657,0.0003796616649879657,0
2018-01-10,1896,39,2,0,0,-1.582961349753455,0.18668720232211336,-1.7696485520755683,-0.004424121380188921,2018,0.0005706352073063319,0.0005706352073063319,0
2018-01-11,1896,39,7,0,0,0.39905410054265594,0.7303126505903427,-0.33125855004768673,-0.0008281463751192168,2018,0.0004601166389671055,0.0004601166389671055,0
2018-01-12,1896,39,4,0,0,0.14842656941440352,0.7148793527497309,-0.5664527833353274,-0.0014161319583383186,2018,0.0003848755441777853,0.0003848755441777853,0
2018-01-15,1896,39,4,0,0,-1.3048110690250416,-0.1524576228634168,-1.1523534461616247,-0.002880883615404062,2018,0.00038167766736669703,0.00038167766736669703,0
2018-01-16,1896,39,2,0,0,-1.3242519609792864,-1.314716163193939,-0.00953579778534741,-2.3839494463368528e-05,2018,0.0003902890450405592,0.0003902890450405592,0
2018-01-17,1896,39,2,0,0,1.1694274191181624,1.814867142055082,-0.6454397229369195,-0.0016135993073422988,2018,0.000303362048449868,0.000303362048449868,0
2018-01-18,1896,40,0,0,0,0.22814041099717486,1.905517510304324,-1.677377099307149,-0.0041934427482678725,2018,0.0004466339325650034,0.0004466339325650034,0
2018-01-19,1896,40,9,0,0,1.4475929982897309,1.7551273518074006,-0.3075343535176698,-0.0007688358837941744,2018,0.0003790909702849513,0.0003790909702849513,0
2018-01-22,1896,39,2,0,0,0.7660478581365092,-0.5677045434064931,1.3337524015430025,0.0033343810038575063,2018,0.00032525857744446316,0.00032525857744446316,0
2018-01-23,1896,39,10,0,0,-0.6171484988063516,-0.9899659849954556,0.37281748618910404,0.00093204371547276,2018,0.00033980244356885585,0.00033980244356885585,0
2018-01-24,1896,39,13,0,0,0.35393807431928065,0.47057151798108227,-0.11663344366180162,-0.00029158360915450406,2018,0.00031898938004971283,0.00031898938004971283,0
2018-01-25,1896,38,6,0,0,0.7091622354637401,-0.07293413292583899,0.7820963683895791,0.0019552409209739477,2018,0.0003755173998020431,0.0003755173998020431,0
2018-01-26,1896,38,6,0,0,-1.867915268879169,-3.015685475421554,1.1477702065423852,0.002869425516355963,2018,0.0005159690112966365,0.0005159690112966365,0
2018-01-29,1896,38,7,0,0,-1.8737896132257508,-1.3440625303062674,-0.5297270829194833,-0.0013243177072987083,2018,0.0006583921523292592,0.0006583921523292592,0
2018-01-30,1896,38,5,0,0,3.1057888812305543,2.4405029131870335,0.6652859680435208,0.001663214920108802,2018,0.0010546828592086423,0.0010546828592086423,0
2018-01-31,1896,37,2,0,0,-0.2514994791000813,-0.3154386955520732,0.06393921645199191,0.00015984804112997977,2018,0.0004284474557401926,0.0004284474557401926,0
2018-02-01,1896,36,2,0,0,-4.47839912481088,-5.321578421899676,0.8431792970887955,0.0021079482427219885,2018,0.001126933513925843,0.001126933513925843,0
2018-02-02,1896,37,3,0,0,-11.849326201086702,-12.195389931025673,0.3460637299389706,0.0008651593248474265,2018,0.004429480139906854,0.004429480139906854,0
2018-02-05,1896,36,0,0,0,0.20467629433137605,0.8413275678495342,-0.6366512735181582,-0.0015916281837953954,2018,0.0006067643485417055,0.0006067643485417055,0
2018-02-06,1896,36,8,0,0,1.3098691471984336,2.92919331862821,-1.6193241714297766,-0.004048310428574442,2018,0.0009676763051262138,0.0009676763051262138,0
2018-02-07,1896,35,2,0,0,-4.050392214108327,-3.528363928484095,-0.522028285624232,-0.00130507071406058,2018,0.000989118489520841,0.000989118489520841,0
2018-02-08,1896,34,0,0,0,-2.137610082385365,-2.3314781119963697,0.19386802961100447,0.00048467007402751115,2018,0.0011483157947551517,0.0011483157947551517,0
2018-02-09,1896,34,2,0,0,-3.628134259472729,-2.5592201380785355,-1.0689141213941933,-0.002672285303485483,2018,0.0009587807347903384,0.0009587807347903384,0
2018-02-13,1896,33,0,0,0,2.086668934628153,2.0247244730999245,0.06194446152822852,0.0001548611538205713,2018,0.001181505901524433,0.001181505901524433,0
2018-02-14,1896,33,7,0,0,3.3715968494425277,2.8180066844418263,0.5535901650007014,0.0013839754125017534,2018,0.0009362725584665956,0.0009362725584665956,0
2018-02-15,1896,34,0,0,0,5.483862308680337,5.106060655351114,0.37780165332922255,0.0009445041333230564,2018,0.00137115620243616,0.00137115620243616,0
2018-02-16,1896,34,0,0,0,0.2918402087790374,1.0270813096559943,-0.7352411008769569,-0.0018381027521923922,2018,0.0003333166139378556,0.0003333166139378556,0
2018-02-19,1896,34,1,0,0,1.246212359493954,1.404051020433401,-0.15783866093944687,-0.00039459665234861717,2018,0.0005127196693773631,0.0005127196693773631,0
2018-02-20,1896,34,1,0,0,-1.2169459040353132,-1.2261677407898335,0.009221836754520263,2.3054591886300656e-05,2018,0.0003458500665500103,0.0003458500665500103,0
2018-02-21,1896,33,0,0,0,2.4317563061545733,0.9741227089827419,1.4576335971718315,0.0036440839929295786,2018,0.00036640794579975076,0.00036640794579975076,0
2018-02-22,1896,34,5,0,0,1.2571564003609315,1.298955995434846,-0.04179959507391451,-0.00010449898768478627,2018,0.00041146930373253465,0.00041146930373253465,0
2018-02-23,1896,33,1,0,0,0.9222580325883447,0.06120421762546921,0.8610538149628755,0.0021526345374071887,2018,0.00029558536005977514,0.00029558536005977514,0
2018-02-26,1896,32,5,0,0,-1.0065685871248486,0.19193254254992165,-1.1985011296747703,-0.0029962528241869258,2018,0.0003839771196333798,0.0003839771196333798,0
2018-02-27,1896,30,2,0,0,-2.826577167856462,-1.8362945628703782,-0.9902826049860838,-0.0024757065124652094,2018,0.00055897396481802,0.00055897396481802,0
2018-02-28,1896,32,6,0,0,-2.252346429284579,-2.773967519640975,0.5216210903563958,0.0013040527258909895,2018,0.000483210941617269,0.000483210941617269,0
2018-03-01,1896,35,10,0,0,-1.9545946466436994,-4.716110900256247,2.7615162536125473,0.006903790634031368,2018,0.0007452618832398292,0.0007452618832398292,0
2018-03-02,1896,36,14,0,0,3.973979642581053,3.9327853635119254,0.04119427906912776,0.0001029856976728194,2018,0.0009250229842866807,0.0009250229842866807,0
2018-03-05,1896,35,8,0,0,-0.8053392823522091,-0.22685933678402073,-0.5784799455681884,-0.001446199863920471,2018,0.0004106441725006658,0.0004106441725006658,0
2018-03-06,1896,34,4,0,0,0.28479164424929154,0.3161297851213288,-0.031338140872037235,-7.834535218009308e-05,2018,0.0004184932369259022,0.0004184932369259022,0
2018-03-07,1896,35,1,0,0,0.5240996141854353,-0.22054940880468835,0.7446490229901236,0.001861622557475309,2018,0.0004161132721072586,0.0004161132721072586,0
2018-03-08,1896,35,3,0,0,3.1555323050743453,2.0124813210388304,1.143050984035515,0.0028576274600887876,2018,0.000612415787662797,0.000612415787662797,0
2018-03-09,1896,36,3,0,0,1.743057520194217,1.7650793076907505,-0.022021787496533607,-5.5054468741334015e-05,2018,0.0005141309853651095,0.0005141309853651095,0
2018-03-12,1896,35,7,0,0,-0.04851994342984739,0.31843383013337906,-0.36695377356322645,-0.0009173844339080661,2018,0.00038515110077969364,0.00038515110077969364,0
2018-03-13,1896,34,3,0,0,-0.3538312761429733,0.8021650241012027,-1.155996300244176,-0.00288999075061044,2018,0.0004344186511814951,0.0004344186511814951,0
2018-03-14,1896,34,8,0,0,-0.6517206109967829,-0.5598087270256588,-0.09191188397112415,-0.00022977970992781038,2018,0.0003705431297471146,0.0003705431297471146,0
2018-03-15,1896,32,3,0,0,-2.250641133129705,-2.8056381605691425,0.5549970274394376,0.001387492568598594,2018,0.0005328975266355224,0.0005328975266355224,0
2018-03-16,1897,31,8,0,0,-0.4687855559872253,-0.7221900510363374,0.25340449504911206,0.0006335112376227802,2018,0.00026039176785520526,0.00026039176785520526,0
2018-03-19,1897,31,11,0,0,0.9974075774463644,1.4075658862789144,-0.41015830883255,-0.001025395772081375,2018,0.00036146516879742357,0.00036146516879742357,0
2018-03-20,1897,29,10,0,0,-6.851324939192456,-5.828987296925586,-1.0223376422668702,-0.0025558441056671754,2018,0.0017027559628693743,0.0017027559628693743,0
2018-03-22,1898,28,3,0,0,0.2929175966278181,0.2514540305598295,0.041463566067988566,0.00010365891516997141,2018,0.0003138176188767041,0.0003138176188767041,0
2018-03-23,1900,30,2,0,0,4.611512856321959,5.220205262437771,-0.6086924061158117,-0.001521731015289529,2018,0.002222309515157574,0.002222309515157574,0
2018-03-26,1900,28,4,0,0,-1.8845795286568758,-1.8697845465297673,-0.014794982127108502,-3.6987455317771256e-05,2018,0.0005278200285540921,0.0005278200285540921,0
2018-03-27,1901,29,1,0,0,0.678026923412526,1.5115564779970496,-0.8335295545845236,-0.002083823886461309,2018,0.0006372089760504934,0.0006372089760504934,0
2018-03-28,1901,31,1,0,0,0.6665710670690611,2.829078305881392,-2.162507238812331,-0.0054062680970308275,2018,0.000655089616438665,0.000655089616438665,0
2018-03-29,1901,33,3,0,0,-0.03945756158554411,-0.24356579671230696,0.20410823512676285,0.0005102705878169071,2018,0.00032199212933298763,0.00032199212933298763,0
2018-03-30,1901,32,8,0,0,0.10003647594142295,0.08227143869284353,0.01776503724857942,4.441259312144854e-05,2018,0.000318906520798306,0.000318906520798306,0
2018-04-02,1902,33,6,0,0,0.3889694637521705,2.2512045877059,-1.8622351239537294,-0.004655587809884324,2018,0.0005209990827803063,0.0005209990827803063,0
2018-04-03,1902,34,1,0,0,0.7332140183565766,0.8648060800038347,-0.13159206164725812,-0.0003289801541181453,2018,0.0004074271951133746,0.0004074271951133746,0
2018-04-04,1902,34,8,0,0,-0.8145493257292955,-1.2336297425960148,0.41908041686671926,0.001047701042166798,2018,0.00039669708459445037,0.00039669708459445037,0
2018-04-05,1902,34,4,0,0,0.3028576367581361,0.6523248381651944,-0.3494672014070583,-0.0008736680035176457,2018,0.0003583882405870619,0.0003583882405870619,0
2018-04-06,1902,34,2,0,0,-0.5499882844237486,1.7272755193510607,-2.2772638037748094,-0.0056931595094370235,2018,0.0003747490481345992,0.0003747490481345992,0
2018-04-09,1902,36,7,0,0,-3.8105572275816204,0.6983931227310508,-4.508950350312671,-0.011272375875781677,2018,0.000561276091740862,0.000561276091740862,0
2018-04-10,1902,37,0,0,0,-0.9586509582436209,-0.24534466074558828,-0.7133062974980326,-0.0017832657437450816,2018,0.0003257467331701046,0.0003257467331701046,0
2018-04-11,1902,38,0,0,0,0.6314462602240571,0.3749947582637212,0.25645150196033595,0.0006411287549008399,2018,0.00042927697149790597,0.00042927697149790597,0
2018-04-12,1902,40,0,0,0,-0.38082168420205026,0.35908403331267585,-0.7399057175147261,-0.0018497642937868152,2018,0.0006234868548637708,0.0006234868548637708,0
2018-04-13,1902,40,3,0,0,-1.7387264560091176,-1.240140828607686,-0.49858562740143153,-0.0012464640685035788,2018,0.00038256548835108745,0.00038256548835108745,0
2018-04-16,1902,40,3,0,0,1.944299172556784,2.9050267454472354,-0.9607275728904514,-0.0024018189322261283,2018,0.000456863514135211,0.000456863514135211,0
2018-04-17,1902,40,10,0,0,-0.07453961864179155,0.7574535144392261,-0.8319931330810177,-0.0020799828327025443,2018,0.0003819023746768987,0.0003819023746768987,0
2018-04-18,1902,41,8,0,0,-0.05017727792195884,0.31060285509390734,-0.3607801330158662,-0.0009019503325396655,2018,0.00025586683389467596,0.00025586683389467596,0
2018-04-19,1902,42,7,0,0,0.49716910385885266,0.5410319594633433,-0.0438628556044906,-0.0001096571390112265,2018,0.000355839768484096,0.000355839768484096,0
2018-04-20,1903,43,7,0,1,2.252465297106935,1.1911421701090184,1.0613231269979166,0.0026533078174947916,2018,0.0003326335807394352,0.0003326335807394352,1
2018-04-23,1903,43,3,0,0,-0.5380514677828455,0.18663733098210192,-0.7246887987649474,-0.0018117219969123685,2018,0.00031950704419296256,0.00031950704419296256,0
2018-04-24,1903,45,4,0,0,0.11840340257386,0.2518717907775762,-0.1334683882037162,-0.0003336709705092905,2018,0.0003942535061179283,0.0003942535061179283,0
2018-04-25,1903,45,6,0,0,-0.9706070107552494,0.2765678974670372,-1.2471749082222865,-0.003117937270555716,2018,0.0005443145689918972,0.0005443145689918972,0
2018-04-26,1903,44,3,0,0,-1.390536597470571,-1.046433001309209,-0.3441035961613621,-0.0008602589904034053,2018,0.0007194275596719984,0.0007194275596719984,0
2018-04-27,1903,45,2,0,0,1.2945434198754182,0.3179775631004398,0.9765658567749784,0.002441414641937446,2018,0.0003042160706352352,0.0003042160706352352,0
2018-05-01,1903,46,0,0,0,0.6061058153170517,0.7572391416620917,-0.15113332634504006,-0.0003778333158626002,2018,0.0004206687743930031,0.0004206687743930031,0
2018-05-02,1903,48,0,0,0,2.0604231505325283,0.1836680800130491,1.8767550705194793,0.004691887676298698,2018,0.0004410655163424279,0.0004410655163424279,0
2018-05-07,1903,47,1,0,0,-0.10107965249652033,-1.5021763506447956,1.4010966981482753,0.003502741745370688,2018,0.0006645112054163701,0.0006645112054163701,0
2018-05-08,1903,47,4,0,0,0.2342900519401614,-0.678279472953785,0.9125695248939464,0.002281423812234866,2018,0.0007751568402945953,0.0007751568402945953,0
2018-05-09,1903,48,4,0,0,1.8024234931581944,1.4189563459210912,0.3834671472371032,0.0009586678680927579,2018,0.0008197699958926756,0.0008197699958926756,0
2018-05-10,1903,48,4,0,0,0.850885558739869,0.24965504554304915,0.6012305131968199,0.0015030762829920496,2018,0.0010557994126548346,0.0010557994126548346,0
2018-05-11,1903,47,0,0,0,0.41409284275813646,-0.27016007421994154,0.684252916978078,0.001710632292445195,2018,0.0007066093490465819,0.0007066093490465819,0
2018-05-14,1903,47,3,0,0,-0.8618108716605198,-0.11673610827059248,-0.7450747633899274,-0.0018626869084748185,2018,0.0006379859478373854,0.0006379859478373854,0
2018-05-15,1903,47,1,0,0,1.0500892605782342,0.6889015783255407,0.3611876822526935,0.0009029692056317337,2018,0.0003863659641263601,0.0003863659641263601,0
2018-05-16,1903,47,3,0,0,1.2067969534738536,0.8147077136194018,0.3920892398544519,0.0009802230996361298,2018,0.0002965894427636978,0.0002965894427636978,0
2018-05-17,1903,48,0,0,0,1.6382768711011353,0.503126633873573,1.1351502372275624,0.0028378755930689057,2018,0.00035393894672008995,0.00035393894672008995,0
2018-05-18,1903,49,1,0,0,-0.4159068069705687,-1.1332475771462167,0.717340770175648,0.00179335192543912,2018,0.00023512806250510938,0.00023512806250510938,0
2018-05-21,1903,50,3,0,0,-0.05615870824857568,-0.5009911552639291,0.44483244701535346,0.0011120811175383835,2018,0.00029343440293788794,0.00029343440293788794,0
2018-05-22,1903,51,0,0,0,-2.2930407470103606,-1.8380892959403805,-0.45495145106998014,-0.0011373786276749503,2018,0.0003803385145197378,0.0003803385145197378,0
2018-05-23,1903,50,10,0,0,-1.54732396414122,0.23125065639787948,-1.7785746205390995,-0.0044464365513477485,2018,0.0002893656380094558,0.0002893656380094558,0
2018-05-24,1903,50,2,0,0,-0.28423078605765256,0.12235439764967919,-0.40658518370733177,-0.0010164629592683294,2018,0.00036263771594695517,0.00036263771594695517,0
2018-05-25,1903,50,10,0,0,-1.7585040665575153,-1.3181646675513823,-0.44033939900613306,-0.0011008484975153327,2018,0.00026713758235012524,0.00026713758235012524,0
2018-05-28,1903,50,14,0,0,-1.7189454070263777,-2.311680072413545,0.5927346653871672,0.001481836663467918,2018,0.00036060486446811986,0.00036060486446811986,0
2018-05-29,1903,50,13,0,0,2.472783222575068,0.9777057576659139,1.495077464909154,0.0037376936622728852,2018,0.0004700452638146873,0.0004700452638146873,0
2018-05-30,1903,50,8,0,0,0.012559052028641679,0.62510141624004,-0.6125423642113983,-0.0015313559105284958,2018,0.00043311790195664295,0.00043311790195664295,0
2018-05-31,1904,51,10,0,0,1.6892121615551476,3.633605249962841,-1.9443930884076932,-0.004860982721019233,2018,0.0006208128357424325,0.0006208128357424325,0
2018-06-01,1904,51,8,0,0,-0.23582817183662852,-0.4584587704814553,0.22263059864482676,0.0005565764966120669,2018,0.0003507644181813036,0.0003507644181813036,0
2018-06-04,1904,51,15,0,0,0.32245139078390705,-0.7864892743441844,1.1089406651280913,0.002772351662820228,2018,0.0003477210249037094,0.0003477210249037094,0
2018-06-05,1904,52,6,0,0,2.442231435032228,1.9523318532221066,0.4898995818101215,0.0012247489545253037,2018,0.00041247829194157197,0.00041247829194157197,0
2018-06-06,1904,52,7,0,0,0.09303828496578481,0.32104465371973584,-0.22800636875395103,-0.0005700159218848776,2018,0.0003092671245411673,0.0003092671245411673,0
2018-06-07,1904,51,7,0,0,0.6479889622055973,0.923245504488948,-0.2752565422833507,-0.0006881413557083768,2018,0.0003257970303892481,0.0003257970303892481,0
2018-06-08,1904,51,14,0,0,0.22900339509262957,0.9322993562480831,-0.7032959611554536,-0.0017582399028886338,2018,0.0002487664881597399,0.0002487664881597399,0
2018-06-11,1904,51,11,0,0,0.4157824228950793,0.45802886230477546,-0.04224643940969619,-0.00010561609852424047,2018,0.0003455571619781095,0.0003455571619781095,0
2018-06-12,1904,52,1,0,0,-0.9279577348736355,-1.5793474814543018,0.6513897465806663,0.0016284743664516657,2018,0.00032649931238712166,0.00032649931238712166,0
2018-06-13,1904,53,2,0,0,0.6039922357393636,-0.8668254746323738,1.4708177103717373,0.003677044275929343,2018,0.00039469609440610104,0.00039469609440610104,0
2018-06-14,1904,53,9,0,0,-2.8012992227907922,-0.9472211749293304,-1.8540780478614618,-0.004635195119653654,2018,0.00046585498080149956,0.00046585498080149956,0
2018-06-15,1904,53,9,0,0,-3.1414154627277644,-3.4889671053338858,0.34755164260612137,0.0008688791065153034,2018,0.0006055829544538917,0.0006055829544538917,0
2018-06-18,1904,51,6,0,0,0.9389702161160228,0.6843054931341732,0.2546647229818496,0.0006366618074546241,2018,0.0003157500321222835,0.0003157500321222835,0
2018-06-19,1905,51,16,0,0,0.33614524944956586,-0.895911152606573,1.2320564020561389,0.003080141005140347,2018,0.0003358468036765149,0.0003358468036765149,0
2018-06-20,1905,50,17,0,0,0.2730308925457851,0.22132351274509263,0.05170737980069248,0.0001292684495017312,2018,0.0004332605382366654,0.0004332605382366654,0
2018-06-21,1906,51,5,0,0,-3.6664681068755987,-3.258567529139441,-0.40790057773615773,-0.0010197514443403943,2018,0.0006266191239610611,0.0006266191239610611,0
2018-06-22,1907,51,8,0,0,-0.9435818143540714,1.0239120537467226,-1.967493868100794,-0.004918734670251985,2018,0.0004054592545289518,0.0004054592545289518,0
2018-06-25,1907,51,8,0,0,1.1046210076130032,0.23580300120812017,0.868818006404883,0.0021720450160122077,2018,0.0005547925148587034,0.0005547925148587034,0
2018-06-26,1908,51,9,0,0,-0.6696033153079237,-0.5276370158359059,-0.14196629947201778,-0.0003549157486800444,2018,0.00031497634169188525,0.00031497634169188525,0
2018-06-27,1909,50,4,0,0,1.1453424847701148,0.2662228497459155,0.8791196350241993,0.002197799087560498,2018,0.00033258613898425683,0.00033258613898425683,0
2018-06-28,1909,50,13,0,0,-4.859209416427984,-4.267726515661359,-0.5914829007666258,-0.0014787072519165645,2018,0.0008068761257758978,0.0008068761257758978,0
2018-06-29,1910,51,5,0,0,-1.877816457705958,-0.9907268271330363,-0.8870896305729217,-0.002217724076432304,2018,0.0003831742983553553,0.0003831742983553553,0
2018-07-02,1910,52,17,0,0,0.4533698231931738,0.11169477633080326,0.34167504686237055,0.0008541876171559264,2018,0.00039950290740709124,0.00039950290740709124,0
2018-07-03,1910,52,5,0,0,-3.8023116881942407,-4.087206835604909,0.28489514741066824,0.0007122378685266706,2018,0.0005457525398164363,0.0005457525398164363,0
2018-07-04,1910,52,4,0,0,3.750784395157224,2.032116965286398,1.718667429870826,0.004296668574677065,2018,0.0008008657192830654,0.0008008657192830654,0
2018-07-05,1910,51,25,0,0,3.203976168020871,3.09962002447122,0.10435614354965095,0.00026089035887412736,2018,0.0012848191051293525,0.0012848191051293525,0
2018-07-06,1910,52,8,0,0,-0.028587505365119514,-1.0582581012111925,1.029670595846073,0.0025741764896151827,2018,0.0004413690547885367,0.0004413690547885367,0
2018-07-09,1910,51,1,0,0,-1.6383268823307404,-1.08625684205271,-0.5520700402780305,-0.0013801751006950764,2018,0.0004954499221090872,0.0004954499221090872,0
2018-07-10,1911,51,5,0,0,0.7840990773971827,0.6427216954187902,0.14137738197839245,0.0003534434549459811,2018,0.00035483633713965,0.00035483633713965,0
2018-07-11,1911,53,8,0,0,2.284513774777186,2.1793913455202123,0.10512242925697368,0.0002628060731424342,2018,0.0006045506944567827,0.0006045506944567827,0
2018-07-12,1911,54,8,0,0,2.4180113687130644,0.361588779098392,2.0564225896146726,0.005141056474036681,2018,0.0006530112546883721,0.0006530112546883721,0
2018-07-13,1911,55,2,0,0,1.3586733276026692,1.090952221412927,0.2677211061897422,0.0006693027654743555,2018,0.0004018318595158087,0.0004018318595158087,0
2018-07-17,1911,54,2,0,0,0.6989985675533609,-1.046469414426979,1.7454679819803398,0.00436366995495085,2018,0.000277694174717624,0.000277694174717624,0
2018-07-18,1911,54,3,0,0,-1.3214458476289626,-0.3212037765688857,-1.0002420710600768,-0.002500605177650192,2018,0.00032769099211622414,0.00032769099211622414,0
2018-07-19,1911,55,6,0,0,-0.2751431974559842,-0.6562365965807251,0.3810933991247409,0.0009527334978118522,2018,0.0003302756945879701,0.0003302756945879701,0
2018-07-20,1911,54,3,0,0,1.5016227540896263,1.2028454429194666,0.2987773111701597,0.0007469432779253993,2018,0.0003267487397421557,0.0003267487397421557,0
2018-07-23,1912,55,4,0,0,1.296928637586854,0.5068199335980597,0.7901087039887944,0.001975271759971986,2018,0.0003177889697123866,0.0003177889697123866,0
2018-07-24,1912,57,5,0,0,2.21876033723656,1.729384198208822,0.489376139027738,0.001223440347569345,2018,0.0003699667361050433,0.0003699667361050433,0
2018-07-25,1913,58,6,0,0,1.134650267701785,0.4993877531841933,0.6352625145175916,0.001588156286293979,2018,0.0003476188753980849,0.0003476188753980849,0
2018-07-26,1913,58,10,0,0,-0.8203089950204138,-0.9113758255108747,0.09106683049046094,0.00022766707622615234,2018,0.0007499413316349113,0.0007499413316349113,0
2018-07-27,1913,57,5,0,0,-1.1076720849211952,-2.293083271350802,1.1854111864296069,0.0029635279660740173,2018,0.0007901633809076745,0.0007901633809076745,0
2018-07-30,1913,57,2,0,0,-0.24674790129164403,1.225563477951609,-1.472311379243253,-0.003680778448108132,2018,0.0008350596343919868,0.0008350596343919868,0
2018-07-31,1913,57,7,0,0,-0.7203690910250277,-1.8442379972734706,1.1238689062484428,0.002809672265621107,2018,0.000544418532547345,0.000544418532547345,0
2018-08-01,1913,58,4,0,0,-2.0531972659422917,-1.5309851781776143,-0.5222120877646774,-0.0013055302194116935,2018,0.0007179646357120223,0.0007179646357120223,0
2018-08-02,1913,56,2,0,0,-2.2787971489777727,-1.227872237209116,-1.0509249117686568,-0.0026273122794216418,2018,0.000812451256373889,0.000812451256373889,0
2018-08-03,1913,56,0,0,0,0.9493131706319758,0.31353388009008554,0.6357792905418903,0.0015894482263547258,2018,0.0005910335383674242,0.0005910335383674242,0
2018-08-06,1913,57,0,0,0,0.4837070041189622,0.22206968443531147,0.2616373196836508,0.000654093299209127,2018,0.0007243224674478249,0.0007243224674478249,0
2018-08-07,1913,58,1,0,0,0.1076662566518171,-0.05771257809090676,0.16537883474272386,0.00041344708685680967,2018,0.0006258753999512497,0.0006258753999512497,0
2018-08-08,1913,57,2,0,0,-1.3016687320143734,-1.756522151898211,0.45485341988383765,0.001137133549709594,2018,0.0009834140234932563,0.0009834140234932563,0
2018-08-09,1913,58,1,0,0,-3.863469044809049,-5.423065284425434,1.5595962396163845,0.003898990599040961,2018,0.0014505536663095907,0.0014505536663095907,0
2018-08-10,1913,58,6,0,0,3.6880797435330184,3.2211601112559176,0.46691963227710076,0.0011672990806927519,2018,0.00080754060663822,0.00080754060663822,0
2018-08-13,1913,58,13,0,0,-1.7197995767367376,-0.9866997978026865,-0.7330997789340511,-0.0018327494473351278,2018,0.0005026665172460456,0.0005026665172460456,0
2018-08-14,1913,60,15,0,0,-2.6850929341764638,-2.507391002685093,-0.1777019314913706,-0.0004442548287284265,2018,0.0004978707473730152,0.0004978707473730152,0
2018-08-15,1913,61,4,0,0,0.6215342079983946,1.937307859318589,-1.3157736513201943,-0.0032894341283004856,2018,0.00038603885862212794,0.00038603885862212794,0
2018-08-16,1913,62,6,0,0,-1.5229228808026356,-2.082774232890218,0.5598513520875823,0.0013996283802189557,2018,0.0002980087824543856,0.0002980087824543856,0
2018-08-17,1913,63,3,0,0,-1.166925866765114,-0.5986617907737756,-0.5682640759913383,-0.0014206601899783458,2018,0.0003583898900419015,0.0003583898900419015,0
2018-08-20,1913,64,8,0,0,2.021980603089118,2.4682280301798865,-0.4462474270907686,-0.0011156185677269215,2018,0.0005851136358141952,0.0005851136358141952,0
2018-08-21,1913,64,1,0,0,1.283696836171749,1.8806906687427303,-0.5969938325709814,-0.0014924845814274534,2018,0.0004392517310013541,0.0004392517310013541,0
2018-08-22,1913,65,3,0,0,1.9821712375358522,1.4913254034248027,0.49084583411104954,0.0012271145852776237,2018,0.0003087310866901213,0.0003087310866901213,0
2018-08-23,1913,64,1,0,0,2.7577034501428677,2.7236207263261245,0.034082723816743155,8.520680954185789e-05,2018,0.0004756403696409569,0.0004756403696409569,0
2018-08-24,1913,64,6,0,0,0.7848162611002767,-0.7978227558414042,1.5826390169416809,0.003956597542354202,2018,0.0002574511667621409,0.0002574511667621409,0
2018-08-27,1913,64,4,0,0,0.8691513644253347,1.308859752878261,-0.43970838845292637,-0.001099270971132316,2018,0.00037040700304551556,0.00037040700304551556,0
2018-08-28,1913,64,6,0,0,0.6169955833050199,0.9213946777551634,-0.30439909445014346,-0.0007609977361253586,2018,0.000365948830982986,0.000365948830982986,0
2018-08-29,1913,63,11,0,0,-0.9368625110565469,-0.1360084972589781,-0.8008540137975688,-0.002002135034493922,2018,0.0002902357559589189,0.0002902357559589189,0
2018-08-30,1913,63,7,0,0,-2.216643306847424,-1.7903452134932791,-0.4262980933541447,-0.0010657452333853617,2018,0.0006657497812880801,0.0006657497812880801,0
2018-08-31,1913,65,14,0,0,-0.44158849289216273,0.07196138995190333,-0.5135498828440661,-0.0012838747071101653,2018,0.000338915536640441,0.000338915536640441,0
2018-09-03,1913,64,11,0,0,-0.6409927442212523,-0.8954621126675443,0.254469368446292,0.0006361734211157299,2018,0.00038288934297622747,0.00038288934297622747,0
2018-09-04,1913,64,11,0,0,-1.448161934743718,-2.096162237811573,0.6480003030678552,0.0016200007576696379,2018,0.00044992252186160277,0.00044992252186160277,0
2018-09-05,1913,65,6,0,0,-0.9213151560581211,-0.9973252346073638,0.07601007854924269,0.0001900251963731067,2018,0.00034069871019718406,0.00034069871019718406,0
2018-09-06,1913,63,8,0,0,-0.23748896589214738,0.8424876008214629,-1.0799765667136103,-0.0026999414167840257,2018,0.0004784536102969296,0.0004784536102969296,0
2018-09-07,1913,63,5,0,0,0.6123506971852447,0.514909943907428,0.09744075327781676,0.0002436018831945419,2018,0.00036441704345083605,0.00036441704345083605,0
2018-09-10,1913,64,6,0,0,-1.140667755802036,-1.3437215544591599,0.20305379865712392,0.0005076344966428097,2018,0.00041734144389317016,0.00041734144389317016,0
2018-09-11,1913,61,6,0,0,1.233774113014018,1.4139591373651943,-0.18018502435117623,-0.00045046256087794055,2018,0.0003976315357812497,0.0003976315357812497,0
2018-09-12,1913,62,0,0,0,2.0073275350423296,3.781937774225151,-1.7746102391828216,-0.004436525597957054,2018,0.0006648690375618168,0.0006648690375618168,0
2018-09-13,1913,63,10,0,0,2.940285460996933,2.677699117416298,0.2625863435806348,0.000656465858951587,2018,0.0007151476784303903,0.0007151476784303903,0
2018-09-14,1913,61,8,0,0,3.404155429661816,2.180026397507485,1.2241290321543312,0.0030603225803858282,2018,0.0005353884669678699,0.0005353884669678699,0
2018-09-18,1913,59,4,0,0,0.3249205645653836,0.05984141006061853,0.26507915450476505,0.0006626978862619127,2018,0.00033735922654309767,0.00033735922654309767,0
2018-09-19,1913,58,8,0,0,2.426485555979275,2.2890359533159543,0.13744960266332074,0.00034362400665830184,2018,0.00046288738474920346,0.00046288738474920346,0
2018-09-20,1913,57,6,0,0,2.769053468381625,2.9120599743697126,-0.14300650598808762,-0.00035751626497021905,2018,0.0005872345725131899,0.0005872345725131899,0
2018-09-21,1914,58,11,0,0,-0.3333044299462811,1.9539318010902378,-2.287236231036519,-0.005718090577591297,2018,0.0005437572046735266,0.0005437572046735266,0
2018-09-25,1915,59,21,0,0,-2.7650829267592685,-2.0747448724149824,-0.6903380543442861,-0.0017258451358607152,2018,0.0009675541513089732,0.0009675541513089732,0
2018-09-26,1915,58,12,0,0,1.2636156379642447,0.6527008441798055,0.6109147937844392,0.001527286984461098,2018,0.00033637232404616516,0.00033637232404616516,0
2018-09-27,1916,59,15,0,0,0.697155656391666,-0.08463529179986323,0.7817909481915293,0.001954477370478823,2018,0.00037185475425793044,0.00037185475425793044,0
2018-09-28,1917,60,17,0,0,-0.8639297086275333,0.160626778075494,-1.0245564867030272,-0.002561391216757568,2018,0.00039366370331441115,0.00039366370331441115,0
2018-10-01,1920,63,19,0,0,-1.8763027703137911,-2.545458845707753,0.669156075393962,0.0016728901884849052,2018,0.0005265151010077297,0.0005265151010077297,0
2018-10-02,1920,63,17,0,0,-0.09555393854123521,0.5727569770871505,-0.6683109156283856,-0.001670777289070964,2018,0.0003163175762417308,0.0003163175762417308,0
2018-10-03,1920,63,3,0,0,-2.332518129101645,-1.4732700906667189,-0.8592480384349259,-0.0021481200960873146,2018,0.00043351466858673233,0.00043351466858673233,0
2018-10-04,1920,62,11,0,0,-3.84989414104909,-3.1948059157041726,-0.6550882253449175,-0.0016377205633622937,2018,0.0008258792233045998,0.0008258792233045998,0
2018-10-05,1920,65,9,0,0,0.9485201927119858,0.3965261394927644,0.5519940532192215,0.0013799851330480537,2018,0.0005290982635777534,0.0005290982635777534,0
2018-10-09,1920,65,5,0,0,-7.131829781592326,-6.4307996736769795,-0.7010301079153463,-0.0017525752697883656,2018,0.0013643655284019168,0.0013643655284019168,0
2018-10-10,1920,64,2,0,0,2.765783255937439,0.10049116871400143,2.665292087223438,0.006663230218058595,2018,0.0006555065444924445,0.0006555065444924445,0
2018-10-11,1920,63,31,0,0,-1.5463801183088421,-2.9968622353319367,1.4504821170230946,0.0036262052925577367,2018,0.0005206748766273545,0.0005206748766273545,0
2018-10-12,1920,63,5,0,0,-0.08583496624002519,0.3193381672592084,-0.40517313349923356,-0.0010129328337480838,2018,0.0004883379110689114,0.0004883379110689114,0
2018-10-15,1920,63,11,0,0,4.443138648342317,3.882795844285982,0.5603428040563352,0.001400857010140838,2018,0.0008916707778201918,0.0008916707778201918,0
2018-10-16,1920,64,13,0,0,-1.6601976021465517,-0.4490382378993278,-1.2111593642472238,-0.0030278984106180597,2018,0.00037666878434410646,0.00037666878434410646,0
2018-10-17,1920,63,6,0,0,-1.416586274830663,-0.02214920537874776,-1.3944370694519153,-0.0034860926736297883,2018,0.0005222935518603769,0.0005222935518603769,0
2018-10-18,1920,63,16,0,0,0.23221390117838617,0.772900614560586,-0.5406867133821999,-0.0013517167834554997,2018,0.0003200946436991158,0.0003200946436991158,0
2018-10-19,1921,64,10,0,0,-4.325973186556454,-5.266487249044311,0.940514062487857,0.0023512851562196425,2018,0.0006480899554513528,0.0006480899554513528,0
2018-10-22,1921,63,13,0,0,0.5657154935999983,0.4029891792627422,0.1627263143372561,0.0004068157858431402,2018,0.0003961190165784077,0.0003961190165784077,0
2018-10-23,1921,62,9,0,0,-7.071523555258331,-8.114133015703603,1.0426094604452718,0.0026065236511131793,2018,0.0009865064150743565,0.0009865064150743565,0
2018-10-24,1921,63,15,0,0,-2.499975523854002,-2.33914792895341,-0.16082759490059217,-0.00040206898725148044,2018,0.0006919246321772474,0.0006919246321772474,0
2018-10-25,1921,62,36,0,0,-2.7832420502273205,-2.9885634837317157,0.20532143350439513,0.0005133035837609878,2018,0.001513066364263959,0.001513066364263959,0
2018-10-26,1921,62,26,0,0,4.277581355679321,6.154772698339079,-1.8771913426597582,-0.004692978356649395,2018,0.0024048758467287213,0.0024048758467287213,0
2018-10-29,1921,62,14,0,0,3.3191004889135356,4.991132498136461,-1.6720320092229257,-0.004180080023057314,2018,0.002382270898066516,0.002382270898066516,0
2018-10-30,1921,63,31,0,0,0.592535660979007,-1.2317282263858595,1.8242638873648667,0.0045606597184121665,2018,0.0018189407813477751,0.0018189407813477751,0
2018-10-31,1921,62,9,0,0,4.0397851407468695,0.32085807223339985,3.7189270685134694,0.009297317671283674,2018,0.0008768993898829307,0.0008768993898829307,0
2018-11-01,1921,62,12,0,0,-0.28575911150191796,-1.5354386041847334,1.2496794926828154,0.0031241987317070386,2018,0.0005917044967180173,0.0005917044967180173,0
2018-11-02,1921,61,6,0,0,0.8689131799684766,1.2976898759432038,-0.42877669597472723,-0.001071941739936818,2018,0.0006396388220037524,0.0006396388220037524,0
2018-11-05,1921,61,6,0,0,0.6818029656511636,0.17470967308982788,0.5070932925613357,0.0012677332314033393,2018,0.000638372365591714,0.000638372365591714,0
2018-11-06,1921,60,7,0,0,2.9815754089563313,2.7510892546000503,0.23048615435628106,0.0005762153858907027,2018,0.0009401484156410483,0.0009401484156410483,0
2018-11-07,1921,60,12,0,0,-0.19449606530320787,-0.20407375586643528,0.009577690563227409,2.3944226408068522e-05,2018,0.000754740895532866,0.000754740895532866,0
2018-11-08,1921,60,5,0,0,-1.5913635225170377,-1.6973092466688868,0.10594572415184911,0.0002648643103796228,2018,0.0011287855031182985,0.0011287855031182985,0
2018-11-09,1921,62,5,0,0,-3.438355485807288,-2.791722070555513,-0.6466334152517748,-0.0016165835381294368,2018,0.000956763573404889,0.000956763573404889,0
2018-11-12,1921,61,2,0,0,-0.5234382645551497,-1.4695410649036305,0.9461028003484807,0.002365257000871202,2018,0.0007735290224749712,0.0007735290224749712,0
2018-11-13,1921,58,9,0,0,0.20513114494815868,0.9660524966209555,-0.7609213516727968,-0.0019023033791819922,2018,0.0007382219518648158,0.0007382219518648158,0
2018-11-14,1921,59,7,0,0,-2.7367235447824236,-1.5031537177108103,-1.2335698270716133,-0.003083924567679033,2018,0.0005329898451460179,0.0005329898451460179,0
2018-11-15,1921,58,8,0,0,1.4838242457269792,1.218976497273516,0.26484774845346326,0.0006621193711336582,2018,0.0005344621927654605,0.0005344621927654605,0
2018-11-16,1921,58,11,0,0,-1.3616381812843776,-2.316267018044495,0.9546288367601174,0.002386572091900294,2018,0.00045227170215117425,0.00045227170215117425,0
2018-11-19,1921,58,4,0,0,-1.3980566794805236,-0.9915173510889623,-0.40653932839156126,-0.0010163483209789032,2018,0.000339902143354606,0.000339902143354606,0
2018-11-20,1921,59,7,0,0,1.4046816186622857,1.614717212001865,-0.21003559333957922,-0.000525088983348948,2018,0.0004066530172724198,0.0004066530172724198,0
2018-11-21,1921,59,17,0,0,0.9493441067030769,0.2205037462717838,0.7288403604312931,0.0018221009010782328,2018,0.00039099052020493834,0.00039099052020493834,0
2018-11-22,1921,59,3,0,0,1.8562365522921673,0.6683047086332764,1.187931843658891,0.0029698296091472277,2018,0.0003390161173689563,0.0003390161173689563,0
2018-11-26,1921,60,3,0,0,3.0144590051940843,0.4346199178707791,2.5798390873233052,0.006449597718308263,2018,0.000467243685967325,0.000467243685967325,0
2018-11-27,1921,60,6,0,0,1.630005193891959,0.7374485447417104,0.8925566491502487,0.002231391622875622,2018,0.0003776209001530228,0.0003776209001530228,0
2018-11-28,1922,61,6,0,0,1.166617823918971,0.8864678683171344,0.28014995560183664,0.0007003748890045916,2018,0.0003758530468464084,0.0003758530468464084,0
2018-11-29,1922,62,13,0,0,2.7189874059261583,1.046702967083431,1.6722844388427274,0.004180711097106818,2018,0.0004091985294011477,0.0004091985294011477,0
2018-11-30,1922,61,4,0,0,-4.907045329321485,-4.157039293052596,-0.7500060362688892,-0.001875015090672223,2018,0.0009165246440012785,0.0009165246440012785,0
2018-12-03,1922,62,10,0,0,-2.386644355426132,-0.6683106107111142,-1.718333744715018,-0.004295834361787545,2018,0.0005327697745704746,0.0005327697745704746,0
2018-12-04,1922,61,10,0,0,-2.982569085432844,-3.2916602678758373,0.30909118244299316,0.0007727279561074829,2018,0.0007548867088240139,0.0007548867088240139,0
2018-12-05,1922,62,14,0,0,0.43490801889402575,0.9547591681936051,-0.5198511492995793,-0.0012996278732489482,2018,0.00042282467503891715,0.00042282467503891715,0
2018-12-06,1922,62,17,0,0,-3.8934078647622226,-5.033458991159454,1.140051126397231,0.002850127815993078,2018,0.0006887929582805271,0.0006887929582805271,0
2018-12-07,1922,62,10,0,0,-3.6986294843910437,-3.5605443583588916,-0.13808512603215206,-0.00034521281508038016,2018,0.0006349281371360771,0.0006349281371360771,0
2018-12-10,1922,60,18,0,0,2.507798549774012,3.9616591570439166,-1.4538606072699047,-0.003634651518174762,2018,0.0015830249801768446,0.0015830249801768446,0
2018-12-11,1922,59,19,0,0,0.7637832716066333,2.819952116993573,-2.0561688453869396,-0.005140422113467349,2018,0.0011157867368398807,0.0011157867368398807,0
2018-12-12,1923,58,3,0,0,-3.460022541638756,-2.6339337875220927,-0.8260887541166633,-0.002065221885291658,2018,0.0011273309242824403,0.0011273309242824403,0
2018-12-13,1924,59,1,0,0,-2.10329025281547,-0.8452276664694227,-1.2580625863460475,-0.0031451564658651187,2018,0.0007033169246129739,0.0007033169246129739,0
2018-12-14,1923,60,10,0,0,-5.50410338263638,-4.833883018042791,-0.6702203645935887,-0.0016755509114839717,2018,0.0007770388018847533,0.0007770388018847533,0
2018-12-17,1923,59,7,0,0,-0.06293604817826066,-0.47414717730951444,0.4112111291312538,0.0010280278228281346,2018,0.0004653285381699019,0.0004653285381699019,0
2018-12-18,1923,57,11,0,0,-5.3570347948649255,-7.313284774646978,1.9562499797820525,0.004890624949455131,2018,0.000813230697584957,0.000813230697584957,0
2018-12-19,1925,59,17,0,0,-4.928965749333167,-5.615432247976607,0.6864664986434397,0.001716166246608599,2018,0.0010200509295498557,0.0010200509295498557,0
2018-12-20,1925,59,33,0,0,-7.908457676162288,-12.676441187698734,4.767983511536445,0.011919958778841113,2018,0.001656431778988807,0.001656431778988807,0
2018-12-21,1928,61,44,0,0,2.5982917618134382,5.1257898902095045,-2.5274981283960662,-0.006318745320990166,2018,0.002880892513282989,0.002880892513282989,0
2018-12-25,1929,61,39,0,0,10.198584729501283,12.891905918262765,-2.693321188761482,-0.006733302971903705,2018,0.014307121671674647,0.014307121671674647,0
2018-12-26,1929,58,1,0,0,-0.5137048186685566,-0.3923074790808589,-0.12139733958769766,-0.00030349334896924413,2018,0.0010128761359640653,0.0010128761359640653,0
2018-12-27,1929,58,2,0,0,-3.165075953694424,-2.8971232346040128,-0.2679527190904114,-0.0006698817977260286,2018,0.0010129459627920842,0.0010129459627920842,0
2018-12-28,1930,58,9,0,0,5.361153349282993,5.199878079586829,0.1612752696961639,0.00040318817424040977,2019,0.0021047967355903308,0.0021047967355903308,0
2019-01-04,1930,57,42,0,0,-0.7628775437901271,1.4338113818217597,-2.1966889256118867,-0.005491722314029716,2019,0.0009037193970072006,0.0009037193970072006,0
2019-01-07,1930,57,10,0,0,0.9504473696086343,-0.16998465048774106,1.1204320200963753,0.002801080050240938,2019,0.0007634848752160424,0.0007634848752160424,0
2019-01-08,1930,56,15,0,0,-1.894496002629249,-0.9339077912646973,-0.9605882113645517,-0.0024014705284113795,2019,0.0008150239143147254,0.0008150239143147254,0
2019-01-09,1930,57,15,0,0,0.24366413800422768,0.5909827432786056,-0.34731860527437786,-0.0008682965131859446,2019,0.00047969362226167416,0.00047969362226167416,0
2019-01-10,1930,55,13,0,0,1.7785951088152328,2.0803645538922213,-0.30176944507698855,-0.0007544236126924714,2019,0.0008265562632801507,0.0008265562632801507,0
2019-01-11,1930,56,8,0,0,-0.5253648072524552,-0.3924085636285481,-0.13295624362390707,-0.0003323906090597677,2019,0.000440372027918687,0.000440372027918687,0
2019-01-15,1930,56,11,0,0,1.6889776630861304,1.2759775733772327,0.4130000897088977,0.0010325002242722442,2019,0.00043909504456232304,0.00043909504456232304,0
2019-01-16,1930,57,6,0,0,2.293318568125987,0.8939541916968707,1.3993643764291162,0.0034984109410727904,2019,0.0005469945974531726,0.0005469945974531726,0
2019-01-17,1929,59,15,0,0,0.8907131494091723,0.08067621252230678,0.8100369368868656,0.002025092342217164,2019,0.0004628816291502548,0.0004628816291502548,0
2019-01-18,1929,58,5,0,0,-1.4237181337687472,-0.5948641462785513,-0.8288539874901959,-0.00207213496872549,2019,0.00046276481276212117,0.00046276481276212117,0
2019-01-21,1929,59,1,0,0,-1.7202349282142873,-0.760821017328896,-0.9594139108853913,-0.0023985347772134784,2019,0.0004640179254831,0.0004640179254831,0
2019-01-22,1929,61,7,0,0,1.1420190818078362,1.4983198010278949,-0.3563007192200587,-0.0008907517980501468,2019,0.0004996733089877056,0.0004996733089877056,0
2019-01-23,1929,61,9,0,0,0.73314906799861,2.325110151361839,-1.5919610833632292,-0.003979902708408073,2019,0.0005656362873367544,0.0005656362873367544,0
2019-01-24,1929,60,11,0,0,-0.9763293358865107,-1.5399906937291028,0.5636613578425921,0.00140915339460648,2019,0.0004593599230676981,0.0004593599230676981,0
2019-01-25,1929,60,3,0,0,0.3552045003220263,-1.1070568244187637,1.46226132474079,0.0036556533118519753,2019,0.00036511117847342234,0.00036511117847342234,0
2019-01-28,1929,60,4,0,0,-2.42216277285727,-2.6960533342969275,0.2738905614396576,0.0006847264035991441,2019,0.0007572082715996745,0.0007572082715996745,0
2019-01-29,1929,61,4,0,0,2.1155818357604574,1.9747873409061774,0.14079449485428008,0.0003519862371357002,2019,0.0008035181687827794,0.0008035181687827794,0
2019-01-30,1929,62,5,0,0,-1.0924418556438897,-1.238750393339119,0.14630853769522933,0.00036577134423807335,2019,0.0009124655188272516,0.0009124655188272516,0
2019-01-31,1929,62,12,0,0,4.3937354726962985,3.170684420468318,1.2230510522279805,0.003057627630569951,2019,0.0009636604696580332,0.0009636604696580332,0
2019-02-01,1929,62,15,0,0,0.4625553080391341,-0.026825522220421522,0.4893808302595556,0.001223452075648889,2019,0.0005356110171542589,0.0005356110171542589,0
2019-02-04,1929,62,24,0,0,-0.450595394602824,0.6033246495332789,-1.053920044136103,-0.0026348001103402574,2019,0.0005169411740107129,0.0005169411740107129,0
2019-02-05,1929,64,10,0,0,-1.442562908005426,-1.3660477622935423,-0.07651514571188378,-0.00019128786427970946,2019,0.0007256621030215711,0.0007256621030215711,0
2019-02-06,1929,64,5,0,0,-3.393241982973851,-3.557095769999974,0.16385378702612297,0.0004096344675653074,2019,0.0011745533423193882,0.0011745533423193882,0
2019-02-07,1929,66,6,0,0,3.968465785690762,3.3170740779497296,0.6513917077410323,0.0016284792693525808,2019,0.0012713493720288183,0.0012713493720288183,0
2019-02-08,1929,65,1,0,0,2.7477220297380405,1.9117034028610627,0.8360186268769778,0.0020900465671924444,2019,0.0007858997910564925,0.0007858997910564925,0
2019-02-12,1929,64,1,0,0,0.7681885799343805,-0.4095030229751091,1.1776916029094897,0.002944229007273724,2019,0.0006757530925817448,0.0006757530925817448,0
2019-02-13,1929,64,1,0,0,-1.2302598732714778,-1.508480314100353,0.2782204408288753,0.0006955511020721882,2019,0.000816174929601491,0.000816174929601491,0
2019-02-14,1929,65,4,0,0,3.4706934323049228,3.400014703585189,0.07067872871973391,0.00017669682179933478,2019,0.000875081052113588,0.000875081052113588,0
2019-02-15,1929,64,0,0,0,1.268768314818647,0.47142094792075045,0.7973473668978965,0.0019933684172447415,2019,0.0003477411666844896,0.0003477411666844896,0
2019-02-18,1929,63,2,0,0,0.6437896774800395,0.2361036262049627,0.40768605127507673,0.0010192151281876918,2019,0.000315856101540999,0.000315856101540999,0
2019-02-19,1929,63,1,0,0,0.8259199931257365,-0.35474284148067364,1.18066283460641,0.002951657086516025,2019,0.00028209282113423353,0.00028209282113423353,0
2019-02-20,1929,64,8,0,0,-0.4759634002422783,-0.15546065277861712,-0.32050274746366114,-0.0008012568686591528,2019,0.0003268673532546337,0.0003268673532546337,0
2019-02-21,1929,64,2,0,0,1.667819287707042,1.9579466387276314,-0.2901273510205895,-0.0007253183775514738,2019,0.0003334756996374597,0.0003334756996374597,0
2019-02-22,1929,64,1,0,0,-0.5783476725177191,-0.3707645074942885,-0.2075831650234306,-0.0005189579125585765,2019,0.0003131431809023964,0.0003131431809023964,0
2019-02-25,1929,63,6,0,0,0.822681204107611,2.1266213541466974,-1.3039401500390864,-0.003259850375097716,2019,0.00038648078330784575,0.00038648078330784575,0
2019-02-26,1929,62,13,0,0,-1.049976475232387,-1.5445263160460172,0.4945498408136302,0.0012363746020340755,2019,0.0004410969685159531,0.0004410969685159531,0
2019-02-27,1929,62,13,0,0,0.8717780693784638,0.9356053231142031,-0.06382725373573928,-0.0001595681343393482,2019,0.000289358563365427,0.000289358563365427,0
2019-02-28,1930,60,2,0,0,2.0900338718654363,1.0694796277952348,1.0205542440702016,0.002551385610175504,2019,0.00042962278860496714,0.00042962278860496714,0
2019-03-01,1931,61,12,0,0,-0.8026999928192163,-0.9487129880697595,0.14601299525054312,0.0003650324881263578,2019,0.0003435548773221711,0.0003435548773221711,0
2019-03-04,1931,61,17,0,0,-0.8443722459164156,-0.3817481532619431,-0.46262409265447246,-0.0011565602316361812,2019,0.0002674913295740042,0.0002674913295740042,0
2019-03-05,1932,63,10,0,0,-1.5801243290241633,-1.907613150129585,0.32748882110542166,0.0008187220527635542,2019,0.00042101237528852233,0.00042101237528852233,0
2019-03-06,1932,64,9,0,0,-4.062404205183683,-5.233833605042158,1.171429399858475,0.0029285734996461876,2019,0.0009208515912959377,0.0009208515912959377,0
2019-03-07,1932,63,5,0,0,0.28543884667655345,1.1761315078173038,-0.8906926611407504,-0.002226731652851876,2019,0.00043742215751404226,0.00043742215751404226,0
2019-03-08,1932,63,1,0,0,3.497833495841293,2.8719620296797554,0.6258714661615374,0.0015646786654038437,2019,0.0007236456185097337,0.0007236456185097337,0
2019-03-11,1932,63,10,0,0,-1.920907012458499,-1.0486191582279323,-0.8722878542305668,-0.002180719635576417,2019,0.0003447437506960287,0.0003447437506960287,0
2019-03-12,1932,63,15,0,0,-1.0010502839907425,-0.6140343011720512,-0.3870159828186913,-0.0009675399570467283,2019,0.00036405846710879555,0.00036405846710879555,0
2019-03-13,1933,66,7,0,0,1.5373327369898668,2.016495481747778,-0.4791627447579112,-0.001197906861894778,2019,0.0005400866491929162,0.0005400866491929162,0
2019-03-14,1933,65,17,0,0,2.168742874378084,2.944547919629391,-0.7758050452513068,-0.001939512613128267,2019,0.0007138676561105629,0.0007138676561105629,0
2019-03-15,1934,65,10,0,0,-0.6430267071440348,-1.042959786085335,0.39993307894130026,0.0009998326973532506,2019,0.0003032200126709681,0.0003032200126709681,0
2019-03-18,1934,65,5,0,0,0.800653417214285,1.2605568431196557,-0.4599034259053707,-0.0011497585647634269,2019,0.00028933459881985967,0.00028933459881985967,0
2019-03-19,1935,66,10,0,0,0.7537235700060229,0.6799217302939664,0.07380183971205645,0.00018450459928014113,2019,0.0004043752458037916,0.0004043752458037916,0
2019-03-20,1936,67,6,0,0,-4.342425594419047,-4.674676817908247,0.3322512234891999,0.0008306280587229997,2019,0.0010305027077076503,0.0010305027077076503,0
2019-03-22,1936,66,8,0,0,5.170659386927501,4.922741358828731,0.24791802809876984,0.0006197950702469246,2019,0.00099294900721956,0.00099294900721956,0
2019-03-25,1936,65,13,0,0,-1.0455661519271768,-0.03452577565530718,-1.0110403762718696,-0.002527600940679674,2019,0.0005012884329046941,0.0005012884329046941,0
2019-03-26,1936,63,13,0,0,-4.253198308124122,-3.0540865859106225,-1.1991117222134995,-0.002997779305533749,2019,0.001382231923141282,0.001382231923141282,0
2019-03-27,1936,61,7,0,0,0.7557358842328403,0.3751161297820613,0.380619754450779,0.0009515493861269475,2019,0.0003493129041629483,0.0003493129041629483,0
2019-03-28,1937,63,11,0,0,1.3097705895412277,2.2045685488847195,-0.8947979593434918,-0.0022369948983587294,2019,0.0006472029851636832,0.0006472029851636832,0
2019-03-29,1937,64,3,0,0,-1.5183913040586454,-1.169055456614089,-0.3493358474445565,-0.0008733396186113912,2019,0.0005432292214087756,0.0005432292214087756,0
2019-04-01,1937,63,5,0,0,1.3400783596665227,1.8873829127308224,-0.5473045530642997,-0.0013682613826607492,2019,0.00042585093268742666,0.00042585093268742666,0
2019-04-02,1937,63,7,0,0,-0.054132086167340054,-0.3219008888723474,0.26776880270500736,0.0006694220067625184,2019,0.000335957825250741,0.000335957825250741,0
2019-04-03,1937,63,8,0,0,1.903758968075951,0.8358629831706974,1.0678959849052536,0.002669739962263134,2019,0.00033781843174585075,0.00033781843174585075,0
2019-04-04,1937,65,7,0,0,-0.36046710824916833,-1.0689404891727683,0.7084733809235999,0.0017711834523089997,2019,0.00030573082785148836,0.00030573082785148836,0
2019-04-05,1937,64,8,0,0,-0.34238834328901463,-1.114159328054772,0.7717709847657572,0.001929427461914393,2019,0.0003397962317946356,0.0003397962317946356,0
2019-04-08,1937,63,9,0,0,-0.37441630281160126,-1.2688860396639954,0.8944697368523942,0.0022361743421309855,2019,0.0002476884129977505,0.0002476884129977505,0
2019-04-09,1937,64,13,0,0,0.10750631317660254,-0.9818889653104915,1.0893952784870942,0.0027234881962177352,2019,0.00033128440511135716,0.00033128440511135716,0
2019-04-10,1938,63,9,0,0,-0.1338588041233704,-0.24567119167694243,0.11181238755357203,0.00027953096888393006,2019,0.0002786931078917602,0.0002786931078917602,0
2019-04-11,1938,66,8,0,0,2.867345278072611,4.91817618864388,-2.050830910571269,-0.005127077276428173,2019,0.0008588924528647725,0.0008588924528647725,0
2019-04-12,1938,65,9,0,0,-0.21417017304812402,-1.0036940945877368,0.7895239215396128,0.001973809803849032,2019,0.0003307583463032425,0.0003307583463032425,0
2019-04-15,1938,64,22,0,0,0.7998290686997747,0.7696068296476728,0.030222239052101862,7.555559763025466e-05,2019,0.00039781125991997083,0.00039781125991997083,0
2019-04-16,1938,65,11,0,0,-3.0160407488777214,-2.664857325189826,-0.35118342368789524,-0.0008779585592197381,2019,0.000658856124683504,0.000658856124683504,0
2019-04-17,1938,65,9,0,0,2.0318659823001433,-0.6690173866645445,2.700883368964688,0.006752208422411719,2019,0.00031513290516786707,0.00031513290516786707,0
2019-04-18,1938,65,14,0,0,0.1518635348152877,-0.6444492634661876,0.7963127982814753,0.0019907819957036884,2019,0.0002595911915444546,0.0002595911915444546,0
2019-04-19,1938,65,16,0,0,-0.3660760794496747,-0.2677879130825845,-0.0982881663670902,-0.0002457204159177255,2019,0.0002194944314290281,0.0002194944314290281,0
2019-04-22,1938,64,13,0,0,-0.4237011840856451,-0.4965890836099837,0.0728878995243386,0.0001822197488108465,2019,0.00035048011328187083,0.00035048011328187083,0
2019-04-23,1938,63,5,0,0,1.2240338850217,1.368418691526512,-0.1443848065048119,-0.00036096201626202975,2019,0.0003709750874235866,0.0003709750874235866,0
2019-04-24,1938,64,18,0,0,-0.20348808728225384,-0.11780312077530009,-0.08568496650695376,-0.0002142124162673844,2019,0.0004227201155185946,0.0004227201155185946,0
2019-04-25,1938,64,14,0,0,-2.0817338850660807,-0.6342467639580054,-1.4474871211080753,-0.0036187178027701885,2019,0.0009408768373945108,0.0009408768373945108,0
2019-04-26,1938,64,8,0,0,-2.357177277880555,-2.650605856227307,0.29342857834675184,0.0007335714458668796,2019,0.0007205925031708018,0.0007205925031708018,0
2019-05-07,1938,63,10,0,0,-3.576989606847514,-3.528278382443687,-0.048711224403827025,-0.00012177806100956757,2019,0.0009431797967533499,0.0009431797967533499,0
2019-05-08,1938,63,8,0,0,-0.17994400424516846,0.09889050790782321,-0.27883451215299165,-0.0006970862803824791,2019,0.0008201762853527477,0.0008201762853527477,0
2019-05-09,1938,63,12,0,0,-1.8244785398786298,-2.907459024248812,1.0829804843701822,0.0027074512109254555,2019,0.0013809231949749368,0.0013809231949749368,0
2019-05-10,1938,64,20,0,0,-0.7110049892347009,-1.3468937344083673,0.6358887451736664,0.001589721862934166,2019,0.0009955785190366598,0.0009955785190366598,0
2019-05-13,1938,62,7,0,0,2.590120703189432,1.902076921352646,0.6880437818367862,0.0017201094545919655,2019,0.0012625071066961024,0.0012625071066961024,0
2019-05-14,1938,61,17,0,0,-0.7696556116148986,-0.9832442789436605,0.21358866732876192,0.0005339716683219048,2019,0.0010179164981072091,0.0010179164981072091,0
2019-05-15,1938,61,11,0,0,1.8593080963318342,2.488769455569906,-0.6294613592380716,-0.001573653398095179,2019,0.0006437821677027967,0.0006437821677027967,0
2019-05-16,1938,61,11,0,0,-0.8298078601244369,-1.6248724030539563,0.7950645429295194,0.0019876613573237985,2019,0.00044680177351633007,0.00044680177351633007,0
2019-05-17,1938,60,5,0,0,-1.350127868346706,-0.7751227665058682,-0.5750051018408378,-0.0014375127546020943,2019,0.00037321847361635526,0.00037321847361635526,0
2019-05-20,1938,61,8,0,0,0.04935618648777033,0.5209834160819503,-0.47162722959417996,-0.0011790680739854498,2019,0.00032229628288109796,0.00032229628288109796,0
2019-05-21,1938,61,9,0,0,-0.7270103229430092,-3.2199032238890255,2.4928929009460163,0.006232232252365041,2019,0.0003852428562966252,0.0003852428562966252,0
2019-05-22,1938,60,7,0,0,0.5223985008362383,1.0008148565985728,-0.47841635576233454,-0.0011960408894058363,2019,0.00030726602811748354,0.00030726602811748354,0
2019-05-23,1938,61,2,0,0,0.8711441084149808,0.4766330914748738,0.394511016940107,0.0009862775423502674,2019,0.0003804572081129469,0.0003804572081129469,0
2019-05-24,1938,60,5,0,0,0.9931125158830518,1.1571404331691817,-0.16402791728612987,-0.0004100697932153247,2019,0.0004023190633593444,0.0004023190633593444,0
2019-05-27,1938,60,11,0,0,-1.9201334240168315,-1.119391155385115,-0.8007422686317165,-0.002001855671579291,2019,0.00039398221311357835,0.00039398221311357835,0
2019-05-28,1938,60,0,0,0,0.6680063143629701,-2.1205008763375863,2.7885071907005563,0.0069712679767513904,2019,0.0003680947656102514,0.0003680947656102514,0
2019-05-29,1938,60,7,0,0,-1.9099640781089653,-2.357695627885754,0.44773154977678886,0.0011193288744419721,2019,0.0003675585632956064,0.0003675585632956064,0
2019-05-30,1938,59,11,0,0,-2.6965378463409286,-3.0915778217912435,0.3950399754503149,0.0009875999386257871,2019,0.0006574888706732729,0.0006574888706732729,0
2019-05-31,1938,59,2,0,0,-0.07280569578403273,3.028378920117204,-3.101184615901237,-0.007752961539753093,2019,0.0007270200947776225,0.0007270200947776225,0
2019-06-03,1939,58,5,0,0,3.7293508311805303,5.129306307433124,-1.3999554762525936,-0.003499888690631484,2019,0.0016704873448343213,0.0016704873448343213,0
2019-06-04,1939,58,3,0,0,-1.06807940153116,0.02636397995037883,-1.0944433814815389,-0.002736108453703847,2019,0.00046098771059122973,0.00046098771059122973,0
2019-06-05,1939,57,5,0,0,1.5459722455004605,1.8451180569145584,-0.2991458114140979,-0.0007478645285352448,2019,0.0005608081932061814,0.0005608081932061814,0
2019-06-06,1939,59,7,0,0,2.365525344020668,2.240075469016564,0.12544987500410398,0.00031362468751025996,2019,0.0006895217278859081,0.0006895217278859081,0
2019-06-07,1939,59,13,0,0,1.1772168081550831,0.4313747116000264,0.7458420965550567,0.0018646052413876417,2019,0.00028349047734903455,0.00028349047734903455,0
2019-06-10,1939,59,14,0,0,-0.6166672907735,-0.5546506081333903,-0.06201668264010973,-0.00015504170660027433,2019,0.00036843564389458567,0.00036843564389458567,0
2019-06-11,1939,61,5,0,0,-2.430090186274722,-0.8074303768321623,-1.6226598094425597,-0.004056649523606399,2019,0.0005624097574840227,0.0005624097574840227,0
2019-06-12,1940,62,7,0,0,1.2756350803486225,1.808805278396625,-0.5331701980480026,-0.0013329254951200064,2019,0.0003135177971681003,0.0003135177971681003,0
2019-06-13,1940,62,15,0,0,-1.6353052791693756,-0.3641787514186321,-1.2711265277507435,-0.0031778163193768587,2019,0.00038744362781593613,0.00038744362781593613,0
2019-06-14,1940,59,14,0,0,-2.0807130555156874,-2.912026836045047,0.8313137805293596,0.002078284451323399,2019,0.0004495710107698184,0.0004495710107698184,0
2019-06-17,1940,57,10,0,0,2.89865358755647,4.028500154846368,-1.1298465672898979,-0.0028246164182247446,2019,0.0008405155718433794,0.0008405155718433794,0
2019-06-18,1941,58,10,0,0,0.6902847311466059,1.3776845084254408,-0.6873997772788348,-0.0017184994431970872,2019,0.00038869957724825283,0.00038869957724825283,0
2019-06-19,1942,58,15,0,0,-1.3539945972950396,-0.7585971452155281,-0.5953974520795114,-0.0014884936301987786,2019,0.00048639748897383106,0.00048639748897383106,0
2019-06-20,1942,57,10,0,0,-0.28969727148432,0.05612188701311671,-0.3458191584974367,-0.0008645478962435918,2019,0.0002801117146003534,0.0002801117146003534,0
2019-06-21,1942,57,14,0,0,-0.7065021261075701,-0.8953317640036461,0.18882963789607599,0.00047207409474019,2019,0.00027431591037173825,0.00027431591037173825,0
2019-06-24,1942,57,19,0,0,-1.1704466289560795,-1.558756833828479,0.3883102048723994,0.0009707755121809986,2019,0.00043432146755652767,0.00043432146755652767,0
2019-06-25,1942,57,14,0,0,3.5466202008625345,2.4655962927373003,1.0810239081252342,0.0027025597703130857,2019,0.0005333571223729083,0.0005333571223729083,0
2019-06-26,1942,57,29,0,0,-0.14346187641922958,0.030670219433825346,-0.17413209585305492,-0.0004353302396326373,2019,0.00037387964228424535,0.00037387964228424535,0
2019-06-27,1943,57,2,0,0,4.3162116083859425,4.149767493507333,0.1664441148786091,0.0004161102871965228,2019,0.0008353346163457701,0.0008353346163457701,0
2019-06-28,1943,57,11,0,0,1.245331245587827,1.7489777178002284,-0.5036464722124014,-0.0012591161805310036,2019,0.0002874419326199945,0.0002874419326199945,0
2019-07-01,1943,58,26,0,0,-1.9135113805540076,0.43173238464300917,-2.345243765197017,-0.005863109412992542,2019,0.0006284734017373926,0.0006284734017373926,0
2019-07-02,1943,57,8,0,0,1.826106697003776,0.5189391974332123,1.3071674995705638,0.0032679187489264095,2019,0.0002453183591907357,0.0002453183591907357,0
2019-07-03,1943,57,3,0,0,0.49351528444427345,0.15120567007732286,0.3423096143669506,0.0008557740359173765,2019,0.00025485442192057736,0.00025485442192057736,0
2019-07-04,1943,58,6,0,0,-1.8085015007148562,-1.864093042884993,0.05559154217013673,0.00013897885542534183,2019,0.0004698560916338977,0.0004698560916338977,0
2019-07-05,1943,55,6,0,0,-0.600463662535554,-1.0673489879378986,0.4668853254023445,0.0011672133135058613,2019,0.00034048570755129155,0.00034048570755129155,0
2019-07-08,1943,54,1,0,0,0.10897073061557767,-0.21130655671827606,0.32027728733385374,0.0008006932183346343,2019,0.0002665250456697208,0.0002665250456697208,0
2019-07-09,1943,53,3,0,0,1.1273553464395538,1.343154143831111,-0.21579879739155716,-0.0005394969934788929,2019,0.00032737039936162483,0.00032737039936162483,0
2019-07-10,1943,54,6,0,0,-0.9948836201708958,-1.2873968555708748,0.292513235399979,0.0007312830884999475,2019,0.00039487349856141753,0.00039487349856141753,0
2019-07-11,1943,55,4,0,0,-1.0403989182086477,-1.0362759685348457,-0.004122949673802001,-1.0307374184505002e-05,2019,0.0005638356205356896,0.0005638356205356896,0
2019-07-12,1943,52,1,0,0,-0.518816520390983,-0.4653107611253668,-0.05350575926561624,-0.00013376439816404059,2019,0.00028781645444209597,0.00028781645444209597,0
2019-07-16,1943,51,4,0,0,-5.045523615981788,-4.51336740369344,-0.5321562122883474,-0.0013303905307208686,2019,0.0009717795585378337,0.0009717795585378337,0
2019-07-17,1943,54,3,0,0,3.769397652193053,3.1421720617009172,0.6272255904921358,0.0015680639762303394,2019,0.0005261947567166094,0.0005261947567166094,0
2019-07-18,1944,55,16,0,0,-1.2361327638821098,-0.2772471311033815,-0.9588856327787283,-0.002397214081946821,2019,0.000310146120047769,0.000310146120047769,0
2019-07-19,1944,54,10,0,0,1.1486905053862144,1.553980769717682,-0.40529026433146753,-0.0010132256608286689,2019,0.000216375452903156,0.000216375452903156,0
2019-07-22,1944,54,7,0,0,0.5729714679062711,0.37221443584773245,0.20075703205853862,0.0005018925801463465,2019,0.0002485189076350056,0.0002485189076350056,0
2019-07-23,1944,54,8,0,0,0.8796637044108082,0.8781030167077318,0.00156068770307638,3.9017192576909495e-06,2019,0.0002529032673432888,0.0002529032673432888,0
2019-07-24,1944,54,9,0,0,-1.421554864019785,-0.7908226819235202,-0.6307321820962648,-0.001576830455240662,2019,0.00033744337054882344,0.00033744337054882344,0
2019-07-25,1944,54,10,0,0,-0.631733831049991,0.16689510766094454,-0.7986289387109355,-0.001996572346777339,2019,0.0003383395309999459,0.0003383395309999459,0
2019-07-26,1944,54,9,0,0,0.7870239748506657,1.1270672862706046,-0.34004331141993893,-0.0008501082785498473,2019,0.00035358732601138096,0.00035358732601138096,0
2019-07-29,1945,54,7,0,0,-1.2129562087911128,-1.1489102242130151,-0.06404598457809763,-0.00016011496144524408,2019,0.0005165667843909464,0.0005165667843909464,0
2019-07-30,1945,55,15,0,0,-0.16626296634806878,0.14804575678833232,-0.3143087231364011,-0.0007857718078410029,2019,0.0004728334298725745,0.0004728334298725745,0
2019-07-31,1945,56,7,0,0,-5.47860119212845,-4.078023904935049,-1.4005772871934017,-0.0035014432179835044,2019,0.0012707894122470727,0.0012707894122470727,0
2019-08-01,1945,55,8,0,0,-4.646138189168583,-4.1742598769458334,-0.47187831222274923,-0.0011796957805568732,2019,0.0010137093993097892,0.0010137093993097892,0
2019-08-02,1945,56,25,0,0,-0.015284447743521426,-0.8237040511834616,0.8084196034399401,0.0020210490085998505,2019,0.00039755513039744426,0.00039755513039744426,0
2019-08-05,1945,54,27,0,0,0.8145289081157374,-0.41482577284313793,1.2293546809588753,0.003073386702397188,2019,0.0006143122131260754,0.0006143122131260754,0
2019-08-06,1945,54,25,0,0,0.41664955523842356,0.5665533274186464,-0.14990377218022283,-0.00037475943045055704,2019,0.0006108809079967888,0.0006108809079967888,0
2019-08-07,1945,55,13,0,0,0.055302418392800055,0.688668940069339,-0.633366521676539,-0.0015834163041913473,2019,0.0005848946783476008,0.0005848946783476008,0
2019-08-08,1945,53,9,0,0,-3.823611681934967,-1.1181338360673432,-2.7054778458676236,-0.006763694614669059,2019,0.0010443382142861944,0.0010443382142861944,0
2019-08-09,1946,54,4,0,0,2.7948565210300624,0.8155921582200517,1.9792643628100106,0.004948160907025026,2019,0.0006548365701876281,0.0006548365701876281,0
2019-08-13,1946,54,4,0,0,-1.4305920464544772,-2.6414304809930713,1.210838434538594,0.003027096086346485,2019,0.0005198441020658927,0.0005198441020658927,0
2019-08-14,1946,54,2,0,0,0.08314507881086786,0.17155787173722312,-0.08841279292635526,-0.00022103198231588814,2019,0.0003303865842728033,0.0003303865842728033,0
2019-08-15,1946,54,8,0,0,0.6717054473939837,1.738251506122321,-1.066546058728337,-0.0026663651468208428,2019,0.0004089850572060979,0.0004089850572060979,0
2019-08-16,1946,54,23,0,0,2.0821402819218036,2.668952205462807,-0.5868119235410036,-0.0014670298088525092,2019,0.0004729852440317729,0.0004729852440317729,0
2019-08-19,1946,54,2,0,0,-1.8801261963603535,-1.1033660567703658,-0.7767601395899877,-0.0019419003489749692,2019,0.000346261970488103,0.000346261970488103,0
2019-08-20,1946,54,1,0,0,-0.1611395081226549,-0.44407875674452296,0.28293924862186803,0.0007073481215546701,2019,0.00028807328348738614,0.00028807328348738614,0
2019-08-21,1946,57,6,0,0,0.5793770427131336,0.17172006874758253,0.4076569739655511,0.0010191424349138777,2019,0.0002395488594598642,0.0002395488594598642,0
2019-08-22,1946,57,15,0,0,-5.142050370346193,-2.640109675695254,-2.5019406946509393,-0.006254851736627348,2019,0.0006041737054345572,0.0006041737054345572,0
2019-08-23,1946,57,11,0,0,1.382737037515314,1.6724483480031613,-0.28971131048784726,-0.0007242782762196181,2019,0.00031279200042626395,0.00031279200042626395,0
2019-08-26,1946,58,3,0,0,-0.1600226404337176,-1.0704129373865499,0.9103902969528322,0.0022759757423820807,2019,0.0003300766103055484,0.0003300766103055484,0
2019-08-27,1946,54,8,0,0,-0.758855825048248,-0.7344411860704293,-0.024414638977818703,-6.103659744454676e-05,2019,0.00031748617099148043,0.00031748617099148043,0
2019-08-28,1946,54,12,0,0,5.315218939859321,2.6830388732531163,2.6321800666062045,0.006580450166515511,2019,0.000629308514532406,0.000629308514532406,0
2019-08-29,1946,53,17,0,0,-1.6887057167863377,-1.4808622240367615,-0.20784349274957625,-0.0005196087318739406,2019,0.00029265331524723915,0.00029265331524723915,0
2019-08-30,1946,53,2,0,0,1.2845819854274174,1.2432043181981696,0.04137766722924785,0.00010344416807311963,2019,0.0002921727154920601,0.0002921727154920601,0
2019-09-02,1947,53,5,0,0,-1.4317174052618882,-0.278964049575002,-1.1527533556868863,-0.0028818833892172158,2019,0.00027205208261787516,0.00027205208261787516,0
2019-09-03,1947,53,6,0,0,3.727302243302668,2.5158562687558983,1.2114459745467698,0.0030286149363669248,2019,0.0005844818166430267,0.0005844818166430267,0
2019-09-04,1947,54,6,0,0,-0.5569580905154042,0.0053515912147788685,-0.5623096817301831,-0.0014057742043254579,2019,0.00025286426162163955,0.00025286426162163955,0
2019-09-05,1947,53,4,0,0,1.5760137571011326,1.7308878874274718,-0.15487413032633923,-0.00038718532581584806,2019,0.00033734502627046103,0.00033734502627046103,0
2019-09-06,1947,52,11,0,0,3.4551317499986225,-1.5238934646710731,4.979025214669695,0.012447563036674238,2019,0.0004656866856664104,0.0004656866856664104,0
2019-09-09,1947,51,21,0,0,3.7275292085952203,1.9745971568292913,1.752932051765929,0.004382330129414823,2019,0.00046228672111630486,0.00046228672111630486,0
2019-09-10,1947,51,7,0,0,1.2571504301987286,-0.23884139991880052,1.4959918301175292,0.003739979575293823,2019,0.0003446868387872556,0.0003446868387872556,0
2019-09-11,1947,51,8,0,0,1.424947090621468,0.674649854768961,0.7502972358525071,0.0018757430896312677,2019,0.0003382300056780662,0.0003382300056780662,0
2019-09-12,1947,50,7,0,0,0.7504832513552987,0.9106136458113312,-0.1601303944560325,-0.00040032598614008126,2019,0.00038719239559164263,0.00038719239559164263,0
2019-09-13,1946,50,8,0,0,-1.3050951428147755,0.6989605335236945,-2.00405567633847,-0.005010139190846174,2019,0.0004968829103342038,0.0004968829103342038,0
2019-09-17,1945,50,11,0,0,2.0859045478475466,1.9084037840080132,0.1775007638395334,0.00044375190959883347,2019,0.00029285160458648066,0.00029285160458648066,0
2019-09-18,1945,49,5,0,0,0.6624107580658801,0.4162547473768223,0.24615601068905785,0.0006153900267226447,2019,0.00034705832648043196,0.00034705832648043196,0
2019-09-19,1945,48,12,0,0,1.2845464201656758,1.4298216227455864,-0.14527520257991067,-0.00036318800644977666,2019,0.0003602864468705454,0.0003602864468705454,0
2019-09-20,1946,50,11,0,0,-0.504927702024523,-0.6689183803986731,0.16399067837415016,0.0004099766959353754,2019,0.00022894572448073716,0.00022894572448073716,0
2019-09-24,1947,50,5,0,0,0.515203088441718,1.8202366769196787,-1.3050335884779607,-0.0032625839711949017,2019,0.00026462608532156596,0.00026462608532156596,0
2019-09-25,1947,50,4,0,0,-1.8472288205006189,-2.445127735882372,0.5978989153817533,0.0014947472884543833,2019,0.000575091009784607,0.000575091009784607,0
2019-09-26,1947,51,12,0,0,-1.2522130988004552,-2.1072232077184547,0.8550101089179996,0.002137525272294999,2019,0.0004423710245606188,0.0004423710245606188,0
2019-09-27,1948,51,6,0,0,2.1093065567502016,0.6576915372173836,1.451615019532818,0.003629037548832045,2019,0.0006216196487071475,0.0006216196487071475,0
2019-09-30,1948,52,3,0,0,0.49734895484673264,0.4319550104365512,0.06539394441018143,0.00016348486102545355,2019,0.00031801991083478526,0.00031801991083478526,0
2019-10-01,1949,52,4,0,0,-3.0330390232557503,-3.424950591462629,0.3919115682068788,0.000979778920517197,2019,0.0006631427065780243,0.0006631427065780243,0
2019-10-02,1949,52,8,0,0,0.7312410668657093,0.8298842072888623,-0.09864314042315292,-0.0002466078510578823,2019,0.00025926384229967383,0.00025926384229967383,0
2019-10-03,1949,52,2,0,0,0.026606905638011453,0.2979381184011164,-0.27133121276310496,-0.0006783280319077624,2019,0.0002834905304773151,0.0002834905304773151,0
2019-10-04,1949,50,3,0,0,2.525666430009443,2.1834202761850405,0.3422461538244024,0.000855615384561006,2019,0.00044180112135880145,0.00044180112135880145,0
2019-10-07,1949,49,5,0,0,-0.0761263580129888,0.46852864219451185,-0.5446550002075007,-0.0013616375005187516,2019,0.00023171298344505363,0.00023171298344505363,0
2019-10-08,1950,52,12,0,0,-0.6966737586895794,-1.1664967220427034,0.469822963353124,0.0011745574083828101,2019,0.0003433363422889081,0.0003433363422889081,0
2019-10-09,1951,56,8,0,0,0.8114645480674977,0.9527482559621818,-0.14128370789468414,-0.00035320926973671034,2019,0.0003233136011471469,0.0003233136011471469,0
2019-10-10,1951,58,14,0,0,2.7605993000225175,2.755951252522761,0.004648047499756558,1.1620118749391395e-05,2019,0.000606735001875363,0.000606735001875363,0
2019-10-11,1951,58,9,0,0,0.6858845482974792,0.9809089953062838,-0.2950244470088046,-0.0007375611175220115,2019,0.0004330277413945073,0.0004330277413945073,0
2019-10-15,1951,57,10,0,0,-0.388516730967618,-0.21970626937032414,-0.16881046159729388,-0.0004220261539932347,2019,0.00031597097872353814,0.00031597097872353814,0
2019-10-16,1951,56,7,0,0,-0.09570647603662748,1.09998435681195,-1.1956908328485776,-0.002989227082121444,2019,0.00030533188306000185,0.00030533188306000185,0
2019-10-17,1951,56,7,0,0,1.15450122298682,1.4599955237766642,-0.3054943007898443,-0.0007637357519746107,2019,0.00031667482033845284,0.00031667482033845284,0
2019-10-18,1951,56,5,0,0,0.9495596213186833,1.7046504090505774,-0.7550907877318941,-0.0018877269693297351,2019,0.0003187434422883751,0.0003187434422883751,0
2019-10-21,1951,57,10,0,0,0.3885838393606529,0.9347894901325781,-0.5462056507719252,-0.001365514126929813,2019,0.0003295768779086468,0.0003295768779086468,0
2019-10-23,1951,57,10,0,0,0.9731142371732654,0.06678287647246217,0.9063313607008032,0.002265828401752008,2019,0.0002456471933092779,0.0002456471933092779,0
2019-10-24,1951,58,7,0,0,1.333838878772772,0.32440626852086596,1.009432610251906,0.002523581525629765,2019,0.00034642732028879083,0.00034642732028879083,0
2019-10-25,1952,58,17,0,0,1.174291148659784,1.1632164813194792,0.011074667340304822,2.7686668350762055e-05,2019,0.0003242974295775809,0.0003242974295775809,0
2019-10-28,1953,60,12,0,0,0.29700919010179305,0.6798706598306842,-0.3828614697288911,-0.0009571536743222278,2019,0.0006014496746641445,0.0006014496746641445,0
2019-10-29,1953,59,14,0,0,-1.1276892598826214,-0.31774300678801254,-0.8099462530946089,-0.0020248656327365223,2019,0.0005609526508026672,0.0005609526508026672,0
2019-10-30,1954,59,2,0,0,0.21743154304064383,-0.6456793771338973,0.8631109201745412,0.002157777300436353,2019,0.0005498276605227773,0.0005498276605227773,0
2019-10-31,1954,59,6,0,0,2.9344485586448577,2.618484300007818,0.3159642586370395,0.0007899106465925987,2019,0.0006568103703286608,0.0006568103703286608,0
2019-11-01,1955,63,8,0,0,0.2814050232736181,-0.13877380990652943,0.42017883318014754,0.001050447082950369,2019,0.0004440360278468874,0.0004440360278468874,0
2019-11-05,1955,63,18,0,0,0.18574956559571731,0.35035571435095264,-0.16460614875523533,-0.0004115153718880883,2019,0.0004352901576887667,0.0004352901576887667,0
2019-11-06,1955,61,17,0,0,0.05138188428685845,0.06345439625082903,-0.012072511963970585,-3.0181279909926463e-05,2019,0.0005695871129902064,0.0005695871129902064,0
2019-11-07,1955,62,15,0,0,1.6208065550863149,0.41308729116813564,1.2077192639181793,0.0030192981597954483,2019,0.0006089969982327872,0.0006089969982327872,0
2019-11-08,1955,61,16,0,0,0.49191744932506687,0.8095807538010135,-0.3176633044759466,-0.0007941582611898665,2019,0.0003584274576264345,0.0003584274576264345,0
2019-11-11,1955,61,11,0,0,-0.4302473115653556,-1.1298889668011334,0.6996416552357778,0.0017491041380894446,2019,0.0004923030835728249,0.0004923030835728249,0
2019-11-12,1955,61,16,0,0,-2.018082843440457,-1.5058197266841533,-0.5122631167563039,-0.0012806577918907597,2019,0.0006614221915654338,0.0006614221915654338,0
2019-11-13,1955,61,8,0,0,2.2982122318243143,1.6714606453839818,0.6267515864403326,0.0015668789661008313,2019,0.0005811251727808753,0.0005811251727808753,0
2019-11-14,1955,61,4,0,0,1.7769104760490932,1.237526749727938,0.5393837263211552,0.001348459315802888,2019,0.00037963669771651866,0.00037963669771651866,0
2019-11-15,1955,61,16,0,0,0.07160133795492914,0.2533895772405959,-0.1817882392856668,-0.00045447059821416695,2019,0.0003098657046172698,0.0003098657046172698,0
2019-11-18,1955,61,14,0,0,-0.8780187708688804,-1.0935541435796725,0.21553537271079215,0.0005388384317769804,2019,0.00034619555678908087,0.00034619555678908087,0
2019-11-19,1955,61,7,0,0,-0.30428164449132483,0.04771128702617352,-0.35199293151749833,-0.0008799823287937458,2019,0.0002473864524728663,0.0002473864524728663,0
2019-11-20,1955,60,5,0,0,0.44246769126390934,0.7797079977442937,-0.33724030648038433,-0.0008431007662009608,2019,0.0002660922470560678,0.0002660922470560678,0
2019-11-21,1955,58,1,0,0,2.447517280683016,0.5038784536634887,1.943638827019527,0.004859097067548818,2019,0.00036439289130416465,0.00036439289130416465,0
2019-11-22,1955,58,6,0,0,0.1132830572613646,0.5380527365373042,-0.4247696792759396,-0.001061924198189849,2019,0.0002939612855858053,0.0002939612855858053,0
2019-11-25,1955,58,10,0,0,1.4497927556658396,1.0664639920561443,0.38332876360969537,0.0009583219090242384,2019,0.00030397000340802953,0.00030397000340802953,0
2019-11-26,1955,59,1,0,0,-0.4620728257417938,-0.5197427525223294,0.05766992678053556,0.0001441748169513389,2019,0.00025534520614410323,0.00025534520614410323,0
2019-11-27,1955,58,6,0,0,-0.15213446077742201,0.27705842838316547,-0.4291928891605875,-0.0010729822229014689,2019,0.00022887653416881038,0.00022887653416881038,0
2019-11-28,1955,58,7,0,0,0.9082924531306209,1.1545350420398404,-0.24624258890921946,-0.0006156064722730487,2019,0.0003002211875403676,0.0003002211875403676,0
2019-11-29,1955,58,1,0,0,-0.9492042103937242,-0.26219747488018474,-0.6870067355135394,-0.0017175168387838485,2019,0.00031466287813706177,0.00031466287813706177,0
2019-12-02,1955,57,17,0,0,-0.11196275427280289,0.31474137485318526,-0.42670412912598815,-0.0010667603228149704,2019,0.0002735579587153641,0.0002735579587153641,0
2019-12-03,1955,55,9,0,0,-0.46536607467177654,0.7630406929361134,-1.22840676760789,-0.003071016919019725,2019,0.000321394507204683,0.000321394507204683,0
2019-12-04,1955,55,14,0,0,1.1915637284054148,0.6409823821143854,0.5505813462910294,0.0013764533657275736,2019,0.00023254567219551324,0.00023254567219551324,0
2019-12-05,1955,55,6,0,0,1.0163718122892247,0.8280783775538619,0.18829343473536275,0.0004707335868384069,2019,0.00033192024708207754,0.00033192024708207754,0
2019-12-06,1955,54,3,0,0,0.3779909873068487,-0.08985681101188037,0.4678477983187291,0.0011696194957968226,2019,0.00023425371888566708,0.00023425371888566708,0
2019-12-09,1955,54,8,0,0,-0.33895801016532373,-1.4287707643840484,1.0898127542187246,0.0027245318855468113,2019,0.00026747239442954197,0.00026747239442954197,0
2019-12-10,1956,54,6,0,0,-1.0170876903998087,-1.2072895865823365,0.1902018961825278,0.00047550474045631954,2019,0.0002876003896371282,0.0002876003896371282,0
2019-12-11,1957,55,7,0,0,1.2653588927382824,1.3929951345499128,-0.12763624181163036,-0.0003190906045290759,2019,0.0004825840617988628,0.0004825840617988628,0
2019-12-12,1958,55,1,0,0,0.24768042455058412,-0.10262529107936062,0.3503057156299447,0.0008757642890748618,2019,0.00034675283940282565,0.00034675283940282565,0
2019-12-13,1958,54,6,0,0,1.683836837609248,0.8965752836235711,0.787261553985677,0.0019681538849641925,2019,0.00044950163875360946,0.00044950163875360946,0
2019-12-16,1960,56,15,0,0,-1.3794933569421393,-1.7812564033966598,0.40176304645452054,0.0010044076161363014,2019,0.00036331591978888916,0.00036331591978888916,0
2019-12-17,1962,58,10,0,0,0.3949573723575835,-0.3014602871753048,0.6964176595328884,0.0017410441488322208,2019,0.0002850839031355751,0.0002850839031355751,0
2019-12-18,1964,59,6,0,0,0.906472909464766,0.7143761968009824,0.1920967126637836,0.00048024178165945896,2019,0.00032162360648174134,0.00032162360648174134,0
2019-12-19,1965,56,13,0,0,-0.3614858368074776,-1.1251094302461568,0.7636235934386792,0.0019090589835966982,2019,0.00029597035329822385,0.00029597035329822385,0
2019-12-20,1965,56,5,0,0,0.25612985081322365,0.3943822897103784,-0.13825243889715477,-0.0003456310972428869,2019,0.00019943893997076794,0.00019943893997076794,0
2019-12-23,1965,56,12,0,0,-0.7879862145422721,-1.0235665520816404,0.23558033753936825,0.0005889508438484206,2019,0.00032815319696419054,0.00032815319696419054,0
2019-12-24,1965,56,8,0,0,1.4284949872672976,1.3188144938903659,0.10968049337693175,0.0002742012334423294,2019,0.0002603158485403445,0.0002603158485403445,0
2019-12-25,1966,57,12,0,0,0.9926644129312656,1.334598564782129,-0.3419341518508634,-0.0008548353796271585,2019,0.000348773273650773,0.000348773273650773,0
2019-12-26,1966,58,9,0,0,-1.1446150211351471,-1.1285640235387835,-0.016050997596363636,-4.012749399090909e-05,2019,0.0003444864215639408,0.0003444864215639408,0
2019-12-27,1966,57,18,0,0,-2.7179923241933452,-2.8337672776605376,0.11577495346719235,0.0002894373836679809,2019,0.0006165062351339234,0.0006165062351339234,0
2019-12-30,1966,57,11,0,0,3.543925696295529,2.820075118870445,0.7238505774250839,0.0018096264435627097,2020,0.0004917779272814701,0.0004917779272814701,0
2020-01-06,1966,56,10,0,0,-3.5419316206495814,-2.363050798049978,-1.1788808225996035,-0.0029472020564990085,2020,0.0005784688160473185,0.0005784688160473185,0
2020-01-07,1966,56,6,0,0,3.961646328312279,3.7771497270668615,0.18449660124541767,0.0004612415031135442,2020,0.0004855879298274504,0.0004855879298274504,0
2020-01-08,1966,55,11,0,0,0.47477235325326284,-0.06241647371240555,0.5371888269656684,0.001342972067414171,2020,0.00042939421084424564,0.00042939421084424564,0
2020-01-09,1966,51,8,0,0,0.3876828316301131,-0.2518973701144365,0.6395802017445495,0.0015989505043613739,2020,0.0005695204851636039,0.0005695204851636039,0
2020-01-10,1966,50,6,0,0,0.37070714400223187,-0.02932087911112859,0.40002802311336044,0.0010000700577834011,2020,0.00042209967626078424,0.00042209967626078424,0
2020-01-14,1966,48,3,0,0,-0.32723373266814965,-0.9300524320214792,0.6028186993533295,0.0015070467483833238,2020,0.00030833677560306933,0.00030833677560306933,0
2020-01-15,1966,48,5,0,0,0.3848890200369146,0.8472486638713791,-0.4623596438344645,-0.0011558991095861613,2020,0.0002387574752140949,0.0002387574752140949,0
2020-01-16,1966,48,5,0,0,1.4072742576759107,1.5019512817514675,-0.09467702407555678,-0.00023669256018889195,2020,0.000275057610453987,0.000275057610453987,0
2020-01-17,1966,48,12,0,0,-0.060019427202786614,0.24270035058995335,-0.30271977779273995,-0.0007567994444818499,2020,0.0002692585568688101,0.0002692585568688101,0
2020-01-20,1966,49,2,0,0,0.997272982156935,0.9361089804306584,0.06116400172627667,0.00015291000431569168,2020,0.00025273700042113036,0.00025273700042113036,0
2020-01-21,1966,50,12,0,0,-1.387369834407237,-1.5589227014424143,0.17155286703517736,0.0004288821675879434,2020,0.00032819855263294096,0.00032819855263294096,0
2020-01-22,1966,50,6,0,0,-1.4607430842832805,-1.360241037377314,-0.10050204690596654,-0.00025125511726491634,2020,0.00035223365644024637,0.00035223365644024637,0
2020-01-23,1966,50,9,0,0,-4.243149593440057,-2.972645824327602,-1.2705037691124548,-0.0031762594227811368,2020,0.0007949883510629674,0.0007949883510629674,0
2020-01-24,1966,47,7,0,0,-0.1378306758267955,-0.8666306900434396,0.7288000142166441,0.0018220000355416103,2020,0.00034648677771187197,0.00034648677771187197,0
2020-01-27,1966,46,6,0,0,-1.6799035937913889,0.6737610483007845,-2.3536646420921734,-0.005884161605230433,2020,0.00038304644560069394,0.00038304644560069394,0
2020-01-28,1966,45,4,0,0,-2.84694727229939,-4.211427714911366,1.3644804426119763,0.0034112011065299407,2020,0.0007184131154408992,0.0007184131154408992,0
2020-01-29,1966,45,4,0,0,0.9834113602346662,1.4219057993692548,-0.4384944391345885,-0.0010962360978364713,2020,0.0005758122259710658,0.0005758122259710658,0
2020-01-30,1966,44,8,0,0,-1.5067475776576271,-2.992111065246469,1.485363487588842,0.003713408718972105,2020,0.0005281597340278347,0.0005281597340278347,0
2020-01-31,1966,44,2,0,0,2.6902270410726294,1.6104769635750706,1.0797500774975588,0.002699375193743897,2020,0.0005500433584962785,0.0005500433584962785,0
2020-02-03,1966,41,3,0,0,1.698248990096344,1.9841021953401865,-0.2858532052438425,-0.0007146330131096063,2020,0.0005064089450910995,0.0005064089450910995,0
2020-02-04,1966,41,2,0,0,4.225043916689125,2.089480891260203,2.135563025428922,0.005338907563572305,2020,0.0006653008913553086,0.0006653008913553086,0
2020-02-05,1966,42,0,0,0,-1.0037569859532274,-0.6141626478482247,-0.38959433810500266,-0.0009739858452625066,2020,0.0004960594777823913,0.0004960594777823913,0
2020-02-06,1966,39,1,0,0,-1.7908784965523854,-0.7387217780642926,-1.0521567184880927,-0.002630391796220232,2020,0.0005178259577628928,0.0005178259577628928,0
2020-02-07,1967,41,0,0,0,0.2900703702322674,-0.3236478515019706,0.6137182217342381,0.0015342955543355952,2020,0.0005536143777152692,0.0005536143777152692,0
2020-02-10,1967,39,1,0,0,0.20378547993648355,-0.19827889381151298,0.40206437374799653,0.0010051609343699913,2020,0.0005732539675885076,0.0005732539675885076,0
2020-02-12,1967,40,6,0,0,-1.328345231549844,-1.9086754159755592,0.5803301844257152,0.0014508254610642879,2020,0.0007053886171179843,0.0007053886171179843,0
2020-02-13,1967,40,5,0,0,-3.0365101795634004,-3.047689126114595,0.011178946551194446,2.7947366377986115e-05,2020,0.0008452854373681005,0.0008452854373681005,0
2020-02-14,1967,39,8,0,0,-3.1885751549405277,-3.0356083247659313,-0.15296683017459634,-0.00038241707543649084,2020,0.000624681790048502,0.000624681790048502,0
2020-02-17,1967,39,4,0,0,1.5663839922566296,1.449512357993162,0.1168716342634677,0.0002921790856586692,2020,0.00046277690753864084,0.00046277690753864084,0
2020-02-18,1967,39,10,0,0,-0.2522898695499252,-0.9804943095960619,0.7282044400461367,0.0018205111001153417,2020,0.0002577606854414288,0.0002577606854414288,0
2020-02-19,1967,40,15,0,0,-0.4331830005495489,0.3013279132992251,-0.734510913848774,-0.001836277284621935,2020,0.00027755497244387126,0.00027755497244387126,0
2020-02-20,1967,40,8,0,0,-6.294854753745146,-8.64535876713591,2.350504013390764,0.00587626003347691,2020,0.0017058907597708218,0.0017058907597708218,0
2020-02-21,1967,39,6,0,0,-2.748514168086301,-1.0503046240758,-1.698209544010501,-0.004245523860026253,2020,0.0003725342743796881,0.0003725342743796881,0
2020-02-25,1967,39,26,0,0,-5.89749908528438,-5.685052585565814,-0.212446499718566,-0.000531116249296415,2020,0.0008537439653011147,0.0008537439653011147,0
2020-02-26,1967,39,1,0,0,-8.913165409677932,-9.755159706817514,0.841994297139582,0.002104985742848955,2020,0.0022959555701907814,0.0022959555701907814,0
2020-02-27,1967,40,32,0,0,6.413935818297429,5.8121547187085945,0.6017810995888349,0.0015044527489720871,2020,0.003703439004393607,0.003703439004393607,0
2020-02-28,1967,40,36,0,0,-2.5284635451854887,-3.54711882784081,1.0186552826553212,0.002546638206638303,2020,0.0015160189741835512,0.0015160189741835512,0
2020-03-02,1968,41,22,0,0,-0.831972850215077,0.550699036445074,-1.382671886660151,-0.0034566797166503778,2020,0.0007375541725360209,0.0007375541725360209,0
2020-03-03,1968,41,37,0,0,1.0950179528533577,0.0267600109419321,1.0682579419114255,0.0026706448547785637,2020,0.0005659121153261241,0.0005659121153261241,0
2020-03-04,1968,43,0,0,0,-7.179748168384433,-8.146862673986796,0.9671145056023631,0.0024177862640059077,2020,0.0012296862956843245,0.0012296862956843245,0
2020-03-05,1968,43,3,0,0,-12.22930130419804,-15.307689026450824,3.078387722252783,0.007695969305631958,2020,0.004695579367279251,0.004695579367279251,0
2020-03-06,1968,43,43,0,0,3.5959300910306418,3.107861138448108,0.4880689525825339,0.0012201723814563347,2020,0.0034496682589923045,0.0034496682589923045,0
2020-03-09,1969,43,43,0,0,-5.432391038510641,-2.716211518044448,-2.7161795204661927,-0.006790448801165482,2020,0.003478394953307215,0.003478394953307215,0
2020-03-10,1970,44,8,0,0,-10.102748920858096,-8.743683709135704,-1.3590652117223918,-0.0033976630293059795,2020,0.00577786785828085,0.00577786785828085,0
2020-03-11,1970,43,34,0,0,-9.995633208532915,-12.576786721512946,2.5811535129800305,0.0064528837824500765,2020,0.002039732514442116,0.002039732514442116,0
2020-03-12,1970,42,42,0,0,0.062273637268335236,-2.078257978740673,2.1405316160090084,0.005351329040022521,2020,0.003057999712754634,0.003057999712754634,0
2020-03-13,1971,42,42,0,0,7.5812886989058725,6.1787118192882495,1.402576879617623,0.0035064421990440575,2020,0.015376020985377114,0.015376020985377114,0
2020-03-16,1971,42,7,0,0,-3.2872576999775505,-0.45630059796952765,-2.8309571020080226,-0.007077392755020057,2020,0.0024760116794271315,0.0024760116794271315,0
2020-03-17,1971,40,2,0,0,-3.3992351427364285,-5.939828713488076,2.5405935707516476,0.006351483926879119,2020,0.004551032606538808,0.004551032606538808,0
2020-03-18,1971,39,1,0,0,8.217193851437356,5.090135676089214,3.127058175348142,0.007817645438370355,2020,0.00420491264750237,0.00420491264750237,0
2020-03-19,1971,36,0,0,0,12.874051307732259,9.637162379372405,3.2368889283598534,0.008092222320899633,2020,0.005156419488912691,0.005156419488912691,0
2020-03-23,1971,35,3,0,0,17.173937388544996,10.707211130302111,6.466726258242884,0.01616681564560721,2020,0.004557112738849414,0.004557112738849414,0
2020-03-24,1971,35,3,0,0,-4.272465394110937,-4.1153915802571435,-0.1570738138537937,-0.0003926845346344843,2020,0.0020778443805019938,0.0020778443805019938,0
2020-03-25,1971,35,4,0,0,8.204345747170425,5.977738466256244,2.2266072809141813,0.0055665182022854535,2020,0.002671837331315329,0.002671837331315329,0
2020-03-26,1972,36,8,0,0,-4.610045803191807,-5.219642694520441,0.6095968913286338,0.0015239922283215846,2020,0.001513116389459921,0.001513116389459921,0
2020-03-27,1972,35,10,0,0,-3.745502621074954,-3.029808418842085,-0.7156942022328687,-0.0017892355055821717,2020,0.0028614519016309345,0.0028614519016309345,0
2020-03-30,1973,35,2,0,0,-6.343287363470773,-7.7320819822664255,1.3887946187956528,0.003471986546989132,2020,0.001370607667341711,0.001370607667341711,0
2020-03-31,1974,38,4,0,0,-3.5170256522613115,-5.926522815563456,2.4094971633021447,0.006023742908255362,2020,0.0009489818660660779,0.0009489818660660779,0
2020-04-01,1974,39,22,0,0,-2.561210129725553,-4.999417846860454,2.438207717134901,0.0060955192928372525,2020,0.0008567340878439233,0.0008567340878439233,0
2020-04-02,1974,39,22,0,0,6.1356740053728815,7.745939424001928,-1.6102654186290462,-0.004025663546572616,2020,0.004466747995008681,0.004466747995008681,0
2020-04-03,1974,39,18,0,0,4.078815396431568,6.614250349329733,-2.5354349528981652,-0.006338587382245413,2020,0.0031664979894140684,0.0031664979894140684,0
2020-04-06,1974,39,7,0,0,3.790076749881115,4.048406925869364,-0.25833017598824926,-0.0006458254399706231,2020,0.0015613350153468365,0.0015613350153468365,0
2020-04-07,1974,38,16,0,0,2.4001231445234112,0.3709836205309441,2.029139523992467,0.005072848809981168,2020,0.0012989657923174233,0.0012989657923174233,0
2020-04-08,1974,39,9,0,0,2.1689538093084018,1.8414402090846063,0.3275136002237955,0.0008187840005594888,2020,0.000921309438663754,0.000921309438663754,0
2020-04-09,1974,40,9,0,0,-3.146116685283674,-1.1712142823916671,-1.9749024028920068,-0.004937256007230017,2020,0.0012603866151452805,0.0012603866151452805,0
2020-04-10,1974,42,7,0,0,3.47693359348699,3.123698334546173,0.353235258940817,0.0008830881473520424,2020,0.0008045053727197927,0.0008045053727197927,0
2020-04-13,1974,42,4,0,0,-2.8828889936759086,-0.27632064718371735,-2.606568346492191,-0.006516420866230478,2020,0.0014459725694281305,0.0014459725694281305,0
2020-04-14,1974,42,12,0,0,2.5691872234879445,4.676498102760719,-2.107310879272774,-0.005268277198181935,2020,0.0010657974822226106,0.0010657974822226106,0
2020-04-15,1974,43,9,0,0,0.8452057688411405,0.8471914905879353,-0.0019857217467947885,-4.964304366986971e-06,2020,0.0007245524340487277,0.0007245524340487277,0
2020-04-16,1974,43,18,0,0,1.2246497523345627,2.5788823108190084,-1.3542325584844457,-0.003385581396211114,2020,0.0008769077106641517,0.0008769077106641517,0
2020-04-17,1974,44,15,0,0,-5.979505346199024,-2.895799679437657,-3.0837056667613667,-0.007709264166903417,2020,0.001300203681810166,0.001300203681810166,0
2020-04-20,1974,45,8,0,0,-5.432399666709834,-0.9314877521769315,-4.500911914532903,-0.011252279786332258,2020,0.000971022194390865,0.000971022194390865,0
2020-04-21,1974,45,10,0,0,6.742646535189528,3.103709629932796,3.638936905256732,0.009097342263141829,2020,0.0016629708345248999,0.0016629708345248999,0
2020-04-22,1974,47,13,0,0,-1.0863545492559827,0.3018941940595674,-1.3882487433155501,-0.0034706218582888754,2020,0.0006170719645424728,0.0006170719645424728,0
2020-04-23,1974,47,9,0,0,3.3864508393982775,2.895804463205671,0.4906463761926063,0.0012266159404815157,2020,0.0011886157355527399,0.0011886157355527399,0
2020-04-24,1974,47,16,0,0,1.687155060992639,1.1022810704702737,0.5848739905223652,0.0014621849763059131,2020,0.0007983972585401576,0.0007983972585401576,0
2020-04-27,1974,47,11,0,0,5.551674904507927,1.8894389590884018,3.6622359454195257,0.009155589863548814,2020,0.0010522798216425465,0.0010522798216425465,0
2020-04-28,1974,48,7,0,0,-5.2424332570594965,-3.5340538695454704,-1.708379387514026,-0.0042709484687850656,2020,0.0012226511514229774,0.0012226511514229774,0
2020-04-30,1974,47,12,0,0,-0.019369048282634155,1.3493630377975716,-1.3687320860802057,-0.0034218302152005144,2020,0.000988210530141889,0.000988210530141889,0
2020-05-01,1974,46,1,0,0,5.421126559722327,1.6733202159470508,3.7478063437752764,0.009369515859438191,2020,0.001046658269262008,0.001046658269262008,0
2020-05-07,1974,47,3,0,0,5.458538286571932,1.7651601140500828,3.6933781725218493,0.009233445431304624,2020,0.001547245123426925,0.001547245123426925,0
2020-05-08,1974,48,4,0,0,-1.6291887829839424,0.5043053554007865,-2.133494138384729,-0.005333735345961822,2020,0.0008363054065086304,0.0008363054065086304,0
2020-05-11,1974,48,5,0,0,-0.7946636010420315,0.11385759026567426,-0.9085211913077057,-0.0022713029782692644,2020,0.0011286872049722288,0.0011286872049722288,0
2020-05-12,1974,46,4,0,0,-4.7538316817199195,-3.5504300367856096,-1.20340164493431,-0.0030085041123357747,2020,0.0017372226693317414,0.0017372226693317414,0
2020-05-13,1974,46,2,0,0,1.231484678763084,2.049416505296127,-0.8179318265330431,-0.0020448295663326077,2020,0.0008703327502772651,0.0008703327502772651,0
2020-05-14,1974,46,0,0,0,1.2430229389206144,1.6781171837482038,-0.4350942448275894,-0.0010877356120689735,2020,0.0011263930462145754,0.0011263930462145754,0
2020-05-15,1974,47,1,0,0,3.779418162944427,1.2831859284004343,2.4962322345439927,0.006240580586359981,2020,0.000714813274184496,0.000714813274184496,0
2020-05-18,1974,46,2,0,0,1.565752456346375,1.9093212818024587,-0.3435688254560838,-0.0008589220636402096,2020,0.0006487750206208326,0.0006487750206208326,0
2020-05-19,1974,46,6,0,0,0.7524431365115373,0.014624726640098062,0.7378184098714392,0.001844546024678598,2020,0.0004496487191260362,0.0004496487191260362,0
2020-05-20,1974,46,8,0,0,-0.6173091890530471,-0.6549921779978437,0.0376829889447966,9.420747236199151e-05,2020,0.0005819429050502451,0.0005819429050502451,0
2020-05-21,1974,47,6,0,0,3.440249957007192,4.026701740780994,-0.5864517837738021,-0.0014661294594345052,2020,0.0008949895044462713,0.0008949895044462713,0
2020-05-22,1974,49,2,0,0,4.631761594996301,1.035950325029877,3.595811269966424,0.008989528174916061,2020,0.0008729892433312643,0.0008729892433312643,0
2020-05-25,1974,49,15,0,0,2.445014690301013,1.0850127263127802,1.3600019639882326,0.0034000049099705814,2020,0.0007025064528617731,0.0007025064528617731,0
2020-05-26,1974,49,13,0,0,1.9741522671568312,0.048216695455391735,1.9259355717014395,0.004814838929253599,2020,0.0005506377471740819,0.0005506377471740819,0
2020-05-27,1974,49,24,0,0,1.066081034793118,-2.282459428521301,3.3485404633144187,0.008371351158286047,2020,0.0009159514877642293,0.0009159514877642293,0
2020-05-28,1974,49,28,0,0,2.261672437528487,0.4607185168622417,1.8009539206662455,0.004502384801665614,2020,0.0006805481770343221,0.0006805481770343221,0
2020-05-29,1974,48,23,0,0,2.978940137404211,2.4790481569463814,0.49989198045782945,0.0012497299511445737,2020,0.0007473941910720972,0.0007473941910720972,0
2020-06-01,1974,48,7,0,0,1.2402934159840495,-1.1701528073609253,2.410446223344975,0.006026115558362437,2020,0.0004032702527259549,0.0004032702527259549,0
2020-06-02,1974,48,11,0,0,-0.32846906719724167,-0.4150674697318315,0.08659840253458984,0.00021649600633647458,2020,0.0005084080271618611,0.0005084080271618611,0
2020-06-03,1974,48,16,0,0,0.1778605774005321,1.675620297954454,-1.497759720553922,-0.003744399301384805,2020,0.0005523777345195367,0.0005523777345195367,0
2020-06-04,1974,48,18,0,0,2.3362688613975897,2.6989647022797114,-0.3626958408821217,-0.0009067396022053042,2020,0.000841523389734747,0.000841523389734747,0
2020-06-05,1974,46,15,0,0,0.6166809149791553,-1.1317704359762268,1.7484513509553823,0.004371128377388456,2020,0.0004635146956988081,0.0004635146956988081,0
2020-06-08,1974,45,14,0,0,-0.1768143156000094,0.3513657044806118,-0.5281800200806211,-0.001320450050201553,2020,0.0006173339700496758,0.0006173339700496758,0
2020-06-09,1974,45,35,0,0,-2.50202632443391,-6.709738647381353,4.207712322947443,0.010519280807368607,2020,0.0013080085637916091,0.0013080085637916091,0
2020-06-10,1974,45,27,0,0,-2.9637200900534304,-3.274369900341764,0.3106498102883335,0.0007766245257208337,2020,0.0007950013846070501,0.0007950013846070501,0
2020-06-11,1974,44,1,0,0,-4.238879594899575,-3.6813563229835906,-0.5575232719159842,-0.0013938081797899603,2020,0.0013415119230207198,0.0013415119230207198,0
2020-06-12,1974,44,0,0,0,7.493452782772998,7.387812803283398,0.10563997948959969,0.0002640999487239992,2020,0.0025847265205806817,0.0025847265205806817,0
2020-06-15,1974,44,0,0,0,-0.7891856868011095,0.47882467037391896,-1.2680103571750285,-0.0031700258929375715,2020,0.0007275049269093627,0.0007275049269093627,0
2020-06-16,1974,44,4,0,0,-0.049399549543622974,0.9394061382914914,-0.9888056878351145,-0.002472014219587786,2020,0.0007131819935447056,0.0007131819935447056,0
2020-06-17,1974,45,19,0,0,1.1125111645832193,-0.24167755455878207,1.3541887191420015,0.0033854717978550036,2020,0.0005190064497319044,0.0005190064497319044,0
2020-06-18,1974,45,17,0,0,-0.6894404212163147,0.026211929108338694,-0.7156523503246534,-0.0017891308758116334,2020,0.00044980363888124557,0.00044980363888124557,0
2020-06-19,1974,46,5,0,0,1.1117611370581801,0.8071378839842073,0.30462325307397287,0.0007615581326849321,2020,0.0003121134337663847,0.0003121134337663847,0
2020-06-22,1974,46,18,0,0,-1.5557532357708002,-1.1115374914013154,-0.44421574436948474,-0.001110539360923712,2020,0.0005165899181328237,0.0005165899181328237,0
2020-06-23,1974,45,15,0,0,-1.6877380016324794,-1.989890790866024,0.3021527892335445,0.0007553819730838613,2020,0.0005779613993922866,0.0005779613993922866,0
2020-06-24,1974,46,16,0,0,0.33082774236552875,2.2360452759084337,-1.905217533542905,-0.0047630438338572625,2020,0.0006589892003283286,0.0006589892003283286,0
2020-06-25,1974,45,8,0,0,-3.578357638174126,-3.446790867204138,-0.13156677096998814,-0.0003289169274249704,2020,0.0008366101880416471,0.0008366101880416471,0
2020-06-26,1974,44,15,0,0,0.9536649889828488,-0.6375372336839623,1.5912022226668112,0.003978005556667028,2020,0.0004901852309721955,0.0004901852309721955,0
2020-06-29,1974,43,18,0,0,-2.784573609747133,-3.675919234747553,0.8913456250004197,0.002228364062501049,2020,0.0006000014793411566,0.0006000014793411566,0
2020-06-30,1975,44,22,0,0,-1.120400972291983,-2.6500522412503593,1.5296512689583763,0.003824128172395941,2020,0.0007260267214789736,0.0007260267214789736,0
2020-07-01,1975,44,24,0,0,1.4109562395797248,1.4806574958142484,-0.06970125623452361,-0.00017425314058630903,2020,0.0007912952140286361,0.0007912952140286361,0
2020-07-02,1975,44,13,0,0,4.152293727239166,3.796340481066936,0.3559532461722301,0.0008898831154305753,2020,0.0012716821080585533,0.0012716821080585533,0
2020-07-03,1975,44,4,0,0,-1.5284084498726556,0.478669140283805,-2.0070775901564604,-0.005017693975391151,2020,0.0005582104232232266,0.0005582104232232266,0
2020-07-06,1975,44,2,0,0,-1.584490815782709,-1.0250617417964962,-0.5594290739862127,-0.0013985726849655316,2020,0.0005919084048764663,0.0005919084048764663,0
2020-07-07,1975,45,10,0,0,-1.6389632433073438,-1.7732997341614318,0.13433649085408805,0.0003358412271352201,2020,0.0005598123057489791,0.0005598123057489791,0
2020-07-08,1975,46,3,0,0,-3.925423117746957,-3.0545475824505974,-0.8708755352963595,-0.0021771888382408986,2020,0.0009693603318076271,0.0009693603318076271,0
2020-07-09,1975,44,2,0,0,5.817921322021921,5.908271761986661,-0.09035043996474013,-0.00022587609991185032,2020,0.0013567973951008302,0.0013567973951008302,0
2020-07-10,1976,45,5,0,0,-0.686690747537828,-0.789639586116545,0.10294883857871695,0.00025737209644679235,2020,0.0004786152676440867,0.0004786152676440867,0
2020-07-13,1976,45,1,0,0,3.265669481230411,2.79630744944019,0.46936203179022096,0.0011734050794755524,2020,0.0006965693828556884,0.0006965693828556884,0
2020-07-14,1976,45,3,0,0,-0.5263322778269371,-0.945224457320282,0.4188921794933449,0.0010472304487333622,2020,0.0006903076583536115,0.0006903076583536115,0
2020-07-15,1978,47,20,0,0,-0.8176784017147667,-0.23341256049712342,-0.5842658412176432,-0.0014606646030441081,2020,0.0004756364407199924,0.0004756364407199924,0
2020-07-16,1978,48,5,0,0,0.7496211583789565,1.9043716733940752,-1.1547505150151187,-0.002886876287537797,2020,0.000473737881959307,0.000473737881959307,0
2020-07-17,1978,47,3,0,0,2.117950665796935,2.275124337072438,-0.15717367127550297,-0.0003929341781887574,2020,0.0005264051491047633,0.0005264051491047633,0
2020-07-20,1978,47,13,0,0,-1.474087569289371,-1.5913796947896237,0.11729212550025281,0.00029323031375063204,2020,0.0004723226780177747,0.0004723226780177747,0
2020-07-21,1978,47,9,0,0,1.0337158483389397,1.8770450071769231,-0.8433291588379834,-0.0021083228970949584,2020,0.0005521385763726423,0.0005521385763726423,0
2020-07-22,1978,47,7,0,0,-1.635415161302035,-1.048989219083139,-0.586425942218896,-0.00146606485554724,2020,0.0005155125942904755,0.0005155125942904755,0
2020-07-27,1978,48,6,0,0,-4.538416887613527,-2.878034838694598,-1.6603820489189292,-0.004150955122297323,2020,0.0008365805189894774,0.0008365805189894774,0
2020-07-28,1978,49,5,0,0,-0.12405903492413373,-2.643106214311054,2.5190471793869205,0.006297617948467301,2020,0.000692296568888983,0.000692296568888983,0
2020-07-29,1978,50,5,0,0,-6.303464431606353,-7.524890719979709,1.2214262883733555,0.0030535657209333888,2020,0.0017054823606316152,0.0017054823606316152,0
2020-07-30,1978,49,4,0,0,2.9800709158957517,3.8822881748918987,-0.902217258996147,-0.0022555431474903676,2020,0.0018412436221932511,0.0018412436221932511,0
2020-07-31,1980,51,10,0,0,1.486326130883059,5.067469527566501,-3.5811433966834416,-0.008952858491708604,2020,0.002462266333527122,0.002462266333527122,0
2020-08-03,1981,52,3,0,0,0.23591980124856085,-0.3199906154298033,0.5559104166783642,0.0013897760416959103,2020,0.0006098360351958784,0.0006098360351958784,0
2020-08-04,1981,52,2,0,0,-0.839658855937364,-0.6532338334065827,-0.1864250225307813,-0.00046606255632695325,2020,0.0007415896331711728,0.0007415896331711728,0
2020-08-05,1981,52,6,0,0,-0.1575126674208214,-1.6814892018254681,1.5239765344046468,0.003809941336011617,2020,0.0009034349285655999,0.0009034349285655999,0
2020-08-06,1981,52,11,0,0,5.611632231955478,3.158485698246114,2.453146533709364,0.00613286633427341,2020,0.0018971758911282646,0.0018971758911282646,0
2020-08-07,1981,54,6,0,0,3.3744072378004284,0.3736587850640008,3.0007484527364277,0.0075018711318410695,2020,0.0007941794392164895,0.0007941794392164895,0
2020-08-11,1981,55,0,0,0,2.1153933370333373,1.6044136036233418,0.5109797334099955,0.0012774493335249886,2020,0.00069027029918932,0.00069027029918932,0
2020-08-12,1981,55,0,0,0,0.6012433194746661,-0.6546375019226934,1.2558808213973596,0.003139702053493399,2020,0.0005337458480977322,0.0005337458480977322,0
2020-08-13,1981,54,3,0,0,-1.4466312929137646,-0.9076147064406633,-0.5390165864731012,-0.001347541466182753,2020,0.0006509041137420753,0.0006509041137420753,0
2020-08-14,1981,54,0,0,0,-0.043416920784160935,1.485323134004654,-1.528740054788815,-0.0038218501369720378,2020,0.0005658531981501041,0.0005658531981501041,0
2020-08-17,1981,54,0,0,0,-0.1830777253527286,0.5491007367967778,-0.7321784621495064,-0.001830446155373766,2020,0.0004726854088304392,0.0004726854088304392,0
2020-08-18,1981,54,5,0,0,-2.021825770384979,-2.034667438435204,0.012841668050224797,3.210417012556199e-05,2020,0.0004818860867318163,0.0004818860867318163,0
2020-08-19,1981,54,3,0,0,2.369034215317529,1.2289718252729989,1.14006239004453,0.0028501559751113246,2020,0.0003767672283887985,0.0003767672283887985,0
2020-08-20,1982,55,9,0,1,0.08148878321976553,1.2163229490369363,-1.1348341658171708,-0.002837085414542927,2020,0.0004897996446049173,0.0004897996446049173,1
2020-08-21,1982,57,4,0,0,-0.19878860184664612,2.500863491113498,-2.6996520929601444,-0.006749130232400361,2020,0.0005503501493379977,0.0005503501493379977,0
2020-08-24,1982,56,9,0,0,1.4445350262893992,-0.06438411652128369,1.508919142810683,0.0037722978570267074,2020,0.00044653228291746964,0.00044653228291746964,0
2020-08-25,1982,56,4,0,0,-1.1522296101267822,-1.5892693972221117,0.43703978709532953,0.0010925994677383239,2020,0.000436905662777158,0.000436905662777158,0
2020-08-26,1982,57,7,0,0,-2.940610323293777,-3.1324031362450433,0.19179281295126627,0.0004794820323781657,2020,0.0008085929409064669,0.0008085929409064669,0
2020-08-27,1982,58,13,0,0,1.8423444182380873,4.180805214290435,-2.338460796052347,-0.005846151990130868,2020,0.0007192734208425479,0.0007192734208425479,0
2020-08-28,1982,58,2,0,0,0.01304902587043344,-0.12783024452385208,0.14087927039428552,0.0003521981759857138,2020,0.000528205166168086,0.000528205166168086,0
2020-08-31,1982,58,7,0,0,0.48377349466565067,1.2519086699505133,-0.7681351752848626,-0.0019203379382121567,2020,0.0003763646001972161,0.0003763646001972161,0
2020-09-01,1982,58,11,0,0,0.48589408516699706,0.2806992750039088,0.20519481016308827,0.0005129870254077206,2020,0.0003519964772483802,0.0003519964772483802,0
2020-09-02,1982,58,17,0,0,-1.2146603461027297,-1.2733093716769843,0.058649025574254665,0.00014662256393563667,2020,0.0004998557080838405,0.0004998557080838405,0
2020-09-03,1982,58,10,0,0,-1.4843091940217674,0.43171213440790396,-1.9160213284296714,-0.004790053321074178,2020,0.0005808093639169207,0.0005808093639169207,0
2020-09-04,1982,58,4,0,0,3.5771463537584194,2.093317673276683,1.4838286804817362,0.0037095717012043407,2020,0.0006772228429295649,0.0006772228429295649,0
2020-09-07,1982,56,7,0,0,-1.6495677530038984,-0.6973591721518874,-0.952208580852011,-0.0023805214521300275,2020,0.000348442641473184,0.000348442641473184,0
2020-09-08,1982,56,12,0,0,0.7583822175518528,2.2156549576806666,-1.457272740128814,-0.0036431818503220347,2020,0.0003952212432049853,0.0003952212432049853,0
2020-09-09,1982,56,5,0,0,2.1160974546460998,1.8008045877882928,0.315292866857807,0.0007882321671445174,2020,0.0005064263536272512,0.0005064263536272512,0
2020-09-10,1982,58,6,0,0,2.191238876586412,1.2797220738293755,0.9115168027570366,0.0022787920068925915,2020,0.0005544006850888763,0.0005544006850888763,0
2020-09-11,1982,58,11,0,0,-0.7002511584630128,1.082330678642802,-1.7825818371058149,-0.004456454592764537,2020,0.00048382009417178835,0.00048382009417178835,0
2020-09-14,1982,57,9,0,0,1.1437884899958333,3.614794570097171,-2.471006080101338,-0.006177515200253345,2020,0.0006001637425617792,0.0006001637425617792,0
2020-09-15,1982,58,6,0,0,-0.03345766254079704,0.603831049264144,-0.6372887118049411,-0.0015932217795123526,2020,0.00038278697264782603,0.00038278697264782603,0
2020-09-16,1982,57,11,0,0,1.8015380835692685,1.9128609369692462,-0.11132285339997772,-0.00027830713349994427,2020,0.0004036451060472744,0.0004036451060472744,0
2020-09-17,1983,58,6,0,0,-1.2371773127231656,-0.05927884759353369,-1.1778984651296318,-0.0029447461628240796,2020,0.0006579783729793283,0.0006579783729793283,0
2020-09-18,1983,58,7,0,0,-2.090871860437941,-3.306165729876911,1.21529386943897,0.003038234673597425,2020,0.0007806423139432694,0.0007806423139432694,0
2020-09-23,1983,58,9,0,0,3.091592624295329,2.6194584035249684,0.4721342207703607,0.0011803355519259017,2020,0.0004533057497371731,0.0004533057497371731,0
2020-09-24,1984,58,2,0,0,3.962450184319968,2.8528672733479308,1.1095829109720374,0.0027739572774300937,2020,0.000976911306328669,0.000976911306328669,0
2020-09-25,1986,60,6,0,0,-0.7408044432019846,0.46948259097261885,-1.2102870341746035,-0.0030257175854365085,2020,0.000633429963836365,0.000633429963836365,0
2020-09-28,1986,60,12,0,0,-5.448076462405943,-3.1476094441266462,-2.300467018279297,-0.005751167545698242,2020,0.0015633231479961378,0.0015633231479961378,0
2020-09-29,1986,59,11,0,0,0.0,0.0,0.0,0.0,2020,2.489059193834406e-05,2.489059193834406e-05,0
2020-09-30,1986,59,8,0,0,-1.803833508972529,-1.9469017418110308,0.14306823283850179,0.0003576705820962545,2020,0.0009016125092744315,0.0009016125092744315,0
2020-10-02,1989,62,3,0,1,1.8440282090794085,0.2673718273345436,1.5766563817448649,0.003941640954362162,2020,0.0003526523389496209,0.0003526523389496209,1
2020-10-05,1990,61,1,0,0,-0.3351291242137467,0.7878727124161512,-1.123001836629898,-0.0028075045915747446,2020,0.0004115726927539843,0.0004115726927539843,0
2020-10-06,1990,62,5,0,0,0.5487020278249565,1.6197561911312894,-1.071054163306333,-0.002677635408265833,2020,0.00040327640391044767,0.00040327640391044767,0
2020-10-07,1990,61,7,0,0,0.8678751503452468,-0.8446573658834032,1.71253251622865,0.004281331290571625,2020,0.000444481761621242,0.000444481761621242,0
2020-10-08,1990,60,7,0,0,0.27593289993887743,-0.442182451378692,0.7181153513175694,0.0017952883782939237,2020,0.0004334639757178726,0.0004334639757178726,0
2020-10-09,1990,57,9,0,0,0.4077906902036983,0.045003584189284955,0.36278710601441333,0.0009069677650360333,2020,0.00034039360729480297,0.00034039360729480297,0
2020-10-12,1990,57,13,0,0,1.3489077729379908,-1.3985016095436162,2.747409382481607,0.006868523456204018,2020,0.0004832250549004407,0.0004832250549004407,0
2020-10-13,1990,59,14,0,0,-1.7881291815874654,-2.022447617320396,0.23431843573293043,0.0005857960893323261,2020,0.0005056747353730514,0.0005056747353730514,0
2020-10-14,1990,59,7,0,0,-3.39781406262715,-1.30658257231753,-2.09123149030962,-0.00522807872577405,2020,0.0007776440208920916,0.0007776440208920916,0
2020-10-15,1989,57,14,0,0,3.2678545831062746,3.353576476112288,-0.08572189300601352,-0.00021430473251503378,2020,0.0008304455939976648,0.0008304455939976648,0
2020-10-16,1989,57,9,0,0,-2.373180144786399,-1.2415563528268614,-1.1316237919595376,-0.002829059479898844,2020,0.0005002643330092324,0.0005002643330092324,0
2020-10-19,1989,58,4,0,0,1.0731883416204513,1.13801710734947,-0.06482876572901874,-0.00016207191432254686,2020,0.0005046114173029878,0.0005046114173029878,0
2020-10-20,1989,57,4,0,0,-4.937863196085849,-2.508232205734059,-2.42963099035179,-0.0060740774758794745,2020,0.0005851324141991533,0.0005851324141991533,0
2020-10-21,1989,58,5,0,0,0.7232173550202458,0.4682108596162158,0.25500649540403,0.0006375162385100749,2020,0.0004555611338761086,0.0004555611338761086,0
2020-10-22,1989,58,10,0,0,-0.6388011060154962,-1.7224473538779044,1.0836462478624083,0.0027091156196560207,2020,0.0005464038629652016,0.0005464038629652016,0
2020-10-23,1989,58,5,0,0,-0.8291083855975202,1.9107386725416375,-2.7398470581391576,-0.006849617645347894,2020,0.0004328172572413033,0.0004328172572413033,0
2020-10-26,1989,57,8,0,0,-3.085708033953797,0.500361384112959,-3.586069418066756,-0.00896517354516689,2020,0.0005838293804228216,0.0005838293804228216,0
2020-10-27,1989,57,1,0,0,0.1988554090869199,-0.9348983208983929,1.1337537299853127,0.0028343843249632817,2020,0.00044203956492774014,0.00044203956492774014,0
2020-10-28,1990,54,1,0,0,-4.426751443199039,-5.189298076741063,0.7625466335420246,0.0019063665838550614,2020,0.0009552434297830528,0.0009552434297830528,0
2020-10-29,1991,53,6,0,0,3.066411334020478,0.06957332318041709,2.9968380108400607,0.007492095027100152,2020,0.000819460939856934,0.000819460939856934,0
2020-10-30,1991,53,9,0,0,1.7617232774412361,3.8933146745340306,-2.1315913970927944,-0.005328978492731986,2020,0.0010223547531260863,0.0010223547531260863,0
2020-11-02,1991,53,1,0,0,1.9131495297428334,2.8133171693789563,-0.9001676396361229,-0.002250419099090307,2020,0.0009797565339654552,0.0009797565339654552,0
2020-11-04,1991,53,0,0,0,1.687538432535984,1.0948732526120926,0.5926651799238913,0.0014816629498097284,2020,0.0006542501982262723,0.0006542501982262723,0
2020-11-05,1991,53,0,0,0,0.7103826936054342,2.6517234496976827,-1.9413407560922487,-0.0048533518902306215,2020,0.0009611182526714772,0.0009611182526714772,0
2020-11-06,1991,53,3,0,0,3.8352105881854164,-1.7595771756531982,5.594787763838615,0.013986969409596537,2020,0.002136501115474072,0.002136501115474072,0
2020-11-09,1991,53,10,0,0,1.8520788152585812,2.9420538353736916,-1.0899750201151104,-0.002724937550287776,2020,0.0008172566709650278,0.0008172566709650278,0
2020-11-10,1991,53,4,0,0,-0.18785824094154355,-0.8530325846718309,0.6651743437302873,0.0016629358593257182,2020,0.0007268590282724996,0.0007268590282724996,0
2020-11-11,1991,53,5,0,0,-3.608822988688152,-2.538909644837476,-1.069913343850676,-0.00267478335962669,2020,0.0011954195357259622,0.0011954195357259622,0
2020-11-12,1991,53,0,0,0,1.4545738592066202,4.186321162286642,-2.731747303080022,-0.006829368257700055,2020,0.0010599033558534123,0.0010599033558534123,0
2020-11-13,1991,53,0,0,0,-1.6295052085673654,-0.5869998631966613,-1.042505345370704,-0.00260626336342676,2020,0.000737405975127664,0.000737405975127664,0
2020-11-16,1991,53,5,0,0,-0.4085115850101153,-1.421361951142459,1.0128503661323436,0.002532125915330859,2020,0.0004954331805897653,0.0004954331805897653,0
2020-11-17,1991,52,20,0,0,0.18851146083340833,-0.4775834015732649,0.6660948624066733,0.001665237156016683,2020,0.0004246488122403617,0.0004246488122403617,0
2020-11-18,1991,52,6,0,0,1.7723167473768822,0.9734103295780585,0.7989064177988237,0.001997266044497059,2020,0.000340716321848042,0.000340716321848042,0
2020-11-19,1991,51,2,0,0,1.6761862545688766,4.938869569089136,-3.2626833145202596,-0.008156708286300648,2020,0.0006980047304763181,0.0006980047304763181,0
2020-11-20,1991,51,8,0,0,-1.7793969783440737,-0.4705648966656137,-1.30883208167846,-0.00327208020419615,2020,0.0004966022320580083,0.0004966022320580083,0
2020-11-24,1991,51,4,0,0,1.8381798487783758,0.86439185099614,0.9737879977822358,0.0024344699944555894,2020,0.0004585315108573363,0.0004585315108573363,0
2020-11-25,1991,51,8,0,0,0.7355003582146757,2.3951628231916025,-1.6596624649769267,-0.004149156162442317,2020,0.0005125873058326589,0.0005125873058326589,0
2020-11-26,1991,50,12,0,0,-3.0184055370616476,-2.4850640255524428,-0.5333415115092048,-0.001333353778773012,2020,0.001129223681855947,0.001129223681855947,0
2020-11-27,1991,50,14,0,0,2.4831090514930945,2.5107186190864663,-0.027609567593371853,-6.902391898342963e-05,2020,0.0005370814154435356,0.0005370814154435356,0
2020-11-30,1991,50,2,0,0,1.406369428146232,0.2166592329334738,1.1897101952127582,0.0029742754880318955,2020,0.00042515184369392654,0.00042515184369392654,0
2020-12-01,1991,51,10,0,0,0.22305664768098923,0.08291403057180001,0.14014261710918924,0.00035035654277297307,2020,0.0005242358086704337,0.0005242358086704337,0
2020-12-02,1991,52,12,0,0,-0.2916607942704519,-0.12769752489674258,-0.1639632693737093,-0.0004099081734342733,2020,0.0004898878642208481,0.0004898878642208481,0
2020-12-03,1991,52,5,0,0,-2.8519250502726727,-2.356777122485031,-0.4951479277876416,-0.001237869819469104,2020,0.0007048056764886374,0.0007048056764886374,0
2020-12-04,1991,51,4,0,0,2.272333053377263,0.09136694268339633,2.1809661106938667,0.005452415276734667,2020,0.00040450458301866305,0.00040450458301866305,0
2020-12-07,1991,51,3,0,0,0.5609271731496573,2.42998205470705,-1.8690548815573926,-0.004672637203893481,2020,0.0005282929202628854,0.0005282929202628854,0
2020-12-08,1991,51,10,0,0,-1.1488852384397816,-0.8630804677476208,-0.2858047706921608,-0.0007145119267304021,2020,0.00037174401491459557,0.00037174401491459557,0
2020-12-09,1991,52,2,0,0,1.015354161093586,1.1824511438808372,-0.16709698278725127,-0.0004177424569681282,2020,0.0005273399941895191,0.0005273399941895191,0
2020-12-10,1991,49,10,0,0,1.236055655033849,1.1561031113736797,0.07995254366016935,0.00019988135915042338,2020,0.0005345297877866923,0.0005345297877866923,0
2020-12-11,1991,49,13,0,0,-0.25210860504777005,-0.24063908126908076,-0.011469523778689289,-2.8673809446723223e-05,2020,0.00044938158596399754,0.00044938158596399754,0
2020-12-14,1991,50,4,0,0,-0.0075077378688536145,0.2173506212369913,-0.22485835910584492,-0.0005621458977646123,2020,0.0005231253026544862,0.0005231253026544862,0
2020-12-15,1990,49,12,0,0,-0.08460967943140492,-1.1925272595832104,1.1079175801518055,0.002769793950379514,2020,0.0004886279554436337,0.0004886279554436337,0
2020-12-16,1993,50,11,0,0,-0.018949439797213724,0.17630182717657472,-0.19525126697378845,-0.0004881281674344711,2020,0.00037878210871706034,0.00037878210871706034,0
2020-12-17,1994,51,10,0,0,-0.9198077717965728,-0.2908802919156394,-0.6289274798809334,-0.0015723186997023337,2020,0.0003604662190095384,0.0003604662190095384,0
2020-12-18,1995,52,10,0,0,-4.3699637926229675,-3.3789151637974015,-0.991048628825566,-0.002477621572063915,2020,0.000972884938455053,0.000972884938455053,0
2020-12-21,1996,53,11,0,0,0.2565557356303516,0.49909396413261004,-0.24253822850225842,-0.0006063455712556461,2020,0.0003883131181380416,0.0003883131181380416,0
2020-12-22,1998,52,11,0,0,0.9974190830296582,2.1717238683058846,-1.1743047852762265,-0.002935761963190566,2020,0.00045327103064433623,0.00045327103064433623,0
2020-12-23,1999,54,13,0,0,0.7421998297043376,1.3933799857743026,-0.6511801560699649,-0.0016279503901749123,2020,0.0003798400121561325,0.0003798400121561325,0
2020-12-24,1999,54,5,0,0,-1.6584310520520071,-0.02939595496733353,-1.6290350970846736,-0.004072587742711684,2020,0.0004260458562124246,0.0004260458562124246,0
2020-12-25,1999,54,9,0,0,3.482434331996032,2.0661820739146655,1.4162522580813666,0.003540630645203416,2020,0.0005195920461637006,0.0005195920461637006,0
2020-12-28,1999,51,4,0,0,-0.9375985348504465,-0.9773637767503468,0.03976524189990027,9.941310474975068e-05,2020,0.00034330164522853587,0.00034330164522853587,0
2020-12-29,1999,51,11,0,0,-1.3557977958897827,-1.5507493155948655,0.19495151970508284,0.00048737879926270713,2020,0.0006850041400980345,0.0006850041400980345,0
2020-12-30,1999,50,12,0,0,0.10188365231797016,-0.14857103390111667,0.25045468621908684,0.0006261367155477171,2021,0.0003705219223950327,0.0003705219223950327,0
2021-01-04,1999,50,4,0,0,1.5370752552360767,1.346310312091913,0.1907649431441636,0.00047691235786040897,2021,0.0004219224195780086,0.0004219224195780086,0
2021-01-05,1999,50,5,0,0,2.8310586301868916,1.7567429146788311,1.0743157155080605,0.002685789288770151,2021,0.0005145937745580305,0.0005145937745580305,0
2021-01-06,1999,49,3,0,0,1.7629919923049364,3.2936273036114385,-1.530635311306502,-0.003826588278266255,2021,0.0005553015159392923,0.0005553015159392923,0
2021-01-07,1999,49,11,0,0,-0.02597919383853947,0.7434082453499323,-0.7693874391884719,-0.0019234685979711797,2021,0.0005659292958016939,0.0005659292958016939,0
2021-01-08,1999,48,5,0,0,0.8713314108963407,0.17479253999693445,0.6965388708994062,0.0017413471772485156,2021,0.0005482827197781163,0.0005482827197781163,0
2021-01-12,1999,47,14,0,0,-1.4422347929722727,-0.07696784540065252,-1.3652669475716201,-0.0034131673689290504,2021,0.000514364059717873,0.000514364059717873,0
2021-01-13,1999,47,7,0,0,-1.058351296715465,-1.0998571145499143,0.0415058178344494,0.0001037645445861235,2021,0.0007098852373781745,0.0007098852373781745,0
2021-01-14,1999,47,10,0,0,-0.19860343502032973,-0.7014697715280785,0.5028663365077488,0.001257165841269372,2021,0.0004598931521693666,0.0004598931521693666,0
2021-01-15,1999,47,10,0,0,-0.702756282459967,2.1910629445607417,-2.8938192270207086,-0.007234548067551772,2021,0.0004500165467850423,0.0004500165467850423,0
2021-01-18,1999,46,8,0,0,0.3747822977417598,1.217458862883594,-0.8426765651418342,-0.0021066914128545855,2021,0.00040555779163539165,0.00040555779163539165,0
2021-01-19,1999,45,9,0,0,0.8389692877456248,1.7763516578036456,-0.9373823700580207,-0.0023434559251450516,2021,0.00039798716239199334,0.00039798716239199334,0
2021-01-20,1999,44,6,0,0,-0.7060757031505527,-0.1520768832105748,-0.5539988199399779,-0.0013849970498499447,2021,0.0004259804581300452,0.0004259804581300452,0
2021-01-21,1999,43,7,0,0,1.0177391442447679,1.9291711610726028,-0.9114320168278349,-0.0022785800420695875,2021,0.0005084429450093003,0.0005084429450093003,0
2021-01-22,1999,43,3,0,0,-0.9179138978836349,-2.0219548577888653,1.1040409599052303,0.002760102399763076,2021,0.00047825867057858145,0.00047825867057858145,0
2021-01-25,1999,43,8,0,0,1.212052474733741,0.995374042356619,0.21667843237712192,0.0005416960809428048,2021,0.0004032346001970302,0.0004032346001970302,0
2021-01-26,1999,42,5,0,0,-1.0501027235703022,-0.9563866293680725,-0.0937160942022297,-0.00023429023550557425,2021,0.0005989832649397385,0.0005989832649397385,0
2021-01-27,1999,42,4,0,0,-3.9778326330539406,-2.5105375799511975,-1.467295053102743,-0.0036682376327568577,2021,0.0008042199534345385,0.0008042199534345385,0
2021-01-28,1999,41,10,0,0,1.8100005418896161,1.5847140565006324,0.22528648538898377,0.0005632162134724594,2021,0.000680783035230008,0.000680783035230008,0
2021-01-29,1999,41,2,0,0,2.6776582174491996,2.4601200853528895,0.21753813209631012,0.0005438453302407753,2021,0.0007245983339776699,0.0007245983339776699,0
2021-02-01,1999,41,4,0,0,1.1136628634132275,2.496170380657542,-1.3825075172443146,-0.0034562687931107864,2021,0.0005442924765728863,0.0005442924765728863,0
2021-02-02,1999,41,2,0,0,0.1660524731329124,0.6174645193485647,-0.45141204621565234,-0.0011285301155391308,2021,0.0004263129396709352,0.0004263129396709352,0
2021-02-03,1999,41,5,0,0,0.6548564704332334,3.320154903883708,-2.6652984334504746,-0.006663246083626186,2021,0.0007097523319243495,0.0007097523319243495,0
2021-02-04,1999,41,6,0,0,2.0890165799563096,2.5743564038485487,-0.48533982389223906,-0.0012133495597305977,2021,0.000739708127703096,0.000739708127703096,0
2021-02-05,1999,41,2,0,0,-1.7883523488431494,0.012175601517210144,-1.8005279503603595,-0.004501319875900899,2021,0.000566184456896192,0.000566184456896192,0
2021-02-08,1999,41,3,0,0,0.6184468863130578,-0.0017890151893948196,0.6202359015024526,0.0015505897537561313,2021,0.0005902229004850863,0.0005902229004850863,0
2021-02-09,1999,41,4,0,0,0.3315274989332636,1.3038713319554716,-0.972343833022208,-0.00243085958255552,2021,0.0008133726888095333,0.0008133726888095333,0
2021-02-10,1999,41,7,0,0,1.6880522565348226,0.22126757060482527,1.4667846859299973,0.0036669617148249933,2021,0.0008155896720913542,0.0008155896720913542,0
2021-02-12,1999,41,9,0,0,-1.1282021144769525,-0.5430083696478681,-0.5851937448290844,-0.0014629843620727109,2021,0.0005787716321983309,0.0005787716321983309,0
2021-02-15,1999,42,12,0,0,0.3754432848280351,0.9071276163831704,-0.5316843315551354,-0.0013292108288878385,2021,0.0006550594493101541,0.0006550594493101541,0
2021-02-16,1999,42,6,0,0,-2.9083655483739945,-2.616016084227916,-0.29234946414607865,-0.0007308736603651966,2021,0.0007628073114653409,0.0007628073114653409,0
2021-02-17,2000,40,0,0,0,-2.0959288442748325,-1.7597123249251243,-0.3362165193497082,-0.0008405412983742705,2021,0.0005486655341490433,0.0005486655341490433,0
2021-02-18,2000,41,1,0,0,1.5836873771179072,3.7618758664248517,-2.1781884893069448,-0.0054454712232673615,2021,0.0006055012762493458,0.0006055012762493458,0
2021-02-19,2000,42,0,0,0,-4.348166686194056,-2.6411949031452315,-1.7069717830488247,-0.0042674294576220614,2021,0.0009574563836472068,0.0009574563836472068,0
2021-02-22,2000,42,1,0,0,0.9104248659265229,1.7906643672542948,-0.8802395013277718,-0.0022005987533194296,2021,0.0004965287227289554,0.0004965287227289554,0
2021-02-24,2000,42,8,0,0,-3.860057161938352,-4.089911289306064,0.22985412736771238,0.000574635318419281,2021,0.0007935567021536392,0.0007935567021536392,0
2021-02-25,2000,42,3,0,0,3.4430996826112956,4.370689798808471,-0.9275901161971758,-0.0023189752904929396,2021,0.0008589013668835259,0.0008589013668835259,0
2021-02-26,2000,42,19,0,0,-1.252677431594841,-1.097604733569992,-0.1550726980248489,-0.00038768174506212226,2021,0.00038240745356408367,0.00038240745356408367,0
2021-03-01,2000,41,12,0,0,1.2451906274260287,0.9709377323124696,0.2742528951135591,0.0006856322377838978,2021,0.00040910687514351095,0.00040910687514351095,0
2021-03-02,2000,41,10,0,0,-1.3652817126745853,-1.3742388217555892,0.008957109081003889,2.2392772702509723e-05,2021,0.00037738874866722716,0.00037738874866722716,0
2021-03-03,2000,41,7,0,0,0.6081076690788446,-0.07346880764417119,0.6815764767230158,0.0017039411918075395,2021,0.00033001970737771237,0.00033001970737771237,0
2021-03-04,2000,41,5,0,0,0.8822086274279194,-0.941538580227364,1.8237472076552834,0.004559368019138209,2021,0.0003774973056916526,0.0003774973056916526,0
2021-03-05,2000,38,5,0,0,3.2885660556051746,2.3391038854563195,0.949462170148855,0.0023736554253721374,2021,0.0006639891010093193,0.0006639891010093193,0
2021-03-08,2000,38,5,0,0,-0.5201554293284884,0.8706780234841934,-1.3908334528126818,-0.0034770836320317045,2021,0.0003353432960307132,0.0003353432960307132,0
2021-03-09,2000,38,1,0,0,1.2593289306972515,2.9608578354390667,-1.7015289047418152,-0.004253822261854538,2021,0.00040746446690114824,0.00040746446690114824,0
2021-03-10,2000,38,3,0,0,2.7165914145074517,0.3117014339998099,2.404889980507642,0.006012224951269105,2021,0.0004518175264640667,0.0004518175264640667,0
2021-03-11,2000,37,9,0,0,1.9669245920752065,2.450716619015067,-0.48379202693986056,-0.0012094800673496514,2021,0.0005765161240170471,0.0005765161240170471,0
2021-03-12,2000,37,5,0,0,2.900431583112262,1.8620955316132057,1.038336051499056,0.00259584012874764,2021,0.0004328148801276748,0.0004328148801276748,0
2021-03-15,2000,37,16,0,0,1.385176971709493,1.7247846195062617,-0.33960764779676866,-0.0008490191194919217,2021,0.00037774696698620713,0.00037774696698620713,0
2021-03-16,2000,34,19,0,0,1.1228056232402415,1.6705008450892407,-0.5476952218489992,-0.001369238054622498,2021,0.00032134436608536796,0.00032134436608536796,0
2021-03-17,2000,35,12,0,0,2.253603217592433,1.0556648894406395,1.1979383281517935,0.002994845820379484,2021,0.00037792137986316407,0.00037792137986316407,0
2021-03-18,2000,35,11,0,0,-0.8920707143517013,-0.45283172872443106,-0.4392389856272702,-0.0010980974640681755,2021,0.0004658081154672116,0.0004658081154672116,0
2021-03-19,2000,33,5,0,0,-2.401242850332379,-2.753065057939726,0.3518222076073467,0.0008795555190183668,2021,0.0006645071550247298,0.0006645071550247298,0
2021-03-22,2000,30,9,0,0,-4.613679015906693,-4.967117190714834,0.353438174808141,0.0008835954370203525,2021,0.001102833171876028,0.001102833171876028,0
2021-03-23,2000,30,15,0,0,2.358352995197008,2.9196417737048797,-0.5612887785078717,-0.0014032219462696794,2021,0.0005081549929100127,0.0005081549929100127,0
2021-03-24,2000,29,1,0,0,3.5759177699390974,2.4743559344787367,1.1015618354603607,0.0027539045886509016,2021,0.0005440902946937745,0.0005440902946937745,0
2021-03-25,2000,30,2,0,0,-0.40151540481621245,0.24669739414405054,-0.648212798960263,-0.0016205319974006574,2021,0.00044504538629741905,0.00044504538629741905,0
2021-03-26,2000,29,3,0,0,-3.4812138349909074,-1.7249638443922095,-1.756249990598698,-0.004390624976496745,2021,0.0007523089045660896,0.0007523089045660896,0
2021-03-29,2000,29,4,0,0,-1.9234758456139882,-2.4406205820994273,0.5171447364854391,0.0012928618412135979,2021,0.000623284727547345,0.000623284727547345,0
2021-03-30,2000,29,3,0,0,0.9554608903663994,-0.9385318765533514,1.8939927669197507,0.004734981917299377,2021,0.0004304853202261479,0.0004304853202261479,0
2021-03-31,2000,29,1,0,0,1.073246145832169,0.7407381812519706,0.3325079645801984,0.000831269911450496,2021,0.0003457341779230264,0.0003457341779230264,0
2021-04-01,2000,29,0,0,0,1.3166950105845971,1.0797551804423264,0.2369398301422707,0.0005923495753556768,2021,0.00032037074116842036,0.00032037074116842036,0
2021-04-02,2000,29,0,0,0,-2.6205126277884507,-2.037230646993203,-0.5832819807952476,-0.001458204951988119,2021,0.000513464884591657,0.000513464884591657,0
2021-04-05,2000,30,1,0,0,2.1156176881101736,2.7095538478502372,-0.5939361597400636,-0.0014848403993501591,2021,0.0003365732314460495,0.0003365732314460495,0
2021-04-06,2000,29,1,0,0,-3.0216963399823578,-2.169102768661733,-0.8525935713206247,-0.002131483928301562,2021,0.0005682221654530945,0.0005682221654530945,0
2021-04-07,2000,29,6,0,0,1.0234319914360923,0.8517734259489455,0.17165856548714686,0.00042914641371786714,2021,0.00024717622358733397,0.00024717622358733397,0
2021-04-08,2000,28,6,0,0,-1.8860175619947332,1.1760126870603653,-3.0620302490550984,-0.007655075622637746,2021,0.0004899831984036575,0.0004899831984036575,0
2021-04-09,2000,27,5,0,0,0.3363233426828354,0.43975157032312423,-0.1034282276402888,-0.000258570569100722,2021,0.0002996834720402311,0.0002996834720402311,0
2021-04-12,2000,29,3,0,0,0.06968105439774934,-0.20537713755335815,0.2750581919511075,0.0006876454798777687,2021,0.0003025065484366002,0.0003025065484366002,0
2021-04-13,2000,29,3,0,0,0.3313313106356889,-0.14623478559180889,0.4775660962274978,0.0011939152405687444,2021,0.0003416394096371888,0.0003416394096371888,0
2021-04-14,2000,29,7,0,0,1.06605075809961,0.2154622181779108,0.8505885399216991,0.0021264713498042476,2021,0.00026046876257058673,0.00026046876257058673,0
2021-04-15,2000,30,1,0,0,-0.145894255166527,0.9702125349964703,-1.1161067901629973,-0.002790266975407493,2021,0.0003465449290478014,0.0003465449290478014,0
2021-04-16,2000,29,3,0,0,-2.2840608894941394,-2.4934418306734036,0.2093809411792642,0.0005234523529481605,2021,0.00040819872312533714,0.00040819872312533714,0
2021-04-19,2000,29,4,0,0,-5.833864321845368,-3.7557614197052254,-2.078102902140143,-0.005195257255350357,2021,0.0007371092179926093,0.0007371092179926093,0
2021-04-20,2000,28,4,0,0,2.933434029158532,2.7454361493603656,0.1879978797981665,0.0004699946994954163,2021,0.0005260161134052496,0.0005260161134052496,0
2021-04-21,2000,29,5,0,0,-0.5978889707414402,-0.9114248138184756,0.3135358430770354,0.0007838396076925886,2021,0.0003191335165734759,0.0003191335165734759,0
2021-04-22,2000,29,1,0,0,0.4044913627342916,-0.47062834129679326,0.8751197040310849,0.0021877992600777122,2021,0.0003404812679636987,0.0003404812679636987,0
2021-04-23,2000,29,9,0,0,-1.547144783540985,-0.4840200693640854,-1.0631247141768996,-0.002657811785442249,2021,0.00030786780205669425,0.00030786780205669425,0
2021-04-26,2000,29,11,0,0,-1.4061612094388705,-0.9261935952069195,-0.479967614231951,-0.0011999190355798774,2021,0.00036672226928055287,0.00036672226928055287,0
2021-04-27,2000,29,7,0,0,-0.10581568578509988,0.20973637598472603,-0.3155520617698259,-0.0007888801544245648,2021,0.0005101837372708791,0.0005101837372708791,0
2021-04-28,1999,30,4,0,0,1.246352677291189,2.3591806599383793,-1.1128279826471903,-0.0027820699566179757,2021,0.0007089477456817618,0.0007089477456817618,0
2021-04-30,1999,30,4,0,0,0.7506973497672371,1.68792390101094,-0.9372265512437028,-0.002343066378109257,2021,0.0005765326940582042,0.0005765326940582042,0
2021-05-06,1999,30,3,0,0,1.234112925438952,1.146431291864088,0.08768163357486403,0.00021920408393716006,2021,0.0005641902333797846,0.0005641902333797846,0
2021-05-07,1999,31,3,0,0,-5.1056619487710435,-3.0289612738884997,-2.076700674882544,-0.005191751687206359,2021,0.0009459730140440114,0.0009459730140440114,0
2021-05-10,1999,31,2,0,0,-3.2992591343164164,-2.8518543634173024,-0.447404770899114,-0.001118511927247785,2021,0.0009153998505607711,0.0009153998505607711,0
2021-05-11,1999,32,4,0,0,-2.9573476279946838,-2.889555928718732,-0.06779169927595197,-0.0001694792481898799,2021,0.0009816502356678179,0.0009816502356678179,0
2021-05-12,1999,31,7,0,0,3.299450732274488,2.8165710640044934,0.4828796682699945,0.0012071991706749862,2021,0.0010827586971650306,0.0010827586971650306,0
2021-05-13,1999,33,4,0,0,-0.16508968834333324,-1.726220252204331,1.5611305638609978,0.0039028264096524945,2021,0.0010376297193349236,0.0010376297193349236,0
2021-05-14,1999,33,2,0,0,2.5206363579056075,3.198055007234823,-0.6774186493292156,-0.001693546623323039,2021,0.0007139207335724528,0.0007139207335724528,0
2021-05-17,1999,33,5,0,0,-0.07871969643803971,-0.11428786537305735,0.035568168935017644,8.892042233754411e-05,2021,0.00037008720438703704,0.00037008720438703704,0
2021-05-18,1999,33,2,0,0,1.4675598010291102,1.4270661487983816,0.04049365223072865,0.00010123413057682163,2021,0.00043386057844820746,0.00043386057844820746,0
2021-05-19,1999,33,2,0,0,0.6907022879185392,0.3608177693486068,0.32988451856993234,0.0008247112964248309,2021,0.0003084729343216581,0.0003084729343216581,0
2021-05-20,1999,33,1,0,0,0.3954610113037682,1.804258815601811,-1.4087978042980427,-0.003521994510745107,2021,0.0003532595737263822,0.0003532595737263822,0
2021-05-21,1999,33,1,0,0,-0.48324595738225545,-0.589419002980875,0.10617304559861956,0.00026543261399654893,2021,0.00032429208826485463,0.00032429208826485463,0
2021-05-24,1999,33,6,0,0,0.33870089118115176,0.4363228839943681,-0.09762199281321632,-0.0002440549820330408,2021,0.0003379325403467098,0.0003379325403467098,0
2021-05-25,1999,32,4,0,0,-0.6767063061495892,-1.3562626943983769,0.6795563882487877,0.0016988909706219693,2021,0.0004005173783867678,0.0004005173783867678,0
2021-05-26,1999,32,10,0,0,2.3125010059715385,3.053978082068577,-0.7414770760970386,-0.0018536926902425965,2021,0.0006308683493343772,0.0006308683493343772,0
2021-05-27,1999,32,0,0,0,-2.45970633367599,-1.7007499761656544,-0.7589563575103357,-0.0018973908937758395,2021,0.00042136553878437436,0.00042136553878437436,0
2021-05-28,1999,33,0,0,0,0.382305150584821,0.7421584889837988,-0.35985333839897776,-0.0008996333459974444,2021,0.000265741369358135,0.000265741369358135,0
2021-05-31,1999,32,12,0,0,0.04376917250129216,1.0763102170042236,-1.0325410445029315,-0.002581352611257329,2021,0.00039792715357498185,0.00039792715357498185,0
2021-06-01,1999,33,2,0,0,1.5154276497730355,1.0239857965059682,0.49144185326706724,0.0012286046331676681,2021,0.00031886433352518363,0.00031886433352518363,0
2021-06-02,1999,32,2,0,0,1.110796421412558,-0.38610932688721183,1.4969057482997699,0.0037422643707494246,2021,0.00030488668282356075,0.00030488668282356075,0
2021-06-03,1999,32,7,0,0,0.3898924435387152,0.9204976364162131,-0.5306051928774979,-0.0013265129821937447,2021,0.000306570490084595,0.000306570490084595,0
2021-06-04,1999,30,1,0,0,0.6194461643078717,1.5470040146064108,-0.9275578502985391,-0.0023188946257463477,2021,0.00031616201591984393,0.00031616201591984393,0
2021-06-07,1999,31,5,0,0,0.16991843067695367,-0.3764978760448174,0.5464163067217711,0.0013660407668044277,2021,0.0002975437262904157,0.0002975437262904157,0
2021-06-08,1999,31,2,0,0,0.6383317080524228,-0.27957003403596214,0.9179017420883849,0.0022947543552209624,2021,0.00026670938023480367,0.00026670938023480367,0
2021-06-09,1999,30,2,0,0,-0.8001596033749744,-1.0166852786795033,0.21652567530452893,0.0005413141882613223,2021,0.00031591528829935525,0.00031591528829935525,0
2021-06-10,1999,30,2,0,0,0.5493436600694407,0.5573476815838364,-0.00800402151439572,-2.00100537859893e-05,2021,0.00034675426383245735,0.00034675426383245735,0
2021-06-11,1999,30,0,0,0,0.5133763321828172,0.832342467684206,-0.31896613550138886,-0.0007974153387534721,2021,0.00033537820472898143,0.00033537820472898143,0
2021-06-14,1999,30,1,0,0,0.8222122678770004,1.2716044891847724,-0.449392221307772,-0.00112348055326943,2021,0.0003069548074015374,0.0003069548074015374,0
2021-06-15,1999,30,4,0,0,-0.8954548099566519,-0.4122871353835753,-0.48316767457307663,-0.0012079191864326916,2021,0.00029977632145283443,0.00029977632145283443,0
2021-06-16,1999,31,5,0,0,-1.9571973085827061,-1.9710521193807773,0.01385481079807116,3.46370269951779e-05,2021,0.00046768303440184383,0.00046768303440184383,0
2021-06-17,1999,33,4,0,0,-3.17208147702983,-3.8073374779703304,0.6352560009405006,0.0015881400023512516,2021,0.0006559152394772797,0.0006559152394772797,0
2021-06-18,1999,32,11,0,0,5.938490203009509,4.031747273259048,1.906742929750461,0.004766857324376153,2021,0.0008577593924743795,0.0008577593924743795,0
2021-06-21,1999,32,11,0,0,-0.5241044374983813,0.5265602147231393,-1.0506646522215206,-0.0026266616305538016,2021,0.0003142602342511744,0.0003142602342511744,0
2021-06-22,1999,33,10,0,0,-0.4303815209690014,-0.5460714060079425,0.11568988503894106,0.0002892247125973527,2021,0.00034504507343868643,0.00034504507343868643,0
2021-06-23,1999,34,13,0,0,1.4922088753724296,1.473879242778746,0.018329632593683698,4.5824081484209246e-05,2021,0.00034687439235594694,0.00034687439235594694,0
2021-06-24,1999,34,6,0,0,1.3713564352308207,0.5472843499127579,0.8240720853180629,0.002060180213295157,2021,0.0003031942880811531,0.0003031942880811531,0
2021-06-25,1999,35,12,0,0,-1.4805950180197123,-1.297740443976868,-0.18285457404284422,-0.0004571364351071106,2021,0.000368094878276126,0.000368094878276126,0
2021-06-28,1999,34,5,0,0,-0.6308091195084435,-0.5939166668115726,-0.036892452696870914,-9.223113174217729e-05,2021,0.0003437237632070762,0.0003437237632070762,0
2021-06-29,1999,34,7,0,0,-0.2155978680118993,-1.519070428986276,1.3034725609743767,0.0032586814024359416,2021,0.0003512161573063871,0.0003512161573063871,0
2021-06-30,1999,34,12,0,0,1.737117433389282,1.3652225511174152,0.37189488227186684,0.0009297372056796671,2021,0.00036431069228803285,0.00036431069228803285,0
2021-07-01,1999,34,5,0,0,-0.7564134279653562,0.189552064487207,-0.9459654924525631,-0.0023649137311314078,2021,0.00023791658328355586,0.00023791658328355586,0
2021-07-02,1999,34,7,0,0,0.29611995666199414,0.5651420002314372,-0.2690220435694431,-0.0006725551089236077,2021,0.00023703784746521937,0.00023703784746521937,0
2021-07-05,1999,34,3,0,0,-1.1289551645544935,-1.8316489394037976,0.7026937748493041,0.0017567344371232601,2021,0.0002564025038652311,0.0002564025038652311,0
2021-07-06,1999,35,0,0,0,-2.276428105131519,-2.9182910118017547,0.6418629066702355,0.0016046572666755887,2021,0.0003517170472764575,0.0003517170472764575,0
2021-07-07,1999,35,3,0,0,-0.280677400488273,0.3148106118233818,-0.5954880123116548,-0.001488720030779137,2021,0.00026337824516333363,0.00026337824516333363,0
2021-07-08,1999,35,11,0,0,3.423065484916775,3.309305286573506,0.113760198343269,0.00028440049585817253,2021,0.0006906275630799078,0.0006906275630799078,0
2021-07-09,1999,35,25,0,0,1.3451617634867254,0.34010432788419004,1.0050574356025355,0.0025126435890063387,2021,0.000360879910061611,0.000360879910061611,0
2021-07-12,1999,35,7,0,0,0.15088935397306671,0.12253769047234105,0.02835166350072567,7.087915875181417e-05,2021,0.00031090568457559125,0.00031090568457559125,0
2021-07-13,1999,34,12,0,0,-2.3617232193428666,-2.3139878849778106,-0.04773533436505595,-0.00011933833591263987,2021,0.0003728187832145652,0.0003728187832145652,0
2021-07-14,1999,34,9,0,0,0.8096178891163874,-0.10731873421956604,0.9169366233359535,0.0022923415583398837,2021,0.00026636723941612776,0.00026636723941612776,0
2021-07-15,1999,35,5,0,0,-3.2546253782418098,-2.191859440535682,-1.0627659377061276,-0.002656914844265319,2021,0.00040197266106466195,0.00040197266106466195,0
2021-07-16,1999,33,5,0,0,-1.506041207306011,-1.6758460079929602,0.16980480068694925,0.00042451200171737314,2021,0.0002795585646134115,0.0002795585646134115,0
2021-07-19,1999,34,6,0,0,1.8602312051233139,1.4091079844499699,0.451123220673344,0.00112780805168336,2021,0.000316890839961758,0.000316890839961758,0
2021-07-20,1999,36,9,0,0,2.7839535133597457,2.5076053890093744,0.27634812435037137,0.0006908703108759284,2021,0.0004997744380647935,0.0004997744380647935,0
2021-07-21,1999,35,7,0,0,1.0712999817077116,1.4491257451499875,-0.3778257634422759,-0.0009445644086056898,2021,0.00033590072762679793,0.00033590072762679793,0
2021-07-26,1999,36,3,0,0,-2.522392175893619,-1.2951881948208754,-1.2272039810727438,-0.003068009952681859,2021,0.0003944431565551096,0.0003944431565551096,0
2021-07-27,1999,36,8,0,0,1.688293949047192,0.01110028150658123,1.6771936675406107,0.004192984168851527,2021,0.0003703009768280764,0.0003703009768280764,0
2021-07-28,1999,36,5,0,0,-4.104077828093803,-2.0010293808607287,-2.103048447233074,-0.005257621118082685,2021,0.0006961439284556954,0.0006961439284556954,0
2021-07-29,1999,37,6,0,0,2.879724505599462,3.018976966946685,-0.13925246134722302,-0.00034813115336805757,2021,0.0008937322011625057,0.0008937322011625057,0
2021-07-30,1999,37,8,0,0,-0.9881964128189061,-1.1099914917202056,0.12179507890129948,0.0003044876972532487,2021,0.00033282612806114897,0.00033282612806114897,0
2021-08-02,1999,37,2,0,0,-1.4493214852442555,-2.24799723268227,0.7986757474380146,0.0019966893685950367,2021,0.0004078791796553188,0.0004078791796553188,0
2021-08-03,1999,39,1,0,0,-0.3226303392154579,-0.6250750562798759,0.302444717064418,0.000756111792661045,2021,0.0004446834109698602,0.0004446834109698602,0
2021-08-04,1999,39,2,0,0,0.695293915974128,0.4953850762537926,0.19990883972033546,0.0004997720993008387,2021,0.0005714794300010953,0.0005714794300010953,0
2021-08-05,1999,39,2,0,0,0.9321855413177978,1.8014614393478112,-0.8692758980300134,-0.0021731897450750336,2021,0.0008453386695069921,0.0008453386695069921,0
2021-08-06,1999,39,4,0,0,2.442426688002397,1.0735515081751812,1.3688751798272158,0.00342218794956804,2021,0.0006640036123178444,0.0006640036123178444,0
2021-08-10,1999,39,4,0,0,0.3830273718190103,1.1966081929848063,-0.813580821165796,-0.00203395205291449,2021,0.0005534403656188732,0.0005534403656188732,0
2021-08-11,1999,40,7,0,0,0.27315082602606516,0.4845372999303578,-0.21138647390429266,-0.0005284661847607317,2021,0.0006640148487631957,0.0006640148487631957,0
2021-08-12,1999,40,8,0,0,-2.7295596114104863,-3.402002151501771,0.6724425400912848,0.001681106350228212,2021,0.0008750415249190638,0.0008750415249190638,0
2021-08-13,1999,40,9,0,0,-1.6036281830949746,-2.472357626004162,0.8687294429091874,0.0021718236072729687,2021,0.0005504843879980751,0.0005504843879980751,0
2021-08-16,1999,39,9,0,0,2.1099768241305568,1.339511796169309,0.7704650279612477,0.0019261625699031192,2021,0.00042580020868037826,0.00042580020868037826,0
2021-08-17,1999,40,13,0,0,-2.4202010893002464,-1.4468311103711422,-0.9733699789291042,-0.00243342494732276,2021,0.0005296200971873666,0.0005296200971873666,0
2021-08-18,1999,40,4,0,0,-2.4375683853648247,-1.0989038696975506,-1.338664515667274,-0.003346661289168185,2021,0.0005191179463079773,0.0005191179463079773,0
2021-08-19,1999,41,4,0,0,3.2768741622991544,3.7448136105923577,-0.46793944829320333,-0.0011698486207330084,2021,0.0007282033408939981,0.0007282033408939981,0
2021-08-20,1999,41,1,0,0,1.912488427727028,3.5543306983001464,-1.6418422705731184,-0.004104605676432796,2021,0.0005656197528358544,0.0005656197528358544,0
2021-08-23,1999,41,0,0,0,0.5009905513533072,-0.2127325900284175,0.7137231413817247,0.0017843078534543117,2021,0.0003120383969467205,0.0003120383969467205,0
2021-08-24,1999,41,4,0,0,0.20154530339375856,0.9586546359629741,-0.7571093325692155,-0.001892773331423039,2021,0.0003297670340239501,0.0003297670340239501,0
2021-08-25,1999,41,8,0,0,-0.2883490929663825,-0.2743387098505295,-0.014010383115853009,-3.502595778963252e-05,2021,0.0002528139870095452,0.0002528139870095452,0
2021-08-26,1999,40,3,0,0,3.014877491683997,2.4695899734360904,0.5452875182479064,0.001363218795619766,2021,0.0004262144844817047,0.0004262144844817047,0
2021-08-27,1999,40,4,0,0,0.5784065687813583,0.426437291039365,0.1519692777419933,0.0003799231943549833,2021,0.0003375372373218065,0.0003375372373218065,0
2021-08-30,1999,40,6,0,0,1.4405559550811258,1.8998066415440895,-0.45925068646296374,-0.0011481267161574094,2021,0.00031787616219398494,0.00031787616219398494,0
2021-08-31,1999,41,8,0,0,-1.0602488179079164,-0.349281005785925,-0.7109678121219913,-0.0017774195303049784,2021,0.00036566337880967526,0.00036566337880967526,0
2021-09-01,1999,42,6,0,0,1.7607209286749066,2.0668169143776525,-0.3060959857027459,-0.0007652399642568647,2021,0.0005126245968683766,0.0005126245968683766,0
2021-09-02,1999,42,8,0,0,2.2195896945803097,2.2378383665340684,-0.018248671953758677,-4.5621679884396695e-05,2021,0.00041567993900717395,0.00041567993900717395,0
2021-09-03,1999,43,8,0,0,1.093223016986458,1.6028878473411792,-0.5096648303547211,-0.0012741620758868028,2021,0.0003638232997707749,0.0003638232997707749,0
2021-09-06,1999,43,20,0,0,1.5975848521466147,1.492327720882966,0.10525713126364877,0.0002631428281591219,2021,0.0002685461985649084,0.0002685461985649084,0
2021-09-07,1999,45,15,0,0,-0.425574824651582,-0.6104504779073245,0.18487565325574257,0.0004621891331393564,2021,0.000374009434433633,0.000374009434433633,0
2021-09-08,1999,45,18,0,0,3.736893827656657,2.470878423986606,1.2660154036700506,0.0031650385091751263,2021,0.0004907225457635475,0.0004907225457635475,0
2021-09-09,1999,44,9,0,0,1.1447967893671718,1.6009323364317787,-0.4561355470646069,-0.0011403388676615174,2021,0.0004075079801598802,0.0004075079801598802,0
2021-09-10,1999,45,21,0,0,2.0076161295132775,1.335146194464854,0.6724699350484236,0.001681174837621059,2021,0.00031761671461999355,0.00031761671461999355,0
2021-09-13,1999,46,30,0,0,-2.568020994407569,-2.182913952811575,-0.38510704159599385,-0.0009627676039899847,2021,0.0007935568710245692,0.0007935568710245692,0
2021-09-14,1999,45,25,0,0,-0.4429650139537162,-1.6828375919710181,1.2398725780173019,0.003099681445043255,2021,0.0006066988481150896,0.0006066988481150896,0
2021-09-15,1999,45,12,0,0,1.649696898327523,1.9452010790575143,-0.2955041807299912,-0.0007387604518249779,2021,0.000416266887004924,0.000416266887004924,0
2021-09-16,1999,46,10,0,0,-2.839417424857036,-3.645142206046625,0.8057247811895891,0.0020143119529739727,2021,0.000672523342667158,0.000672523342667158,0
2021-09-17,1999,47,7,0,0,-2.7433435865263376,-2.1346843924885732,-0.6086591940377644,-0.0015216479850944109,2021,0.0005675420568516612,0.0005675420568516612,0
2021-09-21,1999,45,4,0,0,4.984870866953175,5.135729345850236,-0.15085847889706105,-0.00037714619724265263,2021,0.0010745905353370638,0.0010745905353370638,0
2021-09-22,1999,45,2,0,0,-0.724756635222124,-1.395785251453307,0.6710286162311829,0.0016775715405779573,2021,0.000378693913468344,0.000378693913468344,0
2021-09-24,1999,46,3,0,0,-0.20608805568557384,-1.2278826534514813,1.0217945977659075,0.002554486494414769,2021,0.0005868953716556091,0.0005868953716556091,0
2021-09-27,1999,46,7,0,0,-1.701412103739262,-2.9366900905312394,1.2352779867919774,0.0030881949669799434,2021,0.0006406737628060986,0.0006406737628060986,0
2021-09-28,1999,46,6,0,0,-0.37369646904223713,-1.8953127203073954,1.5216162512651583,0.0038040406281628957,2021,0.00043192236707989215,0.00043192236707989215,0
2021-09-29,1999,46,3,0,0,-3.192667267367444,-3.2832390358491588,0.09057176848171489,0.0002264294212042872,2021,0.0006683168752074599,0.0006683168752074599,0
2021-09-30,1998,46,1,0,0,-2.421293732220169,-0.12310369177218324,-2.298190040447986,-0.005745475101119965,2021,0.0005577783336873155,0.0005577783336873155,0
2021-10-01,1998,46,8,0,0,-3.088763455242469,-2.7553952217684823,-0.3333682334739869,-0.0008334205836849673,2021,0.00039020199797807395,0.00039020199797807395,0
2021-10-04,1998,46,9,0,0,-0.6450372420791116,-0.1991609776838753,-0.4458762643952363,-0.0011146906609880909,2021,0.00043599129523410696,0.00043599129523410696,0
2021-10-05,1998,45,28,0,0,-1.7824520346821948,0.8572045921498422,-2.639656626832037,-0.006599141567080092,2021,0.00044609765863373133,0.00044609765863373133,0
2021-10-06,1998,45,1,0,0,2.3407379797523062,3.8158883525436083,-1.475150372791302,-0.003687875931978255,2021,0.0005015748187872912,0.0005015748187872912,0
2021-10-07,1998,47,3,0,0,2.008437918082314,3.1520520809654093,-1.1436141628830954,-0.0028590354072077382,2021,0.00046754555491410586,0.00046754555491410586,0
2021-10-08,1998,47,2,0,0,-2.3706514899780284,-2.0057082127611063,-0.3649432772169221,-0.0009123581930423053,2021,0.0005066271282677888,0.0005066271282677888,0
2021-10-11,1998,46,1,0,0,-1.4557978458013252,-0.7167486674680709,-0.7390491783332543,-0.001847622945833136,2021,0.00045297574215682763,0.00045297574215682763,0
2021-10-12,1998,48,10,0,0,0.42180456372421776,1.0464879773831004,-0.6246834136588826,-0.0015617085341472065,2021,0.0003842624338678749,0.0003842624338678749,0
2021-10-13,1998,47,10,0,0,4.72188345946459,4.14835161793869,0.5735318415258996,0.001433829603814749,2021,0.0009728119506354534,0.0009728119506354534,0
2021-10-14,1998,49,4,0,0,0.31563774095695457,0.47772987112419524,-0.16209213016724067,-0.00040523032541810167,2021,0.0004320518735441901,0.0004320518735441901,0
2021-10-15,1998,48,2,0,0,0.8597442120763567,0.28171414484463553,0.5780300672317211,0.0014450751680793027,2021,0.0003870736517460438,0.0003870736517460438,0
2021-10-18,1998,48,6,0,0,0.3332785451221593,-0.5597800978531406,0.8930586429753,0.00223264660743825,2021,0.0003061932740567122,0.0003061932740567122,0
2021-10-19,1998,48,8,0,0,-2.3240593757182757,-2.0871849119907036,-0.23687446372757215,-0.0005921861593189304,2021,0.0004014993162895544,0.0004014993162895544,0
2021-10-20,1998,48,8,0,0,-0.4618152227530703,0.36608690285082063,-0.827902125603891,-0.0020697553140097275,2021,0.00026758307639144184,0.00026758307639144184,0
2021-10-21,1998,49,10,0,0,-1.2489960479514353,-0.5132232615503164,-0.7357727864011189,-0.0018394319660027972,2021,0.000282657960675761,0.000282657960675761,0
2021-10-22,1998,48,9,0,0,1.7926839301466801,1.80039732039893,-0.00771339025224993,-1.9283475630624826e-05,2021,0.0003540317145005102,0.0003540317145005102,0
2021-10-25,1998,48,15,0,0,-0.3817129825305765,-0.9154806654397638,0.5337676829091873,0.0013344192072729682,2021,0.0002826616343861133,0.0002826616343861133,0
2021-10-26,1998,48,5,0,0,0.11582003535337744,-0.27826801015119434,0.39408804550457177,0.0009852201137614295,2021,0.00044589590249972185,0.00044589590249972185,0
2021-10-27,1998,48,8,0,0,-0.051740623072759805,-0.2897497186380626,0.23800909556530278,0.0005950227389132569,2021,0.0004383145629372836,0.0004383145629372836,0
2021-10-28,1998,47,11,0,0,3.1012785134021676,2.9106695332005557,0.190608980201612,0.00047652245050402997,2021,0.0009162788713364035,0.0009162788713364035,0
2021-10-29,1998,47,6,0,0,-1.8937688502810721,-1.5736560206473926,-0.3201128296336795,-0.0008002820740841987,2021,0.0004594785829918765,0.0004594785829918765,0
2021-11-01,1998,46,12,0,0,2.801155374206159,2.0251320915670834,0.7760232826390756,0.001940058206597689,2021,0.0007787607798357471,0.0007787607798357471,0
2021-11-02,1997,46,8,0,0,-1.737909885256579,-1.1182806685504305,-0.6196292167061486,-0.0015490730417653713,2021,0.000731124911212863,0.000731124911212863,0
2021-11-04,1997,46,3,0,0,-0.05587658990270102,-1.0488646744896775,0.9929880845869764,0.002482470211467441,2021,0.0007037950193575222,0.0007037950193575222,0
2021-11-05,1997,46,3,0,0,-2.404259230907399,-1.7650635156691463,-0.6391957152382528,-0.001597989288095632,2021,0.0005592901667053309,0.0005592901667053309,0
2021-11-08,1996,46,4,0,0,-0.46925385355052945,-0.21709904018112555,-0.25215481336940393,-0.0006303870334235098,2021,0.0006471998413065156,0.0006471998413065156,0
2021-11-09,1996,46,9,0,0,1.287442818356575,-0.29618875826354407,1.583631576620119,0.003959078941550297,2021,0.0006157736002999899,0.0006157736002999899,0
2021-11-10,1996,46,11,0,0,3.8071146453804268,2.2234966641769076,1.5836179812035192,0.003959044953008798,2021,0.0010056740856146831,0.0010056740856146831,0
2021-11-11,1996,46,4,0,0,2.176536499463479,0.2750555184622108,1.9014809810012683,0.004753702452503171,2021,0.000993848894273605,0.000993848894273605,0
2021-11-12,1996,46,1,0,0,0.7186418670591586,-0.5335605303114098,1.2522023973705685,0.0031305059934264214,2021,0.0005713526015038535,0.0005713526015038535,0
2021-11-15,1996,46,6,0,0,0.27965472240269856,-1.259864975877381,1.5395196982800796,0.003848799245700199,2021,0.0005694481247561661,0.0005694481247561661,0
2021-11-16,1996,45,5,0,0,-1.347531055792641,-0.883179827532797,-0.464351228259844,-0.00116087807064961,2021,0.00037549984149589223,0.00037549984149589223,0
2021-11-17,1997,45,6,0,0,1.9222251177934186,-0.5332300963857793,2.455455214179198,0.006138638035447995,2021,0.00036875384654715327,0.00036875384654715327,0
2021-11-18,1997,45,6,0,0,1.032329808569437,-0.37754578784842213,1.409875596417859,0.0035246889910446476,2021,0.00035202793054343255,0.00035202793054343255,0
2021-11-19,1997,45,6,0,0,-2.803767724832824,-1.4581265053814727,-1.3456412194513514,-0.0033641030486283785,2021,0.0005662498054885015,0.0005662498054885015,0
2021-11-22,1997,45,6,0,0,-0.3856978045555421,0.5136812901891862,-0.8993790947447282,-0.0022484477368618205,2021,0.0003032817446361664,0.0003032817446361664,0
2021-11-24,1997,47,10,0,0,-3.587701666370665,-3.2368006665070044,-0.3509009998636605,-0.0008772524996591513,2021,0.0005252355550021795,0.0005252355550021795,0
2021-11-25,1997,48,10,0,0,-4.578446715203946,-5.092481278135646,0.5140345629317,0.0012850864073292501,2021,0.0009144827832444414,0.0009144827832444414,0
2021-11-26,1997,47,3,0,0,-1.3975227348819255,-1.2401852018972932,-0.15733753298463227,-0.00039334383246158067,2021,0.00046731656764071575,0.00046731656764071575,0
2021-11-29,1997,46,10,0,0,-1.0392370249828407,1.4302487872522143,-2.469485812235055,-0.0061737145305876375,2021,0.0007717265975329554,0.0007717265975329554,0
2021-11-30,1996,46,0,0,0,-0.8450791114681229,-2.914333624741367,2.0692545132732443,0.005173136283183111,2021,0.0005283363953968739,0.0005283363953968739,0
2021-12-01,1996,46,5,0,0,4.8620741483999295,4.788890191457026,0.0731839569429038,0.00018295989235725952,2021,0.0013165182597492451,0.0013165182597492451,0

