Date,ValidationYear,StocksRanked,SelectedMissingTargets,AllMissingTargets,FallbackStocks,SelectedFallbackStocks,OfficialDailySpread,IllustrativeGrossOneReturn,RankIC,NormalizedHardRankMSE,AllStockForecastMSE,MaxAbsoluteScore
2017-12-29,2018,1896,0,0,42,3,-0.10945294907760139,-0.0002736323726940035,-0.04005220045873389,0.17351916281145943,0.0003131460377284182,0.01187417670995562
2018-01-04,2018,1896,0,0,41,7,0.21725764170517126,0.0005431441042629281,-0.04407075165525561,0.17419067195387516,0.0004052455761019803,0.012416184175593304
2018-01-05,2018,1896,0,0,41,10,-0.7183534468363558,-0.0017958836170908895,-0.048767344169454246,0.17497317364137746,0.00037016103737747203,0.007084124245040497
2018-01-09,2018,1896,0,0,39,16,0.3804981313416671,0.0009512453283541677,0.05031691923004715,0.15844245786869557,0.00037966166498796573,0.023522436401428027
2018-01-10,2018,1896,0,0,39,2,-1.7696485520755683,-0.004424121380188921,-0.11601754278364444,0.1861949315330411,0.0005706352073063319,0.005663066301369373
2018-01-11,2018,1896,0,0,39,7,-0.33125855004768673,-0.0008281463751192168,-0.024464015034261963,0.1709175390287501,0.00046011663896710546,0.009286064660244033
2018-01-12,2018,1896,0,0,39,4,-0.5664527833353274,-0.0014161319583383186,0.00985558173318571,0.16518879712922366,0.0003848755441777853,0.03576099981944073
2018-01-15,2018,1896,0,0,39,4,-1.1523534461616247,-0.002880883615404062,-0.018434554002327307,0.16991604281442743,0.0003816776673666971,0.013917947236008966
2018-01-16,2018,1896,0,0,39,2,-0.00953579778534741,-2.3839494463368528e-05,0.025674079024592802,0.1625570471090947,0.0003902890450405592,0.013608372717170268
2018-01-17,2018,1896,0,0,39,2,-0.6454397229369195,-0.0016135993073422988,-0.060875289173256894,0.17699275065059789,0.0003033620484498679,0.00952172397924502
2018-01-18,2018,1896,0,0,40,0,-1.677377099307149,-0.0041934427482678725,-0.10006196828886343,0.18352973387973776,0.00044663393256500324,0.00963791411358945
2018-01-19,2018,1896,0,0,40,9,-0.3075343535176698,-0.0007688358837941744,-0.007017653362727669,0.16800935815811552,0.00037909097028495135,0.029742199368219938
2018-01-22,2018,1896,0,0,39,2,1.3337524015430025,0.0033343810038575063,0.04587884014180284,0.1591800621844479,0.0003252585774444632,0.03752303404320467
2018-01-23,2018,1896,0,0,39,10,0.37281748618910404,0.00093204371547276,-0.009215965452094367,0.16837575559403445,0.00033980244356885585,0.013471316606324285
2018-01-24,2018,1896,0,0,39,13,-0.11663344366180162,-0.00029158360915450406,-0.008648663795044174,0.1682782118817844,0.0003189893800497128,0.01337447867638713
2018-01-25,2018,1896,0,0,38,6,0.7820963683895791,0.0019552409209739477,0.1071008846418751,0.14896662681696754,0.00037551739980204316,0.011442523622754781
2018-01-26,2018,1896,0,0,38,6,1.1477702065423852,0.002869425516355963,0.02574303510907134,0.16254676251744235,0.0005159690112966364,0.034513501584140405
2018-01-29,2018,1896,0,0,38,7,-0.5297270829194833,-0.0013243177072987083,-0.005648209436547293,0.16778329057407154,0.0006583921523292591,0.012415863351164243
2018-01-30,2018,1896,0,0,38,5,0.6652859680435208,0.001663214920108802,0.027394607199759086,0.16227146435483186,0.0010546828592086423,0.025394468056913106
2018-01-31,2018,1896,0,0,37,2,0.06393921645199191,0.00015984804112997977,0.043804082787263665,0.15953065794861235,0.00042844745574019264,0.008502270134724542
2018-02-01,2018,1896,0,0,36,2,0.8431792970887955,0.0021079482427219885,0.07574719211928248,0.1542046511466688,0.001126933513925843,0.029249322470631986
2018-02-02,2018,1896,0,0,37,3,0.3460637299389706,0.0008651593248474265,-0.02014870290794563,0.1702042251549713,0.004429480139906854,0.03185185624752359
2018-02-05,2018,1896,0,0,36,0,-0.6366512735181582,-0.0015916281837953954,-0.06783078935811397,0.17815586954549165,0.0006067643485417055,0.022618537756873613
2018-02-06,2018,1896,0,0,36,8,-1.6193241714297766,-0.004048310428574442,-0.14566891672480956,0.19114283391167683,0.0009676763051262136,0.06563989188276996
2018-02-07,2018,1896,0,0,35,2,-0.522028285624232,-0.00130507071406058,-0.027185940980128106,0.17137818286840695,0.000989118489520841,0.019360154457584162
2018-02-08,2018,1896,0,0,34,0,0.19386802961100447,0.00048467007402751115,-0.059476948076778925,0.17676318755234752,0.0011483157947551517,0.016872354340472087
2018-02-09,2018,1896,0,0,34,2,-1.0689141213941933,-0.002672285303485483,-0.1014800196433343,0.1837723517494109,0.0009587807347903385,0.07993322477822427
2018-02-13,2018,1896,0,0,33,0,0.06194446152822852,0.0001548611538205713,0.03233497877736307,0.16144430961953116,0.001181505901524433,0.03117453480822483
2018-02-14,2018,1896,0,0,33,7,0.5535901650007014,0.0013839754125017534,0.013288121344096258,0.16462352858892793,0.0009362725584665956,0.03391141763163396
2018-02-15,2018,1896,0,0,34,0,0.37780165332922255,0.0009445041333230564,0.07555440769566336,0.15423684741821628,0.0013711562024361597,0.035498702073402166
2018-02-16,2018,1896,0,0,34,0,-0.7352411008769569,-0.0018381027521923922,-0.011071263006122045,0.1686812898553905,0.0003333166139378556,0.05242187672486989
2018-02-19,2018,1896,0,0,34,1,-0.15783866093944687,-0.00039459665234861717,0.024029554852218412,0.16282913762942228,0.0005127196693773631,0.036551736135059854
2018-02-20,2018,1896,0,0,34,1,0.009221836754520263,2.3054591886300656e-05,-0.03666153160817816,0.17295561797774262,0.0003458500665500104,0.01867635663629171
2018-02-21,2018,1896,0,0,33,0,1.4576335971718315,0.0036440839929295786,0.16179029690610577,0.13984799055263095,0.00036640794579975076,0.046947111882487826
2018-02-22,2018,1896,0,0,34,5,-0.04179959507391451,-0.00010449898768478627,-0.013255289215073709,0.1690502104299699,0.00041146930373253465,0.0222563006470601
2018-02-23,2018,1896,0,0,33,1,0.8610538149628755,0.0021526345374071887,0.11013562474410911,0.1484595765545003,0.00029558536005977514,0.10153934253326405
2018-02-26,2018,1896,0,0,32,5,-1.1985011296747703,-0.0029962528241869258,-0.15563412979054345,0.19280620172766041,0.0003839771196333798,0.023657454185313675
2018-02-27,2018,1896,0,0,30,2,-0.9902826049860838,-0.0024757065124652094,-0.09685438555877167,0.18300021624175156,0.0005589739648180199,0.006901895540574001
2018-02-28,2018,1896,0,0,32,6,0.5216210903563958,0.0013040527258909895,-0.0024460248108664944,0.16725018099947192,0.000483210941617269,0.019683955404873832
2018-03-01,2018,1896,0,0,35,10,2.7615162536125473,0.006903790634031368,0.1712263337891599,0.13827353058493785,0.0007452618832398292,0.030813164073800765
2018-03-02,2018,1896,0,0,36,14,0.04119427906912776,0.0001029856976728194,-0.020280644521487937,0.17022570223638592,0.0009250229842866807,0.023903435114756746
2018-03-05,2018,1896,0,0,35,8,-0.5784799455681884,-0.001446199863920471,-0.05310175486193056,0.17569718203055282,0.00041064417250066587,0.3226508482959513
2018-03-06,2018,1896,0,0,34,4,-0.031338140872037235,-7.834535218009308e-05,-0.019129303831044192,0.17002799671955254,0.0004184932369259021,0.03306499707568037
2018-03-07,2018,1896,0,0,35,1,0.7446490229901236,0.001861622557475309,0.08585301256896145,0.15251478964038245,0.0004161132721072586,0.05074455214042517
2018-03-08,2018,1896,0,0,35,3,1.143050984035515,0.0028576274600887876,0.17962518864511898,0.13687252145578477,0.0006124157876627971,0.01544517690971602
2018-03-09,2018,1896,0,0,36,3,-0.022021787496533607,-5.5054468741334015e-05,-0.005045713592844587,0.1676810265700792,0.0005141309853651095,0.017168416542410244
2018-03-12,2018,1896,0,0,35,7,-0.36695377356322645,-0.0009173844339080661,0.002865009967004958,0.16635566144346564,0.00038515110077969364,0.023928597303750947
2018-03-13,2018,1896,0,0,34,3,-1.155996300244176,-0.00288999075061044,-0.08740839702508978,0.18142039054702624,0.000434418651181495,0.35537199571412437
2018-03-14,2018,1896,0,0,34,8,-0.09191188397112415,-0.00022977970992781038,-0.01394184252228378,0.169164400115889,0.0003705431297471146,0.044682330088579254
2018-03-15,2018,1896,0,0,32,3,0.5549970274394376,0.001387492568598594,0.031886918313051224,0.1615214568716306,0.0005328975266355224,0.022891125270307663
2018-03-16,2018,1897,0,0,31,8,0.25340449504911206,0.0006335112376227802,0.03644504377428779,0.16075586076715653,0.0002603917678552052,0.016249894445664787
2018-03-19,2018,1897,0,0,31,11,-0.41015830883255,-0.001025395772081375,-0.019467152349639225,0.17008329515735013,0.00036146516879742357,0.013220162226518829
2018-03-20,2018,1897,0,0,29,10,-1.0223376422668702,-0.0025558441056671754,-0.1554067345167157,0.19277090865235913,0.0017027559628693739,0.034782278224042854
2018-03-22,2018,1898,0,0,28,3,0.041463566067988566,0.00010365891516997141,-0.04081578890945265,0.1736472412784436,0.0003138176188767041,0.015216866643549643
2018-03-23,2018,1900,0,0,30,2,-0.6086924061158117,-0.001521731015289529,-0.06323428320441914,0.1773922174901685,0.002222309515157574,0.05880601592556571
2018-03-26,2018,1900,0,0,28,4,-0.014794982127108502,-3.6987455317771256e-05,0.0004510456780645871,0.16676621923707174,0.0005278200285540921,0.03180196539736907
2018-03-27,2018,1901,0,0,29,1,-0.8335295545845236,-0.002083823886461309,-0.07606748821892274,0.17952504790451446,0.0006372089760504933,0.10622052122714468
2018-03-28,2018,1901,0,0,31,1,-2.162507238812331,-0.0054062680970308275,-0.21962295346057728,0.20348212327379817,0.000655089616438665,0.0263210760817619
2018-03-29,2018,1901,0,0,33,3,0.20410823512676285,0.0005102705878169071,-0.05461787893807857,0.17594988269769082,0.0003219921293329877,0.01439908554989569
2018-03-30,2018,1901,0,0,32,8,0.01776503724857942,4.441259312144854e-05,-0.04794178246249856,0.1748366281196221,0.00031890652079830594,0.007301685382046933
2018-04-02,2018,1902,0,0,33,6,-1.8622351239537294,-0.004655587809884324,-0.1665068250342104,0.19461863480785926,0.0005209990827803063,0.02532607521684064
2018-04-03,2018,1902,0,0,34,1,-0.13159206164725812,-0.0003289801541181453,-0.02798223670305682,0.1715055715702849,0.0004074271951133746,0.033899293901130424
2018-04-04,2018,1902,0,0,34,8,0.41908041686671926,0.001047701042166798,-0.037563600421259086,0.17310469345178,0.00039669708459445037,0.052400521651755225
2018-04-05,2018,1902,0,0,34,4,-0.3494672014070583,-0.0008736680035176457,-0.07599989293455706,0.17951114831657344,0.0003583882405870619,0.015683184980284832
2018-04-06,2018,1902,0,0,34,2,-2.2772638037748094,-0.0056931595094370235,-0.1655900002793379,0.19446600809550837,0.00037474904813459924,0.028184537167677604
2018-04-09,2018,1902,0,0,36,7,-4.508950350312671,-0.011272375875781677,-0.32059183759476345,0.2203247038563898,0.000561276091740862,0.031006177960852237
2018-04-10,2018,1902,0,0,37,0,-0.6808447195927372,-0.001702111798981843,-0.11396336060170216,0.18584356037362504,0.00032715255273297906,0.024238922741561576
2018-04-11,2018,1902,0,0,38,0,0.2763176491671053,0.0006907941229177632,0.04287427066358317,0.15968327317755568,0.0004299358953181488,0.017797684230904116
2018-04-12,2018,1902,0,0,40,0,-0.7546678663415982,-0.0018866696658539955,-0.10680000358318767,0.18465651709970185,0.0006238694865603355,0.01992370124939691
2018-04-13,2018,1902,0,0,40,2,-0.5202096310200313,-0.001300524077550078,-0.07467403055878037,0.17929685475122883,0.00038261080437791245,0.027580238930085647
2018-04-16,2018,1902,0,0,40,3,-1.0134339982369844,-0.002533584995592461,-0.06349701524666886,0.17743405602167178,0.00045703188686783465,0.00577000968254061
2018-04-17,2018,1902,0,0,40,10,-0.658670734947713,-0.0016466768373692825,-0.010360845928807117,0.16856284208720446,0.0003815955854460018,0.06808417752671882
2018-04-18,2018,1902,0,0,41,8,-0.37762853004919805,-0.0009440713251229951,-0.04828881143425553,0.17488169552278468,0.0002556811218020212,0.01372116582665335
2018-04-19,2018,1902,0,0,42,7,-0.054437104734605,-0.0001360927618365125,0.027237269318178006,0.16229165023696132,0.0003555720086667303,0.012248849665054693
2018-04-20,2018,1903,0,1,43,7,1.117866596147831,0.0027946664903695773,0.07049212220360453,0.15507709501464234,0.00033274545561806846,0.006183695106497244
2018-04-23,2018,1903,0,0,43,3,-0.7144776227826622,-0.0017861940569566556,-0.09759843919838197,0.18311606198977126,0.00031954274415803627,0.019773551686689185
2018-04-24,2018,1903,0,0,45,4,-0.15737417936464204,-0.0003934354484116051,-0.01868632938475968,0.16995350020759667,0.00039420671042707283,0.019473174321007963
2018-04-25,2018,1903,0,0,45,6,-1.269762847403042,-0.003174407118507605,-0.09636586427748076,0.1829150324853662,0.0005443371423680635,0.008434038233608592
2018-04-26,2018,1903,0,0,44,3,-0.43484163187805414,-0.0010871040796951352,0.009432005032305618,0.16526340432745193,0.0007194163826320562,0.020079743284862468
2018-04-27,2018,1903,0,0,45,2,0.9723212562967536,0.002430803140741884,0.14247869356700882,0.1430657591994694,0.00030426363103164283,0.016894108582748108
2018-05-01,2018,1903,0,0,46,0,-0.2058632639510949,-0.0005146581598777372,-0.04074465775846445,0.17363095339599482,0.00042077883510524463,0.01040797374798895
2018-05-02,2018,1903,0,0,48,0,1.8811579789915984,0.004702894947478996,0.13426038402229254,0.14443608783642956,0.0004411198665516369,0.004820454041296931
2018-05-07,2018,1903,0,0,47,0,1.376038165046087,0.0034400954126152174,0.07489792750070293,0.15433843047405932,0.0006644440885370395,0.005080361611273762
2018-05-08,2018,1903,0,0,47,4,0.8088688123677958,0.0020221720309194897,0.04894272034802534,0.15866963687348165,0.0007751461340697516,0.00850473992899805
2018-05-09,2018,1903,0,0,48,4,0.20680523437858267,0.0005170130859464566,0.062255493577111395,0.15645309836022883,0.0008198228053129254,0.013290499868503917
2018-05-10,2018,1903,0,0,48,4,0.6361964571654697,0.0015904911429136743,0.046681836944576456,0.15905040591944464,0.001055850930405401,0.02236026762047439
2018-05-11,2018,1903,0,0,47,0,0.6956517908585236,0.0017391294771463089,-0.008821916383942374,0.16830883476268613,0.0007066029109689152,0.01814460122469248
2018-05-14,2018,1903,0,0,47,3,-0.6640113027047575,-0.0016600282567618937,-0.051831860979062304,0.17548598335339466,0.0006379568633646402,0.004818537539099827
2018-05-15,2018,1903,0,0,47,1,0.3393499700229994,0.0008483749250574984,0.06181464342077877,0.15652214923999164,0.0003864021651830602,0.00480683073052958
2018-05-16,2018,1903,0,0,47,3,0.4197204667730391,0.0010493011669325978,0.04926689274237571,0.15861727832164216,0.00029661710102474846,0.005201255322367419
2018-05-17,2018,1903,0,0,48,0,1.1696995645245263,0.002924248911311316,0.10652048423677866,0.1490642976897447,0.00035394661610800267,0.010630333120934091
2018-05-18,2018,1903,0,0,49,1,0.7472135128722535,0.0018680337821806337,0.06335203981479468,0.15626735711951087,0.0002350867195984409,0.007286110457852487
2018-05-21,2018,1903,0,0,50,3,0.46560605110606357,0.001164015127765159,-0.05671088618785531,0.17629635719911987,0.0002934035594439258,0.01570560172609952
2018-05-22,2018,1903,0,0,51,0,-0.4545752374144265,-0.0011364380935360663,-0.026300059553554533,0.17122756692100033,0.0003803070309915734,0.007015684930975144
2018-05-23,2018,1903,0,0,50,10,-1.7785265980753382,-0.004446316495188346,-0.14316031807209914,0.19072074065962474,0.0002893427254311911,0.04343957914207289
2018-05-24,2018,1903,0,0,50,2,-0.40612982976789275,-0.0010153245744197318,-0.029396766102299257,0.17173714034023765,0.00036263202040749323,0.011951301763272564
2018-05-25,2018,1903,0,0,50,10,-0.43908589745983173,-0.0010977147436495793,-0.05332139927718689,0.1757339707156289,0.0002671301184036844,0.013562961542833932
2018-05-28,2018,1903,0,0,50,14,0.5947885558400563,0.0014869713896001407,0.06528530699649161,0.15594901765597152,0.00036056206530160086,0.03123801024173303
2018-05-29,2018,1903,0,0,50,14,1.4746435120989494,0.0036866087802473733,0.07437073650279358,0.1544294034796691,0.0004700697221037544,0.016580092116380406
2018-05-30,2018,1903,0,0,50,8,-0.6279411946790039,-0.0015698529866975098,-0.06616831271685138,0.17787694677958515,0.0004331324279007228,0.012300206516053964
2018-05-31,2018,1904,0,0,51,10,-1.9384672012566486,-0.004846168003141621,-0.18916031383456622,0.19840088622674099,0.0006208615886330423,0.0161479789667747
2018-06-01,2018,1904,0,0,51,8,0.1947753748750718,0.00048693843718767947,-0.03001987202711424,0.17184131975793876,0.00035077550131397097,0.22263465576095082
2018-06-04,2018,1904,0,0,51,15,1.1070255431969023,0.0027675638579922556,0.03122149715089766,0.16162451934332417,0.00034774220638021284,0.057194501556580166
2018-06-05,2018,1904,0,0,52,6,0.48988305150589473,0.001224707628764737,0.0910782630403191,0.15164133814288555,0.0004125291171288704,0.027287625978712808
2018-06-06,2018,1904,0,0,52,7,-0.22132347366676391,-0.0005533086841669098,-0.015688627329396913,0.16944978664532567,0.00030926050992843325,0.02690204434926202
2018-06-07,2018,1904,0,0,51,7,-0.2901456953737487,-0.0007253642384343717,-0.021359198066557433,0.17039730329578695,0.0003257897967123698,0.032688053125906814
2018-06-08,2018,1904,0,0,51,14,-0.699920485978899,-0.0017498012149472475,-0.05068106023839397,0.17528918290638587,0.00024876009877253507,0.022553719062320312
2018-06-11,2018,1904,0,0,51,11,-0.042478276349190824,-0.00010619569087297705,-0.009972557340257796,0.168497626667183,0.0003455532122297697,0.015802368422300667
2018-06-12,2018,1904,0,0,52,1,0.6559282262479929,0.0016398205656199822,0.04782821769059205,0.15885368764123103,0.0003265135522809437,0.004422804435012086
2018-06-13,2018,1904,0,0,53,2,1.4393273901622836,0.0035983184754057092,0.14023951230490925,0.14344246073208272,0.0003947063190912859,0.005011879681869649
2018-06-14,2018,1904,0,0,53,9,-1.8408927858680562,-0.004602231964670141,-0.17905528587010427,0.1967136130693928,0.0004658800718659351,0.010526047932531599
2018-06-15,2018,1904,0,0,53,9,0.37888285864618565,0.0009472071466154642,0.007271488967805991,0.1656279223893288,0.0006056280802246726,0.015248246273431666
2018-06-18,2018,1904,0,0,51,6,0.271339356046882,0.000678348390117205,0.011804915759819278,0.16486834749595386,0.0003157394303705347,0.020761010942440854
2018-06-19,2018,1905,0,0,51,16,1.2641870565173146,0.0031604676412932864,0.11152879699556849,0.14823126484556304,0.00033584391444091275,0.027375848374467382
2018-06-20,2018,1905,0,0,50,17,0.052517509489141384,0.00013129377372285346,0.025144648613007414,0.16264388586027279,0.0004332600906307215,0.060894943131510296
2018-06-21,2018,1906,0,0,51,5,-0.4085329922979808,-0.0010213324807449519,-0.020373918337895307,0.17023932134607886,0.0006266004415078685,0.015880546907113442
2018-06-22,2018,1907,0,0,51,8,-1.9675701551361042,-0.004918925387840261,-0.16498997936219656,0.19436432683713536,0.00040546361417053973,0.018442635557428658
2018-06-25,2018,1907,0,0,51,8,0.8684199495908608,0.002171049873977152,0.16358035623927222,0.13954726550756516,0.0005547952156164047,0.01778519919667016
2018-06-26,2018,1908,0,0,51,9,-0.1414921049765513,-0.0003537302624413782,-0.025063222430050228,0.17101950121136153,0.0003149779490012326,0.022483427511161946
2018-06-27,2018,1909,0,0,50,4,0.8615906717963375,0.002153976679490844,0.12149256487140794,0.14656693568722687,0.00033258880942862567,0.007546654407613612
2018-06-28,2018,1909,0,0,50,13,-0.5848689225491732,-0.001462172306372933,-0.024843081823607345,0.17098585133700775,0.0008068733781845083,0.04034833169671605
2018-06-29,2018,1910,0,0,51,5,-0.908024248615613,-0.0022700606215390324,-0.07257727444307802,0.17894709855155091,0.0003831740916884603,0.0137860849445961
2018-07-02,2018,1910,0,0,52,17,0.34142273111533655,0.0008535568277883413,0.02676649038324335,0.1623720150050613,0.0003995080872456851,0.027156505934805186
2018-07-03,2018,1910,0,0,52,5,0.28270709043241204,0.0007067677260810301,0.040971836991191585,0.1600052252710537,0.0005457580883989945,0.015948612674398833
2018-07-04,2018,1910,0,0,52,4,1.7183214043046564,0.004295803510761641,0.11146044601542189,0.1482429957301627,0.0008008652513750092,0.017108901845241626
2018-07-05,2018,1910,0,0,51,25,0.1037974188744144,0.00025949354718603603,-0.020647460718461224,0.17028408950614093,0.001284816515101442,0.04787616036583011
2018-07-06,2018,1910,0,0,52,8,1.029668791002796,0.00257417197750699,0.06525010458193643,0.1559527910870477,0.00044135886192599936,0.02860256077028387
2018-07-09,2018,1910,0,0,51,1,-0.5520088995566592,-0.001380022248891648,-0.04771829302686549,0.17480117922585184,0.0004954345853619137,0.034028135356752434
2018-07-10,2018,1911,0,0,51,5,0.14105154895900596,0.0003526288723975149,0.06790591383092456,0.15550483717386646,0.0003548398886383028,0.012338776990282848
2018-07-11,2018,1911,0,0,53,8,0.1051172373690532,0.000262793093422633,0.02970699286521895,0.1618799395529161,0.0006045393745218541,0.041889300916482304
2018-07-12,2018,1911,0,0,54,8,2.0558990846290333,0.005139747711572583,0.15073313186395304,0.14169126130630552,0.0006530040781626844,0.00874663580415065
2018-07-13,2018,1911,0,0,55,2,0.27466591690253805,0.0006866647922563452,0.05197189956525709,0.15816640378995736,0.00040182519608335227,0.011903184867126347
2018-07-17,2018,1911,0,0,54,2,1.7451853977445082,0.004362963494361271,0.1571614745779634,0.1406177738937845,0.00027768771565847154,0.018645225449555693
2018-07-18,2018,1911,0,0,54,3,-1.0007417434657901,-0.0025018543586644753,-0.03813105711109131,0.17319689398828444,0.0003276951894896752,0.01295889429614933
2018-07-19,2018,1911,0,0,55,6,0.38132580278302136,0.0009533145069575534,0.06853366070693823,0.1553976978991566,0.00033027476061214475,0.042540831481952326
2018-07-20,2018,1911,0,0,54,3,0.2987184829563041,0.0007467962073907603,0.05173206926329917,0.1582049671928748,0.0003267352769032039,0.008839778425474032
2018-07-23,2018,1912,0,0,55,4,0.7907155686739116,0.001976788921684779,0.08480621783966907,0.1526847374603335,0.00031778082319109465,0.006130764840258823
2018-07-24,2018,1912,0,0,57,5,0.48977739659175445,0.0012244434914793862,0.042430068806691694,0.15976040425340698,0.00036995583445247006,0.011576136133497672
2018-07-25,2018,1913,0,0,58,6,0.6353516196941857,0.0015883790492354645,0.04897667064728819,0.15866670961301937,0.0003476156941724601,0.01953972815337798
2018-07-26,2018,1913,0,0,58,10,0.09119110349630877,0.00022797775874077193,0.06956881027244285,0.15522939322227566,0.0007499393827763418,0.02532165853191231
2018-07-27,2018,1913,0,0,57,5,1.185467545509922,0.0029636688637748048,0.1278777606499058,0.14550361173188603,0.0007901659763292636,0.011239622279550601
2018-07-30,2018,1913,0,0,57,2,-1.4710317061808846,-0.0036775792654522117,-0.04630852781133077,0.17456306562220844,0.000835058634882427,0.012465712183535791
2018-07-31,2018,1913,0,0,57,7,1.1243221169085351,0.0028108052922713378,0.09651799700360583,0.15072999152940833,0.0005444285949077071,0.01368838638449402
2018-08-01,2018,1913,0,0,58,4,-0.5224703972867866,-0.0013061759932169665,-0.031182692570684407,0.17204089629519503,0.0007179699379065952,0.019336830693622842
2018-08-02,2018,1913,0,0,56,2,-1.0507516368772483,-0.0026268790921931207,-0.02837726054040977,0.17157110541805895,0.0008124559252031302,0.015226573955008866
2018-08-03,2018,1913,0,0,56,0,0.635605693789909,0.0015890142344747726,-0.0017437112672196303,0.16712849160041887,0.0005910317108843446,0.012098866829882043
2018-08-06,2018,1913,0,0,57,0,0.2611441905307246,0.0006528604763268114,0.02509822960578733,0.16265039587955057,0.0007243219219214403,0.01760646485039233
2018-08-07,2018,1913,0,0,58,1,0.16542728143877497,0.00041356820359693744,0.0390841894374095,0.1603163940817007,0.0006258744940915599,0.012702569916595921
2018-08-08,2018,1913,0,0,57,2,0.45505426098208446,0.001137635652455211,0.0659637654336538,0.15583262325533256,0.000983410174322418,0.01058817497476178
2018-08-09,2018,1913,0,0,58,1,1.559335304582897,0.0038983382614572425,0.08277973823164209,0.15302961810427773,0.0014505413296428994,0.006913537524222107
2018-08-10,2018,1913,0,0,58,6,0.46667953306770027,0.0011666988326692507,0.0219529221755979,0.16317742162234675,0.0008075446163342613,0.01548548315618252
2018-08-13,2018,1913,0,0,58,13,-0.7316582750007278,-0.0018291456875018195,0.001802417844486059,0.16653860836422638,0.0005026671670203992,0.013707838765691621
2018-08-14,2018,1913,0,0,60,15,-0.17845720752479766,-0.00044614301881199415,0.025261000401077153,0.16262323970935022,0.0004978635656393877,0.012849555251775412
2018-08-15,2018,1913,0,0,61,4,-1.3423824182866397,-0.003355956045716599,-0.08848506158266348,0.1815970432719364,0.00038604433353005415,0.02489389635063419
2018-08-16,2018,1913,0,0,62,6,0.559482083513817,0.0013987052087845425,0.06291256331575948,0.15634124553262377,0.0002980083719262602,0.020083240372310237
2018-08-17,2018,1913,0,0,63,3,-0.5682643050152022,-0.0014206607625380054,-0.043630717007675394,0.17411665137236804,0.00035838805614901,0.02032824066602942
2018-08-20,2018,1913,0,0,64,8,-0.44640738360731635,-0.001116018459018291,-0.030602361602535467,0.17194380135082143,0.0005851167206270491,0.02029489696512695
2018-08-21,2018,1913,0,0,64,1,-0.5971160308499559,-0.0014927900771248897,-0.07493856807285905,0.1793310183377565,0.000439249643673741,0.008599428773509818
2018-08-22,2018,1913,0,0,65,3,0.49090008223176795,0.0012272502055794198,0.0562232477970799,0.1574535045813871,0.00030873389239103395,0.02244342960859351
2018-08-23,2018,1913,0,0,64,1,0.03447154346836401,8.617885867091002e-05,0.015563962425635113,0.16424282324744313,0.00047564628329517836,0.04932209101689734
2018-08-24,2018,1913,0,0,64,6,1.583703449748386,0.003959258624370965,0.13159089156314346,0.14487284274123638,0.00025745066927294647,0.01672446257758759
2018-08-27,2018,1913,0,0,64,4,-0.43979906664763024,-0.0010994976666190755,-0.011402864114291544,0.16873950439009466,0.00037040702203548005,0.0159605983143246
2018-08-28,2018,1913,0,0,64,6,-0.30474200798445283,-0.0007618550199611321,-0.0295949229052483,0.17176940279998515,0.00036594811371240717,0.030595281945552156
2018-08-29,2018,1913,0,0,63,11,-0.8008681486177796,-0.002002170371544449,-0.0642696744068745,0.17755075131947917,0.0002902369832626262,0.02661638284378671
2018-08-30,2018,1913,0,0,63,7,-0.4268720284994101,-0.0010671800712485251,-0.06689277480521867,0.17799709650457896,0.0006657534958180277,0.044879786437387825
2018-08-31,2018,1913,0,0,65,14,-0.5135927193767555,-0.0012839817984418888,-0.07714352542861563,0.1797026538479183,0.0003389158871644469,0.00817187006962794
2018-09-03,2018,1913,0,0,64,11,0.2545420604082562,0.0006363551510206406,0.02070246004171962,0.16337530926304286,0.0003828908866424036,0.029966591693116336
2018-09-04,2018,1913,0,0,64,11,0.6481043941564779,0.0016202609853911947,0.0442254016492965,0.1594589651223277,0.00044992458417390964,0.02219469167500246
2018-09-05,2018,1913,0,0,65,6,0.07555362377560537,0.00018888405943901342,0.02946698977686816,0.16191962178800512,0.0003406992115472497,0.009417686837800726
2018-09-06,2018,1913,0,0,63,8,-1.0804347653853663,-0.0027010869134634157,-0.0034278799600263054,0.16740233315381725,0.0004784535803178833,0.40363730964706623
2018-09-07,2018,1913,0,0,63,5,0.0970176283771802,0.0002425440709429505,0.06149110129507103,0.15657091374981966,0.00036441710946925134,0.013486995388012502
2018-09-10,2018,1913,0,0,64,6,0.2041779496949785,0.0005104448742374462,0.07686118160889997,0.15401312417561006,0.00041734023894953533,0.008861808227478646
2018-09-11,2018,1913,0,0,61,6,-0.17999693086471957,-0.0004499923271617989,-0.027604886441872166,0.17144103713624656,0.0003976330924421284,0.008907149900962523
2018-09-12,2018,1913,0,0,62,0,-1.7746738766322454,-0.004436684691580614,-0.21035412256932765,0.2019321581995083,0.0006648707292466173,0.01633157182246654
2018-09-13,2018,1913,0,0,63,10,0.262503124025558,0.0006562578100638949,0.036253119826120006,0.16079097008722407,0.0007151507922587178,0.012328385971039645
2018-09-14,2018,1913,0,0,61,8,1.2244626288088267,0.0030611565720220666,0.17083123838927589,0.1383379521448645,0.0005353912891535546,0.021911424361957376
2018-09-18,2018,1913,0,0,59,4,0.264968813406542,0.000662422033516355,-0.02267770548020625,0.17061856351507668,0.00033735844376592776,0.032023507031807084
2018-09-19,2018,1913,0,0,58,8,0.13739064016367797,0.0003434766004091949,0.03525410794326522,0.16095745786544063,0.00046288767664794844,0.023448961221273133
2018-09-20,2018,1913,0,0,57,6,-0.14272590686207032,-0.0003568147671551758,-0.03431367956470875,0.17256501545624853,0.00058723424881137,0.01756056164155367
2018-09-21,2018,1914,0,0,58,11,-2.287282583204068,-0.00571820645801017,-0.18370931924153877,0.19748824805009063,0.0005437577676659384,0.039441061610125776
2018-09-25,2018,1915,0,0,59,21,-0.690132998211717,-0.0017253324955292925,-0.04451137601280354,0.17426627361955785,0.0009675561178237031,0.028340502244350682
2018-09-26,2018,1915,0,0,58,12,0.6108329082569102,0.0015270822706422754,0.04753752645117833,0.15890573534721383,0.00033637267336632666,0.02908083668157606
2018-09-27,2018,1916,0,0,59,15,0.7817684694740907,0.001954421173685227,0.10195830781949329,0.149827266030325,0.0003718547694329617,0.06348035086244429
2018-09-28,2018,1917,0,0,60,17,-1.0246464104903987,-0.0025616160262259967,-0.09893420092521288,0.18334241661261785,0.0003936636966330476,0.01390867479937373
2018-10-01,2018,1920,0,0,63,19,0.6693156458377305,0.0016732891145943263,0.05294900054999132,0.1580041527429326,0.0005265160076781053,0.016244269179464938
2018-10-02,2018,1920,0,0,63,17,-0.6682614425196575,-0.0016706536062991437,-0.04011598576407266,0.17352894274584543,0.0003163176583702818,0.02159579831501286
2018-10-03,2018,1920,0,0,63,3,-0.8592166371854746,-0.0021480415929636867,-0.06434260735650678,0.17757042648954086,0.00043351499882015644,0.016338581239960473
2018-10-04,2018,1920,0,0,62,11,-0.6552856911720362,-0.0016382142279300904,-0.03567605502723476,0.17279130348813865,0.0008258799379824797,0.02648620191873202
2018-10-05,2018,1920,0,0,65,9,0.5519940532192215,0.0013799851330480537,0.09261910987346272,0.15138393059997285,0.0005290984187118256,0.03793097794676021
2018-10-09,2018,1920,0,0,65,5,-0.7013414373033866,-0.0017533535932584665,0.029211562044820172,0.1619666892200383,0.0013643641973533382,0.023950903981323133
2018-10-10,2018,1920,0,0,64,2,2.665238280362954,0.006663095700907385,0.18689191122920648,0.1356583167427505,0.0006555076602722728,0.016883750557863474
2018-10-11,2018,1920,0,0,63,31,1.4504961575498678,0.0036262403938746696,0.05365239953650492,0.15788845667910636,0.0005206753268779568,0.1039784618162995
2018-10-12,2018,1920,0,0,63,5,-0.40518944560412884,-0.001012973614010322,-0.09449941679899995,0.1826029742362041,0.0004883379997751349,0.024857149280124214
2018-10-15,2018,1920,0,0,63,11,0.5603428040563352,0.001400857010140838,0.0925603761975495,0.1513971338775289,0.0008916735625290331,0.0346558468937575
2018-10-16,2018,1920,0,0,64,13,-1.2111593642472238,-0.0030278984106180597,-0.10427238313321725,0.1842321442536865,0.00037666838802541495,0.023297776447700244
2018-10-17,2018,1920,0,0,63,6,-1.3944370694519153,-0.0034860926736297883,-0.12756127259443262,0.18811817451620852,0.0005222910427846629,0.06708304104542229
2018-10-18,2018,1920,0,0,63,16,-0.5406867133821999,-0.0013517167834554997,-0.009027749972599003,0.16834091316081842,0.0003200948083327043,0.04102276458968307
2018-10-19,2018,1921,0,0,64,10,0.9404741243587544,0.002351185310896886,0.110534321520816,0.14839844074786532,0.0006480907183604133,0.013996023830534696
2018-10-22,2018,1921,0,0,63,13,0.16279867483296245,0.0004069966870824061,0.05519301720756045,0.15762262216718365,0.00039611884265697555,0.03244372527293367
2018-10-23,2018,1921,0,0,62,9,1.0426094604452718,0.0026065236511131793,0.11757899930285354,0.14722335826903124,0.000986507355449548,0.0404934124353454
2018-10-24,2018,1921,0,0,63,15,-0.16068161735849218,-0.00040170404339623047,-0.0027052684077591258,0.1672897649003024,0.0006919245702540924,0.10197360967013536
2018-10-25,2018,1921,0,0,62,36,0.20526552482191063,0.0005131638120547766,0.06543260801441579,0.15592165105262468,0.001513067366510129,0.07599717095031344
2018-10-26,2018,1921,0,0,62,26,-1.8771283198592368,-0.004692820799648092,-0.09464514086562018,0.1826303430491389,0.0024048795567197744,0.027321756715256672
2018-10-29,2018,1921,0,0,62,14,-1.6719772962810855,-0.004179943240702714,-0.15567167444703128,0.19281194362654722,0.0023822739197896002,0.035979246587601627
2018-10-30,2018,1921,0,0,63,31,1.8242638873648667,0.0045606597184121665,0.08787849341345351,0.15217628554463822,0.00181894065539287,0.13114823468889802
2018-10-31,2018,1921,0,0,62,9,3.7189270685134694,0.009297317671283674,0.2427814110853433,0.12633357046986612,0.0008769006033896498,0.07445000416372925
2018-11-01,2018,1921,0,0,62,12,1.2495541946547484,0.003123885486636871,0.047091190694526955,0.1589792055986872,0.0005917040969890535,0.026168754762779637
2018-11-02,2018,1921,0,0,61,6,-0.42877669597472723,-0.001071941739936818,0.017882079087786246,0.16385251060837544,0.0006396385486648834,0.041710801313357984
2018-11-05,2018,1921,0,0,61,6,0.5072390779168414,0.0012680976947921036,0.04676855543486434,0.15903417084765784,0.0006383724146757995,0.029615224625247117
2018-11-06,2018,1921,0,0,60,7,0.23048615435628106,0.0005762153858907027,0.030239345885619297,0.16179370402434803,0.0009401469216623841,0.018303616380796056
2018-11-07,2018,1921,0,0,60,12,0.00963043631040672,2.40760907760168e-05,-0.009971500120288506,0.16849554408409523,0.0007547409117780251,0.02565737005385995
2018-11-08,2018,1921,0,0,60,5,0.10595272883170748,0.0002648818220792687,-0.029994150088090928,0.1718395951612116,0.0011287858925830912,0.028118761787680545
2018-11-09,2018,1921,0,0,62,5,-0.64681090675451,-0.001617027266886275,-0.021557193288065865,0.17043627049939628,0.0009567657309561797,0.0145899755805977
2018-11-12,2018,1921,0,0,61,2,0.9461028003484807,0.002365257000871202,0.035541041261342096,0.1609074804749633,0.0007735291621684571,0.012417991610778988
2018-11-13,2018,1921,0,0,58,9,-0.7609605420738605,-0.0019024013551846514,-0.06438295037161848,0.1775774590463951,0.0007382209531370502,0.013133018142614188
2018-11-14,2018,1921,0,0,59,7,-1.233544096752545,-0.0030838602418813625,-0.16824647240578067,0.19490814775595663,0.0005329900559101475,0.014173019456957665
2018-11-15,2018,1921,0,0,58,8,0.26484774845346326,0.0006621193711336582,0.018552322610112037,0.16374224826332404,0.0005344618215384632,0.023417548938151164
2018-11-16,2018,1921,0,0,58,11,0.9544435571491514,0.0023861088928728786,0.11482640278246393,0.1476787184499537,0.0004522714787276057,0.05288181294669451
2018-11-19,2018,1921,0,0,58,4,-0.40653932839156126,-0.0010163483209789032,0.008058541968283152,0.1654917805424737,0.0003399019691166998,0.012654443000184876
2018-11-20,2018,1921,0,0,59,7,-0.21013840711070864,-0.0005253460177767716,0.001567641208257716,0.16657564764129285,0.00040665283593161394,0.01957410799655627
2018-11-21,2018,1921,0,0,59,17,0.7289397151444437,0.001822349287861109,0.029947496139279856,0.16183798217243894,0.000390990166075769,0.012040966721716527
2018-11-22,2018,1921,0,0,59,3,1.187931843658891,0.0029698296091472277,0.12650702232622182,0.1457305744044714,0.00033901601890710823,0.010368763107692944
2018-11-26,2018,1921,0,0,60,3,2.5798787450821994,0.006449696862705499,0.18253564897177646,0.13638267720522712,0.00046724371680588814,0.01785215746599819
2018-11-27,2018,1921,0,0,60,6,0.8925804931627191,0.0022314512329067978,0.09884005910114516,0.15034613355188364,0.00037762091998361463,0.009137190458812693
2018-11-28,2018,1922,0,0,61,6,0.28014995560183664,0.0007003748890045916,0.008360801333221668,0.16544287398654345,0.00037585304549415005,0.02866538761882938
2018-11-29,2018,1922,0,0,62,13,1.6723003711086126,0.004180750927771532,0.15410563644555186,0.1411266841560205,0.0004091984829501917,0.06158131947399281
2018-11-30,2018,1922,0,0,61,4,-0.7500060362688892,-0.001875015090672223,-0.07833791077274992,0.17990971393290736,0.0009165238392333134,0.011439772654981691
2018-12-03,2018,1922,0,0,62,10,-1.718333744715018,-0.004295834361787545,-0.16109271411795592,0.19371510963819097,0.0005327694488626451,0.013352138620727264
2018-12-04,2018,1922,0,0,61,10,0.30909118244299316,0.0007727279561074829,0.025479294966178553,0.16258836538891777,0.0007548859558425235,0.06251328372275111
2018-12-05,2018,1922,0,0,62,14,-0.5198017923564706,-0.0012995044808911766,-0.09022462471562212,0.1818895942962732,0.0004228246119659135,0.025588896318073977
2018-12-06,2018,1922,0,0,62,17,1.140051126397231,0.002850127815993078,0.10172526896878156,0.1498681560211944,0.0006887923514240601,0.015508257460666981
2018-12-07,2018,1922,0,0,62,10,-0.13808512603215206,-0.00034521281508038016,-0.0510000793379279,0.17534767921912447,0.0006349275501423179,0.009791628676783718
2018-12-10,2018,1922,0,0,60,18,-1.4538606072699047,-0.003634651518174762,-0.07774499484625956,0.17981067349339927,0.0015830260411048814,0.038757619925823085
2018-12-11,2018,1922,0,0,59,19,-2.0561688453869396,-0.005140422113467349,-0.21605757453745786,0.20288386290096086,0.0011157871853965965,0.02709518849771482
2018-12-12,2018,1923,0,0,58,3,-0.8260887541166633,-0.002065221885291658,-0.09736769088575337,0.18308359040738637,0.001127330565346594,0.06014649900396336
2018-12-13,2018,1924,0,0,59,1,-1.2580625863460475,-0.0031451564658651187,-0.13719072770256271,0.18972668823690164,0.0007033167343400789,0.029059221789841234
2018-12-14,2018,1923,0,0,60,10,-0.6702116093672137,-0.0016755290234180343,-0.05474361238656089,0.1759733888669585,0.0007770382374554751,0.04725454086574888
2018-12-17,2018,1923,0,0,59,7,0.41119414436286367,0.0010279853609071591,0.016594027038727664,0.16406929334310136,0.0004653284353131358,0.015121817847352021
2018-12-18,2018,1923,0,0,57,11,1.956126908245972,0.00489031727061493,0.16237300406773603,0.1397497425861252,0.0008132311042427481,0.055755544754588035
2018-12-19,2018,1925,0,0,59,17,0.6865098348575138,0.0017162745871437846,-0.010702261026786678,0.16862538182444628,0.0010200511585409706,0.036167711846167856
2018-12-20,2018,1925,0,0,59,33,4.767983511536445,0.011919958778841113,0.1973620288765802,0.1339120428933319,0.0016564318951730584,0.08872736147720177
2018-12-21,2018,1928,0,0,61,44,-2.5274972522223895,-0.006318743130555974,-0.17252516454971933,0.1956232740228914,0.0028808925353847,0.039675767003132856
2018-12-25,2018,1929,0,0,61,39,-2.6934305620049503,-0.006733576405012376,-0.18022210983471823,0.19690772349260385,0.014307120869111602,0.14774649149770383
2018-12-26,2018,1929,0,0,58,1,-0.12139733958769766,-0.00030349334896924413,-0.04771371344147052,0.1747959104768542,0.001012875607970484,0.1258727762670338
2018-12-27,2018,1929,0,0,58,2,-0.2679527190904114,-0.0006698817977260286,-0.011271656992947968,0.16871826234538884,0.00101294586729588,0.09926280603149969
2018-12-28,2019,1930,0,0,58,9,0.1612752696961639,0.00040318817424040977,-0.10140449325754186,0.18375767987529001,0.002104797904779848,0.04616630989249753
2019-01-04,2019,1930,0,0,57,42,-2.197089216796532,-0.005492723041991329,-0.15556291136348718,0.19279101479030228,0.0009037192424671812,0.09078772688082433
2019-01-07,2019,1930,0,0,57,10,1.1204320200963753,0.002801080050240938,0.030259918687966778,0.16178860468002107,0.0007634853244831571,0.08095393985042959
2019-01-08,2019,1930,0,0,56,15,-0.9606419954477546,-0.0024016049886193868,-0.077521151892414,0.17976876332727956,0.0008150243632273197,0.03874144180520009
2019-01-09,2019,1930,0,0,57,15,-0.34733899296199766,-0.0008683474824049942,0.04845614966820695,0.15874804216753577,0.0004796935684324564,0.03286045636187029
2019-01-10,2019,1930,0,0,55,13,-0.30176944507698855,-0.0007544236126924714,0.028765340552181128,0.16203745176535383,0.0008265557090408625,0.030956324032878516
2019-01-11,2019,1930,0,0,56,8,-0.13295624362390707,-0.0003323906090597677,0.004414483779639396,0.16609932013941284,0.00044037213185055534,0.023605462396695857
2019-01-15,2019,1930,0,0,56,11,0.41307561008202875,0.0010326890252050718,0.06727676695597837,0.1556095033537421,0.0004390947623188026,0.020587688818172564
2019-01-16,2019,1930,0,0,57,6,1.3993643764291162,0.0034984109410727904,0.06367560009880016,0.15621229172911003,0.0005469941499601533,0.03867445129585536
2019-01-17,2019,1929,0,0,59,15,0.8100369368868656,0.002025092342217164,0.03083072135209376,0.1616925307663234,0.0004628814050863783,0.03786168240730764
2019-01-18,2019,1929,0,0,58,5,-0.8287727521502228,-0.002071931880375557,-0.04473869531469446,0.17429797512722642,0.00046276486045333825,0.03451740153853817
2019-01-21,2019,1929,0,0,59,1,-0.9594139108853913,-0.0023985347772134784,-0.07704595441870729,0.17969088040248202,0.00046401787669978964,0.04282889947620361
2019-01-22,2019,1929,0,0,61,7,-0.3562257072605459,-0.0008905642681513648,-0.05056977740286325,0.1752698609929632,0.0004996730472227251,0.01488683704413181
2019-01-23,2019,1929,0,0,61,9,-1.5919610833632292,-0.003979902708408073,-0.1288787715180426,0.18833631218767977,0.0005656360383983524,0.017960252289442848
2019-01-24,2019,1929,0,0,60,11,0.5636368862571836,0.0014090922156429588,0.010611522884505637,0.16506638930569592,0.00045936011461087143,0.08765293816735073
2019-01-25,2019,1929,0,0,60,3,1.462310950652224,0.0036557773766305603,0.09041870739927799,0.1517480936633078,0.0003651112095844403,0.022983844812967513
2019-01-28,2019,1929,0,0,60,4,0.2738905614396576,0.0006847264035991441,-0.0387639513928884,0.17330455713387666,0.0007572083100321616,0.011338976063385105
2019-01-29,2019,1929,0,0,61,4,0.14068317204023884,0.0003517079301005971,-0.020531505806397964,0.17026095411286726,0.0008035182297527847,0.02132518617448717
2019-01-30,2019,1929,0,0,62,5,0.14630853769522933,0.00036577134423807335,0.029389471504212034,0.16193379086826412,0.0009124650682684556,0.2284219191860635
2019-01-31,2019,1929,0,0,62,12,1.2230510522279805,0.003057627630569951,0.073048720984141,0.15465149714462695,0.0009636609957958492,0.02198827091156056
2019-02-01,2019,1929,0,0,62,15,0.4893808302595556,0.001223452075648889,-0.005661529646081856,0.16777918949246517,0.0005356112012924342,0.018382433328541142
2019-02-04,2019,1929,0,0,62,24,-1.053920044136103,-0.0026348001103402574,-0.08688256424673398,0.18132803760727287,0.0005169409872920727,0.01701167317636769
2019-02-05,2019,1929,0,0,64,10,-0.10618437211311704,-0.0002654609302827926,-0.03743283094144409,0.17308069413196558,0.0007244951174226846,0.07408318269775618
2019-02-06,2019,1929,0,0,64,5,0.07167377290967636,0.0001791844322741909,0.004047677847920195,0.16616338213936652,0.0011717731580018662,0.014151489270950916
2019-02-07,2019,1929,0,0,66,5,0.5812315613107382,0.0014530789032768455,0.020149792773476102,0.16347698518454176,0.0012722466104449234,0.026498529435195338
2019-02-08,2019,1929,0,0,65,1,0.8557987511713989,0.002139496877928497,0.041226838726647286,0.15995793571577505,0.0007860072355371416,0.03225883544488402
2019-02-12,2019,1929,0,0,64,1,1.14424900409691,0.002860622510242275,0.0872753089316862,0.15227462178731033,0.0006758980567842917,0.021179951254496968
2019-02-13,2019,1929,0,0,64,1,0.34260270251856406,0.0008565067562964102,0.029010309098918087,0.1619941299856891,0.0008154748555636413,0.01725046816170678
2019-02-14,2019,1929,0,0,65,3,0.06534092126595326,0.00016335230316488313,-0.008176355038913431,0.1682034054587688,0.0008770397591671783,0.017772680339984862
2019-02-15,2019,1929,0,0,64,0,0.8198845215944339,0.0020497113039860846,0.03522275601854185,0.1609536924751475,0.0003480441332755538,0.022588195514450685
2019-02-18,2019,1929,0,0,63,2,0.33777655144507357,0.0008444413786126839,0.027313682901705043,0.16227718559366722,0.00031555535177053156,0.03363577762393219
2019-02-19,2019,1929,0,0,63,1,1.0830072749510886,0.0027075181873777217,0.09448761026891987,0.15106597247037035,0.0002819854330391212,0.014434865424959755
2019-02-20,2019,1929,0,0,64,8,-0.1751037512456305,-0.0004377593781140762,-0.06877462172567936,0.17830254482165728,0.0003263592441446399,0.012770854208833563
2019-02-21,2019,1929,0,0,64,2,-0.3937172634587469,-0.0009842931586468674,-0.007959682825970121,0.16816401768236755,0.00033358233524951046,0.007892734510667748
2019-02-22,2019,1929,0,0,64,4,-0.19392275289668448,-0.0004848068822417112,0.0038773724222781656,0.16618476518284842,0.0003127322981203983,0.014609136833710224
2019-02-25,2019,1929,0,0,63,5,-1.6316730302873887,-0.004079182575718472,-0.09416216672348755,0.18254301518995086,0.0003866369745688884,0.009501969979307908
2019-02-26,2019,1929,0,0,62,14,0.5880917343604463,0.0014702293359011157,0.0671319683272627,0.15563238914227856,0.0004406406187704108,0.02718450201030498
2019-02-27,2019,1929,0,0,62,13,-0.07813557930219495,-0.00019533894825548738,-0.025613280078642758,0.1711072045917997,0.00028877248724701787,0.03745468585460108
2019-02-28,2019,1930,0,0,60,2,1.0205297092658432,0.002551324273164608,0.022537615458211115,0.16307659582971484,0.0004297134105366415,0.018355828877463874
2019-03-01,2019,1931,0,0,61,12,0.02947639361528087,7.369098403820218e-05,-0.012827300250459884,0.16897300153088196,0.00034346247415040205,0.011985091425233078
2019-03-04,2019,1931,0,0,61,17,-0.43624536103564915,-0.0010906134025891229,-0.007003873084309107,0.16799967123985787,0.00026741954975179576,0.02224315280276112
2019-03-05,2019,1932,0,0,63,10,0.33949752324451654,0.0008487438081112913,-0.0023257582372830463,0.16722441296356033,0.000420747640576811,0.018006804848203755
2019-03-06,2019,1932,0,0,64,9,1.232514655831805,0.0030812866395795125,0.09718345234229925,0.1506250592441004,0.0009205275906815944,0.010305104146745792
2019-03-07,2019,1932,0,0,63,5,-0.8882491424185484,-0.0022206228560463707,-0.06555838565487423,0.17777277137361028,0.0004373033276257049,0.02362655758149111
2019-03-08,2019,1932,0,0,63,1,0.628216027233639,0.0015705400680840974,0.129083837702994,0.14530169095522855,0.0007246045042760713,0.020203076792225966
2019-03-11,2019,1932,0,0,63,10,-0.8707677519582315,-0.002176919379895579,-0.07489559352829825,0.1793293520970259,0.0003445823838897634,0.024160311567942207
2019-03-12,2019,1932,0,0,63,15,-0.3919256228336023,-0.0009798140570840058,-0.06109587519331305,0.17702467063139704,0.00036402249412487706,0.039160709688486846
2019-03-13,2019,1933,0,0,66,7,-0.4791220293196481,-0.0011978050732991202,-0.030860027515711493,0.17198443361063673,0.000540311807308014,0.022508647374309125
2019-03-14,2019,1933,0,0,65,17,-0.7617661836434655,-0.0019044154591086636,-0.054617512732318726,0.17594877117351432,0.0007141219644187092,0.035617414185357334
2019-03-15,2019,1934,0,0,65,10,0.38509514761097385,0.0009627378690274346,0.02031244693992093,0.16344614990434272,0.0003032744441448635,0.03438352582594363
2019-03-18,2019,1934,0,0,65,5,-0.43774806657533205,-0.00109437016643833,-0.051382269583729226,0.17540523562466834,0.00028935416524880414,0.013310785383295613
2019-03-19,2019,1935,0,0,66,10,0.06484883458079449,0.00016212208645198623,-0.036065180885472996,0.17285043509641967,0.0004043880150649483,0.013681631769084915
2019-03-20,2019,1936,0,0,67,6,0.3469655514976564,0.000867413878744141,-0.02788218853232497,0.17149059613788706,0.001030339380072582,0.01932264194558196
2019-03-22,2019,1936,0,0,66,8,0.23487951678645658,0.0005871987919661415,0.04534333463565365,0.15927365077481026,0.0009930388453286197,0.009064839372130805
2019-03-25,2019,1936,0,0,65,13,-0.9748448820141266,-0.0024371122050353164,0.007107082050713725,0.16565129176342036,0.0005013429184110606,0.01866686881814679
2019-03-26,2019,1936,0,0,63,13,-1.1998649546535023,-0.0029996623866337556,-0.1328087475499894,0.18899582298889053,0.0013821500405588642,0.04985355332732808
2019-03-27,2019,1936,0,0,61,7,0.3531273510463139,0.0008828183776157847,0.06146077453175512,0.15658133346289924,0.00034932628728159175,0.019027604198669598
2019-03-28,2019,1937,0,0,63,11,-0.9389283392635581,-0.0023473208481588955,-0.10596229489007619,0.1845167092728412,0.0006473006358945862,0.061305972518991766
2019-03-29,2019,1937,0,0,64,3,-0.4073144979258101,-0.0010182862448145252,-0.09293868710106619,0.18234177459536918,0.0005431807392508833,0.021841504237620348
2019-04-01,2019,1937,0,0,63,5,-0.557740650497466,-0.001394351626243665,-0.07104402349647461,0.17868752457995557,0.0004258545251153368,0.06300803878411124
2019-04-02,2019,1937,0,0,63,7,0.268070963723808,0.00067017740930952,-0.028697782578496613,0.17160970584511068,0.0003359498131529386,0.06257532344407608
2019-04-03,2019,1937,0,0,63,8,1.0683087356836867,0.0026707718392092166,0.07310162556278503,0.1546358804404869,0.0003378399165492337,0.02601551472020934
2019-04-04,2019,1937,0,0,65,7,0.7194980124607966,0.0017987450311519914,0.03319497559569374,0.16129535921899527,0.00030572408605316503,0.012707387308201205
2019-04-05,2019,1937,0,0,64,8,0.768402859866552,0.00192100714966638,0.05426357252325557,0.15777031602112698,0.00033979987187199745,0.03460074720234695
2019-04-08,2019,1937,0,0,63,9,0.8939618961588718,0.0022349047403971796,0.08560748509722982,0.15255039685920302,0.00024770993553017534,0.017221795110473045
2019-04-09,2019,1937,0,0,64,13,1.0909394099098835,0.0027273485247747086,0.13163558716388307,0.14486537159786486,0.00033129879813835917,0.024878717683347183
2019-04-10,2019,1938,0,0,63,9,0.10468350335634641,0.00026170875839086604,-0.020547006711692607,0.17025767890985608,0.00027869325566838295,0.014244278404699596
2019-04-11,2019,1938,0,0,66,8,-2.0505459105491015,-0.005126364776372754,-0.1877607208890392,0.19816290943162243,0.0008588242673091694,0.015323752313955896
2019-04-12,2019,1938,0,0,65,9,0.7883086810589511,0.001970771702647378,0.05507499832457688,0.15764321751333193,0.00033075124419954167,0.03180299623960347
2019-04-15,2019,1938,0,0,64,22,0.042943366262607974,0.00010735841565651993,0.013514443456259696,0.16457492334769167,0.00039780934785739724,0.026262856327058947
2019-04-16,2019,1938,0,0,65,11,-0.35599773888898767,-0.0008899943472224692,-0.04730687526143244,0.17473012163533386,0.0006588465860950684,0.011569803783283927
2019-04-17,2019,1938,0,0,65,9,2.7004636623528007,0.006751159155882001,0.23299035709842603,0.12796153206393443,0.00031512814065057904,0.014231870596308763
2019-04-18,2019,1938,0,0,65,14,0.7965511013091324,0.001991377753272831,0.14191547783562974,0.14315161638771112,0.00025959492072836777,0.01836546216201649
2019-04-19,2019,1938,0,0,65,16,-0.11300670298412427,-0.0002825167574603107,0.033826460181028466,0.16118044726320171,0.00021949285650157757,0.025759021399659934
2019-04-22,2019,1938,0,0,64,12,0.07520603362145045,0.00018801508405362613,0.04720633236013686,0.1589601741141347,0.00035048011211045847,0.02245209095010965
2019-04-23,2019,1938,0,0,63,5,-0.14425360813064136,-0.0003606340203266034,0.020350350566398636,0.16343839543601113,0.00037097401948569115,0.022204797588857416
2019-04-24,2019,1938,0,0,64,18,-0.0853505174588958,-0.00021337629364723948,-0.013678918831085804,0.16911519519863877,0.00042272547050163433,0.023311547813210747
2019-04-25,2019,1938,0,0,64,14,-1.4215679299199813,-0.003553919824799953,-0.10570950868626691,0.18447308394916415,0.0009408946552398479,0.007425589463501834
2019-04-26,2019,1938,0,0,64,8,0.2932981698094017,0.0007332454245235042,-0.037880266314004915,0.17315677182867975,0.0007206159303835876,0.009054926261887641
2019-05-07,2019,1938,0,0,63,10,0.04361981874117493,0.00010904954685293733,-0.006273386844721336,0.167884195666227,0.0009432173985415551,0.0058295752592363755
2019-05-08,2019,1938,0,0,63,8,-0.27890379100497625,-0.0006972594775124406,0.003676423343620249,0.16622075350118445,0.0008201675531198632,0.03424189991754839
2019-05-09,2019,1938,0,0,63,12,1.1237405533864124,0.002809351383466031,0.01249151627502186,0.16475290000472073,0.0013809171404709642,0.03383914815496034
2019-05-10,2019,1938,0,0,64,20,0.6343917118367751,0.0015859792795919379,0.0044306225831149005,0.1660974386831215,0.0009955803443962602,0.015619453919745806
2019-05-13,2019,1938,0,0,62,7,0.6873677057942797,0.0017184192644856993,0.04103564510276377,0.15999068510834538,0.0012625216257494097,0.024335725241867272
2019-05-14,2019,1938,0,0,61,16,0.20680701078469543,0.0005170175269617386,0.052515554506856243,0.15807323527539066,0.0010178961403461738,0.028892224481809385
2019-05-15,2019,1938,0,0,61,11,-0.6218929685279873,-0.0015547324213199681,-0.012163807525477272,0.16886563686291717,0.0006437948194199453,0.029716254865761217
2019-05-16,2019,1938,0,0,61,11,0.800441428739297,0.0020011035718482425,-1.9517753417191468e-05,0.16683697607328357,0.00044678367097190854,0.01965372037760408
2019-05-17,2019,1938,0,0,60,5,-0.5747113072018996,-0.001436778268004749,-0.05786646450071399,0.17648895987550794,0.0003731929799651753,0.022621142726570124
2019-05-20,2019,1938,0,0,61,8,-0.4725219487948441,-0.0011813048719871103,-0.04490060454986509,0.17432118224500934,0.000322304859320888,0.024398550623625174
2019-05-21,2019,1938,0,0,61,9,2.4882492531239926,0.0062206231328099815,0.15991729629914803,0.14015303927541273,0.0003852241297762371,0.014010118479902462
2019-05-22,2019,1938,0,0,60,7,-0.47833636793400636,-0.001195840919835016,0.010105667357377683,0.16514670341399587,0.00030726953432653824,0.008460128118895328
2019-05-23,2019,1938,0,0,61,2,0.39433815172272385,0.0009858453793068097,0.05181212181788929,0.15818629225280964,0.00038045320167676513,0.031181259112083526
2019-05-24,2019,1938,0,0,60,5,-0.1515229579250792,-0.000378807394812698,0.0028410481308162295,0.16636048886833116,0.00040235234053623064,0.019865267285969337
2019-05-27,2019,1938,0,0,60,11,-0.8021885734107268,-0.002005471433526817,-0.06457014509597887,0.1776064056841017,0.0003940515223262872,0.010075652516452182
2019-05-28,2019,1938,0,0,60,0,2.7874786452931946,0.006968696613232986,0.251244697887108,0.1249177788097212,0.00036807285980051897,0.015369614185781413
2019-05-29,2019,1938,0,0,60,7,0.44808192458801654,0.0011202048114700414,0.07778830821453259,0.15385686002380244,0.0003675226838199764,0.03959084063658861
2019-05-30,2019,1938,0,0,59,11,0.3954204334275335,0.0009885510835688338,0.10173087098261692,0.14986495837747482,0.0006574420782128396,0.018813991385120233
2019-05-31,2019,1938,0,0,59,2,-3.101305853401996,-0.007753264633504991,-0.24409812048214,0.20756199011153345,0.0007271221248209617,0.01562253648207404
2019-06-03,2019,1939,0,0,58,5,-1.3998450160280127,-0.0034996125400700317,-0.16947508540816558,0.19511329291380913,0.0016704835568434647,0.02827894517626952
2019-06-04,2019,1939,0,0,58,3,-1.094720622555896,-0.0027368015563897403,-0.036483289106903384,0.17291683790058932,0.0004609825222821806,0.029004474746171256
2019-06-05,2019,1939,0,0,57,5,-0.2992486370917262,-0.0007481215927293155,-0.019442856282983943,0.17007735955701453,0.0005607668417987254,0.03568356490177091
2019-06-06,2019,1939,0,0,59,7,0.12476221184354142,0.00031190552960885353,-0.03762362194978685,0.1731126219088929,0.0006894798125096703,0.030959282606457687
2019-06-07,2019,1939,0,0,59,13,0.7456055708155385,0.0018640139270388462,0.06384356127184657,0.1561770037178668,0.00028348601916781274,0.047411003678571886
2019-06-10,2019,1939,0,0,59,14,-0.0622104824922276,-0.00015552620623056901,-0.023260437557612753,0.17071270678791534,0.00036844605886923244,0.04923495411132714
2019-06-11,2019,1939,0,0,61,5,-1.622369931831833,-0.004055924829579583,-0.20818260874606645,0.2015674100969445,0.000562429345169037,0.01258224774208685
2019-06-12,2019,1940,0,0,62,7,-0.5335214117560763,-0.0013338035293901907,-0.006434729390202178,0.16790227486637616,0.00031351401560047673,0.0748947097769156
2019-06-13,2019,1940,0,0,62,15,-1.2711002240942804,-0.0031777505602357007,-0.13320675740053553,0.18905668585788923,0.00038746389413576527,0.01779231584600716
2019-06-14,2019,1940,0,0,59,14,0.8312573516121273,0.002078143379030318,0.0633636845933725,0.15626588341358527,0.00044960278998277295,0.011997076123928545
2019-06-17,2019,1940,0,0,57,10,-1.1301901033821777,-0.002825475258455444,-0.10535207286026409,0.18441404816677323,0.0008404762160624769,0.032580657705174904
2019-06-18,2019,1941,0,0,58,10,-0.6869847998950204,-0.001717461999737551,-0.03466488055041455,0.17261147913014108,0.0003886892208232895,0.0814548549218032
2019-06-19,2019,1942,0,0,58,15,-0.5953254202407653,-0.0014883135506019132,-0.07656036516696758,0.17960908635992126,0.00048639542801881574,0.05247125189740693
2019-06-20,2019,1942,0,0,57,10,-0.3451764126989293,-0.0008629410317473232,-0.00798390345293392,0.1681614751239303,0.00028010975595304936,0.020840111946653608
2019-06-21,2019,1942,0,0,57,14,0.1883525220543154,0.0004708813051357885,0.050946336369368975,0.15832810270100103,0.0002743187144433063,0.017135730997533242
2019-06-24,2019,1942,0,0,57,19,0.38995011727610773,0.0009748752931902693,0.0013019694248854526,0.1666180519570369,0.00043432077225460464,0.014097255827855015
2019-06-25,2019,1942,0,0,57,14,1.1088490370013169,0.0027721225925032922,0.06870560388497222,0.1553739898311111,0.0005333494519054961,0.007834509487898563
2019-06-26,2019,1942,0,0,57,29,-0.17371156983246097,-0.00043427892458115243,-0.007658241331010532,0.16810743353237007,0.0003738805534180537,0.015400284364442417
2019-06-27,2019,1943,0,0,57,2,0.16604696267968144,0.0004151174066992036,-0.008003014131318627,0.16817326114942874,0.0008353418546616738,0.034941385452508376
2019-06-28,2019,1943,0,0,57,11,-0.503127846237184,-0.00125781961559296,-0.035752759769186675,0.1727974281983919,0.00028744591685655427,0.04648468061218788
2019-07-01,2019,1943,0,0,58,26,-2.345672911706552,-0.00586418227926638,-0.20752404767725985,0.2014569506551591,0.000628469983886775,0.09087165453839753
2019-07-02,2019,1943,0,0,57,8,1.3072104366315778,0.0032680260915789443,0.09926001220675824,0.1502739488780971,0.000245320055696785,0.1754247203420365
2019-07-03,2019,1943,0,0,57,3,0.3423754180808536,0.000855938545202134,0.0670364665048731,0.15564105883359353,0.0002548577461070927,0.042951408860207464
2019-07-04,2019,1943,0,0,58,6,0.04553428588311492,0.00011383571470778731,-0.004275231216035453,0.1675463641383337,0.00047156897044039716,0.032219495966575896
2019-07-05,2019,1943,0,0,55,6,0.4248996735799023,0.0010622491839497557,-0.01814299209528933,0.16985996739730672,0.0003406060315236411,0.06155655585162658
2019-07-08,2019,1943,0,0,54,1,0.30911768382850646,0.0007727942095712662,0.03145345105702884,0.16158436893139771,0.00026661209564944827,0.018466825631213622
2019-07-09,2019,1943,0,0,53,3,-0.2283362805867617,-0.0005708407014669043,0.013318934554928254,0.16461201028933448,0.00032759685589973513,0.02126152407644199
2019-07-10,2019,1943,0,0,54,6,0.24368482866259245,0.0006092120716564811,0.05089467236374447,0.15834138885525317,0.00039106896285457006,0.20559341530546194
2019-07-11,2019,1943,0,0,55,4,0.06826918021390016,0.0001706729505347504,-0.025037989610557077,0.1710079260109505,0.0005636464121893809,0.010350203453053725
2019-07-12,2019,1943,0,0,52,1,-0.05014524168385398,-0.00012536310420963495,0.0278076515269353,0.16219189133209105,0.000287763474262099,0.010899976476875795
2019-07-16,2019,1943,0,0,51,4,-0.510310597918652,-0.0012757764947966298,-0.057190829337927365,0.17637966036719618,0.000971425819122038,0.012468213923995098
2019-07-17,2019,1943,0,0,54,4,0.6141335287166445,0.0015353338217916112,0.05868494707015293,0.15704711329575852,0.0005263389497163879,0.0090315526685769
2019-07-18,2019,1944,0,0,55,16,-0.9557347854305298,-0.0023893369635763244,-0.0853592134680848,0.181073549486541,0.00030989347553862144,0.02868394060882397
2019-07-19,2019,1944,0,0,54,10,-0.4239678701736609,-0.0010599196754341523,-0.012296359351242866,0.1688859446958758,0.00021640862652036,0.015423425805158101
2019-07-22,2019,1944,0,0,54,7,0.19375008779629266,0.00048437521949073163,-0.05114047213851287,0.17536110919016298,0.00024842254393081373,0.03289821109975484
2019-07-23,2019,1944,0,0,54,8,-0.013664692402463818,-3.416173100615955e-05,-0.03166100968534212,0.17211194508221067,0.0002528973427391959,0.010974312187732711
2019-07-24,2019,1944,0,0,54,9,-0.6291801993952993,-0.0015729504984882483,-0.037109290278146995,0.17301804037274812,0.00033745678734204185,0.013289364949286571
2019-07-25,2019,1944,0,0,54,10,-0.7889997724904643,-0.0019724994312261606,-0.06767842161595833,0.17812158275136125,0.00033835001546377345,0.03304532921164839
2019-07-26,2019,1944,0,0,54,9,-0.362566436710667,-0.0009064160917766676,0.021101644800504842,0.16331130006885972,0.0003536043348801964,0.03822329653353574
2019-07-29,2019,1945,0,0,54,7,-0.06308069463103805,-0.00015770173657759511,-0.02394378113039957,0.17082735591940745,0.0005166373559487889,0.026615098484015817
2019-07-30,2019,1945,0,0,55,15,-0.31924665961008053,-0.0007981166490252013,0.020620455308438368,0.16338892171150526,0.00047287468208093457,0.007032782054847924
2019-07-31,2019,1945,0,0,56,7,-1.4319626643805279,-0.0035799066609513196,-0.15523715385488743,0.19273721535828747,0.0012708087579056835,0.011980508548886857
2019-08-01,2019,1945,0,0,55,8,-0.4764210084772458,-0.0011910525211931144,-0.05505678961869387,0.17602287685478935,0.0010136755299409966,0.019864422868081162
2019-08-02,2019,1945,0,0,56,25,0.8093567400600961,0.00202339185015024,0.05191028921678371,0.15817114408729693,0.00039718503368272933,0.027956255282189632
2019-08-05,2019,1945,0,0,54,27,1.2235783976382837,0.0030589459940957094,0.05148594990218874,0.1582428048270094,0.0006141716350122606,0.020022905193717723
2019-08-06,2019,1945,0,0,54,25,-0.14860845564292519,-0.00037152113910731294,0.019472076087204013,0.1635839655448673,0.0006108413127284369,0.010064512786826605
2019-08-07,2019,1945,0,0,55,13,-0.5769893003301862,-0.0014424732508254655,-0.05302243994746337,0.17567086715072286,0.0005848931261361874,0.019386428436893637
2019-08-08,2019,1945,0,0,53,8,-2.726494089580008,-0.00681623522395002,-0.17042179904320542,0.19526969115090728,0.0010443491845730777,0.017146898844475088
2019-08-09,2019,1946,0,0,54,4,1.9856692355155419,0.004964173088788854,0.13514570757667024,0.14428826156830168,0.0006548671226288149,0.01858551732828209
2019-08-13,2019,1946,0,0,54,4,1.2115544689340425,0.0030288861723351064,0.07661165039601205,0.1540542615541882,0.0005198515108670294,0.02884786862487762
2019-08-14,2019,1946,0,0,54,2,-0.08793017452627469,-0.00021982543631568672,-0.0009791550810483148,0.1669934135986231,0.00033039333685494916,0.01785510001128751
2019-08-15,2019,1946,0,0,54,8,-1.0584183610141769,-0.0026460459025354423,-0.060840048559648974,0.17697334762709435,0.00040898017267916093,0.052242437828405416
2019-08-16,2019,1946,0,0,54,23,-0.5695703788617532,-0.001423925947154383,-0.002445277930143712,0.1672419454506888,0.00047301213465980016,0.05129086794993606
2019-08-19,2019,1946,0,0,54,2,-0.7761250496572247,-0.001940312624143062,-0.10781025100894902,0.18482058970179394,0.00034622573307226486,0.07447921739317473
2019-08-20,2019,1946,0,0,54,1,0.2734046643358562,0.0006835116608396405,0.04270542820820358,0.15969198867502818,0.000288067492158608,0.020332223497657925
2019-08-21,2019,1946,0,0,57,6,0.4156870623017735,0.0010392176557544337,0.038640740302992485,0.1603760059414543,0.00023954947468984432,0.02063387243787861
2019-08-22,2019,1946,0,0,57,15,-2.502184902101986,-0.006255462255254965,-0.19028363694498562,0.19858390594328332,0.0006041917431699092,0.007919257962623617
2019-08-23,2019,1946,0,0,57,11,-0.2852236039870848,-0.000713059009967712,0.01459603403018754,0.16439330530804042,0.0003127865668933215,0.0032424763541122116
2019-08-26,2019,1946,0,0,58,3,0.9015469514146472,0.002253867378536618,0.043667065742721854,0.15953945314199822,0.00033006845079061955,0.10158684965291885
2019-08-27,2019,1946,0,0,54,8,-0.02384878930270029,-5.962197325675073e-05,-0.004474509612602552,0.1675717709688611,0.00031748054041311603,0.03351684575442305
2019-08-28,2019,1946,0,0,54,12,2.631397507235721,0.006578493768089303,0.2524757260976129,0.12471485781201716,0.0006293369393498782,0.026832918720457746
2019-08-29,2019,1946,0,0,53,17,-0.20663426269872387,-0.0005165856567468097,-0.03527726948499598,0.17272010720415867,0.00029263992249956537,0.01275274558314073
2019-08-30,2019,1946,0,0,53,2,0.04112121157190596,0.0001028030289297649,0.061437333533878015,0.1565799503438485,0.00029217232894502616,0.03155596293302778
2019-09-02,2019,1947,0,0,53,5,-1.1664975549896703,-0.002916243887474176,-0.10290988926428259,0.18400131170045364,0.0002720418014979118,0.01394858827784372
2019-09-03,2019,1947,0,0,53,6,1.1937169700332437,0.0029842924250831093,0.1705722547103439,0.13837971910856886,0.0005845067202938231,0.03339734028140124
2019-09-04,2019,1947,0,0,54,6,-0.5627462349819424,-0.001406865587454856,-0.03978234181217436,0.17346687247170958,0.0002528620144872359,0.04020348054934346
2019-09-05,2019,1947,0,0,53,4,-0.1553443933568177,-0.00038836098339204426,0.022376144757412196,0.1631009728952595,0.00033734382586371865,0.027616571128252256
2019-09-06,2019,1947,0,0,52,11,4.978584625724072,0.01244646156431018,0.3236524149016178,0.11283879718529982,0.0004656954053988445,0.023493513376679473
2019-09-09,2019,1947,0,0,51,21,1.744860185984409,0.004362150464961022,0.1922136957549376,0.13476886965628154,0.0004622958783572308,0.030937514407715007
2019-09-10,2019,1947,0,0,51,7,1.4955880562024066,0.0037389701405060164,0.13838657150427042,0.14374464525251102,0.00034468779360991985,0.018663951901749326
2019-09-11,2019,1947,0,0,51,8,0.7495012042080939,0.0018737530105202346,0.11557312144777777,0.14755296360851886,0.00033822451158119264,0.05415270762795832
2019-09-12,2019,1947,0,0,50,7,-0.1598587617521643,-0.0003996469043804107,-0.0453331249699312,0.17439110983134268,0.0003871909545914339,0.01739065195956641
2019-09-13,2019,1946,0,0,50,8,-2.004668493912463,-0.005011671234781158,-0.14126469509993114,0.19040230567482058,0.0004968722693548466,0.017200870259218196
2019-09-17,2019,1945,0,0,50,11,0.17201742330739278,0.00043004355826848197,0.001972832017045688,0.16650757030532048,0.0002928549841968701,0.01544516437951227
2019-09-18,2019,1945,0,0,49,5,0.24651021371066328,0.0006162755342766582,-0.03475515350613407,0.1726262378014582,0.0003470573249031893,0.03064819108330427
2019-09-19,2019,1945,0,0,48,12,-0.14531427046307677,-0.00036328567615769193,-0.054148624224139956,0.1758653501997666,0.00036028147071692367,0.017241849494649037
2019-09-20,2019,1946,0,0,50,11,0.16115869643112402,0.00040289674107781004,0.010727286853175583,0.16504094951175885,0.00022894138917978242,0.013374641462249382
2019-09-24,2019,1947,0,0,50,5,-1.2964434911805243,-0.0032411087279513107,-0.08767331361966385,0.18146020649046188,0.00026462836667903304,0.014074426425077198
2019-09-25,2019,1947,0,0,50,4,0.5982788520692186,0.0014956971301730464,0.0013908018894725155,0.16660481725111437,0.000575082406470823,0.012660619087629457
2019-09-26,2019,1947,0,0,51,12,0.8550393059998871,0.0021375982649997176,0.02410562747122415,0.1628142815167171,0.00044236796966410166,0.011564833316881627
2019-09-27,2019,1948,0,0,51,6,1.4517216777148434,0.0036293041942871084,0.09897758033438409,0.1503239027717024,0.0006216254938034841,0.02819801442659872
2019-09-30,2019,1948,0,0,52,3,0.06543377334898476,0.0001635844333724619,-0.024507926151845737,0.17092163874456315,0.00031802205106087726,0.02688819043039868
2019-10-01,2019,1949,0,0,52,4,0.3946612990549081,0.0009866532476372702,0.023347391724369327,0.16294207744605313,0.0006631385233665584,0.03737837466248426
2019-10-02,2019,1949,0,0,52,8,-0.09814693370875449,-0.00024536733427188624,-0.031468242611638435,0.1720796751217842,0.00025926222103152393,0.023053631637454275
2019-10-03,2019,1949,0,0,52,2,-0.27152676080931065,-0.0006788169020232767,0.03701336037631723,0.16064888287471848,0.00028349236526772854,0.024818124546734648
2019-10-04,2019,1949,0,0,50,3,0.3423337567021689,0.0008558343917554224,0.07071015161184137,0.1550375042174032,0.00044179772896999175,0.015470747975825873
2019-10-07,2019,1949,0,0,49,5,-0.544403247668479,-0.0013610081191711976,-0.06787309883187531,0.17815189560961092,0.00023171311226360982,0.011383250871696766
2019-10-08,2019,1950,0,0,52,12,0.46950960555704435,0.0011737740138926108,0.06987281675448583,0.15517212224130641,0.0003433387992994475,0.020749425677221538
2019-10-09,2019,1951,0,0,56,8,-0.1412691252595638,-0.00035317281314890955,-0.046368529353995484,0.17456416301962174,0.0003233132179686098,0.014804508952382271
2019-10-10,2019,1951,0,0,58,14,0.004283531954516917,1.0708829886292293e-05,-0.03281193691688926,0.17231117682363198,0.0006067341822383923,0.05334988350043412
2019-10-11,2019,1951,0,0,58,9,-0.29544225891138454,-0.0007386056472784613,-0.025193952319202805,0.17103584520286805,0.0004330278337778741,0.12493280318644441
2019-10-15,2019,1951,0,0,57,10,-0.1679466701254509,-0.00041986667531362725,-0.012239437564652952,0.16887440908436846,0.0003159714060650159,0.018558209142051526
2019-10-16,2019,1951,0,0,56,7,-1.1957113803516224,-0.002989278450879056,-0.09376355467448544,0.18247435941244244,0.00030533076489349786,0.008153016256856483
2019-10-17,2019,1951,0,0,56,7,-0.30568522598724734,-0.0007642130649681184,-0.01864189716302141,0.16993886012702397,0.0003166755737955468,0.014204057989129295
2019-10-18,2019,1951,0,0,56,5,-0.7546454073020266,-0.0018866135182550663,-0.021342679856832972,0.17039425827581806,0.0003187421335160461,0.027804110321628963
2019-10-21,2019,1951,0,0,57,10,-0.5462503557966538,-0.0013656258894916345,-0.051020391736311524,0.1753402262734834,0.0003295776211166966,0.04962923003330449
2019-10-23,2019,1951,0,0,57,10,0.9066234931915265,0.002266558732978816,0.07588918019567054,0.15416475759999004,0.0002456473032379855,0.011683644582089139
2019-10-24,2019,1951,0,0,58,7,1.0094318108436726,0.0025235795271091816,-0.03728072142190064,0.17305210854630088,0.00034642755301611755,0.024587375312501696
2019-10-25,2019,1952,0,0,58,17,0.011570238461527271,2.8925596153818177e-05,-0.06661961638266867,0.17794769954233822,0.0003242959560176877,0.015344462300725262
2019-10-28,2019,1953,0,0,60,12,-0.38269208225847207,-0.0009567302056461801,0.047460318189278226,0.15891647594873648,0.0006014496470161427,0.03261357401649252
2019-10-29,2019,1953,0,0,59,14,-0.8104563560178015,-0.002026140890044504,-0.026440304777263418,0.17124400274974222,0.0005609538472877343,0.010215179847494142
2019-10-30,2019,1954,0,0,59,2,0.8628100369093432,0.002157025092273358,0.030448141206678558,0.161755338018866,0.000549830562829157,0.01846579153560653
2019-10-31,2019,1954,0,0,59,6,0.3160132362807482,0.0007900330907018705,0.06729375188156483,0.15560774457456264,0.000656808279515146,0.06842737533833118
2019-11-01,2019,1955,0,0,63,8,0.41975579264147733,0.0010493894816036933,0.045128037960999755,0.15930143546995243,0.0004440377729443968,0.01854769610714608
2019-11-05,2019,1955,0,0,63,18,-0.1355333779230476,-0.000338833444807619,-0.04515576119100447,0.17436494207923905,0.00043483183455805883,0.025071968564668867
2019-11-06,2019,1955,0,0,61,17,-0.02620164225121098,-6.550410562802744e-05,-0.006803845795984532,0.16796419458507247,0.0005695975772246074,0.014338545919802076
2019-11-07,2019,1955,0,0,62,15,1.2090980262897753,0.0030227450657244383,0.045737713517919484,0.15920431053422504,0.0006089855427959436,0.008569585300910619
2019-11-08,2019,1955,0,0,61,16,-0.3364497523924038,-0.0008411243809810096,-0.0324849839863319,0.17225083297130686,0.0003584264366577988,0.00855462483868589
2019-11-11,2019,1955,0,0,61,11,0.6986359342372184,0.001746589835593046,0.046359122614026624,0.1591004071050813,0.0004924213047232252,0.035122729903186246
2019-11-12,2019,1955,0,0,61,16,-0.507606075222639,-0.0012690151880565975,-0.011618950771035554,0.16877422706024195,0.0006616478871096964,0.015361882890456084
2019-11-13,2019,1955,0,0,61,8,0.6271992977722449,0.0015679982444306124,0.014152568529669604,0.1644734532762786,0.0005809847122197038,0.023723442298482493
2019-11-14,2019,1955,0,0,61,4,0.5389315541239463,0.0013473288853098658,0.03602871342695913,0.16082178171192632,0.00037957832504122445,0.023567053161680385
2019-11-15,2019,1955,0,0,61,16,-0.18211617728002966,-0.00045529044320007415,-0.07779710370411659,0.17980982755360023,0.00030987948683470096,0.008524125324683803
2019-11-18,2019,1955,0,0,61,14,0.20766243096334347,0.0005191560774083587,0.023842972580012327,0.16285577531751919,0.0003462859711717699,0.010842503681452502
2019-11-19,2019,1955,0,0,61,7,-0.3646563950531657,-0.0009116409876329143,-0.042081944896108746,0.1738493221569549,0.00024741349233852714,0.010611070339715877
2019-11-20,2019,1955,0,0,60,5,-0.33744086434119164,-0.0008436021608529791,-0.02672851997576828,0.17128367174320616,0.0002660545910851811,0.02437335174080089
2019-11-21,2019,1955,0,0,58,1,1.9428955800251062,0.004857238950062765,0.19790129148250743,0.13381837127267163,0.0003643234565782447,0.014914280048812541
2019-11-22,2019,1955,0,0,58,6,-0.39014804041817025,-0.0009753701010454256,-0.014268118828192664,0.16921190787259338,0.00029397078113207987,0.0057774533864166505
2019-11-25,2019,1955,0,0,58,10,0.37078381731600607,0.0009269595432900152,0.025970173889354888,0.1624996880868166,0.00030397712148175573,0.010126697541904851
2019-11-26,2019,1955,0,0,59,1,0.05589042164750352,0.0001397260541187588,0.024115424660844206,0.16280744374512268,0.0002553454626436159,0.015538299326801248
2019-11-27,2019,1955,0,0,58,6,-0.4322925484813498,-0.0010807313712033744,-0.016639084981097212,0.1696022588652934,0.0002288885596849943,0.006476826938477736
2019-11-28,2019,1955,0,0,58,7,-0.24925618820835804,-0.0006231404705208951,0.018930968477064172,0.16367510543804334,0.0003001735055389436,0.015233713727077233
2019-11-29,2019,1955,0,0,58,1,-0.6865476084965698,-0.0017163690212414246,-0.04839879379909571,0.17490845199027058,0.00031470038972379686,0.015593652814012137
2019-12-02,2019,1955,0,0,57,17,-0.40835417810633456,-0.0010208854452658364,-0.028162389661210787,0.1715253128590711,0.0002735591752434262,0.011824271505902574
2019-12-03,2019,1955,0,0,55,9,-1.2472350407907045,-0.0031180876019767613,-0.07358570937796058,0.17910882965192626,0.00032138706635005264,0.02884654127050667
2019-12-04,2019,1955,0,0,55,14,0.5518324168406147,0.0013795810421015366,0.022470977820210927,0.1630803005616736,0.00023254349982752335,0.021646604396603257
2019-12-05,2019,1955,0,0,55,6,0.18840291306927404,0.0004710072826731851,-0.020432901290273506,0.17023872011069566,0.0003319190936563557,0.010584017153624501
2019-12-06,2019,1955,0,0,54,3,0.4795108073930222,0.0011987770184825556,0.06730822364132331,0.1555931040870952,0.00023425075514375604,0.003968091721289939
2019-12-09,2019,1955,0,0,54,8,1.093889986104937,0.0027347249652623423,0.07050424339949188,0.15506768507371582,0.0002674700295063981,0.01777158003228018
2019-12-10,2019,1956,0,0,54,6,0.19268026786821157,0.00048170066967052894,0.020662541021669333,0.1633821889805655,0.0002876010549254012,0.009821120163840156
2019-12-11,2019,1957,0,0,55,7,-0.12730177521535513,-0.0003182544380383878,-0.04227053787401939,0.1738866054635672,0.0004825707877556955,0.006979583929970623
2019-12-12,2019,1958,0,0,55,1,0.350063697252129,0.0008751592431303224,0.038075864839480944,0.1604753645518463,0.0003467510812344009,0.029447867688770474
2019-12-13,2019,1958,0,0,54,6,0.7806458005264629,0.0019516145013161574,0.05951424258650384,0.15689827643311283,0.00044949172316475274,0.02188412843040332
2019-12-16,2019,1960,0,0,56,14,0.4000583632475332,0.001000145908118833,-0.013622119785020308,0.1691028308289218,0.0003633186002836312,0.004282070968029621
2019-12-17,2019,1962,0,0,58,10,0.6963166997165701,0.0017407917492914251,0.053647045948354434,0.15788099763231678,0.0002850837644999453,0.011042090358179052
2019-12-18,2019,1964,0,0,59,6,0.1914236074918365,0.00047855901872959127,0.017940022452686485,0.16383472176781064,0.00032162542258271873,0.03321347837658176
2019-12-19,2019,1965,0,0,56,13,0.7630897050958731,0.0019077242627396828,0.06698458925213921,0.15565623364917433,0.00029597662276122273,0.008330623715872818
2019-12-20,2019,1965,0,0,56,5,-0.15084173167413367,-0.00037710432918533417,-0.009910693239717258,0.16847506924203454,0.00019944008302874341,0.004572142053606282
2019-12-23,2019,1965,0,0,56,12,0.23542317086564646,0.0005885579271641162,0.016650326861757426,0.1640523201407722,0.00032815375362135225,0.009580347144220876
2019-12-24,2019,1965,0,0,56,8,0.11006766741125928,0.0002751691685281482,-0.01585591011520377,0.16947772649248322,0.00026031336371721317,0.007380546510364374
2019-12-25,2019,1966,0,0,57,12,-0.34172440552691286,-0.0008543110138172821,-0.0003661696254710605,0.1668925676638432,0.00034877467859549966,0.008245863130881343
2019-12-26,2019,1966,0,0,58,9,-0.01603171686838989,-4.0079292170974724e-05,-0.024665989588047135,0.1709480968104205,0.0003444782888029549,0.04482932705237014
2019-12-27,2019,1966,0,0,57,18,0.11525160850645566,0.00028812902126613916,0.008204290417813244,0.16546722797947166,0.0006164873792717777,0.011355399772589023
2019-12-30,2020,1966,0,0,57,11,0.7238917683866029,0.001809729420966507,0.11056712331709712,0.1483891899196255,0.000491789124095352,0.007544570961767795
2020-01-06,2020,1966,0,0,56,10,-1.179171400013454,-0.0029479285000336354,-0.10918195802804992,0.18505151061496353,0.0005784568992950221,0.027910766647192834
2020-01-07,2020,1966,0,0,56,6,0.18426535848704306,0.00046066339621760765,0.03422551692065963,0.16112592101846876,0.00048558830785385836,0.0239090719016966
2020-01-08,2020,1966,0,0,55,11,0.5372238053736191,0.0013430595134340478,0.02298910516501057,0.1629938176117514,0.00042938851681510927,0.08703800005081516
2020-01-09,2020,1966,0,0,51,8,0.6395802017445495,0.0015989505043613739,0.01698768622534169,0.16399903250729514,0.0005695224873277193,0.049086643034821596
2020-01-10,2020,1966,0,0,50,6,0.39972492508282015,0.0009993123127070504,0.004402822909267964,0.1660894501832514,0.0004221029954034419,0.01396909187657985
2020-01-14,2020,1966,0,0,48,3,0.603197593670852,0.00150799398417713,0.05585390482484378,0.15751272707579986,0.0003083375184822643,0.00918414364822247
2020-01-15,2020,1966,0,0,48,5,-0.46237635675089994,-0.0011559408918772498,-0.1430108811954051,0.19067989830577264,0.00023875702366748467,0.007375303898678173
2020-01-16,2020,1966,0,0,48,5,-0.09438744491953943,-0.0002359686122988486,0.00018019798876909985,0.16679849736174013,0.00027505718874277693,0.03343710287463868
2020-01-17,2020,1966,0,0,48,12,-0.3030152339015724,-0.0007575380847539311,0.03499182289994157,0.16098987022201924,0.00026925907832805866,0.00553311334837259
2020-01-20,2020,1966,0,0,49,2,0.06111075067911875,0.00015277687669779688,-0.0020966593980141727,0.16717934262385314,0.00025273631931371196,0.013475110792857662
2020-01-21,2020,1966,0,0,50,12,0.16873953581915413,0.0004218488395478853,0.013764166095253801,0.16453841153450374,0.00032819805009394953,0.040560847216966005
2020-01-22,2020,1966,0,0,50,6,-0.10107304248967108,-0.0002526826062241777,0.06478494265460742,0.15602173234637853,0.0003522308414236768,0.026310739645333214
2020-01-23,2020,1966,0,0,50,9,-1.2706065631220138,-0.0031765164078050344,0.02402778189003123,0.16282735384204725,0.0007949873900098816,0.031529026614978244
2020-01-24,2020,1966,0,0,47,7,0.7282450437541874,0.0018206126093854686,0.0573018908328372,0.15727286096875984,0.00034648951576021195,0.01257105312636382
2020-01-27,2020,1966,0,0,46,6,-2.3534565303652277,-0.005883641325913069,-0.1962467817815414,0.1995722751294272,0.0003830446742081985,0.018673332873728264
2020-01-28,2020,1966,0,0,45,4,1.3639655606520757,0.0034099139016301894,0.09569032391954833,0.15087128709245395,0.0007184183144374912,0.019808705787535342
2020-01-29,2020,1966,0,0,45,4,-0.438837117555276,-0.00109709279388819,-0.010042911941341796,0.1685096545118776,0.0005758092804712246,0.02156244207468251
2020-01-30,2020,1966,0,0,44,8,1.484780373462596,0.0037119509336564897,0.12254509850465883,0.1463897243828086,0.0005281607142378533,0.02083359470187677
2020-01-31,2020,1966,0,0,44,2,1.0777661707066053,0.002694415426766513,0.09370650938493358,0.15120027828127405,0.0005500428948048306,0.0135255929708492
2020-02-03,2020,1966,0,0,41,3,-0.28592320198029597,-0.00071480800495074,-0.02956647493677234,0.17176348644672065,0.0005064116860014886,0.03406294312929428
2020-02-04,2020,1966,0,0,41,2,2.1355760791389233,0.005338940197847308,0.2181760961270323,0.13043565447998526,0.0006653047771067056,0.040543388479844
2020-02-05,2020,1966,0,0,42,0,-0.38078973114126724,-0.0009519743278531681,-0.07733589537087869,0.17973630225181347,0.0004960571100288928,0.017654454303962282
2020-02-06,2020,1966,0,0,39,1,-1.052294650802758,-0.002630736627006895,-0.11500414316031628,0.18601995508372565,0.0005178242590119079,0.013518325578204949
2020-02-07,2020,1967,0,0,41,0,0.6131897042423563,0.0015329742606058907,0.06681721779369142,0.15568573888561674,0.0005536144559598633,0.015571013985246171
2020-02-10,2020,1967,0,0,39,1,0.40212431268743637,0.0010053107817185908,0.06055733026689925,0.1567292123830686,0.0005732538781311544,0.011172304732510262
2020-02-12,2020,1967,0,0,40,6,0.5804924438182382,0.0014512311095455953,-0.0008753912242264596,0.16697816480547045,0.0007053875893448376,0.012843155280333652
2020-02-13,2020,1967,0,0,40,5,0.011363677152206098,2.8409192880515245e-05,0.005710423573786554,0.1658825089553785,0.0008452826254530433,0.008782788934701554
2020-02-14,2020,1967,0,0,39,8,-0.15284153334629513,-0.0003821038333657378,0.005612091866828466,0.165899211504067,0.000624651990258781,0.00938250890259162
2020-02-17,2020,1967,0,0,39,4,0.11678801372362146,0.00029197003430905366,0.004681415085269215,0.16604959678802786,0.00046269833003344214,0.02696860526808157
2020-02-18,2020,1967,0,0,39,10,0.7292840733480883,0.0018232101833702207,0.0666057557685991,0.15571546196578143,0.00025775036722908867,0.014685331484069992
2020-02-19,2020,1967,0,0,40,15,-0.7364266979960552,-0.001841066744990138,-0.06352631628654724,0.17742269194518498,0.00027755629588514124,0.03192933706404502
2020-02-20,2020,1967,0,0,40,8,2.340585170695454,0.0058514629267386355,0.11131465094780083,0.14826488787143455,0.0017059595277637155,0.007925435408477573
2020-02-21,2020,1967,0,0,39,6,-1.7057569631891902,-0.004264392407972975,-0.13708217152169846,0.18970392044051626,0.0003725406177704824,0.005599834006002747
2020-02-25,2020,1967,0,0,39,26,-0.2124690271352092,-0.000531172567838023,-0.030482713207529374,0.1719217621759593,0.0008537704628470632,0.07779253737523133
2020-02-26,2020,1967,0,0,39,1,0.8424961830820461,0.0021062404577051152,0.07612299377592907,0.15413613628996256,0.002295953649194945,0.015825836270288517
2020-02-27,2020,1967,0,0,40,32,0.6020387703664651,0.0015050969259161628,0.06556997393730579,0.15589663980967744,0.0037034100069761205,0.0838700800288756
2020-02-28,2020,1967,0,0,40,36,1.018587940273619,0.002546469850684048,-0.05980011338283096,0.17681265198993107,0.0015160335639182456,0.14935525985937612
2020-03-02,2020,1968,0,0,41,22,-1.3828439350560442,-0.0034571098376401104,-0.0873726765858987,0.18140436571110066,0.0007375889384259821,0.14036854483275954
2020-03-03,2020,1968,0,0,41,37,1.0679661366355475,0.002669915341588869,0.053224070039025996,0.15794936591468425,0.0005658791421914658,0.025737256658557722
2020-03-04,2020,1968,0,0,43,0,0.9670686253680714,0.0024176715634201783,0.15719732991716265,0.14060987428466462,0.001229730461018294,0.013384960320222204
2020-03-05,2020,1968,0,0,43,4,3.078685220065916,0.00769671305016479,0.22044180257126988,0.13005846805533708,0.004695641535337661,0.02316405359041092
2020-03-06,2020,1968,0,0,43,43,0.4876667915947892,0.001219166978986973,0.0538724212153694,0.15784773396227741,0.003449739222692596,0.08153062115585254
2020-03-09,2020,1969,0,0,43,43,-2.7162955932258637,-0.006790738983064659,-0.17152254690572943,0.1954509356385432,0.0034785337662905863,0.15463434303174142
2020-03-10,2020,1970,0,0,44,8,-1.3590652117223918,-0.0033976630293059795,-0.03394901075231981,0.17249983629375143,0.005777878734362951,0.16013690501958133
2020-03-11,2020,1970,0,0,43,34,2.580971422812514,0.0064524285570312844,0.1345781976462679,0.14438346345315106,0.002039751866039511,0.05102888203464774
2020-03-12,2020,1970,0,0,42,42,2.140879509614684,0.0053521987740367104,0.08909803611357824,0.15197069472687108,0.003058004497952547,0.08277902295302805
2020-03-13,2020,1971,0,0,42,42,1.4025148434868981,0.0035062871087172456,0.07744508759673675,0.15391514092635886,0.015376173154367616,0.15689181146432649
2020-03-16,2020,1971,0,0,42,7,-2.831238625469307,-0.007078096563673268,-0.05321378839328333,0.17571349566524389,0.002476000879084527,0.10216531210097979
2020-03-17,2020,1971,0,0,40,2,2.5405139863947954,0.006351284965986989,0.08833772781867068,0.15209789970496337,0.004551018816779214,0.2074300327411431
2020-03-18,2020,1971,0,0,39,1,3.127058175348142,0.007817645438370355,-0.05194253332913746,0.17550156747967274,0.004204895843686562,0.05749006446164555
2020-03-19,2020,1971,0,0,36,0,3.2368889283598534,0.008092222320899633,0.011576504693937643,0.16490444715137512,0.0051564343183423175,0.058845493606312166
2020-03-23,2020,1971,0,0,35,3,6.466321021897835,0.016165802554744587,0.22430727072868725,0.12941333435147184,0.004557083769468947,0.11967452823242877
2020-03-24,2020,1971,0,0,35,3,-0.1570738138537937,-0.0003926845346344843,-0.04120873633896242,0.1737102910781926,0.0020778493057506202,0.1537562736317206
2020-03-25,2020,1971,0,0,35,4,2.226492394844123,0.005566230987110308,0.12253303988597578,0.14639285898197207,0.0026718098958346884,0.2808361670783542
2020-03-26,2020,1972,0,0,36,8,0.6098678528840109,0.0015246696322100274,0.029151707075902502,0.16197200341430298,0.0015131165466136486,0.027495211982883454
2020-03-27,2020,1972,0,0,35,10,-0.7156751780021517,-0.0017891879450053793,-0.13137225189793061,0.18875269892148266,0.0028614940999596933,0.13148576508998472
2020-03-30,2020,1973,0,0,35,2,1.3887874574910368,0.0034719686437275923,0.02714330970228611,0.16230708947073816,0.0013706166831697177,0.07290268669812525
2020-03-31,2020,1974,0,0,38,4,2.409224591344247,0.006023061478360617,0.1275815878448803,0.14555004983633368,0.0009489862097432696,0.045594504908084296
2020-04-01,2020,1974,0,0,39,22,2.438207717134901,0.0060955192928372525,0.05120582278519812,0.1582915165557003,0.0008567311890531131,0.08702622060347907
2020-04-02,2020,1974,0,0,39,22,-1.6103415067744233,-0.004025853766936058,-0.03323947855644786,0.17238103194372495,0.004466757306882457,0.058227809154320284
2020-04-03,2020,1974,0,0,39,18,-2.535203303602364,-0.00633800825900591,-0.05304592094919422,0.17568518339122643,0.0031665113102051566,0.08060152445892044
2020-04-06,2020,1974,0,0,39,7,-0.25833017598824926,-0.0006458254399706231,0.026014972149732654,0.16249362976298043,0.0015613499992295546,0.08458075372912144
2020-04-07,2020,1974,0,0,38,16,2.0293211316038393,0.005073302829009598,0.14543732737476517,0.14256994275975027,0.0012989828512284408,0.06933928469449487
2020-04-08,2020,1974,0,0,39,9,0.3275136002237955,0.0008187840005594888,0.07590861343883686,0.15416985755509768,0.0009213164460229359,0.14347833922354786
2020-04-09,2020,1974,0,0,40,9,-1.9749024028920068,-0.004937256007230017,-0.08204356068054595,0.18052217786544078,0.001260397417329182,0.36805156852433785
2020-04-10,2020,1974,0,0,42,7,0.3538452446985745,0.0008846131117464362,0.13519124125822604,0.14428004160500285,0.0008045009349230475,0.211455134076653
2020-04-13,2020,1974,0,0,42,4,-2.6066993347850627,-0.006516748336962657,-0.136845854161356,0.18966509148852267,0.0014459832686205866,0.05560896669596158
2020-04-14,2020,1974,0,0,42,12,-2.107324233065886,-0.005268310582664715,-0.07099875202748776,0.17867909650493555,0.0010657977926491586,0.07180623176234768
2020-04-15,2020,1974,0,0,43,9,-0.0018043272602074056,-4.510818150518514e-06,-0.026439390221728094,0.17124398917978254,0.0007245513870819753,0.05763769156870953
2020-04-16,2020,1974,0,0,43,18,-1.3544898497222722,-0.0033862246243056802,0.0019707249705171923,0.1665050222670834,0.0008769035720527116,0.027791062203783492
2020-04-17,2020,1974,0,0,44,15,-3.0836402907488982,-0.0077091007268722455,-0.2570619376625066,0.20972030074682219,0.0013002093470627348,0.02369398120578301
2020-04-20,2020,1974,0,0,45,8,-4.500911914532903,-0.011252279786332258,-0.28675233716275134,0.2146749226209092,0.0009710277526307859,0.021654504181241072
2020-04-21,2020,1974,0,0,45,10,3.63896566456362,0.00909741416140905,0.17717657429341682,0.13727567583203912,0.0016629662525858688,0.4753745882618166
2020-04-22,2020,1974,0,0,47,13,-1.3881032082244307,-0.0034702580205610766,-0.0788935563180133,0.17999418612132942,0.0006170725215035481,0.05207351528662591
2020-04-23,2020,1974,0,0,47,9,0.49058533446912245,0.001226463336172806,0.05206461081450694,0.15814881330924874,0.0011886140546186,0.030478172725139665
2020-04-24,2020,1974,0,0,47,16,0.5849297932958046,0.0014623244832395116,0.06569340845516464,0.15587116145927202,0.0007983960374773407,0.016758734826488923
2020-04-27,2020,1974,0,0,47,11,3.6622359454195257,0.009155589863548814,0.14000201051342234,0.14347777711986903,0.0010522761571387824,0.04798241646752752
2020-04-28,2020,1974,0,0,48,7,-1.7079236182169284,-0.004269809045542321,-0.1292706153674122,0.18840170602708653,0.0012226558165213688,0.12244548906403882
2020-04-30,2020,1974,0,0,47,12,-1.3688815199218893,-0.0034222037998047233,-0.06389489403263804,0.1774933038117213,0.0009882130849386077,0.047602306330836695
2020-05-01,2020,1974,0,0,46,1,3.7480713922769704,0.009370178480692427,0.22048572838591782,0.1300502369350815,0.0010466519168742152,0.014569568145537629
2020-05-07,2020,1974,0,0,47,3,3.6937107927315216,0.009234276981828804,0.277997651943223,0.12045536660378736,0.0015472378469867801,0.017419936014407934
2020-05-08,2020,1974,0,0,48,4,-2.133550466537941,-0.005333876166344852,-0.15007400379767952,0.19186824397680874,0.0008363072443042959,0.032618403754860005
2020-05-11,2020,1974,0,0,48,5,-0.9085211913077057,-0.0022713029782692644,-0.11053490935680242,0.18527188857639443,0.0011286902090368812,0.03542499688711802
2020-05-12,2020,1974,0,0,46,4,-1.2033561754930941,-0.0030083904387327356,-0.0731655765186131,0.1790416890899111,0.0017372228988313018,0.015739213342519157
2020-05-13,2020,1974,0,0,46,2,-0.8179525317205552,-0.002044881329301388,-0.0175328931040605,0.16975942251609905,0.0008703333842432848,0.02211701136321389
2020-05-14,2020,1974,0,0,46,0,-0.4350942448275894,-0.0010877356120689735,-0.011383467396059645,0.16873216474409533,0.0011263941257373489,0.046542361350234304
2020-05-15,2020,1974,0,0,47,1,2.4963893025198454,0.006240973256299614,0.2214416426066893,0.12988992884079117,0.0007148117692925908,0.03038553707995966
2020-05-18,2020,1974,0,0,46,2,-0.3435698038190744,-0.0008589245095476861,-0.052083457945105834,0.17552123733477373,0.0006487758109154965,0.039834485035611204
2020-05-19,2020,1974,0,0,46,6,0.7377946351437144,0.0018444865878592858,0.056171096228215686,0.15745549651866309,0.0004496490427162663,0.025813733307512316
2020-05-20,2020,1974,0,0,46,8,0.03783513429670382,9.458783574175955e-05,-0.05175960658831483,0.1754681010941563,0.0005819429271981309,0.02662100308133883
2020-05-21,2020,1974,0,0,47,6,-0.586319331117044,-0.00146579832779261,-0.017628173020250257,0.16977579555814815,0.0008949908352665466,0.01577336097397329
2020-05-22,2020,1974,0,0,49,2,3.5957909491054227,0.008989477372763557,0.226109359662068,0.1291118487030486,0.0008729891889819705,0.018345297121028288
2020-05-25,2020,1974,0,0,49,15,1.3601376255631539,0.0034003440639078846,0.05336172503370182,0.1579297466928421,0.0007025060571661832,0.022367078448986874
2020-05-26,2020,1974,0,0,49,13,1.9262560865793663,0.004815640216448416,0.0372193557917346,0.16062501193822237,0.0005506371189009005,0.019609939354192803
2020-05-27,2020,1974,0,0,49,24,3.348404597605027,0.008371011494012568,0.14489500924515647,0.1426606590649168,0.0009159521783723487,0.01982518982028786
2020-05-28,2020,1974,0,0,49,28,1.8009539206662455,0.004502384801665614,0.08295541516187534,0.15299256582490672,0.0006805490934737325,0.017665137514204333
2020-05-29,2020,1974,0,0,48,23,0.49991169640653244,0.0012497792410163311,-0.04429144191481064,0.17422374417242284,0.0007473953955812363,0.04550495247410709
2020-06-01,2020,1974,0,0,48,7,2.4103047851167116,0.006025761962791779,0.19813834932535038,0.13377622040862217,0.00040327043112049716,0.020848784615300982
2020-06-02,2020,1974,0,0,48,11,0.08671398729558066,0.00021678496823895167,-0.004892318669662971,0.16764187691890614,0.0005084083128054585,0.10665877948878494
2020-06-03,2020,1974,0,0,48,16,-1.4978829675639582,-0.0037447074189098954,-0.10561340172592286,0.18445282914710703,0.0005523777181563928,0.036150377989761895
2020-06-04,2020,1974,0,0,48,18,-0.3626958408821217,-0.0009067396022053042,-0.049302628445169014,0.17506000652337697,0.0008415244199180571,0.020593718976171568
2020-06-05,2020,1974,0,0,46,15,1.748411340465774,0.004371028351164435,0.16291002959328252,0.13965273781230275,0.00046351451440254475,0.026825841057612702
2020-06-08,2020,1974,0,0,45,14,-0.5282552793411491,-0.0013206381983528728,-0.010546101647502063,0.16858925139247793,0.0006173337590744859,0.029439509090153828
2020-06-09,2020,1974,0,0,45,35,4.207712322947443,0.010519280807368607,0.296731094934319,0.11732999298471539,0.0013080076745958238,0.022526997530609813
2020-06-10,2020,1974,0,0,45,27,0.31053426621123625,0.0007763356655280906,0.053769901435575224,0.1578644323559922,0.0007950010170418623,0.017229934849387955
2020-06-11,2020,1974,0,0,44,1,-0.5575232719159842,-0.0013938081797899603,-0.0026731082566130984,0.1672813385364966,0.001341508419527881,0.06355554764059759
2020-06-12,2020,1974,0,0,44,0,0.10563997948959969,0.0002640999487239992,0.01856254780150986,0.16373868532180452,0.0025847305245851053,0.039836923669091855
2020-06-15,2020,1974,0,0,44,0,-1.2680103571750285,-0.0031700258929375715,-0.06843869531871974,0.1782511185286533,0.0007275053604526611,0.04165781076743109
2020-06-16,2020,1974,0,0,44,4,-0.9888056878351145,-0.002472014219587786,-0.09247514409549673,0.1822545304850679,0.0007131822608815263,0.15631124633919846
2020-06-17,2020,1974,0,0,45,19,1.354044430281212,0.00338511107570303,0.04880234881736193,0.15869053801891522,0.0005190070065551973,0.07152666117843008
2020-06-18,2020,1974,0,0,45,17,-0.7156092916989181,-0.0017890232292472952,-0.07244937994185263,0.17891426886329181,0.00044980386221102006,0.029377767240736343
2020-06-19,2020,1974,0,0,46,5,0.30463101071886256,0.0007615775267971564,0.021450825869150023,0.16324884962580627,0.0003121138900729275,0.03237272657042657
2020-06-22,2020,1974,0,0,46,18,-0.4442860261416308,-0.0011107150653540772,-0.03545345468966627,0.17274769935864967,0.0005165898065914601,0.026438859263601452
2020-06-23,2020,1974,0,0,45,15,0.3021527892335445,0.0007553819730838613,0.054107079239114335,0.157806721496705,0.0005779598895562296,0.020059352372596942
2020-06-24,2020,1974,0,0,46,16,-1.9053209793204884,-0.004763302448301221,-0.11794389274906546,0.18651072068876845,0.0006589897711376253,0.03757663299594985
2020-06-25,2020,1974,0,0,45,8,-0.1315118077818962,-0.00032877951945474047,-0.02409450376738537,0.1708544829624417,0.0008366083868295508,0.02490315275742602
2020-06-26,2020,1974,0,0,44,15,1.5913213924489882,0.003978303481122471,0.164219068411652,0.1394343482954179,0.0004901854887095291,0.07045049444736054
2020-06-29,2020,1974,0,0,43,18,0.8913456250004197,0.002228364062501049,0.06878616008085137,0.15535907068753552,0.0006000013369581975,0.042784549044256874
2020-06-30,2020,1975,0,0,44,22,1.529666845055968,0.0038241671126399202,0.050890378811536276,0.15834275363106948,0.0007260265773699263,0.04030346380547105
2020-07-01,2020,1975,0,0,44,24,-0.069702836938633,-0.00017425709234658248,0.016796922733461835,0.16403053808237025,0.0007912948259044194,0.048641214927656044
2020-07-02,2020,1975,0,0,44,13,0.3559157470008887,0.0008897893675022217,-0.03684821997925206,0.172982396772031,0.0012716815665941566,0.07949133807875648
2020-07-03,2020,1975,0,0,44,4,-2.006994646094385,-0.005017486615235962,-0.12800757761418058,0.1881873647167321,0.0005582102194371871,0.028509611927435403
2020-07-06,2020,1975,0,0,44,2,-0.5595272018620137,-0.0013988180046550342,0.025484158219253462,0.16258180068332437,0.0005919084211245515,0.027062722632523357
2020-07-07,2020,1975,0,0,45,10,0.13433649085408805,0.0003358412271352201,0.05821191419750803,0.15711957472198537,0.0005598116991476928,0.0449367994022724
2020-07-08,2020,1975,0,0,46,3,-0.8708755352963595,-0.0021771888382408986,-0.005741859380323909,0.16779271546871544,0.0009693600409808163,0.05250460842081375
2020-07-09,2020,1975,0,0,44,2,-0.09035043996474013,-0.00022587609991185032,-0.006747750138013538,0.16796111410814782,0.0013567979049599575,0.030329378525095773
2020-07-10,2020,1976,0,0,45,5,0.10287462007698756,0.0002571865501924689,-0.03432179548817745,0.17255466242239026,0.00047861505805076667,0.08470535466774001
2020-07-13,2020,1976,0,0,45,1,0.4693736116198757,0.0011734340290496892,0.0902347066699924,0.15177970544790978,0.0006965691878003308,0.029292950353652942
2020-07-14,2020,1976,0,0,45,3,0.41897228520144814,0.0010474307130036204,-0.0014077971472792555,0.1670671956443189,0.0006903078119472283,0.04753529853028805
2020-07-15,2020,1978,0,0,47,20,-0.5842381188671096,-0.0014605952971677742,-0.0827228764703909,0.1806337115833379,0.0004756365467004187,0.015687875712326858
2020-07-16,2020,1978,0,0,48,5,-1.1547505150151187,-0.002886876287537797,-0.08460869865945507,0.18094643600399302,0.00047373799671063623,0.029493002134952366
2020-07-17,2020,1978,0,0,47,3,-0.15717367127550297,-0.0003929341781887574,0.03861768301831139,0.160388607972677,0.0005264052563239755,0.014824408819356339
2020-07-20,2020,1978,0,0,47,13,0.11713366568566141,0.0002928341642141535,0.03425652222571389,0.16111746862665535,0.00047232277430208323,0.014678244339100796
2020-07-21,2020,1978,0,0,47,9,-0.8434582722024215,-0.002108645680506054,-0.06951218025211552,0.1784290349083231,0.0005521388185540845,0.04214075535080719
2020-07-22,2020,1978,0,0,47,7,-0.586425942218896,-0.00146606485554724,-0.08085704723475351,0.18032054123477917,0.0005155126688830002,0.02185312625482177
2020-07-27,2020,1978,0,0,48,6,-1.660280389510604,-0.00415070097377651,-0.08885674009371318,0.18165870490624828,0.0008365808231537645,0.018161864648388776
2020-07-28,2020,1978,0,0,49,5,2.5190471793869205,0.006297617948467301,0.13481693349055657,0.1443406046315324,0.0006922965772429031,0.022442526937608655
2020-07-29,2020,1978,0,0,50,5,1.2214104522936795,0.0030535261307341986,0.09470326303541714,0.1510353325380846,0.0017054829165858195,0.26011656451246074
2020-07-30,2020,1978,0,0,49,4,-0.902217258996147,-0.0022555431474903676,-0.06579116975067467,0.17781101589203205,0.001841242927429695,0.07758170729632916
2020-07-31,2020,1980,0,0,51,10,-3.5811433966834416,-0.008952858491708604,-0.24382321854567415,0.20751188884102795,0.0024622650783995116,0.04803914939565189
2020-08-03,2020,1981,0,0,52,3,0.5559104166783642,0.0013897760416959103,0.023175921195208043,0.16296309101601425,0.00060983564116837,0.037576246193378175
2020-08-04,2020,1981,0,0,52,2,-0.1864250225307813,-0.00046606255632695325,0.002828160135734092,0.166360370721116,0.0007415892992353991,0.09029150798725002
2020-08-05,2020,1981,0,0,52,6,1.5239765344046468,0.003809941336011617,0.07299421704635008,0.15465330882131395,0.0009034349372749122,0.04198858457862153
2020-08-06,2020,1981,0,0,52,11,2.4532235323998726,0.006133058830999682,0.08775397421970094,0.1521942854758199,0.0018971757239132925,0.02030432374782953
2020-08-07,2020,1981,0,0,54,6,3.0007484527364277,0.0075018711318410695,0.20498421767931396,0.13263533668823313,0.0007941795246216623,0.01913031961407654
2020-08-11,2020,1981,0,0,55,0,0.5108516722393597,0.0012771291805983992,0.052309801674713455,0.15810426522373733,0.0006902701472516033,0.030480825248744833
2020-08-12,2020,1981,0,0,55,0,1.2558808213973596,0.003139702053493399,0.0935146632578567,0.15123117427004354,0.0005337458627313444,0.023752976948615487
2020-08-13,2020,1981,0,0,54,3,-0.5390165864731012,-0.001347541466182753,-0.026041179416795786,0.17117613122284392,0.0006509038514652619,0.06574507136657966
2020-08-14,2020,1981,0,0,54,0,-1.528740054788815,-0.0038218501369720378,-0.16253079490661024,0.1939459861285003,0.0005658530892033027,0.048354354037588095
2020-08-17,2020,1981,0,0,54,0,-0.7322431437163887,-0.0018306078592909716,-0.011395759490616499,0.168729792468817,0.0004726852840426385,0.0195175976363661
2020-08-18,2020,1981,0,0,54,5,0.012841668050224797,3.210417012556199e-05,-0.029449590360791766,0.1717439369938299,0.0004818862241290266,0.0641801875567304
2020-08-19,2020,1981,0,0,54,3,1.14006239004453,0.0028501559751113246,0.01945748180930693,0.16357951471279986,0.0003767672631149436,0.02397848159461023
2020-08-20,2020,1982,0,1,55,9,-1.1348073898723332,-0.002837018474680833,-0.03839963449452756,0.1732363291232014,0.0004897997413282571,0.06998740373411488
2020-08-21,2020,1982,0,0,57,4,-2.699705494497711,-0.0067492637362442775,-0.12639378457855507,0.1879197051078406,0.0005503503177402832,0.03968097462161993
2020-08-24,2020,1982,0,0,56,9,1.5089187977366743,0.0037722969943416854,0.07642347141975614,0.1540733680336362,0.0004465321349537408,0.08361158723336164
2020-08-25,2020,1982,0,0,56,4,0.43703978709532953,0.0010925994677383239,0.004900731373814633,0.16601424806868834,0.000436905396429715,0.021932253864447936
2020-08-26,2020,1982,0,0,57,7,0.1917726453157007,0.0004794316132892518,0.13362322901517584,0.14454060080621642,0.0008085929565279213,0.015128741877842135
2020-08-27,2020,1982,0,0,58,13,-2.3383782728582156,-0.005845945682145539,-0.1337355978438883,0.18914432618545574,0.0007192735001393684,0.05268076831190526
2020-08-28,2020,1982,0,0,58,2,0.14087927039428552,0.0003521981759857138,0.002004090877736955,0.1664950982677172,0.0005282053995219881,0.02514877889467756
2020-08-31,2020,1982,0,0,58,7,-0.7681351752848626,-0.0019203379382121567,-0.052227318508467506,0.1755431214705928,0.00037636457229343233,0.00852666593480075
2020-09-01,2020,1982,0,0,58,11,0.20521391989927845,0.0005130347997481962,0.007168780633592585,0.16563261819813774,0.0003519965294246183,0.010798153130919533
2020-09-02,2020,1982,0,0,58,17,0.058649025574254665,0.00014662256393563667,0.06829852739158551,0.1554342168850632,0.0004998556562994307,0.02353454964395681
2020-09-03,2020,1982,0,0,58,10,-1.9159901240116104,-0.004789975310029026,-0.03870512253307492,0.17328951163270756,0.0005808091684442099,0.019585281291495147
2020-09-04,2020,1982,0,0,58,4,1.483956662960976,0.0037098916574024397,0.052907179421278185,0.15800510880141486,0.0006772230062023457,0.02082969282377332
2020-09-07,2020,1982,0,0,56,7,-0.9519015909398499,-0.002379753977349625,-0.07308807125102751,0.17902223017301827,0.00034844252785135125,0.01693320896335618
2020-09-08,2020,1982,0,0,56,12,-1.4572774182437227,-0.0036431935456093067,-0.1563813455514157,0.19291821264379116,0.00039522119924534723,0.011828154359714703
2020-09-09,2020,1982,0,0,56,5,0.31525443083495186,0.0007881360770873796,0.031157297597039262,0.16163107694546322,0.0005064263644401179,0.00919318409623849
2020-09-10,2020,1982,0,0,58,6,0.911548046154443,0.0022788701153861075,0.05191792343471387,0.15816760352131276,0.0005544005786335755,0.016729220920178544
2020-09-11,2020,1982,0,0,58,11,-1.7825238426519117,-0.004456309606629779,-0.14852959302389884,0.19160855133745774,0.00048382063674042453,0.02850367091518813
2020-09-14,2020,1982,0,0,57,9,-2.471006080101338,-0.006177515200253345,-0.16237358213663491,0.19392093246519637,0.0006001638042350959,0.03500671215987526
2020-09-15,2020,1982,0,0,58,6,-0.6372887118049411,-0.0015932217795123526,-0.03280863377108253,0.1722968113746023,0.0003827870044372,0.033144434422223264
2020-09-16,2020,1982,0,0,57,11,-0.11137802055176094,-0.00027844505137940235,0.08164907553268906,0.15320885757958017,0.000403645157483452,0.016592909345590007
2020-09-17,2020,1983,0,0,58,6,-1.1780570668704604,-0.002945142667176151,-0.05864509580725031,0.17661429998998243,0.0006579785713370932,0.006987495155321946
2020-09-18,2020,1983,0,0,58,7,1.21529386943897,0.003038234673597425,0.12475918399608486,0.14601864000726444,0.0007806421925702404,0.021651587040378308
2020-09-23,2020,1983,0,0,58,9,0.4721296409304374,0.0011803241023260935,0.011428095908020644,0.1649255935027134,0.0004533058005069782,0.008074456579805635
2020-09-24,2020,1984,0,0,58,2,1.1095829109720374,0.0027739572774300937,-0.014177155635277812,0.1691996452269502,0.0009769111354922218,0.04158823997154757
2020-09-25,2020,1986,0,0,60,6,-1.2102870341746035,-0.0030257175854365085,-0.132109686327798,0.18887231795215279,0.0006334298648845773,0.0408558710370723
2020-09-28,2020,1986,0,0,60,12,-2.300467018279297,-0.005751167545698242,-0.1588250836305949,0.19333180105723535,0.0015633236089515514,0.049624582117250945
2020-09-29,2020,1986,0,0,59,11,0.0,0.0,,0.08341729638958857,2.489054189593395e-05,0.04931922014307682
2020-09-30,2020,1986,0,0,59,8,0.14306823283850179,0.0003576705820962545,0.07266129596520403,0.1547115846622287,0.0009016119346830652,0.1364987214879151
2020-10-02,2020,1989,0,1,62,3,1.5765882999307341,0.003941470749826835,0.1868508379913809,0.13565596515950737,0.0003526523306700249,0.037809652555854514
2020-10-05,2020,1990,0,0,61,1,-1.1230439687950344,-0.002807609921987586,-0.04073178546386544,0.17362667939442775,0.0004115726917940234,0.02466808522759578
2020-10-06,2020,1990,0,0,62,5,-1.0713022993794579,-0.0026782557484486447,-0.0790824557452735,0.18002013041100323,0.00040327647041064516,0.009776987303735564
2020-10-07,2020,1990,0,0,61,7,1.7124000531797805,0.004281000132949451,0.0677203379411692,0.15553201516252507,0.0004444815826825475,0.007708064262668044
2020-10-08,2020,1990,0,0,60,7,0.7180806190637776,0.001795201547659444,0.07628898337570444,0.15410124465366518,0.00043346375498579673,0.04957508703273925
2020-10-09,2020,1990,0,0,57,9,0.3628207717194994,0.0009070519292987485,0.02342460406536116,0.1629176388847337,0.0003403936112471004,0.015393940536740126
2020-10-12,2020,1990,0,0,57,13,2.747409382481607,0.006868523456204018,0.17122550573964737,0.13826533204326705,0.000483224891861268,0.009144354254401115
2020-10-13,2020,1990,0,0,59,14,0.23428319374744988,0.0005857079843686247,-0.019769616377323333,0.17012717563771565,0.0005056745301704581,0.009302182821384284
2020-10-14,2020,1990,0,0,59,7,-2.09123149030962,-0.00522807872577405,-0.08162792655660864,0.18045034917515052,0.0007776440349307712,0.01419429019250613
2020-10-15,2020,1989,0,0,57,14,-0.08572189300601352,-0.00021430473251503378,-0.0451547170904436,0.17436594358596544,0.0008304459195820269,0.039865450737317544
2020-10-16,2020,1989,0,0,57,9,-1.1316237919595376,-0.002829059479898844,-0.03981442332026106,0.1734752840271099,0.0005002642644000093,0.05502360863138951
2020-10-19,2020,1989,0,0,58,4,-0.06505672698887066,-0.00016264181747217666,0.023103129647145806,0.16297623403910674,0.0005046113343593607,0.022800844109441824
2020-10-20,2020,1989,0,0,57,4,-2.4296882107170243,-0.006074220526792561,-0.07201787508724641,0.17884705440169751,0.0005851325070022054,0.029928852933590596
2020-10-21,2020,1989,0,0,58,5,0.2550984951565892,0.000637746237891473,0.020334847113944326,0.16343626601653635,0.00045556107100127463,0.009528704019102847
2020-10-22,2020,1989,0,0,58,10,1.0836462478624083,0.0027091156196560207,0.06408968573384048,0.1561334697715118,0.0005464036681360026,0.013319871709907496
2020-10-23,2020,1989,0,0,58,5,-2.739830392036697,-0.006849575980091742,-0.20198138180238331,0.20052523989010554,0.00043281724379594773,0.016587623331362853
2020-10-26,2020,1989,0,0,57,8,-3.5860505760929993,-0.008965126440232498,-0.2048500883857384,0.2010068573535956,0.0005838294613737066,0.03198727947447305
2020-10-27,2020,1989,0,0,57,1,1.13363299034865,0.002834082475871625,0.14025833601303625,0.1434277843661028,0.00044203962415501616,0.013069817447714027
2020-10-28,2020,1990,0,0,54,1,0.7625466335420246,0.0019063665838550614,0.06061827558109864,0.1567207184453874,0.0009552436169868446,0.01639097374910717
2020-10-29,2020,1991,0,0,53,6,2.9967225007788043,0.007491806251947011,0.23029632568852018,0.1284121302356653,0.0008194606652704329,0.027983746777079516
2020-10-30,2020,1991,0,0,53,9,-2.1316571889200158,-0.005329142972300039,-0.18395824897798377,0.19752039426021933,0.0010223547150290126,0.06393848260024015
2020-11-02,2020,1991,0,0,53,1,-0.9001676396361229,-0.002250419099090307,-0.04087113640033115,0.17365123181079337,0.0009797561093338406,0.09323001733836267
2020-11-04,2020,1991,0,0,53,0,0.5926651799238913,0.0014816629498097284,0.03053752829996765,0.16173460143129628,0.0006542498638009108,0.01672061213060726
2020-11-05,2020,1991,0,0,53,0,-1.9413407560922487,-0.0048533518902306215,-0.18482989598415467,0.19766682736895205,0.0009611179324456061,0.019220252379082276
2020-11-06,2020,1991,0,0,53,3,5.594787763838615,0.013986969409596537,0.197969282636079,0.13380569853297186,0.002136500547420433,0.023695389467001424
2020-11-09,2020,1991,0,0,53,10,-1.0899750201151104,-0.002724937550287776,-0.06203392153915033,0.17718123965866395,0.0008172562940888214,0.0476626847474209
2020-11-10,2020,1991,0,0,53,4,0.6651743437302873,0.0016629358593257182,-0.030534674133718555,0.17192496851218986,0.0007268591015115769,0.03289264418601387
2020-11-11,2020,1991,0,0,53,5,-1.0669624928437185,-0.002667406232109296,-0.08747147299840836,0.18142654267123193,0.0011970488750550048,0.05777213179767059
2020-11-12,2020,1991,0,0,53,0,-2.7310509599652004,-0.006827627399913001,-0.21350536061993838,0.20245273492845023,0.0010618918251074565,0.03277245111569661
2020-11-13,2020,1991,0,0,53,0,-1.039968623418163,-0.0025999215585454077,-0.10031643463555281,0.18356773481474697,0.0007374031437222653,0.052364619900736716
2020-11-16,2020,1991,0,0,53,5,1.0187470667109362,0.0025468676667773403,-0.024418772397938483,0.17090546984421742,0.0004947291128475701,0.0664677544267709
2020-11-17,2020,1991,0,0,52,20,0.6335712343342057,0.0015839280858355143,0.023923081853493955,0.1628329709013152,0.000424502274580555,0.014859480790897973
2020-11-18,2020,1991,0,0,52,6,0.8209234774905696,0.002052308693726424,0.07515957003174097,0.154291178944933,0.00034072789647406705,0.01165873196660343
2020-11-19,2020,1991,0,0,51,2,-3.240287230827251,-0.008100718077068128,-0.15824214128438113,0.19323197311058268,0.0006980349093852785,0.02127596621971151
2020-11-20,2020,1991,0,0,51,8,-1.3093078020628746,-0.0032732695051571866,-0.05838827292187458,0.17657210991036898,0.0004965267952688814,0.03637525550234046
2020-11-24,2020,1991,0,0,51,4,0.974111908865639,0.0024352797721640977,0.03419591658028403,0.16112389258392393,0.000458535814721601,0.11862438914204133
2020-11-25,2020,1991,0,0,51,8,-1.6614677033044716,-0.0041536692582611785,-0.09492493633084521,0.1826672500305058,0.0005126682665072269,0.06326839779767866
2020-11-26,2020,1991,0,0,50,12,-0.53844973253686,-0.00134612433134215,-0.010560062458647598,0.1685953101042771,0.0011290061982436087,0.019286866309414244
2020-11-27,2020,1991,0,0,50,15,-0.022128088385813705,-5.532022096453426e-05,-0.003208869012888775,0.16736722646926447,0.0005371374859934551,0.03144339540684811
2020-11-30,2020,1991,0,0,50,2,1.1889224556268112,0.002972306139067028,0.07120275454910775,0.15495202686729811,0.0004251291830816348,0.025596676491544835
2020-12-01,2020,1991,0,0,51,10,0.1400483249735735,0.00035012081243393376,0.005995507087295199,0.16582911617721274,0.0005242495847756237,0.03566901693092867
2020-12-02,2020,1991,0,0,52,12,-0.16277085283377665,-0.00040692713208444165,-0.039673501377405676,0.17344764445991662,0.0004898940534357042,0.03255881755781309
2020-12-03,2020,1991,0,0,52,5,-0.49650485095567287,-0.0012412621273891822,-0.06029176581980318,0.1768895216347608,0.0007047251733801937,0.025224416464326875
2020-12-04,2020,1991,0,0,51,4,2.177511423212035,0.005443778558030088,0.15469841412054966,0.14101909826511413,0.0004045207231145917,0.026050321729384623
2020-12-07,2020,1991,0,0,51,2,-1.8635777890848768,-0.004658944472712192,-0.1875196461184187,0.19811376396430333,0.0005283032130745003,0.044125247811600106
2020-12-08,2020,1991,0,0,51,10,-0.2855494709208274,-0.0007138736773020684,0.0028119621771674733,0.16636076321629703,0.0003717431409533489,0.017055674142971922
2020-12-09,2020,1991,0,0,52,2,-0.16722439845420567,-0.0004180609961355142,-0.03506127950926222,0.17267733119027542,0.0005273645767156612,0.02571021352430041
2020-12-10,2020,1991,0,0,49,10,0.04253131751602379,0.00010632829379005948,0.01225180024526518,0.1647857439485741,0.000534541187754774,0.007730586782575307
2020-12-11,2020,1991,0,0,49,13,-0.011656519825638062,-2.9141299564095156e-05,-0.027375571535320484,0.17139261395098174,0.0004493698536922395,0.005344810117491708
2020-12-14,2020,1991,0,0,50,4,-0.2251478680653523,-0.0005628696701633808,0.011976531423722727,0.1648291950782638,0.0005231258397333456,0.06340135817271897
2020-12-15,2020,1990,0,0,49,12,1.1076105318615754,0.0027690263296539386,0.06150073401519621,0.1565704155775888,0.0004886288378263956,0.02199973451641997
2020-12-16,2020,1993,0,0,50,11,-0.21494197910608384,-0.0005373549477652096,-0.023748672772390678,0.17079283983757834,0.0003787813625807601,0.02436368852870603
2020-12-17,2020,1994,0,0,51,10,-0.6290984157220337,-0.0015727460393050842,-0.024517436942865446,0.17091639627373884,0.0003604622302769725,0.038862310281345895
2020-12-18,2020,1995,0,0,52,10,-1.0206685706322123,-0.0025516714265805306,-0.05795846399320427,0.1765030425096301,0.0009728778919046236,0.006103033025802082
2020-12-21,2020,1996,0,0,53,11,-0.24343942659156514,-0.0006085985664789128,-0.020854575993218872,0.1703096262310615,0.00038831604479632094,0.007160329266592533
2020-12-22,2020,1998,0,0,52,11,-1.174129987261519,-0.0029353249681537976,-0.04923896204860069,0.17504028933968033,0.00045327040894878833,0.03616510940221734
2020-12-23,2020,1999,0,0,54,13,-0.6511770416868615,-0.0016279426042171538,-0.050543668110099346,0.17525864737627528,0.0003798448271975218,0.03772558801171871
2020-12-24,2020,1999,0,0,54,5,-1.62897984500929,-0.004072449612523225,-0.14996085391435465,0.19184750528913602,0.00042603790024500364,0.01940612566189363
2020-12-25,2020,1999,0,0,54,9,1.4160940270776057,0.003540235067694014,0.15458751309643864,0.1410425519277368,0.0005196138381010389,0.014151733706034566
2020-12-28,2020,1999,0,0,51,4,0.039408833739287163,9.852208434821791e-05,-0.023591944789120446,0.17076606020377205,0.00034329918905876624,0.01661930060360138
2020-12-29,2020,1999,0,0,51,11,0.19450905268643504,0.0004862726317160876,0.020874505122653618,0.16334979662364074,0.0006849921726933485,0.035184389023694924
2020-12-30,2021,1999,0,0,50,12,0.2552255654659004,0.0006380639136647511,0.05633377300335114,0.15742841964598991,0.0003705225625767252,0.022349794732741048
2021-01-04,2021,1999,0,0,50,4,0.19068843168036032,0.00047672107920090077,0.10442014458275536,0.1494096462460274,0.0004219198039906416,0.018289661618667227
2021-01-05,2021,1999,0,0,50,5,1.07394322102184,0.0026848580525546,0.07221508784439129,0.15478268585164875,0.0005145927185308015,0.00765061866025617
2021-01-06,2021,1999,0,0,49,3,-1.530661498833206,-0.0038266537470830145,-0.11486231113348876,0.18599433074369492,0.0005553026754995407,0.014463283261668389
2021-01-07,2021,1999,0,0,49,11,-0.7697244029630085,-0.0019243110074075212,-0.07513546804428864,0.17936618500733142,0.0005659295565610405,0.03604729657317438
2021-01-08,2021,1999,0,0,48,5,0.6966157974114672,0.0017415394935286679,0.07179413207055878,0.1548502881597482,0.0005482836585643393,0.07530037655487724
2021-01-12,2021,1999,0,0,47,14,-1.364782737801701,-0.0034119568445042524,-0.09830175415723535,0.18322765038728125,0.0005143647500615215,0.01881473813998119
2021-01-13,2021,1999,0,0,47,7,0.04161991876808058,0.00010404979692020144,-0.05316285655443993,0.17570208232700388,0.0007098825961878889,0.025676602905999938
2021-01-14,2021,1999,0,0,47,10,0.5028444065368065,0.0012571110163420163,0.07509663696678649,0.15430220912053416,0.00045989196217434604,0.037095134875132385
2021-01-15,2021,1999,0,0,47,10,-2.8939078179757045,-0.0072347695449392615,-0.2155993275884751,0.20279833114509963,0.00045001989691547816,0.023631756289022216
2021-01-18,2021,1999,0,0,46,8,-0.8425031940550847,-0.0021062579851377117,0.019087360655603756,0.16364510135751362,0.00040555837431388906,0.0312518106199767
2021-01-19,2021,1999,0,0,45,9,-0.9367537737755963,-0.0023418844344389907,-0.022549902071699567,0.17058698575069872,0.00039798668117522253,0.10591563068045212
2021-01-20,2021,1999,0,0,44,6,-0.5529171826780137,-0.0013822929566950342,-0.05191650952578811,0.1754917487887201,0.0004259802750813885,0.038985481029713366
2021-01-21,2021,1999,0,0,43,7,-0.9111654870121237,-0.0022779137175303094,-0.07597316164266686,0.17950513297442267,0.0005084431422617016,0.050875504414827966
2021-01-22,2021,1999,0,0,43,3,1.1039368437186132,0.002759842109296533,0.07872994898185955,0.15369464411033495,0.0004782577132713115,0.03247580691547479
2021-01-25,2021,1999,0,0,43,8,0.21661984732057138,0.0005415496183014284,-0.009709748070679158,0.1684485933579324,0.0004032350249984571,0.026671511542332334
2021-01-26,2021,1999,0,0,42,5,-0.09437264356807407,-0.00023593160892018518,-0.02315325242377682,0.17068990246169424,0.0005989839709190605,0.04853003817576653
2021-01-27,2021,1999,0,0,42,4,-1.4670543248506775,-0.003667635812126694,-0.1080206493495597,0.18485383052357482,0.0008042183469930362,0.006699352393672603
2021-01-28,2021,1999,0,0,41,10,0.2252182962628566,0.0005630457406571415,0.026253422078854262,0.16245020607099042,0.0006807837275091715,0.013227227763853603
2021-01-29,2021,1999,0,0,41,2,0.21772488900557896,0.0005443122225139474,0.04959791707077482,0.15855454464429874,0.0007245962727262377,0.06735648274014282
2021-02-01,2021,1999,0,0,41,4,-1.3826385092811841,-0.0034565962732029604,-0.03920378111070767,0.17337198881474522,0.0005442935855257978,0.024647436248863987
2021-02-02,2021,1999,0,0,41,2,-0.45149297720209824,-0.0011287324430052457,0.031718811935566145,0.16153636216345246,0.00042631229533410096,0.026376513905285358
2021-02-03,2021,1999,0,0,41,5,-2.6654634320250055,-0.006663658580062514,-0.1876599581461698,0.19813738848299922,0.0007097537913533747,0.060752310927887576
2021-02-04,2021,1999,0,0,41,6,-0.4853918834780937,-0.0012134797086952342,-0.045630166323666614,0.17444492914522722,0.0007397101420432839,0.01145795807796377
2021-02-05,2021,1999,0,0,41,2,-1.8006992438343001,-0.00450174810958575,-0.1570250237926566,0.19302638494360233,0.0005661858906437867,0.03743157856591709
2021-02-08,2021,1999,0,0,41,3,0.6098871694055015,0.0015247179235137536,0.10999622543121455,0.14847977035308188,0.0005902229943125022,0.015363002652390597
2021-02-09,2021,1999,0,0,41,4,-0.9749652911610831,-0.002437413227902708,-0.015624703819342282,0.16943855083470438,0.0008133727485123925,0.03330552398680344
2021-02-10,2021,1999,0,0,41,7,1.4675319839367529,0.0036688299598418824,0.049084907698668905,0.15864108356857484,0.0008155901897360943,0.0080693870364396
2021-02-12,2021,1999,0,0,41,8,-0.6349609618595584,-0.0015874024046488961,-0.0020685178899111315,0.16717500468278512,0.0005792920381910671,0.04643982944748154
2021-02-15,2021,1999,0,0,42,12,-0.5317236474033331,-0.0013293091185083328,0.027092401603446184,0.16230978467326873,0.000655047261628773,0.007463097845818968
2021-02-16,2021,1999,0,0,42,5,-0.2888507838119603,-0.0007221269595299006,0.003687964534050128,0.16621536099236664,0.0007628923128611937,0.015629627067272757
2021-02-17,2021,2000,0,0,40,0,-0.34491870464853225,-0.0008622967616213306,-0.0003609303389036258,0.16689004901400176,0.0005485989010842846,0.021869076142573544
2021-02-18,2021,2000,0,0,41,1,-2.1782337362496413,-0.005445584340624103,-0.15676627666022755,0.19298452815702502,0.000605222524064784,0.02473059740424463
2021-02-19,2021,2000,0,0,42,0,-1.7058898194305394,-0.0042647245485763485,-0.1775756815321874,0.19645769558115725,0.0009573971574801727,0.020025726277784338
2021-02-22,2021,2000,0,0,42,1,-0.8805677356781232,-0.002201419339195308,-0.03974254920417852,0.17345845196234935,0.0004965187698675187,0.11570009488912508
2021-02-24,2021,2000,0,0,42,8,0.23361277525956536,0.0005840319381489134,-0.01107140534297119,0.1686799131807024,0.0007935645471389736,0.012386432007232334
2021-02-25,2021,2000,0,0,42,3,-0.9108946232307131,-0.002277236558076783,-0.11044266202560082,0.18525865415198844,0.0008588991044489426,0.013287750409417952
2021-02-26,2021,2000,0,0,42,19,-0.1549169649470825,-0.0003872924123677063,-0.062468940152630444,0.17724751044857098,0.00038223196658928926,0.08725875008189779
2021-03-01,2021,2000,0,0,41,12,0.2734363381423791,0.0006835908453559478,0.07975520097393922,0.15352506562185544,0.00040914223752067726,0.01762710970373059
2021-03-02,2021,2000,0,0,41,10,0.009798499550739415,2.4496248876848536e-05,-0.006151449758068667,0.1678532382749654,0.00037736745534748913,0.02602086899974118
2021-03-03,2021,2000,0,0,41,7,0.6801511928506201,0.0017003779821265503,0.1003941174337471,0.1500802018067563,0.00033000448668092804,0.02958864423605414
2021-03-04,2021,2000,0,0,41,5,1.8217519206628325,0.004554379801657082,0.2091609726945521,0.1319351664952036,0.0003774984321878925,0.09324164910004028
2021-03-05,2021,2000,0,0,38,5,0.9592348560478658,0.0023980871401196647,0.11796139328322802,0.14715242876565848,0.0006640089580683863,0.016148104186200104
2021-03-08,2021,2000,0,0,38,5,-1.3909664529999393,-0.003477416132499848,-0.13470315130478808,0.18930099679654733,0.0003353180079738591,0.007586862303079524
2021-03-09,2021,2000,0,0,38,1,-1.7026051397465827,-0.004256512849366457,-0.10610667683515647,0.1845335268935118,0.0004074727334975496,0.05185389948995006
2021-03-10,2021,2000,0,0,38,3,2.4053765825319697,0.006013441456329924,0.12311671748071337,0.1462900170695653,0.00045183091477111006,0.01959415747864598
2021-03-11,2021,2000,0,0,37,9,-0.48265875752523657,-0.0012066468938130915,-0.05669971663058144,0.1762917461732367,0.0005765143774394046,0.07883014194051897
2021-03-12,2021,2000,0,0,37,5,1.0410786789284299,0.002602696697321075,0.1682946665185958,0.13875508639762604,0.00043281727089495594,0.012825320842880471
2021-03-15,2021,2000,0,0,37,16,-0.3398182332100188,-0.000849545583025047,-0.050157132328893995,0.17519383172076283,0.000378199591480478,0.0642159353459321
2021-03-16,2021,2000,0,0,34,19,-0.5438604810578127,-0.0013596512026445317,-0.032819845449775224,0.17230270143826287,0.00032133650567813855,0.05490324633564761
2021-03-17,2021,2000,0,0,35,12,1.1980301568731189,0.0029950753921827973,0.12352848834512402,0.14622173092549276,0.0003778863489380046,0.12403854553037356
2021-03-18,2021,2000,0,0,35,11,-0.4248826474192767,-0.0010622066185481918,-0.05175582474454538,0.175463921305325,0.00046584315203292164,0.04511752268943788
2021-03-19,2021,2000,0,0,33,5,0.3306924635537998,0.0008267311588844995,-0.015849788687955887,0.1694757239174865,0.0006643286106895654,0.011128108630908115
2021-03-22,2021,2000,0,0,30,9,0.3544028255674272,0.000886007063918568,0.013859538538923983,0.16452089676654236,0.0011029276709027082,0.015696375191068573
2021-03-23,2021,2000,0,0,30,15,-0.5618758153950463,-0.0014046895384876156,-0.13183176319390064,0.18882569154762474,0.0005080597146562428,0.042714006489699224
2021-03-24,2021,2000,0,0,29,1,1.101313744293082,0.002753284360732705,0.15061849695932739,0.14170435004896145,0.0005439773386253717,0.06115385630075978
2021-03-25,2021,2000,0,0,30,2,-0.6482099521293369,-0.0016205248803233421,-0.10597898343069888,0.18451253040226967,0.00044505438052256285,0.037471454443306365
2021-03-26,2021,2000,0,0,29,3,-1.7556599950019713,-0.004389149987504929,-0.07826750826054987,0.17988937252518203,0.0007522806509829026,0.024845480622804488
2021-03-29,2021,2000,0,0,29,4,0.5170825017267864,0.001292706254316966,0.014471819593629186,0.16441837207998697,0.0006232664954784782,0.028208021471772416
2021-03-30,2021,2000,0,0,29,3,1.8936019033998117,0.00473400475849953,0.15459411637381645,0.1410402291565993,0.0004304812033885273,0.06402651575890013
2021-03-31,2021,2000,0,0,29,1,0.3323061166910076,0.0008307652917275191,0.04012622359193539,0.16013479519900023,0.0003457313285753678,0.035361618242954085
2021-04-01,2021,2000,0,0,29,0,0.2368214345019457,0.0005920535862548643,0.062284038209677005,0.15644024131875844,0.00032036801118079194,0.025435391620113684
2021-04-02,2021,2000,0,0,29,0,-0.5831557225320734,-0.0014578893063301834,-0.03339532963729523,0.17240417651296883,0.0005134648004674761,0.06475258450235048
2021-04-05,2021,2000,0,0,30,1,-0.5933979637786702,-0.0014834949094466754,-0.005302529919726815,0.16771689052380118,0.00033657602231518713,0.03459746916697983
2021-04-06,2021,2000,0,0,29,1,-0.8525361095837054,-0.0021313402739592635,-0.07107207846041248,0.17869004380879783,0.0005682135418100156,0.025367728093112912
2021-04-07,2021,2000,0,0,29,6,0.11477201501126955,0.00028693003752817384,-0.012897389734629448,0.16897456550936799,0.00024717499171901644,0.012975298467073597
2021-04-08,2021,2000,0,0,28,6,-3.061599962140053,-0.007653999905350133,-0.26287212635829244,0.2106843504919043,0.0004899902862215514,0.03361476866322536
2021-04-09,2021,2000,0,0,27,5,-0.10354632083012727,-0.00025886580207531816,-0.009071499882527532,0.1683394255907343,0.0002996819795926916,0.03258067821393581
2021-04-12,2021,2000,0,0,29,3,0.27484874257318875,0.0006871218564329719,0.059937541474124285,0.156830168022981,0.00030250992491335236,0.023551371101247796
2021-04-13,2021,2000,0,0,29,3,0.4774519584041399,0.0011936298960103498,0.037530583780224225,0.16056846457245633,0.00034164026573931357,0.006357617947168876
2021-04-14,2021,2000,0,0,29,7,0.8505516913762535,0.002126379228440634,0.020382834988378905,0.1634181368448106,0.00026046837788974876,0.014259362677776659
2021-04-15,2021,2000,0,0,30,1,-1.1161009956502645,-0.0027902524891256614,-0.08717472626576658,0.18137169015973717,0.0003465452662514511,0.018471961291146474
2021-04-16,2021,2000,0,0,29,3,0.20907267471564905,0.0005226816867891226,0.024659995575041477,0.16271874181212667,0.0004082002900862098,0.015045892169632324
2021-04-19,2021,2000,0,0,29,4,-2.0773667731640844,-0.005193416932910211,-0.1239730355463571,0.18751590627730072,0.0007371134047640418,0.005289540823639808
2021-04-20,2021,2000,0,0,28,4,0.1881607988891929,0.00047040199722298226,0.0031170398749224585,0.16631102419644037,0.0005260129269457623,0.017100197568567243
2021-04-21,2021,2000,0,0,29,5,0.3134626677057004,0.000783656669264251,0.03227162673376882,0.1614423100119344,0.0003191421104916287,0.044662016166789255
2021-04-22,2021,2000,0,0,29,1,0.8751101549099396,0.002187775387274849,0.04781229915183516,0.15885286196124576,0.00034048072547144664,0.03273376893336572
2021-04-23,2021,2000,0,0,29,9,-1.0630998326976464,-0.002657749581744116,-0.0825344732220831,0.1805966954838099,0.00030786766706520594,0.028730665465459455
2021-04-26,2021,2000,0,0,29,11,-0.48011201802282866,-0.0012002800450570715,-0.018486918239456984,0.16991430807950247,0.00036672233500356156,0.0253127751080169
2021-04-27,2021,2000,0,0,29,7,-0.3147852538284829,-0.0007869631345712072,-0.03273735195784966,0.17228937486502133,0.000510184134646224,0.18382557117591536
2021-04-28,2021,1999,0,0,30,4,-1.112728741042856,-0.0027818218526071397,-0.0642644982323268,0.17755365668567766,0.0007089457892652643,0.018822753894770394
2021-04-30,2021,1999,0,0,30,4,-0.9375256393001202,-0.0023438140982503007,-0.07455923828218312,0.17927050318158283,0.000576530161176517,0.009923223786163164
2021-05-06,2021,1999,0,0,30,3,0.08594879504052577,0.00021487198760131442,-0.0225669171482774,0.17059162076647044,0.0005641831703760195,0.013620126754117352
2021-05-07,2021,1999,0,0,31,3,-2.07702667300971,-0.005192566682524274,-0.11778902096032362,0.1864842297616868,0.0009459814658055866,0.33068636749295854
2021-05-10,2021,1999,0,0,31,2,-0.44661829365291617,-0.0011165457341322904,-0.008390445221337589,0.1682323436660941,0.0009154086570862753,0.017607525334075336
2021-05-11,2021,1999,0,0,32,4,-0.06780136287615912,-0.0001695034071903978,-0.03859895618881221,0.17327229076897704,0.0009816582515425264,0.015025140839157566
2021-05-12,2021,1999,0,0,31,7,0.48313132332355524,0.0012078283083088882,0.08704902929295782,0.15230987364050894,0.0010827492172035742,0.046546305788128586
2021-05-13,2021,1999,0,0,33,4,1.561584213258274,0.003903960533145685,0.1318546418677268,0.14483429908904155,0.0010376251194783314,0.026971713970646214
2021-05-14,2021,1999,0,0,33,2,-0.6767322641219717,-0.0016918306603049293,0.0026837336739914336,0.16638493051461797,0.0007139181412596623,0.04757536836783939
2021-05-17,2021,1999,0,0,33,5,0.035817183069610084,8.954295767402521e-05,0.008254744814340324,0.16545397705491013,0.00037008885274316566,0.06678400375359114
2021-05-18,2021,1999,0,0,33,2,0.05136513509521956,0.0001284128377380489,0.02072434250953471,0.16336924833903554,0.0004338580281938525,0.010982862398921179
2021-05-19,2021,1999,0,0,33,2,0.3312433069051214,0.0008281082672628035,0.0134014886781907,0.16458856362673385,0.0003084743710117557,0.008708842829461463
2021-05-20,2021,1999,0,0,33,1,-1.4087626669586044,-0.003521906667396511,-0.13633667677028422,0.18957512181157288,0.0003532593792668014,0.01673336445787379
2021-05-21,2021,1999,0,0,33,1,0.10612690253920548,0.0002653172563480137,-0.007628529689193295,0.1681031663561091,0.00032429266024312016,0.04232913942329857
2021-05-24,2021,1999,0,0,33,6,-0.09805127807899289,-0.0002451281951974822,-0.00038916803508690296,0.16689177887206832,0.00033793211032897094,0.06166409984996826
2021-05-25,2021,1999,0,0,32,4,0.6792578392115677,0.0016981445980289193,0.05866783932208203,0.1570445042501391,0.00040051600863447444,0.022478218835432436
2021-05-26,2021,1999,0,0,32,10,-0.7413040551552048,-0.001853260137888012,-0.05045341606650507,0.175249601153807,0.0006308725088236125,0.032002933149647694
2021-05-27,2021,1999,0,0,32,0,-0.7591531467529304,-0.0018978828668823262,-0.07820846751358132,0.1798793077256383,0.00042136412030322894,0.01648749262069089
2021-05-28,2021,1999,0,0,33,0,-0.3599287216854798,-0.0008998218042136995,-0.011783125148677607,0.16879235695456868,0.00026574172298926313,0.01317330647663358
2021-05-31,2021,1999,0,0,32,12,-1.032621820255248,-0.00258155455063812,-0.09733906225232153,0.183067474831162,0.00039792690660460313,0.04924876724795603
2021-06-01,2021,1999,0,0,33,2,0.4912930133070108,0.001228232533267527,0.01810814702662307,0.1638039352496556,0.00031886436685511283,0.014355076795127455
2021-06-02,2021,1999,0,0,32,2,1.497096704168512,0.0037427417604212797,0.08875349441841704,0.15201950329524128,0.0003048859820351851,0.013246445831684592
2021-06-03,2021,1999,0,0,32,7,-0.5307029558608075,-0.0013267573896520188,-0.08341506440195728,0.18074297541796558,0.0003065715592635901,0.020643298147196395
2021-06-04,2021,1999,0,0,30,1,-0.9279736311806099,-0.0023199340779515246,-0.09624369790221846,0.18288408516117466,0.00031616282230057517,0.010844593308303726
2021-06-07,2021,1999,0,0,31,5,0.5464193605827321,0.0013660484014568304,0.014971973802684942,0.16432865932315355,0.0002975437560425274,0.006287409133109115
2021-06-08,2021,1999,0,0,31,2,0.9342382942324989,0.002335595735581247,0.06340693909075376,0.1562437710807817,0.00026670951121050677,0.006641244627405148
2021-06-09,2021,1999,0,0,30,2,0.21648408878246939,0.0005412102219561735,0.0365284931475643,0.16072832468542836,0.0003159153570799182,0.0115385729641718
2021-06-10,2021,1999,0,0,30,2,-0.007971939364131098,-1.9929848410327745e-05,-0.008175974793334833,0.16818877740003968,0.00034675436907896624,0.015445731034141435
2021-06-11,2021,1999,0,0,30,0,-0.3189389673764358,-0.0007973474184410895,0.008073937988062382,0.16547613365210104,0.0003353797458666031,0.058086262406658616
2021-06-14,2021,1999,0,0,30,1,-0.44978769643396876,-0.001124469241084922,0.0011651281101196988,0.16663270796280746,0.0003069558118263348,0.005944481956373628
2021-06-15,2021,1999,0,0,30,4,-0.48326438164767355,-0.0012081609541191838,-0.06988648753840268,0.1784855447926348,0.000299777780093662,0.007886738281689062
2021-06-16,2021,1999,0,0,31,5,0.013974812991833119,3.49370324795828e-05,0.01661485390130717,0.1640584938246031,0.00046768345181027456,0.04232673293018386
2021-06-17,2021,1999,0,0,33,4,0.6349998318238201,0.0015874995795595503,0.01451488023230306,0.16441172294111275,0.0006559176583851586,0.01405249072187064
2021-06-18,2021,1999,0,0,32,11,1.9066930865448164,0.004766732716362041,0.15964775315621288,0.1401987274287163,0.0008577594499582681,0.01027165069353123
2021-06-21,2021,1999,0,0,32,11,-1.0503283460513542,-0.0026258208651283852,-0.10355392458807638,0.18410107351118146,0.00031425975595524816,0.013937119917168991
2021-06-22,2021,1999,0,0,33,10,0.11571399175003233,0.0002892849793750808,0.03343770956243539,0.16124898379213728,0.0003450446046756153,0.316508464808037
2021-06-23,2021,1999,0,0,34,13,0.018637105541760457,4.659276385440114e-05,-0.017002247419368993,0.16966573415124267,0.0003468732717997635,0.07568185739419309
2021-06-24,2021,1999,0,0,34,6,0.8240041201634537,0.0020600103004086343,0.02107468541340252,0.16331229663615326,0.00030319332028829637,0.029110273654704526
2021-06-25,2021,1999,0,0,35,12,-0.18270022556877819,-0.00045675056392194545,-0.05226072214594602,0.17554971464997046,0.000368094612679058,0.04836377608467055
2021-06-28,2021,1999,0,0,34,5,-0.036639311787593165,-9.159827946898291e-05,-0.02160378060460938,0.1704322671385282,0.00034372294284560034,0.023873620061369765
2021-06-29,2021,1999,0,0,34,7,1.3036030705624357,0.0032590076764060895,0.16424739984938566,0.13942280078858127,0.00035121640897127775,0.01145115637007912
2021-06-30,2021,1999,0,0,34,12,0.3718460644131454,0.0009296151610328634,0.08264772302171443,0.1530429121460623,0.00036431037004672304,0.1930463971698534
2021-07-01,2021,1999,0,0,34,5,-0.9459876871510917,-0.0023649692178777295,-0.08078839876198336,0.1803067508537861,0.00023791711832449227,0.02292985743137033
2021-07-02,2021,1999,0,0,34,7,-0.2688921397036073,-0.0006722303492590183,-0.08278295701053946,0.18062588730680532,0.00023703848502262524,0.007370645245428321
2021-07-05,2021,1999,0,0,34,3,0.7025537071950281,0.0017563842679875702,0.09473781969665128,0.15102672245320148,0.00025640325649690145,0.010890832386701604
2021-07-06,2021,1999,0,0,35,0,0.6417267666173148,0.001604316916543287,-0.04776938060146452,0.1748006623293992,0.0003517171309479511,0.02740830043144062
2021-07-07,2021,1999,0,0,35,3,-0.5953809051280172,-0.001488452262820043,-0.02485903241652675,0.1709713445667133,0.0002633786171747886,0.01691824433846152
2021-07-08,2021,1999,0,0,35,11,0.11385317864008249,0.0002846329466002062,0.040002288445517085,0.16015950264268117,0.0006906274895849509,0.012094180584470886
2021-07-09,2021,1999,0,0,35,25,0.9462897882774941,0.0023657244706937353,0.10483514896478557,0.14934054043216982,0.0003608784561372253,0.029246346189526592
2021-07-12,2021,1999,0,0,35,7,0.028399797464692483,7.09994936617312e-05,-0.03210635916022533,0.172179134564231,0.0003109052312159421,0.0446520202628356
2021-07-13,2021,1999,0,0,34,12,-0.04785892970258576,-0.0001196473242564644,0.005579351780068409,0.16590053944297883,0.0003728200726871434,0.01923787609201822
2021-07-14,2021,1999,0,0,34,9,0.9169107622959838,0.0022922769057399594,0.046281105349246836,0.15909936028153296,0.000266367270677735,0.015218826641668088
2021-07-15,2021,1999,0,0,35,5,-1.0627857158753744,-0.002656964289688436,-0.051382711135636826,0.1754046337377793,0.0004019747353984484,0.026313457461884928
2021-07-16,2021,1999,0,0,33,5,0.1696442340981501,0.0004241105852453753,0.007437776901453873,0.16558936431485316,0.00027955836483520324,0.013481204319912423
2021-07-19,2021,1999,0,0,34,6,0.45125505196266946,0.0011281376299066737,0.05590858545591667,0.1575022330318647,0.0003168912886096496,0.03373076289198237
2021-07-20,2021,1999,0,0,36,9,0.27650654139653463,0.0006912663534913366,0.04581300682401295,0.1591884045892582,0.0004997751660118375,0.027887568829118164
2021-07-21,2021,1999,0,0,35,7,-0.3778171075385972,-0.000944542768846493,0.05797673936902064,0.1571583311522976,0.00033590091500896755,0.012932612344783798
2021-07-26,2021,1999,0,0,36,3,-1.2271451202772596,-0.003067862800693149,-0.12982471899322334,0.18848762925462187,0.00039444351747447757,0.01629630110106347
2021-07-27,2021,1999,0,0,36,8,1.6770893869946284,0.004192723467486571,0.12767837438259988,0.1455284676850415,0.00037030096895363586,0.01690389335120491
2021-07-28,2021,1999,0,0,36,5,-2.103426051873258,-0.005258565129683145,-0.16111710200126028,0.19371232454607226,0.0006961455144516243,0.02629114178008959
2021-07-29,2021,1999,0,0,37,6,-0.13930583265354457,-0.00034826458163386145,-0.017840798803811293,0.16980930654515447,0.0008937328357442152,0.018697067264192853
2021-07-30,2021,1999,0,0,37,8,0.12184225249672576,0.0003046056312418144,-0.00956785639709075,0.16842563319092374,0.00033282595033060737,0.031220222169366277
2021-08-02,2021,1999,0,0,37,2,0.7987314220322481,0.0019968285550806203,0.08713189600259837,0.1522947049365789,0.00040787869854248777,0.008208035425981492
2021-08-03,2021,1999,0,0,39,1,0.302569746101456,0.00075642436525364,0.020191515432791792,0.1634585913930291,0.0004446831707524736,0.01236560011662594
2021-08-04,2021,1999,0,0,39,2,0.19977649121603275,0.0004994412280400818,-0.03941601545213822,0.1734040569835469,0.0005714796354671192,0.023670573176980823
2021-08-05,2021,1999,0,0,39,2,-0.8695061675269166,-0.0021737654188172914,-0.09445928065189022,0.1825896094356651,0.0008453386070846543,0.015532399635980812
2021-08-06,2021,1999,0,0,39,4,1.3688363405226895,0.003422090851306724,-0.012684974479434504,0.16894712963931258,0.0006640046486867214,0.009953707135651624
2021-08-10,2021,1999,0,0,39,4,-0.8135223525154422,-0.0020338058812886055,0.013843769152279663,0.1645153392121095,0.0005534400088397271,0.014808991451802757
2021-08-11,2021,1999,0,0,40,7,-0.210992515199032,-0.00052748128799758,-0.0047491743656511405,0.167617648093747,0.0006640163065900283,0.14601758366953882
2021-08-12,2021,1999,0,0,40,8,0.6723695237571397,0.0016809238093928492,-0.021210153980156552,0.17037101976756489,0.0008750403862008331,0.041274439391776115
2021-08-13,2021,1999,0,0,40,9,0.8682974367235319,0.0021707435918088295,-0.028208918991861304,0.1715347874849047,0.0005504846217852189,0.019442687603034282
2021-08-16,2021,1999,0,0,39,9,0.7703148967531968,0.001925787241882992,0.08702676147817683,0.15231201730789112,0.0004257996548108871,0.0327554518193559
2021-08-17,2021,1999,0,0,40,13,-0.9733364655547656,-0.002433341163886914,-0.09666372031496488,0.1829578892112286,0.0005296199051023048,0.01978600180952608
2021-08-18,2021,1999,0,0,40,4,-1.3380888834063587,-0.0033452222085158965,-0.18586567152408984,0.19783822310523602,0.0005191169148482952,0.03229294082326978
2021-08-19,2021,1999,0,0,41,4,-0.4679370079858747,-0.0011698425199646867,-0.03527790920291834,0.17271713242064535,0.0007282040048814881,0.009717017316469906
2021-08-20,2021,1999,0,0,41,1,-1.6417494282266905,-0.004104373570566726,-0.14067691971508228,0.19029903307978283,0.0005656208445947109,0.010272176283026766
2021-08-23,2021,1999,0,0,41,0,0.7137231413817247,0.0017843078534543117,0.08550018247342692,0.15255936248877663,0.00031203840149698436,0.02511442531243882
2021-08-24,2021,1999,0,0,41,4,-0.7570884002978868,-0.001892721000744717,-0.028111781677746746,0.17151641227111145,0.0003297673110742103,0.013713104024797257
2021-08-25,2021,1999,0,0,41,8,-0.014071445033666585,-3.5178612584166465e-05,-0.012966926403817117,0.16898491446332187,0.0002528141486795506,0.05633110320890457
2021-08-26,2021,1999,0,0,40,3,0.5452473856342581,0.0013631184640856453,-0.00031662536846236567,0.16688508934913668,0.00042621456860227644,0.04435254111162109
2021-08-27,2021,1999,0,0,40,4,0.15157367434171226,0.00037893418585428063,0.04037532567317859,0.16009159901939624,0.00033753754802104153,0.00686541447626561
2021-08-30,2021,1999,0,0,40,6,-0.4594624866132697,-0.0011486562165331743,-0.034813841973423805,0.17263399261236267,0.0003178762853873283,0.02369583533222825
2021-08-31,2021,1999,0,0,41,8,-0.7108289007678339,-0.0017770722519195848,0.01886199739548332,0.1636810329270924,0.0003656628848792979,0.04067277734993248
2021-09-01,2021,1999,0,0,42,6,-0.30609740354200743,-0.0007652435088550185,-0.007849627048896255,0.16814056490269721,0.0005126249867402797,0.024962425747605477
2021-09-02,2021,1999,0,0,42,8,-0.018458254986015277,-4.614563746503819e-05,0.020028286602836995,0.16348536702858008,0.0004156802489426625,0.010096305859416062
2021-09-03,2021,1999,0,0,43,8,-0.5096532507869851,-0.0012741331269674628,0.00623846783667892,0.1657865598468908,0.00036382363851113556,0.09452641990411591
2021-09-06,2021,1999,0,0,43,20,0.10525713126364877,0.0002631428281591219,0.0014096714594331765,0.16659019369965683,0.00026854649235224343,0.05292429310444512
2021-09-07,2021,1999,0,0,45,15,0.18514314902236506,0.00046285787255591267,0.015376328266935307,0.16426020037516728,0.000374009388106793,0.012710237109930893
2021-09-08,2021,1999,0,0,45,18,1.265940362910451,0.003164850907276128,0.12649598857547079,0.14572858294806856,0.0004907229122704313,0.012939933581003999
2021-09-09,2021,1999,0,0,44,9,-0.4561355470646069,-0.0011403388676615174,-0.03955571586990647,0.1734271549322343,0.0004075079910013933,0.03854809459456295
2021-09-10,2021,1999,0,0,45,21,0.6726238311697721,0.0016815595779244303,0.06901362197529402,0.15531637507008325,0.00031761632231403647,0.06759877621761395
2021-09-13,2021,1999,0,0,46,30,-0.3852161909470859,-0.0009630404773677148,-0.033284913763841385,0.17238510188319675,0.0007935568790692502,0.014287459493965989
2021-09-14,2021,1999,0,0,45,25,1.2398471201726367,0.0030996178004315915,0.18571471332533163,0.13584344048224634,0.0006066981476495326,0.02071585914009354
2021-09-15,2021,1999,0,0,45,12,-0.2955041807299912,-0.0007387604518249779,-0.011638009034960659,0.1687676580692408,0.0004162674808302722,0.030958436483967223
2021-09-16,2021,1999,0,0,46,10,0.8054635366090892,0.002013658841522723,0.07487245013485276,0.15434199701070375,0.0006725232855881901,0.023217175943758127
2021-09-17,2021,1999,0,0,47,7,-0.6087537092123667,-0.0015218842730309167,-0.07772796446226435,0.17979994905012717,0.0005675412799006683,0.029037194021226863
2021-09-21,2021,1999,0,0,45,4,-0.1509181279173566,-0.00037729531979339146,-0.027939115817538995,0.1714944601847888,0.0010745912697910963,0.08222356201492116
2021-09-22,2021,1999,0,0,45,2,0.6710922892419147,0.0016777307231047867,0.09445263591364549,0.1510730345784134,0.0003786939534032544,0.03516551316263709
2021-09-24,2021,1999,0,0,46,3,1.021987963841133,0.002554969909602833,0.05616368155747646,0.15745827547586788,0.0005868942473822764,0.11278079507030489
2021-09-27,2021,1999,0,0,46,7,1.235329686181746,0.0030883242154543648,0.1361829044018451,0.1441128022270195,0.0006406735546056788,0.011709138092122255
2021-09-28,2021,1999,0,0,46,6,1.5217267172449158,0.0038043167931122897,0.05759724236534783,0.1572200263293808,0.000431922399264336,0.06900405457834859
2021-09-29,2021,1999,0,0,46,3,0.09127541499411507,0.00022818853748528766,0.0732203370545791,0.154617797961617,0.0006683153346659667,0.015110979107931034
2021-09-30,2021,1998,0,0,46,1,-2.2981983450680947,-0.005745495862670237,-0.16450110141905902,0.19427551147408098,0.0005577776546593362,0.013310566017554811
2021-10-01,2021,1998,0,0,46,8,-0.3334256142541747,-0.0008335640356354368,-0.003938318744288334,0.16748989745721948,0.00039020098696961237,0.06280720602499942
2021-10-04,2021,1998,0,0,46,9,-0.4458762643952363,-0.0011146906609880909,0.05083246470149201,0.15834975692275413,0.0004359911753544298,0.04489997749736692
2021-10-05,2021,1998,0,0,45,28,-2.6396370855606666,-0.006599092713901666,-0.12678095045537519,0.18798119285561765,0.00044609753589527955,0.025222528375108928
2021-10-06,2021,1998,0,0,45,1,-1.475138270096091,-0.003687845675240228,-0.05304862681712134,0.1756800935740853,0.0005015755269792268,0.04260817223633187
2021-10-07,2021,1998,0,0,47,3,-1.1436952003424805,-0.0028592380008562015,-0.06707998442496713,0.17802329219705662,0.00046754570663888335,0.029148937079425542
2021-10-08,2021,1998,0,0,47,2,-0.36486513995299985,-0.0009121628498824997,-0.03843727673704061,0.17324439801125538,0.0005066260602723386,0.0369880000448061
2021-10-11,2021,1998,0,0,46,1,-0.7390491783332543,-0.001847622945833136,-0.0648031636743311,0.17764003405071416,0.00045297483027493754,0.024522401755015893
2021-10-12,2021,1998,0,0,48,10,-0.6248065336635906,-0.0015620163341589766,-0.04849211489144032,0.17491868650397885,0.00038426229309824957,0.0131795874079177
2021-10-13,2021,1998,0,0,47,10,0.573443603749741,0.0014336090093743526,0.0005014485806295799,0.16674963723854533,0.0009728134850296779,0.010328603131638196
2021-10-14,2021,1998,0,0,49,4,-0.16209213016724067,-0.00040523032541810167,0.03629113679632036,0.1607740314237717,0.00043205197018648174,0.039667755894839694
2021-10-15,2021,1998,0,0,48,2,0.5780300672317211,0.0014450751680793027,-0.0014910723369708292,0.16707470561868834,0.000387073763366675,0.029326634100630123
2021-10-18,2021,1998,0,0,48,6,0.8930586429753,0.00223264660743825,0.13361790230571435,0.14453113708506563,0.00030619334260907584,0.013833995160307158
2021-10-19,2021,1998,0,0,48,8,-0.23684652935912087,-0.0005921163233978022,0.036524854096074734,0.16073683684062698,0.00040149950436195605,0.021407168090487615
2021-10-20,2021,1998,0,0,48,8,-0.828093342434336,-0.00207023335608584,-0.08401882720342624,0.18084006946187298,0.00026758306076824645,0.013595856463012613
2021-10-21,2021,1998,0,0,49,10,-0.7357727864011189,-0.0018394319660027972,-0.05993603244865276,0.17682536646805533,0.00028265802764162253,0.029346979500640993
2021-10-22,2021,1998,0,0,48,9,-0.007576008552914404,-1.894002138228601e-05,-0.02159079246654604,0.17042931545387532,0.0003540317923442804,0.014910471430729051
2021-10-25,2021,1998,0,0,48,15,0.5337946300146764,0.001334486575036691,0.03670788128189134,0.16070349972962777,0.0002826615526853579,0.015328272654077053
2021-10-26,2021,1998,0,0,48,5,0.39389521854242104,0.0009847380463560527,0.053029460886504086,0.15798061617190912,0.00044589586874559426,0.01905854220797076
2021-10-27,2021,1998,0,0,48,8,0.23808342192063103,0.0005952085548015776,-0.009986270885382518,0.16848841692009048,0.00043831454553208156,0.01638589727859961
2021-10-28,2021,1998,0,0,47,11,0.19023273661266016,0.0004755818415316504,0.04648442907865945,0.159077950124184,0.0009162791468909352,0.008527223116954582
2021-10-29,2021,1998,0,0,47,6,-0.3198825052889167,-0.0007997062632222918,-0.05379890854760578,0.17580740226576785,0.00045947923927914733,0.00685032049105563
2021-11-01,2021,1998,0,0,46,12,0.7759479089377903,0.0019398697723444758,0.0025916057452661334,0.16639834761101538,0.0007787599885003505,0.067921747419748
2021-11-02,2021,1997,0,0,46,8,-0.6205862146330374,-0.0015514655365825936,0.012836548454042859,0.16468938427028013,0.0007311261337751806,0.04552906669428578
2021-11-04,2021,1997,0,0,46,3,0.9929564427023057,0.002482391106755764,0.02773547986406868,0.1621992729190211,0.0007037960489582367,0.04054360418589303
2021-11-05,2021,1997,0,0,46,3,-0.6392900789631673,-0.0015982251974079181,-0.022456735636903608,0.17057800194162753,0.0005592910344269049,0.008056692857856223
2021-11-08,2021,1996,0,0,46,4,-0.25217777313269524,-0.0006304444328317381,-0.05362051891035866,0.17577421575143176,0.000647199901752692,0.00590317455285513
2021-11-09,2021,1996,0,0,46,9,1.583444279224802,0.003958610698062005,0.060052249394467155,0.15680757517572816,0.0006157736312229246,0.007346574263168851
2021-11-10,2021,1996,0,0,46,11,1.582994221116837,0.003957485552792093,0.0012512956198911123,0.16662314541206077,0.001005672526301861,0.005545868105369688
2021-11-11,2021,1996,0,0,46,4,1.901581211590526,0.004753953028976315,0.0900779276784149,0.15180168107523018,0.0009938483597816382,0.007993581507218336
2021-11-12,2021,1996,0,0,46,1,1.2522302123923312,0.003130575530980828,0.043350073508160746,0.1595955451332688,0.0005713523492842713,0.018726874618305724
2021-11-15,2021,1996,0,0,46,6,1.5395072138730268,0.003848768034682567,0.005679369018038553,0.16588375046586284,0.0005694486389591863,0.03086407160420177
2021-11-16,2021,1996,0,0,45,5,-0.46374618965107883,-0.001159365474127697,-0.04886790228142011,0.1749795637782811,0.0003754783309295837,0.026693419116143136
2021-11-17,2021,1997,0,0,45,6,2.455337989381027,0.006138344973452567,0.0771623849499356,0.15395579285148944,0.00036874557010048746,0.04072940425705663
2021-11-18,2021,1997,0,0,45,6,1.4078228529302512,0.003519557132325628,0.039286766845693634,0.1602735535833137,0.0003520331923551656,0.010356630869601403
2021-11-19,2021,1997,0,0,45,6,-1.3455694174858446,-0.0033639235437146115,-0.0998463303014513,0.18348549276871318,0.0005662612909628672,0.0528757612576771
2021-11-22,2021,1997,0,0,45,6,-0.8753211210125086,-0.0021883028025312715,-0.0881178903876678,0.18152840999755707,0.0003032845533852139,0.016544901857404634
2021-11-24,2021,1997,0,0,47,10,-0.3507770504388006,-0.0008769426260970014,-0.04998386847610743,0.17517225611208892,0.0005252463917503946,0.010477714930532732
2021-11-25,2021,1997,0,0,48,10,0.5183441192546328,0.0012958602981365819,0.0066152325873440575,0.16572985345233243,0.0009143216328778626,0.01335513947947664
2021-11-26,2021,1997,0,0,47,3,-0.1576638738962728,-0.00039415968474068195,0.02468947783207399,0.16271155390721997,0.0004673101358186679,0.044478768104076284
2021-11-29,2021,1997,0,0,46,10,-2.468340011745133,-0.006170850029362832,-0.12612211649874924,0.1878735093183991,0.0007717032707933039,0.027642288630660004
2021-11-30,2021,1996,0,0,46,0,2.068908897353317,0.005172272243383292,0.14008838297158144,0.14345956320527942,0.0005283178078473505,0.03748314805575535
2021-12-01,2021,1996,0,0,46,5,0.0731929318381086,0.0001829823295952715,-0.019485507567235348,0.17008439527153252,0.0013165628315487802,0.03091842286028903
