Date,ValidationYear,StocksRanked,SelectedMissingTargets,AllMissingTargets,FallbackStocks,SelectedFallbackStocks,OfficialDailySpread,IllustrativeGrossOneReturn,RankIC,NormalizedHardRankMSE,AllStockForecastMSE,MaxAbsoluteScore
2017-12-29,2018,1896,0,0,42,0,-0.4091038485255525,-0.0010227596213138812,-0.041845120560610155,0.17381828817724404,0.0003087655725736287,0.010173276678663815
2018-01-04,2018,1896,0,0,41,10,-1.0987096658319875,-0.0027467741645799686,-0.08411905267490889,0.18087225023930825,0.0004103953382070465,0.013101276499391495
2018-01-05,2018,1896,0,0,41,3,0.49026533503026526,0.001225663337575663,0.030631435832288285,0.1617265211879464,0.0003684661413381933,0.026872855702525678
2018-01-09,2018,1896,0,0,39,5,0.6369179191640321,0.0015922947979100802,0.04036109055487293,0.16010346036151954,0.00037633343352643346,0.03610331719613374
2018-01-10,2018,1896,0,0,39,4,-3.001019983583957,-0.007502549958959892,-0.14615594333287665,0.19122318351861564,0.0005761804176516519,0.008976302839818462
2018-01-11,2018,1896,0,0,39,3,-0.12349240011177887,-0.00030873100027944717,-0.02250680727591811,0.17059100619961562,0.000467412375281704,0.03790790275845556
2018-01-12,2018,1896,0,0,39,4,-0.2642997117811294,-0.0006607492794528235,0.018822462874856585,0.16369282514773922,0.00038643809048318997,0.03973576929971539
2018-01-15,2018,1896,0,0,39,7,-0.4038555566325596,-0.001009638891581399,0.03335246819516421,0.16127587458207535,0.0003828473367327068,0.005185309633339321
2018-01-16,2018,1896,0,0,39,4,-0.2994230583040689,-0.0007485576457601723,0.02814301592549244,0.1621451283830936,0.0003971802812048497,0.028272965285653914
2018-01-17,2018,1896,0,0,39,8,-0.5993107278424707,-0.001498276819606177,-0.06762662392347187,0.17811911990385546,0.00031100109930541435,0.04465935610816386
2018-01-18,2018,1896,0,0,40,0,-2.3537941621647893,-0.005884485405411973,-0.09017168289344785,0.1818796800667816,0.0005049786976644616,0.021417267941424446
2018-01-19,2018,1896,0,0,40,2,-0.655745461467139,-0.0016393636536678475,-0.020467684076388992,0.17025334168631906,0.000407112657601056,0.07917531927849764
2018-01-22,2018,1896,0,0,39,9,0.0057622941703462105,1.4405735425865525e-05,-0.07564685980660704,0.17945470786184392,0.00032660730684000195,0.0165923267008109
2018-01-23,2018,1896,0,0,39,10,0.3584665179964053,0.0008961662949910132,-0.018025884472562603,0.16984558645488573,0.00039344133862818096,0.024072263003544956
2018-01-24,2018,1896,0,0,39,5,-0.04062165939673512,-0.0001015541484918378,0.01215633480289167,0.164807203507267,0.000333592185904829,0.044495161618255986
2018-01-25,2018,1896,0,0,38,5,0.48463269347036575,0.0012115817336759143,0.1034099738218607,0.149582399108161,0.00040730636762762904,0.04190724400707843
2018-01-26,2018,1896,0,0,38,6,-0.6171268516699939,-0.0015428171291749849,-0.03691214143635443,0.17300026346155942,0.0005808967557587206,0.04761747549562602
2018-01-29,2018,1896,0,0,38,7,-0.421738380060916,-0.0010543459501522901,-0.01729228080024807,0.16972599836259625,0.0006795219372953406,0.057366272099446
2018-01-30,2018,1896,0,0,38,0,-0.03252134963147313,-8.130337407868282e-05,0.005723864316113891,0.16588705522796418,0.0011081543694481401,0.0106364501467969
2018-01-31,2018,1896,0,0,37,0,0.15501641895638452,0.0003875410473909613,0.05429318899658295,0.1577806671942948,0.0004244565765193241,0.013548310317088976
2018-02-01,2018,1896,0,0,36,3,0.9041044486832668,0.002260261121708167,0.059024446815322505,0.1569947158170964,0.0011734020420927278,0.052808742739808144
2018-02-02,2018,1896,0,0,37,8,-1.0188354528636978,-0.0025470886321592445,-0.1366818087554025,0.1896469073140824,0.004434452175293121,0.05888491679538158
2018-02-05,2018,1896,0,0,36,0,-0.9787362435383965,-0.0024468406088459915,-0.0690754915814815,0.1783635344762025,0.0007105647797109192,0.10034904028408805
2018-02-06,2018,1896,0,0,36,6,-1.388930472676775,-0.0034723261816919375,-0.11543580889539548,0.18609875719521918,0.0009735436991660559,0.1007040186368954
2018-02-07,2018,1896,0,0,35,0,-0.009630340983689312,-2.407585245922328e-05,0.0019146748567926601,0.16652296584925433,0.000864053749173854,0.08892920530003064
2018-02-08,2018,1896,0,0,34,3,-0.22633318302440908,-0.0005658329575610227,-0.06998702323285559,0.1785166890222715,0.0012709837703797553,0.06164439437889709
2018-02-09,2018,1896,0,0,34,9,-1.6603471320391354,-0.0041508678300978385,-0.09457621029937827,0.18262051126523618,0.0013978850027166465,0.22364470344657797
2018-02-13,2018,1896,0,0,33,1,0.26220692318966154,0.0006555173079741539,0.009860600056206448,0.16519391353860777,0.0012803810532082186,0.11384039279822067
2018-02-14,2018,1896,0,0,33,7,0.21689900185680777,0.0005422475046420194,-0.02132931420130542,0.17039911973465727,0.0016898531667493407,0.1419467408721652
2018-02-15,2018,1896,0,0,34,0,0.8262676569286995,0.002065669142321749,0.06992548101928286,0.15517599182232242,0.0016074615863243347,0.2164628222154628
2018-02-16,2018,1896,0,0,34,0,-0.7529811546066985,-0.001882452886516746,-0.01168345695382195,0.16878342475763752,0.0003824671587175541,0.12379072142140696
2018-02-19,2018,1896,0,0,34,1,-0.7634210029042999,-0.0019085525072607499,0.028134891481153133,0.16214421071790058,0.0007968152453847585,0.10489841704617016
2018-02-20,2018,1896,0,0,34,7,0.21185235924805923,0.000529630898120148,0.029580899335618898,0.16190379418720202,0.00037057655754352156,0.10314766078318148
2018-02-21,2018,1896,0,0,33,0,1.6195160226152931,0.0040487900565382325,0.1515778079556608,0.14155185541239018,0.0003586104566274737,0.11381794206138973
2018-02-22,2018,1896,0,0,34,6,-0.13548598957621305,-0.0003387149739405326,-0.014910732963847572,0.1693264025377144,0.0006737245691908,0.1384120543713965
2018-02-23,2018,1896,0,0,33,1,0.5291326622896368,0.0013228316557240922,0.10701237590626175,0.14898064045158058,0.0003809317258670158,0.14864266610569987
2018-02-26,2018,1896,0,0,32,6,0.6258769545693915,0.0015646923864234788,0.047580390726598656,0.1589018553404222,0.0003912244259215218,0.07056417494429858
2018-02-27,2018,1896,0,0,30,2,0.37138274624177603,0.00092845686560444,-0.030629456553948702,0.17195118686509736,0.0005822021662967474,0.0533939897334034
2018-02-28,2018,1896,0,0,32,5,0.4558706916183324,0.001139676729045831,0.007293977740536436,0.16562513870359583,0.00046352055302778257,0.04977104567897608
2018-03-01,2018,1896,0,0,35,3,3.073289142479136,0.00768322285619784,0.18241086818992808,0.13640749028645224,0.000699424593539226,0.07607292013529159
2018-03-02,2018,1896,0,0,36,0,1.5493175078860175,0.0038732937697150437,0.08784865463171733,0.1521851895799646,0.001199026563025367,0.04784257936803373
2018-03-05,2018,1896,0,0,35,15,-1.936518207432801,-0.004841295518582003,-0.18961413187992696,0.19847260694493368,0.0004162959705279508,0.18907452649089043
2018-03-06,2018,1896,0,0,34,2,-0.2356066169088942,-0.0005890165422722355,-0.03258654750740683,0.17227315655706005,0.0005385813486480302,0.04222207626083521
2018-03-07,2018,1896,0,0,35,2,0.8133008393896684,0.002033252098474171,0.0780774566560105,0.15381205068296588,0.0004450148887769985,0.0723204458769504
2018-03-08,2018,1896,0,0,35,2,-0.6808126895114961,-0.0017020317237787402,0.03653044767729939,0.16074665524402623,0.000653742142700826,0.019605533672773724
2018-03-09,2018,1896,0,0,36,3,0.6775329071438911,0.0016938322678597278,0.05396600593692847,0.15783555827486814,0.0005224208917608147,0.03622298616209985
2018-03-12,2018,1896,0,0,35,5,-0.5389816041584294,-0.0013474540103960736,-0.015385456731489416,0.1694004532572811,0.0005208986990023488,0.04269764268336546
2018-03-13,2018,1896,0,0,34,3,-0.6649252267192637,-0.0016623130667981591,-0.04488548019668225,0.1743259776328803,0.000630328167321105,0.6315258469137276
2018-03-14,2018,1896,0,0,34,10,-0.4533459817498978,-0.0011333649543747446,-0.008686289265475693,0.16828757219893936,0.0003800989631832653,0.049009917764353345
2018-03-15,2018,1896,0,0,32,6,-0.5192545002589637,-0.0012981362506474092,-0.005868789301292219,0.16782067647140814,0.0005587861375254385,0.1786546256399207
2018-03-16,2018,1897,0,0,31,8,-0.3291056591361112,-0.0008227641478402779,-0.012379489431334588,0.168901561025948,0.000274830422038757,0.05063499878133483
2018-03-19,2018,1897,0,0,31,13,-0.005891005383342085,-1.4727513458355213e-05,0.003919385715583649,0.16618159077789876,0.0003845706405272946,0.020047633201344787
2018-03-20,2018,1897,0,0,29,10,-1.3182427354876536,-0.003295606838719134,-0.1666477738393634,0.19464639137172382,0.0016611809902464456,0.05217237206843779
2018-03-22,2018,1898,0,0,28,2,-0.2203225510021058,-0.0005508063775052645,-0.04782140098035049,0.17481604100464598,0.00032361492124484366,0.03380039786869582
2018-03-23,2018,1900,0,0,30,2,-0.3480057300840569,-0.0008700143252101422,-0.06015318523443512,0.17687816070152496,0.004494693002216056,0.11976572822326727
2018-03-26,2018,1900,0,0,28,6,-2.3156272053751144,-0.005789068013437786,-0.1687091711561037,0.19498915887851012,0.00048059396587515224,0.04844755033618652
2018-03-27,2018,1901,0,0,29,0,-1.1509021207605135,-0.0028772553019012835,-0.11246684982449355,0.18559771267782957,0.000924263217282149,0.1454143739628911
2018-03-28,2018,1901,0,0,31,0,-0.412216077239405,-0.0010305401930985126,-0.05465413964978665,0.1759586953068876,0.001284823669333131,0.2419149891732962
2018-03-29,2018,1901,0,0,33,5,-0.5724080957090116,-0.0014310202392725292,-0.0501514529316462,0.17520471504281898,0.0005696319869804493,0.20663528924369887
2018-03-30,2018,1901,0,0,32,7,-2.363740637461345,-0.005909351593653363,-0.24862093337206645,0.20831755869851265,0.00039907110015678594,0.06488600490118185
2018-04-02,2018,1902,0,0,33,5,-2.0878961510095295,-0.0052197403775238235,-0.1609517275733127,0.19369182884265262,0.0006182538365179078,0.04680188592131608
2018-04-03,2018,1902,0,0,34,2,0.33633391630011766,0.0008408347907502942,-0.008101427088277411,0.1681887150205472,0.0004222858003290308,0.08454723911057262
2018-04-04,2018,1902,0,0,34,6,0.30953368888680255,0.0007738342222170063,-0.06712932195719722,0.17803736953969404,0.0004847726160156145,0.11446078481905081
2018-04-05,2018,1902,0,0,34,3,-0.2712270208162381,-0.0006780675520405953,0.015197050909163144,0.16429658538575234,0.00036241440919873336,0.05881152812480526
2018-04-06,2018,1902,0,0,34,0,-3.178814346469183,-0.007947035866172958,-0.26197941078296655,0.210547532367686,0.00044206509262310526,0.0463778923252296
2018-04-09,2018,1902,0,0,36,6,-2.4247470911259406,-0.006061867727814851,-0.22088394634905675,0.203689653585528,0.000541636382701884,0.03222722498317761
2018-04-10,2018,1902,0,0,37,0,-1.085054565585629,-0.0027126364139640723,-0.15145710980711702,0.19209867798051078,0.000361528308057548,0.04083903233326947
2018-04-11,2018,1902,0,0,38,0,-0.6913846513254853,-0.0017284616283137133,0.010521120654788815,0.16508095159058606,0.00047372406953308634,0.055273830636203516
2018-04-12,2018,1902,0,0,40,4,-0.2853753521311264,-0.0007134383803278161,-0.048000677333107394,0.17484654352233284,0.0006186935306897669,0.03753032701147309
2018-04-13,2018,1902,0,0,40,4,-0.30932690000762375,-0.0007733172500190594,-0.06981415226390376,0.17848604061803727,0.0004282703013482244,0.025226682992264927
2018-04-16,2018,1902,0,0,40,6,-1.9493014610971344,-0.0048732536527428365,-0.11712187938512998,0.18638083914448464,0.0005179895617777112,0.034211220457533865
2018-04-17,2018,1902,0,0,40,11,-1.5009503719258248,-0.0037523759298145622,-0.10176799875875464,0.1838126902121525,0.00044752525210297917,0.20494724064018638
2018-04-18,2018,1902,0,0,41,7,-0.3701794206926372,-0.000925448551731593,-0.03502927421239066,0.1726696616676475,0.00028500375602973684,0.03433972431184566
2018-04-19,2018,1902,0,0,42,7,-0.09215461166685224,-0.0002303865291671306,0.01694176888747845,0.16400930830611055,0.00037718187627835,0.0271689954314987
2018-04-20,2018,1903,0,1,43,6,0.21778558447611784,0.0005444639611902946,0.017375139667368072,0.16393901812650577,0.0003348774046655332,0.02528952103478434
2018-04-23,2018,1903,0,0,43,3,-0.2007242082972042,-0.0005018105207430104,-0.09785462990268116,0.18315880315189242,0.0003223384623732966,0.024959329895567182
2018-04-24,2018,1903,0,0,45,4,-0.3503526979363837,-0.0008758817448409592,-0.02974091941450254,0.17179780322172264,0.0004304790386107934,0.027903855379434378
2018-04-25,2018,1903,0,0,45,5,-0.6388972960307313,-0.0015972432400768284,-0.0742832470251716,0.17923082196547238,0.0005614975774123,0.030761211569869832
2018-04-26,2018,1903,0,0,44,3,0.5515578517503049,0.0013788946293757623,0.03291877401864659,0.1613449419731685,0.0007578839400276163,0.08914646310740018
2018-04-27,2018,1903,0,0,45,6,-0.9656927299619451,-0.002414231824904863,-0.06724432288761606,0.17805519016330806,0.00032878748266933655,0.026972730714198166
2018-05-01,2018,1903,0,0,46,3,-0.42388929859682556,-0.001059723246492064,-0.04689512663808857,0.17465705693262823,0.000462171758394116,0.047009834210804465
2018-05-02,2018,1903,0,0,48,1,0.6030232551954181,0.0015075581379885453,0.05973288617244099,0.156869918999694,0.00045363675696452626,0.03985239538656521
2018-05-07,2018,1903,0,0,47,4,1.1674951452599385,0.002918737863149846,0.05625677961105452,0.15744840675613442,0.0006681835948507048,0.031169414331785064
2018-05-08,2018,1903,0,0,47,2,-1.2233621075014838,-0.0030584052687537095,-0.0118053648242392,0.16880454337442125,0.0008007682174500844,0.04331333036569679
2018-05-09,2018,1903,0,0,48,4,1.083189294051784,0.00270797323512946,0.06386058301514143,0.1561853055723391,0.0008721819548413355,0.06010427046691224
2018-05-10,2018,1903,0,0,48,3,-0.3076902031225881,-0.0007692255078064703,0.019775823628471457,0.163539371413474,0.0010577084637614692,0.03031590244604098
2018-05-11,2018,1903,0,0,47,1,0.45401289044420523,0.0011350322261105131,0.030487577901578616,0.16175055617256232,0.0007063615828986703,0.019853621965108266
2018-05-14,2018,1903,0,0,47,2,-0.4021195250099987,-0.0010052988125249967,-0.06602341824278603,0.1778536805810734,0.0006575579032578843,0.10370737693152599
2018-05-15,2018,1903,0,0,47,1,0.4163429152874575,0.0010408572882186437,0.04771400030249448,0.15887462996145613,0.0003876813790597705,0.06687312826096525
2018-05-16,2018,1903,0,0,47,3,0.22194508854973594,0.0005548627213743399,0.053976308780491304,0.15783157437551987,0.000298683896436478,0.058529375484517615
2018-05-17,2018,1903,0,0,48,0,0.712116396013455,0.0017802909900336374,0.08021062188939947,0.15345372249568823,0.0003549530333767534,0.1255616559974408
2018-05-18,2018,1903,0,0,49,1,0.1896108771356546,0.0004740271928391365,0.054703606374980736,0.15771023415937474,0.00024103121012784,0.05581776555487131
2018-05-21,2018,1903,0,0,50,1,0.604889152970283,0.0015122228824257075,-0.05656963321954123,0.17627279126063797,0.00030098736103621455,0.1304102951469192
2018-05-22,2018,1903,0,0,51,0,-0.20487340606608617,-0.0005121835151652154,-0.010175065420398914,0.1685372781637409,0.00038176121386140503,0.081434496132089
2018-05-23,2018,1903,0,0,50,12,-1.553338467894048,-0.0038833461697351202,-0.10856937403632376,0.18494971243274094,0.0003134343285597943,0.1280044948967659
2018-05-24,2018,1903,0,0,50,5,-0.7669598523146626,-0.0019173996307866564,-0.04003767669860622,0.17351239320089104,0.00040726927226277134,0.1900686712593606
2018-05-25,2018,1903,0,0,50,6,0.8435941882591081,0.00210898547064777,0.11713537438663726,0.14729531402093615,0.00026597690197278093,0.11071149288736569
2018-05-28,2018,1903,0,0,50,10,0.262780742401568,0.00065695185600392,0.02367888360551094,0.16289068756286573,0.00037033589277085167,0.03605548879008431
2018-05-29,2018,1903,0,0,50,11,0.7554793019458517,0.0018886982548646293,0.06381277722690576,0.1561908639439542,0.0005265624681464762,0.04640093476094178
2018-05-30,2018,1903,0,0,50,9,-0.3759972731905359,-0.0009399931829763397,-0.04696245763508425,0.17467268829581112,0.0004798413425660898,0.02084867071550004
2018-05-31,2018,1904,0,0,51,3,-1.5419848117665325,-0.0038549620294163313,-0.12748496774519463,0.1881108999397516,0.0006582429735334701,0.08396822450423488
2018-06-01,2018,1904,0,0,51,11,-0.2970505721826768,-0.0007426264304566919,-0.02511174036849529,0.17102248136119988,0.00041398833397854594,0.42812564425808675
2018-06-04,2018,1904,0,0,51,17,0.6826948483997675,0.0017067371209994187,0.013900887806297765,0.16451417383921774,0.0003746493847653588,0.1081048844104459
2018-06-05,2018,1904,0,0,52,8,0.5366375180660343,0.0013415937951650858,0.07801255543775171,0.15382117530924072,0.00041669551011047504,0.056390142847882206
2018-06-06,2018,1904,0,0,52,10,-0.13802905010394706,-0.0003450726252598676,0.03630404630855306,0.16077572335052717,0.00030418733511591216,0.01689053779416695
2018-06-07,2018,1904,0,0,51,3,0.12115568977148983,0.00030288922442872455,-0.03393399625124198,0.17249520548516897,0.0003534159222159556,0.05356026589798346
2018-06-08,2018,1904,0,0,51,0,-0.7086608720266496,-0.001771652180066624,-0.022336675592458784,0.17056037964989954,0.00027812236183273023,0.05563160693980432
2018-06-11,2018,1904,0,0,51,6,0.33446551450353257,0.0008361637862588314,0.008789221872212616,0.16536752650474354,0.0003620815170327836,0.039437122064309695
2018-06-12,2018,1904,0,0,52,7,-0.013028684467239593,-3.257171116809898e-05,-0.0022884688237207957,0.16721480545778375,0.00034328068815351183,0.03384296915469964
2018-06-13,2018,1904,0,0,53,6,0.42152289694881134,0.0010538072423720284,0.08673897845328551,0.15236849110387696,0.0004127848838748956,0.04725003820340981
2018-06-14,2018,1904,0,0,53,5,-2.0982268361837773,-0.005245567090459443,-0.21715472907886207,0.20307012511676853,0.0004772002255822342,0.04238959816209994
2018-06-15,2018,1904,0,0,53,3,0.5411264185581444,0.0013528160463953608,0.03372868092660021,0.16121377523061262,0.0006286232763014057,0.029219099397734462
2018-06-18,2018,1904,0,0,51,4,0.18660717527079018,0.00046651793817697546,0.04189671661371655,0.15984789601055766,0.0003810553584152361,0.08037781272678589
2018-06-19,2018,1905,0,0,51,21,0.8789134873870796,0.002197283718467699,0.10760393890186146,0.1488860825565752,0.00038427410972278743,0.03023959755782053
2018-06-20,2018,1905,0,0,50,4,-0.7681030441732776,-0.0019202576104331939,-0.11015755263797722,0.18521756896366698,0.00044655392246037575,0.038479976566384994
2018-06-21,2018,1906,0,0,51,1,-0.4621239370542236,-0.001155309842635559,-0.03226142495806242,0.17222263454437134,0.0005970332764869202,0.012635109595570616
2018-06-22,2018,1907,0,0,51,13,0.4143793812860776,0.001035948453215194,0.056643185043892944,0.1573875445830619,0.00039238003622449585,0.012684868276351577
2018-06-25,2018,1907,0,0,51,10,0.834287308172976,0.00208571827043244,0.16484450515856214,0.13933635639493389,0.0007447214296640775,0.029770922937720132
2018-06-26,2018,1908,0,0,51,8,-0.07961425419287216,-0.0001990356354821804,-0.0013781266506870966,0.16706792712612736,0.00034506598400719217,0.05851072647415824
2018-06-27,2018,1909,0,0,50,3,1.245655923654819,0.0031141398091370474,0.1332122751843098,0.14461166250669638,0.00033586636073482416,0.032668126268471646
2018-06-28,2018,1909,0,0,50,2,-0.42031356991887936,-0.0010507839247971985,-0.07605331575519413,0.1795298183122823,0.0007487123058299429,0.048583541071693624
2018-06-29,2018,1910,0,0,51,5,-1.0182395664937343,-0.002545598916234336,-0.08671860694027736,0.18130641613171733,0.0004918579221727408,0.02832375220913689
2018-07-02,2018,1910,0,0,52,14,-0.23504667755424402,-0.00058761669388561,-0.03818058744276132,0.17320763440016743,0.00043638925788862975,0.038619142425555655
2018-07-03,2018,1910,0,0,52,3,0.43694991886532986,0.0010923747971633246,0.040408599607179255,0.16009919636385994,0.0005460070555428541,0.040476138166517905
2018-07-04,2018,1910,0,0,52,15,1.7774030691081903,0.004443507672770476,0.1841185591379086,0.13612079328696888,0.0007451098899776552,0.01534688914890333
2018-07-05,2018,1910,0,0,51,20,0.017985171949382206,4.496292987345551e-05,-0.02108286073229962,0.17035673133182092,0.002019085160785944,0.11422083507692031
2018-07-06,2018,1910,0,0,52,5,0.8931197938103721,0.0022327994845259304,0.08821332993608166,0.15212162822353265,0.0011940904286434496,0.07992179015690451
2018-07-09,2018,1910,0,0,51,5,-0.4415540966149951,-0.0011038852415374877,-0.03142485155711939,0.17208278364049523,0.0003886544334608369,0.0414838269261876
2018-07-10,2018,1911,0,0,51,6,-0.19818888874601093,-0.0004954722218650273,0.01358958180613158,0.16456663950042108,0.0003802935379704351,0.052556269367416336
2018-07-11,2018,1911,0,0,53,8,-0.3628553079719441,-0.0009071382699298602,-0.04477595332739888,0.1743063867529245,0.0006962020329068127,0.1212796709103515
2018-07-12,2018,1911,0,0,54,7,2.334424120201097,0.005836060300502742,0.1657557419776463,0.13918489651703028,0.0006158509575333559,0.025262089209953494
2018-07-13,2018,1911,0,0,55,1,0.3419725377527775,0.0008549313443819437,0.061658481899839176,0.15655032100536023,0.00037471731540525,0.013798478114380303
2018-07-17,2018,1911,0,0,54,2,1.3200075769469788,0.003300018942367447,0.14324917659246592,0.14293887848632586,0.00029360669264637317,0.034427303470777104
2018-07-18,2018,1911,0,0,54,5,-0.24226954013101165,-0.0006056738503275291,-0.02214627886196203,0.1705300689056421,0.0003427129400398722,0.015139923325005668
2018-07-19,2018,1911,0,0,55,10,0.15663873439902498,0.00039159683599756243,0.04648318387502052,0.15907640660412162,0.0003502259407789011,0.1619793607680679
2018-07-20,2018,1911,0,0,54,7,0.12014354386523607,0.0003003588596630902,-0.0038248207127650857,0.16747384117473046,0.0003604300917656295,0.03538858957094496
2018-07-23,2018,1912,0,0,55,8,0.24368291231195793,0.0006092072807798948,0.03836439484245285,0.1604327769259936,0.0003303666798895,0.007939388345782084
2018-07-24,2018,1912,0,0,57,7,0.587748181319552,0.00146937045329888,0.0588396472506309,0.157022639835068,0.0003405395941877183,0.028074640517412357
2018-07-25,2018,1913,0,0,58,10,0.6851087183445252,0.0017127717958613131,0.06460888801521157,0.15605866371476282,0.000341394186104503,0.026825532648755812
2018-07-26,2018,1913,0,0,58,7,1.1869032003690216,0.002967258000922554,0.1073128726126561,0.14893232584465713,0.0008202636335512954,0.035040081339341944
2018-07-27,2018,1913,0,0,57,4,1.3102086055913782,0.0032755215139784453,0.13472250210123318,0.14436164497828285,0.0007971957445699078,0.0214008056218438
2018-07-30,2018,1913,0,0,57,1,-0.951899078292185,-0.0023797476957304626,-0.05934331529298305,0.17673775157902757,0.0008587336629310783,0.053334374498030364
2018-07-31,2018,1913,0,0,57,5,0.8813579789811863,0.002203394947452966,0.07394302189899936,0.15449622681677116,0.000556598791923191,0.03459056545883738
2018-08-01,2018,1913,0,0,58,2,-0.6804063650958894,-0.0017010159127397234,-0.03025293943122421,0.1718857777458052,0.0007315348560181132,0.17626515322630593
2018-08-02,2018,1913,0,0,56,3,-0.9362281590871837,-0.0023405703977179594,-0.019932245612782347,0.1701621666933904,0.0008398357388093756,0.1819861954468578
2018-08-03,2018,1913,0,0,56,5,0.4252699277885721,0.0010631748194714302,0.014933945552878488,0.16434603177977403,0.000609617009307828,0.04949272762225665
2018-08-06,2018,1913,0,0,57,2,0.3642116344408165,0.0009105290861020413,0.025179783856540218,0.1626367895536921,0.0007373609839916148,0.036994327230389354
2018-08-07,2018,1913,0,0,58,3,0.35693249480901107,0.0008923312370225277,0.03703579470737195,0.160658142290099,0.0006472706113138325,0.03289933643956733
2018-08-08,2018,1913,0,0,57,1,0.44581704938671884,0.0011145426234667971,0.056477270063870676,0.1574153300112234,0.0010007896911005715,0.051433597574254405
2018-08-09,2018,1913,0,0,58,1,1.1688943300270909,0.0029222358250677273,0.07259263628593147,0.1547292407416276,0.001480780513953484,0.029500777014342356
2018-08-10,2018,1913,0,0,58,4,0.7875357779324439,0.00196883944483111,0.0356368271659115,0.1608943982540095,0.0007996690801193445,0.08277423664118636
2018-08-13,2018,1913,0,0,58,11,-1.3524312589084544,-0.003381078147271136,-0.11458997781135935,0.18595743680283963,0.0005722550740360025,0.016371373275521222
2018-08-14,2018,1913,0,0,60,6,-0.42473967187108075,-0.0010618491796777019,0.01357070187851517,0.16457362254959215,0.000564060511570263,0.03325431701171832
2018-08-15,2018,1913,0,0,61,8,-0.845471466773039,-0.0021136786669325976,-0.0005127679900364907,0.16692021493544398,0.00040120078252873354,0.2609575388337264
2018-08-16,2018,1913,0,0,62,7,0.2924781734445032,0.000731195433611258,0.024745007335007778,0.1627090219064137,0.00032751178931746783,0.07394633122655782
2018-08-17,2018,1913,0,0,63,7,-0.04751035020467076,-0.0001187758755116769,-0.040742140691478246,0.17363472876593083,0.00032694555312887173,0.13123774211541012
2018-08-20,2018,1913,0,0,64,8,-0.9020443573491206,-0.0022551108933728014,-0.08504342704770987,0.18102664851833272,0.0005778692217383483,0.061181620267430896
2018-08-21,2018,1913,0,0,64,8,-0.8547580502086827,-0.0021368951255217065,-0.06742136053962143,0.17807692948204806,0.0004012324048911072,0.020126380690663987
2018-08-22,2018,1913,0,0,65,12,-1.0017995000879962,-0.0025044987502199907,-0.010636418705380082,0.16860793148357683,0.0003542811652350966,0.11250449370485828
2018-08-23,2018,1913,0,0,64,16,-0.5162043515742822,-0.0012905108789357056,-0.05312236385691793,0.17570241606616702,0.0005314202902440216,0.04502991741001028
2018-08-24,2018,1913,0,0,64,15,1.1430146126626115,0.0028575365316565286,0.1337432793059747,0.14451376943532704,0.0002477521907358131,0.01699823625469402
2018-08-27,2018,1913,0,0,64,8,0.6208162106614663,0.0015520405266536657,0.02585022002152165,0.16252430847222613,0.00038561479876803766,0.06673629600294052
2018-08-28,2018,1913,0,0,64,6,-0.7486125481449739,-0.0018715313703624348,-0.03958880541321491,0.17343670242378884,0.00037956591918360396,0.06810235240483395
2018-08-29,2018,1913,0,0,63,12,-0.3458329067505193,-0.0008645822668762983,-0.05900148086702363,0.17667186531792411,0.0002740848287339328,0.13105054481725745
2018-08-30,2018,1913,0,0,63,6,-0.404639153105667,-0.0010115978827641675,-0.025368417189093963,0.1710693008887975,0.0005990522258617408,0.06629093454986322
2018-08-31,2018,1913,0,0,65,16,-0.669725344648849,-0.0016743133616221226,-0.09682714929282069,0.18298652397113774,0.000334800389961561,0.005918440761818576
2018-09-03,2018,1913,0,0,64,11,0.07198024087208543,0.00017995060218021358,0.012572017949227193,0.16473170344728538,0.0003667190453312715,0.03823871060791815
2018-09-04,2018,1913,0,0,64,16,0.23476501701626273,0.0005869125425406568,0.00988837896286759,0.16518766528979809,0.00043642803307760325,0.05412852070784376
2018-09-05,2018,1913,0,0,65,11,-0.0050374772227524955,-1.2593693056881239e-05,0.04406173796276135,0.1594846957419459,0.0003310795304995462,0.08044908510451958
2018-09-06,2018,1913,0,0,63,7,-0.7542253060650989,-0.001885563265162747,0.007435115603628848,0.16559005462828227,0.0004956673772586965,0.3922170384640381
2018-09-07,2018,1913,0,0,63,6,1.111344842379205,0.0027783621059480124,0.09206938435407312,0.1514695559323298,0.0003801432628937619,0.014917147978434592
2018-09-10,2018,1913,0,0,64,13,1.3837871691797679,0.0034594679229494195,0.11498009129829488,0.14765350387581141,0.00040439948300869077,0.027731788662415994
2018-09-11,2018,1913,0,0,61,6,-0.40543280659063496,-0.0010135820164765873,-0.017722422705830673,0.16979229076121027,0.00039950657548346,0.040573084212579026
2018-09-12,2018,1913,0,0,62,1,-2.1835260462766257,-0.0054588151156915645,-0.22802281392871943,0.2048799541473954,0.0007872268599176697,0.024719618955914784
2018-09-13,2018,1913,0,0,63,6,0.19567935566803785,0.0004891983891700946,0.044869013839101635,0.1593534993312085,0.0007073619106299733,0.04184243685125969
2018-09-14,2018,1913,0,0,61,6,1.5418658843984787,0.0038546647109961966,0.1703226200088966,0.138422809689454,0.0004943556377648065,0.03353297228255719
2018-09-18,2018,1913,0,0,59,7,-0.22565692589945585,-0.0005641423147486396,0.04170869847017744,0.15987664972700855,0.0004559113612831007,0.08517084304067943
2018-09-19,2018,1913,0,0,58,3,1.1777222628270552,0.002944305657067638,0.08966112585719317,0.1518802331111789,0.00048400764507290953,0.03147623406655236
2018-09-20,2018,1913,0,0,57,4,-0.17950600141799722,-0.000448765003544993,-0.03503279254387161,0.17268499234992604,0.0005180141922981606,0.013944844972490426
2018-09-21,2018,1914,0,0,58,10,-2.6898997458203597,-0.006724749364550899,-0.1930349646722311,0.19904412443624311,0.0006090012854246303,0.045703975610664964
2018-09-25,2018,1915,0,0,59,31,-1.4866629777688363,-0.0037166574444220907,-0.10632546581382307,0.18457933610414481,0.0009432969583836264,0.016361317910233614
2018-09-26,2018,1915,0,0,58,2,0.461314626908357,0.0011532865672708925,0.050045046287429104,0.15848738890898895,0.0003719672529570794,0.058746928144499874
2018-09-27,2018,1916,0,0,59,18,0.8209576678400478,0.0020523941696001195,0.10017758569350071,0.15012435772436683,0.00037986977494830357,0.04805500251048406
2018-09-28,2018,1917,0,0,60,9,-1.351597710615972,-0.00337899427653993,-0.07278335280819957,0.17897949871916255,0.0004585529487681753,0.05024061975915315
2018-10-01,2018,1920,0,0,63,9,-0.5986061292122786,-0.0014965153230306965,0.002305668594219859,0.16645338806562424,0.0005354859405304526,0.031552239922373895
2018-10-02,2018,1920,0,0,63,10,-0.25175285118014884,-0.0006293821279503721,-0.06378175389207517,0.17747724829778788,0.00032055047200188865,0.013547151915114252
2018-10-03,2018,1920,0,0,63,2,-0.7881403586892506,-0.0019703508967231264,-0.06559047104436719,0.17777861479812102,0.00048223188945701055,0.043988630737651746
2018-10-04,2018,1920,0,0,62,8,-0.39046803500189675,-0.0009761700875047419,-0.015275148538683777,0.169387633771828,0.0008677726598048371,0.07390722573225478
2018-10-05,2018,1920,0,0,65,12,0.37842086565971345,0.0009460521641492836,0.0823494507204146,0.15309728095248568,0.0005878758699677931,0.11384728764442317
2018-10-09,2018,1920,0,0,65,10,0.6423808746687492,0.001605952186671873,0.03924542641250739,0.16029263571035662,0.0011142718156511276,0.040742799612644806
2018-10-10,2018,1920,0,0,64,9,1.831830013745844,0.00457957503436461,0.1267202709484289,0.14569730608332082,0.0007218878580064672,0.05215567386784877
2018-10-11,2018,1920,0,0,63,32,1.6699871865004334,0.004174967966251083,0.074032829576177,0.1544881895427756,0.0010011257938096936,0.15157192590492086
2018-10-12,2018,1920,0,0,63,4,-0.6864259719487834,-0.0017160649298719585,-0.058467496719174415,0.17659151760882802,0.0005441550002656708,0.08106457177125469
2018-10-15,2018,1920,0,0,63,9,0.402973339125948,0.00100743334781487,0.05774948516031305,0.15720497937214528,0.0011128630447410275,0.10278368950394978
2018-10-16,2018,1920,0,0,64,12,-0.6025441708052888,-0.0015063604270132219,-0.076203576503812,0.17954926301062404,0.0005491037989681896,0.1176800117777031
2018-10-17,2018,1920,0,0,63,7,-0.8699385390014962,-0.0021748463475037404,-0.09552487190508176,0.18277333928582581,0.000612707483904965,0.045702801164068496
2018-10-18,2018,1920,0,0,63,6,-0.4753085307221266,-0.0011882713268053164,-0.026854628225720746,0.17131505630241653,0.0007980150969828094,0.10065302937005333
2018-10-19,2018,1921,0,0,64,13,-0.5206342452913741,-0.0013015856132284353,-0.0361377915580288,0.17286921394202961,0.0009008264578625643,0.042217334775998615
2018-10-22,2018,1921,0,0,63,13,0.6676476808588321,0.0016691192021470803,0.09817299483392018,0.1504522509853176,0.00038047620661710253,0.01082577260210947
2018-10-23,2018,1921,0,0,62,9,1.4055325950604134,0.0035138314876510335,0.13518173275291687,0.14428651346231708,0.0008613491675900202,0.08351018790919539
2018-10-24,2018,1921,0,0,63,10,-0.4358397812332715,-0.0010895994530831787,0.000251742160179669,0.16679642192278596,0.0018284297904226957,0.27579977907202885
2018-10-25,2018,1921,0,0,62,34,0.6031606692779214,0.0015079016731948036,0.06356924358341635,0.1562325316387271,0.004164858083342567,0.12341159653106701
2018-10-26,2018,1921,0,0,62,24,1.789927989433564,0.00447481997358391,0.13222336421097294,0.1447796539424905,0.0014999006626666071,0.22456038868612352
2018-10-29,2018,1921,0,0,62,9,-5.214040659144878,-0.013035101647862195,-0.22674662198385165,0.20467006828312076,0.0033051850591282934,0.12173889332342261
2018-10-30,2018,1921,0,0,63,28,1.7593979488263667,0.004398494872065917,0.10197982736355782,0.1498236509384128,0.0068879619340004245,0.37096998463832687
2018-10-31,2018,1921,0,0,62,1,-0.47041780772671515,-0.001176044519316788,0.02645394464986498,0.16242542244560756,0.0014177406835604886,0.21109425774764642
2018-11-01,2018,1921,0,0,62,24,0.5785289348297501,0.0014463223370743752,0.010995158172517967,0.16500131234941204,0.0012565844771872474,0.1659764235001974
2018-11-02,2018,1921,0,0,61,13,-0.807244419167959,-0.0020181110479198976,-0.06971957487774713,0.1784676099004199,0.0006913699218808742,0.09308529577558408
2018-11-05,2018,1921,0,0,61,9,-0.010318785703119504,-2.579696425779876e-05,0.03638388951318878,0.16076671622626743,0.0006634777966978247,0.07080353867898054
2018-11-06,2018,1921,0,0,60,16,0.18740894295728694,0.00046852235739321737,0.052877110249100905,0.15801684657863652,0.0009407775902710594,0.06303809386189792
2018-11-07,2018,1921,0,0,60,15,0.1542735306707588,0.000385683826676897,0.010041446528676515,0.16515674459340568,0.0007554273650707888,0.020686151074963147
2018-11-08,2018,1921,0,0,60,9,0.4133571148592916,0.001033392787148229,-0.015873009659053736,0.1694836875539993,0.0012564519727373148,0.05385297514802954
2018-11-09,2018,1921,0,0,62,6,0.03521214594474609,8.803036486186522e-05,-0.006648071611501521,0.16794883747885217,0.0010321571996566269,0.037268364339749054
2018-11-12,2018,1921,0,0,61,6,-0.25203836685229153,-0.0006300959171307288,0.0005043475835287938,0.16675289883277933,0.0007813771477148238,0.03295323260161527
2018-11-13,2018,1921,0,0,58,10,-0.9060219000076569,-0.002265054750019142,-0.07614058814548624,0.17953905702099243,0.0007793940131971462,0.03886765042859705
2018-11-14,2018,1921,0,0,59,18,-0.5110333278441248,-0.001277583319610312,-0.05938825404678405,0.1767464376989388,0.0004966880639239228,0.018755933345969665
2018-11-15,2018,1921,0,0,58,16,0.584516137982334,0.001461290344955835,0.03546471633340192,0.16092062726898698,0.0005297450292948974,0.0760349559267674
2018-11-16,2018,1921,0,0,58,3,1.0867853553418816,0.002716963388354704,0.17234574735589844,0.13808242782847838,0.0004714305587654354,0.12082518381822988
2018-11-19,2018,1921,0,0,58,8,0.5795967758926296,0.001448991939731574,-0.017944724399995976,0.16983006766122516,0.0003987226360519415,0.05533563606198728
2018-11-20,2018,1921,0,0,59,5,-0.11440529511916031,-0.0002860132377979008,-0.0056649430038429255,0.16778231165657173,0.0005099973137879384,0.10041122109321186
2018-11-21,2018,1921,0,0,59,13,-0.1268403120825331,-0.00031710078020633276,-0.022229529637291773,0.17054289714162998,0.0004171185509290187,0.06752815543668139
2018-11-22,2018,1921,0,0,59,4,1.0995308003569648,0.002748827000892412,0.12863238171088717,0.1453759867297306,0.00040206250362268144,0.35754152784776116
2018-11-26,2018,1921,0,0,60,7,-1.0919257982035468,-0.002729814495508867,-0.12180364903600971,0.1871575008094245,0.0005295896843826327,0.049160841007747126
2018-11-27,2018,1921,0,0,60,12,-0.6427212285962408,-0.001606803071490602,-0.022012314430372087,0.17050868878818812,0.00038733386481429305,0.028160129459856787
2018-11-28,2018,1922,0,0,61,5,0.3375190775137631,0.0008437976937844077,0.0083773843259676,0.16544010731699005,0.00042860058574638944,0.04316907758637783
2018-11-29,2018,1922,0,0,62,18,0.046888013955550534,0.00011722003488887634,-0.04481253550934756,0.17431364369934366,0.0004458173012329923,0.11658212867312912
2018-11-30,2018,1922,0,0,61,2,0.39308389576763325,0.000982709739419083,0.0020239646555871202,0.16650215228181725,0.0009331102768851734,0.053278897549877455
2018-12-03,2018,1922,0,0,62,17,-1.4023209694867744,-0.0035058024237169362,-0.13065796251299186,0.18863741758823077,0.0005853765865307297,0.02782930291571823
2018-12-04,2018,1922,0,0,61,16,0.6356106317532464,0.001589026579383116,0.04268056542420032,0.1597185172349517,0.0008195278865160126,0.1466410242379432
2018-12-05,2018,1922,0,0,62,12,0.9101628051384006,0.0022754070128460017,0.03454206502477934,0.1610739182788515,0.0004443171486897246,0.09864448592351859
2018-12-06,2018,1922,0,0,62,8,1.1624939516611175,0.0029062348791527937,0.10491049372112117,0.1493367331238834,0.0005992039966522206,0.11131942360474445
2018-12-07,2018,1922,0,0,62,9,-0.9016076253797776,-0.002254019063449444,-0.10577180565531084,0.18448573285499947,0.0007081900931141665,0.021437841555685247
2018-12-10,2018,1922,0,0,60,19,-1.4975307934332598,-0.0037438269835831494,-0.0760733180554057,0.17953177140518453,0.0023564258037325372,0.06582790593772775
2018-12-11,2018,1922,0,0,59,4,-0.1409961907857702,-0.0003524904769644255,0.015876026189178175,0.16418866800907492,0.0008404148461877274,0.07720181893870622
2018-12-12,2018,1923,0,0,58,2,-0.3805627406499861,-0.0009514068516249652,-0.0918489256009477,0.18216284581892705,0.002184087536453457,0.09605304476094162
2018-12-13,2018,1924,0,0,59,7,-0.7931535000445875,-0.001982883750111469,-0.10164931520225416,0.18379702813304027,0.0006055932354083787,0.060407440499076384
2018-12-14,2018,1923,0,0,60,6,1.2375528494056658,0.0030938821235141647,0.10384983818337394,0.149513662900247,0.0006367375788580337,0.03403147303103023
2018-12-17,2018,1923,0,0,59,23,0.49607924794252367,0.0012401981198563092,0.006890605146992247,0.16568819094633652,0.00043263675333868264,0.031463398288769664
2018-12-18,2018,1923,0,0,57,16,1.991789909152864,0.0049794747728821595,0.13800683674636263,0.14381499552986826,0.0007287762974101111,0.11402028327113325
2018-12-19,2018,1925,0,0,59,28,0.27573226606895407,0.0006893306651723852,-0.022694120645066967,0.17062610150707863,0.0016690819016468913,0.10648706037685528
2018-12-20,2018,1925,0,0,59,30,4.55380013268862,0.01138450033172155,0.18458032621983383,0.13604454095098584,0.001813607800307162,0.2568847758473527
2018-12-21,2018,1928,0,0,61,7,1.8491303257350036,0.0046228258143375086,0.13667452310880845,0.14403661553976044,0.002067224939257143,0.39908910612433324
2018-12-25,2018,1929,0,0,61,31,-2.163470061448937,-0.005408675153622342,-0.1678145459690608,0.1948376511439187,0.03970223788568889,0.4982163543074413
2018-12-26,2018,1929,0,0,58,2,0.16072970550024873,0.00040182426375062183,-0.026605987124619014,0.17127439100898034,0.006657049032153939,0.6412332524806084
2018-12-27,2018,1929,0,0,58,1,0.2769587862763112,0.0006923969656907781,0.03629941298473249,0.16078161326740298,0.00116773213567943,0.18513616048003576
2018-12-28,2019,1930,0,0,58,5,2.9578975026246472,0.007394743756561618,0.15362879785378883,0.1412080751183962,0.0015020613381553332,0.18153450908920887
2019-01-04,2019,1930,0,0,57,29,-2.1865427929740404,-0.005466356982435101,-0.11218680470201291,0.18555426156978833,0.0022972968481397168,0.268415289774415
2019-01-07,2019,1930,0,0,57,8,1.2335721947232736,0.003083930486808184,0.02917218131715706,0.16197007960805018,0.0026974217872825857,0.18941572483514907
2019-01-08,2019,1930,0,0,56,25,-0.6964334477547166,-0.0017410836193867915,-0.055962420888301355,0.17617200199810928,0.0008475777805896206,0.5589839349738333
2019-01-09,2019,1930,0,0,57,28,0.15416651128044326,0.00038541627820110817,0.04667815079393357,0.15904466942215775,0.0005025611175227375,0.09569919255902894
2019-01-10,2019,1930,0,0,55,18,-1.2301804058192456,-0.003075451014548114,-0.07604411166396914,0.17952350046653123,0.0010718657895123658,0.38478049934908903
2019-01-11,2019,1930,0,0,56,11,-0.7580966447751547,-0.0018952416119378868,-0.040051132822813085,0.17351777748450087,0.0004776507521097785,0.018565991317061256
2019-01-15,2019,1930,0,0,56,10,0.5817212895404493,0.0014543032238511233,0.06561738294430562,0.15588634423494446,0.0004217009032116912,0.0508748233940268
2019-01-16,2019,1930,0,0,57,10,1.0570299797644467,0.0026425749494111165,0.05035966740501887,0.1584338640412751,0.000744783132008846,0.0858827478809654
2019-01-17,2019,1929,0,0,59,14,0.6331370503071607,0.0015828426257679018,0.04139591048622471,0.1599298746376115,0.0004958395228251143,0.07014135753712013
2019-01-18,2019,1929,0,0,58,8,-0.9240569830507597,-0.0023101424576268993,-0.054263613977328935,0.1758870557678923,0.0005121865542524766,0.07591159692090187
2019-01-21,2019,1929,0,0,59,5,-0.9770261270267077,-0.002442565317566769,-0.06470417857371706,0.17763181824461127,0.00048477599800983933,0.08264453130581807
2019-01-22,2019,1929,0,0,61,15,0.037935935703705015,9.483983925926254e-05,-0.0631508095313281,0.1773687941606442,0.0008203813198427842,0.034594934635599164
2019-01-23,2019,1929,0,0,61,18,-1.4640860078274476,-0.003660215019568619,-0.12527479501695374,0.18773504333551302,0.0005803185005496043,0.03547483290301216
2019-01-24,2019,1929,0,0,60,10,0.11886799478580556,0.00029716998696451393,-0.031167835646624984,0.1720367230207025,0.000696205162026144,0.12135407128927647
2019-01-25,2019,1929,0,0,60,18,-1.894429407742571,-0.004736073519356427,-0.14923659848291632,0.1917304856364276,0.0003882961542444935,0.051295224929627965
2019-01-28,2019,1929,0,0,60,7,0.5036120740453498,0.0012590301851133745,0.01753741114634665,0.1639113906816323,0.0007036454008268629,0.01971814697902108
2019-01-29,2019,1929,0,0,61,5,0.1996836707309133,0.0004992091768272833,-0.00902800933793166,0.16834176173843987,0.0007978026418480447,0.04316931843643593
2019-01-30,2019,1929,0,0,62,5,0.29503319738080613,0.0007375829934520153,0.015577732272733508,0.1642381006056021,0.001028280309007571,0.10005520254195857
2019-01-31,2019,1929,0,0,62,13,1.3080159704051288,0.003270039926012822,0.06629057033735151,0.15577901931230198,0.000890739480458038,0.055361012596614134
2019-02-01,2019,1929,0,0,62,13,0.7129054316536528,0.001782263579134132,-0.04195428220642518,0.17383407816713561,0.0006014809429813369,0.05147116008392828
2019-02-04,2019,1929,0,0,62,26,-0.7806251011465881,-0.0019515627528664703,-0.06539507843098344,0.17774321274982618,0.0007375630986057485,0.054399354655971316
2019-02-05,2019,1929,0,0,64,8,-0.3635692223935474,-0.0009089230559838684,-0.04826932888412029,0.17488860740540493,0.0009485314179135135,0.4363469524167652
2019-02-06,2019,1929,0,0,64,1,0.8126824269947766,0.0020317060674869413,0.040581434624819085,0.16006813796632524,0.0012269255307707102,0.015503223710847768
2019-02-07,2019,1929,0,0,66,0,-0.2445875525713146,-0.0006114688814282865,0.03771021015565745,0.16054722707354163,0.0012131902780139038,0.08979472415209572
2019-02-08,2019,1929,0,0,65,2,0.9273722454677202,0.0023184306136693005,0.0585079599709592,0.15707482155268243,0.0009468289289853422,0.4548211893101897
2019-02-12,2019,1929,0,0,64,1,1.089485606642357,0.002723714016605893,0.07893057442501111,0.1536668173780322,0.0007281627212328383,0.27901355058098654
2019-02-13,2019,1929,0,0,64,3,0.2341875489371814,0.0005854688723429535,0.03253529690849849,0.16140604203949135,0.0008771968815282832,0.23453876398731313
2019-02-14,2019,1929,0,0,65,2,0.4543522620189293,0.0011358806550473234,-0.024089063784729574,0.17085827014364086,0.0010484730291988897,0.21887430897095067
2019-02-15,2019,1929,0,0,64,1,1.1274973009292608,0.0028187432523231522,0.053989275208246014,0.1578228759347622,0.0003901523731882645,0.13485267716517654
2019-02-18,2019,1929,0,0,63,8,0.8625563334130537,0.002156390833532634,0.013446977459544039,0.1645906240494039,0.00037856938104341474,0.05204022613811102
2019-02-19,2019,1929,0,0,63,13,0.7869925061472185,0.001967481265368046,0.05843999673059918,0.15707976956992162,0.00031216793722187657,0.04042750758747475
2019-02-20,2019,1929,0,0,64,10,-0.004495953574960659,-1.1239883937401648e-05,-0.050738826171090656,0.17529365204500386,0.00032017229522718723,0.0558511751198196
2019-02-21,2019,1929,0,0,64,3,-0.04992070466973142,-0.00012480176167432855,0.010174938876692078,0.165138508928433,0.0004026018088810209,0.08387912876431758
2019-02-22,2019,1929,0,0,64,2,-0.006048557866898507,-1.5121394667246268e-05,0.0013332204355141347,0.1666092102143394,0.0003250719601877586,0.06071565062168625
2019-02-25,2019,1929,0,0,63,7,0.7032246085795535,0.0017580615214488836,0.054120166388287504,0.15780453949313777,0.0004065271209586057,0.0543843190169963
2019-02-26,2019,1929,0,0,62,2,-0.1077005059056968,-0.00026925126476424197,0.03286848815124554,0.16134863955868767,0.00042112891847000377,0.0499415960903278
2019-02-27,2019,1929,0,0,62,5,-0.5906787653122115,-0.001476696913280529,-0.01793151987523214,0.1698256255214235,0.0003052568037935195,0.06483594822259069
2019-02-28,2019,1930,0,0,60,5,1.256083687760362,0.003140209219400905,0.08867489681651025,0.15204247025067485,0.0004011245444154536,0.07829176076440165
2019-03-01,2019,1931,0,0,61,5,-0.6860379225016604,-0.001715094806254151,-0.09186660088964549,0.18215936395902674,0.00036699383629399724,0.06861964816184998
2019-03-04,2019,1931,0,0,61,12,-0.27486297174754737,-0.0006871574293688685,-0.04206141579347298,0.17384836338496515,0.0002737651378515127,0.05981990689933485
2019-03-05,2019,1932,0,0,63,7,-0.34231624524054394,-0.0008557906131013599,-0.018480463899137264,0.16991960576719262,0.0004526140029562894,0.026383513190311708
2019-03-06,2019,1932,0,0,64,7,0.6299192707168775,0.0015747981767921936,0.04371968749824763,0.15954490322340284,0.0009934596518311545,0.008828365118058571
2019-03-07,2019,1932,0,0,63,5,-0.7160734142668551,-0.0017901835356671377,-0.054932132987014375,0.1759999371385173,0.0004255100648185883,0.043596285206329674
2019-03-08,2019,1932,0,0,63,1,0.4817568371259786,0.0012043920928149466,0.13041546400327916,0.1450795254225186,0.0007979123367921989,0.05264312213285053
2019-03-11,2019,1932,0,0,63,20,-0.44109054325904995,-0.001102726358147625,-0.040802844118663216,0.17364151534617714,0.00038022882423992976,0.15685803086231684
2019-03-12,2019,1932,0,0,63,20,-0.5071219006225038,-0.0012678047515562597,-0.08038074233293473,0.1802420021942102,0.0004066909303245529,0.0582240619189297
2019-03-13,2019,1933,0,0,66,14,-0.6601652368359157,-0.0016504130920897892,-0.042048028852665384,0.17385099359108075,0.0005482405558018043,0.0713551398942999
2019-03-14,2019,1933,0,0,65,13,0.06459888526285917,0.00016149721315714794,-0.016209969261976192,0.16954098826168149,0.0007107900742700041,0.08868726231853756
2019-03-15,2019,1934,0,0,65,8,0.4857610570946145,0.0012144026427365361,0.017696835091340672,0.16388252544552964,0.00036050312353864077,0.10897499073999009
2019-03-18,2019,1934,0,0,65,8,-0.5118604374343769,-0.0012796510935859423,-0.04967771211799605,0.17512085922574064,0.000301511241501131,0.136566938703734
2019-03-19,2019,1935,0,0,66,9,0.07077679515763724,0.0001769419878940931,-0.04813520072806171,0.17486411938851137,0.00041938726348193263,0.09776640275440052
2019-03-20,2019,1936,0,0,67,11,-0.127417138155824,-0.00031854284538956,-0.013618178664720185,0.16911080633045414,0.001236725025717037,0.07723013807919192
2019-03-22,2019,1936,0,0,66,13,-0.6910340016438621,-0.0017275850041096551,-0.008528212528093302,0.1682615081909336,0.0008703598008638424,0.0645622891936556
2019-03-25,2019,1936,0,0,65,15,0.5702300598524908,0.0014255751496312268,0.08924794989079282,0.15194715447188117,0.0005450301131435777,0.03474141668011889
2019-03-26,2019,1936,0,0,63,10,-0.7192526474936911,-0.0017981316187342278,-0.11153289561843736,0.18544619719878253,0.001406008672596037,0.05173102741958151
2019-03-27,2019,1936,0,0,61,8,0.3778822306144708,0.000944705576536177,0.06949341557049994,0.15524120658210339,0.0003611527382826332,0.03471988575433576
2019-03-28,2019,1937,0,0,63,16,-0.4966894583586092,-0.001241723645896523,-0.05198712499925295,0.17551159148841378,0.0006750892175251564,0.1196080946813702
2019-03-29,2019,1937,0,0,64,7,-0.7460778126156168,-0.0018651945315390419,-0.1060084740710992,0.18452228863294418,0.0005702148136204222,0.029634811849646062
2019-04-01,2019,1937,0,0,63,4,-0.3363727161936938,-0.0008409317904842346,-0.06496971512153152,0.17767411793843602,0.0005384441334280204,0.10650708525297224
2019-04-02,2019,1937,0,0,63,15,-0.13774052739560438,-0.00034435131848901095,0.004809229098657851,0.16601998990765637,0.00038433452516311114,0.13764132922492953
2019-04-03,2019,1937,0,0,63,13,0.5698474248271888,0.001424618562067972,0.08832222083908593,0.15209660513927253,0.0003490671623464524,0.03698647577428589
2019-04-04,2019,1937,0,0,65,6,0.4128004058601457,0.0010320010146503643,-0.03444365302210377,0.17257974088703756,0.0003011839021743207,0.027878030075706516
2019-04-05,2019,1937,0,0,64,6,1.2468699700655155,0.003117174925163789,0.12352454476562114,0.14621601282721397,0.00037227596708567574,0.08073029560876985
2019-04-08,2019,1937,0,0,63,5,0.2921042508077146,0.0007302606270192866,0.03297134331398356,0.16133181641478092,0.0002630927626645501,0.09233241469602191
2019-04-09,2019,1937,0,0,64,14,1.3909314940923427,0.0034773287352308567,0.105991188599579,0.1491435125015308,0.00034641227723563185,0.10602756196152946
2019-04-10,2019,1938,0,0,63,15,0.2309138000719631,0.0005772845001799078,0.012144584643165203,0.16480374644076703,0.0002783669003475939,0.021756127171655554
2019-04-11,2019,1938,0,0,66,8,-2.251960898472313,-0.005629902246180782,-0.18197517125174725,0.1971976633777734,0.0008954241088750224,0.009284141381035406
2019-04-12,2019,1938,0,0,65,1,0.06059599128886439,0.00015148997822216097,0.01942390894351286,0.16359094079532416,0.00034269681606733076,0.05466585783448227
2019-04-15,2019,1938,0,0,64,24,0.4532188441969596,0.001133047110492399,0.0023989674576764567,0.16642931299939193,0.0004352706885843896,0.07073141156535104
2019-04-16,2019,1938,0,0,65,8,-0.33120576899552834,-0.0008280144224888208,-0.031118653236235555,0.17202931820296175,0.0006484144722590656,0.06943000358592098
2019-04-17,2019,1938,0,0,65,10,2.7483964442747237,0.0068709911106868094,0.27952887215114935,0.12019743191953144,0.0003114468994677133,0.024525287896996612
2019-04-18,2019,1938,0,0,65,9,1.13561224791361,0.0028390306197840246,0.14027940535565278,0.14342455735483306,0.0002793433910672333,0.03229332969162717
2019-04-19,2019,1938,0,0,65,6,-1.8338866806007572,-0.004584716701501893,-0.1965717999954488,0.19961629023825544,0.0002836708726174887,0.05653745582125968
2019-04-22,2019,1938,0,0,64,5,0.046462546151980644,0.00011615636537995161,0.020884113465367005,0.16335166477999716,0.000387248068246247,0.08895092623812442
2019-04-23,2019,1938,0,0,63,2,0.0981935684281785,0.00024548392107044627,-0.004210875745616626,0.16753603117617366,0.00038832866444353195,0.06076671987526419
2019-04-24,2019,1938,0,0,64,10,0.04720744860263265,0.00011801862150658163,-0.04006140677871816,0.17351666741402796,0.00045400599157230354,0.06202658850134401
2019-04-25,2019,1938,0,0,64,16,-0.8007840041724322,-0.0020019600104310806,-0.07215047570805135,0.17887420082584607,0.00100186094606094,0.053837238556298045
2019-04-26,2019,1938,0,0,64,19,-0.5136583021086545,-0.0012841457552716362,-0.006158494282786388,0.1678644083262815,0.0007308428042738484,0.042980577036453776
2019-05-07,2019,1938,0,0,63,8,0.7725310774874217,0.0019313276937185542,0.028364705111133842,0.16210526095196665,0.0009298502972536052,0.035867671519986315
2019-05-08,2019,1938,0,0,63,3,-0.008763110323298656,-2.190777580824664e-05,-0.029307580271836494,0.17172361026455754,0.0008445804286173894,0.03901256149178324
2019-05-09,2019,1938,0,0,63,17,1.157342468111067,0.002893356170277667,0.024666097138604383,0.1627217301094183,0.0014415981110771617,0.07811710458522486
2019-05-10,2019,1938,0,0,64,10,2.2669927726884915,0.005667481931721229,0.05205040512612488,0.15815271469922526,0.000989495101874668,0.030678316410119182
2019-05-13,2019,1938,0,0,62,6,-0.0163814682438137,-4.095367060953425e-05,0.01665851844965966,0.1640576904918587,0.0013910798927595002,0.04500492026661108
2019-05-14,2019,1938,0,0,61,7,-0.8668290721666345,-0.0021670726804165863,-0.050621587064071064,0.17528008412395318,0.0011390052692884425,0.08654351536996742
2019-05-15,2019,1938,0,0,61,6,0.06809399155057205,0.00017023497887643012,0.027425255300174797,0.16226074518785016,0.0006940144910654642,0.03766934408769838
2019-05-16,2019,1938,0,0,61,9,0.34093625774450287,0.0008523406443612572,-0.021335293404591702,0.17039316621512074,0.00045235875996458365,0.01444402970633203
2019-05-17,2019,1938,0,0,60,4,-0.6059113824417786,-0.0015147784561044464,-0.04079497663683163,0.1736408412925508,0.00040228612290998353,0.05156589597069308
2019-05-20,2019,1938,0,0,61,6,-0.593183027305655,-0.0014829575682641374,-0.10514873807400207,0.18437240224204907,0.0003691831756170617,0.09385561580697127
2019-05-21,2019,1938,0,0,61,9,2.569823928918521,0.006424559822296303,0.19707752631242137,0.13395350778983797,0.0003775677366843797,0.02051749413520272
2019-05-22,2019,1938,0,0,60,5,-1.14352472452267,-0.0028588118113066752,-0.01888289489720994,0.1699829423255253,0.00032375656679360036,0.01613119011558079
2019-05-23,2019,1938,0,0,61,1,0.47562182489318483,0.0011890545622329622,0.05219438936456141,0.1581225185143317,0.0005009518058081104,0.06908588599303128
2019-05-24,2019,1938,0,0,60,0,1.2356810573674402,0.0030892026434186006,0.14987622467055925,0.14182995259217673,0.00039703886468646604,0.053109905233441994
2019-05-27,2019,1938,0,0,60,12,0.6094510249768389,0.0015236275624420973,0.015813199816636894,0.1641957375126136,0.00039892481893061325,0.017364052012642534
2019-05-28,2019,1938,0,0,60,1,2.2755949789142718,0.005688987447285679,0.23003031545092456,0.12845705729466997,0.0004001293863227241,0.04827533276908527
2019-05-29,2019,1938,0,0,60,7,1.0026450000626688,0.002506612500156672,0.08827068422634819,0.15210803654585042,0.0003826003632484104,0.0865885552650884
2019-05-30,2019,1938,0,0,59,22,0.08141805696015814,0.00020354514240039534,0.002247112369769025,0.1664625780235766,0.0006535962434442259,0.10863639715210205
2019-05-31,2019,1938,0,0,59,4,-2.850467858350826,-0.007126169645877065,-0.23209038337308874,0.2055586514921886,0.0009280775964606607,0.07313889812236013
2019-06-03,2019,1939,0,0,58,7,-0.9765269830225778,-0.0024413174575564443,-0.15121177634278155,0.1920662725747648,0.0018109687260473566,0.03768105129582669
2019-06-04,2019,1939,0,0,58,3,-0.9999962155072675,-0.0024999905387681686,-0.04427777277563913,0.174217194096973,0.0010987818640018105,0.07170599903364608
2019-06-05,2019,1939,0,0,57,7,-0.27453175081330894,-0.0006863293770332724,-0.009954560046741785,0.1684943925864873,0.0005062262721718413,0.06249783641241367
2019-06-06,2019,1939,0,0,59,3,-0.14944599443669704,-0.0003736149860917426,-0.038721255087862755,0.17329574625800867,0.0010714118627692887,0.05455032527568836
2019-06-07,2019,1939,0,0,59,7,1.2631351708155734,0.0031578379270389336,0.14927181518106683,0.14192518837299617,0.0003589725623185469,0.07537259591473858
2019-06-10,2019,1939,0,0,59,20,0.587701594780497,0.0014692539869512425,-0.016929596897465097,0.16965651922817418,0.0004721879773670842,0.022493937699804435
2019-06-11,2019,1939,0,0,61,13,-1.8706018427538291,-0.004676504606884573,-0.20297768082927928,0.20069904480833003,0.0006115244692023864,0.026842891470142568
2019-06-12,2019,1940,0,0,62,10,0.02865653216562536,7.164133041406339e-05,0.019749163219777478,0.1635340480970159,0.00040520416353994465,0.3070334815221198
2019-06-13,2019,1940,0,0,62,18,-0.3350033777818715,-0.0008375084444546787,-0.04408755671653918,0.17418863057114814,0.0003688879176623399,0.050258769698073046
2019-06-14,2019,1940,0,0,59,26,1.3030365268960091,0.0032575913172400227,0.12950284287990127,0.1452314041524747,0.00043592261654955495,0.05182686276504661
2019-06-17,2019,1940,0,0,57,6,-1.5329163794673168,-0.0038322909486682923,-0.1460037000918646,0.19119625930677128,0.000967378024435468,0.036455245286488795
2019-06-18,2019,1941,0,0,58,12,-0.645315471824694,-0.0016132886795617348,-0.041303131935433064,0.17371892793788313,0.0004543132746042588,0.026609404557597242
2019-06-19,2019,1942,0,0,58,10,-0.6731809018736464,-0.0016829522546841162,-0.07116917008522158,0.17870964063048309,0.0007041127983506276,0.1419070837279042
2019-06-20,2019,1942,0,0,57,20,-0.5718198500463378,-0.0014295496251158445,-0.020010897844827485,0.17016793287437715,0.0002783837170159102,0.08660913100039752
2019-06-21,2019,1942,0,0,57,14,0.23756133109433597,0.0005939033277358399,0.03262768791705241,0.1613841541741042,0.0002756051773233571,0.02155244781420042
2019-06-24,2019,1942,0,0,57,21,0.5888240010638787,0.0014720600026596968,0.029575644442059415,0.16190100585504025,0.0004494270095305384,0.04050990841497304
2019-06-25,2019,1942,0,0,57,6,0.8689533740008097,0.0021723834350020244,0.11152745332668268,0.14822973810250092,0.0005396072689514993,0.029799823718415983
2019-06-26,2019,1942,0,0,57,26,0.1277922345647949,0.0003194805864119873,0.0023486728872196072,0.1664379819310307,0.000411855679170459,0.030959545463029464
2019-06-27,2019,1943,0,0,57,5,-0.15185217558880648,-0.00037963043897201623,0.008144861176460292,0.16547918105932052,0.0007279304479886765,0.040358567366706094
2019-06-28,2019,1943,0,0,57,10,-0.66680727977389,-0.001667018199434725,-0.0755858263868217,0.17944288619992912,0.0003473174975817631,0.06984093232794875
2019-07-01,2019,1943,0,0,58,18,-2.1255293421208203,-0.0053138233553020504,-0.179242821224272,0.19673865982535696,0.0010679806623214564,0.11841092455219521
2019-07-02,2019,1943,0,0,57,4,1.1313896309602969,0.002828474077400742,0.11383870221727224,0.1478417294294415,0.00034382545686663726,0.09842999053074597
2019-07-03,2019,1943,0,0,57,1,0.8309539245151273,0.002077384811287818,0.09325195965909559,0.15126767557623966,0.00024878460483895463,0.021963753583931125
2019-07-04,2019,1943,0,0,58,1,0.14309036311126366,0.00035772590777815916,0.009027717864881745,0.16532699171883333,0.0004823399397599548,0.018621557367511667
2019-07-05,2019,1943,0,0,55,1,0.3535432627321585,0.0008838581568303963,0.043637518670270756,0.15955293231392145,0.0003168487017571288,0.030736562066979247
2019-07-08,2019,1943,0,0,54,3,0.3760865255090664,0.0009402163137726661,0.03690418242429261,0.16067501357985203,0.0003037249185361937,0.024733014171987942
2019-07-09,2019,1943,0,0,53,4,0.28239417713178705,0.0007059854428294677,0.03495837586646872,0.1610018143917845,0.00033853540529452076,0.04437014912717084
2019-07-10,2019,1943,0,0,54,7,0.890302376554316,0.00222575594138579,0.0860685661550695,0.15247324858848288,0.00040919821761841433,0.23820239935764623
2019-07-11,2019,1943,0,0,55,9,0.00907470964183843,2.2686774104596073e-05,0.013952222124598143,0.16450315711011335,0.0006374359983910556,0.07816406496885372
2019-07-12,2019,1943,0,0,52,10,-0.21863581033807833,-0.0005465895258451958,-0.00309051279299692,0.16734666519217883,0.00039620589797365914,0.24188312524234573
2019-07-16,2019,1943,0,0,51,14,0.21944552206246914,0.0005486138051561728,0.02117728821151691,0.1633048761623158,0.0010286353363313237,0.2514629222333875
2019-07-17,2019,1943,0,0,54,8,0.3624590491378732,0.000906147622844683,0.037201723774357244,0.1606313311326933,0.0005489180529787395,0.04733567406349391
2019-07-18,2019,1944,0,0,55,35,-0.7277777597483737,-0.0018194443993709342,-0.05954968491701096,0.17676767279145603,0.00030129434544017567,0.029072153869648634
2019-07-19,2019,1944,0,0,54,16,-0.46728510988523375,-0.0011682127747130843,-0.052055901802271896,0.17551920759742282,0.0002170705869702247,0.02025417637194077
2019-07-22,2019,1944,0,0,54,4,0.5964335948731421,0.0014910839871828552,-0.007137653362998739,0.1680201463957725,0.0002938316539655355,0.06574755215096194
2019-07-23,2019,1944,0,0,54,4,-0.6757270043505227,-0.0016893175108763066,-0.05028176503165641,0.17521844458896602,0.00029387226126238535,0.05620542379632755
2019-07-24,2019,1944,0,0,54,2,-1.029590991011352,-0.0025739774775283804,-0.08341596496069738,0.18074325329678442,0.0004439900679315302,0.077421859225086
2019-07-25,2019,1944,0,0,54,17,0.9384341751544714,0.002346085437886178,0.06603314886801105,0.15581438232269787,0.0003764913737433617,0.1382126840844287
2019-07-26,2019,1944,0,0,54,8,-0.1493700379111309,-0.0003734250947778273,0.017160506808521405,0.16396880691347132,0.0003720866687317345,0.013149941217727154
2019-07-29,2019,1945,0,0,54,7,-0.029601482597032325,-7.400370649258082e-05,-0.029456656689457524,0.17174708410384718,0.0004993303840786974,0.013843347225866564
2019-07-30,2019,1945,0,0,55,17,0.32263275872862596,0.0008065818968215649,0.03305092105658473,0.16131515939650748,0.0004744076828742776,0.020579901851054197
2019-07-31,2019,1945,0,0,56,2,-1.1059727468035847,-0.0027649318670089616,-0.12427734419434443,0.18757194909060101,0.0012332720645716504,0.02516473518415511
2019-08-01,2019,1945,0,0,55,7,0.1340900376125962,0.00033522509403149047,0.018969917016465377,0.16367245743274256,0.0009389417836786576,0.02601245129870579
2019-08-02,2019,1945,0,0,56,31,0.8221809323780847,0.0020554523309452115,0.05494556696388808,0.15766476441877975,0.000525725873724371,0.05399600030883899
2019-08-05,2019,1945,0,0,54,36,0.8377095666178805,0.0020942739165447015,0.04637727466711398,0.15909509699658614,0.0006586158012615963,0.015039211174786635
2019-08-06,2019,1945,0,0,54,7,-0.8828565755292194,-0.0022071414388230483,-0.07993773205634198,0.1801687564766371,0.0006566248430370426,0.019199193373395658
2019-08-07,2019,1945,0,0,55,7,-0.3758131966956088,-0.000939532991739022,-0.005484330237647333,0.16774030402553133,0.0006158128825291557,0.017758217250514505
2019-08-08,2019,1945,0,0,53,8,-3.341659450138607,-0.008354148625346518,-0.20116077552112288,0.20039809054327284,0.0010217666276965067,0.029435844318967237
2019-08-09,2019,1946,0,0,54,4,1.8164161150349396,0.004541040287587349,0.14820090438212907,0.14211019334604963,0.0006922929112497377,0.04395185789629718
2019-08-13,2019,1946,0,0,54,4,1.3286032996413877,0.003321508249103469,0.0864496894494158,0.1524129241450488,0.0004990360767629763,0.05991941915570512
2019-08-14,2019,1946,0,0,54,1,-0.12746232844377342,-0.00031865582110943353,-0.002996639751815398,0.16732999068912355,0.0003998624679420301,0.0881403811608424
2019-08-15,2019,1946,0,0,54,3,-0.5987362381004215,-0.001496840595251054,-0.024053642426589875,0.17083650029847117,0.0006459188370767254,0.1869020564321844
2019-08-16,2019,1946,0,0,54,8,0.4436847922435918,0.0011092119806089796,0.047016167291401095,0.1589900951967827,0.0005600427456576118,0.23662319338750032
2019-08-19,2019,1946,0,0,54,8,-1.3104885619972833,-0.003276221404993208,-0.12006698760211104,0.18686543202235295,0.0004384521442970897,0.15610591784987937
2019-08-20,2019,1946,0,0,54,0,-0.2785966882922742,-0.0006964917207306855,0.03747727718735091,0.16056412756576577,0.0003065480110751984,0.020592146766745253
2019-08-21,2019,1946,0,0,57,4,0.6080462076213341,0.0015201155190533353,0.047167089080316964,0.15895362222599108,0.00042594445864694,0.053296759113827016
2019-08-22,2019,1946,0,0,57,7,-1.7147262974932929,-0.004286815743733232,-0.22785071660196968,0.20485150232247581,0.0009170810063242406,0.06125242367444441
2019-08-23,2019,1946,0,0,57,4,-0.16477720981088395,-0.00041194302452720986,-0.005724846821635533,0.16778340406918496,0.000461714255495308,0.023689081370324425
2019-08-26,2019,1946,0,0,58,5,0.8282852290047867,0.002070713072511967,0.0440941996742291,0.1594681968763571,0.000550032973498994,0.1936680121651449
2019-08-27,2019,1946,0,0,54,4,-0.0447394143249813,-0.00011184853581245325,-0.0034605387645651026,0.16740261496878606,0.0009271142282628373,0.10173469794685519
2019-08-28,2019,1946,0,0,54,11,1.8559639812566373,0.004639909953141594,0.2032368266161086,0.13292973799977753,0.0005746614041349701,0.0836288721254122
2019-08-29,2019,1946,0,0,53,4,0.40068247919356414,0.0010017061979839103,0.030386086923388952,0.16176518499129558,0.00036874904712324934,0.09587252245564037
2019-08-30,2019,1946,0,0,53,2,0.1842987636921607,0.00046074690923040174,0.06717316960170996,0.15562304362092216,0.0005998193552962338,0.12076613818169867
2019-09-02,2019,1947,0,0,53,9,0.910856145345832,0.00227714036336458,0.13983698301621836,0.14350322266834528,0.00046051241163067887,0.09742324794267182
2019-09-03,2019,1947,0,0,53,6,-0.1354526505417737,-0.00033863162635443424,0.04329994606797283,0.15961352328282613,0.000682760247004855,0.05894259917150245
2019-09-04,2019,1947,0,0,54,5,-0.8486148219410956,-0.002121537054852739,-0.07175945588506387,0.178801613926479,0.000292549866876442,0.03053763078145363
2019-09-05,2019,1947,0,0,53,7,-0.1794220274251741,-0.0004485550685629353,0.010398425990308612,0.16509926454185062,0.00044347197968626784,0.07220384249142797
2019-09-06,2019,1947,0,0,52,8,1.1922651460175397,0.0029806628650438493,0.1553490943423157,0.14091776821973975,0.0005493131354255768,0.08445240931970405
2019-09-09,2019,1947,0,0,51,18,0.8640259316519634,0.0021600648291299086,0.03787356163740717,0.16051855779545468,0.0005093972075036382,0.07967620124396088
2019-09-10,2019,1947,0,0,51,8,1.0083802288121093,0.002520950572030273,0.11338206910233345,0.14791619505187825,0.00039717398704462845,0.23750206344808555
2019-09-11,2019,1947,0,0,51,9,1.1006423384646664,0.002751605846161666,0.17016786790152177,0.13844467344891176,0.000617392501914482,0.1761846744468554
2019-09-12,2019,1947,0,0,50,10,0.28056659307558657,0.0007014164826889664,0.028623898806690886,0.1620529880141798,0.0005216833740893213,0.08666020827925197
2019-09-13,2019,1946,0,0,50,7,-2.2759641755351883,-0.005689910438837971,-0.16790629444906305,0.19484704313468018,0.0012810674294733964,0.1024203025652961
2019-09-17,2019,1945,0,0,50,4,1.0011822516730742,0.0025029556291826854,0.02818177403152565,0.16213495661809518,0.0005158150624487713,0.08085875430473945
2019-09-18,2019,1945,0,0,49,6,0.22431384279651861,0.0005607846069912966,0.0072359736890469,0.16562093778288184,0.00034863827879918184,0.03866745342874623
2019-09-19,2019,1945,0,0,48,12,0.04736298477361378,0.00011840746193403445,-0.042918647426642795,0.17399183468646426,0.0003678999992332206,0.020039323697014885
2019-09-20,2019,1946,0,0,50,8,0.4755837438275614,0.0011889593595689036,0.024256887702600902,0.16278379823408287,0.00022052682916311457,0.019671236908361273
2019-09-24,2019,1947,0,0,50,9,-1.7505166108457406,-0.004376291527114351,-0.15260123823340002,0.1922923510836799,0.0002752441880052208,0.01904708407907674
2019-09-25,2019,1947,0,0,50,9,0.37168270980842544,0.0009292067745210636,0.03408389913022143,0.1611504037514646,0.0005406549585427454,0.022025537095888927
2019-09-26,2019,1947,0,0,51,6,-0.687814328617576,-0.00171953582154394,-0.09624068357602664,0.1828923747166428,0.000560902661114995,0.030496444598053497
2019-09-27,2019,1948,0,0,51,4,1.4798920042568886,0.0036997300106422215,0.10769006890210088,0.14887033707150532,0.0009590508462640049,0.07659663647057574
2019-09-30,2019,1948,0,0,52,9,0.12711173830680267,0.0003177793457670067,-0.03575336792013925,0.17279774851936364,0.00037483045841269576,0.040612207921214616
2019-10-01,2019,1949,0,0,52,8,0.7227550551269215,0.0018068876378173038,0.08256988264685547,0.15306155737102348,0.0009542344664449188,0.06902441720894611
2019-10-02,2019,1949,0,0,52,10,0.05525201346138009,0.00013813003365345023,0.0139671690786552,0.1644996929651935,0.0003357852424001947,0.12573355587557253
2019-10-03,2019,1949,0,0,52,4,-0.11985607235716479,-0.000299640180892912,0.04394910054728107,0.15949183784383458,0.00047967197951180433,0.05751337723789512
2019-10-04,2019,1949,0,0,50,6,-0.5006262488188638,-0.0012515656220471593,-0.12388644604523463,0.1875029087147896,0.0004419266143105468,0.05404501442880972
2019-10-07,2019,1949,0,0,49,12,0.5191788905207206,0.0012979472263018015,-0.01282333291210031,0.16896801397738992,0.00023307193644761447,0.02886230112285804
2019-10-08,2019,1950,0,0,52,7,0.8863809989080172,0.002215952497270043,0.07450504879887576,0.15439933192948316,0.00044741218347956607,0.0251477722660133
2019-10-09,2019,1951,0,0,56,17,-0.03663787942748753,-9.159469856871883e-05,-0.03906481794108766,0.17334569530755314,0.0004610748407049713,0.07876418690629673
2019-10-10,2019,1951,0,0,58,12,0.014297383457837487,3.574345864459372e-05,-0.0005670078903441712,0.16693153173190237,0.0009218351571059761,0.17141455564802593
2019-10-11,2019,1951,0,0,58,6,0.655691456846646,0.001639228642116615,0.10025749181982069,0.15010644572432216,0.0006244046585827543,0.1993970770168812
2019-10-15,2019,1951,0,0,57,4,-0.4228964496761489,-0.0010572411241903724,0.006144195294964102,0.16580742214498476,0.0005376154286904584,0.23126064435325638
2019-10-16,2019,1951,0,0,56,15,0.6186389282684973,0.0015465973206712433,-0.026297987312028013,0.17121896867736872,0.00033553278128639646,0.13775419772468198
2019-10-17,2019,1951,0,0,56,7,-0.5618150968393799,-0.0014045377420984497,-0.028920873874564903,0.17165369002763634,0.00036878112628349814,0.043567385431012004
2019-10-18,2019,1951,0,0,56,3,-1.556444407654574,-0.003891111019136435,-0.05066834458876147,0.17528676398185528,0.0004230448416270636,0.11796041219864581
2019-10-21,2019,1951,0,0,57,4,-0.3079164997357696,-0.000769791249339424,0.008993158762685444,0.16532825163245066,0.00038113119339697464,0.05691804929105414
2019-10-23,2019,1951,0,0,57,15,1.0226239226471383,0.0025565598066178458,0.055441906299578424,0.15757587339522444,0.0002565297465204644,0.048644281924282634
2019-10-24,2019,1951,0,0,58,4,0.754651573549318,0.001886628933873295,-0.057156982003017255,0.1763681142629532,0.0003542776139351728,0.03673718622162794
2019-10-25,2019,1952,0,0,58,13,0.29834898142047483,0.0007458724535511871,-0.03093039191884053,0.17199354747878723,0.0003311765601550277,0.04952602195795867
2019-10-28,2019,1953,0,0,60,5,-0.6726199557906677,-0.0016815498894766692,0.02169512952334024,0.16321499816514998,0.0006441896138945946,0.06953941844713885
2019-10-29,2019,1953,0,0,59,4,0.7771935808524788,0.001942983952131197,0.05031356941103694,0.15843893208305346,0.0005676131857834057,0.04941822532650046
2019-10-30,2019,1954,0,0,59,25,-1.0170398827152736,-0.002542599706788184,-0.07457917955740828,0.17927758772199237,0.0006413402721127506,0.052096335027905255
2019-10-31,2019,1954,0,0,59,5,-0.23774936535965718,-0.000594373413399143,0.02195052428551078,0.16317256725181942,0.0008177743151397618,0.09228196888983492
2019-11-01,2019,1955,0,0,63,4,0.07913014858662225,0.00019782537146655562,-0.00715868150384988,0.16802443686698856,0.00045883119849125125,0.0381149429637634
2019-11-05,2019,1955,0,0,63,16,-0.3558104132438845,-0.0008895260331097113,-0.04079428888699025,0.1736373109514391,0.0004445017935374799,0.04479858244735395
2019-11-06,2019,1955,0,0,61,7,-0.6011032856597216,-0.001502758214149304,-0.00637421862632408,0.16789252026465756,0.0005767663193108418,0.06550140419628597
2019-11-07,2019,1955,0,0,62,11,-0.34644674856386826,-0.0008661168714096707,-0.023224364967434158,0.17070959614878312,0.0006151267947800865,0.010853406119697633
2019-11-08,2019,1955,0,0,61,18,-0.5018826006866342,-0.0012547065017165853,-0.025787347263012166,0.17113345739518043,0.0003612496352585774,0.015753435896439176
2019-11-11,2019,1955,0,0,61,12,1.0443448303654141,0.0026108620759135353,0.056704764664811974,0.15737439482847312,0.0004894542878719011,0.05826589657901124
2019-11-12,2019,1955,0,0,61,9,-0.2806265276497386,-0.0007015663191243466,-0.030253747062151077,0.17188317765664743,0.000686121632143624,0.028771165752462365
2019-11-13,2019,1955,0,0,61,13,-0.06990373711666908,-0.0001747593427916727,-0.006140228259530848,0.16785899373373417,0.0005525611695414731,0.02790916500613692
2019-11-14,2019,1955,0,0,61,15,-0.23541682186604218,-0.0005885420546651054,-0.005227360536431454,0.1677046374680059,0.0003601439012657382,0.02652348843021848
2019-11-15,2019,1955,0,0,61,15,-0.3948628192733873,-0.0009871570481834683,-0.04717072058133096,0.17470040144248217,0.0003232566600571771,0.0287201633324082
2019-11-18,2019,1955,0,0,61,15,0.18707401973532634,0.00046768504933831584,-0.0174213118644433,0.16974004377606583,0.00036895549914780145,0.022419259293645268
2019-11-19,2019,1955,0,0,61,14,-0.6333436764344513,-0.0015833591910861284,-0.06727376537316784,0.17805204434203634,0.00026268962506718755,0.022878554836797984
2019-11-20,2019,1955,0,0,60,20,-0.23703590523007656,-0.0005925897630751914,-0.005786745248529962,0.1677900665803926,0.00026022828524972823,0.04381932700406777
2019-11-21,2019,1955,0,0,58,17,1.2279793991890116,0.003069948497972529,0.1385401725988621,0.14372190080200747,0.0003361542645312756,0.018926231336749644
2019-11-22,2019,1955,0,0,58,14,-0.6693808647884371,-0.0016734521619710925,-0.03484342249734399,0.17264451737915956,0.00031639155337815424,0.022910313903499364
2019-11-25,2019,1955,0,0,58,18,0.41254244170297505,0.0010313561042574375,0.02436402997651124,0.1627676448554364,0.00030013893620116437,0.07365943968559646
2019-11-26,2019,1955,0,0,59,12,-0.07403401359449457,-0.00018508503398623644,-0.0687356501526743,0.17829784753792915,0.00030511685191527804,0.02281373651519545
2019-11-27,2019,1955,0,0,58,20,-0.25412860019326794,-0.0006353215004831699,-0.02452045339044862,0.17091707933811276,0.0002489337541713785,0.023626854463857698
2019-11-28,2019,1955,0,0,58,15,-0.16669928983337123,-0.00041674822458342807,0.008307799702615045,0.16544740505500016,0.00027955115250024757,0.02397997426169704
2019-11-29,2019,1955,0,0,58,20,-0.03191194231366412,-7.97798557841603e-05,-0.08870818845992863,0.18163342521718084,0.00036806825670495757,0.029747616766640853
2019-12-02,2019,1955,0,0,57,18,0.7975255119140797,0.001993813779785199,0.06215778104056996,0.15645746398153296,0.0002782263369710383,0.023386342148523954
2019-12-03,2019,1955,0,0,55,18,0.20249869481608918,0.0005062467370402229,0.10019572760616234,0.1501164636870665,0.00031356655145632325,0.03236208472234492
2019-12-04,2019,1955,0,0,55,19,0.157494960976591,0.00039373740244147746,0.006591439341365788,0.16572946989168524,0.0002270580947320999,0.02264905150198259
2019-12-05,2019,1955,0,0,55,18,0.21212041978340812,0.0005303010494585203,0.0076583422211466915,0.16555226073536586,0.00032139714449650196,0.030772042514130186
2019-12-06,2019,1955,0,0,54,14,-0.031810363793629115,-7.952590948407279e-05,-0.009039561251029345,0.16832956117436948,0.0002451354240962918,0.02183239744362549
2019-12-09,2019,1955,0,0,54,9,-0.12872173216296195,-0.0003218043304074049,-0.04323219193885207,0.17404232330392463,0.00029309365721223756,0.026368582718087098
2019-12-10,2019,1956,0,0,54,13,-0.46596338864687226,-0.0011649084716171807,-0.03605114524795287,0.17284369391171014,0.00031624515584245623,0.024261733811984456
2019-12-11,2019,1957,0,0,55,9,-0.9640848272532713,-0.002410212068133178,-0.0560549575021292,0.17618632118038552,0.0004513239197070031,0.020064399843142552
2019-12-12,2019,1958,0,0,55,12,0.09556309690170248,0.0002389077422542562,0.0282564703415093,0.1621135092365143,0.00036188516566279446,0.016318907660139246
2019-12-13,2019,1958,0,0,54,17,0.5300234606560942,0.0013250586516402355,0.035110265241878484,0.16096951509438334,0.0004182083799423696,0.01245491136831143
2019-12-16,2019,1960,0,0,56,10,-0.15474819820190966,-0.00038687049550477413,-0.003818016142069575,0.16746720977632915,0.00040250002817872837,0.012377266063164328
2019-12-17,2019,1962,0,0,58,17,0.15503385033632586,0.0003875846258408146,-0.02340449937132896,0.17073558300102273,0.00029559458126408704,0.011715502555692304
2019-12-18,2019,1964,0,0,59,11,0.5912906477243659,0.0014782266193109149,0.04545437396887213,0.1592445681907767,0.00031169553584640573,0.09170541954271474
2019-12-19,2019,1965,0,0,56,9,0.8481101450500543,0.0021202753626251357,0.08702226103554792,0.1523133215349063,0.0003296778250857307,0.009552093313634042
2019-12-20,2019,1965,0,0,56,11,0.16749897990413457,0.0004187474497603364,0.05369993293616146,0.15786343330195116,0.0002060695359665625,0.010867537231068791
2019-12-23,2019,1965,0,0,56,8,0.5364236173573961,0.00134105904339349,0.02072377258038797,0.16337274680192848,0.0003683652940810616,0.010145503991703813
2019-12-24,2019,1965,0,0,56,7,0.6776501366053267,0.0016941253415133166,0.06010034328664599,0.15680575893516008,0.0002071824340669424,0.010723425860343642
2019-12-25,2019,1966,0,0,57,10,0.3611160043975792,0.0009027900109939479,0.03597748869633305,0.16082930139469243,0.00030101778483173416,0.010500071051533605
2019-12-26,2019,1966,0,0,58,16,-0.6608535530435223,-0.0016521338826088058,-0.051475190697103844,0.17542075614750396,0.0003500736454686855,0.015496381323059067
2019-12-27,2019,1966,0,0,57,13,-0.9523032644824738,-0.0023807581612061844,-0.052283048209396686,0.17555869354418943,0.0006514629828810828,0.012273367498728847
2019-12-30,2020,1966,0,0,57,13,0.7594496881000943,0.0018986242202502356,0.09322007342667087,0.15128329778116434,0.00046921653291035614,0.013133156826045857
2020-01-06,2020,1966,0,0,56,12,-1.475520058335567,-0.0036888001458389177,-0.09577210780370154,0.1828142644867045,0.0006584137408470757,0.08181832324629965
2020-01-07,2020,1966,0,0,56,7,-0.39015645351426054,-0.0009753911337856513,-0.015324861976010717,0.16939270646000099,0.0005002824804256618,0.05646576498185553
2020-01-08,2020,1966,0,0,55,14,-0.6651439756162678,-0.0016628599390406695,-0.08738145304659034,0.18140683502296454,0.0003299198119422576,0.09116074341273894
2020-01-09,2020,1966,0,0,51,16,-1.0212312156432797,-0.002553078039108199,-0.08767686519241681,0.18146054842796366,0.0005250044232260868,0.1058685004343498
2020-01-10,2020,1966,0,0,50,12,0.3646055579499497,0.0009115138948748743,-0.008921153012127207,0.16831220842309472,0.0004010708048155635,0.08314474953607853
2020-01-14,2020,1966,0,0,48,11,-0.08285810814652605,-0.00020714527036631513,-0.04506894086691882,0.17434977456401687,0.0003051487517071737,0.02829595366759958
2020-01-15,2020,1966,0,0,48,11,0.49596489590385,0.001239912239759625,0.059529950585441235,0.1568915365972617,0.0002322798680472801,0.030463138180755373
2020-01-16,2020,1966,0,0,48,8,1.0572104557878088,0.002643026139469522,0.08393641931153632,0.15282556762161648,0.0002724622152438755,0.03189551770449628
2020-01-17,2020,1966,0,0,48,12,-0.051949881367541806,-0.0001298747034188545,0.08718512344612732,0.1522825940884317,0.000269632016586406,0.05730213671401892
2020-01-20,2020,1966,0,0,49,11,-0.5595032031901014,-0.0013987580079752534,-0.10248827335271075,0.18392763117946134,0.00025811695811425543,0.04279819410401829
2020-01-21,2020,1966,0,0,50,8,-0.569157474500795,-0.0014228936862519875,-0.06303149951956961,0.17735059742154183,0.0003220816497435215,0.028746681380333657
2020-01-22,2020,1966,0,0,50,13,0.03366353661601895,8.415884154004738e-05,0.0055682873489896366,0.16590083455335303,0.00033946747388519956,0.02715398266037689
2020-01-23,2020,1966,0,0,50,9,-0.8896669988269044,-0.002224167497067261,-0.008083710252006826,0.16818470848430067,0.0007679009491041929,0.03521935704690104
2020-01-24,2020,1966,0,0,47,7,0.5181679629718584,0.001295419907429646,0.052299237095516114,0.15810746714634513,0.0003444954988474601,0.03918153172097671
2020-01-27,2020,1966,0,0,46,6,-2.0438192742467116,-0.005109548185616779,-0.2010986322254908,0.20038171917238537,0.0004089623605953413,0.04467492383831628
2020-01-28,2020,1966,0,0,45,4,1.2183666290314998,0.0030459165725787497,0.12890887108801735,0.14532924203953404,0.0007591972645523042,0.10727552180772566
2020-01-29,2020,1966,0,0,45,6,-0.43232667411856784,-0.0010808166852964195,-0.02706839188475629,0.17135008605098317,0.0005834764121066715,0.017213691914431666
2020-01-30,2020,1966,0,0,44,10,1.5356107681110207,0.003839026920277552,0.13042968667651,0.14507430328560686,0.0005728169963447539,0.04522681688438116
2020-01-31,2020,1966,0,0,44,2,0.6449442887782701,0.0016123607219456753,0.044936071672356595,0.15933682988337358,0.0005712741333388225,0.07634446167893556
2020-02-03,2020,1966,0,0,41,3,-0.0019375366674645456,-4.843841668661364e-06,-0.040477393282920944,0.17358376461246575,0.0010492934540480847,0.16488286635094793
2020-02-04,2020,1966,0,0,41,0,1.6239916278680613,0.004059979069670153,0.18205033962880252,0.13646269799826005,0.0009207802826105353,0.24025758532654734
2020-02-05,2020,1966,0,0,42,1,0.130110412088091,0.00032527603022022746,-0.02334518204278231,0.1707288133057937,0.0006359147251652509,0.13276781790137285
2020-02-06,2020,1966,0,0,39,0,0.024395262212659086,6.0988155531647714e-05,-0.08001250689942122,0.18018218071793915,0.0007315602507853011,0.12121158278702732
2020-02-07,2020,1967,0,0,41,1,0.2870246705769418,0.0007175616764423545,0.05948263129627084,0.15690939039293741,0.0006549321389947681,0.13018635559449213
2020-02-10,2020,1967,0,0,39,1,0.8450642562467058,0.0021126606406167646,0.07008954340174461,0.15513893305624482,0.0006743255582187045,0.1451507946338589
2020-02-12,2020,1967,0,0,40,1,-0.1175629481515692,-0.000293907370378923,0.0036230674482557374,0.16622767740219885,0.0008097621281761614,0.11475823231144382
2020-02-13,2020,1967,0,0,40,4,0.4889474499774953,0.0012223686249437382,0.05031674578458517,0.1584406038817484,0.0009838090141182144,0.12013304891813846
2020-02-14,2020,1967,0,0,39,6,-0.11865553386359506,-0.00029663883465898765,0.0067170069179940456,0.16571487244054214,0.0008079453828343018,0.11094976587158036
2020-02-17,2020,1967,0,0,39,6,-0.16146387634730996,-0.0004036596908682749,0.07272198054970942,0.1546983484285521,0.00041690364774647933,0.06496949470874513
2020-02-18,2020,1967,0,0,39,8,-0.3114923430074316,-0.0007787308575185791,-0.04303068799108637,0.17400579273070202,0.0002645086920560017,0.0209160160627258
2020-02-19,2020,1967,0,0,40,18,-1.4171000300188452,-0.003542750075047113,-0.085067136260612,0.1810162374924275,0.00028238144431180464,0.06223456342319725
2020-02-20,2020,1967,0,0,40,13,1.559833456400658,0.003899583641001645,0.10181414490026056,0.1498499162117383,0.0018201039970929531,0.008395134508831992
2020-02-21,2020,1967,0,0,39,11,-1.577969027837772,-0.00394492256959443,-0.133239816284666,0.1890628851042959,0.0003887363943172881,0.008159983481919132
2020-02-25,2020,1967,0,0,39,22,-0.7689558378572441,-0.0019223895946431102,-0.030402225384403087,0.171908333897922,0.0007791432274992748,0.04123259641190158
2020-02-26,2020,1967,0,0,39,12,-1.0688443586472633,-0.0026721108966181583,0.00734551307761576,0.16561071035899652,0.0020635856862026964,0.02006823001218671
2020-02-27,2020,1967,0,0,40,32,0.5251710928576596,0.001312927732144149,0.04822531571495379,0.15879035454496307,0.004868895812405783,0.14051595481554513
2020-02-28,2020,1967,0,0,40,36,0.9552805012942778,0.0023882012532356945,-0.053249576223308615,0.1757197875596433,0.001980280587796347,0.1524992898107204
2020-03-02,2020,1968,0,0,41,28,-1.714592167009159,-0.004286480417522898,-0.09070845466127883,0.18196086737636208,0.005077166388087838,0.43739564535540604
2020-03-03,2020,1968,0,0,41,34,0.7435871713752505,0.0018589679284381263,0.018494124773853718,0.16374331636641837,0.005458161070282901,0.31707047391701343
2020-03-04,2020,1968,0,0,43,10,0.21533973204023393,0.0005383493301005848,0.056773548770532874,0.15736418195769186,0.004674056924608534,0.19214620873182997
2020-03-05,2020,1968,0,0,43,14,-2.521402428921448,-0.006303506072303619,-0.17599200823395428,0.19619794845427227,0.003460154037371458,0.18566814550659283
2020-03-06,2020,1968,0,0,43,42,0.2687554043267051,0.0006718885108167627,0.012297430152130827,0.16478392129678593,0.003657711591649564,0.06411293821440893
2020-03-09,2020,1969,0,0,43,43,-2.474023228659115,-0.006185058071647788,-0.1568924412194448,0.19301012231200704,0.007884029734791815,0.224789469532395
2020-03-10,2020,1970,0,0,44,27,-1.7578286975673745,-0.004394571743918436,-0.04758134877726469,0.17477419997430954,0.03537943244920869,0.538388571892728
2020-03-11,2020,1970,0,0,43,40,0.9172458633838456,0.002293114658459614,0.0022155556971872434,0.16646630978824498,0.005359293031494744,0.3941694902386912
2020-03-12,2020,1970,0,0,42,18,-3.0464160271292036,-0.007616040067823009,-0.12962380671935483,0.18846124115762203,0.006000331159342219,0.2579981107206536
2020-03-13,2020,1971,0,0,42,41,1.067932303826808,0.00266983075956702,0.04141272704606404,0.1599266268308861,0.07144540921328336,0.5672971721073747
2020-03-16,2020,1971,0,0,42,3,-2.217538349732634,-0.005543845874331586,-0.0821614702570099,0.18054299792558856,0.012698090309149056,0.7798916964956166
2020-03-17,2020,1971,0,0,40,40,4.370677620585768,0.01092669405146442,0.03415495904243606,0.16113752499443115,0.01086058951929014,0.3157126306628536
2020-03-18,2020,1971,0,0,39,6,4.7163345852820875,0.011790836463205218,0.06432926245791713,0.1561032811971374,0.004026243287522925,0.23204305913054907
2020-03-19,2020,1971,0,0,36,16,-10.891794813699418,-0.027229487034248545,-0.26887037308319467,0.21169303276754872,0.011039795970399793,0.24163844653430946
2020-03-23,2020,1971,0,0,35,16,11.00204476675767,0.027505111916894177,0.3408737483646664,0.10996587020075252,0.003293247786419132,0.4732497039176892
2020-03-24,2020,1971,0,0,35,12,-0.984254282526728,-0.0024606357063168198,0.0026898943835071388,0.1663864532591865,0.0017123248051399856,0.0970364316113117
2020-03-25,2020,1971,0,0,35,3,0.8725535527651527,0.0021813838819128815,0.057805435679937095,0.15719173741899195,0.0027863823787370014,0.4184566258386006
2020-03-26,2020,1972,0,0,36,5,3.599697960884872,0.00899924490221218,0.11143323272110091,0.14824452029478977,0.002060803810818871,0.344207487409801
2020-03-27,2020,1972,0,0,35,16,-1.4589794743521463,-0.0036474486858803657,-0.16325746132137764,0.19407227373359393,0.014078979457844922,0.3444671227159628
2020-03-30,2020,1973,0,0,35,11,1.9446381727031907,0.004861595431757976,0.09837102089597191,0.1504237744780979,0.006721449022783409,0.7199978096164064
2020-03-31,2020,1974,0,0,38,16,2.596806386606457,0.006492015966516143,0.11737999422440422,0.1472520341585072,0.0014221304576437263,0.100772511910521
2020-04-01,2020,1974,0,0,39,11,1.2034877727640287,0.003008719431910072,0.054978367243022706,0.15766212632773804,0.0009547319317275507,0.21075062417172555
2020-04-02,2020,1974,0,0,39,21,-1.490534915652315,-0.0037263372891307876,-0.06175851934373568,0.17713902056396744,0.005580678654429083,0.1253599590379903
2020-04-03,2020,1974,0,0,39,14,-0.9161861934709048,-0.002290465483677262,-0.03206553354717222,0.17218491513605613,0.0024522288986837952,0.11031309100756775
2020-04-06,2020,1974,0,0,39,9,0.5619270340510019,0.0014048175851275047,0.0350004730997118,0.16099454443542108,0.0016531389992849202,0.11164922633676097
2020-04-07,2020,1974,0,0,38,14,1.8410852780840221,0.004602713195210055,0.0870605569717356,0.15230916152145793,0.00168640812072989,0.12407525999968133
2020-04-08,2020,1974,0,0,39,2,0.6496385561890692,0.0016240963904726729,0.07338036608993208,0.15459165516006756,0.0008739313047767999,0.11000398339798417
2020-04-09,2020,1974,0,0,40,12,-0.24936121459857397,-0.0006234030364964349,0.007454762493594323,0.16559077140321288,0.0009011695868697496,0.25753079568118703
2020-04-10,2020,1974,0,0,42,18,0.27472730917048516,0.0006868182729262129,0.1423401079666695,0.14308736313629447,0.0009086716458228542,0.07083052057473595
2020-04-13,2020,1974,0,0,42,3,-2.224538554846528,-0.005561346387116321,-0.09339451378239731,0.18241590953659717,0.0012667290077449916,0.061431282171117145
2020-04-14,2020,1974,0,0,42,17,-2.243665794123927,-0.005609164485309817,-0.07336910651876337,0.17907455242687678,0.0014367435502806744,0.1593174023781004
2020-04-15,2020,1974,0,0,43,5,-0.7143688032235648,-0.001785922008058912,-0.09590813961446729,0.18283367083198276,0.0019086537430295111,0.18505197804234655
2020-04-16,2020,1974,0,0,43,10,0.720543012671496,0.00180135753167874,0.0764656177887069,0.15407675578524077,0.0025491533581578625,0.18698261293046475
2020-04-17,2020,1974,0,0,44,12,-5.2769058255834445,-0.013192264563958611,-0.22619934076678402,0.2045713793543748,0.001169680095487264,0.08166503104863748
2020-04-20,2020,1974,0,0,45,20,-0.808536345148493,-0.0020213408628712327,-0.1359906851301698,0.18952264968603405,0.0015502515994472502,0.15116485006469488
2020-04-21,2020,1974,0,0,45,8,2.996541568241565,0.007491353920603913,0.1526136703596504,0.141373625808334,0.0028591610864921726,0.40038633055676875
2020-04-22,2020,1974,0,0,47,19,-0.1287191010801674,-0.0003217977527004185,-0.028079214486881863,0.17151671765759624,0.0006764083995280676,0.09696255376959086
2020-04-23,2020,1974,0,0,47,8,0.6030133484657867,0.0015075333711644667,0.05560926824831863,0.1575574403389633,0.0010874838098858663,0.05166498365538726
2020-04-24,2020,1974,0,0,47,8,-0.32359857129870073,-0.0008089964282467518,-0.03304852689901684,0.17234436231320507,0.0008999995566953546,0.0901513220678916
2020-04-27,2020,1974,0,0,47,12,3.4376714970311566,0.00859417874257789,0.1481838888200295,0.14211275333325613,0.001197286918839215,0.10315457041978818
2020-04-28,2020,1974,0,0,48,15,-0.21335155470370104,-0.0005333788867592525,-0.0547195181717732,0.17596398409703082,0.0013592386399750988,0.4623623921950554
2020-04-30,2020,1974,0,0,47,9,-2.4527541278557483,-0.006131885319639371,-0.03969937378764668,0.17345668059876168,0.001156714343412334,0.06384914007144174
2020-05-01,2020,1974,0,0,46,3,3.398233048806377,0.008495582622015942,0.14545556074338847,0.14256789239620707,0.0012249189507229005,0.10336306618959004
2020-05-07,2020,1974,0,0,47,3,1.2847511369542084,0.003211877842385521,0.09042326012024868,0.15174936750725596,0.0016594953387837048,0.06430184884083369
2020-05-08,2020,1974,0,0,48,5,-1.6443020265331239,-0.00411075506633281,-0.11164785373361366,0.18545756265629565,0.0012394411999517932,0.11530181012203648
2020-05-11,2020,1974,0,0,48,3,-3.352222320182106,-0.008380555800455264,-0.25084132298262185,0.20867937807058368,0.0017936035339916564,0.07516859735321868
2020-05-12,2020,1974,0,0,46,7,1.6725590126430587,0.004181397531607647,0.08575990334508893,0.15252734034756332,0.0013482347815796723,0.17515497843905586
2020-05-13,2020,1974,0,0,46,0,0.06538653284909679,0.00016346633212274198,-0.022095505557040408,0.17052062292584444,0.000913437247148479,0.04769408292900827
2020-05-14,2020,1974,0,0,46,2,-0.3110307901839049,-0.0007775769754597622,-0.01117577951142792,0.1686975155457541,0.0015152428824592565,0.13139953498607723
2020-05-15,2020,1974,0,0,47,4,0.8200656926056478,0.0020501642315141192,0.12023426151847634,0.14677475115627614,0.0007834924565191686,0.10179192830313057
2020-05-18,2020,1974,0,0,46,4,-1.7793834968681945,-0.004448458742170486,-0.034253173725322744,0.17254657451313804,0.0007016822730042293,0.14536719785356364
2020-05-19,2020,1974,0,0,46,5,0.4431848113609962,0.0011079620284024905,0.02806464143141419,0.1621443927480933,0.000525847542033154,0.052781383509634516
2020-05-20,2020,1974,0,0,46,11,-0.43069745324572195,-0.001076743633114305,-0.025839647213986884,0.17114379920731143,0.0006711160536257977,0.02075652570209695
2020-05-21,2020,1974,0,0,47,7,-0.8163091593722189,-0.002040772898430547,-0.0282971603071966,0.17155575394810127,0.0008793361730683836,0.023158141064996855
2020-05-22,2020,1974,0,0,49,3,3.0738608392007993,0.007684652098001998,0.21181945523604528,0.13149590128365066,0.0009598800956018285,0.04692760570985363
2020-05-25,2020,1974,0,0,49,10,-1.0182141821721138,-0.0025455354554302844,-0.06520106014997049,0.1777098370634556,0.0011311176424829248,0.054241404315248126
2020-05-26,2020,1974,0,0,49,16,-0.9145406387599189,-0.0022863515968997972,0.04243937577753467,0.1597541325976781,0.0006201959718764008,0.07110529873564714
2020-05-27,2020,1974,0,0,49,23,2.34051121640773,0.005851278041019326,0.18451626722792375,0.13605048272676265,0.0009143242984220094,0.1260355717465647
2020-05-28,2020,1974,0,0,49,3,-2.8582760204770654,-0.0071456900511926635,-0.18755863093387157,0.19812301932594578,0.0009831841443069477,0.09770841210190268
2020-05-29,2020,1974,0,0,48,25,0.2638282108089025,0.0006595705270222563,-0.06232427157511611,0.17723224062778267,0.0019757997437709115,0.14365754479618875
2020-06-01,2020,1974,0,0,48,7,-0.8146070693361591,-0.0020365176733403976,-0.05067062574050491,0.17528553096183214,0.0006571208334519207,0.172999516546947
2020-06-02,2020,1974,0,0,48,8,0.32697175307885656,0.0008174293826971414,0.025280748849854824,0.16260823344434674,0.0006139504616404131,0.10018837835545613
2020-06-03,2020,1974,0,0,48,23,-0.46166806061748944,-0.0011541701515437237,-0.04989308522287344,0.1751568401487856,0.0006560771538595476,0.11662542978668057
2020-06-04,2020,1974,0,0,48,36,-0.460637774394153,-0.0011515944359853825,-0.03458897097241436,0.1726052590527293,0.0009257775065289716,0.02907596771963956
2020-06-05,2020,1974,0,0,46,10,-1.2734207642452944,-0.003183551910613236,-0.09067190753952149,0.181958120767061,0.0005796862122716689,0.030778109255340448
2020-06-08,2020,1974,0,0,45,12,-0.9317310166295909,-0.0023293275415739775,-0.08001360525864563,0.18017850437548255,0.000668135144029287,0.025973016504260975
2020-06-09,2020,1974,0,0,45,34,4.92842387897119,0.012321059697427974,0.3013431506572366,0.11656053984706832,0.0008134281853626256,0.05120373746556761
2020-06-10,2020,1974,0,0,45,20,0.6522802813767772,0.001630700703441943,0.0658588050758799,0.15584757840696836,0.0009330999555318562,0.030929972795108465
2020-06-11,2020,1974,0,0,44,2,0.00976476644277735,2.4411916106943378e-05,0.013276640637966066,0.1646203562857185,0.001270696913594351,0.12086154588723584
2020-06-12,2020,1974,0,0,44,8,-2.1317265421328306,-0.005329316355332077,-0.1457645929236127,0.191154298945219,0.002776007617823018,0.07430446816318906
2020-06-15,2020,1974,0,0,44,17,-0.7703045404449402,-0.0019257613511123506,-0.01731855389817787,0.1697225783076418,0.001377372213958963,0.07682928301928661
2020-06-16,2020,1974,0,0,44,11,-0.6744866919445375,-0.0016862167298613436,-0.10518583840318671,0.18437501957169636,0.0025321443044731334,0.3331282367310222
2020-06-17,2020,1974,0,0,45,14,-0.0712360253623876,-0.000178090063405969,-0.023031981318962055,0.17067482801489303,0.000719215014231515,0.12456511050890362
2020-06-18,2020,1974,0,0,45,17,-1.2134832167717051,-0.003033708041929263,-0.05091051862614019,0.1753209900638585,0.00048516709675726355,0.08850996888269327
2020-06-19,2020,1974,0,0,46,10,-0.844805684791253,-0.0021120142119781323,-0.10703268662241755,0.1846834245443389,0.00040154330284074437,0.11301947675679161
2020-06-22,2020,1974,0,0,46,14,-0.5268580151889297,-0.0013171450379723243,0.005689984589730426,0.1658836201997871,0.0005244554899158943,0.04034492623919436
2020-06-23,2020,1974,0,0,45,14,1.9952963487487718,0.004988240871871929,0.1253493816171758,0.145921111696127,0.0005784849613021075,0.050761043303524864
2020-06-24,2020,1974,0,0,46,18,-2.184746123920773,-0.005461865309801932,-0.13190128436815796,0.1888392840330865,0.0007267490644908096,0.09214052372996258
2020-06-25,2020,1974,0,0,45,10,0.1055378292222171,0.00026384457305554275,0.006858955813523615,0.16569037231341507,0.0007247718992314432,0.031261291439331824
2020-06-26,2020,1974,0,0,44,7,2.5645883089863997,0.006411470772465999,0.19119935947913697,0.13493319355729624,0.0007125529629354775,0.15480252383258447
2020-06-29,2020,1974,0,0,43,7,-0.4964537362521071,-0.0012411343406302678,0.023457082929661307,0.16292154774639714,0.0008279996933992641,0.07467621610970034
2020-06-30,2020,1975,0,0,44,20,1.3576838111915221,0.0033942095279788052,0.040475170424439634,0.16008035352325148,0.0007843284292654461,0.16764330980715714
2020-07-01,2020,1975,0,0,44,25,2.0111795559299344,0.005027948889824836,0.07263191637333853,0.15471542886321896,0.0009577300645783436,0.042019067520143526
2020-07-02,2020,1975,0,0,44,5,0.7002386304632107,0.0017505965761580268,0.022152071672802885,0.1631390931298264,0.0013749688654383137,0.08872182261239818
2020-07-03,2020,1975,0,0,44,2,-1.9044055208525372,-0.004761013802131343,-0.15467051075899904,0.19263558583023915,0.0007752449506938186,0.11150708739839335
2020-07-06,2020,1975,0,0,44,7,-0.9167491388131255,-0.0022918728470328136,0.03752618971398724,0.1605727875096036,0.0007641334781119737,0.08630722107704421
2020-07-07,2020,1975,0,0,45,12,1.2873914472729082,0.0032184786181822704,0.14145393805019985,0.14323221345772524,0.000636513265254525,0.08793326092454208
2020-07-08,2020,1975,0,0,46,1,-1.182838189223692,-0.00295709547305923,-0.00620310801842304,0.16786966778085224,0.0009663158333023627,0.05429341893437073
2020-07-09,2020,1975,0,0,44,2,-0.8218611019396054,-0.0020546527548490133,-0.09595318047343715,0.1828437333755582,0.0014453360811209424,0.03669871230670662
2020-07-10,2020,1976,0,0,45,3,-0.47936527937804596,-0.001198413198445115,-0.054728695249702475,0.17595912098847438,0.0005790779521754917,0.2526133696113439
2020-07-13,2020,1976,0,0,45,1,0.5742629264547849,0.0014356573161369624,0.08420413226326345,0.15278580978471348,0.0009035435053227163,0.07278353428551844
2020-07-14,2020,1976,0,0,45,4,-2.1902346319300414,-0.005475586579825104,-0.1128105353180618,0.18565277397022564,0.0009002368954499681,0.15495168065343057
2020-07-15,2020,1978,0,0,47,3,-1.268812657976558,-0.003172031644941395,-0.08322908276995886,0.18071816340817312,0.0006568681495550624,0.15526746059225136
2020-07-16,2020,1978,0,0,48,3,-0.9890914884209064,-0.002472728721052266,-0.10397082404107047,0.18417664020996527,0.0005275294865113063,0.0691051400066275
2020-07-17,2020,1978,0,0,47,11,-1.3898500838591226,-0.0034746252096478063,-0.03018193852661376,0.1718665344233482,0.0005828260792064289,0.10948321138748222
2020-07-20,2020,1978,0,0,47,15,0.3111882928113485,0.0007779707320283713,0.042062077396883495,0.1598152477790112,0.00043376635924392154,0.03890431039217806
2020-07-21,2020,1978,0,0,47,14,-0.888483332700538,-0.0022212083317513453,-0.09790830695776723,0.18316642226674382,0.0005529719661562885,0.18506661206537334
2020-07-22,2020,1978,0,0,47,8,-0.6089691412590679,-0.0015224228531476698,-0.08606833953863052,0.18118994672267089,0.000489287424032967,0.04700743715698354
2020-07-27,2020,1978,0,0,48,7,-0.7534046518733604,-0.001883511629683401,-0.04384090668129476,0.17414851766420902,0.0007945338836915819,0.021208949836188356
2020-07-28,2020,1978,0,0,49,4,2.5553097151088036,0.006388274287772009,0.19182496016167364,0.13482981627272891,0.0006675710408643586,0.01798505910983776
2020-07-29,2020,1978,0,0,50,4,0.34101869833464526,0.0008525467458366132,0.0953902471381853,0.15092071943038926,0.0015133615133723895,0.3365343228839726
2020-07-30,2020,1978,0,0,49,2,-0.189118403050494,-0.000472796007626235,-0.056324491043132426,0.1762316448052009,0.002264611090863183,0.07430817690059775
2020-07-31,2020,1980,0,0,51,10,-3.178050996179568,-0.00794512749044892,-0.16523614232044323,0.19440089976918568,0.002899531992339294,0.05949287209629663
2020-08-03,2020,1981,0,0,52,1,-0.1945821428691199,-0.00048645535717279975,-0.04227368135284841,0.17388201670847028,0.0006528840649959864,0.06297659724451196
2020-08-04,2020,1981,0,0,52,3,-0.4373359351483786,-0.0010933398378709465,0.0026202238577462083,0.16639506118759786,0.0007975572587026997,0.08726922540585391
2020-08-05,2020,1981,0,0,52,1,-0.6099982817380118,-0.0015249957043450297,-0.03595632423684143,0.1728296373965075,0.0009997460878577757,0.10853220712583882
2020-08-06,2020,1981,0,0,52,6,4.679030014888195,0.011697575037220487,0.17548875403842112,0.13755708043626985,0.001926381600395214,0.11131876956910901
2020-08-07,2020,1981,0,0,54,10,1.880150810812766,0.004700377027031915,0.1399277311025194,0.1434889438647871,0.0008171301073898362,0.06771712646035632
2020-08-11,2020,1981,0,0,55,1,0.9671746649708788,0.002417936662427197,0.0613977219892955,0.15658811683908053,0.0008712427229424562,0.07555811656235775
2020-08-12,2020,1981,0,0,55,4,0.7963367211471563,0.001990841802867891,0.07407199702689947,0.15447484201124848,0.000585655653941877,0.04658501141251986
2020-08-13,2020,1981,0,0,54,6,-0.4279436944640743,-0.0010698592361601859,-0.015104931044025174,0.16935161898715276,0.0007435386781392849,0.1310316409571214
2020-08-14,2020,1981,0,0,54,1,-2.5757369440189346,-0.006439342360047336,-0.15360143348924224,0.1924562932853435,0.0006590257097846207,0.111822431552516
2020-08-17,2020,1981,0,0,54,6,-0.4793340253424575,-0.0011983350633561437,-0.019529429368084567,0.17008672165956135,0.00048608752058286735,0.0699484228561347
2020-08-18,2020,1981,0,0,54,13,0.1724358083646702,0.0004310895209116755,-0.007081071557346235,0.16801217827652673,0.0005263637412021161,0.09062053132690812
2020-08-19,2020,1981,0,0,54,2,-1.2169179837901953,-0.0030422949594754883,0.001034607319176022,0.1666529203100303,0.000396785496182329,0.04577933773433603
2020-08-20,2020,1982,0,1,55,13,-0.30660987178976806,-0.0007665246794744202,0.03431257744820545,0.16110574254005028,0.0005364127683619153,0.11317020695819638
2020-08-21,2020,1982,0,0,57,4,-3.0303686964826433,-0.0075759217412066085,-0.14113654143719465,0.19037928412818422,0.0005786415018177685,0.08129257456382714
2020-08-24,2020,1982,0,0,56,7,1.2653878040693145,0.0031634695101732863,0.052659123433265204,0.15803779654511607,0.0004649579640293323,0.09710042348819231
2020-08-25,2020,1982,0,0,56,7,0.16401501630899107,0.00041003754077247766,0.01787363325485057,0.16384995489856855,0.000529835721347215,0.09780233691280961
2020-08-26,2020,1982,0,0,57,14,-3.090126997599995,-0.007725317493999988,-0.07953305191229372,0.18010219241536754,0.0009845287055867513,0.08859374392705932
2020-08-27,2020,1982,0,0,58,11,-2.105440114560528,-0.0052636002864013196,-0.11975275847478968,0.18681152942448834,0.0011259022657815494,0.29936905105834827
2020-08-28,2020,1982,0,0,58,11,-0.40001064753136245,-0.001000026618828406,-0.023595745152614516,0.17076590456485435,0.000551494828858553,0.04379966402110131
2020-08-31,2020,1982,0,0,58,3,0.4376016666902688,0.0010940041667256719,0.03513356915608117,0.16096870143886507,0.0003659827875333524,0.02087998459247793
2020-09-01,2020,1982,0,0,58,10,-0.3438407591707904,-0.0008596018979269759,0.035019440647987926,0.16098633226012904,0.0003581202842103483,0.05442224493352289
2020-09-02,2020,1982,0,0,58,11,-0.7159821313484516,-0.0017899553283711289,-0.012367773928252822,0.16889164260864734,0.0005337351036113223,0.051477511087497305
2020-09-03,2020,1982,0,0,58,14,0.2100363261092822,0.0005250908152732055,0.0041189343129965994,0.16614507791896418,0.0005791605489649134,0.02522786371246793
2020-09-04,2020,1982,0,0,58,3,1.198264796615959,0.0029956619915398972,0.03719578363210113,0.16062626772761535,0.0007247820448561724,0.019960041659184594
2020-09-07,2020,1982,0,0,56,7,-0.8758492221486661,-0.0021896230553716655,-0.07140558041474261,0.17874154187757396,0.0003455481571958349,0.022847983052836723
2020-09-08,2020,1982,0,0,56,14,-1.4769764697252628,-0.003692441174313157,-0.1491052066389192,0.19170433997225556,0.00038562907788609353,0.014231950550312417
2020-09-09,2020,1982,0,0,56,7,1.090742620664109,0.0027268565516602727,0.02386826410405919,0.1628470992467882,0.0005148220018799941,0.010141674872784261
2020-09-10,2020,1982,0,0,58,7,1.0047886456827941,0.002511971614206985,0.05248941099560772,0.15807226281176534,0.0005458130655683619,0.02144761226943145
2020-09-11,2020,1982,0,0,58,14,-1.98245539960647,-0.004956138499016175,-0.17256903855642072,0.19561903862420119,0.0004850860679989424,0.025897970496458058
2020-09-14,2020,1982,0,0,57,7,-2.8379750335884113,-0.007094937583971029,-0.16353976866000644,0.1941154895176645,0.0006147642613842772,0.02374676771281925
2020-09-15,2020,1982,0,0,58,7,-0.5854324456569386,-0.0014635811141423467,-0.014405283793164133,0.16922669905273538,0.00043826938030076427,0.09519920390536424
2020-09-16,2020,1982,0,0,57,4,0.4327876523879717,0.0010819691309699292,0.06271962212877528,0.15636686597505237,0.00045216214280044756,0.1249605215162191
2020-09-17,2020,1983,0,0,58,3,-0.9647555179854065,-0.002411888794963516,-0.016976301993027753,0.16966267391839146,0.000667150551134308,0.11302976495555879
2020-09-18,2020,1983,0,0,58,7,1.4344945430746585,0.0035862363576866464,0.13931060392488404,0.1435909898004963,0.0011278995040940874,0.09695442735144019
2020-09-23,2020,1983,0,0,58,9,-1.1267321490034456,-0.002816830372508614,-0.03293614015536541,0.17232697516428758,0.0005022588015515452,0.052178919881679886
2020-09-24,2020,1984,0,0,58,4,1.0436045783914638,0.0026090114459786594,-0.015335117163857805,0.16939283305289668,0.0010315954519859538,0.06069025768703499
2020-09-25,2020,1986,0,0,60,6,-1.042567494100981,-0.0026064187352524528,-0.11903633782415679,0.18669126282571996,0.0009881351930255578,0.12629381523194833
2020-09-28,2020,1986,0,0,60,15,1.9855062272202426,0.004963765568050607,0.13533889463662702,0.1442551521929193,0.001025302566220337,0.06254588973904801
2020-09-29,2020,1986,0,0,59,14,0.0,0.0,,0.08341729638958857,5.128887117280192e-05,0.11371556930854379
2020-09-30,2020,1986,0,0,59,8,0.25754842677437706,0.0006438710669359426,0.07674041881749588,0.1540310484592651,0.0010310749596539616,0.23418851239036556
2020-10-02,2020,1989,0,1,62,2,1.7356582253288333,0.004339145563322083,0.20077232886367694,0.13333347210755786,0.0004466229909448749,0.14487552326863692
2020-10-05,2020,1990,0,0,61,0,-0.7489983772974295,-0.0018724959432435736,-0.02218419561832276,0.17053236010855713,0.0005017114857880528,0.09444337225093646
2020-10-06,2020,1990,0,0,62,8,-1.1148283586255414,-0.0027870708965638535,-0.10226594130465873,0.18388776264609605,0.0004900375070695024,0.0770952239116867
2020-10-07,2020,1990,0,0,61,8,-0.9337299146123035,-0.0023343247865307585,0.00810522546989051,0.1654775915282601,0.0004767734471474677,0.10818757765092216
2020-10-08,2020,1990,0,0,60,5,2.2204293231889474,0.005551073307972368,0.1290978223702802,0.14529122976164766,0.00043887474488506873,0.02860232082257182
2020-10-09,2020,1990,0,0,57,12,0.395378618124349,0.0009884465453108724,0.014907457619583318,0.16433851574972852,0.0003468049399081667,0.019298833698002
2020-10-12,2020,1990,0,0,57,18,2.304944987084563,0.005762362467711407,0.1341906862662263,0.14444389044001874,0.00047780803289185615,0.01078335026482924
2020-10-13,2020,1990,0,0,59,15,-0.21292853727161276,-0.000532321343179032,-0.013063166183457535,0.16900834505954862,0.0005015884311611233,0.023387536505977607
2020-10-14,2020,1990,0,0,59,8,-2.149516640470359,-0.005373791601175898,-0.08074326965303527,0.18030275993191897,0.0007849076749438651,0.0274173982030159
2020-10-15,2020,1989,0,0,57,9,0.3288180957035607,0.0008220452392589017,0.00011942668293514544,0.1668127376637968,0.0009499825597562604,0.11003852269019515
2020-10-16,2020,1989,0,0,57,6,-2.455393017008596,-0.006138482542521489,-0.11270996156816399,0.18563666005519905,0.0004967018711438093,0.07194880180982957
2020-10-19,2020,1989,0,0,58,6,-0.2464386042698541,-0.0006160965106746352,-0.018237495529694427,0.1698731129286083,0.0005161854479430439,0.06899269289132388
2020-10-20,2020,1989,0,0,57,2,-2.0023835557352005,-0.005005958889338001,-0.07722032015635907,0.1797149895339801,0.0006650070146584338,0.03672913821613266
2020-10-21,2020,1989,0,0,58,14,0.9652890015997693,0.0024132225039994234,0.11445999198791314,0.1477334902648591,0.0004623190720371718,0.033310683136700485
2020-10-22,2020,1989,0,0,58,15,3.7510661144793485,0.00937766528619837,0.2796890027780746,0.12016606041192666,0.0005424081352810795,0.03996071628789948
2020-10-23,2020,1989,0,0,58,3,-2.184067635320895,-0.005460169088302238,-0.15600736712587987,0.19285544528494566,0.0004431850804772416,0.015589397235756024
2020-10-26,2020,1989,0,0,57,8,-3.419201071135233,-0.008548002677838083,-0.20506191274184704,0.20104219631280504,0.0006158833303560889,0.06278593649815126
2020-10-27,2020,1989,0,0,57,1,0.9313401967689063,0.002328350491922266,0.1231165782584962,0.14628748564008842,0.00046921607724777534,0.0635108572211567
2020-10-28,2020,1990,0,0,54,5,1.0808561927983789,0.002702140481995947,0.03487571176185739,0.16101545081189556,0.0009132165954382234,0.05625314856076398
2020-10-29,2020,1991,0,0,53,8,1.4562471159057717,0.0036406177897644293,0.21075761903867576,0.13167183527104262,0.0008458610611613455,0.032031845336492275
2020-10-30,2020,1991,0,0,53,6,-2.1515853001539895,-0.005378963250384974,-0.16182695936654223,0.19382821925959057,0.0013533535546463083,0.0946768137283425
2020-11-02,2020,1991,0,0,53,0,-0.36137064137093233,-0.0009034266034273308,0.01847697601218202,0.16375003226242546,0.0009654651644540744,0.037087328881843004
2020-11-04,2020,1991,0,0,53,5,-0.22634108252623064,-0.0005658527063155766,-0.027208922905798346,0.17136839287563968,0.0006887517868606933,0.04975478382972646
2020-11-05,2020,1991,0,0,53,2,-1.6352556175124269,-0.0040881390437810675,-0.16462240214895454,0.1942955829324686,0.0009740093100553107,0.028587360247129136
2020-11-06,2020,1991,0,0,53,3,4.996667599691304,0.01249166899922826,0.16227962632144677,0.13975993356432576,0.0021401191436650675,0.030443582675814616
2020-11-09,2020,1991,0,0,53,12,-0.5740607955455133,-0.0014351519888637831,-0.04811488291027827,0.17485909865270716,0.0008008192250227834,0.06012265385072512
2020-11-10,2020,1991,0,0,53,2,2.0607765146158727,0.005151941286539682,0.04699142369797094,0.15899122425247594,0.0008105404774227725,0.09411228166784735
2020-11-11,2020,1991,0,0,53,5,-2.0842669560569798,-0.005210667390142449,-0.18945106973829678,0.19844014359661533,0.002111608228771023,0.18793428003053808
2020-11-12,2020,1991,0,0,53,4,-2.5392992893012076,-0.006348248223253019,-0.18166446202823222,0.1971406224223749,0.001595418229941131,0.21497762169900106
2020-11-13,2020,1991,0,0,53,5,0.2126151006130952,0.000531537751532738,-0.022246888327502323,0.1705432544731639,0.0008299139425516925,0.4108408545341374
2020-11-16,2020,1991,0,0,53,11,0.2763966570654024,0.000690991642663506,-0.057191938414335675,0.17637307107001077,0.0007185215868939247,0.6049810138268782
2020-11-17,2020,1991,0,0,52,7,-1.4328626620427614,-0.0035821566551069036,-0.059640064575920346,0.17677330194658566,0.0006264301205209169,0.40085866856403163
2020-11-18,2020,1991,0,0,52,5,0.19061984772756468,0.0004765496193189117,-0.056761103532974484,0.17629951204246794,0.00041906855034484015,0.38955705749114655
2020-11-19,2020,1991,0,0,51,7,3.298289425452233,0.008245723563630583,0.1443650487222624,0.14274737898787518,0.000567300745043512,0.22181826203615865
2020-11-20,2020,1991,0,0,51,10,0.11877201793487102,0.00029693004483717753,0.05076571016489449,0.15836182773999374,0.000575871204388229,0.14940536858978345
2020-11-24,2020,1991,0,0,51,8,0.8607240514843053,0.002151810128710763,0.04360631056463415,0.15955396827452278,0.0004901583164639263,0.22772049326574795
2020-11-25,2020,1991,0,0,51,8,0.7584532704582012,0.001896133176145503,0.003341842256632187,0.16627332053354765,0.0004833385924790105,0.10544944844108281
2020-11-26,2020,1991,0,0,50,13,1.143910398542718,0.002859775996356795,0.024522694297787404,0.16274232968841595,0.0013044673144564064,0.08775856301028341
2020-11-27,2020,1991,0,0,50,5,0.6439344156849391,0.001609836039212348,0.07789350451516551,0.15383676463278717,0.0005270095168713099,0.0510557737090074
2020-11-30,2020,1991,0,0,50,5,-0.39537799025225706,-0.0009884449756306427,-0.00925647213381216,0.16837510742991327,0.0004231929389673432,0.08071005201944186
2020-12-01,2020,1991,0,0,51,5,-0.29955442906635843,-0.0007488860726658961,-0.009996023102716441,0.168496972646194,0.0005157798876568566,0.03756596709340012
2020-12-02,2020,1991,0,0,52,13,1.0697826629601694,0.0026744566574004236,0.037389567049674916,0.1605912932404806,0.0005033103468304891,0.07657795811526148
2020-12-03,2020,1991,0,0,52,16,-1.20902088732054,-0.0030225522183013496,-0.036673137179879724,0.1729492025115266,0.0008492595472345322,0.08196987515530582
2020-12-04,2020,1991,0,0,51,8,1.222547939954496,0.00305636984988624,0.06276740907828082,0.15635566882871105,0.0003890608803204146,0.14580112191384112
2020-12-07,2020,1991,0,0,51,9,-2.762834240086065,-0.006907085600215163,-0.20590771925171583,0.2011814440581719,0.00043245355729537745,0.14446992189450977
2020-12-08,2020,1991,0,0,51,10,0.16076153641695745,0.0004019038410423936,0.0011114498657031986,0.16664445948537568,0.0004257853875960691,0.22292637062555437
2020-12-09,2020,1991,0,0,52,5,0.30773015722258523,0.0007693253930564631,-0.0016755873761788412,0.16710765881633127,0.0005033540012403715,0.13299855531973911
2020-12-10,2020,1991,0,0,49,12,0.8652813871999905,0.0021632034679999763,0.024416873374939103,0.1627562483487504,0.0005163820346041254,0.17529477633805574
2020-12-11,2020,1991,0,0,49,9,0.3341072505914527,0.0008352681264786317,-0.005589905932782885,0.1677582057822358,0.0004813145754895019,0.16340890700132657
2020-12-14,2020,1991,0,0,50,2,0.13677957207147032,0.0003419489301786758,0.0178362208273201,0.16385163946580095,0.0005506428267814909,0.13706770644908156
2020-12-15,2020,1990,0,0,49,10,0.7698574071067342,0.0019246435177668357,0.04651585761532093,0.15907035181595366,0.0005133304526946862,0.09671248371005754
2020-12-16,2020,1993,0,0,50,7,-0.19729779568226008,-0.0004932444892056502,0.008578038637809957,0.1653997477728719,0.0003946107574946224,0.05821577559531665
2020-12-17,2020,1994,0,0,51,7,-0.7323401781353979,-0.0018308504453384946,-0.013331555240939616,0.16905029764161802,0.00042686768429674865,0.1071069467922435
2020-12-18,2020,1995,0,0,52,6,-1.1305455576826233,-0.0028263638942065583,-0.016644568158382167,0.16961049562717204,0.0011377821849063306,0.08978579838666426
2020-12-21,2020,1996,0,0,53,9,0.35786944532860865,0.0008946736133215216,-0.011231520022513233,0.168704207492881,0.00041236607932552716,0.07413746560696037
2020-12-22,2020,1998,0,0,52,20,-1.0090057030116892,-0.002522514257529223,-0.055940949979725964,0.17615835485943102,0.0005944229605510385,0.04652380282217422
2020-12-23,2020,1999,0,0,54,14,-0.30899310462226626,-0.0007724827615556657,-0.0146454468394573,0.16926986852871967,0.00038822966841714805,0.07604920272719484
2020-12-24,2020,1999,0,0,54,6,-1.8560220269800074,-0.004640055067450018,-0.18608978734921966,0.19787488067586576,0.0005000001010579454,0.04716418250775555
2020-12-25,2020,1999,0,0,54,2,-1.369596299274464,-0.0034239907481861597,-0.13271405296426436,0.18897388329245152,0.0005361882259224298,0.04728023945453657
2020-12-28,2020,1999,0,0,51,5,0.6514538152421623,0.0016286345381054056,0.026952912221922285,0.1623336510414684,0.0003594300800344393,0.03337862090275436
2020-12-29,2020,1999,0,0,51,11,0.4635851347196587,0.0011589628367991466,0.013378624712798796,0.1646003518863122,0.0008246527705113228,0.07527665423708468
2020-12-30,2021,1999,0,0,50,12,0.9183570533232353,0.002295892633308088,0.04594830460277779,0.15916098973193085,0.0004028294312113767,0.027208008194936534
2021-01-04,2021,1999,0,0,50,4,1.3156535858632759,0.0032891339646581898,0.13217282542602976,0.14477966467474734,0.0004247297326374768,0.046260038435116585
2021-01-05,2021,1999,0,0,50,6,1.503476000555805,0.0037586900013895125,0.09166967275966761,0.15153707055300994,0.0005188252052461301,0.01989086826504945
2021-01-06,2021,1999,0,0,49,3,-1.446263569142492,-0.00361565892285623,-0.11615682025205058,0.18621029584963755,0.0005695313626738135,0.03399204120667886
2021-01-07,2021,1999,0,0,49,5,0.10532394259066635,0.0002633098564766659,-0.016577356083447008,0.16959686248478545,0.0006553345025442757,0.06146380667968557
2021-01-08,2021,1999,0,0,48,8,0.6307348007296127,0.0015768370018240318,0.0735520762197227,0.1545570146874678,0.0005277785211958751,0.054322012497646434
2021-01-12,2021,1999,0,0,47,12,-0.1492136458226676,-0.000373034114556669,-0.03088445835430206,0.17198054761894238,0.0005249653123089895,0.028150991430896218
2021-01-13,2021,1999,0,0,47,4,0.7561349321633636,0.001890337330408409,-0.07555849245455333,0.179438408421456,0.0008244351579821654,0.05803491118856717
2021-01-14,2021,1999,0,0,47,5,0.648196398441243,0.0016204909961031076,0.08158131896035169,0.15322036554975346,0.0005729050782011602,0.1392866501532768
2021-01-15,2021,1999,0,0,47,10,1.2623208432936714,0.0031558021082341787,-0.06176742854171333,0.17713456867862648,0.00044830373552468797,0.13366142700128122
2021-01-18,2021,1999,0,0,46,5,-0.989505249093628,-0.0024737631227340702,-0.00840074055612219,0.16823092574913678,0.00048384981928800095,0.07771316493856427
2021-01-19,2021,1999,0,0,45,6,-1.1854572749424288,-0.002963643187356072,-0.03551313923715534,0.17274957903480376,0.0005381239370878981,0.17543392114346132
2021-01-20,2021,1999,0,0,44,5,0.4107649502880893,0.0010269123757202232,0.01031557117348192,0.16510954015135285,0.00043298273345324594,0.07940910402661629
2021-01-21,2021,1999,0,0,43,13,-0.0608048848533842,-0.0001520122121334605,-0.02521565145789831,0.17103723252987824,0.0005010840090679383,0.15924331122678637
2021-01-22,2021,1999,0,0,43,1,1.3034103605195937,0.003258525901298984,0.1024089389131816,0.1497442997732056,0.00046302598220568673,0.02571958903930931
2021-01-25,2021,1999,0,0,43,6,0.3392147336326826,0.0008480368340817065,0.006693675583115039,0.1657120310489162,0.0004341100060849793,0.07380345211941353
2021-01-26,2021,1999,0,0,42,10,1.8076210409279474,0.004519052602319868,0.12700639979504358,0.14563917197441165,0.0006414188926316649,0.42809036444529897
2021-01-27,2021,1999,0,0,42,4,-1.5066462553832096,-0.003766615638458024,-0.013302132682316987,0.16905170568282155,0.0008735122831340289,0.06047271983429547
2021-01-28,2021,1999,0,0,41,1,0.48866725286182766,0.0012216681321545692,-0.054382984489437916,0.17590278311517307,0.0006831583878315428,0.051282092573348266
2021-01-29,2021,1999,0,0,41,1,0.14610956868098057,0.00036527392170245145,0.03444712407874898,0.16108213494112403,0.0010048580991369213,0.3528158570825552
2021-02-01,2021,1999,0,0,41,2,1.3336526013734056,0.003334131503433514,0.09424237531939966,0.15110895825327114,0.0007785334858215026,0.3273212013198283
2021-02-02,2021,1999,0,0,41,1,-0.28325117647520753,-0.0007081279411880188,0.052314639730608944,0.15810040250951898,0.0006926138514119509,0.2367112999542843
2021-02-03,2021,1999,0,0,41,1,-2.5768098094566927,-0.006442024523641732,-0.09135888524378018,0.18207147419607755,0.0011892806180197552,0.19189926073216737
2021-02-04,2021,1999,0,0,41,4,0.7704905501424939,0.0019262263753562347,0.051386362151471805,0.1582594345215646,0.001166254456811817,0.1843462507301389
2021-02-05,2021,1999,0,0,41,0,2.5742357633640838,0.0064355894084102095,0.2007921270184996,0.1333317805419597,0.0007820687265579311,0.15189930301594862
2021-02-08,2021,1999,0,0,41,1,-0.8173851855004447,-0.0020434629637511117,-0.05483575496506902,0.17597877124606204,0.0012089304044650719,0.149176390183893
2021-02-09,2021,1999,0,0,41,3,-0.8954827111603233,-0.002238706777900808,0.009750015543685793,0.16520523939561285,0.0011974613324831072,0.1542075975181481
2021-02-10,2021,1999,0,0,41,2,0.07462873042527862,0.00018657182606319657,0.03908879701060197,0.1603087338598362,0.0011555812059449624,0.13858455738726388
2021-02-12,2021,1999,0,0,41,3,1.363743853304556,0.00340935963326139,0.08241657208604394,0.1530803643892846,0.0007767449533200672,0.16291857071028826
2021-02-15,2021,1999,0,0,42,1,-2.397323237475148,-0.00599330809368787,-0.13847968648216075,0.18993210975513436,0.0011049644407250731,0.15476835240815454
2021-02-16,2021,1999,0,0,42,3,-0.036361242589805,-9.09031064745125e-05,0.01836808136023996,0.16376626790661386,0.0006923604860640309,0.10986106341075433
2021-02-17,2021,2000,0,0,40,3,1.2075325429333632,0.003018831357333408,0.09308786523861734,0.1513000018643639,0.0005046540201916328,0.11454711948606369
2021-02-18,2021,2000,0,0,41,1,-2.460238883806225,-0.006150597209515563,-0.16497686212585896,0.19435430872014298,0.0009139408885048004,0.10620209385428188
2021-02-19,2021,2000,0,0,42,0,-1.6491998852074838,-0.00412299971301871,-0.15518332392616985,0.1927219263708893,0.000932162149021672,0.08601644865077217
2021-02-22,2021,2000,0,0,42,2,-0.84436401500798,-0.00211091003751995,-0.10428128488938014,0.18422533765632193,0.0007165755570737733,0.14266543288664557
2021-02-24,2021,2000,0,0,42,0,-0.45056858426922286,-0.001126421460673057,0.023442407259565298,0.1629218758328639,0.0008959614786207953,0.12535703614650331
2021-02-25,2021,2000,0,0,42,3,2.3447241555972345,0.005861810388993086,0.13972022055095468,0.14352319087257487,0.001100612009732036,0.18958844775446707
2021-02-26,2021,2000,0,0,42,1,1.4948541163515099,0.0037371352908787746,0.10408261857338649,0.14946236962903664,0.000469283799924333,0.14140281700878302
2021-03-01,2021,2000,0,0,41,1,-2.3862375852557483,-0.00596559396313937,-0.24258801800251953,0.20730180404109005,0.0005703766433978419,0.0820280603333138
2021-03-02,2021,2000,0,0,41,3,-0.25698201947423416,-0.0006424550486855854,-0.08973274223664816,0.18179685540619234,0.0004035717062413233,0.05497969065278857
2021-03-03,2021,2000,0,0,41,1,0.16930014147113803,0.00042325035367784506,-0.003924706504115782,0.1674835897188214,0.0003970912299868514,0.05454474194435147
2021-03-04,2021,2000,0,0,41,1,-1.4568446292368142,-0.0036421115730920356,-0.16050436728656967,0.19360619748343408,0.0004579803484604913,0.07280020275302247
2021-03-05,2021,2000,0,0,38,1,-1.145816844955439,-0.0028645421123885974,-0.13299477570451992,0.18901999498999122,0.0008499379082611153,0.05357697677065868
2021-03-08,2021,2000,0,0,38,0,1.172515324045842,0.0029312883101146048,0.11877896324854856,0.14701291741418485,0.000324550599152681,0.03604476677403437
2021-03-09,2021,2000,0,0,38,1,1.418113218444988,0.00354528304611247,0.11691587865149823,0.14732632111453425,0.000482946423231454,0.027512108818454926
2021-03-10,2021,2000,0,0,38,2,2.950971638248922,0.007377429095622306,0.22201500322424766,0.12979086354082495,0.0004973163689393299,0.016088278915559796
2021-03-11,2021,2000,0,0,37,2,-2.155072308686571,-0.0053876807717164275,-0.17932820613255257,0.19675015096342569,0.0006698180019025414,0.008852996604743963
2021-03-12,2021,2000,0,0,37,1,0.7353336464550224,0.001838334116137556,0.11401933473938343,0.14780994999751,0.0004748586177198321,0.00842404514426897
2021-03-15,2021,2000,0,0,37,11,-0.2974610993064757,-0.0007436527482661892,-0.028653405495684008,0.17160644448036924,0.0003358055189129163,0.05086365953678097
2021-03-16,2021,2000,0,0,34,17,-1.109455780092266,-0.002773639450230665,-0.10753212558288149,0.1847667606314413,0.0003450342343533803,0.03138545630944541
2021-03-17,2021,2000,0,0,35,10,1.6662366379994973,0.004165591594998744,0.12782474724043882,0.14550498610986334,0.0003780726839186597,0.05312348476804134
2021-03-18,2021,2000,0,0,35,8,-0.16974988984803374,-0.00042437472462008435,-0.012179379137949312,0.168861401811461,0.0004492850533491244,0.012588488469900662
2021-03-19,2021,2000,0,0,33,8,-1.213802358168163,-0.0030345058954204074,-0.1364703671895137,0.18959903357131294,0.0006933798965447473,0.013308534237266599
2021-03-22,2021,2000,0,0,30,9,1.0242223443219718,0.0025605558608049295,0.07012769234383047,0.15513350472134516,0.0009318991540328463,0.03528665566023689
2021-03-23,2021,2000,0,0,30,14,-0.5538859488650871,-0.001384714872162718,-0.150022093987873,0.19186041976716223,0.0006023533151995223,0.057685891112348904
2021-03-24,2021,2000,0,0,29,1,1.1066300110315628,0.002766575027578907,0.16009986091979297,0.1401225513957579,0.0007235371569141951,0.07190433245130731
2021-03-25,2021,2000,0,0,30,1,0.08318057387144483,0.00020795143467861206,-0.05356150532240977,0.17576762505815188,0.0008091819263680058,0.1632696725471101
2021-03-26,2021,2000,0,0,29,3,2.035453129279291,0.005088632823198227,0.20792179527116209,0.13214387909312336,0.0006616769777115647,0.13675403189669286
2021-03-29,2021,2000,0,0,29,5,-2.4130616173264876,-0.006032654043316219,-0.21766364416013706,0.20314616881977757,0.0011038017272829877,0.11654843827257262
2021-03-30,2021,2000,0,0,29,2,2.6387705225818086,0.006596926306454521,0.2403113971496901,0.1267398970245503,0.0005988868169026246,0.19916333935259195
2021-03-31,2021,2000,0,0,29,3,0.19872137381910948,0.0004968034345477737,0.0544540473313427,0.15774449849987524,0.00041330165615680785,0.08792115708785901
2021-04-01,2021,2000,0,0,29,5,-1.4447831054619789,-0.0036119577636549473,-0.129736671387251,0.18847527897265293,0.00048740024100646135,0.17345133398797583
2021-04-02,2021,2000,0,0,29,1,0.2301861330078605,0.0005754653325196513,0.019123331608571017,0.1636423442461601,0.0007163261916639896,0.32695379126279184
2021-04-05,2021,2000,0,0,30,4,-0.4502439214975742,-0.0011256098037439354,0.03639770425520302,0.16075994631883225,0.0004272454039102027,0.11256731342934485
2021-04-06,2021,2000,0,0,29,3,-0.25733200022605063,-0.0006433300005651266,-0.011332359768789003,0.16872349425087732,0.0005819250963055431,0.08507632697726433
2021-04-07,2021,2000,0,0,29,1,-0.1995521707363499,-0.0004988804268408748,-0.007735344396813633,0.16811341770184743,0.00032352829081554895,0.046690577130190876
2021-04-08,2021,2000,0,0,28,6,-3.258934038475824,-0.00814733509618956,-0.2704564704087116,0.2119496429680573,0.0009640988779116588,0.04759061920055899
2021-04-09,2021,2000,0,0,27,10,-0.23530071735898966,-0.0005882517933974742,-0.041703708692939566,0.17378332850767556,0.00031350795986948016,0.07599286708594297
2021-04-12,2021,2000,0,0,29,3,0.070931545767351,0.00017732886441837752,0.019055145673390006,0.1636505584583187,0.00038061288060581695,0.03142616352594261
2021-04-13,2021,2000,0,0,29,8,0.22474630789769276,0.0005618657697442319,-0.017917939573428767,0.16981892396923823,0.0003620797031952698,0.0627647094459764
2021-04-14,2021,2000,0,0,29,6,0.43916529721460523,0.001097913243036513,-0.0033489636819951604,0.1673770367549958,0.00028854252770778565,0.04313491414178434
2021-04-15,2021,2000,0,0,30,3,-0.656095497115196,-0.00164023874278799,-0.07555965582658258,0.1794339657948034,0.0003844144584345928,0.06568426737327586
2021-04-16,2021,2000,0,0,29,5,-0.2404721335385065,-0.0006011803338462663,-0.02679171199118317,0.17130257625060655,0.0003867767847759796,0.017261759862219003
2021-04-19,2021,2000,0,0,29,2,-2.6721690704512286,-0.006680422676128072,-0.19655287380282044,0.19962462571956313,0.0007530020280873071,0.011216538548688173
2021-04-20,2021,2000,0,0,28,4,0.11803808152199524,0.0002950952038049881,0.012193081017419578,0.16479685878456987,0.0006513307025731081,0.029644917097971145
2021-04-21,2021,2000,0,0,29,6,0.5855741303204464,0.0014639353258011159,0.041006865205779224,0.1599850446108497,0.0003780234613807639,0.06853649488742838
2021-04-22,2021,2000,0,0,29,2,1.1403596739323774,0.0028508991848309436,0.06314100198762351,0.15629558432292687,0.0003607054059720774,0.03744323863643562
2021-04-23,2021,2000,0,0,29,3,-1.4242719086811695,-0.0035606797717029235,-0.04435995143536634,0.17422812925972742,0.00044082212200542047,0.11269634919582441
2021-04-26,2021,2000,0,0,29,10,-0.10999150119238077,-0.00027497875298095195,0.0342473573835229,0.16111664186270225,0.00041145228985805957,0.07401764775570346
2021-04-27,2021,2000,0,0,29,2,0.044018087648373144,0.00011004521912093286,-0.03730377336413838,0.17305118123093563,0.00054177095185111,0.09481633368506465
2021-04-28,2021,1999,0,0,30,2,0.6249630940837347,0.0015624077352093368,0.020518868492425624,0.1634090555900685,0.0006996658532132417,0.02934675401067199
2021-04-30,2021,1999,0,0,30,1,0.03865908567805576,9.66477141951394e-05,0.019341105818876596,0.1636049527537814,0.000581698368111759,0.021122502336533535
2021-05-06,2021,1999,0,0,30,1,0.3747931320846051,0.0009369828302115127,0.00041349198166079106,0.16675787143372037,0.0005959087450375017,0.04431115345787915
2021-05-07,2021,1999,0,0,31,3,-1.1742848106436283,-0.002935712026609071,-0.09996667278775596,0.1835108718120419,0.001306490126439966,0.7778177659375243
2021-05-10,2021,1999,0,0,31,1,1.6222728066513032,0.004055682016628258,0.03197778687486995,0.16149760879501876,0.0009190977572029839,0.03636532432178647
2021-05-11,2021,1999,0,0,32,0,-0.35476915495940586,-0.0008869228873985146,-0.03504481945468333,0.17267934446381028,0.0010538570470228358,0.04571000300151101
2021-05-12,2021,1999,0,0,31,4,0.793552678499307,0.0019838816962482676,0.09184769972763841,0.15150929955604564,0.0011014557414940392,0.06534025072413174
2021-05-13,2021,1999,0,0,33,1,0.9276616382268081,0.0023191540955670204,0.1125205753751045,0.14805983723494281,0.0011781683668247909,0.09534116361476744
2021-05-14,2021,1999,0,0,33,1,-0.8100504234070263,-0.0020251260585175657,-0.0006471128304526221,0.16694062451350503,0.001167108716253287,0.1738171914930068
2021-05-17,2021,1999,0,0,33,2,-0.08053059237159226,-0.00020132648092898063,0.0012535019421554775,0.1666220022825127,0.0012759636733758286,0.29538094347880384
2021-05-18,2021,1999,0,0,33,0,-0.5516165745735235,-0.001379041436433809,0.0029113264124758374,0.16634093361032906,0.0008363452321023407,0.18325825913381913
2021-05-19,2021,1999,0,0,33,1,-0.19476318089707317,-0.00048690795224268295,0.014945017841148215,0.16433106552133786,0.0004711205219010101,0.14404894942790789
2021-05-20,2021,1999,0,0,33,3,-1.5139616557941165,-0.0037849041394852913,-0.13317306289105132,0.18904733590210712,0.0004917131509866,0.11794137058703466
2021-05-21,2021,1999,0,0,33,4,1.0000819396350482,0.0025002048490876203,0.04554438272623678,0.15923230306016045,0.0004046226130911642,0.18795047897155323
2021-05-24,2021,1999,0,0,33,4,-0.0875591567649192,-0.000218897891912298,0.024588126541163213,0.16272489536999668,0.00041547344224041174,0.22350327028400838
2021-05-25,2021,1999,0,0,32,3,-0.11721486964186956,-0.0002930371741046739,0.026607909479739553,0.16239313250118456,0.00042133562105232985,0.04408835491843897
2021-05-26,2021,1999,0,0,32,9,-0.6498359398826556,-0.001624589849706639,-0.03841517886946564,0.1732412338763437,0.0006538553024465046,0.04809083510949078
2021-05-27,2021,1999,0,0,32,3,-0.742312181764015,-0.0018557804544100376,-0.01305909399080104,0.16901032963794074,0.0003803112217530697,0.023451740084334476
2021-05-28,2021,1999,0,0,33,2,-0.24506372403479176,-0.0006126593100869794,-0.011585974150011905,0.16875946692024651,0.0003080666160819826,0.057081190173964666
2021-05-31,2021,1999,0,0,32,10,-1.2495312222480792,-0.003123828055620198,-0.10980717499802857,0.1851475118897744,0.00044192483967879997,0.1044379197873149
2021-06-01,2021,1999,0,0,33,1,0.48022193820559633,0.0012005548455139908,0.014815847002855117,0.16435317261988105,0.00031544492362663536,0.025980383977722777
2021-06-02,2021,1999,0,0,32,3,1.5974466075186373,0.0039936165187965935,0.12474030494098401,0.1460159718456785,0.0003182705123031811,0.02490780215152045
2021-06-03,2021,1999,0,0,32,2,0.32958059624463987,0.0008239514906115997,-0.000991215394604492,0.16699244508632183,0.0003482174268344181,0.02459247065439428
2021-06-04,2021,1999,0,0,30,1,-0.7275770059067639,-0.0018189425147669097,-0.09604479378425819,0.1828509023956097,0.000326178852252986,0.024861191196887997
2021-06-07,2021,1999,0,0,31,3,0.5305479962939476,0.001326369990734869,0.014799981069567897,0.1643573522480944,0.00030143293098849525,0.03754272651546648
2021-06-08,2021,1999,0,0,31,3,-0.4885645944279625,-0.0012214114860699063,0.026110522310137406,0.162465611741864,0.0002845267059068269,0.042524034655928925
2021-06-09,2021,1999,0,0,30,5,0.36063143152650645,0.0009015785788162662,0.04300373521395174,0.1596481113118811,0.00031317718669065603,0.05226222529634437
2021-06-10,2021,1999,0,0,30,3,0.519863559830234,0.001299658899575585,0.0023487537030309254,0.16643299144584822,0.0003500128423522801,0.033961564701331166
2021-06-11,2021,1999,0,0,30,0,-0.14868292852083642,-0.00037170732130209104,0.011753006305290739,0.16486238024578515,0.00038529500764650774,0.13934383841200326
2021-06-14,2021,1999,0,0,30,4,-0.38959907173247943,-0.0009739976793311986,-0.049381331706870174,0.17506522639807498,0.00033400244126214983,0.07377596859048259
2021-06-15,2021,1999,0,0,30,7,-1.2491578028322192,-0.003122894507080548,-0.08135976703501963,0.1803995932115422,0.0003161387027994926,0.046332594907581945
2021-06-16,2021,1999,0,0,31,2,-1.2802376289838497,-0.0032005940724596244,-0.044047625354292,0.17417883682146945,0.0005005840058711033,0.13274142013999182
2021-06-17,2021,1999,0,0,33,5,-0.4929334179205447,-0.0012323335448013617,0.0030434114575722234,0.16632554579656258,0.0006104082644053601,0.04098977566679516
2021-06-18,2021,1999,0,0,32,7,1.0700219943684095,0.0026750549859210237,0.13891054798822772,0.14365838352637808,0.0008447974872385939,0.08086543954331138
2021-06-21,2021,1999,0,0,32,11,-0.8897423590734762,-0.0022243558976836903,-0.08900488407299263,0.18167392073232633,0.00034665131424271834,0.03859192462708232
2021-06-22,2021,1999,0,0,33,11,0.02301305171872775,5.753262929681938e-05,0.033097173806110464,0.161305794455202,0.0006312138286609715,0.6921298316480109
2021-06-23,2021,1999,0,0,34,5,0.09796566287030539,0.0002449141571757635,-0.01852578285858407,0.16991990444376046,0.0005633691641605014,0.18251160008745598
2021-06-24,2021,1999,0,0,34,3,0.6391154166470747,0.0015977885416176868,0.008281553506763892,0.1654465511299459,0.0003639313092774126,0.14301022272706937
2021-06-25,2021,1999,0,0,35,14,-0.15388617203980126,-0.00038471543009950315,-0.03819068482534387,0.17320239617223945,0.00043814430725078044,0.14822645440738594
2021-06-28,2021,1999,0,0,34,2,-0.46904647412686634,-0.001172616185317166,-0.043326819857507456,0.1740562815533484,0.0003641191558970447,0.056408739616060355
2021-06-29,2021,1999,0,0,34,7,1.5503648296853085,0.0038759120742132714,0.18995827288439074,0.1351336344489202,0.000358869503414391,0.09099509695581637
2021-06-30,2021,1999,0,0,34,7,0.4610274611288192,0.001152568652822048,0.01934148128097784,0.1636043636572179,0.0003998867570293009,0.09671352159566561
2021-07-01,2021,1999,0,0,34,2,-1.0449907774940803,-0.002612476943735201,-0.08557664151803102,0.18110556817485357,0.0002582710819875765,0.09289130974483785
2021-07-02,2021,1999,0,0,34,5,-0.4706264211986989,-0.0011765660529967472,-0.07491282455303594,0.17931302064021576,0.0002534789170591377,0.015643249510334887
2021-07-05,2021,1999,0,0,34,4,1.6064705744968646,0.004016176436242161,0.14321209492633843,0.1429396609695718,0.0002417564908439802,0.015902450667444848
2021-07-06,2021,1999,0,0,35,3,0.577047496302495,0.0014426187407562375,-0.0016201173062856673,0.1671015236270712,0.00043051072042890566,0.2947018363667466
2021-07-07,2021,1999,0,0,35,3,-0.5350306788124144,-0.001337576697031036,-0.04486217498085672,0.17430835391774066,0.00029657359628010587,0.04274507475484539
2021-07-08,2021,1999,0,0,35,5,0.891434301065325,0.0022285857526633123,0.0822686745474572,0.15310806564954663,0.0007555022155329002,0.04016882553141385
2021-07-09,2021,1999,0,0,35,18,0.3019459495007357,0.0007548648737518393,0.023893268904892746,0.16284409130901195,0.0003861338196916633,0.05068486182383056
2021-07-12,2021,1999,0,0,35,5,0.17608537792279885,0.0004402134448069971,-0.026222613607240364,0.17119759016583305,0.00040193319014653224,0.08149002656836102
2021-07-13,2021,1999,0,0,34,3,-0.004186692469390962,-1.0466731173477407e-05,-0.014614275404542769,0.16926946953202573,0.0004368679707666655,0.07871101578827706
2021-07-14,2021,1999,0,0,34,12,1.147512172902515,0.0028687804322562876,0.16048931901605565,0.1400471492237846,0.00026763144979379216,0.04337483475650313
2021-07-15,2021,1999,0,0,35,7,-1.2338635719814848,-0.003084658929953712,-0.07163247574840087,0.17878294927167213,0.00037318361671797695,0.03465021344912549
2021-07-16,2021,1999,0,0,33,9,-0.03110210191995222,-7.775525479988055e-05,0.02488747707357111,0.16267822716780428,0.00030808432267035655,0.04632902425750948
2021-07-19,2021,1999,0,0,34,9,0.39286969810172856,0.0009821742452543213,0.05631000391035766,0.15743526461973772,0.0004026395453236918,0.062424622630151166
2021-07-20,2021,1999,0,0,36,4,-0.29339511378356553,-0.0007334877844589138,0.032915040210670855,0.1613401911281081,0.0005644183612193786,0.03977900600610998
2021-07-21,2021,1999,0,0,35,6,-0.23731298486362107,-0.0005932824621590527,0.05546345222514802,0.15757762442209522,0.0003701306944285266,0.036565014547376054
2021-07-26,2021,1999,0,0,36,6,-1.049001406761689,-0.0026225035169042225,-0.10053422544578612,0.18360112288426544,0.0005043079969862187,0.444351292299054
2021-07-27,2021,1999,0,0,36,6,1.6749755379011455,0.004187438844752864,0.13392585003350269,0.1444862081201272,0.0003624873039779071,0.013606239286114992
2021-07-28,2021,1999,0,0,36,6,-1.72278636465211,-0.004306965911630275,-0.14803362675141157,0.1915295727810719,0.0007237053076401377,0.016984250413536777
2021-07-29,2021,1999,0,0,37,9,0.07364931169980826,0.00018412327924952065,0.0009301006672075374,0.16667770342399196,0.0008320407772068457,0.01684638285472313
2021-07-30,2021,1999,0,0,37,8,0.3091609584812899,0.0007729023962032247,0.026933920527114744,0.1623360624401435,0.0003167732968499685,0.054363797638757046
2021-08-02,2021,1999,0,0,37,0,1.497810654531607,0.0037445266363290174,0.11015316718334246,0.14845404308635674,0.0004286183003401978,0.018884396160990878
2021-08-03,2021,1999,0,0,39,0,0.24723223771973896,0.0006180805942993474,0.03855789722889589,0.16039458149477123,0.0004545879007045074,0.016827084253017106
2021-08-04,2021,1999,0,0,39,4,0.13325390643995022,0.00033313476609987555,-0.015152091774109106,0.16935614667657617,0.0005964107085260563,0.06744388959327674
2021-08-05,2021,1999,0,0,39,2,-1.5486616771709851,-0.0038716541929274626,-0.09124665702231512,0.1820536445952257,0.000886950039937098,0.049001540043926775
2021-08-06,2021,1999,0,0,39,6,-0.9271848077225711,-0.002317962019306428,-0.014292192917899373,0.16921526331236192,0.0006819265995103107,0.03315266332841401
2021-08-10,2021,1999,0,0,39,0,-0.19819831255199166,-0.0004954957813799792,-0.01597460299390507,0.16948978387737057,0.0005728848303208524,0.061138626231519715
2021-08-11,2021,1999,0,0,40,6,-0.048833606875860275,-0.0001220840171896507,-0.007969991296375939,0.16815496205428912,0.0006862417534498065,0.19990818517417408
2021-08-12,2021,1999,0,0,40,12,0.4746089808042977,0.0011865224520107443,-0.016078948072276007,0.16951496797475843,0.0008927016505384933,0.04404390474980064
2021-08-13,2021,1999,0,0,40,13,1.134638877974806,0.002836597194937015,0.006881612723496923,0.1656806786681534,0.0005547250355431501,0.016130037420384782
2021-08-16,2021,1999,0,0,39,11,1.1148652102610273,0.0027871630256525682,0.10701114130455414,0.14897800807616324,0.0004456213408126036,0.0732974683604126
2021-08-17,2021,1999,0,0,40,11,-1.759970849417382,-0.004399927123543455,-0.09314767901852748,0.18237130329431483,0.000514223936278507,0.04276179421422442
2021-08-18,2021,1999,0,0,40,6,-1.4930803912155857,-0.0037327009780389643,-0.18007641440143576,0.1968724001038957,0.0005707014521807271,0.20273616547826598
2021-08-19,2021,1999,0,0,41,2,0.04723921715458346,0.00011809804288645865,-0.027506344661919927,0.17142058940554533,0.0010119361946705294,0.15846899558440178
2021-08-20,2021,1999,0,0,41,0,-1.443062906857555,-0.003607657267143887,-0.1852922278132222,0.197742201117262,0.0008177768710196404,0.11984943841062128
2021-08-23,2021,1999,0,0,41,0,0.5383957329713636,0.001345989332428409,0.08072916423101184,0.15335527680814437,0.0006330792589623439,0.2537943154791995
2021-08-24,2021,1999,0,0,41,0,0.609041057194577,0.0015226026429864426,0.02534744395138319,0.16259799042387785,0.00032557308381787366,0.06553209873652496
2021-08-25,2021,1999,0,0,41,13,-0.7405726813247548,-0.0018514317033118872,-0.09228531474577853,0.1822169467114938,0.00025715871389758607,0.042925246174098194
2021-08-26,2021,1999,0,0,40,7,0.846672192687437,0.0021166804817185927,0.039822335485852275,0.16018861555424882,0.00037784991522895386,0.0762423333065115
2021-08-27,2021,1999,0,0,40,3,-0.9328931012467614,-0.0023322327531169035,-0.04822304452343878,0.17487222640900582,0.00035808122426772776,0.056987441873170654
2021-08-30,2021,1999,0,0,40,8,-0.8851185645740158,-0.0022127964114350396,-0.05507630135950942,0.1760143003728385,0.00040526392455674063,0.08261522668360843
2021-08-31,2021,1999,0,0,41,8,-0.5752887660339331,-0.0014382219150848327,-0.08558481714021506,0.18110565865086267,0.0003916156031787115,0.0760796660054598
2021-09-01,2021,1999,0,0,42,7,0.5359665693332869,0.0013399164233332172,0.010833729046015471,0.16502360185243917,0.0005022783704186778,0.07127539445804656
2021-09-02,2021,1999,0,0,42,6,-0.602573612358315,-0.0015064340308957875,0.011472061874943762,0.16491277306457172,0.0004758990433291499,0.06502053839690869
2021-09-03,2021,1999,0,0,43,5,-0.5310957116303052,-0.001327739279075763,0.0012146907061603082,0.16662466305412155,0.000776886666630507,0.28621484141724923
2021-09-06,2021,1999,0,0,43,3,-0.30322928000297233,-0.0007580732000074308,0.03660491964446458,0.16071873366455344,0.00035468041634166764,0.12137237205538928
2021-09-07,2021,1999,0,0,45,20,-0.43434930919707226,-0.0010858732729926808,-0.05382229139587796,0.17580428512965604,0.0005955449114426163,0.06998218350334802
2021-09-08,2021,1999,0,0,45,1,-0.15584972979132594,-0.00038962432447831486,-0.04737393632555551,0.17473568244712073,0.0006105888109359644,0.03159606384723588
2021-09-09,2021,1999,0,0,44,7,-0.9795771008332995,-0.002448942752083249,-0.10013035390514187,0.18353270961287932,0.00040929441061435907,0.01729462475454919
2021-09-10,2021,1999,0,0,45,30,0.6231809355014095,0.0015579523387535237,0.0700062447330242,0.15515077590328177,0.0006355761552389498,0.15960219325655747
2021-09-13,2021,1999,0,0,46,1,-0.16225387930537138,-0.00040563469826342845,-0.01018900822257226,0.16853196324094186,0.0007554496671238213,0.20040856446470168
2021-09-14,2021,1999,0,0,45,13,1.8819662685306806,0.004704915671326701,0.17547073096284968,0.1375523965804341,0.001071094520419974,0.11668043857191564
2021-09-15,2021,1999,0,0,45,10,-0.5610962376204844,-0.0014027405940512112,-0.008554418242841123,0.16825323453900504,0.000925658105258044,0.15203256259639417
2021-09-16,2021,1999,0,0,46,0,-0.32703562542459164,-0.0008175890635614791,-0.051952853380299195,0.17550066925956073,0.0011832405152147228,0.2218395765759985
2021-09-17,2021,1999,0,0,47,5,0.25187539440430085,0.0006296884860107521,0.03501199081389399,0.1609912710881739,0.00047103365227638155,0.13247392058413698
2021-09-21,2021,1999,0,0,45,5,-0.16287147372218858,-0.00040717868430547146,-0.03203495653822659,0.17217778274989815,0.0012161713745216852,0.047785485678050126
2021-09-22,2021,1999,0,0,45,1,1.031618527434068,0.0025790463185851697,0.10382711740009071,0.14950908395397156,0.0003711643832707647,0.021244600804460386
2021-09-24,2021,1999,0,0,46,2,0.9362913494387414,0.0023407283735968534,0.044637335970679586,0.15938119204742507,0.0016097621595481059,0.2648041530611678
2021-09-27,2021,1999,0,0,46,9,-0.6302627996574699,-0.0015756569991436748,0.06996304738638545,0.15516042933004665,0.000999473757814206,0.28712015110880007
2021-09-28,2021,1999,0,0,46,4,0.8955384368516787,0.0022388460921291967,0.015294561731818484,0.16427733649369994,0.0010346302517573469,0.34948977264814773
2021-09-29,2021,1999,0,0,46,2,0.9206552043463203,0.002301638010865801,0.09125795952907244,0.15160852015916185,0.0007613079914082138,0.16866708493408705
2021-09-30,2021,1998,0,0,46,7,1.3069295238783378,0.0032673238096958446,0.01159187010285942,0.16489764994564005,0.0006999149483636715,0.1418688217764435
2021-10-01,2021,1998,0,0,46,6,-0.009649725430432632,-2.412431357608158e-05,0.018123711320904966,0.16380922596148037,0.00042464108470163597,0.1434621447222201
2021-10-04,2021,1998,0,0,46,6,-1.6225159981670123,-0.004056289995417531,0.010693006405113382,0.16504622854282547,0.0007576418106615511,0.1633815864774993
2021-10-05,2021,1998,0,0,45,2,2.1718571245239304,0.005429642811309826,0.15131210456771008,0.14158684781638492,0.00040926921089111433,0.06143921806963827
2021-10-06,2021,1998,0,0,45,1,-1.0111004115863436,-0.0025277510289658587,-0.03264860566665958,0.1722767582175121,0.0004899801222872887,0.07310249411285429
2021-10-07,2021,1998,0,0,47,1,-0.9322240811922753,-0.0023305602029806884,-0.035540996247752574,0.17276157368519243,0.00043155877352286015,0.05358390841300887
2021-10-08,2021,1998,0,0,47,5,-0.19230159722833928,-0.0004807539930708482,-0.03710901724167589,0.17302280204025158,0.0006217866185360797,0.08652604669776272
2021-10-11,2021,1998,0,0,46,4,-0.6378052192543661,-0.001594513048135915,-0.05705132431078413,0.17634680253621182,0.0004710779522748127,0.020722247490859567
2021-10-12,2021,1998,0,0,48,4,-1.0454195634302115,-0.002613548908575529,-0.09221643985986733,0.18221316338189944,0.0007146441714597248,0.04487732060470096
2021-10-13,2021,1998,0,0,47,13,-1.5529017223834511,-0.0038822543059586277,-0.10857636430801527,0.1849474482349684,0.0009913370990662633,0.05559339713744993
2021-10-14,2021,1998,0,0,49,2,-0.6804991841680533,-0.0017012479604201333,-0.009299684208465752,0.16837987626456258,0.0004453693328394039,0.0373208690207328
2021-10-15,2021,1998,0,0,48,3,0.1089131085683519,0.00027228277142087975,-0.004811523672234239,0.16762864308663478,0.00037744682454111315,0.03618284868891557
2021-10-18,2021,1998,0,0,48,2,1.7610284829970293,0.0044025712074925736,0.11868755964621354,0.14702183882143105,0.000309230919525091,0.04165604371630615
2021-10-19,2021,1998,0,0,48,3,-0.3306308064418666,-0.0008265770161046665,0.021991508844458718,0.163161439025661,0.0003984120630389786,0.0178292855105874
2021-10-20,2021,1998,0,0,48,7,-0.906901441676337,-0.0022672536041908426,-0.05646133901265264,0.17624282636466665,0.00026633426036261495,0.01648178641586401
2021-10-21,2021,1998,0,0,49,8,-0.878673889622827,-0.0021966847240570673,-0.0916146425438609,0.18211019655493577,0.00027465594762796173,0.020865211762911378
2021-10-22,2021,1998,0,0,48,7,-0.7561078071728617,-0.0018902695179321544,-0.08906102177382387,0.18168519703715588,0.0003686235060336857,0.07616492384651094
2021-10-25,2021,1998,0,0,48,8,-0.06786945767680752,-0.0001696736441920188,0.010485553617477054,0.16507810193161707,0.0002868215548278481,0.06809778726628006
2021-10-26,2021,1998,0,0,48,6,0.751884866258959,0.0018797121656473975,0.07321867975922276,0.15461250163879972,0.00046929907120436,0.10200406088359774
2021-10-27,2021,1998,0,0,48,6,-0.0276037574704876,-6.9009393676219e-05,-0.015236128069409709,0.16936421112596492,0.0004987958458734892,0.0831984041654952
2021-10-28,2021,1998,0,0,47,6,0.09188592417108765,0.00022971481042771913,0.00026321018174074647,0.1667891789478777,0.0012525162854251858,0.07444636098969347
2021-10-29,2021,1998,0,0,47,8,-0.9081672355253916,-0.002270418088813479,-0.017538262545399832,0.1697579653891939,0.0004578492555591353,0.019817743721031233
2021-11-01,2021,1998,0,0,46,16,0.9043996100224518,0.0022609990250561296,0.04340283081714164,0.15958978207853525,0.0007777660786406652,0.1383951577029914
2021-11-02,2021,1997,0,0,46,7,0.25185036237722613,0.0006296259059430653,0.06892501952335409,0.15533209318608415,0.0007345627620191797,0.061831931150076354
2021-11-04,2021,1997,0,0,46,6,1.0573854299685432,0.002643463574921358,0.045423495247985425,0.15924844711766667,0.0007077189110858595,0.030830747229605507
2021-11-05,2021,1997,0,0,46,2,-0.7543529989657891,-0.0018858824974144729,-0.01750808945020847,0.1697524118219168,0.0005441291891728,0.04221812099699082
2021-11-08,2021,1996,0,0,46,6,-0.5346981800860163,-0.0013367454502150409,-0.08922378345111352,0.18171386459831176,0.0006701305925197165,0.11600632179953267
2021-11-09,2021,1996,0,0,46,9,0.32737664411748696,0.0008184416102937174,-0.0077163893418438845,0.1681131353982517,0.0007378146812597062,0.4730660633554119
2021-11-10,2021,1996,0,0,46,11,0.08878360533844143,0.00022195901334610358,0.06676779001277303,0.15569290407751263,0.0010954300481992698,0.23274817254205768
2021-11-11,2021,1996,0,0,46,10,-0.16183037942389333,-0.0004045759485597333,-0.03555325180173349,0.17276064537917488,0.0010226799011119302,0.10550605151688387
2021-11-12,2021,1996,0,0,46,6,-0.5882363671827104,-0.001470590917956776,-0.01978233638114706,0.17012776918464034,0.0005865894885838047,0.01662755221676827
2021-11-15,2021,1996,0,0,46,6,0.2429878838546139,0.0006074697096365348,-0.019952784634958504,0.17015999461438816,0.0005444108020690335,0.014478210348893605
2021-11-16,2021,1996,0,0,45,2,-0.788501815840338,-0.001971254539600845,-0.016713206580513566,0.16961528996397704,0.0003652116016171641,0.017165838113382525
2021-11-17,2021,1997,0,0,45,6,0.9187559985481493,0.0022968899963703732,0.0686670881279054,0.15537305211334054,0.0003860706524811787,0.024149793936029885
2021-11-18,2021,1997,0,0,45,8,-0.17149203355768808,-0.0004287300838942202,0.009863123743251859,0.16518223150455338,0.00036725473337707973,0.012079966826379004
2021-11-19,2021,1997,0,0,45,6,1.1232871920414915,0.0028082179801037286,0.10678507658987478,0.14901352659257439,0.0005089474205735449,0.017442433479035596
2021-11-22,2021,1997,0,0,45,6,-0.07977154970731776,-0.0001994288742682944,0.03352787125587181,0.16123450445938906,0.0003064719954118491,0.012760232431026673
2021-11-24,2021,1997,0,0,47,6,-1.117513050401341,-0.0027937826260033528,-0.01312362839294549,0.16902274123853603,0.000488506991619702,0.008633764956989906
2021-11-25,2021,1997,0,0,48,7,-0.07010071049987587,-0.00017525177624968968,-0.0542013423628387,0.1758760952557104,0.0008469883378285486,0.02951185586185765
2021-11-26,2021,1997,0,0,47,13,-0.37647160417562286,-0.0009411790104390572,-0.059102239584040143,0.17669056903414085,0.0004039747572243392,0.014613459946607052
2021-11-29,2021,1997,0,0,46,22,-0.9879436849046986,-0.0024698592122617464,-0.08673538426025403,0.18130253135998148,0.0004462933411661414,0.024647566903404954
2021-11-30,2021,1996,0,0,46,12,1.6107993171372457,0.004026998292843114,0.07726066974167577,0.15394114772720421,0.0005073498537549188,0.017834296313302446
2021-12-01,2021,1996,0,0,46,21,1.4919934682933724,0.003729983670733431,0.09825379663350994,0.1504415281527559,0.0010920837615590664,0.007048623796688637
