Date,ValidationYear,StocksRanked,SelectedMissingTargets,AllMissingTargets,FallbackStocks,SelectedFallbackStocks,OfficialDailySpread,IllustrativeGrossOneReturn,RankIC,NormalizedHardRankMSE,AllStockForecastMSE,MaxAbsoluteScore
2017-12-29,2018,1896,0,0,42,3,-0.09297999038776017,-0.00023244997596940043,-0.03973962658075361,0.173467013931268,0.00031313270482542864,0.01187564483791141
2018-01-04,2018,1896,0,0,41,8,0.22850697319819768,0.0005712674329954943,-0.044478412191405935,0.1742586852207759,0.00040524705954208087,0.012409043436527987
2018-01-05,2018,1896,0,0,41,10,-0.7062465248369642,-0.0017656163120924103,-0.04818828667558666,0.17487656543944224,0.00037015010209538924,0.007078646261572005
2018-01-09,2018,1896,0,0,39,16,0.3788415264530994,0.0009471038161327484,0.05047619472007011,0.1584158847933037,0.00037964691747950467,0.023522637567374206
2018-01-10,2018,1896,0,0,39,2,-1.7635707658729498,-0.004408926914682375,-0.11593694400289907,0.18618148453612243,0.0005706129296718921,0.005666806192653855
2018-01-11,2018,1896,0,0,39,7,-0.31211067327854564,-0.0007802766831963641,-0.023842605316859333,0.17081386548044636,0.00046009064076876993,0.009298451289210058
2018-01-12,2018,1896,0,0,39,4,-0.5668723284609374,-0.0014171808211523435,0.00952340273674899,0.16524421555884886,0.00038488166678774243,0.035757671983920235
2018-01-15,2018,1896,0,0,39,4,-1.1679115876808537,-0.0029197789692021344,-0.01895723777687515,0.17000324759185592,0.000381664135318975,0.013912983737050992
2018-01-16,2018,1896,0,0,39,2,-0.0013782468354923694,-3.4456170887309236e-06,0.025520188126188274,0.16258272234720664,0.0003902894470728872,0.01360918850291164
2018-01-17,2018,1896,0,0,39,2,-0.6456249103626499,-0.0016140622759066247,-0.06085648679974732,0.1769896137278718,0.00030336079799401095,0.00952889327451588
2018-01-18,2018,1896,0,0,40,0,-1.6761374885028844,-0.004190343721257211,-0.09983935314865511,0.1834925937016502,0.0004466224657711999,0.009632942975035391
2018-01-19,2018,1896,0,0,40,9,-0.3185665885710285,-0.0007964164714275712,-0.007666690993958425,0.1681176426508927,0.0003791019954192987,0.029738489917381483
2018-01-22,2018,1896,0,0,39,2,1.3466551419566852,0.003366637854891713,0.04651617000597113,0.1590737337520166,0.0003252329133223278,0.037517845909076586
2018-01-23,2018,1896,0,0,39,10,0.3752209789669675,0.0009380524474174187,-0.00883470044070251,0.16831214603319686,0.0003397654135502885,0.0134654939493487
2018-01-24,2018,1896,0,0,39,13,-0.10034399331764315,-0.0002508599832941079,-0.007872591432697574,0.16814873560923113,0.00031897822873698826,0.013366813858858583
2018-01-25,2018,1896,0,0,38,5,0.754297151282125,0.0018857428782053127,0.10692985414183222,0.148995160652655,0.00037552370403766465,0.011452914408524275
2018-01-26,2018,1896,0,0,38,6,1.1475919439019073,0.0028689798597547685,0.025627680304018182,0.16256600851801273,0.0005159804766646053,0.03451689548087036
2018-01-29,2018,1896,0,0,38,7,-0.5177786263618307,-0.0012944465659045768,-0.005242104571958381,0.1677155356575349,0.000658367133174833,0.012435586480851833
2018-01-30,2018,1896,0,0,38,5,0.6793229971236427,0.001698307492809107,0.02732993138849954,0.16228225499888863,0.0010546976240490516,0.025413904611875874
2018-01-31,2018,1896,0,0,37,2,0.06054237060847534,0.00015135592652118835,0.04335137083927738,0.15960618790393316,0.0004284750095105778,0.008506150316379732
2018-02-01,2018,1896,0,0,36,2,0.8449194398564348,0.002112298599641087,0.07596611599085723,0.1541681253401405,0.0011268422370091886,0.029241467970335586
2018-02-02,2018,1896,0,0,37,3,0.34916408664395426,0.0008729102166098857,-0.020347206112338086,0.17023734393853499,0.004429314073405494,0.03182649175320749
2018-02-05,2018,1896,0,0,36,0,-0.6323495068095352,-0.0015808737670238379,-0.06584106642787435,0.17782390607126883,0.0006064692929783351,0.022574171852703655
2018-02-06,2018,1896,0,0,36,8,-1.6231829379556417,-0.004057957344889104,-0.14512269189800164,0.19105170203246685,0.000968214498807509,0.06596149365533924
2018-02-07,2018,1896,0,0,35,2,-0.3747400519383688,-0.000936850129845922,-0.02470413636638633,0.17096411259352423,0.0009887283463255198,0.019670680160019778
2018-02-08,2018,1896,0,0,34,0,0.015533626361037278,3.88340659025932e-05,-0.060997418623116716,0.17701686293510044,0.0011491145875583678,0.01693734360425857
2018-02-09,2018,1896,0,0,34,2,-1.071427573495805,-0.0026785689337395125,-0.10118495634406853,0.1837231230067623,0.0009593747357381434,0.0798106132510609
2018-02-13,2018,1896,0,0,33,0,0.07321695704826614,0.00018304239262066535,0.03251608204100721,0.16141409452368613,0.0011813022917701523,0.030131566546659126
2018-02-14,2018,1896,0,0,33,7,0.5936219265673484,0.001484054816418371,0.01668088513437568,0.16405747809448878,0.0009365879533566062,0.033945971760678595
2018-02-15,2018,1896,0,0,34,0,0.3934163389943359,0.0009835408474858397,0.07796011283919521,0.15383547347014945,0.0013701349834665134,0.035450924550225874
2018-02-16,2018,1896,0,0,34,0,-0.7362484902161268,-0.001840621225540317,-0.0113186323434708,0.16872255952684667,0.000333511431944202,0.05212973890125714
2018-02-19,2018,1896,0,0,34,1,-0.20551074972286232,-0.0005137768743071558,0.021490846750419047,0.16325269108108453,0.0005135923971360367,0.0365832044531859
2018-02-20,2018,1896,0,0,34,1,0.007688483633223164,1.9221209083057912e-05,-0.036267852392068575,0.17288993691404295,0.000345621893474655,0.018708702167770475
2018-02-21,2018,1896,0,0,33,0,1.4692297714351388,0.0036730744285878468,0.16291933935899822,0.13965961965010223,0.0003664623841167093,0.04675168658704151
2018-02-22,2018,1896,0,0,34,6,-0.07089093918509226,-0.00017722734796273064,-0.01230951000116537,0.16889241784127956,0.0004125155865075668,0.03172348346274916
2018-02-23,2018,1896,0,0,33,1,0.8986536702532415,0.002246634175633104,0.11155245728063205,0.14822320080561838,0.00029625387862355695,0.10039330365768438
2018-02-26,2018,1896,0,0,32,4,-1.2097913645758764,-0.003024478411439691,-0.15761157367994727,0.19313611881437776,0.0003833788833509028,0.021783190851787215
2018-02-27,2018,1896,0,0,30,2,-0.8582280332343648,-0.002145570083085912,-0.09318689725001907,0.18238832904653854,0.0005567579366015208,0.006795842994543166
2018-02-28,2018,1896,0,0,32,6,0.4759553741086284,0.001189888435271571,-0.005692750722167009,0.16779187150736816,0.0004823562048885411,0.020345603059707357
2018-03-01,2018,1896,0,0,35,10,2.7975589598233412,0.006993897399558353,0.17042091398973602,0.13840790773011608,0.0007447515848846327,0.030742975627731758
2018-03-02,2018,1896,0,0,36,13,0.000450711259195824,1.12677814798956e-06,-0.019134842406890378,0.170034534276249,0.0009258490198502166,0.02389829011929437
2018-03-05,2018,1896,0,0,35,8,-0.6389735670049873,-0.0015974339175124682,-0.053959686056610674,0.17584031738525813,0.0004106755489034248,0.322085543143461
2018-03-06,2018,1896,0,0,34,4,-0.03138439295863815,-7.846098239659538e-05,-0.01911378249736498,0.17002540719410153,0.0004185903985769043,0.03300991019454391
2018-03-07,2018,1896,0,0,35,1,0.7263153655379473,0.0018157884138448681,0.08594735616733601,0.1524990495085953,0.00041617120164982006,0.05072331480106265
2018-03-08,2018,1896,0,0,35,3,1.173246760631295,0.0029331169015782378,0.17970836543502147,0.1368586441197151,0.0006124200898775602,0.015458377193232535
2018-03-09,2018,1896,0,0,36,3,-0.042828871406001445,-0.00010707217851500361,-0.004948051626960416,0.16766473272545945,0.0005142498188598416,0.017120027912235207
2018-03-12,2018,1896,0,0,35,7,-0.36749519989450397,-0.0009187379997362599,0.0032378796883532814,0.16629345423014133,0.00038512594831017664,0.023933098858157337
2018-03-13,2018,1896,0,0,34,3,-1.1471038138804146,-0.0028677595347010366,-0.08710632726687081,0.18136999401373274,0.00043445333345749806,0.35556343271690066
2018-03-14,2018,1896,0,0,34,8,-0.11043456280322028,-0.00027608640700805073,-0.013789942708724733,0.16913905739922344,0.00037049995020081293,0.044709051023813964
2018-03-15,2018,1896,0,0,32,3,0.5363596520881027,0.0013408991302202567,0.03083922308403321,0.16169625593482484,0.0005328877093987877,0.022884340095058107
2018-03-16,2018,1897,0,0,31,8,0.10434358324075654,0.0002608589581018914,0.03457655219480134,0.16106759282772687,0.0002606519273736757,0.01597346263613324
2018-03-19,2018,1897,0,0,31,11,-0.4042915717760953,-0.0010107289294402383,-0.020390246069717025,0.17023729994421627,0.0003615601683800821,0.013027653544238894
2018-03-20,2018,1897,0,0,29,10,-1.0936430694188033,-0.002734107673547008,-0.1556166443707049,0.19280593053000594,0.0017024784630591371,0.034704208163177416
2018-03-22,2018,1898,0,0,28,3,0.16641211688946286,0.0004160302922236572,-0.04080462726764587,0.1736453790965592,0.0003138654668516951,0.015224079153595837
2018-03-23,2018,1900,0,0,30,2,-0.6038836948182009,-0.0015097092370455023,-0.0631420620894109,0.17737683112768082,0.002222468008330164,0.05878997471619767
2018-03-26,2018,1900,0,0,28,4,0.0008430577390594607,2.107644347648652e-06,0.00046392662405464377,0.16676407016107736,0.0005278065309197007,0.03180544639167364
2018-03-27,2018,1901,0,0,29,1,-0.8338076593404035,-0.0020845191483510085,-0.07600992870136918,0.17951544499833155,0.0006373922230115668,0.10621107515305099
2018-03-28,2018,1901,0,0,31,1,-2.1637458879623224,-0.005409364719905806,-0.2194664028964855,0.20345600434819988,0.0006553005242444583,0.02633863936345083
2018-03-29,2018,1901,0,0,33,3,0.20366602717600532,0.0005091650679400133,-0.05471936712231268,0.1759668147395816,0.00032203824352702463,0.014448310194160065
2018-03-30,2018,1901,0,0,32,8,-0.014580113734508113,-3.645028433627028e-05,-0.04905394341242187,0.17502217895232283,0.00031893877780327865,0.007298566080446243
2018-04-02,2018,1902,0,0,33,6,-1.8376262121981826,-0.004594065530495456,-0.16663856683443098,0.19464061445577197,0.0005210467078002891,0.025305285915449147
2018-04-03,2018,1902,0,0,34,1,-0.12632161341344106,-0.00031580403353360264,-0.02781973433375593,0.1714784601468365,0.00040744779434321714,0.03387515009218586
2018-04-04,2018,1902,0,0,34,8,0.4206167387796075,0.0010515418469490188,-0.03772110027124272,0.17313097035974992,0.0003967221882650154,0.052418995311287166
2018-04-05,2018,1902,0,0,34,4,-0.3452229774396101,-0.0008630574435990253,-0.07590662095158202,0.1794955875708418,0.0003583976344777529,0.01568703255777281
2018-04-06,2018,1902,0,0,34,2,-2.2548753814690037,-0.005637188453672509,-0.16533954426757283,0.1944242222353058,0.0003747359163426942,0.028182372010688503
2018-04-09,2018,1902,0,0,36,7,-4.502659428897498,-0.011256648572243746,-0.32031800670062743,0.2202790184985635,0.0005612010280282285,0.031017784938412687
2018-04-10,2018,1902,0,0,37,0,-0.7082084127367079,-0.0017705210318417696,-0.11131134944523875,0.18540112284657037,0.0003257510917470769,0.02336285439168797
2018-04-11,2018,1902,0,0,38,0,0.2569931035269185,0.0006424827588172963,0.04349992132304995,0.1595788919640484,0.000429248850071603,0.017466800888534185
2018-04-12,2018,1902,0,0,40,0,-0.7343554628846158,-0.0018358886572115397,-0.10604302601093345,0.18453022432636473,0.0006234393616461178,0.01974363793003106
2018-04-13,2018,1902,0,0,40,3,-0.5679579520728821,-0.0014198948801822054,-0.07557865704874027,0.179447781152841,0.0003828314378473804,0.02758413062724761
2018-04-16,2018,1902,0,0,40,3,-0.9058162356012671,-0.0022645405890031676,-0.06516338761087602,0.17771207392220978,0.0004563215005222715,0.0111611941994443
2018-04-17,2018,1902,0,0,40,10,-0.8062722188888122,-0.0020156805472220304,-0.022116896500294032,0.1705241545251699,0.0003827989788622575,0.07317850218168061
2018-04-18,2018,1902,0,0,41,8,-0.3270793610382695,-0.0008176984025956738,-0.04954783277551656,0.17509173285550678,0.00025581543089429887,0.013653269300231249
2018-04-19,2018,1902,0,0,42,7,-0.014858645438128426,-3.7146613595321064e-05,0.027188135142284235,0.1622998475765917,0.00035584807081762436,0.011301701604579856
2018-04-20,2018,1903,0,1,43,6,1.017284759648809,0.0025432118991220226,0.06601760888042559,0.15582361319281574,0.000332525922741648,0.009639340045236382
2018-04-23,2018,1903,0,0,43,3,-0.64298880840354,-0.00160747202100885,-0.09476539714570861,0.18264341599740172,0.00031943548778734694,0.01979431050509678
2018-04-24,2018,1903,0,0,45,4,-0.13130379178233287,-0.00032825947945583215,-0.01916249374527614,0.17003294154037854,0.00039428432473493437,0.019580905001591722
2018-04-25,2018,1903,0,0,45,5,-1.2472122674514434,-0.0031180306686286086,-0.0955368680059509,0.18277672474993673,0.0005442870965865571,0.008428143670382877
2018-04-26,2018,1903,0,0,44,3,-0.3782276173575949,-0.0009455690433939872,0.010320432678113814,0.1651151817138337,0.0007196810905317933,0.01981740281286683
2018-04-27,2018,1903,0,0,45,2,0.8761147172065942,0.0021902867930164854,0.13410266667611775,0.14446318528843421,0.00030472128760903564,0.02333483791709346
2018-05-01,2018,1903,0,0,46,0,-0.1476893312693931,-0.00036922332817348276,-0.03885234945725952,0.1733152531984538,0.00042044460444334256,0.010417791227121217
2018-05-02,2018,1903,0,0,48,0,1.8658095614988603,0.004664523903747151,0.13441095096668187,0.14441096792741182,0.0004410687519214894,0.004798840633702705
2018-05-07,2018,1903,0,0,47,1,1.0094362811839206,0.0025235907029598015,0.06443259567980866,0.15608440309010732,0.0006671315814554164,0.0400519437841257
2018-05-08,2018,1903,0,0,47,3,0.337126383357638,0.000842815958394095,0.03715334274617655,0.1606365176296435,0.0007783212307654099,0.04726721127832651
2018-05-09,2018,1903,0,0,48,4,0.17826671785345627,0.0004456667946336407,0.06208089639657993,0.15648222811750243,0.0008205648791441603,0.01422078942934957
2018-05-10,2018,1903,0,0,48,5,0.6315927660874044,0.0015789819152185111,0.04892888971667041,0.1586755104550484,0.0010559510253099359,0.022227398458595032
2018-05-11,2018,1903,0,0,47,0,0.887237978238365,0.0022180949455959127,-0.005492638037520976,0.1677533879095339,0.0007064609562020733,0.018115730355077665
2018-05-14,2018,1903,0,0,47,3,-0.5547036587519081,-0.0013867591468797703,-0.050703003697648276,0.17529764656934904,0.0006375132618591934,0.004820248883302192
2018-05-15,2018,1903,0,0,47,1,0.6919730155793881,0.00172993253894847,0.06518763217182326,0.1559594166792151,0.00038548829873275616,0.008076725342718815
2018-05-16,2018,1903,0,0,47,3,0.4943950366244766,0.0012359875915611915,0.047719478435245426,0.15887544398752482,0.0002989002225768663,0.05194309722265784
2018-05-17,2018,1903,0,0,48,0,0.6795597904722609,0.0016988994761806522,0.07739074563945618,0.15392417857781307,0.0003594350342098317,0.08901726270714022
2018-05-18,2018,1903,0,0,49,1,0.7160016916753245,0.0017900042291883111,0.06293758676871282,0.15633650314329134,0.00023396414231442383,0.007956810872886012
2018-05-21,2018,1903,0,0,50,1,0.20119544577701937,0.0005029886144425484,-0.0636165486482979,0.17744846337190898,0.0002917096307740585,0.015214270625886466
2018-05-22,2018,1903,0,0,51,1,-0.0627854610774361,-0.00015696365269359024,-0.03710741225014927,0.17303066211689894,0.0003906569006066368,0.08722953251947375
2018-05-23,2018,1903,0,0,50,6,-1.7790922466353798,-0.004447730616588449,-0.15020232332057568,0.19189560339308448,0.0002878801294397782,0.04847614022801462
2018-05-24,2018,1903,0,0,50,1,-0.23125736821842102,-0.0005781434205460526,-0.018903221643553198,0.16998647298426464,0.0003617003517393235,0.1107874321581051
2018-05-25,2018,1903,0,0,50,4,-1.1674213582464512,-0.002918553395616128,-0.13131842160856674,0.18874683311829885,0.00029487571306793434,0.049485273153205944
2018-05-28,2018,1903,0,0,50,8,-0.06805288685913613,-0.00017013221714784032,-0.009779901887027109,0.16847299494344034,0.0004026088575832786,0.05684244339575333
2018-05-29,2018,1903,0,0,50,16,1.2131554284969666,0.0030328885712424163,0.05091983335618153,0.15834188672241806,0.0004424539057035134,0.04025713682473416
2018-05-30,2018,1903,0,0,50,12,-0.48096611732900807,-0.0012024152933225202,-0.0575523653460285,0.17643948292592318,0.0004192737098646176,0.07213674180874113
2018-05-31,2018,1904,0,0,51,10,-1.348111399389651,-0.0033702784984741274,-0.1760130649595626,0.19620738397319243,0.0006024363219806173,0.1718318749909331
2018-06-01,2018,1904,0,0,51,9,0.07532565804642355,0.00018831414511605887,-0.040302524095735225,0.17355680559241266,0.0003527794860560189,0.17888422343451635
2018-06-04,2018,1904,0,0,51,12,0.9804619234357284,0.002451154808589321,0.050648235234289005,0.1583834924298732,0.0003576742609361181,0.12165480683582902
2018-06-05,2018,1904,0,0,52,6,0.27458999165423137,0.0006864749791355785,0.07564976525261022,0.1542153749973509,0.00039559701917441436,0.08349316333282626
2018-06-06,2018,1904,0,0,52,5,-0.26427432525695665,-0.0006606858131423917,-0.03279948092661822,0.1723044316701969,0.0003121021407791582,0.04613037017158325
2018-06-07,2018,1904,0,0,51,10,0.044256890351668354,0.00011064222587917088,-0.018585443744293342,0.16993454714017936,0.0003240215744634526,0.03009947022682715
2018-06-08,2018,1904,0,0,51,17,-0.7682742345984332,-0.0019206855864960831,-0.06218071468522504,0.1772077147099839,0.0002488734331848675,0.02255777143928497
2018-06-11,2018,1904,0,0,51,10,0.10752534334682445,0.00026881335836706114,-0.006213018445639074,0.16787040825833816,0.00034537168945364286,0.015187624252716572
2018-06-12,2018,1904,0,0,52,2,0.5381780836122502,0.0013454452090306255,0.04720199890766982,0.15895816160763057,0.00035558634224735027,0.22521915862056205
2018-06-13,2018,1904,0,0,53,6,1.6657035392282078,0.00416425884807052,0.15414912665769914,0.14112178033443878,0.0004113460849618332,0.18040142295821862
2018-06-14,2018,1904,0,0,53,9,-2.038422343323477,-0.005096055858308693,-0.1907779601798233,0.19866942434119803,0.000484036342195369,0.19520955918552058
2018-06-15,2018,1904,0,0,53,11,0.4498467135497912,0.001124616783874478,0.014704916004736291,0.16438772120374218,0.000611550584473793,0.1256323185628431
2018-06-18,2018,1904,0,0,51,6,0.14311457738315414,0.00035778644345788534,0.009592704204605862,0.16523742812500314,0.0003266007426977638,0.1379352784579153
2018-06-19,2018,1905,0,0,51,18,1.1799677397223738,0.0029499193493059345,0.10814132358136747,0.14879642606521534,0.00036302351128985716,0.22283079452782772
2018-06-20,2018,1905,0,0,50,17,0.19283754717355645,0.0004820938679338911,0.013131421804782476,0.164648160532161,0.00043700437664711444,0.0709642615917777
2018-06-21,2018,1906,0,0,51,5,-0.4534672231671544,-0.001133668057917886,-0.018642640053728916,0.16995047464503232,0.0006275489576920088,0.04172241555057449
2018-06-22,2018,1907,0,0,51,10,-1.9366811236631079,-0.004841702809157769,-0.1646372130226932,0.1943054720887617,0.00040528844144488327,0.01888316393352575
2018-06-25,2018,1907,0,0,51,9,0.8591193728696943,0.002147798432174236,0.16140880580424785,0.1399095644173663,0.0005615639534858148,0.10081354734210202
2018-06-26,2018,1908,0,0,51,11,-0.16850283051456688,-0.0004212570762864172,-0.02382446255016926,0.17081282898656813,0.0003180650963323928,0.07759556897159231
2018-06-27,2018,1909,0,0,50,5,1.0094460048486935,0.0025236150121217336,0.12229365884776867,0.14643328412714196,0.00033337661654025746,0.0370833318545051
2018-06-28,2018,1909,0,0,50,13,-0.4554703115220846,-0.0011386757788052115,-0.005755782817333997,0.16780130715830602,0.0008070339389419625,0.04041387708618105
2018-06-29,2018,1910,0,0,51,5,-0.9535598017451375,-0.0023838995043628437,-0.07450248767224023,0.17926829808617972,0.0003833124526392144,0.015148910642409676
2018-07-02,2018,1910,0,0,52,17,0.30475892243032204,0.0007618973060758051,0.01857641188676126,0.16373842865097885,0.00040068456570420364,0.03970302720013419
2018-07-03,2018,1910,0,0,52,6,0.3016491890908255,0.0007541229727270637,0.03930270591358174,0.16028370478227227,0.0005464141150741227,0.037255641988897505
2018-07-04,2018,1910,0,0,52,5,1.5620778696996238,0.0039051946742490596,0.11578585774668991,0.14752134862974595,0.0008009939903674161,0.02912247782341269
2018-07-05,2018,1910,0,0,51,26,-0.011324640350941273,-2.831160087735318e-05,-0.02225104705779386,0.1705516306995775,0.0012863226182824215,0.04784015286821998
2018-07-06,2018,1910,0,0,52,7,1.0065887396072222,0.0025164718490180552,0.06625645605930088,0.1557848923555646,0.00044135086536965974,0.028619854006699353
2018-07-09,2018,1910,0,0,51,2,-0.5799411491624711,-0.0014498528729061776,-0.04810492382796465,0.1748656846567531,0.0004952865125483894,0.03395530775019502
2018-07-10,2018,1911,0,0,51,6,0.1759940222804579,0.00043998505570114476,0.06768015223183403,0.15554250184870036,0.00035480878243716635,0.012259152163563353
2018-07-11,2018,1911,0,0,53,8,0.15524705876178269,0.0003881176469044567,0.03101745821917985,0.1616613065723366,0.0006040491502849836,0.04175332315386456
2018-07-12,2018,1911,0,0,54,9,2.005240088210957,0.005013100220527392,0.1492729136334397,0.14193488338861468,0.0006528155657735925,0.012141141946138908
2018-07-13,2018,1911,0,0,55,3,0.2716812301245761,0.0006792030753114403,0.05350572043356505,0.15791050533017978,0.0004013481168858615,0.01183917488479423
2018-07-17,2018,1911,0,0,54,2,1.7186269846090436,0.0042965674615226095,0.1596576731119273,0.14020131229361477,0.0002772956432754143,0.018619530635106366
2018-07-18,2018,1911,0,0,54,2,-1.0522776555853044,-0.002630694138963261,-0.04038545516586384,0.17357300713699547,0.0003279822130976735,0.01283317166006078
2018-07-19,2018,1911,0,0,55,6,0.3806882793521154,0.0009517206983802886,0.06851025449425681,0.15540160278697362,0.00033025776820978694,0.042598453011045756
2018-07-20,2018,1911,0,0,54,4,0.2658258441342778,0.0006645646103356945,0.052454115628361046,0.15808450406454455,0.0003260700202559653,0.00882469230887749
2018-07-23,2018,1912,0,0,55,4,0.6915186792199283,0.0017287966980498207,0.08551567954848349,0.15256637566993614,0.00031736524027215336,0.006059071889330448
2018-07-24,2018,1912,0,0,57,4,0.4856033760785048,0.001214008440196262,0.042504332831009864,0.15974801408725886,0.0003694852390691919,0.011389736758784108
2018-07-25,2018,1913,0,0,58,6,0.6856069743816671,0.0017140174359541677,0.04979787765327494,0.15852970118272605,0.0003474732005740376,0.019401697692084063
2018-07-26,2018,1913,0,0,58,10,0.1309414779920357,0.0003273536949800893,0.07122268324349566,0.15495346771540075,0.0007498081132239788,0.025095215318285128
2018-07-27,2018,1913,0,0,57,5,1.139003071126239,0.002847507677815598,0.12694865787315693,0.14565862189396045,0.0007904285833989933,0.011081350518929584
2018-07-30,2018,1913,0,0,57,2,-1.6306548829697627,-0.004076637207424407,-0.04524647920002812,0.17438587652697307,0.000834888072364757,0.012468372111212444
2018-07-31,2018,1913,0,0,57,7,1.1040268503279136,0.002760067125819784,0.09585229284056729,0.15084105249395702,0.0005450225231469003,0.013689268091261447
2018-08-01,2018,1913,0,0,58,4,-0.5225004487559748,-0.001306251121889937,-0.03173589728280198,0.17213319209804556,0.0007184328669823968,0.01930871397993926
2018-08-02,2018,1913,0,0,56,2,-1.0418218143888776,-0.002604554535972194,-0.02862063742390006,0.17161170962288003,0.000812856490450681,0.015507965033630501
2018-08-03,2018,1913,0,0,56,0,0.6168533908981474,0.0015421334772453684,-0.0013877622700478416,0.167069105932905,0.0005910196971141822,0.012099220071638505
2018-08-06,2018,1913,0,0,57,0,0.30492239720944825,0.0007623059930236206,0.024731969555648194,0.16271150187396693,0.000724358168493227,0.017578294529508178
2018-08-07,2018,1913,0,0,58,1,0.11768625332838728,0.0002942156333209682,0.03874630559128538,0.16037276563810357,0.0006258435255749123,0.012609966583369549
2018-08-08,2018,1913,0,0,57,2,0.45579886014288307,0.0011394971503572078,0.0655411758651532,0.15590312720215,0.0009832850800742434,0.010509977841097765
2018-08-09,2018,1913,0,0,58,1,1.5588063517469766,0.0038970158793674415,0.08247676933434124,0.15308016562986543,0.0014501706241485406,0.006872759080278214
2018-08-10,2018,1913,0,0,58,6,0.4482774885764509,0.0011206937214411272,0.021438092363609558,0.16326331585300077,0.000807776061932533,0.015549210956466853
2018-08-13,2018,1913,0,0,58,11,-0.6488620971065984,-0.0016221552427664958,0.0031836476432764572,0.16630816492034092,0.0005025143013333611,0.013632726615092551
2018-08-14,2018,1913,0,0,60,15,-0.27451791874065856,-0.0006862947968516464,0.024821328241092174,0.16269659361340252,0.000497513648528257,0.012849331998291623
2018-08-15,2018,1913,0,0,61,4,-1.3791063668742876,-0.003447765917185719,-0.08845196703119887,0.18159152195345205,0.0003863990569931774,0.02487803921922014
2018-08-16,2018,1913,0,0,62,6,0.6169572663143568,0.001542393165785892,0.06171759567822523,0.1565406108441876,0.00029796439712525603,0.020112183150448784
2018-08-17,2018,1913,0,0,63,3,-0.553540142209714,-0.0013838503555242852,-0.04364700817575626,0.17411936934874256,0.0003583775549085,0.020319912675331956
2018-08-20,2018,1913,0,0,64,8,-0.44313774005105255,-0.0011078443501276313,-0.030773820067786582,0.17197240716561799,0.0005852291119909067,0.020340016056151627
2018-08-21,2018,1913,0,0,64,1,-0.6238906369303088,-0.001559726592325772,-0.07433818181148487,0.17923085644703035,0.00043923776135180206,0.00860170059889836
2018-08-22,2018,1913,0,0,65,3,0.4985228102780108,0.0012463070256950272,0.056459257688802125,0.15741413024371653,0.00030885178291944446,0.022452963882498893
2018-08-23,2018,1913,0,0,64,1,0.018534642076448726,4.633660519112182e-05,0.015348600820489843,0.16427875407148515,0.00047598373515134006,0.049335161329942485
2018-08-24,2018,1913,0,0,64,6,1.5654537991597,0.00391363449789925,0.13104466925028674,0.14496396658836486,0.0002574440239576398,0.016754954879639822
2018-08-27,2018,1913,0,0,64,4,-0.4295047386583003,-0.0010737618466457508,-0.011387669107302364,0.16873696929944101,0.00037038888515198706,0.015943755705035888
2018-08-28,2018,1913,0,0,64,7,-0.24369550204488133,-0.0006092387551122034,-0.029111633482815816,0.17168877464855672,0.00036588665741226184,0.030598872506961573
2018-08-29,2018,1913,0,0,63,12,-0.8083906834477668,-0.002020976708619417,-0.06467559659020924,0.17761847079902274,0.00029032415219553364,0.026611566225502637
2018-08-30,2018,1913,0,0,63,6,-0.5886873425487076,-0.001471718356371769,-0.06820533112437818,0.17821607934827283,0.0006660508350084577,0.044950074929032795
2018-08-31,2018,1913,0,0,65,15,-0.5614413930487941,-0.0014036034826219854,-0.0762643074956013,0.17955597163523518,0.0003389337368093633,0.008185956060854328
2018-09-03,2018,1913,0,0,64,11,0.25999100636224215,0.0006499775159056054,0.02018783037744772,0.1634611644571044,0.00038302766625000187,0.029958957035903906
2018-09-04,2018,1913,0,0,64,12,0.628923807178321,0.0015723095179458024,0.0425685578167113,0.15973538866748718,0.00045007866582784714,0.022172731835435392
2018-09-05,2018,1913,0,0,65,6,0.10823216294041349,0.00027058040735103374,0.030185259275185648,0.161799788743456,0.0003406781771725944,0.009426557473588447
2018-09-06,2018,1913,0,0,63,8,-1.1126080433516203,-0.002781520108379051,-0.0029081753400043093,0.16731563059401522,0.00047841498876406864,0.4035924887156612
2018-09-07,2018,1913,0,0,63,5,0.1146610075762996,0.000286652518940749,0.06163688285003408,0.15654659309474492,0.0003644372228202989,0.013482357094610126
2018-09-10,2018,1913,0,0,64,6,0.17554659384210503,0.00043886648460526254,0.07704189489484867,0.15398297462802002,0.0004172584944462382,0.008915334889503933
2018-09-11,2018,1913,0,0,61,5,-0.17000226575251687,-0.00042500566438129217,-0.027685779230238426,0.17145453292992188,0.00039769900190328835,0.008884962192142966
2018-09-12,2018,1913,0,0,62,0,-1.7531210566730326,-0.004382802641682582,-0.2105554525639534,0.20196574754295624,0.0006649551708860077,0.016318599363440517
2018-09-13,2018,1913,0,0,63,10,0.3038080350497947,0.0007595200876244867,0.036849067901696154,0.160691542456214,0.0007152322793820979,0.012297895280617062
2018-09-14,2018,1913,0,0,61,8,1.199034263661284,0.00299758565915321,0.1712446306311233,0.1382689820644491,0.0005355351152845903,0.021861775430553163
2018-09-18,2018,1913,0,0,59,4,0.28975708597673155,0.0007243927149418289,-0.023137277342598794,0.1706952362444474,0.00033730357368946497,0.031957524493529316
2018-09-19,2018,1913,0,0,58,7,0.10318416835157462,0.0002579604208789366,0.0353744716971096,0.16093737646991846,0.0004629417292981195,0.02346180362997024
2018-09-20,2018,1913,0,0,57,6,-0.1089377346966085,-0.00027234433674152127,-0.03442836468525651,0.17258414953519446,0.0005872350126740594,0.01755280779560048
2018-09-21,2018,1914,0,0,58,10,-2.3031103263330186,-0.005757775815832546,-0.18366780053860454,0.19748132113334702,0.0005437577970166469,0.039413165769499554
2018-09-25,2018,1915,0,0,59,21,-0.6897889652068638,-0.0017244724130171596,-0.04491159477860772,0.1743330461167754,0.0009675527945737448,0.02836320729059286
2018-09-26,2018,1915,0,0,58,12,0.5941702615534912,0.0014854256538837278,0.046860993033673845,0.15901860597797077,0.00033642598233859025,0.02907538207056153
2018-09-27,2018,1916,0,0,59,15,0.7804346003965867,0.001951086500991467,0.1011006772884633,0.1499703511886473,0.0003719028727715919,0.06345815192350798
2018-09-28,2018,1917,0,0,60,17,-1.0063013569821537,-0.0025157533924553845,-0.09816878021414689,0.18321471644391246,0.00039358410312667445,0.013897066062518632
2018-10-01,2018,1920,0,0,63,19,0.6285351592286441,0.0015713378980716103,0.05266119114702482,0.1580521703057555,0.0005265164345487047,0.016240318451388177
2018-10-02,2018,1920,0,0,63,17,-0.6651416177896817,-0.0016628540444742043,-0.040485802148328566,0.17359064148620576,0.0003163399936466056,0.021584883155974885
2018-10-03,2018,1920,0,0,63,3,-0.8596904774538003,-0.002149226193634501,-0.06445401148020284,0.17758901268313457,0.00043354261730791044,0.016342302920542236
2018-10-04,2018,1920,0,0,62,11,-0.6607520652948091,-0.0016518801632370227,-0.03605925191939502,0.17285523572850073,0.0008258713180818258,0.026516344623730762
2018-10-05,2018,1920,0,0,65,9,0.5657782445962084,0.001414445611490521,0.09247037780432206,0.15140874448515582,0.0005291350359825247,0.037963098004098854
2018-10-09,2018,1920,0,0,65,5,-0.6904869993937215,-0.0017262174984843037,0.029441969838182203,0.16192824790161883,0.001364181067980985,0.023952589235639886
2018-10-10,2018,1920,0,0,64,2,2.66687981189371,0.006667199529734274,0.1867920188501305,0.13567498270904407,0.0006556009762051942,0.016880222158852917
2018-10-11,2018,1920,0,0,63,31,1.4510989111514465,0.003627747277878616,0.05363552240734401,0.15789127245617926,0.0005207210633199643,0.1039923336055777
2018-10-12,2018,1920,0,0,63,5,-0.3972853559336276,-0.000993213389834069,-0.09450842221315929,0.1826044766722805,0.000488346481237797,0.024272492005923223
2018-10-15,2018,1920,0,0,63,11,0.5848473147104203,0.0014621182867760507,0.09241249518603538,0.1514218063303409,0.0008918491637121633,0.03465101717340317
2018-10-16,2018,1920,0,0,64,12,-1.1850109001827487,-0.0029625272504568718,-0.10413940926597114,0.18420995945484678,0.0003766376067521432,0.023269536128330194
2018-10-17,2018,1920,0,0,63,6,-1.3962521615461,-0.00349063040386525,-0.1270499219234148,0.18803286265149444,0.0005221055183424753,0.06708313124624174
2018-10-18,2018,1920,0,0,63,16,-0.5385467397123219,-0.0013463668492808049,-0.009312890435572777,0.16838848450451102,0.00032011061911777394,0.04098259266433346
2018-10-19,2018,1921,0,0,64,10,0.9296537640512916,0.002324134410128229,0.11116215514194755,0.14829369299572703,0.0006480749562251043,0.013989740064165795
2018-10-22,2018,1921,0,0,63,13,0.17349041191860554,0.00043372602979651384,0.05522284142113247,0.1576176465787043,0.0003961183964773426,0.03243961536688477
2018-10-23,2018,1921,0,0,62,9,1.055032704361195,0.0026375817609029873,0.11783696216248023,0.14718031967580544,0.0009865313819020008,0.04048518155337977
2018-10-24,2018,1921,0,0,63,15,-0.1361064174557507,-0.0003402660436393767,-0.0028386444898471346,0.16731201715539415,0.0006919313732991622,0.10193394907973752
2018-10-25,2018,1921,0,0,62,36,0.20458829164750325,0.0005114707291187581,0.06542158537964782,0.1559234900504611,0.001513074314963227,0.07598757989808658
2018-10-26,2018,1921,0,0,62,26,-1.8326514201827804,-0.004581628550456951,-0.0942553545063312,0.18256531118277877,0.0024221307675055107,0.18255197843346685
2018-10-29,2018,1921,0,0,62,14,-1.540135843997457,-0.0038503396099936428,-0.15447339558624573,0.19261202311169676,0.002390398032331713,0.16362152841496264
2018-10-30,2018,1921,0,0,63,31,1.8200628352711643,0.004550157088177911,0.08884809085436535,0.15201452010445587,0.001836298900981578,0.17708246414039808
2018-10-31,2018,1921,0,0,62,9,3.78106843772563,0.009452671094314075,0.2424962879669078,0.1263811401176552,0.0008770760984375031,0.1572663390398119
2018-11-01,2018,1921,0,0,62,12,1.2082196443810866,0.0030205491109527166,0.04661954266410721,0.15905789332665912,0.0006063176217434504,0.1382228889764525
2018-11-02,2018,1921,0,0,61,6,-0.37036713152361755,-0.0009259178288090439,0.02015366286446778,0.1634735289231728,0.0006441613708331662,0.11789734305607462
2018-11-05,2018,1921,0,0,61,6,0.4785189536159996,0.001196297384039999,0.04520832255345509,0.15929447525115317,0.0006437352502900011,0.0863226591278665
2018-11-06,2018,1921,0,0,60,7,0.26935487428176996,0.0006733871857044249,0.03217117743665984,0.16147139956617557,0.0009412135387286549,0.08954717611820577
2018-11-07,2018,1921,0,0,60,12,-0.07010350876579483,-0.00017525877191448705,-0.010393059337336528,0.1685658736424488,0.0007626862194090092,0.08408548171969046
2018-11-08,2018,1921,0,0,60,5,0.0936917284975145,0.00023422932124378626,-0.03007494263100062,0.17185307422598006,0.001142194261600095,0.11932997100203256
2018-11-09,2018,1921,0,0,62,6,-0.4386376140633139,-0.0010965940351582847,-0.018055930904051182,0.16985212101986813,0.0009575453308582847,0.08304424582093947
2018-11-12,2018,1921,0,0,61,2,0.8935211655087449,0.0022338029137718624,0.03525592585003732,0.16095504828700238,0.0007742312081524587,0.020064341323603997
2018-11-13,2018,1921,0,0,58,9,-0.7278128776932614,-0.0018195321942331534,-0.06155905755276911,0.17710633189139408,0.0007408708486905408,0.07687204381676034
2018-11-14,2018,1921,0,0,59,7,-1.3302845133510637,-0.0033257112833776593,-0.1691041969695267,0.19505124898497148,0.0005337340475717606,0.018789586308889588
2018-11-15,2018,1921,0,0,58,8,0.24725644797054902,0.0006181411199263725,0.01762410760801019,0.16389710930665363,0.0005339843208529065,0.03320872198110271
2018-11-16,2018,1921,0,0,58,11,0.8662931842774497,0.002165732960693624,0.1110170310948473,0.14831425833780693,0.00045332528162353724,0.05294317124133423
2018-11-19,2018,1921,0,0,58,4,-0.3994973713638782,-0.0009987434284096956,0.008569971343411286,0.16540645558987563,0.00033984643086449674,0.01261943017131672
2018-11-20,2018,1921,0,0,59,7,-0.19866824685761286,-0.0004966706171440321,0.001716442282796874,0.16655082208837627,0.0004068062085142873,0.019739499420451116
2018-11-21,2018,1921,0,0,59,18,0.7019688897058358,0.0017549222242645894,0.030215591468420514,0.16179325468923972,0.0003909303368202287,0.01200924614721672
2018-11-22,2018,1921,0,0,59,3,1.2220541351143765,0.003055135337785941,0.12549290816132735,0.14589976573570984,0.00033917064027584755,0.010395035189420969
2018-11-26,2018,1921,0,0,60,3,2.5202233662455376,0.006300558415613844,0.18051429618399203,0.13671991210033746,0.0004679363416525414,0.017868055839235633
2018-11-27,2018,1921,0,0,60,6,0.8214699661399053,0.002053674915349763,0.09644242289911101,0.1507461461536011,0.00037845182506112367,0.013807310108810464
2018-11-28,2018,1922,0,0,61,6,0.40820096666543326,0.0010205024166635831,0.010458416815579177,0.16509291249414804,0.0003749575119010101,0.02855090962244353
2018-11-29,2018,1922,0,0,62,9,1.7424614134342034,0.004356153533585508,0.13536847877964045,0.1442527398969533,0.0004185148303721366,0.029153073110552423
2018-11-30,2018,1922,0,0,61,4,-0.6579216386723159,-0.0016448040966807898,-0.06423368455223707,0.17755656722516183,0.0008936576614979825,0.015290339579829858
2018-12-03,2018,1922,0,0,62,9,-1.63005026360177,-0.004075125659004425,-0.15211477939060108,0.19221724337064713,0.0005262268980984487,0.014657050288545269
2018-12-04,2018,1922,0,0,61,10,0.3400925885390511,0.0008502314713476278,0.025114474187864697,0.16264923183710997,0.0007522620848474239,0.05871568927398989
2018-12-05,2018,1922,0,0,62,13,-0.6278911186904998,-0.0015697277967262496,-0.08294616232153709,0.1806752788775064,0.00042263347783708213,0.01968710240701326
2018-12-06,2018,1922,0,0,62,16,1.1438765313149495,0.0028596913282873736,0.09768102742634875,0.15054289727966497,0.0006880903831239309,0.017932832436190316
2018-12-07,2018,1922,0,0,62,9,-0.18832171981215673,-0.0004708042995303918,-0.053204287744611674,0.17571542688747815,0.0006353434873606702,0.010164498943480487
2018-12-10,2018,1922,0,0,60,17,-1.4868056121658162,-0.0037170140304145405,-0.07808920771491723,0.17986810187212912,0.0015814668307454357,0.038804122998987556
2018-12-11,2018,1922,0,0,59,19,-2.078866344150018,-0.005197165860375045,-0.21656944622854438,0.20296926223415007,0.0011157502761109728,0.026992497638144125
2018-12-12,2018,1923,0,0,58,3,-0.8064334358384806,-0.0020160835895962014,-0.09749690193961898,0.18310514783417955,0.0011286350338526635,0.06308600220308608
2018-12-13,2018,1924,0,0,59,1,-1.1204480258366374,-0.0028011200645915936,-0.13700482549678905,0.18969567267462523,0.0007041021211122967,0.030051388746420514
2018-12-14,2018,1923,0,0,60,10,-0.7182065993378979,-0.0017955164983447446,-0.05575259664179597,0.1761417277662151,0.0007763648702418441,0.047235521388892275
2018-12-17,2018,1923,0,0,59,7,0.4060450614708802,0.0010151126536772006,0.015821700469171418,0.16419814661221815,0.0004658174874806059,0.015093473429399568
2018-12-18,2018,1923,0,0,57,11,2.011587336554194,0.005028968341385485,0.16276406852385727,0.13968449736678182,0.0008115732550307635,0.055489583995296535
2018-12-19,2018,1925,0,0,59,17,0.6965506262160419,0.0017413765655401048,-0.012774877685087034,0.16897117681161342,0.00101784506353674,0.03569621554656319
2018-12-20,2018,1925,0,0,59,32,4.711827735045494,0.011779569337613736,0.19721652984229637,0.13393631793839697,0.0016551738595553347,0.08774594917588212
2018-12-21,2018,1928,0,0,61,44,-2.5219298183533527,-0.006304824545883382,-0.17364101885670793,0.19580944261678365,0.0028820135756926634,0.039612494747885585
2018-12-25,2018,1929,0,0,61,39,-2.7023552760655107,-0.006755888190163777,-0.1803639805796572,0.1969313931435817,0.014310540635904954,0.1476314136925036
2018-12-26,2018,1929,0,0,58,1,-0.12100418440082278,-0.0003025104610020569,-0.047867478544426405,0.1748215639648429,0.0010129404384988502,0.125944425914095
2018-12-27,2018,1929,0,0,58,2,-0.267649860105466,-0.000669124650263665,-0.012250317702705746,0.1688815398714862,0.001013258210077203,0.09926744016672336
2018-12-28,2019,1930,0,0,58,9,0.1751572260611738,0.00043789306515293444,-0.09985545969160509,0.18349924002338455,0.002103044221935085,0.04647734140225211
2019-01-04,2019,1930,0,0,57,42,-2.2114120755869484,-0.005528530188967371,-0.1553095696558171,0.19274874793972532,0.0009037801402460065,0.0896492810038968
2019-01-07,2019,1930,0,0,57,10,1.1203876792401775,0.0028009691981004435,0.030243494319549077,0.161791344873708,0.0007635605696096101,0.08086972387155367
2019-01-08,2019,1930,0,0,56,15,-0.9536124733610818,-0.0023840311834027045,-0.07742767089401943,0.17975316737963432,0.0008151087610800107,0.03876345694907525
2019-01-09,2019,1930,0,0,57,15,-0.34708693832275583,-0.0008677173458068896,0.04822985733933915,0.15878579498798204,0.00047987477195583897,0.032914829043788306
2019-01-10,2019,1930,0,0,55,14,-0.297158115704123,-0.0007428952892603075,0.028814469422019033,0.16202925527360193,0.0008271433289280025,0.031091737532460535
2019-01-11,2019,1930,0,0,56,9,-0.11085699324498977,-0.0002771424831124744,0.004378777053370808,0.1661052773001585,0.000440374955108269,0.02376045790114418
2019-01-15,2019,1930,0,0,56,11,0.4221873667452285,0.0010554684168630714,0.06732776379200098,0.15560099537191044,0.0004393804598716153,0.02062281032034557
2019-01-16,2019,1930,0,0,57,6,1.4023118875563023,0.0035057797188907556,0.06302274276233749,0.156321211608463,0.0005473227116426776,0.03860315299147004
2019-01-17,2019,1929,0,0,59,15,0.8079686035311154,0.0020199215088277885,0.03159797153177669,0.16156452565308743,0.0004627931767788808,0.03799067939917847
2019-01-18,2019,1929,0,0,58,5,-0.8419503241717214,-0.0021048758104293035,-0.04490826087186713,0.17432626443380958,0.0004628199105306456,0.034558550435204886
2019-01-21,2019,1929,0,0,59,1,-0.9617062511182441,-0.0024042656277956103,-0.07662118190709123,0.17962001272384664,0.00046428299469720383,0.04307406843255202
2019-01-22,2019,1929,0,0,61,7,-0.339142942241355,-0.0008478573556033875,-0.05066883460555727,0.175286387017705,0.0004998600823615394,0.014920101305365599
2019-01-23,2019,1929,0,0,61,9,-1.657210286617746,-0.004143025716544365,-0.12693852765542518,0.1880126119083225,0.0005658998297719115,0.017988847696837916
2019-01-24,2019,1929,0,0,60,11,0.5541168656793728,0.001385292164198432,0.01065692976548914,0.1650588137678098,0.0004593018071320099,0.0875587181991003
2019-01-25,2019,1929,0,0,60,3,1.2575672839491325,0.0031439182098728312,0.09001779930479781,0.15181497832717827,0.00037275137937237466,0.04648832244286749
2019-01-28,2019,1929,0,0,60,4,0.3022163286921682,0.0007555408217304204,-0.037296457585957954,0.17305972445178075,0.00075638282071187,0.03108775462966909
2019-01-29,2019,1929,0,0,61,4,0.30599056141314884,0.0007649764035328722,-0.015291252000290726,0.16938669338941562,0.0008035475942163893,0.031140217920188482
2019-01-30,2019,1929,0,0,62,5,0.13757367147762234,0.00034393417869405587,0.029440234846292358,0.16192532166235926,0.0009081188029731642,0.21114006085254242
2019-01-31,2019,1929,0,0,62,14,1.151878885571576,0.00287969721392894,0.07256808778813117,0.15473168544041152,0.0009643279440859853,0.021268821439718116
2019-02-01,2019,1929,0,0,62,15,0.47346125751475043,0.001183653143786876,-0.006331873173283676,0.16789102602027456,0.0005359629734509593,0.01872389791649845
2019-02-04,2019,1929,0,0,62,24,-1.0602468895690211,-0.002650617223922553,-0.08701513065215595,0.1813501540777382,0.0005169120686734738,0.017221403130499042
2019-02-05,2019,1929,0,0,64,10,-0.3056876505388677,-0.0007642191263471693,-0.03898822772675623,0.17334018963581804,0.0007257424865787206,0.06438687515342768
2019-02-06,2019,1929,0,0,64,5,0.09612469727815443,0.00024031174319538606,0.0022034498376808554,0.16647107072726122,0.001174293714419642,0.014953419031825356
2019-02-07,2019,1929,0,0,66,5,0.7119628471856796,0.001779907117964199,0.01982531545535802,0.1635311205751707,0.0012716350022363063,0.026172147249871013
2019-02-08,2019,1929,0,0,65,1,0.809203598413945,0.0020230089960348624,0.040896249789379634,0.16001308987120996,0.0007859810735393352,0.03255161357071031
2019-02-12,2019,1929,0,0,64,1,1.171687440559122,0.002929218601397805,0.08707168992855187,0.15230859260784682,0.0006757491877158782,0.02109817840065945
2019-02-13,2019,1929,0,0,64,1,0.3017787117419162,0.0007544467793547904,0.028890355888370283,0.16201414226404054,0.000815978117478991,0.01710963002715897
2019-02-14,2019,1929,0,0,65,4,0.09555192336316942,0.00023887980840792356,-0.006497789148564325,0.16792335475371897,0.0008749169820510539,0.053662874267646134
2019-02-15,2019,1929,0,0,64,0,0.8097741454421137,0.002024435363605284,0.03488431200465843,0.16101015505651112,0.0003483631989405639,0.0244929868134505
2019-02-18,2019,1929,0,0,63,3,0.39229067144547125,0.0009807266786136782,0.02562238920055242,0.16255935095042856,0.0003472702182146906,0.23775699266407732
2019-02-19,2019,1929,0,0,63,1,1.2142547294508965,0.0030356368236272415,0.09520822115351484,0.15094575348158554,0.0002819767475901636,0.018754407071693825
2019-02-20,2019,1929,0,0,64,7,-0.3311108093923777,-0.0008277770234809442,-0.07216870138170617,0.17886877555594877,0.0003278733187411243,0.050274555599183125
2019-02-21,2019,1929,0,0,64,2,-0.3216109927692117,-0.0008040274819230292,-0.0055310803793413655,0.16775883922965007,0.00033425522425492647,0.033384393793418045
2019-02-22,2019,1929,0,0,64,1,-0.23333097991444324,-0.0005833274497861081,-0.0005858621374506448,0.16692937389455723,0.00031412572329644043,0.04070354636746591
2019-02-25,2019,1929,0,0,63,6,-1.354997600213292,-0.0033874940005332297,-0.09285024898826041,0.18232414322909046,0.00038863759740381245,0.06158233074571088
2019-02-26,2019,1929,0,0,62,13,0.6677909324961651,0.0016694773312404126,0.07275277365748828,0.15469465804653462,0.0004490840410072043,0.1254172935447236
2019-02-27,2019,1929,0,0,62,13,-0.16353691878793375,-0.0004088422969698344,-0.02755322400969363,0.1714308532704755,0.000295765069646696,0.11219740848236442
2019-02-28,2019,1930,0,0,60,2,1.0933304566258333,0.0027333261415645833,0.02563454287258817,0.16255991468864583,0.00044277693879328045,0.16244246114327374
2019-03-01,2019,1931,0,0,61,12,0.1880781084646882,0.0004701952711617205,-0.01318686393304466,0.16903298861320956,0.0003513654731969535,0.10530188908553945
2019-03-04,2019,1931,0,0,61,17,-0.4147692229335833,-0.0010369230573339583,-0.0074258899483921155,0.16807007682243225,0.00027339820578171345,0.10938581666501661
2019-03-05,2019,1932,0,0,63,10,0.24148394934394157,0.000603709873359854,-0.005225189267669857,0.16770814357501795,0.000428367493868268,0.09222837653990147
2019-03-06,2019,1932,0,0,64,8,1.198954025428379,0.0029973850635709475,0.09749037230590225,0.15057385300755013,0.0009268347289509482,0.08469230188044245
2019-03-07,2019,1932,0,0,63,5,-0.9017083802374678,-0.0022542709505936694,-0.06626555927629867,0.17789075290909626,0.00043871342497658205,0.04207965263870002
2019-03-08,2019,1932,0,0,63,1,0.6667954552461679,0.0016669886381154198,0.130688515649637,0.14503397010083607,0.0007218744531995117,0.045714938323884
2019-03-11,2019,1932,0,0,63,9,-0.879015077113612,-0.00219753769278403,-0.0754032000276402,0.1794140382238981,0.00034628123348838465,0.031103925950210862
2019-03-12,2019,1932,0,0,63,15,-0.4291283242418392,-0.0010728208106045981,-0.06131210488822195,0.17706074464825242,0.00036494421064404075,0.0392513637609722
2019-03-13,2019,1933,0,0,66,7,-0.5286877718796121,-0.0013217194296990303,-0.033090973067386356,0.17235663536141338,0.0005405447322649911,0.02684764400322389
2019-03-14,2019,1933,0,0,65,17,-0.8251613632630064,-0.002062903408157516,-0.054307693341149044,0.17589708196818868,0.0007137060867249347,0.0357686600270107
2019-03-15,2019,1934,0,0,65,10,0.3853573422654114,0.0009633933556635285,0.020780040463591408,0.1633681389498282,0.00030349026638870646,0.03444422764628031
2019-03-18,2019,1934,0,0,65,5,-0.39741032613015637,-0.0009935258153253908,-0.04952522830057452,0.17509541989631655,0.0002889950665271106,0.013295347472042416
2019-03-19,2019,1935,0,0,66,10,0.0943960326333827,0.00023599008158345676,-0.03399468100840237,0.17250500624596132,0.00040412438758740586,0.013658821619928532
2019-03-20,2019,1936,0,0,67,6,0.3428306244720538,0.0008570765611801345,-0.029321965997040254,0.17173080683370848,0.0010311932524861768,0.019230720344366386
2019-03-22,2019,1936,0,0,66,8,0.26153550838956274,0.0006538387709739069,0.046495687110876774,0.15908139381755343,0.0009925050674619456,0.010943527724225986
2019-03-25,2019,1936,0,0,65,13,-0.9718393402214153,-0.0024295983505535383,0.008667985466649557,0.16539087529506186,0.0005008516383672665,0.018718985344215896
2019-03-26,2019,1936,0,0,63,13,-1.2635858013630106,-0.0031589645034075264,-0.1329201103659451,0.189014402565626,0.0013822788226561548,0.04991710170004714
2019-03-27,2019,1936,0,0,61,7,0.3617183786074122,0.0009042959465185305,0.06111611725897715,0.1566388344110536,0.00034937499103231785,0.018987041740089756
2019-03-28,2019,1937,0,0,63,11,-0.8969775938863387,-0.002242443984715847,-0.10657323791160049,0.18461863787963442,0.0006473838735695024,0.06128710152773145
2019-03-29,2019,1937,0,0,64,3,-0.3910744271127726,-0.0009776860677819315,-0.0934226038516753,0.1824225094436219,0.0005430395700729586,0.021787662442561147
2019-04-01,2019,1937,0,0,63,5,-0.5599646210154807,-0.0013999115525387019,-0.07089647121842378,0.1786629077101297,0.0004257985388804324,0.0629712875006184
2019-04-02,2019,1937,0,0,63,7,0.22014582313007944,0.0005503645578251986,-0.028762504242692142,0.17162050286041414,0.00033641090560250476,0.06233153496069644
2019-04-03,2019,1937,0,0,63,7,1.063755240166837,0.0026593881004170926,0.07364701445195847,0.1545448923739432,0.00033787716232253746,0.025968861380435502
2019-04-04,2019,1937,0,0,65,7,0.7217816511022104,0.001804454127755526,0.033603996827309295,0.16122712082058002,0.0003057180710031053,0.012707187974962916
2019-04-05,2019,1937,0,0,64,8,0.7802209563963076,0.001950552390990769,0.05376583617826506,0.15785334974783424,0.00033993561225721983,0.034678253467613565
2019-04-08,2019,1937,0,0,63,9,0.8782801524443153,0.0021957003811107884,0.08541866715520316,0.15258189783006415,0.0002476104390560016,0.017232211140917372
2019-04-09,2019,1937,0,0,64,13,1.1091432913240384,0.002772858228310096,0.13194660536841132,0.14481348581472825,0.00033110040894136403,0.024981369712099365
2019-04-10,2019,1938,0,0,63,9,0.08363380671658571,0.00020908451679146428,-0.02286133690654758,0.17064377821156648,0.00027884527694258194,0.014341294806716767
2019-04-11,2019,1938,0,0,66,8,-1.9801962134199922,-0.00495049053354998,-0.18580251936082048,0.19783620818174097,0.0008584105864018695,0.01565008821415556
2019-04-12,2019,1938,0,0,65,9,0.7871164627294585,0.001967791156823646,0.05600074194099141,0.1574887743544806,0.0003307881704428747,0.03223145603135662
2019-04-15,2019,1938,0,0,64,22,0.007229105143849113,1.807276285962278e-05,0.013583582075021052,0.16456338898432474,0.00039776865700248275,0.026191082355131564
2019-04-16,2019,1938,0,0,65,11,-0.3669470459696429,-0.0009173676149241073,-0.04855458882568008,0.17493828711957868,0.0006588387373708041,0.011680586416608215
2019-04-17,2019,1938,0,0,65,9,2.6867425070490674,0.006716856267622668,0.23142500982061193,0.12822268163030862,0.00031520101840326105,0.014126053370533877
2019-04-18,2019,1938,0,0,65,14,0.7485366781597823,0.0018713416953994558,0.1417863349147495,0.14317316090615598,0.0002596125487623377,0.01838661374784269
2019-04-19,2019,1938,0,0,65,16,-0.099727055450467,-0.0002493176386261675,0.033408896286803796,0.1612501067313686,0.0002194745282207405,0.025744280318048544
2019-04-22,2019,1938,0,0,64,12,0.12978164849935814,0.00032445412124839534,0.048393275322988795,0.15876214943532196,0.00035054050813939,0.02247152234475942
2019-04-23,2019,1938,0,0,63,5,-0.09350291681787715,-0.00023375729204469286,0.02024085251384368,0.16345666338110182,0.00037096089675911454,0.022251488159057795
2019-04-24,2019,1938,0,0,64,17,-0.0808770304668271,-0.00020219257616706774,-0.013177629636839475,0.1690315635690241,0.00042279032234854313,0.023292783256078316
2019-04-25,2019,1938,0,0,64,14,-1.4226003099062545,-0.0035565007747656364,-0.10481945495804264,0.18432459019485853,0.0009410197346260439,0.0075216063842676924
2019-04-26,2019,1938,0,0,64,8,0.2756117597730081,0.0006890293994325203,-0.037682795177554504,0.17312382634775583,0.0007210080617337196,0.009100534988281731
2019-05-07,2019,1938,0,0,63,10,0.08164806029796967,0.00020412015074492418,-0.0038761669621181273,0.1674842493523554,0.0009433466253208518,0.006102505238672801
2019-05-08,2019,1938,0,0,63,8,-0.13957680717726798,-0.00034894201794316993,0.0045639865286139294,0.1660726776904853,0.0008202212123363615,0.03623741299884361
2019-05-09,2019,1938,0,0,63,12,1.3219180655116272,0.0033047951637790677,0.011974984638404587,0.16483907656570668,0.001381453375412996,0.03665166008474629
2019-05-10,2019,1938,0,0,64,20,0.5668973137373903,0.0014172432843434757,0.0033776665133091305,0.16627311032408748,0.0009957283630593991,0.01686332717180727
2019-05-13,2019,1938,0,0,62,7,0.7456549883850749,0.0018641374709626873,0.0411460039644092,0.1599722731728118,0.0012642754050699785,0.024352665701851555
2019-05-14,2019,1938,0,0,61,15,0.4363139732998732,0.001090784933249683,0.05086666181151247,0.15834832771002794,0.0010179043154191522,0.028871575527131085
2019-05-15,2019,1938,0,0,61,11,-0.700452123879503,-0.0017511303096987574,-0.021751079386197403,0.17046514156395912,0.0006419550423511919,0.031700969761646304
2019-05-16,2019,1938,0,0,61,11,0.673896887416954,0.0016847422185423849,-0.001029437224423546,0.16700546469530775,0.0004513399548887324,0.12036135488153901
2019-05-17,2019,1938,0,0,60,5,-0.3346815402310239,-0.0008367038505775598,-0.06729745469012453,0.1780623774140562,0.000418225395638271,0.2740423871198098
2019-05-20,2019,1938,0,0,61,8,-0.19162607564121584,-0.0004790651891030396,-0.02842965344981217,0.17157332694421742,0.00033730955250399063,0.152324710845542
2019-05-21,2019,1938,0,0,61,9,2.2140036849382385,0.005535009212345596,0.12309096860437269,0.14629686502569209,0.00039875577965341067,0.1645413316323091
2019-05-22,2019,1938,0,0,60,9,-0.039170449048331446,-9.792612262082861e-05,0.028978849890969452,0.16199804019462874,0.0003087787740490285,0.038498930860399724
2019-05-23,2019,1938,0,0,61,2,0.3612378721612661,0.0009030946804031654,0.0485070543114905,0.15873767704244165,0.0003685861472115774,0.023927759243926143
2019-05-24,2019,1938,0,0,60,7,-1.6148716051916847,-0.004037179012979212,-0.08243912030084832,0.18058816087567597,0.000431558324813482,0.1447039197773914
2019-05-27,2019,1938,0,0,60,22,-0.45432486376190373,-0.0011358121594047593,-0.03949596226354437,0.1734231815846001,0.00037897924034220154,0.11100279084382923
2019-05-28,2019,1938,0,0,60,2,2.6075480095107744,0.006518870023776936,0.24357582981911977,0.12619720609630802,0.00036523542415026867,0.011778292099043398
2019-05-29,2019,1938,0,0,60,8,-0.20180419586262555,-0.0005045104896565639,-0.005374672476324648,0.16773132636279914,0.0003789578319018679,0.10297766231270737
2019-05-30,2019,1938,0,0,59,9,-0.3442525034059458,-0.0008606312585148645,-0.012948926762005958,0.16899784690719424,0.0008760133742115445,0.6203697632016938
2019-05-31,2019,1938,0,0,59,6,-3.487943194698636,-0.00871985798674659,-0.21776721399342827,0.20316901236958798,0.0014255940389636128,1.2123627175696279
2019-06-03,2019,1939,0,0,58,7,-1.3258540651415038,-0.00331463516285376,-0.17357948296620923,0.19579806382767306,0.0029563953386011004,1.6888069543745023
2019-06-04,2019,1939,0,0,58,3,-1.0211540463248727,-0.002552885115812182,-0.049702187545418997,0.17512215094304753,0.003219244187504166,2.293547452754799
2019-06-05,2019,1939,0,0,57,5,-0.22423601844460372,-0.0005605900461115093,-0.017850267352768828,0.16981166215345664,0.002365209412033779,1.8837498219176183
2019-06-06,2019,1939,0,0,59,6,0.13742337390193038,0.00034355843475482594,-0.036044970914968215,0.1728492466214641,0.0016217445028655635,1.354271375328098
2019-06-07,2019,1939,0,0,59,12,0.8100043794180787,0.0020250109485451966,0.06753258250364595,0.15556157208965188,0.0009520378367586793,1.1449831750859694
2019-06-10,2019,1939,0,0,59,14,-0.10000885710149587,-0.0002500221427537397,-0.018729185935769388,0.16995674848001247,0.0008518787906114188,0.9766764239461836
2019-06-11,2019,1939,0,0,61,6,-1.7004057642867711,-0.0042510144107169275,-0.2061339525563982,0.2012256220929886,0.0006445723474612167,0.3959360175549957
2019-06-12,2019,1940,0,0,62,7,-0.6173413964962535,-0.0015433534912406338,-0.004306502346665825,0.1675472253524888,0.0003128046005076984,0.0768329199947048
2019-06-13,2019,1940,0,0,62,15,-1.1091639507094517,-0.0027729098767736294,-0.12856681034461445,0.18828258792135585,0.00046347306439982743,0.3686503891471103
2019-06-14,2019,1940,0,0,59,14,0.7831951074082282,0.0019579877685205705,0.06172538067980642,0.15653921363165857,0.00047717921248120645,0.2457469491670844
2019-06-17,2019,1940,0,0,57,10,-0.7415361891366832,-0.0018538404728417079,-0.06983558082856085,0.1784885695496757,0.0008063761168787267,0.1094030999176103
2019-06-18,2019,1941,0,0,58,12,-0.7023966558797974,-0.0017559916396994934,-0.03769849973760376,0.17311757294267402,0.000426160833468675,0.3215110382388918
2019-06-19,2019,1942,0,0,58,13,-0.675510084858108,-0.00168877521214527,-0.07847734306922305,0.17992890739430548,0.0006208968493926461,0.483761791093785
2019-06-20,2019,1942,0,0,57,8,-0.3663304870810906,-0.0009158262177027265,-0.008629114240469072,0.16826911533254252,0.00030233667569888844,0.24098473001206513
2019-06-21,2019,1942,0,0,57,14,0.2475597963039886,0.0006188994907599715,0.05528388929930919,0.15760448026478738,0.00027632628922662596,0.04675524874081362
2019-06-24,2019,1942,0,0,57,18,0.42530866410679424,0.0010632716602669856,0.00448876160259206,0.16608638263528822,0.0004358295819430571,0.02422398873103973
2019-06-25,2019,1942,0,0,57,14,1.1030335449849082,0.0027575838624622705,0.0680241447433642,0.15548768215673184,0.0005300203243857555,0.008019313061770813
2019-06-26,2019,1942,0,0,57,29,-0.14345023812204938,-0.00035862559530512345,-0.010449201839480818,0.16857304894472686,0.0003752655017401214,0.03854345800069603
2019-06-27,2019,1943,0,0,57,2,0.15506164131774192,0.0003876541032943548,-0.013662914496264387,0.16911754791128228,0.0008365519119756421,0.07847150509477469
2019-06-28,2019,1943,0,0,57,11,-0.6282160545965041,-0.0015705401364912602,-0.03835235155363502,0.1732311251113241,0.0002872881642435747,0.04548560326926829
2019-07-01,2019,1943,0,0,58,26,-2.3677888224016677,-0.0059194720560041695,-0.21076809117067738,0.20199816978127846,0.0006379950735972144,0.11091397159910577
2019-07-02,2019,1943,0,0,57,7,1.278384391816032,0.00319596097954008,0.09696456018210528,0.15065690805027174,0.00024919879601762503,0.1718697132976025
2019-07-03,2019,1943,0,0,57,3,0.28126786788382296,0.0007031696697095574,0.06514118992812964,0.1559572371637139,0.00025709621229573536,0.05186845584382905
2019-07-04,2019,1943,0,0,58,6,0.08614973690161687,0.00021537434225404217,-0.0004838958526636771,0.16691384385374403,0.00047113772461022046,0.052135116255723514
2019-07-05,2019,1943,0,0,55,6,0.4414094279959452,0.001103523569989863,-0.01677639402906691,0.16963197358438906,0.0003411005622382022,0.06088001851339404
2019-07-08,2019,1943,0,0,54,1,0.32776370410844474,0.0008194092602711118,0.034059239165776016,0.16114964059825793,0.00026707139558125825,0.025332479861764488
2019-07-09,2019,1943,0,0,53,3,-0.22057839870301632,-0.0005514459967575408,0.014284690526794,0.1644508892974628,0.00032675629255230534,0.024538211541380296
2019-07-10,2019,1943,0,0,54,6,0.39766620657399765,0.0009941655164349941,0.051451991954588536,0.15824840996722062,0.0003945102772637645,0.21004852490320985
2019-07-11,2019,1943,0,0,55,4,0.053021208553641896,0.00013255302138410474,-0.02208974249089574,0.17051606753359155,0.0005639031938684353,0.024308445661294236
2019-07-12,2019,1943,0,0,52,1,-0.03535811746463924,-8.83952936615981e-05,0.025486339114983336,0.1625791583690039,0.00028862174006314534,0.025617903361956372
2019-07-16,2019,1943,0,0,51,4,-0.5096469740374241,-0.0012741174350935603,-0.058178755175356055,0.17654448399112282,0.0009730846940255826,0.024241572240340115
2019-07-17,2019,1943,0,0,54,3,0.6183008866252915,0.0015457522165632288,0.059641840564942115,0.15688746710650434,0.0005252854097881127,0.021810873148865612
2019-07-18,2019,1944,0,0,55,16,-0.9661233870706556,-0.002415308467676639,-0.0891394726796782,0.18170422082981522,0.00031102907773889507,0.028692917779774705
2019-07-19,2019,1944,0,0,54,10,-0.3377648654330301,-0.0008444121635825752,-0.008808820148603515,0.1683041028791836,0.0002159973412566392,0.031006826729317906
2019-07-22,2019,1944,0,0,54,7,0.22449128350035702,0.0005612282087508925,-0.05091074836678508,0.175322784516695,0.00024839617560736655,0.033063563228090086
2019-07-23,2019,1944,0,0,54,8,-0.0031945599349225695,-7.986399837306423e-06,-0.029669983143211797,0.17177978224262486,0.0002529606246336003,0.02529278049637812
2019-07-24,2019,1944,0,0,54,9,-0.6192817809085753,-0.0015482044522714383,-0.03673625095255134,0.1729558072662031,0.0003375196952651797,0.020354375467094732
2019-07-25,2019,1944,0,0,54,10,-0.8055099740315884,-0.002013774935078971,-0.0687428304227779,0.17829915886168451,0.00033855902065075915,0.03357367305441914
2019-07-26,2019,1944,0,0,54,9,-0.36246149988891474,-0.0009061537497222869,0.02124686544362615,0.1632870726586484,0.0003536178390580208,0.03821943846708621
2019-07-29,2019,1945,0,0,54,7,-0.060305881510691384,-0.00015076470377672847,-0.023089362186840136,0.17068481085825152,0.0005164631129911286,0.02661185337190418
2019-07-30,2019,1945,0,0,55,15,-0.33319953152070714,-0.0008329988288017678,0.020362986117561103,0.16343187504214726,0.00047278881607116965,0.007050411567609292
2019-07-31,2019,1945,0,0,56,7,-1.4063412081294517,-0.0035158530203236293,-0.1554737512880542,0.19277668875150136,0.001270467767196862,0.011944852154668175
2019-08-01,2019,1945,0,0,55,8,-0.45736005643375055,-0.0011434001410843763,-0.05520680211538789,0.17604790454191652,0.0010134069623989111,0.01974477205486335
2019-08-02,2019,1945,0,0,56,25,0.8147394442798781,0.002036848610699695,0.051825388600974166,0.15818530817680457,0.00039756556142914916,0.028039338465791146
2019-08-05,2019,1945,0,0,54,27,1.2131680663509041,0.0030329201658772604,0.05188785562751133,0.15817575396023112,0.0006143351040872358,0.01994344649435924
2019-08-06,2019,1945,0,0,54,25,-0.1591187419501735,-0.00039779685487543375,0.018367391291436323,0.16376826291678112,0.0006109500829138583,0.010057656990155891
2019-08-07,2019,1945,0,0,55,13,-0.6289855326500184,-0.001572463831625046,-0.05220001948671044,0.1755336665464232,0.0005849321298929453,0.01947143807996428
2019-08-08,2019,1945,0,0,53,9,-2.7015956898276627,-0.006753989224569157,-0.17038411074010604,0.19526340334653444,0.0010442594419775109,0.017129268954381015
2019-08-09,2019,1946,0,0,54,4,2.029384475595842,0.005073461188989606,0.13448889750969711,0.14439784070037048,0.000654966707559615,0.01856821503026076
2019-08-13,2019,1946,0,0,54,4,1.2130426269078687,0.0030326065672696715,0.07626313732580726,0.1541124060214541,0.0005198293358368044,0.028791033497482826
2019-08-14,2019,1946,0,0,54,2,-0.1344238855349108,-0.000336059713837277,-0.0009574837077920429,0.16698979816210283,0.00033038750929157736,0.01778205332654861
2019-08-15,2019,1946,0,0,54,9,-1.0507813071745113,-0.002626953267936278,-0.060648168748673965,0.17694133751169633,0.00040892919593286356,0.052312376001664
2019-08-16,2019,1946,0,0,54,23,-0.5856892431629057,-0.0014642231079072642,-0.0027230494423618953,0.16728828718036043,0.0004729940042232477,0.05133146279559003
2019-08-19,2019,1946,0,0,54,2,-0.7836063213011213,-0.0019590158032528034,-0.10789740416897084,0.18483512982580075,0.0003462539570324353,0.07444323285273606
2019-08-20,2019,1946,0,0,54,1,0.28562414046981094,0.0007140603511745274,0.04287439878342869,0.15966380169086178,0.00028805561355227816,0.02030669272416574
2019-08-21,2019,1946,0,0,57,6,0.40412751481623377,0.0010103187870405845,0.03898504863211145,0.16031856769054204,0.00023952817613114805,0.02066087262823957
2019-08-22,2019,1946,0,0,57,16,-2.419620643164834,-0.006049051607912085,-0.1905376625939447,0.19862628693888307,0.0006043593445783844,0.007903634728733192
2019-08-23,2019,1946,0,0,57,11,-0.30982840506246445,-0.0007745710126561611,0.015161448899306183,0.16429897808564742,0.0003127630321923234,0.0032477558817448284
2019-08-26,2019,1946,0,0,58,3,0.9146564846884236,0.002286641211721059,0.04349876061681232,0.15956753050573805,0.0003300253829556913,0.10157848081413008
2019-08-27,2019,1946,0,0,54,8,-0.047704693593054626,-0.00011926173398263656,-0.004497850808912993,0.16757566487114883,0.00031748264157149375,0.03349746924223388
2019-08-28,2019,1946,0,0,54,12,2.6483216261399236,0.006620804065349809,0.2525920443483183,0.12469545160060187,0.0006293342329655695,0.026860584780939913
2019-08-29,2019,1946,0,0,53,17,-0.20992012120663617,-0.0005248003030165904,-0.03570516070730159,0.17279149428079196,0.00029268560467767175,0.012755910339931686
2019-08-30,2019,1946,0,0,53,2,0.04160533243403286,0.00010401333108508216,0.061422529272953455,0.15658242013145038,0.0002921629366030383,0.031552806935727276
2019-09-02,2019,1947,0,0,53,5,-1.101352126428989,-0.002753380316072472,-0.10297225849997883,0.18401171692148227,0.00027208368626555296,0.013918197726327446
2019-09-03,2019,1947,0,0,53,6,1.2090535863768257,0.0030226339659420644,0.1711047702144985,0.13829087550970917,0.000584380082337343,0.03343694595578374
2019-09-04,2019,1947,0,0,54,6,-0.5627728132155563,-0.0014069320330388907,-0.03964315980340757,0.1734436527393024,0.00025285004523840877,0.04023394809238306
2019-09-05,2019,1947,0,0,53,4,-0.15544402745267205,-0.00038861006863168015,0.022433189430026538,0.16309145589999652,0.00033735240518036215,0.02759980585173227
2019-09-06,2019,1947,0,0,52,11,4.995685416706767,0.012489213541766917,0.3238974780687114,0.11279791194579555,0.00046563690983438883,0.02346781953865699
2019-09-09,2019,1947,0,0,51,21,1.7577127493992142,0.004394281873498035,0.19245604112916978,0.13472843741327406,0.0004622814457215107,0.030959096958759567
2019-09-10,2019,1947,0,0,51,7,1.4962377562395413,0.003740594390598853,0.13847411672434645,0.14373003991306563,0.0003446870134805397,0.018633590651711385
2019-09-11,2019,1947,0,0,51,8,0.7653185948948223,0.001913296487237056,0.11553239360289977,0.14755975842034272,0.0003382608269197367,0.05420467298462358
2019-09-12,2019,1947,0,0,50,7,-0.14753211528188137,-0.00036883028820470343,-0.04530326754298432,0.1743861287686659,0.00038720535199807365,0.017406362051228332
2019-09-13,2019,1946,0,0,50,8,-2.0038995206989103,-0.005009748801747276,-0.14165869067500442,0.19046803772298326,0.0004969463481122383,0.017202917506213534
2019-09-17,2019,1945,0,0,50,11,0.17677567834077967,0.00044193919585194916,0.0020072259813137716,0.16650183212944014,0.0002928808879091694,0.01544704536562297
2019-09-18,2019,1945,0,0,49,5,0.24733143157689513,0.0006183285789422378,-0.03479451557985109,0.17263280450147694,0.0003470738613637621,0.0306180779938623
2019-09-19,2019,1945,0,0,48,12,-0.1472803369210447,-0.0003682008423026117,-0.05423295144291492,0.17587941864847464,0.00036026299244084535,0.017250744861352186
2019-09-20,2019,1946,0,0,50,11,0.1622008502589991,0.00040550212564749774,0.010662027858673597,0.1650518367082445,0.000228961603705705,0.013384671713225719
2019-09-24,2019,1947,0,0,50,5,-1.3020270173414286,-0.0032550675433535713,-0.0876628940007967,0.18145846815031244,0.0002646182019636059,0.014075479201273665
2019-09-25,2019,1947,0,0,50,4,0.5972657060145898,0.0014931642650364745,0.0012264270326775102,0.1666322410351414,0.000575130942680483,0.012669967568223365
2019-09-26,2019,1947,0,0,51,12,0.870706699681328,0.0021767667492033197,0.024275682403470868,0.16278591023762226,0.000442384831236976,0.011576119518148768
2019-09-27,2019,1948,0,0,51,6,1.4488745459829704,0.003622186364957426,0.09893119100095552,0.15033164223022827,0.0006215904742326514,0.028202553247066962
2019-09-30,2019,1948,0,0,52,3,0.06587736176575132,0.0001646934044143783,-0.02452870900828996,0.1709251060089825,0.00031799886949087085,0.026894351943789883
2019-10-01,2019,1949,0,0,52,4,0.3920983131481899,0.0009802457828704746,0.02324565806889216,0.1629590504137482,0.0006631124053375176,0.037370983854876805
2019-10-02,2019,1949,0,0,52,8,-0.0996938282851555,-0.0002492345707128887,-0.03135977589144397,0.17206157963693944,0.0002592630659540222,0.023036440923624408
2019-10-03,2019,1949,0,0,52,2,-0.27160919593687216,-0.0006790229898421804,0.036977041078365074,0.1606549417901601,0.0002834761053606746,0.024788436342877012
2019-10-04,2019,1949,0,0,50,3,0.41038968286395594,0.0010259742071598897,0.07066339043423454,0.15504530558990437,0.00044180958520111075,0.015445864226662649
2019-10-07,2019,1949,0,0,49,5,-0.5336475503204343,-0.0013341188758010858,-0.06774291390402484,0.17813017702556788,0.00023171051618407353,0.011412275611331364
2019-10-08,2019,1950,0,0,52,12,0.47014809722132855,0.0011753702430533214,0.06979425214495644,0.15518522909098809,0.00034334274107581183,0.020779911979474094
2019-10-09,2019,1951,0,0,56,8,-0.14263360998264696,-0.0003565840249566174,-0.04630960142059996,0.17455433215691074,0.0003233177693271631,0.014803918253683155
2019-10-10,2019,1951,0,0,58,14,-0.001440428651193315,-3.6010716279832877e-06,-0.03294077410519454,0.1723326716250976,0.0006067367476407152,0.053322364723489286
2019-10-11,2019,1951,0,0,58,9,-0.3224523308522331,-0.0008061308271305828,-0.02554593165235582,0.17109456685507626,0.0004330399015402272,0.12489626910787374
2019-10-15,2019,1951,0,0,57,10,-0.2225748434182075,-0.0005564371085455187,-0.013115576168598889,0.16902057745467436,0.00031601753190127274,0.018576937437840467
2019-10-16,2019,1951,0,0,56,7,-1.212238888333336,-0.00303059722083334,-0.09448276895948261,0.18259434710566674,0.00030541087123236673,0.008156493502252818
2019-10-17,2019,1951,0,0,56,7,-0.3047716913877805,-0.0007619292284694512,-0.01855932127775389,0.16992508408675266,0.00031668049872346705,0.014158586617259113
2019-10-18,2019,1951,0,0,56,5,-0.7557012270054012,-0.001889253067513503,-0.02118830207064547,0.170368502876692,0.00031877664998970984,0.027795738411587844
2019-10-21,2019,1951,0,0,57,10,-0.5670042024046242,-0.0014175105060115606,-0.05030836257164687,0.17522143946815316,0.000329383388004859,0.0495972083797597
2019-10-23,2019,1951,0,0,57,10,0.8881550472617687,0.002220387618154422,0.07528973398247094,0.15426476019479213,0.0002455968152103709,0.011759914324843206
2019-10-24,2019,1951,0,0,58,7,1.009197073157566,0.002522992682893915,-0.03765549873118061,0.17311463357181925,0.0003463985050613037,0.024464801162107905
2019-10-25,2019,1952,0,0,58,18,0.03456823417832222,8.642058544580555e-05,-0.06645679527359602,0.17792053555496837,0.0003242695147651868,0.01528717595953415
2019-10-28,2019,1953,0,0,60,12,-0.4253523873843392,-0.001063380968460848,0.04688609316550493,0.15901227649007593,0.0006015294925795864,0.03252190518202097
2019-10-29,2019,1953,0,0,59,14,-0.788761887342815,-0.0019719047183570375,-0.026913406107252787,0.17132293161199294,0.0005611056672177565,0.010202395500158367
2019-10-30,2019,1954,0,0,59,2,0.9241980440250317,0.0023104951100625794,0.030843454444211115,0.16168938587223783,0.0005496785804790421,0.01853893801600014
2019-10-31,2019,1954,0,0,59,6,0.3210423641344189,0.0008026059103360472,0.06738289765143503,0.15559287196894436,0.0006568775193040228,0.06831061821587191
2019-11-01,2019,1955,0,0,63,8,0.41252062724912125,0.0010313015681228032,0.04438586934608531,0.1594252515733721,0.0004440629404448232,0.018564473039377617
2019-11-05,2019,1955,0,0,63,17,-0.14402216136123017,-0.0003600554034030754,-0.045748407883889126,0.1744638142378754,0.00043536398611022193,0.025407709429785916
2019-11-06,2019,1955,0,0,61,17,0.010985367091884884,2.746341772971221e-05,-0.009071975344282645,0.1683425846299006,0.0005696916607616768,0.014402677573611465
2019-11-07,2019,1955,0,0,62,14,1.1211159266694597,0.0028027898166736493,0.0453338673516194,0.15927168619327817,0.0006090942381039378,0.00855829882631827
2019-11-08,2019,1955,0,0,61,16,-0.3922989999966515,-0.0009807474999916287,-0.03303841274025378,0.17234316222090695,0.00035840755589611976,0.008559359228373677
2019-11-11,2019,1955,0,0,61,12,0.7539743295505252,0.001884935823876313,0.050409545255133435,0.15842465598497837,0.0004919981084099095,0.035204666514614076
2019-11-12,2019,1955,0,0,61,15,-0.4612671201791212,-0.001153167800447803,-0.010289556387598956,0.16855243652404953,0.000661286400239394,0.01541807746095303
2019-11-13,2019,1955,0,0,61,8,0.6051227427228312,0.001512806856807078,0.013013327474559985,0.1646635180920324,0.0005812171614695226,0.02375379474538621
2019-11-14,2019,1955,0,0,61,4,0.5542341841267973,0.0013855854603169932,0.03788101395940038,0.16051275770268553,0.00037954114431770075,0.023621021232777543
2019-11-15,2019,1955,0,0,61,16,-0.08751464725885436,-0.00021878661814713588,-0.07609212475168824,0.17952538443331673,0.00030972762706872636,0.008546090503341552
2019-11-18,2019,1955,0,0,61,13,0.2903687343054294,0.0007259218357635735,0.029258307510736208,0.16195231558332143,0.0003458110802395899,0.010813463194000547
2019-11-19,2019,1955,0,0,61,7,-0.3738552816065792,-0.0009346382040164481,-0.038922705186531785,0.17332226986124963,0.0002471999036986425,0.010561393176934837
2019-11-20,2019,1955,0,0,60,5,-0.31791679768418163,-0.0007947919942104541,-0.026706468965097867,0.17127999309009642,0.0002661301464314664,0.02435015281817424
2019-11-21,2019,1955,0,0,58,1,1.8451560810437093,0.004612890202609274,0.19201343370314514,0.134800673737299,0.0003647684785284328,0.014938632337178598
2019-11-22,2019,1955,0,0,58,6,-0.29036287453816934,-0.0007259071863454234,-0.014667273212348376,0.16927849941144363,0.0002941598107929208,0.006819469889255497
2019-11-25,2019,1955,0,0,58,10,0.2829781572965695,0.0007074453932414237,0.024531101333873886,0.16273977194772882,0.0003041484395376973,0.010243024362396908
2019-11-26,2019,1955,0,0,59,1,0.06693232288658424,0.0001673308072164606,0.02954235861703854,0.16190206490586662,0.00025525690729300655,0.015371036469360203
2019-11-27,2019,1955,0,0,58,6,-0.5830236352495786,-0.0014575590881239465,-0.022402015537134674,0.17056366793602326,0.0002291165216254849,0.006514407582686305
2019-11-28,2019,1955,0,0,58,7,-0.29396308274804916,-0.0007349077068701229,0.015168472254811168,0.16430281556437956,0.0003004663962675579,0.015215041967799759
2019-11-29,2019,1955,0,0,58,1,-0.703926697636291,-0.0017598167440907276,-0.049067158180453124,0.17501995782180857,0.0003147485417265499,0.015196785123877404
2019-12-02,2019,1955,0,0,57,17,-0.4345247362285559,-0.0010863118405713898,-0.02976711734336697,0.17179302486643838,0.00027357476892795766,0.01182372419550926
2019-12-03,2019,1955,0,0,55,9,-1.2295520421486308,-0.003073880105371577,-0.07340247412400605,0.17907826008343547,0.00032137074640074874,0.028885862305246018
2019-12-04,2019,1955,0,0,55,14,0.49973093719345885,0.001249327342983647,0.021100345343936608,0.16330896196286618,0.0002325519336450761,0.021663092320214936
2019-12-05,2019,1955,0,0,55,6,0.19204946849510507,0.0004801236712377627,-0.021441150858188623,0.1704069262863428,0.00033190122733378207,0.010554284666722142
2019-12-06,2019,1955,0,0,54,3,0.4996459104978571,0.0012491147762446427,0.06844809651601456,0.15540294870833835,0.00023424727697221362,0.003977448500461778
2019-12-09,2019,1955,0,0,54,8,1.1315349033340425,0.002828837258335106,0.07023029149093546,0.15511338844345718,0.00026750011506630327,0.01779601963309882
2019-12-10,2019,1956,0,0,54,6,0.17829084023771258,0.0004457271005942814,0.01984704371351381,0.1635182378306749,0.0002876342347067393,0.009825000485738018
2019-12-11,2019,1957,0,0,55,7,-0.1591183191124097,-0.00039779579778102423,-0.043367774599761995,0.17406966232133395,0.0004826200415782042,0.006941151858512975
2019-12-12,2019,1958,0,0,55,1,0.3496267272717906,0.0008740668181794766,0.03815774886844949,0.16046170404693008,0.0003467483643743162,0.029452399830921773
2019-12-13,2019,1958,0,0,54,6,0.7857359333982571,0.0019643398334956426,0.05982811253659575,0.15684591449811427,0.0004494858565632648,0.021889496084917054
2019-12-16,2019,1960,0,0,56,15,0.2625776955304895,0.0006564442388262237,-0.016974889607249813,0.16966217425341512,0.000363474799215508,0.0042821936073649805
2019-12-17,2019,1962,0,0,58,10,0.6994599062965172,0.001748649765741293,0.05224081520853841,0.15811560049483,0.00028508956682113786,0.011002511605174342
2019-12-18,2019,1964,0,0,59,6,0.15648681533356346,0.00039121703833390866,0.01774316436324021,0.16386756313290365,0.00032166308201571266,0.033226841647608425
2019-12-19,2019,1965,0,0,56,13,0.7665037835662383,0.0019162594589155956,0.06797807941089955,0.15549048833090456,0.0002959398618218692,0.008309393786588236
2019-12-20,2019,1965,0,0,56,5,-0.15984313004548087,-0.00039960782511370215,-0.011805327373032592,0.16879113542265678,0.00019949717440871534,0.004590937152776898
2019-12-23,2019,1965,0,0,56,12,0.23868389849855387,0.0005967097462463846,0.016993973293286214,0.1639949895737322,0.0003281206587520166,0.009578063394785936
2019-12-24,2019,1965,0,0,56,8,0.11265392386277706,0.0002816348096569426,-0.016150246868680756,0.16952683141306502,0.0002602710784240465,0.007414136158091006
2019-12-25,2019,1966,0,0,57,12,-0.3412601761660131,-0.0008531504404150328,-0.00030870408092848356,0.16688298060205714,0.0003487772882387395,0.008347864525929317
2019-12-26,2019,1966,0,0,58,9,-0.015762989996983334,-3.9407474992458334e-05,-0.02465993490333701,0.17094708668923145,0.0003444770384952299,0.04483857225095616
2019-12-27,2019,1966,0,0,57,18,0.16471392663907203,0.00041178481659768005,0.010078003156726167,0.16515462524289823,0.0006164533853109921,0.011331699509919729
2019-12-30,2020,1966,0,0,57,10,0.6724783319936365,0.0016811958299840911,0.10967827104417839,0.14853748224408697,0.0004918159043714397,0.00755212223612977
2020-01-06,2020,1966,0,0,56,10,-1.1781771736186752,-0.002945442934046688,-0.10878873677175567,0.1849859071430026,0.0005783968229984564,0.027937625454205906
2020-01-07,2020,1966,0,0,56,6,0.18338736894289154,0.00045846842235722885,0.03512696350514191,0.16097552730470008,0.00048547260183328707,0.02388633398961443
2020-01-08,2020,1966,0,0,55,11,0.5393312355712211,0.0013483280889280526,0.023004801286031717,0.16299119904250312,0.00042939394830316936,0.0870902036813704
2020-01-09,2020,1966,0,0,51,8,0.6522253805055516,0.001630563451263879,0.016972350546710636,0.16400159100673875,0.0005694493991691077,0.0490823395511602
2020-01-10,2020,1966,0,0,50,6,0.37230154757187706,0.0009307538689296926,0.004195244455271044,0.16612407924005532,0.0004220650605367559,0.01401934109355613
2020-01-14,2020,1966,0,0,48,3,0.5934110673788089,0.0014835276684470222,0.05619578090933189,0.15745569158665806,0.00030909123636080934,0.016409392652425053
2020-01-15,2020,1966,0,0,48,5,-0.5056242807418911,-0.0012640607018547278,-0.14340216422096602,0.19074517310632427,0.00023911575152758176,0.009526179639246474
2020-01-16,2020,1966,0,0,48,5,-0.09734670586393457,-0.0002433667646598364,7.99527058978315e-05,0.16681522113786348,0.0002750400057810091,0.03348031266050866
2020-01-17,2020,1966,0,0,48,12,-0.29332221644903145,-0.0007333055411225787,0.036437466261749,0.1607486972015316,0.00026924807915065205,0.005527902858789253
2020-01-20,2020,1966,0,0,49,2,0.05602572536209738,0.00014006431340524345,-0.0038258412903293786,0.16746782127417842,0.00025278295705063005,0.013483590631450635
2020-01-21,2020,1966,0,0,50,12,0.1726326505317708,0.00043158162632942696,0.013634250732303302,0.16456008593196328,0.00032825154126366637,0.04046251856460051
2020-01-22,2020,1966,0,0,50,6,-0.08651210975652024,-0.0002162802743913006,0.06462497999116187,0.15604841888403123,0.00035224837028082965,0.026247822273043172
2020-01-23,2020,1966,0,0,50,9,-1.2611291222357526,-0.0031528228055893812,0.023783665236094827,0.1628680813013454,0.0007950216485881635,0.03151639260916469
2020-01-24,2020,1966,0,0,47,7,0.7562808616619145,0.0018907021541547863,0.05787886907637487,0.15717660213661314,0.0003464704177233198,0.012598217112325392
2020-01-27,2020,1966,0,0,46,6,-2.3530121249387133,-0.005882530312346783,-0.1964105071554784,0.19959958976538839,0.0003830713978421108,0.018654922555283913
2020-01-28,2020,1966,0,0,45,4,1.3651455463646482,0.0034128638659116205,0.09563422113992862,0.15088064704822413,0.0007183963804808335,0.019793704090881725
2020-01-29,2020,1966,0,0,45,4,-0.42309991465809327,-0.001057749786645233,-0.00975145606578325,0.16846102971751375,0.0005757816427035875,0.021559145527166167
2020-01-30,2020,1966,0,0,44,8,1.4971181408829355,0.0037427953522073385,0.12288043489958621,0.14633377871273265,0.0005281234693796917,0.020818158984835085
2020-01-31,2020,1966,0,0,44,2,1.0969475365594479,0.00274236884139862,0.09461775148863419,0.15104825240768108,0.0005499031499414552,0.013546598073136795
2020-02-03,2020,1966,0,0,41,3,-0.3326548846708637,-0.0008316372116771592,-0.030175980468899775,0.17186517079416372,0.0005062355567045329,0.03413626414654293
2020-02-04,2020,1966,0,0,41,2,2.0970702217978916,0.005242675554494729,0.2175741504978285,0.13053608012790288,0.0006653062199508245,0.04034418651363675
2020-02-05,2020,1966,0,0,42,0,-0.3557472283548787,-0.0008893680708871968,-0.07783422327576449,0.17981944031052877,0.0004957352130282451,0.017476312808551674
2020-02-06,2020,1966,0,0,39,1,-0.9947148012142649,-0.0024867870030356623,-0.11381912957035809,0.18582225521319123,0.0005176978699789529,0.013634925775726971
2020-02-07,2020,1967,0,0,41,0,0.7235410442670055,0.0018088526106675136,0.06614284269121552,0.15579824694737787,0.0005534237927581931,0.015515437966195368
2020-02-10,2020,1967,0,0,39,1,0.32626807088964205,0.0008156701772241051,0.05761015463983442,0.1572208959413293,0.0005747179403215901,0.03110143857936903
2020-02-12,2020,1967,0,0,40,6,0.6322676227633321,0.0015806690569083303,-0.00015467702417291845,0.16685792652656667,0.0007068114456260793,0.03629323909763599
2020-02-13,2020,1967,0,0,40,5,0.04225709565696656,0.0001056427391424164,0.005973610896208554,0.16583860004352538,0.0008451122735492348,0.008794176238217476
2020-02-14,2020,1967,0,0,39,8,-0.18601241137803015,-0.00046503102844507537,0.0036581000485926443,0.16622520672110092,0.0006248431618059842,0.009309850132015953
2020-02-17,2020,1967,0,0,39,4,0.143735807490865,0.00035933951872716254,0.006377196574765495,0.16576668854469861,0.00046241363183351824,0.026986874596061777
2020-02-18,2020,1967,0,0,39,9,0.7843230112629165,0.001960807528157291,0.06545933900174479,0.1559067153587333,0.0002577886653404596,0.01467721427596098
2020-02-19,2020,1967,0,0,40,15,-0.7525764132372541,-0.0018814410330931352,-0.06157689795977448,0.17709748039073525,0.00027780330051319367,0.03160423331223006
2020-02-20,2020,1967,0,0,40,8,2.2320612224909526,0.005580153056227381,0.10389152029773048,0.14950333479155253,0.0017080637038259176,0.0083185409685473
2020-02-21,2020,1967,0,0,39,6,-1.5812375341616254,-0.003953093835404063,-0.12097630557199104,0.18701691506040877,0.0003727718079133379,0.0089654604309852
2020-02-25,2020,1967,0,0,39,26,-0.44696497283538417,-0.0011174124320884604,-0.03557298540359507,0.17277100356029937,0.0007332358085721899,0.06318191708887665
2020-02-26,2020,1967,0,0,39,4,-0.667438155631821,-0.0016685953890795524,0.0251308128253073,0.1626434783926203,0.002180228317393705,0.015538495150630348
2020-02-27,2020,1967,0,0,40,32,0.3349786832961108,0.000837446708240277,0.055366389631112095,0.15759896578699256,0.0037493457891099122,0.08211916822047909
2020-02-28,2020,1967,0,0,40,36,1.0331357852566256,0.002582839463141564,-0.05709785207114696,0.17636181792900382,0.0015074232453133427,0.1483834644374514
2020-03-02,2020,1968,0,0,41,13,-1.155541330686426,-0.002888853326716065,-0.08594816569012052,0.18116671720218622,0.0007433521458554898,0.1448530696147975
2020-03-03,2020,1968,0,0,41,39,0.9997711712631974,0.0024994279281579934,0.05409393274491082,0.1578042478795354,0.0005717779248331279,0.025181634201074634
2020-03-04,2020,1968,0,0,43,2,0.9893645534545774,0.0024734113836364434,0.16597433884636184,0.1391455527228824,0.0012097621452637998,0.013910774564694715
2020-03-05,2020,1968,0,0,43,2,3.0008164191116276,0.007502041047779069,0.2129791971545212,0.13130350021766327,0.0046762075216386445,0.023100893067274156
2020-03-06,2020,1968,0,0,43,43,0.3586990004454944,0.000896747501113736,0.05256963179691467,0.15806508557758078,0.003446895925138502,0.08199483797264678
2020-03-09,2020,1969,0,0,43,43,-2.6722006446487705,-0.006680501611621926,-0.17089348220682962,0.19534598564479386,0.0035145177432718833,0.156090487028363
2020-03-10,2020,1970,0,0,44,8,-1.2909683934385257,-0.003227420983596314,-0.03200014795465676,0.17217469597245919,0.005785140357968041,0.1603021791079011
2020-03-11,2020,1970,0,0,43,34,2.7736242358826058,0.006934060589706514,0.13610050792746303,0.1441294873801523,0.0020468084004810296,0.05161703569444378
2020-03-12,2020,1970,0,0,42,42,2.1551431239906593,0.0053878578099766485,0.08759335984704125,0.1522217279956848,0.0030614796399485353,0.08288056673992672
2020-03-13,2020,1971,0,0,42,42,1.4865504990553635,0.003716376247638409,0.07832209995842171,0.15376882391104837,0.015411165804154367,0.15786526044983212
2020-03-16,2020,1971,0,0,42,7,-2.861988386405451,-0.007154970966013628,-0.052482690754979695,0.1755915225928113,0.002475809120900584,0.10527935869219131
2020-03-17,2020,1971,0,0,40,2,2.6788950539462797,0.006697237634865699,0.09097605477015734,0.1516577323312539,0.004548554666822831,0.20981611917673035
2020-03-18,2020,1971,0,0,39,1,3.0856540068522795,0.007714135017130699,-0.05475139177310641,0.17597018534055983,0.004202135161723452,0.05752188374347199
2020-03-19,2020,1971,0,0,36,0,3.172707254699997,0.007931768136749992,-0.0005115879708426285,0.16692117403764045,0.005159623754165141,0.058187889457036124
2020-03-23,2020,1971,0,0,35,2,6.270833082130576,0.015677082705326438,0.2181152675499433,0.13044638229357244,0.00454069028868638,0.11892641363367518
2020-03-24,2020,1971,0,0,35,3,-0.09819786924114293,-0.0002454946731028573,-0.033681544177691036,0.17245449030002782,0.0020732936901211863,0.15391864749704473
2020-03-25,2020,1971,0,0,35,4,2.159827816656991,0.005399569541642477,0.12266085837858219,0.14637153428780814,0.0026478298826945854,0.2803786081845073
2020-03-26,2020,1972,0,0,36,8,0.8027292977552243,0.0020068232443880606,0.036559907389276024,0.1607360522824982,0.0015175210748083112,0.027018294469366877
2020-03-27,2020,1972,0,0,35,10,-0.8236128818784039,-0.00205903220469601,-0.13472151385766137,0.18931147366006237,0.0028754608400080504,0.13119043585316453
2020-03-30,2020,1973,0,0,35,2,1.3981567976410076,0.003495391994102519,0.02832023560871259,0.16211073637957912,0.0013839181873005323,0.07358530664239649
2020-03-31,2020,1974,0,0,38,4,2.370858049513804,0.0059271451237845095,0.12415984633015065,0.14612091656845985,0.0009594427764174539,0.045722817387916635
2020-04-01,2020,1974,0,0,39,24,2.510089326327265,0.006275223315818162,0.05532753113551746,0.15760387377581977,0.0008516069853566359,0.08818209622962489
2020-04-02,2020,1974,0,0,39,22,-1.367971514997711,-0.0034199287874942773,-0.03359657927828862,0.1724406090235949,0.004458301255552148,0.05842366311819795
2020-04-03,2020,1974,0,0,39,19,-2.7638356313378725,-0.006909589078344681,-0.05653059293158672,0.17626654952550835,0.00316850208129196,0.08081627500512807
2020-04-06,2020,1974,0,0,39,7,-0.2794777895606657,-0.0006986944739016643,0.02673988842501564,0.16237268922131948,0.001557846823194697,0.0840974409639463
2020-04-07,2020,1974,0,0,38,16,1.9776095030144654,0.004944023757536164,0.14348866805843577,0.1428950450092023,0.0013019595959563967,0.06864446904183791
2020-04-08,2020,1974,0,0,39,10,0.3184202424155895,0.0007960506060389739,0.07710764279616204,0.15396981869757548,0.0009206181573755707,0.1423836491862413
2020-04-09,2020,1974,0,0,40,9,-1.9514272804094206,-0.004878568201023552,-0.07827986578704815,0.17989426377429873,0.001258594628694335,0.36473579827200997
2020-04-10,2020,1974,0,0,42,7,0.35548724258077025,0.0008887181064519257,0.132702614993706,0.14469523062494208,0.0008040836526792883,0.21088160903560835
2020-04-13,2020,1974,0,0,42,4,-2.6863284050115266,-0.006715821012528817,-0.13613752120654982,0.18954691712549607,0.0014523134835174082,0.055980336522393946
2020-04-14,2020,1974,0,0,42,12,-2.178605279318559,-0.005446513198296398,-0.06667927969984594,0.1779584612928125,0.001063586236566911,0.07231067403368478
2020-04-15,2020,1974,0,0,43,8,-0.21473551433070548,-0.0005368387858267637,-0.032053663671068156,0.1721806354063958,0.0007271801664365547,0.057660933586193654
2020-04-16,2020,1974,0,0,43,17,-1.4886047597796133,-0.0037215118994490333,-0.002967809836178096,0.16732893682398145,0.0008786393695970273,0.028125530991366086
2020-04-17,2020,1974,0,0,44,15,-3.0258191057902013,-0.007564547764475503,-0.2510530487093931,0.2087178155385922,0.0013005165221508176,0.024271251312057266
2020-04-20,2020,1974,0,0,45,8,-4.588860024891298,-0.011472150062228246,-0.28125031157831765,0.21375699390807948,0.0009703173186881527,0.021355618982642918
2020-04-21,2020,1974,0,0,45,10,3.560618007640814,0.008901545019102034,0.17171764903054454,0.13818641516122854,0.0016591293164181322,0.4782188166884792
2020-04-22,2020,1974,0,0,47,12,-1.312352786074216,-0.00328088196518554,-0.07593659251040329,0.1795008693425602,0.0006161679696349578,0.05233871190418899
2020-04-23,2020,1974,0,0,47,9,0.333122048997057,0.0008328051224926425,0.04653050556602527,0.15907209583225054,0.0011863454118022142,0.030293086751032174
2020-04-24,2020,1974,0,0,47,17,0.5197513180310138,0.0012993782950775346,0.05792762201990066,0.15716673419924296,0.0007976268440136139,0.01645449807824674
2020-04-27,2020,1974,0,0,47,11,3.570383031589591,0.008925957578973978,0.1339046376202031,0.1444950324154375,0.0010531344804048685,0.04767964611960767
2020-04-28,2020,1974,0,0,48,7,-1.6986203219270934,-0.004246550804817733,-0.12250151625870935,0.18727238431891507,0.0012222891923185837,0.1201666124359872
2020-04-30,2020,1974,0,0,47,12,-1.3383354960066938,-0.0033458387400167344,-0.06055035726480629,0.17693532305260035,0.0009853525824175381,0.04724744286031611
2020-05-01,2020,1974,0,0,46,1,3.9462667378399985,0.009865666844599996,0.2098442047055153,0.13182561517556915,0.0010466576689381368,0.014608211230176091
2020-05-07,2020,1974,0,0,47,3,3.119890874903395,0.007799727187258488,0.2630125653933464,0.12295540569480021,0.0015474748486282888,0.017168568148935096
2020-05-08,2020,1974,0,0,48,4,-2.1336085410053975,-0.005334021352513494,-0.1472368176336775,0.19139491276059115,0.000835998952326181,0.032744794875835564
2020-05-11,2020,1974,0,0,48,5,-0.7826015702233775,-0.0019565039255584438,-0.10486082641999349,0.1843252744245516,0.0011273348682821894,0.035194013279099115
2020-05-12,2020,1974,0,0,46,4,-1.1064907282517589,-0.002766226820629397,-0.06353396002480931,0.17743479736374942,0.0017408694350567091,0.039765680161959305
2020-05-13,2020,1974,0,0,46,2,-0.8236213727889174,-0.002059053431972294,-0.01816820932097437,0.16986541507400674,0.0008698296628732332,0.03829889993567927
2020-05-14,2020,1974,0,0,46,0,-0.4524582080726134,-0.0011311455201815335,-0.011299989897779314,0.16871823794042032,0.0011265639618175608,0.04688835410375584
2020-05-15,2020,1974,0,0,47,1,2.480893133076086,0.006202232832690216,0.21749441097902444,0.1305484608960085,0.0007144033673306197,0.03025488587576976
2020-05-18,2020,1974,0,0,46,2,-0.456021791081644,-0.00114005447770411,-0.05383921649052982,0.17581415412760013,0.0006483827642410276,0.03967969006785178
2020-05-19,2020,1974,0,0,46,6,0.7395928286934067,0.0018489820717335168,0.05538890500187297,0.15758598659713108,0.00044977485012163,0.025294279684747234
2020-05-20,2020,1974,0,0,46,8,0.03741745153365339,9.354362883413347e-05,-0.051284929497238,0.175388909340383,0.0005821042203137145,0.026469714635296085
2020-05-21,2020,1974,0,0,47,6,-0.5634487742458876,-0.001408621935614719,-0.01534680378162859,0.16939518377113874,0.0008939181359596364,0.01599541279838909
2020-05-22,2020,1974,0,0,49,2,3.64221584984925,0.009105539624623125,0.2257566332898583,0.12917069571789508,0.0008730597330824165,0.021722160880365087
2020-05-25,2020,1974,0,0,49,16,1.3645372012092307,0.003411343003023077,0.05398183150648052,0.1578262929653342,0.0007023798724169766,0.022204915666090546
2020-05-26,2020,1974,0,0,49,13,2.097766958242046,0.005244417395605116,0.038853738213707294,0.16035234059027414,0.0005497460130677683,0.019923625757290828
2020-05-27,2020,1974,0,0,49,24,3.414551455068357,0.008536378637670892,0.14957954401187512,0.14187911899156294,0.0009164549481723187,0.01972804460743771
2020-05-28,2020,1974,0,0,49,28,1.7493873014915353,0.0043734682537288384,0.08140122457701499,0.15325185485974288,0.0006812975056722998,0.0239271497442035
2020-05-29,2020,1974,0,0,48,23,0.5191553762812982,0.0012978884407032455,-0.0452508842439293,0.1743838121651145,0.0007474126631719683,0.045617301353572934
2020-06-01,2020,1974,0,0,48,7,2.376482455359101,0.0059412061383977526,0.19729921445383225,0.13391621499671394,0.0004036267406551036,0.020719111950526406
2020-06-02,2020,1974,0,0,48,11,0.11516984578214196,0.00028792461445535487,-0.003702645272864977,0.1674434088073435,0.0005083630569219606,0.10605200081954304
2020-06-03,2020,1974,0,0,48,15,-1.5269016576887626,-0.0038172541442219065,-0.10629604870761714,0.18456671720858672,0.0005524832119563421,0.03585394998656523
2020-06-04,2020,1974,0,0,48,18,-0.30438186567669945,-0.0007609546641917486,-0.04936880247239375,0.175071046642141,0.0008413431626974232,0.0205913827960472
2020-06-05,2020,1974,0,0,46,15,1.7793313116959335,0.004448328279239834,0.16324789103296236,0.13959637197744515,0.00046359020937537354,0.026810335408243763
2020-06-08,2020,1974,0,0,45,14,-0.5122616496145083,-0.0012806541240362706,-0.011513920689683946,0.16875071249498713,0.0006173548914532407,0.029567151514504668
2020-06-09,2020,1974,0,0,45,35,4.295605750344732,0.010739014375861831,0.2971231674241756,0.11726458150106694,0.0013080116809995996,0.022607781971912138
2020-06-10,2020,1974,0,0,45,26,0.28616986742061234,0.0007154246685515309,0.05412243898530422,0.1578056167040104,0.0007950844416936713,0.01724384089964032
2020-06-11,2020,1974,0,0,44,1,-0.5590382874959134,-0.0013975957187397836,-0.003085684129498039,0.1673501707847096,0.0013417764262884594,0.0635233678715783
2020-06-12,2020,1974,0,0,44,0,0.11841076539863593,0.0002960269134965898,0.018687282026289345,0.16371787521522638,0.0025838723012822206,0.03996664798572888
2020-06-15,2020,1974,0,0,44,0,-1.2704520332238571,-0.003176130083059643,-0.06888398340359601,0.178325407394769,0.0007271447610316662,0.04161980628830531
2020-06-16,2020,1974,0,0,44,4,-0.9734058799212422,-0.0024335146998031056,-0.09243050632076402,0.18224708369169215,0.0007134530075803436,0.15640885229908674
2020-06-17,2020,1974,0,0,45,18,1.3721209914012638,0.0034303024785031595,0.049383822342469415,0.15859352942516003,0.0005183404584981391,0.07144080653910133
2020-06-18,2020,1974,0,0,45,17,-0.643184432822087,-0.0016079610820552176,-0.07287427404662615,0.1789851529716162,0.00044936661200702793,0.029401084877390078
2020-06-19,2020,1974,0,0,46,5,0.27890599914659864,0.0006972649978664966,0.023761219910618806,0.16286341251241443,0.0003117944377344005,0.03268217997968133
2020-06-22,2020,1974,0,0,46,18,-0.40986753197643644,-0.0010246688299410912,-0.033181387108166316,0.17236864374232666,0.0005162431252991523,0.026467414901070477
2020-06-23,2020,1974,0,0,45,14,0.32875146417088663,0.0008218786604272166,0.05361870670362038,0.1578881984450972,0.0005775855130657606,0.01996259179374353
2020-06-24,2020,1974,0,0,46,16,-1.8875394867218553,-0.0047188487168046385,-0.11836069975780221,0.18658025814595863,0.0006591920524603402,0.03716862671970619
2020-06-25,2020,1974,0,0,45,8,-0.08378477557839004,-0.0002094619389459751,-0.024384179516635112,0.1709028109245409,0.0008360911710142117,0.024871182081422884
2020-06-26,2020,1974,0,0,44,15,1.604038478949139,0.0040100961973728476,0.1655951410775898,0.13920477642071896,0.0004900510330587594,0.07046558833873788
2020-06-29,2020,1974,0,0,43,18,0.8934557985890486,0.002233639496472621,0.0674462364647196,0.1555826168579953,0.0006002679577221245,0.0426536074563527
2020-06-30,2020,1975,0,0,44,22,1.5343078028277222,0.0038357695070693055,0.05233289439791147,0.158102094507008,0.000725782606897728,0.04023979595062663
2020-07-01,2020,1975,0,0,44,24,-0.03140979344382444,-7.85244836095611e-05,0.01613902158352539,0.16414029758385046,0.0007911691246314345,0.04860796036811348
2020-07-02,2020,1975,0,0,44,13,0.3496399504634682,0.0008740998761586705,-0.03682505708396952,0.17297853239432853,0.0012713555505566056,0.07940110469152008
2020-07-03,2020,1975,0,0,44,4,-2.0382959584832445,-0.005095739896208111,-0.12932878350893265,0.18840778367530675,0.0005582290564428407,0.028414483229710786
2020-07-06,2020,1975,0,0,44,2,-0.663658520831995,-0.0016591463020799873,0.025369607614200276,0.16260091155134612,0.0005921944436774802,0.02701330259796753
2020-07-07,2020,1975,0,0,45,10,0.11973549910773551,0.00029933874776933876,0.05757809900890374,0.15722531482886334,0.0005599084656440483,0.04493851874879715
2020-07-08,2020,1975,0,0,46,3,-0.9501033930217031,-0.0023752584825542577,-0.006116874103306469,0.16785528096514227,0.0009692143352761917,0.05254574912957503
2020-07-09,2020,1975,0,0,44,2,-0.09075295930307181,-0.00022688239825767952,-0.006490729254362715,0.16791823393884908,0.0013573941677579818,0.03038523685108502
2020-07-10,2020,1976,0,0,45,5,0.07561250624518123,0.0001890312656129531,-0.034852911937663225,0.17264326794146326,0.00047901115471873587,0.08475011345552497
2020-07-13,2020,1976,0,0,45,1,0.46030814269174636,0.0011507703567293658,0.0906267783640225,0.1517142945923101,0.0006969328551045436,0.0292956273165303
2020-07-14,2020,1976,0,0,45,3,0.4329816227129404,0.001082454056782351,-0.0009723631850609916,0.16699455118204223,0.000690174126986653,0.04765057630922931
2020-07-15,2020,1978,0,0,47,20,-0.642592136860404,-0.00160648034215101,-0.08439922415449091,0.18091338139602356,0.0004758340326498077,0.01564640837724717
2020-07-16,2020,1978,0,0,48,5,-1.1918821783187354,-0.0029797054457968387,-0.08735864620178257,0.1814052127107002,0.00047392156238964677,0.029521605143151414
2020-07-17,2020,1978,0,0,47,3,-0.17247989827948107,-0.00043119974569870266,0.039363963741073725,0.16026410503130795,0.0005263556880799398,0.014776497225881865
2020-07-20,2020,1978,0,0,47,13,0.13782617073244596,0.0003445654268311149,0.03413082156705472,0.16113843959088262,0.0004721909072307584,0.014668044985767102
2020-07-21,2020,1978,0,0,47,9,-0.8401554328023153,-0.002100388582005788,-0.06986528933812945,0.17848794486240116,0.0005521041240150441,0.04217326659115833
2020-07-22,2020,1978,0,0,47,7,-0.6083593227748088,-0.001520898306937022,-0.08104224198721283,0.18035143747408566,0.0005153206734515446,0.021813553048795873
2020-07-27,2020,1978,0,0,48,6,-1.6259656892567635,-0.004064914223141909,-0.08867414936390927,0.18162824250078918,0.0008362340989730899,0.01807570263757959
2020-07-28,2020,1978,0,0,49,5,2.5187356924163047,0.006296839231040761,0.13542738786819442,0.14423876103638547,0.0006921570101704125,0.022371266442263237
2020-07-29,2020,1978,0,0,50,5,1.236874585173255,0.0030921864629331374,0.0947267695179005,0.15103141083014762,0.001705314388796314,0.25998105334052357
2020-07-30,2020,1978,0,0,49,4,-0.9049338541802943,-0.002262334635450736,-0.06580263654446575,0.1778129289518423,0.0018411624742112184,0.07753356367613916
2020-07-31,2020,1980,0,0,51,10,-3.5787903483783694,-0.008946975870945924,-0.24360129535968816,0.20747486452855818,0.0024617878044243128,0.048031419080759
2020-08-03,2020,1981,0,0,52,3,0.589667869493177,0.0014741696737329425,0.023193185886475873,0.16296021075587944,0.0006097656692376908,0.03751889119645386
2020-08-04,2020,1981,0,0,52,2,-0.14436766404595325,-0.0003609191601148831,0.0028928802704210345,0.1663495733187349,0.0007414577934843294,0.09020159098314064
2020-08-05,2020,1981,0,0,52,6,1.538730199079535,0.0038468254976988373,0.07290521310497695,0.154668157438529,0.0009034113885412256,0.041975051085247635
2020-08-06,2020,1981,0,0,52,11,2.4647387119379545,0.006161846779844886,0.08786765801825606,0.1521753190742108,0.001896928419475802,0.020304529871081695
2020-08-07,2020,1981,0,0,54,6,3.0050830245126403,0.007512707561281601,0.20515191086154458,0.13260735983270514,0.0007942280176850349,0.019059570839444106
2020-08-11,2020,1981,0,0,55,0,0.49555839158431847,0.0012388959789607962,0.05232516215052126,0.15810170261757692,0.0006902891775930281,0.030562618404683384
2020-08-12,2020,1981,0,0,55,0,1.264173519000305,0.0031604337975007623,0.09331561071373698,0.15126438269467501,0.0005337827934099535,0.023744673416018058
2020-08-13,2020,1981,0,0,54,3,-0.5287266037171726,-0.0013218165092929316,-0.026116798405695432,0.17118874686266805,0.000650865362023256,0.06575028195367091
2020-08-14,2020,1981,0,0,54,0,-1.500135448164087,-0.0037503386204102173,-0.16239738726384562,0.1939237296197356,0.000565779435432679,0.04847887894595842
2020-08-17,2020,1981,0,0,54,0,-0.7208007656821158,-0.0018020019142052895,-0.011429441596923672,0.16873541160924715,0.0004725589359373803,0.01949814008179291
2020-08-18,2020,1981,0,0,54,5,-0.00722737250099259,-1.8068431252481476e-05,-0.029413645756763904,0.17173794032544967,0.0004818333009120555,0.06416008493143902
2020-08-19,2020,1981,0,0,54,4,1.1650582243637249,0.0029126455609093122,0.02032045689442757,0.16343554844639008,0.000375875652201299,0.030761315617469146
2020-08-20,2020,1982,0,1,55,9,-1.1562822664150862,-0.002890705666037716,-0.04039801017228321,0.17356971836466428,0.0004900639339686123,0.06997488506777183
2020-08-21,2020,1982,0,0,57,3,-2.7598608243452136,-0.006899652060863034,-0.12675161842677724,0.18797940361839022,0.000550464430857958,0.0390093221727783
2020-08-24,2020,1982,0,0,56,9,1.553893498334599,0.0038847337458364976,0.07579872011808302,0.1541775906226315,0.00044639438422712865,0.08309098148930802
2020-08-25,2020,1982,0,0,56,3,0.3904207607668295,0.0009760519019170738,0.0037203227796602455,0.16621117781360634,0.00043692203728673,0.02220957759779567
2020-08-26,2020,1982,0,0,57,8,0.32450918891586156,0.0008112729722896539,0.133973245584812,0.14448220634440806,0.0008083013703180326,0.01508955943812428
2020-08-27,2020,1982,0,0,58,13,-2.3222400519005237,-0.00580560012975131,-0.1325713448104448,0.18895009054892503,0.0007193554754328488,0.0524575329799736
2020-08-28,2020,1982,0,0,58,2,0.28475296817482776,0.0007118824204370694,0.002147457933531165,0.16647118042215125,0.0005279878221027836,0.02526954489546752
2020-08-31,2020,1982,0,0,58,7,-0.7495430578111326,-0.0018738576445278315,-0.052063115323756966,0.17551572744738067,0.0003763766441382768,0.0085111169785128
2020-09-01,2020,1982,0,0,58,12,0.19124298040193066,0.00047810745100482666,0.006159204226515551,0.16580104439202767,0.0003520339880345121,0.01067913571971021
2020-09-02,2020,1982,0,0,58,17,0.04479204575940576,0.0001119801143985144,0.06897220707426084,0.1553218280170631,0.0004999109833234576,0.02358687291290347
2020-09-03,2020,1982,0,0,58,10,-1.9504827261168562,-0.00487620681529214,-0.04132385705570747,0.17372640100257952,0.0005810537606984993,0.019666525646918665
2020-09-04,2020,1982,0,0,58,4,1.482779856276757,0.003706949640691892,0.053294415107153784,0.15794050561222683,0.0006771271623076381,0.02088874071176711
2020-09-07,2020,1982,0,0,56,7,-0.9175542755709155,-0.0022938856889272888,-0.07306993174895123,0.17901920397768442,0.00034862294490203415,0.01913415607443131
2020-09-08,2020,1982,0,0,56,12,-1.4806387130310377,-0.003701596782577594,-0.15690958986272643,0.1930063392369068,0.00039529847382865696,0.01207056396585427
2020-09-09,2020,1982,0,0,56,5,0.3003908637877315,0.0007509771594693287,0.03212538582609583,0.1614695717366702,0.0005063760499119947,0.009141707319004386
2020-09-10,2020,1982,0,0,58,7,0.889820210826304,0.00222455052706576,0.05218097472746165,0.15812371893201616,0.0005543459488824341,0.016758006440604635
2020-09-11,2020,1982,0,0,58,11,-1.7447769419864718,-0.0043619423549661794,-0.14882575597994346,0.19165796003818733,0.0004838777788435721,0.02858991177380663
2020-09-14,2020,1982,0,0,57,10,-2.533445712385764,-0.00633361428096441,-0.16246230913801032,0.19393573495477756,0.0006001725797474795,0.03499582516507321
2020-09-15,2020,1982,0,0,58,6,-0.5624634088920993,-0.0014061585222302484,-0.032298983238535806,0.172211789659442,0.0003827768011664557,0.03316133021850874
2020-09-16,2020,1982,0,0,57,10,0.015095878932764872,3.7739697331912184e-05,0.08102019151481796,0.1533137745555666,0.00040366936659311806,0.01658776583906401
2020-09-17,2020,1983,0,0,58,6,-1.171670541127531,-0.0029291763528188275,-0.05644634640274379,0.17624748150818498,0.0006579714274610446,0.0068777133897071786
2020-09-18,2020,1983,0,0,58,7,1.2269711950207838,0.0030674279875519597,0.12410359385847307,0.14612801376878848,0.0007806915751212153,0.02160436398770995
2020-09-23,2020,1983,0,0,58,9,0.5330239899010416,0.001332559974752604,0.009761256510468387,0.1652036759322678,0.00045333942867116224,0.008071674760090946
2020-09-24,2020,1984,0,0,58,2,1.1156826861742553,0.002789206715435638,-0.014423141770053821,0.16924068417808755,0.0009770945870906085,0.04161687096042811
2020-09-25,2020,1986,0,0,60,6,-1.2115005051334984,-0.0030287512628337458,-0.1319698750236608,0.18884899292861065,0.0006333519556263746,0.040851797782320384
2020-09-28,2020,1986,0,0,60,12,-2.3013593727266284,-0.005753398431816571,-0.1596582724165581,0.1934708055462529,0.0015633355507831226,0.049668429348361874
2020-09-29,2020,1986,0,0,59,11,0.0,0.0,,0.08341729638958859,2.48640377334544e-05,0.049376224157543704
2020-09-30,2020,1986,0,0,59,8,0.1435438856743223,0.00035885971418580576,0.07211370799340026,0.15480294092989064,0.0009014355641246497,0.13646992579729963
2020-10-02,2020,1989,0,1,62,3,1.5838346158839958,0.0039595865397099896,0.18779152610985653,0.1354990321385219,0.00035258707244412613,0.03777539901846988
2020-10-05,2020,1990,0,0,61,1,-1.0361069745844134,-0.0025902674364610334,-0.039015439324324296,0.173340339066383,0.0004114505627596913,0.02467585308871458
2020-10-06,2020,1990,0,0,62,5,-1.0597278831321284,-0.002649319707830321,-0.07689355861632609,0.17965496318567234,0.0004032867920641091,0.00969661400434094
2020-10-07,2020,1990,0,0,61,7,1.8040741778136895,0.0045101854445342236,0.06783946941764742,0.15551214048397866,0.00044435989102760377,0.007707459880472658
2020-10-08,2020,1990,0,0,60,7,0.7389216903179334,0.0018473042257948335,0.07654451128703135,0.15405861533730494,0.0004334228570513104,0.04960608171739544
2020-10-09,2020,1990,0,0,57,9,0.4171330051179353,0.001042832512794838,0.023521289401650915,0.16290150930913078,0.00034000006911024457,0.015341248492721954
2020-10-12,2020,1990,0,0,57,13,2.8253650305235594,0.007063412576308898,0.17245919956437283,0.13805951358787405,0.00048309682732964904,0.009159262829117595
2020-10-13,2020,1990,0,0,59,14,0.3285802265604374,0.0008214505664010935,-0.016845506982392545,0.16963934930480018,0.0005055258490872922,0.009359499561501328
2020-10-14,2020,1990,0,0,59,7,-2.157975984717532,-0.00539493996179383,-0.08155087103177347,0.18043749383366017,0.0007778842976452928,0.014186664414961605
2020-10-15,2020,1989,0,0,57,14,-0.007437976036157146,-1.8594940090392866e-05,-0.0449256072082348,0.17432772057444282,0.000830021888368437,0.039869093785889334
2020-10-16,2020,1989,0,0,57,9,-1.1148567787628068,-0.0027871419469070167,-0.03846926426173799,0.17325086720378313,0.0005008969577149409,0.05508098457427057
2020-10-19,2020,1989,0,0,58,4,-0.1915958128875861,-0.0004789895322189652,0.020401870406724882,0.16342688658126436,0.000506541636429973,0.03107804017798342
2020-10-20,2020,1989,0,0,57,4,-2.403841046828548,-0.00600960261707137,-0.07006542999582212,0.17852132377577304,0.0005861539669384808,0.03269641047849856
2020-10-21,2020,1989,0,0,58,5,0.22284523466909995,0.0005571130866727498,0.01930581000941775,0.16360793894106862,0.00045557392869149374,0.009143472859615448
2020-10-22,2020,1989,0,0,58,10,1.1360372608452547,0.002840093152113137,0.06333724459296111,0.1562589959508338,0.0005462158292258437,0.013079832393010285
2020-10-23,2020,1989,0,0,58,5,-2.7783952784976824,-0.006945988196244206,-0.2033997585690101,0.2007618661353727,0.00043317800393704334,0.01655243777992147
2020-10-26,2020,1989,0,0,57,8,-3.480926590901167,-0.008702316477252918,-0.20444348212728713,0.20093902265202643,0.0005837056848640487,0.03193782547201091
2020-10-27,2020,1989,0,0,57,1,1.1462856557537293,0.002865714139384323,0.14006330828187946,0.1434603201806463,0.0004419415379497095,0.012970108623327075
2020-10-28,2020,1990,0,0,54,1,0.7728156432220779,0.0019320391080551945,0.06335350079366289,0.15626439015063887,0.0009547880402321963,0.016246613292660216
2020-10-29,2020,1991,0,0,53,6,3.0171781307486887,0.007542945326871722,0.23081687665583317,0.1283252850498641,0.0008196061414670278,0.02794633861815332
2020-10-30,2020,1991,0,0,53,9,-2.2561793720907746,-0.005640448430226937,-0.1866129852920849,0.1979632853535209,0.0010231198280910665,0.06377125146065458
2020-11-02,2020,1991,0,0,53,1,-0.8109052528362306,-0.0020272631320905764,-0.03798746312633806,0.17317014111797324,0.000979222304756919,0.09291300213259587
2020-11-04,2020,1991,0,0,53,0,0.6371655295433916,0.0015929138238584789,0.03152734313603748,0.16156947146226602,0.000654197878122789,0.016685348143676667
2020-11-05,2020,1991,0,0,53,0,-1.889934992903889,-0.004724837482259723,-0.18623430393349272,0.19790112670979915,0.0009616588192328621,0.019241372713212915
2020-11-06,2020,1991,0,0,53,3,5.590665373934637,0.01397666343483659,0.19831070555560457,0.13374873770684273,0.0021364381194071795,0.023626586275076387
2020-11-09,2020,1991,0,0,53,10,-1.082110857419533,-0.002705277143548833,-0.061837047096148304,0.17714839470224783,0.0008172551526483005,0.047737584363407644
2020-11-10,2020,1991,0,0,53,4,0.6397492493172336,0.0015993731232930841,-0.031166904491988445,0.17203044403586243,0.0007271424002163042,0.0327926296779777
2020-11-11,2020,1991,0,0,53,5,-1.1120449559079528,-0.002780112389769882,-0.08904719972867033,0.18168942648930111,0.0011959866474909827,0.05718127279722782
2020-11-12,2020,1991,0,0,53,0,-2.678447648607243,-0.006696119121518107,-0.2117806259097221,0.20216499226951068,0.001060075230512291,0.032541758333749546
2020-11-13,2020,1991,0,0,53,0,-0.9757547994598733,-0.0024393869986496833,-0.09936245117683581,0.18340858006885888,0.0007368439491904822,0.05280186942696415
2020-11-16,2020,1991,0,0,53,5,1.049025371191975,0.0026225634279799376,-0.023959667359331294,0.1708288765950147,0.0004962687840711928,0.06662374986874192
2020-11-17,2020,1991,0,0,52,18,0.6152563434928743,0.0015381408587321857,0.027359161540835435,0.16225975064350778,0.0004526954214387557,0.219805059055662
2020-11-18,2020,1991,0,0,52,6,0.6776050078077633,0.0016940125195194083,0.07191728309259886,0.1548320898501477,0.0003588998151550601,0.19734054863461117
2020-11-19,2020,1991,0,0,51,2,-3.157697969068078,-0.007894244922670195,-0.15308352149263452,0.19237134971821063,0.0007121942666709767,0.18203272779681537
2020-11-20,2020,1991,0,0,51,8,-1.4711825525657782,-0.0036779563814144456,-0.05971399544026685,0.17679328169408992,0.0005014567031080461,0.04701728929773318
2020-11-24,2020,1991,0,0,51,4,1.0740612711975905,0.0026851531779939763,0.03647743228869937,0.16074327015951975,0.00045711231021137484,0.11887305620806557
2020-11-25,2020,1991,0,0,51,7,-1.8034738727121176,-0.004508684681780294,-0.09555590242373754,0.1827725146355996,0.0005149372588403326,0.06294583856080943
2020-11-26,2020,1991,0,0,50,12,-0.38431931773775396,-0.0009607982943443849,-0.009305854723741978,0.16838606619106958,0.0011262291663827555,0.047970409785075045
2020-11-27,2020,1991,0,0,50,15,-0.06900420194553591,-0.0001725105048638398,-0.007423206451570508,0.16807031232729297,0.0005404971322065004,0.053399082677741454
2020-11-30,2020,1991,0,0,50,2,1.0903659687015532,0.002725914921753883,0.06723993867917354,0.15561314677697072,0.0004287638650529101,0.04971217541921116
2020-12-01,2020,1991,0,0,51,10,0.209643424299981,0.0005241085607499526,0.007468743088088823,0.165583337183686,0.0005237512957063654,0.03568217805441614
2020-12-02,2020,1991,0,0,52,12,-0.0394744484141461,-9.868612103536525e-05,-0.036300957004142764,0.17288500640447987,0.0004892521562209291,0.03272036620139376
2020-12-03,2020,1991,0,0,52,5,-0.4818765762984798,-0.0012046914407461994,-0.057693244329969695,0.1764560077303498,0.0007047319272795132,0.02851436372416566
2020-12-04,2020,1991,0,0,51,4,2.158896797718149,0.005397241994295372,0.15180658717832662,0.14150153297728468,0.00040495687039196726,0.040862405065816766
2020-12-07,2020,1991,0,0,51,3,-1.8902315890407464,-0.004725578972601866,-0.1859431876932954,0.19785076358930456,0.0005283614206367258,0.04425003181995221
2020-12-08,2020,1991,0,0,51,10,-0.14298902291402993,-0.0003574725572850748,0.007153112798674311,0.16563652956827984,0.000370625067820094,0.035181452207695404
2020-12-09,2020,1991,0,0,52,2,-0.22533311829225122,-0.000563332795730628,-0.03987308856999847,0.173480076267042,0.0005286194396876463,0.03752042339882797
2020-12-10,2020,1991,0,0,49,10,0.1375568386763757,0.0003438920966909392,0.011305389902659018,0.16494363330981945,0.0005322345880229202,0.037497485142560155
2020-12-11,2020,1991,0,0,49,13,-0.10062520525013743,-0.0002515630131253436,-0.030288664825985884,0.17187859267869526,0.0004504146096164381,0.024368682561106445
2020-12-14,2020,1991,0,0,50,4,-0.20421861015587026,-0.0005105465253896756,0.01165525182579608,0.1648827932559983,0.0005210936414122336,0.061296605809458615
2020-12-15,2020,1990,0,0,49,11,1.1602699824445013,0.0029006749561112533,0.06389150521586243,0.15617156173303962,0.00048826988457559197,0.02211565525508548
2020-12-16,2020,1993,0,0,50,11,-0.29706122510281086,-0.0007426530627570271,-0.02697488106749654,0.17133107084210716,0.0003814389187509863,0.0463557877062518
2020-12-17,2020,1994,0,0,51,10,-0.5410238701679477,-0.0013525596754198693,-0.026009392437382976,0.17116529360536584,0.00036109042736854203,0.03830785677919848
2020-12-18,2020,1995,0,0,52,10,-1.0059268993281352,-0.0025148172483203377,-0.05891838839729744,0.17666319017484378,0.0009756596574262073,0.06904045093097967
2020-12-21,2020,1996,0,0,53,12,-0.08371616303822366,-0.00020929040759555913,-0.014483487138330628,0.1692467346235111,0.00038925255792872463,0.05035030709577331
2020-12-22,2020,1998,0,0,52,10,-1.1402647131051005,-0.0028506617827627513,-0.04786510535113352,0.17481109438762996,0.0004564384046041206,0.07243406669695242
2020-12-23,2020,1999,0,0,54,13,-0.7133751686814439,-0.0017834379217036098,-0.051570138081837386,0.17542988989016056,0.00038162935916144405,0.042707926498398066
2020-12-24,2020,1999,0,0,54,5,-1.5606905625082592,-0.003901726406270648,-0.14728750952569983,0.19140151232348482,0.00042585183897978103,0.029667397468513875
2020-12-25,2020,1999,0,0,54,9,1.3957915975017947,0.003489478993754487,0.15269597782501912,0.1413581220971778,0.0005195859520802652,0.014088992902681254
2020-12-28,2020,1999,0,0,51,4,0.11700522668038216,0.0002925130667009554,-0.02076229627829102,0.1702939893455321,0.0003431835015766344,0.01661713488333269
2020-12-29,2020,1999,0,0,51,10,-0.014416324981050721,-3.60408124526268e-05,0.022448190298758105,0.16308725504464514,0.000674411173171826,0.033015170175279114
2020-12-30,2021,1999,0,0,50,13,0.11569425873604906,0.00028923564684012263,0.052022800711761644,0.15814760354272353,0.00036615986182967605,0.022202958907466118
2021-01-04,2021,1999,0,0,50,4,0.10415358026668575,0.0002603839506667144,0.10515270836979136,0.14928743258123167,0.0004245766397678858,0.017333206496445062
2021-01-05,2021,1999,0,0,50,5,1.120532390852331,0.0028013309771308275,0.07568180169851922,0.15420433275031242,0.0005188972156437462,0.007127872130318642
2021-01-06,2021,1999,0,0,49,3,-1.5100271077568364,-0.003775067769392091,-0.11598719077508261,0.1861819962823042,0.0005592362967438486,0.014324023684160529
2021-01-07,2021,1999,0,0,49,11,-0.8082619073505785,-0.002020654768376446,-0.07484184954429626,0.17931720026842912,0.0005654660802234152,0.034579646798696136
2021-01-08,2021,1999,0,0,48,5,0.7151865412600331,0.0017879663531500827,0.0713218790399541,0.15492907296422917,0.0005487054558525212,0.07570039340919243
2021-01-12,2021,1999,0,0,47,14,-1.4319988879571286,-0.0035799972198928215,-0.10220315497286177,0.18387851386958545,0.0005140508792983258,0.01833382416396429
2021-01-13,2021,1999,0,0,47,6,0.03483492325079318,8.708730812698296e-05,-0.05255420123566517,0.17560053867090017,0.0007078849861442347,0.025342772307140535
2021-01-14,2021,1999,0,0,47,10,0.47167487604117075,0.0011791871901029268,0.0755760763770975,0.15422222394251953,0.00045901872205780477,0.03696917509363808
2021-01-15,2021,1999,0,0,47,9,-2.898629887226905,-0.007246574718067262,-0.21562999072600667,0.20280344667369263,0.0004497606872525996,0.022862623635696175
2021-01-18,2021,1999,0,0,46,8,-0.8228373187579527,-0.002057093296894882,0.020200891988802892,0.16345933155445272,0.0004051457615722887,0.029705600581935804
2021-01-19,2021,1999,0,0,45,9,-0.9205342440428846,-0.0023013356101072116,-0.022866610155655904,0.17063982060719668,0.0003981007882397302,0.10275026546221558
2021-01-20,2021,1999,0,0,44,6,-0.6065123837134849,-0.0015162809592837124,-0.051879974834237036,0.17548565368815586,0.0004253996679105424,0.03754206027485003
2021-01-21,2021,1999,0,0,43,8,-0.8787295732085052,-0.002196823933021263,-0.07615496002139521,0.17953546248756166,0.0005087499053200762,0.04978193042149448
2021-01-22,2021,1999,0,0,43,3,1.1111131552074491,0.002777782888018623,0.07975220183362593,0.15352410259755073,0.00047783330614309383,0.031110299959804015
2021-01-25,2021,1999,0,0,43,8,0.09844748357623812,0.0002461187089405953,-0.011776230778765292,0.16879334204031338,0.0004034614636551018,0.026751996598670995
2021-01-26,2021,1999,0,0,42,5,-0.16400445450671308,-0.0004100111362667827,-0.028623127229310225,0.17160242694831812,0.0005989176292436574,0.04873803549236513
2021-01-27,2021,1999,0,0,42,4,-1.6000534571183187,-0.004000133642795797,-0.11176665189896459,0.18547878541119656,0.0008036265175610476,0.00666280711180434
2021-01-28,2021,1999,0,0,41,10,0.10040643433946528,0.0002510160858486632,0.028000151198752567,0.16215879913632195,0.000680934148183607,0.013384166528690594
2021-01-29,2021,1999,0,0,41,1,0.19064051561223883,0.0004766012890305971,0.05029379089627459,0.15843845277174304,0.0007247063927894464,0.06736808932069131
2021-02-01,2021,1999,0,0,41,4,-1.3910892955132126,-0.0034777232387830314,-0.03917687620451377,0.17336750022725142,0.0005446804943034939,0.024668870585063594
2021-02-02,2021,1999,0,0,41,2,-0.4484126511401596,-0.001121031627850399,0.03194529607682426,0.16149857827929096,0.00042638677813581875,0.026441025140104164
2021-02-03,2021,1999,0,0,41,5,-2.663555993477083,-0.0066588899836927075,-0.18718505626808585,0.19805816057163703,0.0007102026799753018,0.06100955476729338
2021-02-04,2021,1999,0,0,41,6,-0.46180182834756023,-0.0011545045708689005,-0.04717063794214069,0.17470192963257314,0.0007403022943137213,0.011489080956002855
2021-02-05,2021,1999,0,0,41,2,-1.788479235605846,-0.004471198089014615,-0.1554866727648075,0.19276974197433674,0.0005661057422841928,0.03740998391516074
2021-02-08,2021,1999,0,0,41,3,0.6423740635721612,0.001605935158930403,0.10961920580939129,0.14854266872324198,0.0005903304400704413,0.015364073184698518
2021-02-09,2021,1999,0,0,41,4,-0.9498476227784212,-0.002374619056946053,-0.015356980978915098,0.16939388613726783,0.0008132897667407173,0.03328713163079448
2021-02-10,2021,1999,0,0,41,7,1.3989716776570957,0.0034974291941427395,0.048769408336647044,0.15869371830016066,0.0008157085452179104,0.008082206270669762
2021-02-12,2021,1999,0,0,41,8,-0.7143676032023736,-0.001785919008005934,-0.004335923280422579,0.16755327572904777,0.0005792032738085879,0.04614649180099872
2021-02-15,2021,1999,0,0,42,11,-0.7307723754187756,-0.001826930938546939,0.02602437566252057,0.16248796301285007,0.000656029123716773,0.007565991276755124
2021-02-16,2021,1999,0,0,42,5,-0.30177098413243497,-0.0007544274603310874,0.00788799496820676,0.1655146672841331,0.0007625157124650043,0.015862986104147485
2021-02-17,2021,2000,0,0,40,0,-0.4025960060935383,-0.0010064900152338457,-0.00037141706666072845,0.16689179851306343,0.0005484639864306693,0.02172539196248576
2021-02-18,2021,2000,0,0,41,0,-2.1708192792554204,-0.005427048198138551,-0.15425661812344885,0.19256583919773795,0.0006060491980088056,0.024827075500435187
2021-02-19,2021,2000,0,0,42,0,-1.7029380460575019,-0.004257345115143755,-0.17515901519728427,0.19605451750387448,0.0009559603795852247,0.019143289590257743
2021-02-22,2021,2000,0,0,42,0,-0.7526591319687824,-0.001881647829921956,-0.031629223688774265,0.1721049198936637,0.0004961279764273556,0.11551853330035505
2021-02-24,2021,2000,0,0,42,8,0.26705676706520043,0.0006676419176630011,-0.008915240340082344,0.168320194051503,0.000792900128311603,0.04267216099027122
2021-02-25,2021,2000,0,0,42,3,-0.7807829168387905,-0.0019519572920969764,-0.10672976305107217,0.18463921949719234,0.0008684528567436494,0.011454446904261636
2021-02-26,2021,2000,0,0,42,19,-0.18992933407624135,-0.0004748233351906034,-0.061917166943367484,0.17715546029643134,0.0003803095053449185,0.08742566721769114
2021-03-01,2021,2000,0,0,41,13,0.3533178757696359,0.0008832946894240898,0.07873213893611004,0.1536957437573214,0.00041135233151058805,0.017335337540450968
2021-03-02,2021,2000,0,0,41,10,-0.010244688303939764,-2.561172075984941e-05,-0.003719835524385684,0.16744757934244764,0.00037395597334869443,0.02471922620160772
2021-03-03,2021,2000,0,0,41,6,0.7160300512839196,0.001790075128209799,0.10361319388476448,0.1495431670312395,0.00033055870325999657,0.028475136114407697
2021-03-04,2021,2000,0,0,41,7,1.7876652597426883,0.0044691631493567205,0.21050200116195483,0.13171144357821735,0.00037727577293658685,0.08795808018713376
2021-03-05,2021,2000,0,0,38,6,1.0421417749963493,0.0026053544374908732,0.11869425762335395,0.147030163405865,0.0006671496458429229,0.015105696144999316
2021-03-08,2021,2000,0,0,38,6,-1.426015862843843,-0.0035650396571096075,-0.13387824828775832,0.18916337933849364,0.0003354110052021782,0.010511070406353086
2021-03-09,2021,2000,0,0,38,1,-1.6428420747450139,-0.004107105186862535,-0.10556161870512723,0.18444259398333482,0.0004081083739391638,0.05215999009149936
2021-03-10,2021,2000,0,0,38,3,2.4332262072675186,0.006083065518168796,0.12093249266657632,0.14665441024664408,0.00045274279321018813,0.020006601587265263
2021-03-11,2021,2000,0,0,37,9,-0.5437924139009971,-0.0013594810347524926,-0.058598934218662094,0.17660859719504574,0.0005780498114110962,0.07867073590168226
2021-03-12,2021,2000,0,0,37,5,1.0710536611334758,0.0026776341528336896,0.16667377135842248,0.13902550362224633,0.000433202255485202,0.01269628542384618
2021-03-15,2021,2000,0,0,37,16,-0.3433852220149727,-0.0008584630550374317,-0.05078675433450516,0.1752988692320147,0.00037782237883368354,0.06410191940602693
2021-03-16,2021,2000,0,0,34,19,-0.6135068487616975,-0.0015337671219042438,-0.03218560160858401,0.1721968921554324,0.0003214054889335409,0.05446993740106106
2021-03-17,2021,2000,0,0,35,12,1.2342504460782278,0.0030856261151955694,0.1263301903921314,0.14575432300942867,0.0003777789313267003,0.12400206750779894
2021-03-18,2021,2000,0,0,35,11,-0.43559257180647154,-0.0010889814295161789,-0.05381211376530151,0.1758069710192765,0.0004656763798998689,0.045113120783795646
2021-03-19,2021,2000,0,0,33,5,0.3587711323123868,0.000896927830780967,-0.014972660037453468,0.1693293912463986,0.0006636982122869614,0.011165001264398226
2021-03-22,2021,2000,0,0,30,9,0.35873840734798446,0.0008968460183699611,0.012564802716281952,0.16473690159236695,0.001101334008630852,0.015660471303226554
2021-03-23,2021,2000,0,0,30,14,-0.5741281485476986,-0.0014353203713692465,-0.13168457360640148,0.18880113562283893,0.0005097237845052322,0.04267493521992405
2021-03-24,2021,2000,0,0,29,1,1.1009210983845477,0.002752302745961369,0.15072198186922672,0.14168708541364228,0.000546081691991821,0.061160661438448595
2021-03-25,2021,2000,0,0,30,2,-0.6291810890293265,-0.0015729527225733161,-0.10341327784150618,0.1840844889678456,0.0004446464512035759,0.037490939724856065
2021-03-26,2021,2000,0,0,29,3,-1.7570055085978962,-0.00439251377149474,-0.07940648193221808,0.18007938961977238,0.000752163124734002,0.024867939019674424
2021-03-29,2021,2000,0,0,29,4,0.5143200718918239,0.00128580017972956,0.013893879123868155,0.1645147914752774,0.0006228913261956914,0.02814599995162313
2021-03-30,2021,2000,0,0,29,3,1.88717708662787,0.004717942716569675,0.1541305918456589,0.1411175595927028,0.00043046094761830855,0.06397198345688865
2021-03-31,2021,2000,0,0,29,1,0.34604992868064166,0.0008651248217016041,0.04040762058925843,0.16008785001555303,0.00034551866252033434,0.035331079347285244
2021-04-01,2021,2000,0,0,29,0,0.22238375775122576,0.0005559593943780645,0.0630100257130345,0.1563191239817007,0.000320264278669794,0.025496571279071418
2021-04-02,2021,2000,0,0,29,0,-0.6430875190337739,-0.0016077187975844349,-0.03327005209939944,0.17238327611779877,0.0005134621736888461,0.06445040154462987
2021-04-05,2021,2000,0,0,30,1,-0.597259213682455,-0.0014931480342061376,-0.004774475118577588,0.16762879394925073,0.00033649637533331866,0.03468470155051567
2021-04-06,2021,2000,0,0,29,1,-0.8720083764059336,-0.002180020941014834,-0.07163707640577391,0.17878430404546947,0.0005684063467187316,0.026059040736292664
2021-04-07,2021,2000,0,0,29,6,0.1515823490535052,0.00037895587263376304,-0.013750038766348806,0.16911680696526352,0.0002472538950056007,0.012951851377865909
2021-04-08,2021,2000,0,0,28,6,-3.0071547012493025,-0.007517886753123256,-0.26290892597705406,0.2106904897546322,0.0004898194799920627,0.033613200428863906
2021-04-09,2021,2000,0,0,27,5,-0.12957212522703876,-0.0003239303130675969,-0.007705451576669616,0.16811153313024696,0.00029949049241453034,0.03256922102585802
2021-04-12,2021,2000,0,0,29,3,0.3009058623381273,0.0007522646558453182,0.06040443949835603,0.15675227565008118,0.00030274096480867573,0.024668724963490585
2021-04-13,2021,2000,0,0,29,3,0.4173283436863124,0.001043320859215781,0.0381284890721817,0.160468716224045,0.0003419855574747761,0.020754093848179778
2021-04-14,2021,2000,0,0,29,7,0.8308360221024647,0.002077090055256162,0.018967878497862006,0.16365417757653214,0.00026031361222012564,0.014134355576455492
2021-04-15,2021,2000,0,0,30,1,-1.0964875334028688,-0.002741218833507172,-0.08723239174194315,0.18138131040257496,0.00034651958107792427,0.0183236065095492
2021-04-16,2021,2000,0,0,29,3,0.08156058054541493,0.00020390145136353732,0.02252766265661039,0.1630744849663451,0.00040804418015440397,0.014881329373979513
2021-04-19,2021,2000,0,0,29,4,-2.2651734101900067,-0.005662933525475017,-0.131482902912546,0.18876880073353333,0.0007366845085590046,0.005304488766818455
2021-04-20,2021,2000,0,0,28,4,0.27328125514657087,0.0006832031378664272,0.004208424174730571,0.1661289474151783,0.0005264773099849643,0.017017025148247815
2021-04-21,2021,2000,0,0,29,5,0.3254271000864918,0.0008135677502162295,0.03269662483555741,0.16137140925390162,0.00031905889373902587,0.04466477393796856
2021-04-22,2021,2000,0,0,29,1,0.8769928953704189,0.002192482238426047,0.048183742783283204,0.1587908942590355,0.0003404177299767185,0.03272578384941274
2021-04-23,2021,2000,0,0,29,10,-1.1233747609539455,-0.002808436902384864,-0.0826112046379412,0.18060949640653243,0.0003077997993247687,0.028296946788736
2021-04-26,2021,2000,0,0,29,11,-0.4721627746845589,-0.0011804069367113972,-0.01852856956966978,0.16992125677646225,0.0003666245027045052,0.025227321681454026
2021-04-27,2021,2000,0,0,29,7,-0.31059533759300506,-0.0007764883439825127,-0.03145750385222891,0.17207586052906393,0.0005100754474215239,0.1830679267681136
2021-04-28,2021,1999,0,0,30,4,-1.0979317851395372,-0.002744829462848843,-0.06657319519196618,0.17793882182839676,0.0007093153173083316,0.018725656263675738
2021-04-30,2021,1999,0,0,30,4,-0.9648835155503913,-0.0024122087888759783,-0.07158424654508388,0.17877418036694373,0.0005777237412960292,0.044890589124237226
2021-05-06,2021,1999,0,0,30,3,0.25985102162010043,0.000649627554050251,-0.018211842450746866,0.1698650773606795,0.0005637227847500719,0.027308602870945466
2021-05-07,2021,1999,0,0,31,3,-2.0949780920137706,-0.005237445230034427,-0.11765200844823802,0.18646137153682965,0.0009487125763644748,0.3369895121112431
2021-05-10,2021,1999,0,0,31,2,-0.4535720820615259,-0.0011339302051538147,-0.009095170989109756,0.16834991485899273,0.0009182952148781575,0.0346281747341114
2021-05-11,2021,1999,0,0,32,4,-0.1032935820228027,-0.00025823395505700675,-0.03921607393156289,0.17337524620169947,0.0009842175183378881,0.022917134607164942
2021-05-12,2021,1999,0,0,31,3,0.3757281805697308,0.000939320451424327,0.0798689801765082,0.15350773903386045,0.00118788465568173,0.36860371888199495
2021-05-13,2021,1999,0,0,33,4,1.0121168613573794,0.0025302921533934485,0.11564586630225986,0.14753843915728412,0.0011805898368415382,0.463364396571354
2021-05-14,2021,1999,0,0,33,1,-0.63535921978086,-0.0015883980494521498,-0.006661062810755801,0.1679439478156154,0.000736751427985538,0.2572849940910545
2021-05-17,2021,1999,0,0,33,6,0.7867013605150557,0.0019667534012876393,0.0475214383178273,0.1589030703867777,0.00036086606485608784,0.11525608956087575
2021-05-18,2021,1999,0,0,33,3,0.32965972722328374,0.0008241493180582094,0.010143447021459456,0.16513442337215084,0.0004562115560269475,0.178953463072091
2021-05-19,2021,1999,0,0,33,3,0.4311495508256395,0.0010778738770640987,0.03388186451521706,0.1611719401495796,0.00031870179987531286,0.08589403906207198
2021-05-20,2021,1999,0,0,33,1,-0.6845809305402162,-0.0017114523263505404,-0.08103454452547988,0.18034906348826824,0.0003697908706782355,0.08093199851529793
2021-05-21,2021,1999,0,0,33,1,-0.3030499139474915,-0.0007576247848687287,-0.059383034690823545,0.17673739604117958,0.00031973281155067365,0.02787808293209793
2021-05-24,2021,1999,0,0,33,2,-0.745089898507786,-0.001862724746269465,-0.014114945977603507,0.169181607239475,0.00033684779560523445,0.0781943569262173
2021-05-25,2021,1999,0,0,32,3,-0.2148813990493752,-0.000537203497623438,-0.07164759487973714,0.17878531330202113,0.00039121639052436193,0.06464566063667919
2021-05-26,2021,1999,0,0,32,8,0.8692619609529593,0.002173154902382398,0.09697472613001293,0.15065381925332172,0.0006477696808009662,0.03160641376292397
2021-05-27,2021,1999,0,0,32,8,-1.352369048713009,-0.0033809226217825224,-0.144410569701497,0.19092391428334174,0.0003979730909015172,0.11715229303739745
2021-05-28,2021,1999,0,0,33,4,0.6202666333481308,0.0015506665833703271,0.025709495875402045,0.16253758979307187,0.00030673221713261754,0.23859163391544788
2021-05-31,2021,1999,0,0,32,7,-0.8829048004843593,-0.0022072620012108983,-0.08699918270946846,0.18134248781272744,0.0004078331622590552,0.09784525667116505
2021-06-01,2021,1999,0,0,33,2,0.6338005500396421,0.0015845013750991053,0.023725665214130904,0.16286679376977028,0.00033655640691774555,0.07249373406862752
2021-06-02,2021,1999,0,0,32,4,1.0576578172766284,0.002644144543191571,0.037285148818892194,0.16060575550756076,0.0003045388459942233,0.029726234685050177
2021-06-03,2021,1999,0,0,32,5,-0.4471229330864443,-0.0011178073327161107,-0.07952416907657185,0.1800938686990572,0.0003051926277372697,0.05576595003827461
2021-06-04,2021,1999,0,0,30,2,-0.7045931383009311,-0.0017614828457523277,-0.08842606201224926,0.1815798850185663,0.0003224753322931051,0.02523540506688421
2021-06-07,2021,1999,0,0,31,3,0.4121091243833612,0.0010302728109584031,0.008165162895977306,0.16546421494165636,0.0002944478268512071,0.004456037109901306
2021-06-08,2021,1999,0,0,31,3,0.6334034097020504,0.001583508524255126,0.05482876641621848,0.15767479390150335,0.0002646407558341062,0.018120137614098336
2021-06-09,2021,1999,0,0,30,0,0.40620366797206897,0.0010155091699301725,0.03452605241473908,0.1610623760208312,0.0003125564534413656,0.010248108403725304
2021-06-10,2021,1999,0,0,30,3,0.38249721010049775,0.0009562430252512444,0.0014201179794014625,0.1665879109348091,0.0003472481028164651,0.0129198899719305
2021-06-11,2021,1999,0,0,30,0,-0.06213249960249545,-0.00015533124900623862,0.026945754843146284,0.16232787956180933,0.0003336587135892427,0.04847677436121137
2021-06-14,2021,1999,0,0,30,2,-1.1408425500128667,-0.002852106375032167,-0.04437622080557946,0.17423023834750717,0.0003089984758512608,0.007257862852158688
2021-06-15,2021,1999,0,0,30,4,-0.7802251657173946,-0.0019505629142934867,-0.120569372061772,0.18694079902192717,0.00029737109047555884,0.006438182187057322
2021-06-16,2021,1999,0,0,31,5,0.5541280328656601,0.0013853200821641503,0.06098100337688096,0.15665687332288902,0.00046110804988007696,0.026843166226457896
2021-06-17,2021,1999,0,0,33,3,0.43927911359560934,0.0010981977839890234,0.008145776929503284,0.16547430138760338,0.0006454989118175286,0.011614211185423414
2021-06-18,2021,1999,0,0,32,13,1.8574651121869792,0.004643662780467448,0.16727550320710377,0.1389261648166751,0.000877351965603108,0.009441505325175159
2021-06-21,2021,1999,0,0,32,12,-0.8020143993048723,-0.002005035998262181,-0.10051470603468524,0.18359405397612938,0.0003123527772443686,0.01886255500260944
2021-06-22,2021,1999,0,0,33,10,0.14764748427867097,0.00036911871069667744,0.03555481513898578,0.16089579277078933,0.0003461375641857055,0.3237291649706841
2021-06-23,2021,1999,0,0,34,13,0.021747361517740815,5.436840379435204e-05,-0.019360009443338218,0.17005907784899635,0.0003542291262058898,0.07482380301085267
2021-06-24,2021,1999,0,0,34,6,0.7699832786169866,0.0019249581965424664,0.020044860448221718,0.16348410042710898,0.0003092531757363674,0.027919109504627393
2021-06-25,2021,1999,0,0,35,11,-0.09516915458351849,-0.00023792288645879624,-0.04202033631008224,0.1738413007812723,0.00036449329730950245,0.05057763713435349
2021-06-28,2021,1999,0,0,34,4,-0.17257756927852186,-0.00043144392319630466,-0.02420329734446737,0.17086593970281058,0.0003435407695818266,0.02424606414015614
2021-06-29,2021,1999,0,0,34,7,1.3716724968315466,0.0034291812420788664,0.16818068173533193,0.1387666386953443,0.0003505525481677602,0.010994864101038277
2021-06-30,2021,1999,0,0,34,12,0.3079179986899341,0.0007697949967248352,0.07904604284684061,0.15364378450050414,0.0003641556464628591,0.18378863000341172
2021-07-01,2021,1999,0,0,34,4,-0.9848113708001047,-0.0024620284270002618,-0.08330129488054733,0.18072597457485096,0.0002375284869717037,0.02271732916914538
2021-07-02,2021,1999,0,0,34,7,-0.3850079660398705,-0.0009625199150996762,-0.08867016362858844,0.18160796954873673,0.0002378855461360987,0.007653532151557774
2021-07-05,2021,1999,0,0,34,3,0.9253633917136691,0.0023134084792841726,0.10739404421660378,0.14891525889116775,0.0002550089414684804,0.010887555163110576
2021-07-06,2021,1999,0,0,35,0,0.5890054005499361,0.0014725135013748402,-0.042038848312754104,0.1738446305365025,0.0003501378698205127,0.02298372881643039
2021-07-07,2021,1999,0,0,35,3,-0.5437874809298634,-0.0013594687023246585,-0.029045048726626048,0.1716696736180327,0.00026354705017904017,0.017001745691232275
2021-07-08,2021,1999,0,0,35,12,0.2400864207290354,0.0006002160518225885,0.04509752426033932,0.15930944808096095,0.000690192175787644,0.01190316314708939
2021-07-09,2021,1999,0,0,35,24,0.8617865578207768,0.002154466394551942,0.10235215507637006,0.14975477882488195,0.00036216408665517864,0.029540439427142275
2021-07-12,2021,1999,0,0,35,7,-0.009435679823724286,-2.3589199559310714e-05,-0.030656011682355502,0.17193718316952608,0.00031074811087354815,0.0443140113558543
2021-07-13,2021,1999,0,0,34,12,0.1316409055130503,0.00032910226378262574,0.005077809263487574,0.16598421245821274,0.00037068684068477094,0.018838690769011252
2021-07-14,2021,1999,0,0,34,9,0.9288467666520314,0.002322116916630078,0.04082687689006935,0.1600092345228427,0.0002666163900071242,0.015128715637075253
2021-07-15,2021,1999,0,0,35,5,-1.0238033402212783,-0.0025595083505531957,-0.049775099571023024,0.1751364321450666,0.0004010823223016427,0.02576728597710594
2021-07-16,2021,1999,0,0,33,5,0.15188855651447986,0.00037972139128619964,0.007093307336496372,0.16564683224477086,0.00027975721026442273,0.012988204250973398
2021-07-19,2021,1999,0,0,34,6,0.4575989877977229,0.0011439974694943073,0.055623727372848146,0.15754975574362243,0.00031624906470358125,0.03372526088138048
2021-07-20,2021,1999,0,0,36,6,0.22555749768709843,0.0005638937442177461,0.0441262651603088,0.15946980615551137,0.0004994799799420671,0.028005823000601907
2021-07-21,2021,1999,0,0,35,7,-0.3531107786074812,-0.000882776946518703,0.05742833710921994,0.15724982144509475,0.00033645407943088367,0.012868594537432405
2021-07-26,2021,1999,0,0,36,3,-1.1765591864548859,-0.0029413979661372146,-0.12778273413317306,0.1881469667795889,0.0003933917920679422,0.016413545214960412
2021-07-27,2021,1999,0,0,36,8,1.6774385119528343,0.004193596279882086,0.127998222528205,0.14547510776693937,0.0003707257482574904,0.01676018021943001
2021-07-28,2021,1999,0,0,36,5,-2.1537969810899766,-0.005384492452724942,-0.1609816800538482,0.19368973173421694,0.0006962341443725926,0.026085382065399156
2021-07-29,2021,1999,0,0,37,6,-0.09904288685860996,-0.0002476072171465249,-0.01358022387487608,0.16909850258149783,0.0008930176541351308,0.019038199404679906
2021-07-30,2021,1999,0,0,37,8,0.13115889873688613,0.00032789724684221535,-0.012445247334947956,0.16890566668984405,0.0003335327178447452,0.03125359508107812
2021-08-02,2021,1999,0,0,37,2,0.8621578516036694,0.0021553946290091735,0.08640127503377405,0.15241659516843906,0.0004082060876434478,0.008289018445960626
2021-08-03,2021,1999,0,0,39,1,0.2504001365970074,0.0006260003414925184,0.01919210943882945,0.16362531937962294,0.0004447622573039051,0.012311662684648292
2021-08-04,2021,1999,0,0,39,2,0.2822482844656499,0.0007056207111641248,-0.038697607797867586,0.17328420622128288,0.0005715353317669238,0.023817076284462942
2021-08-05,2021,1999,0,0,39,4,-0.8281736703240864,-0.002070434175810216,-0.09486234811242399,0.18265685353646252,0.000845364649725128,0.015582534395600542
2021-08-06,2021,1999,0,0,39,4,1.2058644632270217,0.0030146611580675543,-0.007851866561547665,0.16814081797236538,0.000663653131717335,0.009982835356659173
2021-08-10,2021,1999,0,0,39,4,-0.7656100379517929,-0.0019140250948794823,0.01725306994713739,0.16394658320933017,0.000553156063306716,0.014701756546534793
2021-08-11,2021,1999,0,0,40,7,-0.2838623547992968,-0.0007096558869982419,-0.006522689600988042,0.1679135154204771,0.0006639002237389325,0.14499536869471316
2021-08-12,2021,1999,0,0,40,9,0.7085720386345944,0.001771430096586486,-0.019968566117822387,0.17016388258878873,0.0008749061154128695,0.041103077570035514
2021-08-13,2021,1999,0,0,40,11,0.9692911124345354,0.0024232277810863384,-0.02761846349417802,0.17143628254451432,0.0005507562717335636,0.019410778802276464
2021-08-16,2021,1999,0,0,39,9,0.818574477739983,0.0020464361943499576,0.08577701622339849,0.1525205132558734,0.00042567806069854637,0.03274952440317977
2021-08-17,2021,1999,0,0,40,13,-0.9137340731771215,-0.002284335182942804,-0.09468378968230712,0.18262757471044047,0.0005298231936806991,0.0198238263697704
2021-08-18,2021,1999,0,0,40,4,-1.3342837633821956,-0.003335709408455489,-0.18416194827681043,0.19755399059227652,0.0005190826097533332,0.03175819132118074
2021-08-19,2021,1999,0,0,41,4,-0.49126005356672664,-0.0012281501339168166,-0.03687586919055247,0.17298372273839235,0.0007284486666744666,0.009750863870333332
2021-08-20,2021,1999,0,0,41,1,-1.582874419083374,-0.003957186047708435,-0.13913594870985205,0.19004195301866159,0.000565539093291696,0.01025415106736725
2021-08-23,2021,1999,0,0,41,0,0.734159733843608,0.0018353993346090199,0.08548368517296337,0.15256211461358576,0.00031206982490370475,0.02496681856873659
2021-08-24,2021,1999,0,0,41,4,-0.7692238462432599,-0.0019230596156081497,-0.02804479346995455,0.17150523685491623,0.00032984189317889395,0.013759533101216716
2021-08-25,2021,1999,0,0,41,8,-0.007241439289819851,-1.810359822454963e-05,-0.012677598457374106,0.16893664826934515,0.0002527727039225621,0.056163091626523866
2021-08-26,2021,1999,0,0,40,3,0.500476461096687,0.0012511911527417175,-0.002334472785296751,0.16722173140616345,0.00042640740415513293,0.044181303019345815
2021-08-27,2021,1999,0,0,40,4,0.15636105374868836,0.0003909026343717209,0.03895524686709487,0.16032850694050163,0.00033756157455214046,0.006950269785028171
2021-08-30,2021,1999,0,0,40,6,-0.4159011875466563,-0.0010397529688666407,-0.03384675118383277,0.1724726565949104,0.0003178110435451487,0.023767993742092687
2021-08-31,2021,1999,0,0,41,8,-0.7310758307226108,-0.0018276895768065272,0.015024815690997359,0.164321181267968,0.00036591239150540104,0.040690453441518046
2021-09-01,2021,1999,0,0,42,6,-0.29859322957640533,-0.0007464830739410133,-0.00809523025051267,0.16818153913134085,0.0005125354683928634,0.024946903039074285
2021-09-02,2021,1999,0,0,42,7,0.06624682233740176,0.0001656170558435044,0.021327671550412118,0.16326859503202426,0.00041556272119991854,0.010157694373794492
2021-09-03,2021,1999,0,0,43,9,-0.5307809851109395,-0.0013269524627773487,0.004617151822650272,0.16605703963052557,0.0003639372250082531,0.094522632549699
2021-09-06,2021,1999,0,0,43,20,0.13983076968491437,0.0003495769242122859,0.0014431973643838128,0.16658460072841186,0.00026850626964165846,0.05294619528887063
2021-09-07,2021,1999,0,0,45,14,0.2322483688817395,0.0005806209222043487,0.013569410280584369,0.16456164012180508,0.00037432568347764065,0.012851078910826891
2021-09-08,2021,1999,0,0,45,18,1.1744763055652792,0.002936190763913198,0.12332022026590762,0.1462584033146091,0.0004907850584188122,0.012929664194360183
2021-09-09,2021,1999,0,0,44,8,-0.4928047118630532,-0.001232011779657633,-0.039888012042340305,0.17348259128727692,0.000407735625528249,0.03854142493341788
2021-09-10,2021,1999,0,0,45,21,0.6965816929096871,0.0017414542322742178,0.06808068650062951,0.15547201661273463,0.00031779485455364994,0.06766063587636083
2021-09-13,2021,1999,0,0,46,30,-0.3450311893490041,-0.0008625779733725103,-0.035410853304717216,0.17273977686146985,0.0007936045722135868,0.01445964859448106
2021-09-14,2021,1999,0,0,45,26,1.2609217064388858,0.0031523042660972144,0.18288864003204322,0.1363149011913334,0.0006070138862675867,0.020778907759900222
2021-09-15,2021,1999,0,0,45,12,-0.2771460216912691,-0.0006928650542281728,-0.011206464908853419,0.1686956652310951,0.0004158914238111116,0.030958924591862592
2021-09-16,2021,1999,0,0,46,10,0.7800214204938647,0.0019500535512346616,0.07450949174420342,0.15440255052340873,0.0006730865358197003,0.02327994703762041
2021-09-17,2021,1999,0,0,47,7,-0.6354754224618646,-0.0015886885561546616,-0.07752852109054514,0.179766675432614,0.0005680101837249621,0.029137628401061183
2021-09-21,2021,1999,0,0,45,4,-0.17409639046167413,-0.00043524097615418536,-0.027948298348531152,0.1714959921366052,0.001074240889554004,0.08218561404883697
2021-09-22,2021,1999,0,0,45,2,0.6655019013014296,0.001663754753253574,0.0946246588200605,0.15104433588907307,0.00037864910392366844,0.03521010850208401
2021-09-24,2021,1999,0,0,46,3,1.017209842928398,0.002543024607320995,0.05649721001832299,0.1574026336074527,0.0005863055725293077,0.11275043145833138
2021-09-27,2021,1999,0,0,46,6,1.2482829650571126,0.0031207074126427814,0.137561039064607,0.1438828845174661,0.0006400157171508555,0.011753116063532562
2021-09-28,2021,1999,0,0,46,6,1.471399296492113,0.0036784982412302824,0.05827297418291744,0.15710729472577864,0.000431833166532761,0.06903308995940255
2021-09-29,2021,1999,0,0,46,3,0.10651737341609868,0.0002662934335402467,0.07264978265051247,0.1547129854901108,0.0006681455888222355,0.015132948234753585
2021-09-30,2021,1998,0,0,46,1,-2.284429941207744,-0.00571107485301936,-0.1642403306379466,0.19423200668321983,0.0005576102759538992,0.013313590697780132
2021-10-01,2021,1998,0,0,46,8,-0.3684057186958505,-0.0009210142967396262,-0.003821341124658945,0.16747038174679135,0.0003898162763573236,0.06290715889780779
2021-10-04,2021,1998,0,0,46,9,-0.47367347086505507,-0.0011841836771626377,0.05017384085333971,0.15845963523438672,0.00043627027732303134,0.04491194294485261
2021-10-05,2021,1998,0,0,45,28,-2.613237372038204,-0.00653309343009551,-0.12644664487765536,0.1879254205591107,0.00044618870733409573,0.02522839934277353
2021-10-06,2021,1998,0,0,45,1,-1.481671372989556,-0.0037041784324738903,-0.05288519295646918,0.17565282790449033,0.0005017885363347158,0.042583927133746445
2021-10-07,2021,1998,0,0,47,2,-1.161747122222556,-0.00290436780555639,-0.06721362584377795,0.17804558788781744,0.00046788814001085693,0.02914353184947441
2021-10-08,2021,1998,0,0,47,1,-0.3746556362734226,-0.0009366390906835564,-0.03872112496506529,0.1732917529324333,0.0005060307140543898,0.037068449378228
2021-10-11,2021,1998,0,0,46,1,-0.7470749132189255,-0.0018676872830473137,-0.06477452981503506,0.17763525709295136,0.00045226252074797815,0.024595326289775052
2021-10-12,2021,1998,0,0,48,10,-0.5907610384214494,-0.0014769025960536235,-0.048785978817636445,0.1749677114715784,0.00038424412616470667,0.013173245861608488
2021-10-13,2021,1998,0,0,47,10,0.6326074611747261,0.0015815186529368154,0.0015292138205791142,0.16657817177650508,0.000971948566484079,0.010258899141721954
2021-10-14,2021,1998,0,0,49,4,0.009197921207987236,2.299480301996809e-05,0.03907325026466657,0.16030989581701227,0.0004308442777998385,0.03964512248893273
2021-10-15,2021,1998,0,0,48,2,0.5478268320280073,0.0013695670800700182,-0.0037702592765732077,0.1674549331585085,0.00038858893510663117,0.03900074771588532
2021-10-18,2021,1998,0,0,48,6,1.1054916602001958,0.0027637291505004896,0.13513093250181402,0.1442787311609323,0.0003030529654718407,0.02761427203761173
2021-10-19,2021,1998,0,0,48,8,-0.3380137617947163,-0.0008450344044867908,0.02839008572623882,0.16209396259679495,0.0004031826643056679,0.023718542454660037
2021-10-20,2021,1998,0,0,48,8,-0.8087270265008804,-0.002021817566252201,-0.08503039641932474,0.1810088232163132,0.0002696613151586671,0.01805865622759241
2021-10-21,2021,1998,0,0,49,11,-0.7284465456920762,-0.0018211163642301905,-0.05998496344288296,0.17683352945215444,0.00028633997432849927,0.08272838703606818
2021-10-22,2021,1998,0,0,48,9,-0.0001862118219602138,-4.655295549005345e-07,-0.020393531588754007,0.17022957955845772,0.00035545595387434764,0.04609811018081176
2021-10-25,2021,1998,0,0,48,14,0.4778606325038321,0.0011946515812595803,0.03350619706923007,0.161237628316,0.00028402141827241835,0.026744894565488373
2021-10-26,2021,1998,0,0,48,3,0.5272265822286378,0.0013180664555715947,0.05345344513665821,0.15790988398936376,0.000446156752611288,0.01852619934585851
2021-10-27,2021,1998,0,0,48,9,0.10031273230223528,0.0002507818307555882,-0.008579843161025684,0.16825379315628208,0.00043888188189091973,0.01621918054739306
2021-10-28,2021,1998,0,0,47,11,0.34171903469614806,0.0008542975867403701,0.04750392752228721,0.15890786404744625,0.000912993238899516,0.03403248448295921
2021-10-29,2021,1998,0,0,47,6,-0.1892106200367376,-0.000473026550091844,-0.04778448717223764,0.17480400418904318,0.000460370216481828,0.036924241368631365
2021-11-01,2021,1998,0,0,46,13,0.8592467102151347,0.0021481167755378365,0.006093678039157172,0.165814094414243,0.0007785118257403951,0.06848094013449632
2021-11-02,2021,1997,0,0,46,9,-0.6140362699598063,-0.0015350906748995159,0.010409465523584948,0.16509429674218035,0.0007312325223813974,0.0469516805605706
2021-11-04,2021,1997,0,0,46,4,0.9258120644650373,0.0023145301611625932,0.026611710665132713,0.16238674715369428,0.0007045810636051282,0.040058947376732115
2021-11-05,2021,1997,0,0,46,3,-0.5937015695149168,-0.001484253923787292,-0.019979412901053428,0.17016470644688161,0.0005591008071236184,0.007868044164102281
2021-11-08,2021,1996,0,0,46,4,-0.2762032844776825,-0.0006905082111942063,-0.05354524064081814,0.1757616571702837,0.0006471512657644172,0.005849538122914059
2021-11-09,2021,1996,0,0,46,9,1.4759748692526231,0.0036899371731315576,0.06098366031329091,0.15665219176489045,0.0006158052198425778,0.007344707132443288
2021-11-10,2021,1996,0,0,46,10,1.6851112551085499,0.0042127781377713745,0.00026458154817813576,0.1667877607968117,0.0010062355601217377,0.005906696339285061
2021-11-11,2021,1996,0,0,46,4,1.8686757642383096,0.004671689410595774,0.09097529704576948,0.15165197355345358,0.000994016727877067,0.0077694495634100125
2021-11-12,2021,1996,0,0,46,1,1.3660870774353455,0.0034152176935883637,0.043295857841491016,0.1596045897990666,0.000571305446874371,0.018657833334678797
2021-11-15,2021,1996,0,0,46,6,1.4929110481385837,0.003732277620346459,0.005594052095291348,0.16589798399444602,0.0005694675133890733,0.03077960273202255
2021-11-16,2021,1996,0,0,45,5,-0.48706485843415337,-0.0012176621460853834,-0.050544351982533695,0.17525924097741655,0.0003757219506427582,0.026724620386296517
2021-11-17,2021,1997,0,0,45,6,2.3797677314038723,0.0059494193285096805,0.07760769868755293,0.1538815017428573,0.000368778880129827,0.040521937409073484
2021-11-18,2021,1997,0,0,45,6,1.3251769938510791,0.003312942484627698,0.0365522730871509,0.16072974281493244,0.00035247673768027543,0.010360371252985098
2021-11-19,2021,1997,0,0,45,6,-1.3849568610254643,-0.003462392152563661,-0.09916055806526963,0.1833710865529019,0.0005660265433540449,0.05287162134148236
2021-11-22,2021,1997,0,0,45,7,-0.8191925701905833,-0.0020479814254764583,-0.09079937059444003,0.1819757556780269,0.00030358122379648897,0.01657806479442483
2021-11-24,2021,1997,0,0,47,10,-0.34915749171132227,-0.0008728937292783056,-0.050198980073753126,0.175208143886184,0.0005251520390040112,0.010494156002849126
2021-11-25,2021,1997,0,0,48,10,0.44778063558350656,0.0011194515889587663,0.00432230948397893,0.1661123898293374,0.0009141848641855344,0.013430448313536007
2021-11-26,2021,1997,0,0,47,3,-0.1727197328078851,-0.0004317993320197128,0.02399151338586568,0.16282799567321393,0.00046783456994845164,0.04470071443770579
2021-11-29,2021,1997,0,0,46,12,-2.456870279030425,-0.006142175697576063,-0.12588322203426408,0.18783365401253072,0.0007721675688228234,0.02764092049236049
2021-11-30,2021,1996,0,0,46,0,2.1151795547850125,0.005287948886962531,0.1415773231634422,0.14321116243328294,0.0005280424738494116,0.03750024740468409
2021-12-01,2021,1996,0,0,46,5,0.08744201156492881,0.00021860502891232202,-0.01872172898914601,0.16995697137329036,0.001316805243416761,0.03087667387014683
