Date,ValidationYear,StocksRanked,SelectedMissingTargets,AllMissingTargets,FallbackStocks,SelectedFallbackStocks,OfficialDailySpread,IllustrativeGrossOneReturn,RankIC,NormalizedHardRankMSE,AllStockForecastMSE,MaxAbsoluteScore
2017-12-29,2018,1896,0,0,42,3,-0.10945294907760139,-0.0002736323726940035,-0.04005220045873389,0.17351916281145943,0.0003131460377284182,0.011874176709954928
2018-01-04,2018,1896,0,0,41,7,0.2173050128069005,0.0005432625320172513,-0.04406949893767065,0.1741904629529837,0.0004052455981770373,0.012416181768520775
2018-01-05,2018,1896,0,0,41,10,-0.7182981373086643,-0.0017957453432716607,-0.04876801498929161,0.17497328555893138,0.00037016085230068567,0.007084044320572653
2018-01-09,2018,1896,0,0,39,16,0.38044697188257687,0.0009511174297064422,0.05031618942829931,0.15844257962676936,0.0003796618956350479,0.0235224369875911
2018-01-10,2018,1896,0,0,39,2,-1.76952858677432,-0.0044238214669358004,-0.11598463157815958,0.18618944066984625,0.0005706348500557912,0.005663055965054857
2018-01-11,2018,1896,0,0,39,7,-0.3312671858920058,-0.0008281679647300145,-0.024474932203011886,0.1709193604061603,0.00046011678234775613,0.009293247647571806
2018-01-12,2018,1896,0,0,39,4,-0.5366029686311634,-0.0013415074215779085,0.009840546914288416,0.16519130543366775,0.00038487477779063534,0.03576459055883578
2018-01-15,2018,1896,0,0,39,4,-1.1524726373281045,-0.002881181593320261,-0.018342555861961186,0.16990069380658537,0.00038167642614154047,0.013919654506152698
2018-01-16,2018,1896,0,0,39,2,-0.009698151622268503,-2.4245379055671257e-05,0.02567342230417195,0.16255715667667373,0.00039029189777795074,0.01360880385953003
2018-01-17,2018,1896,0,0,39,2,-0.6385959299088113,-0.0015964898247720282,-0.06079902062615501,0.17698002627095674,0.00030326083012365874,0.009517949198317242
2018-01-18,2018,1896,0,0,40,0,-1.6688793639678685,-0.004172198409919671,-0.09996821219954928,0.1835140920062755,0.00044659615536661427,0.009636286376724663
2018-01-19,2018,1896,0,0,40,9,-0.31514604984955796,-0.0007878651246238949,-0.006617887226522814,0.16794266175839162,0.00037953282008667606,0.02969674412014127
2018-01-22,2018,1896,0,0,39,2,1.3299150416040777,0.0033247876040101943,0.04812384005974526,0.1588055193683902,0.0003253589461768144,0.037479972678080634
2018-01-23,2018,1896,0,0,39,10,0.3621772276161752,0.000905443069040438,-0.009119346964223968,0.16835963594130315,0.0003396618921460059,0.01365624242416973
2018-01-24,2018,1896,0,0,39,13,-0.1277855929853991,-0.00031946398246349774,-0.008016685326548367,0.16817277555856922,0.0003189341746091003,0.013078481855151505
2018-01-25,2018,1896,0,0,38,5,0.7412620154877138,0.0018531550387192843,0.10751753263506669,0.1488971154410769,0.0003754372505372506,0.011473679971847776
2018-01-26,2018,1896,0,0,38,6,1.1704102759267445,0.0029260256898168613,0.025181525757561416,0.1626404457350115,0.0005160087042320947,0.03429798765594828
2018-01-29,2018,1896,0,0,38,7,-0.6190898871438457,-0.0015477247178596143,-0.005434349754607528,0.16774761002413513,0.0006584287836187238,0.012303404490984576
2018-01-30,2018,1896,0,0,38,5,0.6415211929344498,0.0016038029823361244,0.027612190963874263,0.16223516223653808,0.001054963439788227,0.02546309125730268
2018-01-31,2018,1896,0,0,37,2,0.07325705491556955,0.00018314263728892388,0.04252521810370927,0.15974402230278914,0.00042873717628962336,0.013076324233651045
2018-02-01,2018,1896,0,0,36,2,0.8671614835390979,0.002167903708847745,0.07426511846963127,0.15445192402284444,0.0011276044488925843,0.02930889199561272
2018-02-02,2018,1896,0,0,37,3,0.343868448189788,0.00085967112047447,-0.017695052874022957,0.16979485189239218,0.004430889389434398,0.03198487767401399
2018-02-05,2018,1896,0,0,36,0,-0.6542134631162043,-0.0016355336577905109,-0.06692655127239545,0.1780050073264873,0.0006069958499826496,0.02867674053319698
2018-02-06,2018,1896,0,0,36,7,-1.6472397764625732,-0.0041180994411564335,-0.1436787617421026,0.1908107974413591,0.0009692077896679803,0.06484645811709905
2018-02-07,2018,1896,0,0,35,2,-0.6386268163661142,-0.0015965670409152854,-0.025308328151591064,0.17106491740998575,0.0009919770746216257,0.029039879064289807
2018-02-08,2018,1896,0,0,34,0,0.26259023736821874,0.0006564755934205469,-0.058565440434780645,0.17661111157131454,0.0011482451839799036,0.024132245253783775
2018-02-09,2018,1896,0,0,34,2,-0.916563823512691,-0.0022914095587817274,-0.09926020306566015,0.18340199467924562,0.000959564892683968,0.07822806570355698
2018-02-13,2018,1896,0,0,33,0,0.3661254722538956,0.000915313680634739,0.03220151193472549,0.16146657710031134,0.001191211523853442,0.037930722912462474
2018-02-14,2018,1896,0,0,33,7,0.5917096441998502,0.0014792741104996253,0.015507976313386988,0.16425316681881286,0.0009296914837593682,0.03486042019230467
2018-02-15,2018,1896,0,0,34,0,0.381236446251064,0.00095309111562766,0.0751808764925887,0.15429916831157564,0.0013609229698772283,0.034006496279966825
2018-02-16,2018,1896,0,0,34,0,-0.7218868240347425,-0.0018047170600868562,-0.008122048238621506,0.1681892598980281,0.0003325712988895794,0.051173015703040454
2018-02-19,2018,1896,0,0,34,1,-0.18062427089245547,-0.0004515606772311387,0.020785202209689716,0.16337041953543524,0.0005143685040639069,0.06183041870073888
2018-02-20,2018,1896,0,0,34,1,-0.11049385627280861,-0.0002762346406820215,-0.03965569535617458,0.17345516139230963,0.0003501890934395162,0.01951880119453776
2018-02-21,2018,1896,0,0,33,0,1.3547465020162415,0.0033868662550406037,0.16405646137253768,0.13946990074322949,0.00036922833488345846,0.043801819488236554
2018-02-22,2018,1896,0,0,34,3,-0.09106525583522895,-0.00022766313958807238,-0.007001265797104842,0.1680067971995467,0.00040407804780143657,0.02441314764267677
2018-02-23,2018,1896,0,0,33,1,0.8261662531442666,0.0020654156328606663,0.10350382384322862,0.14956598600231583,0.00029649286322868914,0.09993010401892916
2018-02-26,2018,1896,0,0,32,4,-1.2183323071594467,-0.003045830767898617,-0.15283505739640293,0.1923392039965318,0.0003835223960432847,0.023767824193286456
2018-02-27,2018,1896,0,0,30,2,-0.896218213377195,-0.0022405455334429873,-0.0961234285007916,0.18287826267942903,0.0005579132516128658,0.008738316497217808
2018-02-28,2018,1896,0,0,32,6,0.5117805827963329,0.0012794514569908321,-0.0042603600183281215,0.16755288846135014,0.00048193957416440896,0.019500895527219966
2018-03-01,2018,1896,0,0,35,10,2.7322044050351844,0.006830511012587961,0.16941815305543795,0.13857520949218305,0.0007433104979458302,0.031091032066168006
2018-03-02,2018,1896,0,0,36,12,0.08374738204815246,0.00020936845512038117,-0.021800579329046176,0.17047929125756175,0.0009278712606967823,0.025315910164888572
2018-03-05,2018,1896,0,0,35,8,-0.6124909550817086,-0.0015312273877042715,-0.05316010709594668,0.17570691738901223,0.00041042518966434306,0.3209926009393539
2018-03-06,2018,1896,0,0,34,4,-0.052052144242604736,-0.00013013036060651183,-0.019834941285976307,0.17014572282392837,0.00041871936776177835,0.03308311058209745
2018-03-07,2018,1896,0,0,35,1,0.7315831147370341,0.0018289577868425852,0.08387843383860803,0.15284422512912157,0.00041630741241850184,0.05089957945442838
2018-03-08,2018,1896,0,0,35,3,1.1168681700418497,0.0027921704251046243,0.1797410965164139,0.1368531832187001,0.0006117913162322718,0.015433822291065935
2018-03-09,2018,1896,0,0,36,3,-0.024176278148956953,-6.044069537239238e-05,-0.005092153601554745,0.1676887745841521,0.0005135483420278491,0.01706248731429609
2018-03-12,2018,1896,0,0,35,7,-0.3644164534189771,-0.0009110411335474428,0.0027258965818286224,0.16637887023606113,0.00038514983561300885,0.023900552928586196
2018-03-13,2018,1896,0,0,34,3,-1.1580200099854143,-0.0028950500249635357,-0.08822211174729909,0.18155614859619695,0.00043378152455183106,0.35382830960839373
2018-03-14,2018,1896,0,0,34,8,-0.11765201260492564,-0.0002941300315123141,-0.013882692903203686,0.16915453169010164,0.0003706011547261447,0.044634510469286695
2018-03-15,2018,1896,0,0,32,3,0.5044193836359874,0.0012610484590899684,0.03190044086295984,0.1615192007488665,0.0005333277625402923,0.02311517325557424
2018-03-16,2018,1897,0,0,31,8,0.2316622301264718,0.0005791555753161795,0.036524095053762175,0.1607426721509959,0.00026050300801370356,0.016125261160022174
2018-03-19,2018,1897,0,0,31,12,-0.4704916538102968,-0.0011762291345257419,-0.019774857580972652,0.1701346313083155,0.0003613848795644528,0.013174946692205359
2018-03-20,2018,1897,0,0,29,10,-1.0266428083914505,-0.0025666070209786262,-0.15510307552772115,0.1927202454378562,0.0017031026792361137,0.03476944644783116
2018-03-22,2018,1898,0,0,28,3,0.03646552981293988,9.11638245323497e-05,-0.040420003883271494,0.17358120944203104,0.0003137990987567399,0.015263431898098237
2018-03-23,2018,1900,0,0,30,2,-0.6065897059186556,-0.001516474264796639,-0.0632266054012014,0.17739093650952314,0.002222347850578977,0.05880052300582891
2018-03-26,2018,1900,0,0,28,4,0.0011755029160605002,2.9387572901512504e-06,0.0004296112590768548,0.16676979538709483,0.0005277959781635746,0.031802201226976676
2018-03-27,2018,1901,0,0,29,1,-0.8336423397566872,-0.002084105849391718,-0.0759913186553833,0.1795123402029257,0.0006372152190429175,0.10618304771676589
2018-03-28,2018,1901,0,0,31,1,-2.1621574836440054,-0.005405393709110013,-0.21956250239530847,0.20347203760668317,0.000655252748816265,0.026348431696411614
2018-03-29,2018,1901,0,0,33,3,0.221925562896219,0.0005548139072405475,-0.05483309785700727,0.1759857892988236,0.00032201984022130995,0.014369354555867764
2018-03-30,2018,1901,0,0,32,8,-0.005087987189781096,-1.271996797445274e-05,-0.04815810728431057,0.1748727193443894,0.00031889896986416545,0.0072957077859566195
2018-04-02,2018,1902,0,0,33,6,-1.9019399619246369,-0.004754849904811592,-0.16648006786961794,0.19461417067380388,0.0005209532428191635,0.025343354826686485
2018-04-03,2018,1902,0,0,34,1,-0.11761473324238003,-0.0002940368331059501,-0.02795101271025199,0.17150036224998808,0.0004073675092641432,0.03391713170355773
2018-04-04,2018,1902,0,0,34,8,0.411855172490849,0.0010296379312271225,-0.03770364660236273,0.17312805843030402,0.0003967361652777643,0.05241681979377067
2018-04-05,2018,1902,0,0,34,4,-0.35692624723687155,-0.0008923156180921789,-0.07605722386227264,0.1795207129463828,0.00035841361126607495,0.015697366814388037
2018-04-06,2018,1902,0,0,34,2,-2.255640621717945,-0.005639101554294863,-0.16534205133039317,0.19442464051145655,0.0003747197237159018,0.02817887315459095
2018-04-09,2018,1902,0,0,36,7,-4.5079844864892555,-0.011269961216223139,-0.32047843116339847,0.22030578337112805,0.0005612691834532797,0.031007782607210887
2018-04-10,2018,1902,0,0,37,0,-0.7123992575984047,-0.0017809981439960117,-0.11113039779038027,0.18537093451101344,0.0003257361515993152,0.023352313584088034
2018-04-11,2018,1902,0,0,38,0,0.31273248256029657,0.0007818312064007414,0.04320461303278786,0.15962816009352274,0.0004292636441419966,0.017463575826931536
2018-04-12,2018,1902,0,0,40,0,-0.7381807918650329,-0.0018454519796625823,-0.10592329849368494,0.1845102492032537,0.0006234870238152924,0.019804362070163676
2018-04-13,2018,1902,0,0,40,3,-0.5415838775694266,-0.0013539596939235665,-0.07437565995331402,0.179247075088208,0.00038261670626458556,0.027623265060897448
2018-04-16,2018,1902,0,0,40,3,-0.9547242851700322,-0.0023868107129250806,-0.06494056392961894,0.17767489797439412,0.0004567459082216643,0.005683771123440562
2018-04-17,2018,1902,0,0,40,10,-0.8267380194739004,-0.002066845048684751,-0.017507935995678413,0.16975522183737432,0.0003817557860601213,0.06899515420414054
2018-04-18,2018,1902,0,0,41,8,-0.3731281393975605,-0.0009328203484939013,-0.05002767648089976,0.17517178319992843,0.0002559193708196362,0.013664036422970715
2018-04-19,2018,1902,0,0,42,7,-0.041313244200359256,-0.00010328311050089814,0.025860239215940998,0.1625213881581522,0.0003558333166171991,0.011387536385315528
2018-04-20,2018,1903,0,1,43,6,1.0682693880168872,0.002670673470042218,0.06782308892172284,0.15552239078630825,0.0003325684734235937,0.006208996518541964
2018-04-23,2018,1903,0,0,43,3,-0.7044529500464014,-0.0017611323751160035,-0.09744798702955486,0.18309096154533122,0.0003195399307341821,0.01983569381865379
2018-04-24,2018,1903,0,0,45,4,-0.1353057345002049,-0.0003382643362505122,-0.01968159576803168,0.17011954641877125,0.0003943030683213678,0.019652623412235698
2018-04-25,2018,1903,0,0,45,5,-1.3311360193515487,-0.0033278400483788715,-0.09598419507387614,0.18285135571739194,0.0005443137504673404,0.008414998183035961
2018-04-26,2018,1903,0,0,44,3,-0.34584753237913834,-0.0008646188309478458,0.008649322329254678,0.1653939847708087,0.0007194673156886487,0.020028029001407297
2018-04-27,2018,1903,0,0,45,2,1.0009943870769829,0.002502485967692457,0.14401500473418175,0.1428094465904316,0.000304182382019362,0.016671513658674402
2018-05-01,2018,1903,0,0,46,0,-0.1711221140166339,-0.00042780528504158475,-0.03905686023885272,0.17334937242422013,0.00042056573754271047,0.01037774343636039
2018-05-02,2018,1903,0,0,48,0,1.9445321188986588,0.004861330297246647,0.13720800928771376,0.14394431934909002,0.00044085232510347814,0.004833991446659895
2018-05-07,2018,1903,0,0,47,1,1.3389292814778928,0.0033473232036947322,0.07009392941074358,0.1551399004375697,0.0006648913508844785,0.00687102469278006
2018-05-08,2018,1903,0,0,47,4,0.7820593362351453,0.0019551483405878633,0.04197498088204664,0.159832099654166,0.000775417280058177,0.010035425842296252
2018-05-09,2018,1903,0,0,48,4,0.29847382334730277,0.0007461845583682569,0.0617100865601405,0.15654409395346414,0.0008199821891502736,0.013705897357399743
2018-05-10,2018,1903,0,0,48,4,0.5956865885711411,0.0014892164714278527,0.04704980992048183,0.15898901376995864,0.0010558261063910313,0.022175763694752083
2018-05-11,2018,1903,0,0,47,0,0.7900302671694486,0.0019750756679236215,-0.010995622979172375,0.16867148947712132,0.0007066629491675844,0.01811215265944589
2018-05-14,2018,1903,0,0,47,3,-0.6008544285986619,-0.0015021360714966548,-0.050653229453879026,0.17528934231233256,0.0006394761293297502,0.03448116982787107
2018-05-15,2018,1903,0,0,47,1,0.8674117391717255,0.002168529347929314,0.073537508914438,0.15456636503619214,0.0003836302521966073,0.0277397826748162
2018-05-16,2018,1903,0,0,47,3,0.5471628171475463,0.0013679070428688658,0.05143766960250457,0.15825511283629323,0.00029690076829676253,0.01288405635640541
2018-05-17,2018,1903,0,0,48,1,1.6156258814100366,0.004039064703525092,0.12796921510398468,0.14548588325026743,0.0003501846012707653,0.05728269207191131
2018-05-18,2018,1903,0,0,49,1,0.9042607305118997,0.0022606518262797493,0.07102276972349993,0.15498759701714193,0.00023387249315871562,0.02362806777358259
2018-05-21,2018,1903,0,0,50,4,0.17570368710504908,0.0004392592177626227,-0.06331854741733074,0.17739874633756758,0.00029299335336833044,0.04460410874455347
2018-05-22,2018,1903,0,0,51,1,-0.3138263011809823,-0.0007845657529524558,-0.025292557587331316,0.17105947562184912,0.0003878920896685989,0.02539287822050559
2018-05-23,2018,1903,0,0,50,8,-1.7938568044310699,-0.004484642011077675,-0.14903214190830644,0.19170037455070899,0.0002896236050699386,0.03098282431760409
2018-05-24,2018,1903,0,0,50,1,-0.4516796621421734,-0.0011291991553554336,-0.02704721245081867,0.17134515773655928,0.0003593006060763093,0.04640208491341936
2018-05-25,2018,1903,0,0,50,8,-0.40170097848307385,-0.0010042524462076847,-0.0735781691523216,0.17911356843908746,0.00027792284403592383,0.020950946028255236
2018-05-28,2018,1903,0,0,50,14,0.27860452964430027,0.0006965113241107506,0.03999460454719544,0.16016855141562059,0.0003793767898932513,0.03965173690126454
2018-05-29,2018,1903,0,0,50,14,1.2101797616934415,0.003025449404233604,0.05935713427367618,0.15693423098108694,0.0004633208863750494,0.015912149558472644
2018-05-30,2018,1903,0,0,50,8,-0.5928119519167586,-0.0014820298797918966,-0.06115599318958106,0.17704070349334428,0.00042872304155517065,0.012065896270318935
2018-05-31,2018,1904,0,0,51,11,-1.949653893241705,-0.004874134733104263,-0.19849088012714156,0.1999576087307593,0.0006110661181978147,0.04208854674742964
2018-06-01,2018,1904,0,0,51,9,0.17459803986729083,0.0004364950996682271,-0.04025584053818549,0.17354901723381166,0.0003515430408517135,0.2129660565824429
2018-06-04,2018,1904,0,0,51,14,0.7675336717669494,0.0019188341794173737,0.037905301402051804,0.1605094381923229,0.000350308131089205,0.05544249599791331
2018-06-05,2018,1904,0,0,52,6,0.6411181461150162,0.0016027953652875404,0.09214347717601298,0.15146362152517584,0.00040187670429931707,0.027422613232610794
2018-06-06,2018,1904,0,0,52,6,-0.3235776859086714,-0.0008089442147716785,-0.03678459780637692,0.1729692783424974,0.00031047268070580255,0.027845891147701436
2018-06-07,2018,1904,0,0,51,9,-0.3720731225760423,-0.0009301828064401058,-0.02518469709305581,0.17103552608595027,0.00032690389636055183,0.03259566521497283
2018-06-08,2018,1904,0,0,51,17,-0.5747752073051885,-0.0014369380182629712,-0.05400097340636862,0.17584305685341547,0.0002486851181417802,0.022663693827837873
2018-06-11,2018,1904,0,0,51,10,0.10470914462918335,0.0002617728615729584,-0.012634371481987912,0.1689417074115015,0.00034536315178987316,0.019984362414895186
2018-06-12,2018,1904,0,0,52,0,0.6641520797368526,0.0016603801993421317,0.046546661796743376,0.15906749347242674,0.0003280988852701583,0.010294051984484368
2018-06-13,2018,1904,0,0,53,3,1.8334174770255336,0.004583543692563834,0.1506132056957782,0.14171171347390807,0.0003949225853758354,0.009709091115346938
2018-06-14,2018,1904,0,0,53,8,-1.9906902813630545,-0.004976725703407636,-0.18248293824140716,0.19728548267580728,0.0004669852902639341,0.011033691536349387
2018-06-15,2018,1904,0,0,53,11,0.3081727189583532,0.000770431797395883,0.008353334157194362,0.1654474261417925,0.0006074347632245735,0.016058229876427816
2018-06-18,2018,1904,0,0,51,6,0.25682748471553474,0.0006420687117888368,0.01146508545498155,0.1649250440548268,0.0003154997989953271,0.020957176097983296
2018-06-19,2018,1905,0,0,51,16,1.2411857535227249,0.003102964383806812,0.11062617323810536,0.14838185730232345,0.0003358823116750816,0.027492383420897732
2018-06-20,2018,1905,0,0,50,17,0.200780170389808,0.00050195042597452,0.017882103251228354,0.16385556162020157,0.0004333251031252,0.061772856829615364
2018-06-21,2018,1906,0,0,51,4,-0.45642487207319604,-0.00114106218018299,-0.01977819822965792,0.17013993132335106,0.000627228829338359,0.016019632268395548
2018-06-22,2018,1907,0,0,51,8,-1.9046739724136434,-0.004761684931034109,-0.1655951029580216,0.19446528430665302,0.0004052744707565659,0.018792931266780336
2018-06-25,2018,1907,0,0,51,8,0.8592361946586257,0.0021480904866465643,0.16307312117900796,0.13963189200593362,0.0005547928006851144,0.017795517450395926
2018-06-26,2018,1908,0,0,51,9,-0.1481466970080253,-0.00037036674252006324,-0.023766997523169207,0.17080324163621008,0.00031500874915219045,0.022404361350280188
2018-06-27,2018,1909,0,0,50,4,0.8986569000343755,0.0022466422500859386,0.12057151866569842,0.14672059963419926,0.0003325111909614636,0.007371713410304599
2018-06-28,2018,1909,0,0,50,12,-0.4966192486071339,-0.0012415481215178347,-0.01739038573984738,0.16974243602081396,0.0008071703937508244,0.04069548069609297
2018-06-29,2018,1910,0,0,51,5,-0.9360842892561839,-0.00234021072314046,-0.07362314524203016,0.17912158998388514,0.0003833756625142564,0.013795456447724626
2018-07-02,2018,1910,0,0,52,17,0.34014462048925137,0.0008503615512231284,0.023355011608151337,0.16294117818866763,0.000399648737287618,0.02708905443918025
2018-07-03,2018,1910,0,0,52,5,0.24119724572514079,0.000602993114312852,0.04145793646347392,0.15992412394518385,0.0005457222207532097,0.015922120469103844
2018-07-04,2018,1910,0,0,52,4,1.6511181856076593,0.004127795464019149,0.1114198947422491,0.14824976126152056,0.0008007679882490623,0.017083224393807446
2018-07-05,2018,1910,0,0,51,26,0.08871838246684627,0.00022179595616711567,-0.020775497663845326,0.17030545109817488,0.0012847484593812184,0.04786133403678101
2018-07-06,2018,1910,0,0,52,8,1.0467921858334224,0.0026169804645835557,0.06600438338679705,0.15582694792253787,0.00044119786017839254,0.028610203855758253
2018-07-09,2018,1910,0,0,51,1,-0.553895916363953,-0.0013847397909098824,-0.047759650066732724,0.17480807922882585,0.0004954897815881411,0.03403398079472388
2018-07-10,2018,1911,0,0,51,5,0.14080263044679042,0.00035200657611697604,0.06740742675191813,0.155588001688183,0.00035481524790883503,0.012288140114287981
2018-07-11,2018,1911,0,0,53,8,0.10102009085940455,0.0002525502271485114,0.029678468265461718,0.16188469848701986,0.0006043311521920656,0.04190230708879607
2018-07-12,2018,1911,0,0,54,8,2.052350709729886,0.005130876774324715,0.15047044723482805,0.1417350874789972,0.0006528269819871675,0.008690042360307819
2018-07-13,2018,1911,0,0,55,2,0.28609948732434476,0.0007152487183108619,0.05206296926849978,0.15815120997086557,0.0004016485498015193,0.01187613306561292
2018-07-17,2018,1911,0,0,54,2,1.7283196382001813,0.004320799095500453,0.15815613838103645,0.14045182584381072,0.000277455517096005,0.018629801528228344
2018-07-18,2018,1911,0,0,54,3,-0.9829291876489186,-0.0024573229691222964,-0.03836370526768341,0.1732357079104897,0.0003277439372262506,0.0129139680934661
2018-07-19,2018,1911,0,0,55,6,0.3785070799517657,0.0009462676998794142,0.06882563177973611,0.15534898799889968,0.00033023030023892133,0.042484894932442833
2018-07-20,2018,1911,0,0,54,3,0.3000386540353204,0.000750096635088301,0.053364775435473355,0.15793257347598746,0.0003265378830092981,0.009563603712826614
2018-07-23,2018,1912,0,0,55,4,0.791167556987316,0.00197791889246829,0.08568302659257179,0.1525384566215789,0.00031760512932346534,0.008311759867103724
2018-07-24,2018,1912,0,0,57,4,0.4710028498825165,0.0011775071247062912,0.042615912566093164,0.15972939818986928,0.0003698641153724282,0.011485894709106253
2018-07-25,2018,1913,0,0,58,6,0.6537715394157422,0.0016344288485393554,0.04829291485234983,0.15878078597559972,0.0003475772151054704,0.019414345734498135
2018-07-26,2018,1913,0,0,58,9,0.11100518607356358,0.0002775129651839089,0.07109380808820193,0.1549749687273711,0.0007498246106120455,0.02528313791490005
2018-07-27,2018,1913,0,0,57,5,1.1005259283575473,0.002751314820893868,0.1271908999266209,0.14561820658048985,0.000790336648940313,0.0112118538626357
2018-07-30,2018,1913,0,0,57,2,-1.5948374993138807,-0.003987093748284702,-0.04628921543678179,0.17455984360191978,0.0008354056849216492,0.018937438646150044
2018-07-31,2018,1913,0,0,57,7,1.107170257582446,0.002767925643956115,0.0961365621922823,0.15079362718081343,0.0005447804225423361,0.014800490750974206
2018-08-01,2018,1913,0,0,58,4,-0.4895956603594538,-0.0012239891508986345,-0.03152550439405459,0.17209809047986402,0.0007178328811540374,0.03857209434285268
2018-08-02,2018,1913,0,0,56,2,-0.9850578151208744,-0.002462644537802186,-0.028087240913405618,0.17152271949015926,0.0008158445261111085,0.0566263509111149
2018-08-03,2018,1913,0,0,56,0,0.8700651611853326,0.0021751629029633317,0.002028691588554544,0.16649911305601642,0.0005897134154428239,0.057289765449680424
2018-08-06,2018,1913,0,0,57,1,0.3013458407960028,0.000753364601990007,0.025529886471597717,0.162578379229026,0.0007250059768015487,0.016946079829441164
2018-08-07,2018,1913,0,0,58,1,0.0786098452809676,0.000196524613202419,0.02940675541293426,0.16193094897742455,0.0006429370551986613,0.014545804826326872
2018-08-08,2018,1913,0,0,57,2,0.10808281827778177,0.0002702070456944544,0.05993754896619685,0.15683802442233094,0.0010152358270929369,0.015876880878030526
2018-08-09,2018,1913,0,0,58,0,1.1187486088558796,0.002796871522139699,0.07657763362741127,0.1540643812234395,0.0015320440467359215,0.011362989155734908
2018-08-10,2018,1913,0,0,58,1,0.5844305792997768,0.001461076448249442,0.02718597108587823,0.16230433948985032,0.000744703745473788,0.02097162049753208
2018-08-13,2018,1913,0,0,58,8,-1.3957313325712764,-0.0034893283314281908,-0.12217858078671733,0.1872235141821811,0.0006168502413037723,0.012965831141932303
2018-08-14,2018,1913,0,0,60,2,0.21992820860183127,0.0005498205215045781,0.01969977957878528,0.16355106115391474,0.0005980813522454413,0.02168936814098294
2018-08-15,2018,1913,0,0,61,3,0.24103028819173633,0.0006025757204793408,0.0859698602438571,0.15249191442352092,0.0003111795367118154,0.10059610878580354
2018-08-16,2018,1913,0,0,62,8,-0.20480339050386642,-0.000512008476259666,-0.073763101798843,0.17914386018334189,0.0003842879251096867,0.14824321412837044
2018-08-17,2018,1913,0,0,63,7,-0.22064235387701903,-0.0005516058846925476,-0.056144477623420175,0.17620441484894828,0.0003314014891304068,0.03732839775926446
2018-08-20,2018,1913,0,0,64,6,-0.1576084760324168,-0.000394021190081042,0.003395649484894982,0.16627163574970066,0.0004990264719800235,0.02631563635168597
2018-08-21,2018,1913,0,0,64,10,-1.3119752792333779,-0.0032799381980834446,-0.016100640746574076,0.16951514074935414,0.0003641042808120794,0.03813543731372486
2018-08-22,2018,1913,0,0,65,11,-0.1490895335591298,-0.0003727238338978245,0.033668585829501246,0.1612163760012094,0.00031673159564082215,0.04903815519752598
2018-08-23,2018,1913,0,0,64,15,-0.40127054798997586,-0.0010031763699749397,-0.026171729074159204,0.17120598544406512,0.0004825247243236484,0.021850508243157322
2018-08-24,2018,1913,0,0,64,10,1.1217640822953923,0.0028044102057384807,0.12388848144779123,0.14615780167709758,0.0002471545703530971,0.01240016413585644
2018-08-27,2018,1913,0,0,64,6,0.6006907618269606,0.0015017269045674013,0.026661961138591386,0.1623888799514952,0.0003774171402353268,0.04112885571940981
2018-08-28,2018,1913,0,0,64,9,-0.6984749860698329,-0.0017461874651745824,-0.03629803992015939,0.17288769736352083,0.0003653621364004081,0.009726829018527228
2018-08-29,2018,1913,0,0,63,5,0.05855630406778578,0.00014639076016946444,-0.04538881849671618,0.17440088223602754,0.00025998738435842767,0.040359836768236096
2018-08-30,2018,1913,0,0,63,7,-0.2694867026759207,-0.0006737167566898017,-0.0017282377646361058,0.16712524634406323,0.0005939928920641282,0.0386035537044426
2018-08-31,2018,1913,0,0,65,12,-0.6465863905217032,-0.001616465976304258,-0.09741625041221685,0.18308480524184714,0.0003379626028710933,0.024383510391139
2018-09-03,2018,1913,0,0,64,7,-0.21328116586712775,-0.0005332029146678193,0.007190349823227727,0.16562952219620306,0.00037491667281489504,0.018208056448663894
2018-09-04,2018,1913,0,0,64,13,-0.6065682092123559,-0.0015164205230308897,0.008307303459903752,0.16545144784256416,0.00045575405810952544,0.03213221739859916
2018-09-05,2018,1913,0,0,65,19,-0.6948606520552149,-0.0017371516301380372,-0.087504528851195,0.18143465512238385,0.00034351517767373886,0.01992210681298196
2018-09-06,2018,1913,0,0,63,12,-0.8107911125137047,-0.002026977781284262,0.009330365383869102,0.16527386923935086,0.00043028008592992133,0.28167997555884133
2018-09-07,2018,1913,0,0,63,6,0.5044774921198791,0.0012611937302996977,0.07625066669497003,0.15410858372984293,0.00036092839302458043,0.023286506611722532
2018-09-10,2018,1913,0,0,64,6,0.48864624340173446,0.0012216156085043362,0.10752813684153081,0.14889676086355252,0.0004171922323814084,0.02102517514885483
2018-09-11,2018,1913,0,0,61,9,-0.7951934077857391,-0.001987983519464348,-0.03411880346602885,0.172527790133042,0.00039533110235013814,0.005890489904053606
2018-09-12,2018,1913,0,0,62,0,-2.0510678948437695,-0.0051276697371094235,-0.22453432020314823,0.20429794343368163,0.0006650704722264892,0.013894409905072017
2018-09-13,2018,1913,0,0,63,7,-0.17619339855819582,-0.0004404834963954896,0.03389438534995484,0.16118449997809603,0.0007161873788097308,0.012463304306721238
2018-09-14,2018,1913,0,0,61,8,1.3441744322236326,0.0033604360805590816,0.17925329303901824,0.13693282227629278,0.0005349285469924411,0.021660926678139025
2018-09-18,2018,1913,0,0,59,4,0.1502578064123316,0.000375644516030829,-0.00248665878267278,0.16724998770390234,0.0003352738761782871,0.030526810398344543
2018-09-19,2018,1913,0,0,58,6,0.23484653618186302,0.0005871163404546576,0.04071115634911207,0.16004700813351228,0.00046202061311713833,0.02284951875784859
2018-09-20,2018,1913,0,0,57,5,0.12720638407264628,0.0003180159601816157,-0.016246405953928452,0.16955066941069868,0.0005844377280585587,0.017111194739531804
2018-09-21,2018,1914,0,0,58,12,-2.1039016117735807,-0.005259754029433952,-0.18191674310255995,0.19718917739533057,0.000542806243105031,0.03994344538591978
2018-09-25,2018,1915,0,0,59,21,-0.544678643170041,-0.0013616966079251025,-0.05060629747804921,0.17528315029139865,0.000966541954726798,0.02834426531305056
2018-09-26,2018,1915,0,0,58,8,0.446304609570614,0.001115761523926535,0.04117163451999662,0.15996780001247937,0.00033706274578648135,0.028005426078057807
2018-09-27,2018,1916,0,0,59,12,0.6309025849179221,0.001577256462294805,0.09800625027267382,0.15048661846628184,0.00037237455409030746,0.06213592418792075
2018-09-28,2018,1917,0,0,60,20,-1.1215468380764553,-0.002803867095191138,-0.09436063844749833,0.1825793791202363,0.0003934799805910637,0.012118412928214377
2018-10-01,2018,1920,0,0,63,16,0.4614564110424577,0.0011536410276061443,0.04203259111935128,0.15982542532900337,0.0005293488860147815,0.01724749938398672
2018-10-02,2018,1920,0,0,63,12,-0.9540668783966233,-0.002385167195991558,-0.045138592119074096,0.17436689503412162,0.000316753178595894,0.020797243042269008
2018-10-03,2018,1920,0,0,63,2,-0.7986199284392128,-0.001996549821098032,-0.06340226767607318,0.1774135441878401,0.0004340821763378942,0.01628540775998951
2018-10-04,2018,1920,0,0,62,6,-0.9104921517001467,-0.002276230379250367,-0.041960553062824285,0.17383980374267166,0.0008254073912409313,0.028008993740047103
2018-10-05,2018,1920,0,0,65,6,0.5968704982531785,0.0014921762456329463,0.08839358539279392,0.1520889008186151,0.0005299766055895718,0.03780807959512399
2018-10-09,2018,1920,0,0,65,4,-0.41368673910926734,-0.0010342168477731684,0.03256381911439291,0.1614073974549686,0.0013580669448372462,0.02392845621935323
2018-10-10,2018,1920,0,0,64,1,2.477069640118551,0.006192674100296377,0.18519422652651724,0.13594155712899259,0.0006602324001774528,0.016579845522665053
2018-10-11,2018,1920,0,0,63,32,1.3907988031633718,0.0034769970079084295,0.05624396414204848,0.1574560805249843,0.00052097341697227,0.10397899006295272
2018-10-12,2018,1920,0,0,63,5,-0.4031783432373429,-0.0010079458580933573,-0.09237886090215355,0.18224918710047616,0.000489507647667928,0.0252533165872626
2018-10-15,2018,1920,0,0,63,9,0.5731808583139797,0.0014329521457849491,0.09058952541013418,0.1517259504210068,0.0009035726109943791,0.03494763632694139
2018-10-16,2018,1920,0,0,64,11,-1.1430284007360745,-0.002857571001840186,-0.10388802814561963,0.1841680200895971,0.0003747337290128914,0.024020700581849873
2018-10-17,2018,1920,0,0,63,4,-1.4073990961497636,-0.0035184977403744087,-0.125139497559751,0.1877141344790351,0.000511722865032379,0.06670595030896
2018-10-18,2018,1920,0,0,63,15,-0.41976609030984857,-0.0010494152257746214,-0.009637329543551744,0.16844261222862295,0.0003216221188510484,0.038816791661402686
2018-10-19,2018,1921,0,0,64,10,0.8032370387097174,0.0020080925967742936,0.11726513562405032,0.14727547182163336,0.0006486505554098283,0.013911499615982191
2018-10-22,2018,1921,0,0,63,12,0.24751705339147062,0.0006187926334786766,0.04475894477705858,0.15936334369374133,0.00039636980276568464,0.032983389852581764
2018-10-23,2018,1921,0,0,62,9,1.057879887373418,0.002644699718433545,0.1167528970728259,0.14736118538837917,0.000989173833550093,0.040149293763104735
2018-10-24,2018,1921,0,0,63,15,-0.03874115046147786,-9.685287615369464e-05,-0.0030176134379141318,0.16734187605230838,0.0006920522739990052,0.10080373901964561
2018-10-25,2018,1921,0,0,62,36,0.16886659755031364,0.0004221664938757841,0.06625597166222259,0.15578428244713494,0.0015127415192433384,0.07558357485138448
2018-10-26,2018,1921,0,0,62,26,-1.7632598660351633,-0.0044081496650879085,-0.08958486197958788,0.18178608728590076,0.002406266849383949,0.027330090663645744
2018-10-29,2018,1921,0,0,62,16,-1.6446959442224278,-0.00411173986055607,-0.15455868634395,0.19262625299820335,0.0023835011142033825,0.036563175487843234
2018-10-30,2018,1921,0,0,63,30,1.8792111271614194,0.004698027817903548,0.08836239918141645,0.15209555180271775,0.0018153422125359885,0.13078235008131237
2018-10-31,2018,1921,0,0,62,8,3.7449412969279328,0.009362353242319831,0.24013590955149158,0.12677494322448973,0.0008804786038182137,0.07433977848209311
2018-11-01,2018,1921,0,0,62,11,1.2352773947445417,0.003088193486861354,0.04950465915145492,0.15857655290608821,0.0005913097837923329,0.03398315265138278
2018-11-02,2018,1921,0,0,61,4,-0.5291130179146527,-0.0013227825447866318,0.015934197990461023,0.1641774870712366,0.0006385825182603892,0.040535194864543767
2018-11-05,2018,1921,0,0,61,6,0.523285897045099,0.0013082147426127474,0.04680129437037245,0.15902870878543618,0.0006379063535821557,0.029001335726479754
2018-11-06,2018,1921,0,0,60,6,0.14302413458713303,0.0003575603364678326,0.02507444263651649,0.16265541028559977,0.0009367706674362896,0.018261286092815462
2018-11-07,2018,1921,0,0,60,12,-0.24496349551734822,-0.0006124087387933706,-0.013054469517684701,0.1690098819691847,0.0007546726974503826,0.02522978591985856
2018-11-08,2018,1921,0,0,60,5,0.07159402469925591,0.00017898506174813977,-0.029065593206781558,0.17168467890417138,0.0011293436170184638,0.028534508000853834
2018-11-09,2018,1921,0,0,62,5,-0.7335738346664842,-0.0018339345866662104,-0.02528343560911181,0.17105795555858314,0.0009622721481556648,0.014222855181444949
2018-11-12,2018,1921,0,0,61,3,0.944228568830996,0.0023605714220774903,0.037795391698956696,0.1605313713148308,0.0007744421712145647,0.012160156552547997
2018-11-13,2018,1921,0,0,58,10,-0.7454094525540763,-0.0018635236313851908,-0.06726470286024903,0.17805823928080175,0.0007365180233995545,0.022295648777292093
2018-11-14,2018,1921,0,0,59,7,-1.303534258254844,-0.0032588356456371096,-0.16853885553889203,0.19495692843388043,0.0005339441632662112,0.01758892391920807
2018-11-15,2018,1921,0,0,58,8,0.05649132547464086,0.00014122831368660216,0.011410532310374644,0.16493376649407226,0.0005346119949084098,0.02287781554763598
2018-11-16,2018,1921,0,0,58,14,0.890832676322592,0.00222708169080648,0.09075631003647053,0.1516944736187478,0.00045553983325693787,0.04725793849458718
2018-11-19,2018,1921,0,0,58,6,-0.03913873586560923,-9.784683966402308e-05,0.01053917694078335,0.16507792073751285,0.00033359788046854273,0.06551693624150402
2018-11-20,2018,1921,0,0,59,4,-0.0813313525698538,-0.0002033283814246345,0.005180879068230163,0.16597282519548195,0.00041659278205823173,0.02026917605801736
2018-11-21,2018,1921,0,0,59,14,0.7133386900685041,0.0017833467251712604,0.040807641875254326,0.1600261379023286,0.00039050228740052003,0.023110553792037365
2018-11-22,2018,1921,0,0,59,4,1.228129726714509,0.0030703243167862727,0.12825658321103284,0.14543868366333904,0.00033977582668143035,0.015488403080743318
2018-11-26,2018,1921,0,0,60,5,2.4466310915767027,0.0061165777289417566,0.1844150667460164,0.13606912221383993,0.00046769965603253854,0.022585731211914158
2018-11-27,2018,1921,0,0,60,8,0.9754292239652619,0.0024385730599131546,0.10008510674095543,0.15013841448873289,0.0003778884912904498,0.01815993607480829
2018-11-28,2018,1922,0,0,61,5,0.31516792702258656,0.0007879198175564664,0.007771999033278419,0.16554110845007936,0.0003766709198388091,0.035443627957895164
2018-11-29,2018,1922,0,0,62,13,1.7859021331931317,0.00446475533298283,0.1556510439177948,0.1408688526328608,0.0004094450202446291,0.06241438846894976
2018-11-30,2018,1922,0,0,61,4,-0.8407848738936634,-0.0021019621847341587,-0.08039213565749806,0.1802524404638732,0.0009157165558770754,0.011525914508437964
2018-12-03,2018,1922,0,0,62,12,-1.658640961652397,-0.004146602404130993,-0.16098942650765963,0.19369787727551332,0.0005335918330790046,0.01683494378715573
2018-12-04,2018,1922,0,0,61,10,0.20104252357187136,0.0005026063089296783,0.02559425681281481,0.16256918523335018,0.0007530086416860832,0.06229555346689053
2018-12-05,2018,1922,0,0,62,14,-0.5438143522313756,-0.0013595358805784392,-0.09408155553714422,0.1825330723156825,0.00042286431284761035,0.025637018634948106
2018-12-06,2018,1922,0,0,62,17,1.2944204831932344,0.0032360512079830863,0.11169874658264795,0.1482041810172534,0.000686014605052495,0.022074248925255904
2018-12-07,2018,1922,0,0,62,10,-0.29715265984949557,-0.000742881649623739,-0.05579006216236435,0.17614683460288913,0.0006340285635879871,0.010183432419112041
2018-12-10,2018,1922,0,0,60,18,-1.4631511367431123,-0.0036578778418577805,-0.07794242252091851,0.17984361227141848,0.0015855549214456844,0.03883441296502445
2018-12-11,2018,1922,0,0,59,19,-2.0174803232820366,-0.005043700808205091,-0.21118071737457897,0.20207022081638895,0.0011159172826039321,0.027018436942064898
2018-12-12,2018,1923,0,0,58,4,-0.8418083262430853,-0.0021045208156077132,-0.09746576735586025,0.18309995337526883,0.0011265125927726338,0.060682616759937885
2018-12-13,2018,1924,0,0,59,1,-1.0722326182440653,-0.0026805815456101634,-0.13640034805126242,0.18959482283382637,0.0007027589958784522,0.028979493830942834
2018-12-14,2018,1923,0,0,60,11,-0.6890988598758225,-0.0017227471496895563,-0.05771146045530662,0.1764685445390726,0.0007765674359958747,0.047538879609754496
2018-12-17,2018,1923,0,0,59,7,0.348964394133259,0.0008724109853331475,0.014791828489658957,0.16436996819205607,0.00046527627476426026,0.014908841733425552
2018-12-18,2018,1923,0,0,57,11,1.9525442111197746,0.0048813605277994365,0.1626312977686935,0.13970664884822548,0.0008133012160920493,0.05594605052111368
2018-12-19,2018,1925,0,0,59,17,0.7163803665407364,0.0017909509163518411,-0.010066380576989456,0.16851929164559104,0.0010196682779756746,0.03609184739180901
2018-12-20,2018,1925,0,0,59,33,4.773785765348206,0.011934464413370515,0.1974488646704859,0.1338975552177215,0.0016559449319470192,0.08840754590480883
2018-12-21,2018,1928,0,0,61,44,-2.5263348132622587,-0.006315837033155647,-0.17146030410805094,0.19544561345553274,0.0028801198941048912,0.03946780705722489
2018-12-25,2018,1929,0,0,61,39,-2.6629408585955474,-0.006657352146488869,-0.18018643526305098,0.1969017715631873,0.014308797425522156,0.14786138170137783
2018-12-26,2018,1929,0,0,58,1,-0.10628612498445572,-0.0002657153124611393,-0.04747818275633264,0.1747566155816796,0.0010123442304279264,0.12587408938467243
2018-12-27,2018,1929,0,0,58,2,-0.18217547729253614,-0.00045543869323134035,-0.011591028898580918,0.1687715456274669,0.0010128614024852397,0.09925326468779294
2018-12-28,2019,1930,0,0,58,9,0.13293991562523466,0.00033234978906308664,-0.09945061831602144,0.18343169652565036,0.002107042789837704,0.04628194860135835
2019-01-04,2019,1930,0,0,57,42,-2.2259730896498335,-0.005564932724124584,-0.15488355574063134,0.19267767292147242,0.000903142083376066,0.09018149597732454
2019-01-07,2019,1930,0,0,57,10,1.1250060436904121,0.0028125151092260304,0.03018953151836938,0.16180034786994874,0.0007638439196469347,0.08094510440624368
2019-01-08,2019,1930,0,0,56,15,-0.9708522830545325,-0.0024271307076363315,-0.07726422604029454,0.17972589897829763,0.000814947471842303,0.03844770519919491
2019-01-09,2019,1930,0,0,57,16,-0.3022691954198518,-0.0007556729885496295,0.04835952184388289,0.15876416278868133,0.000479692817236595,0.03280003224266054
2019-01-10,2019,1930,0,0,55,13,-0.21898153813027,-0.000547453845325675,0.030129752526341858,0.16180981796206442,0.0008261330058816692,0.030950136326770586
2019-01-11,2019,1930,0,0,56,10,-0.16214700322629544,-0.0004053675080657386,0.0015035017258370434,0.16658497620017368,0.00044079435574439075,0.021778381783918013
2019-01-15,2019,1930,0,0,56,11,0.4760871247565437,0.0011902178118913592,0.06949998228941168,0.1552385965065743,0.00043887530669549184,0.030652566969281064
2019-01-16,2019,1930,0,0,57,6,1.3906581001541896,0.003476645250385474,0.06510055458800278,0.1559745585179181,0.000546086570979135,0.037930376199596896
2019-01-17,2019,1929,0,0,59,15,0.7840208724836695,0.001960052181209174,0.02124521660822102,0.1632917400629182,0.00046731241174488835,0.03571007111818893
2019-01-18,2019,1929,0,0,58,4,-0.7990729231774955,-0.001997682307943739,-0.04291023162701925,0.17399292514715223,0.0004548194656245167,0.028218696815562338
2019-01-21,2019,1929,0,0,59,1,-0.9431911485217105,-0.0023579778713042764,-0.07559342407076147,0.179448544914447,0.0004613531729786787,0.041816880128063144
2019-01-22,2019,1929,0,0,61,6,-0.38117450294225064,-0.0009529362573556265,-0.04844936777786735,0.17491610638479366,0.0004996743414266031,0.014787386787765016
2019-01-23,2019,1929,0,0,61,9,-1.5394732492514316,-0.003848683123128579,-0.12464242328909696,0.18762954169785356,0.0005647533202346274,0.017845456669383714
2019-01-24,2019,1929,0,0,60,11,0.5590301353042071,0.0013975753382605178,0.009105380320307124,0.16531766928375058,0.00045910004486450566,0.08581360520299501
2019-01-25,2019,1929,0,0,60,3,1.4776053053423779,0.0036940132633559446,0.0885459260078976,0.15206053523181176,0.0003653676283810866,0.023136538253822836
2019-01-28,2019,1929,0,0,60,4,0.42524818308772616,0.0010631204577193154,-0.04009925239204491,0.1735273351268637,0.0007559558917592216,0.011311690801624818
2019-01-29,2019,1929,0,0,61,4,0.09515312446912061,0.00023788281117280153,-0.018691586720117954,0.16995399016589416,0.0008041781642460831,0.021519002379166277
2019-01-30,2019,1929,0,0,62,5,0.13290171022105968,0.0003322542755526492,0.029504370293221494,0.16191462149401764,0.0009143338570073879,0.23648853313707502
2019-01-31,2019,1929,0,0,62,11,1.0276700434177024,0.002569175108544256,0.07371328151864398,0.15454062262087387,0.0009647215070617206,0.021836732317351476
2019-02-01,2019,1929,0,0,62,15,0.5109593019121251,0.0012773982547803129,-0.004080950427205883,0.16751549411152436,0.0005356963025314322,0.018589140781837855
2019-02-04,2019,1929,0,0,62,23,-1.0129152177522454,-0.0025322880443806135,-0.08558479610647415,0.1811115268657046,0.000516544496597203,0.01688203518988935
2019-02-05,2019,1929,0,0,64,10,-0.2712025627865855,-0.0006780064069664638,-0.038731112734263266,0.1732972937103828,0.0007246841663295085,0.067933901334132
2019-02-06,2019,1929,0,0,64,5,0.15932755643393826,0.00039831889108484566,0.00023991811798984003,0.16679866378992145,0.0011737023380241761,0.0150137898565532
2019-02-07,2019,1929,0,0,66,6,0.7426390878141076,0.001856597719535269,0.022895992250948825,0.16301881269248503,0.0012720173126344657,0.025970380940625894
2019-02-08,2019,1929,0,0,65,0,0.8795830773413205,0.002198957693353301,0.04396250982987564,0.1595015271302571,0.0007987986867451576,0.14607525165381574
2019-02-12,2019,1929,0,0,64,1,1.234189556926095,0.0030854738923152374,0.0870827675727085,0.1523067444666821,0.0006790892449406205,0.0795087703743982
2019-02-13,2019,1929,0,0,64,2,0.49329030590803846,0.0012332257647700961,0.0495212673717963,0.15857220401690675,0.0008013044204747346,0.022418222399895507
2019-02-14,2019,1929,0,0,65,1,0.17805579509022618,0.00044513948772556544,0.0060548069895260265,0.16582908879794703,0.0008991296154286983,0.020413871560432343
2019-02-15,2019,1929,0,0,64,1,0.8914078432732375,0.0022285196081830937,0.04795313773165385,0.15882988415300028,0.00034529391955106213,0.023079340369952277
2019-02-18,2019,1929,0,0,63,5,0.45869710343462916,0.001146742758586573,0.025852306276991647,0.16252099295627606,0.0003382235967761049,0.028751837455645055
2019-02-19,2019,1929,0,0,63,4,1.1458398573272903,0.0028645996433182257,0.08344350513377954,0.15290845248248658,0.00028660404783527007,0.027229663958443315
2019-02-20,2019,1929,0,0,64,7,-0.6610798887243897,-0.0016526997218109744,-0.07174307714801041,0.17879776911331857,0.00031053136816369507,0.020720925714762348
2019-02-21,2019,1929,0,0,64,4,-0.22282253512904293,-0.0005570563378226073,-0.00512239493817122,0.16769065576268063,0.00038212659735192367,0.018057845031180964
2019-02-22,2019,1929,0,0,64,2,-0.02515892412525983,-6.289731031314957e-05,0.008733075145299297,0.1653746803664122,0.00030731540712593806,0.010612477050927
2019-02-25,2019,1929,0,0,63,6,0.7795981070003739,0.0019489952675009348,0.08035686260665617,0.15342737696715075,0.00039975078255229503,0.011683602933853069
2019-02-26,2019,1929,0,0,62,4,0.41723151570940176,0.0010430787892735044,0.057250388266914164,0.15728095449070698,0.00040532573787101185,0.014234617565573574
2019-02-27,2019,1929,0,0,62,7,-0.4957489862829588,-0.001239372465707397,-0.037312789447184844,0.17305908097733658,0.0003002722450734483,0.01779622103957
2019-02-28,2019,1930,0,0,60,5,0.1286610732393605,0.0003216526830984012,-0.011845730959789866,0.1688129997824039,0.00041393528032731197,0.01618105283203163
2019-03-01,2019,1931,0,0,61,4,-0.734758750514034,-0.001836896876285085,-0.06674891673231685,0.1779689057442434,0.00034568508704336046,0.009201551166652142
2019-03-04,2019,1931,0,0,61,11,-0.6154955477480851,-0.0015387388693702128,-0.05920356044292437,0.1767082080578587,0.0002629490796374896,0.011148041560083583
2019-03-05,2019,1932,0,0,63,7,-0.32119533585123783,-0.0008029883396280946,-0.0050629514454016,0.16768107640213303,0.00044299418309636955,0.028543291573027246
2019-03-06,2019,1932,0,0,64,4,1.1647361738180226,0.002911840434545057,0.060276832583522344,0.15678252479131685,0.0009787041733557934,0.010174835208238173
2019-03-07,2019,1932,0,0,63,1,-0.6293133417103456,-0.001573283354275864,-0.06158563470616553,0.17710997620870034,0.0004105451057543053,0.018872199615760848
2019-03-08,2019,1932,0,0,63,1,0.7557449834444356,0.001889362458611089,0.13385885227886515,0.14450503827818323,0.0006372075484419301,0.046142716133191146
2019-03-11,2019,1932,0,0,63,8,-0.8868958940260997,-0.0022172397350652493,-0.08138772835862096,0.18041246225149585,0.0003567454394079569,0.01381208580186599
2019-03-12,2019,1932,0,0,63,15,-0.41152834955405915,-0.0010288208738851478,-0.06452391911820284,0.17759657780806606,0.0003637473550704285,0.040442873860980555
2019-03-13,2019,1933,0,0,66,7,-0.46868174957065745,-0.0011717043739266435,-0.04181368243976655,0.17381189620248527,0.0005152896945965428,0.02349860183767245
2019-03-14,2019,1933,0,0,65,18,-0.864601526728944,-0.00216150381682236,-0.06361701481190503,0.17745021725493595,0.0006868936610067627,0.038921263805184084
2019-03-15,2019,1934,0,0,65,12,0.45377833935628487,0.0011344458483907123,0.025877022709697887,0.16251778403678097,0.0003071324943243391,0.03581501626643934
2019-03-18,2019,1934,0,0,65,5,-0.368634518909276,-0.0009215862972731901,-0.049273431013242566,0.17505341180490822,0.0002899149643056768,0.09853769956610237
2019-03-19,2019,1935,0,0,66,7,0.19277813447784486,0.00048194533619461214,-0.023367599009131435,0.17073205240066647,0.0004021938387404656,0.019445465352373063
2019-03-20,2019,1936,0,0,67,7,-0.054015137745843766,-0.00013503784436460942,-0.05009438860101081,0.1751964521920231,0.0010582883296432644,0.012827371651714228
2019-03-22,2019,1936,0,0,66,6,-0.8316113770722566,-0.0020790284426806414,-0.0162790801965697,0.16955465266372474,0.0009968015793626044,0.020535357885066774
2019-03-25,2019,1936,0,0,65,12,1.4703586370511328,0.003675896592627832,0.17271090204437367,0.13802244457842489,0.0004918870018020647,0.016326013228045978
2019-03-26,2019,1936,0,0,63,5,-0.3225615068483876,-0.000806403767120969,-0.05782349175300828,0.17648541453563008,0.0009453428728486498,0.024604365855748614
2019-03-27,2019,1936,0,0,61,12,0.3735919076264967,0.0009339797690662417,0.07332928496145935,0.15460124873296613,0.0003438452007992559,0.016570524750607833
2019-03-28,2019,1937,0,0,63,18,0.2675971260634429,0.0006689928151586072,-0.00894866639747738,0.16833113444208803,0.0006115617098243566,0.05363414850286558
2019-03-29,2019,1937,0,0,64,9,0.9649594756013041,0.0024123986890032603,0.03275091750381459,0.1613721943071375,0.0005386919093571896,0.02268116599226917
2019-04-01,2019,1937,0,0,63,6,-0.9967746586448245,-0.0024919366466120614,-0.0881175418039482,0.18153598333095877,0.0004369037138324421,0.053800265664892634
2019-04-02,2019,1937,0,0,63,7,0.15850398646510458,0.00039625996616276144,-0.04576568640771481,0.1744570124020892,0.0003399457920499546,0.06656336496634092
2019-04-03,2019,1937,0,0,63,7,0.9599527422507588,0.002399881855626897,0.040179133074693216,0.16012839045812044,0.0003391336979509405,0.02507015538965969
2019-04-04,2019,1937,0,0,65,8,0.719366687010274,0.0017984167175256849,0.05940817016600504,0.1569221231212987,0.00030741687407416344,0.012577416501991368
2019-04-05,2019,1937,0,0,64,7,0.6440348727645118,0.0016100871819112795,0.04753989537269976,0.15889197807495517,0.00034347070389389154,0.045735914228336644
2019-04-08,2019,1937,0,0,63,7,0.6742760213824,0.001685690053456,0.07244149423511732,0.15474691213764455,0.00025099595855879544,0.014518104515400957
2019-04-09,2019,1937,0,0,64,10,1.3305019589402,0.0033262548973505,0.13025093220841574,0.1450963674228437,0.0003326632683204257,0.021375880318537783
2019-04-10,2019,1938,0,0,63,9,-0.03904852232169337,-9.762130580423342e-05,-0.026592723537069846,0.1712662847906445,0.00027926648679062714,0.01314777631005676
2019-04-11,2019,1938,0,0,66,7,-1.818306222555992,-0.00454576555638998,-0.16357966528155812,0.19412860500658083,0.0008494052300830172,0.01379315794849565
2019-04-12,2019,1938,0,0,65,6,0.7135241912398405,0.0017838104780996012,0.054386396522637645,0.15775809795711418,0.00033054119796511355,0.030267510359758026
2019-04-15,2019,1938,0,0,64,22,0.1593110441133102,0.0003982776102832755,0.02164663957745174,0.16321823287985587,0.00039668282593894184,0.0236875874181008
2019-04-16,2019,1938,0,0,65,10,-0.52997427967553,-0.001324935699188825,-0.04876223540293811,0.17497293036747247,0.0006575448605292925,0.01225866714619468
2019-04-17,2019,1938,0,0,65,10,2.8294742571708613,0.007073685642927153,0.23742192800592113,0.12722220550218585,0.0003145889357834261,0.01754152912098729
2019-04-18,2019,1938,0,0,65,14,0.7396787212934582,0.0018491968032336456,0.14327005853205765,0.14292563583376097,0.00025947040795745507,0.017287858287103188
2019-04-19,2019,1938,0,0,65,15,0.016180182877744198,4.0450457194360496e-05,0.032308470053574775,0.16143368368144467,0.00021924214085574848,0.025251476669389573
2019-04-22,2019,1938,0,0,64,13,0.1361423875097823,0.00034035596877445576,0.046192939928967655,0.15912924433652464,0.000350532158376829,0.022254580810526503
2019-04-23,2019,1938,0,0,63,6,-0.1679318900709479,-0.00041982972517736974,0.015802005304798226,0.16419721186747796,0.0003712135599264402,0.021830832357572674
2019-04-24,2019,1938,0,0,64,16,-0.14507451991819817,-0.0003626862997954954,-0.02088784936710977,0.1703178834181866,0.00042428391626675324,0.04409899387557282
2019-04-25,2019,1938,0,0,64,15,-1.9684351942456844,-0.004921087985614211,-0.12021587966298644,0.18689328108937583,0.0009424966522833612,0.0315326194472836
2019-04-26,2019,1938,0,0,64,11,-0.4805029220213499,-0.0012012573050533748,-0.05685701608674682,0.17632279476688648,0.0007261292844281834,0.00763194888744296
2019-05-07,2019,1938,0,0,63,14,-0.19450448172568446,-0.00048626120431421115,-0.009422730615940645,0.16840962449382624,0.0009690368484569032,0.21777292110046673
2019-05-08,2019,1938,0,0,63,6,-0.3829919014234008,-0.000957479753558502,-0.016186341983871068,0.16953454020203415,0.0008231261618599993,0.10138801357352029
2019-05-09,2019,1938,0,0,63,10,-0.019198432744240712,-4.799608186060178e-05,-0.03417427241334269,0.1725384776920713,0.0014577722334989404,0.014540021487721945
2019-05-10,2019,1938,0,0,64,9,1.324132057595666,0.0033103301439891654,0.037343939972033995,0.1606062917671699,0.0010028095361348328,0.010624892130625611
2019-05-13,2019,1938,0,0,62,7,0.3788027127829148,0.0009470067819572869,0.06699001016404461,0.15566053808437455,0.0011568651299589906,0.02127137801123028
2019-05-14,2019,1938,0,0,61,5,-0.21113923456585326,-0.0005278480864146332,-0.01624830523283659,0.16954542970275854,0.0010384525978618978,0.00444419048155894
2019-05-15,2019,1938,0,0,61,3,-0.2856274847876601,-0.0007140687119691502,0.011163801957076456,0.16497374544964793,0.0006124901452893478,0.00476378569368012
2019-05-16,2019,1938,0,0,61,2,-0.973824371151427,-0.0024345609278785675,-0.0988687589463419,0.1833283626787245,0.00046393897140529486,0.011173255255983651
2019-05-17,2019,1938,0,0,60,5,-0.8985052153734028,-0.002246263038433507,-0.0583305935702887,0.17656639276469052,0.000370705316289117,0.009152385735002587
2019-05-20,2019,1938,0,0,61,8,1.5271988200402586,0.0038179970501006468,0.16298487947905707,0.13963956454263385,0.0003112526780844273,0.005075063067324974
2019-05-21,2019,1938,0,0,61,6,-0.8233807755772572,-0.002058451938943143,-0.1323974255327657,0.18892061474646515,0.00041425854538183803,0.01037586290995418
2019-05-22,2019,1938,0,0,60,9,-0.4037632989278154,-0.0010094082473195384,0.00969058457838323,0.16521595277757758,0.000300454891514875,0.004836924270871047
2019-05-23,2019,1938,0,0,61,5,-0.05555358522718978,-0.00013888396306797445,-0.0010952798343203591,0.16701284011408685,0.0003296800861195022,0.01699244930899759
2019-05-24,2019,1938,0,0,60,10,0.19735155290194095,0.0004933788822548523,0.038094886801814186,0.16047893325188406,0.0003913692293948473,0.00819116140339011
2019-05-27,2019,1938,0,0,60,5,-0.27278102797724935,-0.0006819525699431234,-0.01060878959524948,0.1686038214610805,0.00036406634126867615,0.013093553761985885
2019-05-28,2019,1938,0,0,60,5,1.2046797420313302,0.0030116993550783257,0.10263732165375147,0.14971052924634567,0.000377466788447575,0.006029316217243107
2019-05-29,2019,1938,0,0,60,6,-0.3008825374242048,-0.000752206343560512,-0.07973639045620726,0.18013743716415573,0.00039371915013749884,0.013198335605456458
2019-05-30,2019,1938,0,0,59,3,-0.7360565007146742,-0.0018401412517866855,-0.007481230161457592,0.16808563018175515,0.0007050846805378666,0.011820840641232105
2019-05-31,2019,1938,0,0,59,6,-1.0350591998858654,-0.0025876479997146633,-0.006052034169837998,0.16784702020818065,0.0005456729253341677,0.009389380071335081
2019-06-03,2019,1939,0,0,58,10,-0.7652106781642383,-0.0019130266954105956,-0.060324698537841996,0.17690282253203135,0.0009443143543377201,0.006901374269748704
2019-06-04,2019,1939,0,0,58,9,-0.8311636213945339,-0.002077909053486335,-0.027994170884423467,0.17150059560006167,0.0003671312820597787,0.004765649103978731
2019-06-05,2019,1939,0,0,57,6,-0.475650216203253,-0.0011891255405081325,-0.012404602907094,0.16890314214781527,0.0004145303990395236,0.0109503082610671
2019-06-06,2019,1939,0,0,59,4,-0.1764368876091309,-0.00044109221902282724,0.02490387826665535,0.1626808051371766,0.0004945006268108901,0.010256039135202092
2019-06-07,2019,1939,0,0,59,8,0.5253836567230908,0.0013134591418077271,0.04392640433339514,0.15949974098443034,0.0002959666909852752,0.01330888566764711
2019-06-10,2019,1939,0,0,59,2,0.31391447894068897,0.0007847861973517224,-0.008717985670643311,0.16828655873022708,0.0002809389683732659,0.017365306046898038
2019-06-11,2019,1939,0,0,61,3,-1.4667612183160728,-0.003666903045790182,-0.15565262728434487,0.19280355913835542,0.0004595483910705412,0.010704625161108192
2019-06-12,2019,1940,0,0,62,7,-0.7783290921529405,-0.0019458227303823514,-0.02870956447047304,0.17161835835060332,0.00031254450501307356,0.021956542492704113
2019-06-13,2019,1940,0,0,62,11,-1.0183652536244003,-0.002545913134061001,-0.142880090709824,0.19067052051243866,0.0003857827015890525,0.009523329279112182
2019-06-14,2019,1940,0,0,59,11,-0.13256230458721596,-0.0003314057614680399,0.010763562011530843,0.1650415463763149,0.0004664141698156993,0.008011947242218714
2019-06-17,2019,1940,0,0,57,9,-1.1822323657426366,-0.0029555809143565915,-0.1014774592597391,0.18376761776990488,0.0008088847628420911,0.025505380200906702
2019-06-18,2019,1941,0,0,58,7,-0.3262154479595216,-0.000815538619898804,-0.03036822256592199,0.1718946745853568,0.00037844223590942843,0.06461801404393747
2019-06-19,2019,1942,0,0,58,13,-0.5593404667043916,-0.001398351166760979,-0.07513256949992567,0.17937087856076753,0.0004902443601551695,0.05450545080312802
2019-06-20,2019,1942,0,0,57,10,-0.21409849938092282,-0.0005352462484523071,-0.003096669980928862,0.16734614028975447,0.00027779349678954573,0.022895646672442517
2019-06-21,2019,1942,0,0,57,13,0.1937876251034958,0.00048446906275873946,0.062459025808651175,0.15640747129569402,0.0002734316898407186,0.017583573825274038
2019-06-24,2019,1942,0,0,57,20,0.3597017719995339,0.0008992544299988348,0.011870184812971198,0.1648549009279913,0.0004338304808553394,0.013485660854563241
2019-06-25,2019,1942,0,0,57,14,1.3249597443093197,0.0033123993607732994,0.08322889790439411,0.15295097284898362,0.0005309307484343432,0.008893496731569464
2019-06-26,2019,1942,0,0,57,29,-0.049233771486984955,-0.00012308442871746239,-0.009818099955922194,0.1684677623371735,0.0003737366508901463,0.01549339491466925
2019-06-27,2019,1943,0,0,57,3,0.1538905943173896,0.000384726485793474,-0.00203462394719397,0.16717750654651192,0.0008315673850359216,0.03445623746519964
2019-06-28,2019,1943,0,0,57,11,-0.4686779177610032,-0.001171694794402508,-0.03581275027961332,0.17280743657714304,0.0002868064195627275,0.04499983630638609
2019-07-01,2019,1943,0,0,58,26,-2.312285132263,-0.0057807128306575,-0.20652625288075538,0.20129048382790893,0.0006301180769676231,0.09044356661812133
2019-07-02,2019,1943,0,0,57,9,1.31821696414452,0.0032955424103613003,0.1010024559166551,0.14998325022984116,0.0002456161086194406,0.17608596438241852
2019-07-03,2019,1943,0,0,57,3,0.2687195023396919,0.0006717987558492297,0.06743944036360829,0.1555738329715212,0.0002551002818085844,0.04315972937493047
2019-07-04,2019,1943,0,0,58,6,0.06626578049549448,0.0001656644512387362,-0.003535490244001037,0.16742295084847436,0.0004696016694052579,0.032299714439185924
2019-07-05,2019,1943,0,0,55,6,0.46143736897595633,0.0011535934224398909,-0.017578623487824345,0.16976581202427693,0.0003401936933015399,0.060026818858140665
2019-07-08,2019,1943,0,0,54,1,0.3862661326372051,0.0009656653315930128,0.03133165508352947,0.16160468837347544,0.00026657994269614854,0.018711526286742247
2019-07-09,2019,1943,0,0,53,3,-0.2280701117554671,-0.0005701752793886677,0.01158522714453804,0.16490125173926065,0.00032796978515700257,0.02161568799241461
2019-07-10,2019,1943,0,0,54,7,0.17261950168868445,0.00043154875422171115,0.05203041899416448,0.15815190967576978,0.0003959131449806513,0.22407200763405613
2019-07-11,2019,1943,0,0,55,4,-0.0023196335141870694,-5.799083785467673e-06,-0.02787173412797425,0.17148068192556362,0.0005638624363913133,0.0103469135625237
2019-07-12,2019,1943,0,0,52,1,0.014564826461219316,3.6412066153048286e-05,0.028518317665406974,0.16207333013874922,0.0002878821002905413,0.010903298177855448
2019-07-16,2019,1943,0,0,51,4,-0.5387566918981186,-0.0013468917297452965,-0.05695012165440923,0.17633950116576494,0.0009719433651313814,0.012130726850869342
2019-07-17,2019,1943,0,0,54,3,0.7159487802957729,0.0017898719507394322,0.05878761291002198,0.157029984733185,0.0005261346110198291,0.008776640520283012
2019-07-18,2019,1944,0,0,55,15,-1.10794233955871,-0.0027698558488967752,-0.0848781436208689,0.18099329124239152,0.0003101626393968416,0.029406288941720985
2019-07-19,2019,1944,0,0,54,9,-0.3873389480338161,-0.0009683473700845402,-0.01042530828091099,0.16857378884883562,0.00021630960471363694,0.0160052976981652
2019-07-22,2019,1944,0,0,54,7,0.2564883696476149,0.0006412209241190372,-0.048806749678545265,0.17497177572863054,0.00024819606796186363,0.03299710071449463
2019-07-23,2019,1944,0,0,54,8,0.0047953225723427195,1.1988306430856798e-05,-0.03203053825131533,0.1721735935108903,0.00025283074506717544,0.011069247565414587
2019-07-24,2019,1944,0,0,54,10,-0.6819482909853029,-0.0017048707274632572,-0.039188821126703244,0.1733649626835668,0.00033796654687726286,0.012520759287867667
2019-07-25,2019,1944,0,0,54,10,-0.8253609078424713,-0.0020634022696061783,-0.07113144380587368,0.17869765300314475,0.0003385689811330034,0.03280125746546768
2019-07-26,2019,1944,0,0,54,9,-0.32165160626421974,-0.0008041290156605494,0.022041476128258197,0.16315450638844678,0.00035422793984824153,0.03751878668596573
2019-07-29,2019,1945,0,0,54,7,-0.2376993058293726,-0.0005942482645734315,-0.02368577542153636,0.1707843121177388,0.0005169374469314427,0.02776611255502868
2019-07-30,2019,1945,0,0,55,11,0.08959428797213959,0.00022398571993034896,0.019877335901109794,0.16351289558776097,0.00047234642051606555,0.012783591561963686
2019-07-31,2019,1945,0,0,56,4,-1.8595246448617169,-0.004648811612154292,-0.166435093312139,0.19460545484620176,0.001279708777035727,0.012771107850448606
2019-08-01,2019,1945,0,0,55,7,-0.5583594983473059,-0.0013958987458682647,-0.07090007742727619,0.17866612897762876,0.001023099940761294,0.01914049251380218
2019-08-02,2019,1945,0,0,56,25,0.880385435347852,0.0022009635883696297,0.054626662043006834,0.15771796777662014,0.0003962904026102518,0.028312702242497302
2019-08-05,2019,1945,0,0,54,21,0.5667952736372447,0.0014169881840931117,0.036526924570037894,0.16073845381004867,0.0006131389702115281,0.02741729792302628
2019-08-06,2019,1945,0,0,54,24,0.7425364425465883,0.0018563411063664708,0.04788759657474849,0.15884333204698498,0.0006055090418487137,0.05275574995182507
2019-08-07,2019,1945,0,0,55,9,-1.313163185577797,-0.0032829079639444926,-0.04139372899265268,0.17373090304919087,0.0005840346631935325,0.0487000619134554
2019-08-08,2019,1945,0,0,53,11,-1.1501186682233198,-0.0028752966705582993,-0.10585693285447645,0.18449788094544026,0.0010723673013647876,0.03451851978690258
2019-08-09,2019,1946,0,0,54,10,1.4030702008817502,0.0035076755022043753,0.0897047694330348,0.15186941601850418,0.0006369734114421936,0.04651046241159522
2019-08-13,2019,1946,0,0,54,8,0.9524048136873968,0.0023810120342184922,0.06254864573612748,0.15640047460618706,0.0005469746691621279,0.03820593078135293
2019-08-14,2019,1946,0,0,54,3,-0.37402980733455854,-0.0009350745183363963,-0.02308753920016496,0.17068175666774227,0.0003307540915919722,0.018733015502915517
2019-08-15,2019,1946,0,0,54,15,-0.7012314519031104,-0.001753078629757776,-0.0661972458220145,0.17786705552532012,0.00039634819391224724,0.07026441044698137
2019-08-16,2019,1946,0,0,54,12,-0.7811367726683431,-0.001952841931670858,-0.03939696026284827,0.17340674204879883,0.00045967404243398057,0.015907241113543406
2019-08-19,2019,1946,0,0,54,5,-0.5508602541949665,-0.0013771506354874163,-0.09349086900211473,0.1824316276718714,0.0003488130421832363,0.07470242869645634
2019-08-20,2019,1946,0,0,54,3,0.12806230634931587,0.0003201557658732897,0.035802501487709124,0.16084350683677268,0.0002731069569774121,0.020833987194231424
2019-08-21,2019,1946,0,0,57,8,0.10190068726457674,0.00025475171816144183,0.02493978373429301,0.1626616287817273,0.00022782360198867754,0.019681622317935132
2019-08-22,2019,1946,0,0,57,10,-0.20570227823799625,-0.0005142556955949906,-0.0002519657548829183,0.1668795034409302,0.0006042873989673251,0.01625866301091911
2019-08-23,2019,1946,0,0,57,8,0.4147695757912966,0.0010369239394782414,-0.01222129076565732,0.16886719500950226,0.0003079181270393189,0.010542276526789105
2019-08-26,2019,1946,0,0,58,3,0.8424124745696978,0.0021060311864242445,0.041697251126073684,0.15986806583987553,0.00033045557190458766,0.10347211674341798
2019-08-27,2019,1946,0,0,54,9,-0.06008957797184078,-0.00015022394492960196,-0.01401034911654096,0.16916259034100192,0.0003205847327627677,0.03181071187612875
2019-08-28,2019,1946,0,0,54,12,2.5846551562388793,0.0064616378905971985,0.24514089166895317,0.1259385810605665,0.0006238695516551821,0.026454238459804817
2019-08-29,2019,1946,0,0,53,15,-0.14847057449508827,-0.00037117643623772067,-0.02376549788188639,0.17079954497063554,0.0002931780929954144,0.013279745438375096
2019-08-30,2019,1946,0,0,53,2,0.042639257129334585,0.00010659814282333646,0.061420827540177504,0.1565827040306962,0.00028967035589837204,0.0317724787720065
2019-09-02,2019,1947,0,0,53,6,-1.012368747300484,-0.0025309218682512103,-0.06970587931260323,0.17846180077447024,0.0002718221824503612,0.014299417929041637
2019-09-03,2019,1947,0,0,53,6,1.2979203470317762,0.0032448008675794405,0.15839473628712625,0.14041138683177798,0.0005839084258181231,0.03149153676434516
2019-09-04,2019,1947,0,0,54,7,-0.43458030515433343,-0.0010864507628858336,-0.042574251513527436,0.1739326467247529,0.0002531632422051106,0.040242469296896906
2019-09-05,2019,1947,0,0,53,4,-0.10971809804861765,-0.00027429524512154413,0.023026581658301064,0.16299245785571367,0.00033599492988428356,0.02767960447813373
2019-09-06,2019,1947,0,0,52,10,4.805032760824164,0.01201258190206041,0.3230639070691539,0.11293698119216539,0.0004662344743425883,0.023759900855401195
2019-09-09,2019,1947,0,0,51,21,1.6926730386716402,0.004231682596679101,0.19035304108361345,0.13507929622028084,0.00046227016102337403,0.029286957586862387
2019-09-10,2019,1947,0,0,51,7,1.5142469305247754,0.0037856173263119386,0.1379570823142863,0.14381629776994603,0.00034460739848149474,0.019360369712584383
2019-09-11,2019,1947,0,0,51,7,0.7991308518221288,0.001997827129555322,0.11751975130679808,0.14722819848474752,0.0003377238958726024,0.05310546230095509
2019-09-12,2019,1947,0,0,50,6,-0.20137196749700992,-0.0005034299187425248,-0.04497716340234238,0.17433172538130848,0.00038698988317465127,0.017261281494754473
2019-09-13,2019,1946,0,0,50,8,-1.9499509028925406,-0.004874877257231351,-0.14016553958056807,0.19021892863175716,0.0004970280918422645,0.017200708474199557
2019-09-17,2019,1945,0,0,50,11,0.2641005946167494,0.0006602514865418735,0.0018167259204165246,0.16653361453306545,0.00029176305481651434,0.015442139764815836
2019-09-18,2019,1945,0,0,49,5,0.20286394649135325,0.0005071598662283832,-0.03511733954836,0.17268666061117557,0.00034637432025573007,0.03114495036777968
2019-09-19,2019,1945,0,0,48,13,-0.22475658928733488,-0.0005618914732183373,-0.05306907126142498,0.1756852466020878,0.00035964844531706454,0.01711562296932933
2019-09-20,2019,1946,0,0,50,11,0.2265382733231196,0.000566345683307799,0.010595904161528268,0.16506286816358134,0.00022865454131213431,0.013207941996613588
2019-09-24,2019,1947,0,0,50,5,-1.2990651578026688,-0.003247662894506672,-0.08646200955395761,0.1812581205487944,0.0002643645322090434,0.014026126209688005
2019-09-25,2019,1947,0,0,50,3,0.5824572123950738,0.0014561430309876844,0.002072179687310352,0.16649113832276077,0.0005753154315634583,0.01256668262868169
2019-09-26,2019,1947,0,0,51,12,0.7901737898605605,0.0019754344746514014,0.02608432515577821,0.16248416357476075,0.0004423578489147856,0.011434664775031652
2019-09-27,2019,1948,0,0,51,6,1.4680059903481544,0.003670014975870386,0.09902963197166897,0.15031521863122882,0.0006203075702266919,0.02826112259650078
2019-09-30,2019,1948,0,0,52,3,0.06295724356465726,0.00015739310891164316,-0.023154172734501256,0.17069578812248168,0.00031766039460760006,0.02691423328496837
2019-10-01,2019,1949,0,0,52,4,0.4485813623697128,0.001121453405924282,0.025564100243973962,0.16257224779709237,0.0006637614078846689,0.038308586258632954
2019-10-02,2019,1949,0,0,52,8,-0.009481128941068562,-2.3702822352671403e-05,-0.03219249495014419,0.17220050201865847,0.00025931728467659486,0.02319688234183439
2019-10-03,2019,1949,0,0,52,2,-0.2871296984997352,-0.0007178242462493379,0.03689353206171286,0.16066887306358868,0.00028356548334579,0.025314893497072014
2019-10-04,2019,1949,0,0,50,3,0.37281078623176844,0.0009320269655794211,0.0707594454366807,0.15502928031224816,0.00044180755457630074,0.015848039562436935
2019-10-07,2019,1949,0,0,49,5,-0.6131143022102851,-0.0015327857555257126,-0.06841910347066146,0.1782429848611177,0.00023177455902256554,0.010935227435391152
2019-10-08,2019,1950,0,0,52,12,0.43284434262838933,0.0010821108565709733,0.06910044926452903,0.1553009754826134,0.00034323889616229666,0.020347788979551903
2019-10-09,2019,1951,0,0,56,7,-0.0010021595809167616,-2.505398952291904e-06,-0.048327635896106606,0.17489099795752006,0.0003234612667761781,0.014747950995015711
2019-10-10,2019,1951,0,0,58,14,-0.0053721964749051665,-1.3430491187262916e-05,-0.03308832812627157,0.17235728908555467,0.0006070091348308903,0.053653957583470246
2019-10-11,2019,1951,0,0,58,8,-0.2483966117005405,-0.0006209915292513513,-0.02601228728132501,0.17117237021018908,0.0004332093774639107,0.12518827198184426
2019-10-15,2019,1951,0,0,57,11,-0.08083092055981345,-0.0002020773013995336,-0.010564304112954639,0.16859494242740702,0.00031583626327703624,0.01826460542007982
2019-10-16,2019,1951,0,0,56,8,-1.0282229196419663,-0.002570557299104916,-0.09288415795996119,0.1823276482230155,0.0003051918430723397,0.008095195050003761
2019-10-17,2019,1951,0,0,56,7,-0.34093295991731254,-0.0008523323997932813,-0.018885864464909728,0.16997956091230548,0.00031673462036105207,0.014666033535664926
2019-10-18,2019,1951,0,0,56,5,-0.6116972962731271,-0.0015292432406828177,-0.02063307739487809,0.17027587275494857,0.000318672667438728,0.02781724833755119
2019-10-21,2019,1951,0,0,57,10,-0.5259181638505144,-0.001314795409626286,-0.048743260025047426,0.17496033565281685,0.0003293819189806102,0.04973859616240576
2019-10-23,2019,1951,0,0,57,10,0.8859838025511583,0.0022149595063778956,0.07908008369585383,0.1536324352285161,0.00024542640605166146,0.01159095610555123
2019-10-24,2019,1951,0,0,58,8,1.022261494810087,0.0025556537370252175,-0.036085608467739574,0.17285272489604786,0.00034631403838035425,0.024560525362562497
2019-10-25,2019,1952,0,0,58,17,0.15779764734408008,0.00039449411836020023,-0.061416149609342434,0.17707958786741457,0.0003239761775321169,0.015563450271343615
2019-10-28,2019,1953,0,0,60,12,-0.3294019503510091,-0.0008235048758775228,0.04848641007972698,0.15874528842729568,0.0006014666246077267,0.032525314080179134
2019-10-29,2019,1953,0,0,59,14,-0.8046510455205369,-0.0020116276138013424,-0.028279744747617713,0.17155088183638914,0.0005613695893040197,0.012831504218375856
2019-10-30,2019,1954,0,0,59,2,0.7885987699874983,0.001971496924968746,0.03389963394410928,0.16117950768106623,0.0005499037993437851,0.01819188141581771
2019-10-31,2019,1954,0,0,59,5,0.1894536336159769,0.0004736340840399422,0.06455864433420645,0.15606405535559736,0.0006570248210700531,0.0685328106097805
2019-11-01,2019,1955,0,0,63,8,0.34140183575726907,0.0008535045893931727,0.04932654342866651,0.15860099816130577,0.000444272953436881,0.020132076817318354
2019-11-05,2019,1955,0,0,63,21,-0.18510017246555602,-0.00046275043116389,-0.044677755135565544,0.17428519559434352,0.0004355267724701387,0.025571458461306925
2019-11-06,2019,1955,0,0,61,18,-0.03085545386574043,-7.713863466435107e-05,-0.006291386788753159,0.16787870150251713,0.000569518764331457,0.01420379451458196
2019-11-07,2019,1955,0,0,62,15,1.263562178253937,0.0031589054456348424,0.05290413044229493,0.1580087016523748,0.0006097644639779345,0.07828085142186118
2019-11-08,2019,1955,0,0,61,16,-0.5317519418418863,-0.0013293798546047159,-0.0425315904406412,0.17392692158864154,0.0003594145022447694,0.06523768779458272
2019-11-11,2019,1955,0,0,61,18,0.5417148070525527,0.0013542870176313818,0.02851697686470338,0.1620770964640589,0.000500896037817244,0.03452548016936742
2019-11-12,2019,1955,0,0,61,20,-0.5098617262762077,-0.0012746543156905194,-0.023058678612454926,0.17068278286840247,0.0006630535341586114,0.026216706732792507
2019-11-13,2019,1955,0,0,61,26,0.42033410956439665,0.0010508352739109917,0.05794745981575816,0.15716695049013596,0.0005448370457415388,0.02426327019217614
2019-11-14,2019,1955,0,0,61,29,-1.1847612822999873,-0.0029619032057499684,-0.09135242696182665,0.18207310136291718,0.0003602273358671186,0.023174770526163627
2019-11-15,2019,1955,0,0,61,25,-1.620767378764819,-0.004051918446912047,-0.09495073929351745,0.18267158348572277,0.000316760356633455,0.020304429005521207
2019-11-18,2019,1955,0,0,61,23,-1.293491431923141,-0.0032337285798078523,-0.07992548215845215,0.18016783851128954,0.00036885317839715614,0.01819874928892627
2019-11-19,2019,1955,0,0,61,20,-0.5122207121330333,-0.0012805517803325833,-0.05713698643031613,0.17636093727070798,0.0002577372123423121,0.016400014112960683
2019-11-20,2019,1955,0,0,60,23,-0.545436358286726,-0.001363590895716815,-0.004971411156698073,0.16765404871993228,0.0002555641618138153,0.03913891228433598
2019-11-21,2019,1955,0,0,58,22,1.2753798497284985,0.003188449624321246,0.1918034103440182,0.13483571304548725,0.0003362248610824203,0.022552785307962512
2019-11-22,2019,1955,0,0,58,19,-0.06830396170186707,-0.00017075990425466768,-0.004509720940286861,0.1675838993679557,0.0003080445571695718,0.012802536260685915
2019-11-25,2019,1955,0,0,58,29,0.4627489251035092,0.0011568723127587729,0.03765842357585202,0.16054970988637643,0.0002965775985603521,0.05019626582540293
2019-11-26,2019,1955,0,0,59,16,-0.24987541485538955,-0.0006246885371384739,-0.03320822725939297,0.17237078500860448,0.00028647723515314624,0.018537311316013584
2019-11-27,2019,1955,0,0,58,24,-0.8008326547754185,-0.0020020816369385463,-0.027997813383370762,0.1714971948551887,0.00024321367046363008,0.009991167218912448
2019-11-28,2019,1955,0,0,58,23,0.4199436155792532,0.001049859038948133,0.05384660241877108,0.1578500106876401,0.0002755266874663922,0.009214900131368636
2019-11-29,2019,1955,0,0,58,22,-0.5610896732743897,-0.0014027241831859744,-0.09043607523523621,0.18192169529419017,0.00036344126852841255,0.008548534483093432
2019-12-02,2019,1955,0,0,57,20,0.46213941299768785,0.0011553485324942196,0.032679935055791434,0.16137516647348837,0.000276017393165759,0.01074529887310619
2019-12-03,2019,1955,0,0,55,23,0.9586009441558527,0.0023965023603896318,0.12606080455719945,0.1458013320499502,0.00030679252330330153,0.02739368825895313
2019-12-04,2019,1955,0,0,55,23,0.16544504657252979,0.00041361261643132444,-0.002679730297896514,0.16727617090534436,0.00022520989798868423,0.01955562476656385
2019-12-05,2019,1955,0,0,55,18,-0.46392717969470176,-0.0011598179492367544,-0.08074700313660847,0.1803009157535279,0.0003198673350066857,0.023598414424805817
2019-12-06,2019,1955,0,0,54,17,-0.27943964993450676,-0.0006985991248362669,-0.019314644703500267,0.17004366669354173,0.00024100062766522516,0.00786543217700335
2019-12-09,2019,1955,0,0,54,22,-0.9278028570113188,-0.002319507142528297,-0.06796724695765817,0.17816887008016186,0.00028499260923987396,0.020155894739230563
2019-12-10,2019,1956,0,0,54,20,0.26607861675050737,0.0006651965418762684,0.0005170927326491189,0.16674304014126282,0.00030431972430420293,0.013467114803433695
2019-12-11,2019,1957,0,0,55,19,-0.46354461788005574,-0.0011588615447001393,-0.04532597677041627,0.17439635785368543,0.0004442387400771354,0.008785852331172676
2019-12-12,2019,1958,0,0,55,17,0.03323301673598028,8.30825418399507e-05,0.0351328287149594,0.16096634380572664,0.0003601885276702391,0.008918683215636783
2019-12-13,2019,1958,0,0,54,12,0.8789197228080019,0.0021972993070200047,0.11706200145507359,0.1472977651120845,0.0004205297548737594,0.0087037307597318
2019-12-16,2019,1960,0,0,56,13,-0.2147183675499218,-0.0005367959188748044,2.893440436273405e-05,0.16682542205853493,0.00039892713485035764,0.007816007451252176
2019-12-17,2019,1962,0,0,58,23,-0.3773299199289555,-0.0009433247998223887,-0.02095413759211142,0.17032678672647067,0.0002936858856304716,0.007439414335090487
2019-12-18,2019,1964,0,0,59,19,0.1058154308809015,0.00026453857720225375,0.013251195484436078,0.16461694757704867,0.0003104582585284876,0.05802662074723341
2019-12-19,2019,1965,0,0,56,14,0.16229813940814963,0.00040574534852037407,0.06267236631747086,0.15637564768307732,0.0003383652008907744,0.008075032052206315
2019-12-20,2019,1965,0,0,56,12,0.16398355612284413,0.0004099588903071103,0.029500510785527723,0.1619004232399671,0.00020550767247056665,0.008498385976683193
2019-12-23,2019,1965,0,0,56,10,0.4357146333446702,0.0010892865833616754,-0.030163245204001928,0.17186223284598537,0.0003786574126788462,0.008051040939638236
2019-12-24,2019,1965,0,0,56,12,1.3262258135539207,0.003315564533884802,0.12985176646172647,0.14516895838266983,0.00019809305071988298,0.007794564747645368
2019-12-25,2019,1966,0,0,57,6,0.4604244634592731,0.0011510611586481828,0.06347037770793428,0.1562426220596201,0.00029143974210572653,0.0088158366810786
2019-12-26,2019,1966,0,0,58,15,-0.17083162269878882,-0.00042707905674697205,-0.01848813768319347,0.16991742726928194,0.0003458011197036553,0.0073470304972689734
2019-12-27,2019,1966,0,0,57,12,-0.9339765872593002,-0.0023349414681482507,-0.048384393358379185,0.17490825756749287,0.000642166709505275,0.041993165132517676
2019-12-30,2020,1966,0,0,57,11,0.8984174784485179,0.002246043696121295,0.10366155067698596,0.1495412862237471,0.0004435002643609831,0.03896200363186577
2020-01-06,2020,1966,0,0,56,10,-1.6330918396561487,-0.004082729599140372,-0.09848382296034398,0.18326667626861418,0.00068353959796933,0.03615053614042209
2020-01-07,2020,1966,0,0,56,4,-0.6335968181354699,-0.0015839920453386747,-0.01801573527041326,0.16984164091157325,0.00047667539672868866,0.006757441259338773
2020-01-08,2020,1966,0,0,55,9,-1.2595048711222843,-0.0031487621778057105,-0.08552224443210654,0.18109666498174817,0.0003266225349800085,0.03495568708474356
2020-01-09,2020,1966,0,0,51,13,-1.1116013332915453,-0.0027790033332288633,-0.10593629782403385,0.184506826936594,0.0005171503820472053,0.018474729859991247
2020-01-10,2020,1966,0,0,50,15,0.361659295933737,0.0009041482398343425,0.009134304794619838,0.16530012570462885,0.0004039222313220583,0.00854068829958171
2020-01-14,2020,1966,0,0,48,11,-0.9080624375342661,-0.002270156093835665,-0.07108172681925758,0.17868951062058847,0.00031428377398167394,0.04215412616791088
2020-01-15,2020,1966,0,0,48,7,0.7687612924849315,0.0019219032312123288,0.08899168966678817,0.15197665653140205,0.00023043764439742418,0.021272113248922992
2020-01-16,2020,1966,0,0,48,5,1.5173698077705255,0.0037934245194263137,0.10055222675288596,0.15005357640369021,0.00026293762813794257,0.020057724956789945
2020-01-17,2020,1966,0,0,48,7,0.007643158177707388,1.910789544426847e-05,0.08369926087741117,0.15286413171168836,0.00027161180435406333,0.017058414080993227
2020-01-20,2020,1966,0,0,49,11,-0.642008359905468,-0.00160502089976367,-0.10333338910048302,0.1840686214658907,0.0002533495051956334,0.007981800323128386
2020-01-21,2020,1966,0,0,50,10,-0.5863936916729395,-0.001465984229182349,-0.07705207660111472,0.17968971693270377,0.0003343902681558973,0.031942010655567184
2020-01-22,2020,1966,0,0,50,15,-0.6472518370965904,-0.001618129592741476,-0.043242449345952116,0.1740439195371026,0.00034844786364130424,0.02948003857031404
2020-01-23,2020,1966,0,0,50,16,-0.8674911438320554,-0.0021687278595801385,-0.0826821083164245,0.18063041086422485,0.0008181707573587394,0.02074589937658394
2020-01-24,2020,1966,0,0,47,15,0.6380734823332191,0.0015951837058330478,0.0441319585605597,0.15947003619014719,0.0003543884789331877,0.016498601580986552
2020-01-27,2020,1966,0,0,46,8,-2.181839083235437,-0.005454597708088592,-0.20575989717471607,0.20115936745099322,0.00034106756130748093,0.04019111080665019
2020-01-28,2020,1966,0,0,45,6,1.0435622063981356,0.002608905515995339,0.05480495168869928,0.15769243353692716,0.0007559163767516902,0.0399075188278668
2020-01-29,2020,1966,0,0,45,3,-0.6692898113606444,-0.001673224528401611,-0.010869828635278422,0.1686476124587594,0.0005560382820225428,0.021121939617953864
2020-01-30,2020,1966,0,0,44,8,1.8976580741282514,0.004744145185320629,0.12882503570456746,0.14534201438175193,0.0005300603491867232,0.02332888869002508
2020-01-31,2020,1966,0,0,44,3,1.138590074137004,0.0028464751853425102,0.09482349780116485,0.15101392699320126,0.0005333730200285589,0.019552491515367032
2020-02-03,2020,1966,0,0,41,5,-0.3190871246056137,-0.0007977178115140343,-0.040152163058267965,0.1735295061662017,0.0004969545551033443,0.032346428454848405
2020-02-04,2020,1966,0,0,41,3,1.9345152390122444,0.004836288097530611,0.20568187268009772,0.1325201292631061,0.0006419449945749319,0.046558985602589656
2020-02-05,2020,1966,0,0,42,1,-0.5093830507991765,-0.0012734576269979412,-0.08269596089755568,0.18063054365010886,0.0005051227796053354,0.01983532343538838
2020-02-06,2020,1966,0,0,39,1,-1.1515466690495428,-0.002878866672623857,-0.1179897907641963,0.18651806088584505,0.0005324552455286037,0.013441963718377647
2020-02-07,2020,1967,0,0,41,0,0.6286903476772887,0.0015717258691932217,0.06959532183260299,0.15522225928851835,0.0005550194410492818,0.012500403987749832
2020-02-10,2020,1967,0,0,39,1,0.5558792597784951,0.0013896981494462377,0.06836851689252073,0.15542605555757974,0.0005728288447562596,0.011331457354829688
2020-02-12,2020,1967,0,0,40,9,0.5016128288216468,0.001254032072054117,-0.010364980001856046,0.1685613330322687,0.0007124764964983813,0.012190989515982362
2020-02-13,2020,1967,0,0,40,5,-0.013961444992182326,-3.490361248045581e-05,0.001856066290861474,0.1665255514569286,0.0008568844237874753,0.00819230158104086
2020-02-14,2020,1967,0,0,39,8,0.6785431217506694,0.0016963578043766737,0.04301803734483694,0.15965857159930413,0.0006814181004580155,0.017509422684944244
2020-02-17,2020,1967,0,0,39,11,-1.420290118410644,-0.00355072529602661,-0.04033089323285194,0.1735590271912676,0.0003883718719028203,0.011525892494479828
2020-02-18,2020,1967,0,0,39,10,-0.2793722203968305,-0.0006984305509920763,-0.028569055355873646,0.17159320039162002,0.0002740455739197272,0.006761286595171204
2020-02-19,2020,1967,0,0,40,19,-0.5154187593519214,-0.0012885468983798035,-0.046879413008720235,0.17464557365435676,0.000280723406828056,0.060112000372870816
2020-02-20,2020,1967,0,0,40,18,-0.7355522432613233,-0.0018388806081533083,-0.07937447835894504,0.18007873785232964,0.0019858003608166485,0.008877056936336319
2020-02-21,2020,1967,0,0,39,14,-1.4109627346527909,-0.003527406836631977,-0.06801717800495394,0.1781815341412591,0.00040767569972969295,0.0036326164970240217
2020-02-25,2020,1967,0,0,39,22,-0.6180368498165176,-0.001545092124541294,-0.05217132049012783,0.17554020578047166,0.0010090328548309137,0.023906556150328863
2020-02-26,2020,1967,0,0,39,21,-0.9904429668174419,-0.002476107417043605,-0.018692156046409645,0.1699547363383598,0.002238754256613484,0.014819136537541829
2020-02-27,2020,1967,0,0,40,33,0.11847047492962304,0.00029617618732405757,0.04320121698471333,0.15962855546774005,0.0036215534784160295,0.08639865489393501
2020-02-28,2020,1967,0,0,40,36,0.9937586509725396,0.002484396627431349,-0.05680186808818826,0.1763124371898319,0.0015820835703720048,0.15658722702636596
2020-03-02,2020,1968,0,0,41,8,-1.1566166553824668,-0.002891541638456167,-0.08596375346020795,0.1811693176809397,0.000758765120472318,0.14294018430469915
2020-03-03,2020,1968,0,0,41,40,0.9355189460913242,0.002338797365228311,0.058102482045271416,0.15713550694567296,0.0005207680413289182,0.025870034204194696
2020-03-04,2020,1968,0,0,43,29,1.8941787027196808,0.004735446756799202,0.1791477004648346,0.1369477610133502,0.00129951084474321,0.012286495445024317
2020-03-05,2020,1968,0,0,43,2,3.0626074895820175,0.007656518723955044,0.19496741934028913,0.1343085154137049,0.004865810315622472,0.01920370006790545
2020-03-06,2020,1968,0,0,43,43,0.27124866104503287,0.0006781216526125822,0.05196408321237379,0.15816611262088506,0.00347384709206013,0.08906281762924621
2020-03-09,2020,1969,0,0,43,43,-2.603843319684081,-0.006509608299210202,-0.16868304581304389,0.1949772075427689,0.0036937037634339953,0.16272678531999532
2020-03-10,2020,1970,0,0,44,7,-1.230838164131189,-0.0030770954103279723,-0.02474148364567745,0.1709636900214992,0.0058314869708123085,0.16091243486410053
2020-03-11,2020,1970,0,0,43,36,3.183662031016647,0.007959155077541618,0.1442108788527685,0.14277638598970832,0.002079235114067738,0.05365545861380425
2020-03-12,2020,1970,0,0,42,42,2.2090097923429877,0.005522524480857469,0.08315761867956026,0.1529617666535997,0.003083619178847556,0.08343723762300037
2020-03-13,2020,1971,0,0,42,42,1.6804737144476798,0.0042011842861192,0.08163219756851085,0.15321658129298077,0.015571181640937735,0.16185144816897726
2020-03-16,2020,1971,0,0,42,11,-3.1001400487300375,-0.007750350121825094,-0.04996372113995479,0.1751712689259798,0.002475968240078252,0.11081726316654249
2020-03-17,2020,1971,0,0,40,2,3.1170779178448953,0.007792694794612238,0.10200740179427431,0.14981730878354033,0.004532807564477666,0.21385435614884035
2020-03-18,2020,1971,0,0,39,1,2.8447150825653162,0.00711178770641329,-0.06679427919191205,0.1779793688767476,0.004163425816293028,0.05775965581809784
2020-03-19,2020,1971,0,0,36,0,2.0227224967631336,0.0050568062419078345,-0.05718998070592459,0.17637716032670847,0.005157742268796192,0.055306170086815945
2020-03-23,2020,1971,0,0,35,1,5.431686220666727,0.013579215551666817,0.19128063761311445,0.13492335984559228,0.00445279383706553,0.11621523047855135
2020-03-24,2020,1971,0,0,35,0,0.06035489872402788,0.00015088724681006972,-0.008724148690667656,0.16829071767378515,0.0020667232994037075,0.15336380762022345
2020-03-25,2020,1971,0,0,35,3,2.1999514100509874,0.005499878525127468,0.12327867152856961,0.14626846096715393,0.002515013766664837,0.2783622476265825
2020-03-26,2020,1972,0,0,36,8,1.6834688499714612,0.004208672124928653,0.06050290301048589,0.1567415095750865,0.0015407868605957476,0.025728458524380403
2020-03-27,2020,1972,0,0,35,10,-1.0929037394656342,-0.002732259348664086,-0.14963994163207078,0.19180039231733462,0.0029405730165631464,0.1294090399888317
2020-03-30,2020,1973,0,0,35,2,1.3170099506509665,0.0032925248766274163,0.03157299381663388,0.1615680606466117,0.001439401380098815,0.07444642529199992
2020-03-31,2020,1974,0,0,38,6,2.425602624898151,0.006064006562245377,0.11596850862067198,0.14748751955989625,0.001000146848086472,0.04663089389050067
2020-04-01,2020,1974,0,0,39,26,2.65876365048902,0.00664690912622255,0.06547311792040986,0.1559112407927651,0.0008386776835952518,0.092642505934328
2020-04-02,2020,1974,0,0,39,26,-1.6449825950139108,-0.004112456487534777,-0.036601040454639515,0.1729418598263011,0.0044215028519705105,0.061269144880130515
2020-04-03,2020,1974,0,0,39,22,-2.906914804509742,-0.007267287011274355,-0.06520826400489733,0.17771429098064426,0.003164662499916119,0.08211976917650911
2020-04-06,2020,1974,0,0,39,8,-0.3438357317252123,-0.0008595893293130307,0.02883726236424064,0.16202277634320608,0.0015409568087819694,0.08380271894154823
2020-04-07,2020,1974,0,0,38,18,1.553366107571343,0.0038834152689283573,0.13347861243876794,0.14456506068193894,0.0013087016388806326,0.06610798127614015
2020-04-08,2020,1974,0,0,39,13,0.3986747126966541,0.0009966867817416353,0.08243987599323624,0.153080220932293,0.0009159101119954583,0.13692874894146678
2020-04-09,2020,1974,0,0,40,10,-1.6481160268217268,-0.0041202900670543165,-0.06164694258464321,0.17711931863362948,0.0012484941315190055,0.3484344880363577
2020-04-10,2020,1974,0,0,42,6,0.21627022725466993,0.0005406755681366749,0.12122507298623547,0.14661008199709566,0.0008022487469557904,0.2058725127940029
2020-04-13,2020,1974,0,0,42,4,-2.73070425986029,-0.006826760649650725,-0.13329670029252072,0.18907297023412228,0.0014756466142303863,0.05860926808023707
2020-04-14,2020,1974,0,0,42,12,-2.0408740578200435,-0.005102185144550108,-0.049700278608431465,0.1751257851867872,0.0010539496730365286,0.0731999577832016
2020-04-15,2020,1974,0,0,43,8,1.827419698157057,0.004568549245392643,0.10792308344309666,0.1488278911588757,0.0006879630174219069,0.0503535643721946
2020-04-16,2020,1974,0,0,43,7,-2.770278682266036,-0.00692569670566509,-0.1442437434236021,0.1908985384929281,0.0009602884456495589,0.038371669855837294
2020-04-17,2020,1974,0,0,44,9,0.10463775373543438,0.00026159438433858594,-0.022564375903945312,0.17059820365645229,0.0013369834825465712,0.040288278717221786
2020-04-20,2020,1974,0,0,45,10,-0.732249916887703,-0.0018306247922192575,-0.008314339129078195,0.16822180654289184,0.001022724226629975,0.03653201811043896
2020-04-21,2020,1974,0,0,45,7,3.7226734412434705,0.009306683603108677,0.23681449655830264,0.12732598817333754,0.0009655502889100265,0.13247324890671566
2020-04-22,2020,1974,0,0,47,9,-1.9067535464975518,-0.004766883866243879,-0.10418097730088653,0.18421294220841739,0.0006260785798692487,0.05166750654866037
2020-04-23,2020,1974,0,0,47,9,0.5308647738143364,0.001327161934535841,0.07183501265930665,0.15485041805356867,0.0009072732383888002,0.03983583714850311
2020-04-24,2020,1974,0,0,47,7,-0.7493816368987368,-0.001873454092246842,-0.060886860234782916,0.17698865508338316,0.0007121184200114602,0.0460058749650102
2020-04-27,2020,1974,0,0,47,11,4.782995603565077,0.011957489008912692,0.2650188221174437,0.12262059553258148,0.0009786892295074894,0.03475588309544716
2020-04-28,2020,1974,0,0,48,4,-2.802707308103279,-0.007006768270258198,-0.221081452069042,0.2037189541966738,0.0012758815891362695,0.01824528933931505
2020-04-30,2020,1974,0,0,47,7,-1.8768274549680295,-0.004692068637420074,-0.08701381288258772,0.18135031385090636,0.0010114698188550878,0.02929489189692271
2020-05-01,2020,1974,0,0,46,1,4.07952182963645,0.010198804574091124,0.26245907634345567,0.12304761485931018,0.0009992423750275284,0.022045221600350405
2020-05-07,2020,1974,0,0,47,0,4.755981941004583,0.011889954852511457,0.29573525112633114,0.11749611166782885,0.0015046544871855359,0.014535228645718061
2020-05-08,2020,1974,0,0,48,4,-2.0384580510852177,-0.005096145127713044,-0.16763886026684655,0.19479861033088394,0.0008301995407242632,0.030801390312917613
2020-05-11,2020,1974,0,0,48,5,-1.2356103579443969,-0.003089025894860992,-0.12668321336861765,0.187965929759099,0.0011257354244822173,0.03434633676089882
2020-05-12,2020,1974,0,0,46,5,-0.7945012228886474,-0.0019862530572216184,-0.07344432956246315,0.17908819488258812,0.001752747842223904,0.11125530671709266
2020-05-13,2020,1974,0,0,46,2,-0.8099216712461865,-0.0020248041781154662,-0.015759802877514207,0.16946361018908865,0.0008767561395250519,0.046417964546716775
2020-05-14,2020,1974,0,0,46,0,-0.8024736178680535,-0.0020061840446701337,-0.019395052916516525,0.17006876180279437,0.0010500074708003802,0.03159086129944316
2020-05-15,2020,1974,0,0,47,1,3.057626730930421,0.007644066827326053,0.2478226962569548,0.12548867471692685,0.0006742420101350859,0.0286666186492065
2020-05-18,2020,1974,0,0,46,0,-1.3554004838121458,-0.0033885012095303648,-0.06033627702129989,0.17689807203785726,0.000668540551403775,0.024207523840276208
2020-05-19,2020,1974,0,0,46,4,0.7498240024482997,0.0018745600061207492,0.055912497233412364,0.15749863763555008,0.00046292786129083175,0.0352003262138042
2020-05-20,2020,1974,0,0,46,7,-1.0830904144790405,-0.0027077260361976015,-0.10504066367212332,0.18435713414984864,0.0005381346152018775,0.03307068734722232
2020-05-21,2020,1974,0,0,47,4,-0.37536507218855464,-0.0009384126804713866,-0.017227163609979525,0.16970889323226998,0.0009851223105128962,0.017735729524778907
2020-05-22,2020,1974,0,0,49,1,4.297428173029753,0.010743570432574383,0.27472435406888135,0.1210011784412898,0.0008431018333049534,0.02046316149111082
2020-05-25,2020,1974,0,0,49,11,5.004498448327302,0.012511246120818255,0.3217266586008343,0.11315783424123921,0.0006592899819444557,0.019001612684054155
2020-05-26,2020,1974,0,0,49,23,3.0648264650713846,0.007662066162678461,0.1480846352817564,0.14212886024643306,0.0005447757303463996,0.048030266780870697
2020-05-27,2020,1974,0,0,49,25,2.5203639016899766,0.0063009097542249416,0.11013512612508797,0.14845979237404125,0.0009014612506856238,0.024954213802577348
2020-05-28,2020,1974,0,0,49,26,0.3722312692922256,0.0009305781732305641,0.06234008476455604,0.15643186675338966,0.0006823002597334396,0.029760327999167384
2020-05-29,2020,1974,0,0,48,26,0.5474771237534584,0.001368692809383646,-0.044626215760193676,0.17427959596862755,0.0007588789738393776,0.04554059791118623
2020-06-01,2020,1974,0,0,48,8,2.358351797342377,0.005895879493355943,0.19033046507962617,0.13507882571791016,0.0003949903592318563,0.020128931219676183
2020-06-02,2020,1974,0,0,48,16,0.05583914931976569,0.00013959787329941421,-0.0058312708853511105,0.16779851829089673,0.000497929896194395,0.09668003240836702
2020-06-03,2020,1974,0,0,48,29,-1.1310409114714908,-0.002827602278678727,-0.09531601853185975,0.18273488555146591,0.0005491559226799114,0.02871553441213346
2020-06-04,2020,1974,0,0,48,27,-0.06268893615745608,-0.0001567223403936402,-0.04816822691317202,0.17487074907351957,0.0008411201615392492,0.018235926226793042
2020-06-05,2020,1974,0,0,46,22,1.4497361586942978,0.0036243403967357447,0.15314288860303368,0.14128220182159926,0.00046429858664212966,0.025864957337953957
2020-06-08,2020,1974,0,0,45,16,-0.613832423814796,-0.0015345810595369898,-0.02626798015617685,0.17121212997503096,0.0006212377457908371,0.026130121472970405
2020-06-09,2020,1974,0,0,45,37,4.741339440549645,0.011853348601374112,0.3044134959274339,0.11604829824728152,0.0013017326198580912,0.02001222848068025
2020-06-10,2020,1974,0,0,45,31,0.5149022508351875,0.0012872556270879687,0.06311929001552202,0.15630462578961704,0.0007896760547255777,0.01753237938950388
2020-06-11,2020,1974,0,0,44,1,-0.47070110117773956,-0.0011767527529443489,0.0013333864319649469,0.16661291351459762,0.0013319506126452845,0.06451548545733703
2020-06-12,2020,1974,0,0,44,0,0.16185947548333424,0.0004046486887083356,0.013086436083784542,0.16465229558940442,0.0025995928390087834,0.040173449275853534
2020-06-15,2020,1974,0,0,44,0,-1.2170454122677288,-0.003042613530669322,-0.06616412964044763,0.17787164530472593,0.000729232258849792,0.0421551023604248
2020-06-16,2020,1974,0,0,44,4,-0.9974274087038498,-0.0024935685217596245,-0.09161233693363804,0.18211059081298567,0.0007142417628823076,0.15501337127821954
2020-06-17,2020,1974,0,0,45,19,1.2972597023672434,0.0032431492559181086,0.04496452745038288,0.15933081077050007,0.0005247195210129517,0.07217185594477718
2020-06-18,2020,1974,0,0,45,17,-0.701327445164416,-0.00175331861291104,-0.06515530272146888,0.17769741470126077,0.00045191789927372756,0.031025285535184383
2020-06-19,2020,1974,0,0,46,5,0.4218680769393781,0.0010546701923484453,0.018478579586356392,0.16374470185142978,0.0003118313275246362,0.032363534566861876
2020-06-22,2020,1974,0,0,46,19,-0.32482741700679796,-0.0008120685425169949,-0.032591339732154806,0.17227020442934365,0.0005196825068241542,0.027212809547739178
2020-06-23,2020,1974,0,0,45,17,0.4061402076682181,0.0010153505191705452,0.05608835975645541,0.15747617733475977,0.0005844056668960728,0.02090076072704358
2020-06-24,2020,1974,0,0,46,16,-1.7135835142514653,-0.004283958785628663,-0.11609312682120383,0.18620195055347782,0.0006574107507201298,0.03822705485665723
2020-06-25,2020,1974,0,0,45,9,-0.11964734549154032,-0.0002991183637288508,-0.024874452937526593,0.17098460553580697,0.0008435972766530258,0.02586999768620735
2020-06-26,2020,1974,0,0,44,14,1.5294666901759753,0.003823666725439938,0.15569367262031072,0.14085665043309958,0.00049132568126456,0.07077700003123176
2020-06-29,2020,1974,0,0,43,18,0.9086086711569461,0.0022715216778923654,0.0737527457813386,0.1545304703104414,0.0006044188772491855,0.05032393010850847
2020-06-30,2020,1975,0,0,44,21,1.7801290658527877,0.00445032266463197,0.0482144796362616,0.158789181772076,0.0007300194850256914,0.045931526460292985
2020-07-01,2020,1975,0,0,44,25,-0.14867808684812878,-0.00037169521712032195,0.01350996929461627,0.16457890978056713,0.0007912301874359957,0.04999937904666678
2020-07-02,2020,1975,0,0,44,13,0.37827809077596664,0.0009456952269399166,-0.03511503258491692,0.17269324074731346,0.001269100819803387,0.08282385697296445
2020-07-03,2020,1975,0,0,44,4,-1.9890943752975019,-0.004972735938243755,-0.12090728427761183,0.18700281106840416,0.0005606160928291166,0.03185203204374277
2020-07-06,2020,1975,0,0,44,2,-0.6559476311795814,-0.0016398690779489537,0.024317668307307503,0.16277641017268973,0.0005947529327311768,0.027171540898133367
2020-07-07,2020,1975,0,0,45,10,0.12792197483170775,0.00031980493707926935,0.05858304979213825,0.15705765774973857,0.000562397032541064,0.04498970833873826
2020-07-08,2020,1975,0,0,46,3,-0.8579599955017692,-0.002144899988754423,-0.0029222183081014093,0.16732230128863743,0.0009744321305472144,0.05204967641655192
2020-07-09,2020,1975,0,0,44,2,-0.06257711384418663,-0.00015644278461046657,-0.004968071939135887,0.16766420087144443,0.001349244281702443,0.03024611949736105
2020-07-10,2020,1976,0,0,45,5,0.033811670829574036,8.45291770739351e-05,-0.033905991374855685,0.17248529432179913,0.00048052570333682946,0.08720701781628726
2020-07-13,2020,1976,0,0,45,1,0.5971806191697113,0.0014929515479242784,0.09118503237708903,0.151621158889854,0.0006930601602684432,0.02926208753021559
2020-07-14,2020,1976,0,0,45,3,0.34213055654434055,0.0008553263913608514,-0.003541292679293181,0.167423131673983,0.0006918642047894848,0.0468734383541786
2020-07-15,2020,1978,0,0,47,20,-0.5271273732001992,-0.001317818433000498,-0.07899382399131612,0.18001158323955246,0.0004766316781191866,0.016670613401262704
2020-07-16,2020,1978,0,0,48,5,-1.27735526898525,-0.003193388172463125,-0.08312447432173957,0.1806988212610967,0.0004735884523451114,0.02934101987475917
2020-07-17,2020,1978,0,0,47,4,-0.18159377966000534,-0.00045398444915001335,0.03110352688608255,0.16164220398800194,0.0005271868223662364,0.02150321206584907
2020-07-20,2020,1978,0,0,47,11,0.42166637873545154,0.001054165946838629,0.03802979118125268,0.1604879644607224,0.000455955723174753,0.015721639047237012
2020-07-21,2020,1978,0,0,47,13,-0.566444119516893,-0.0014161102987922324,-0.06705226973114002,0.17801864270498796,0.000546117969368425,0.0604813218509338
2020-07-22,2020,1978,0,0,47,5,-1.1809215175774903,-0.0029523037939437257,-0.12662116548371474,0.1879554181969816,0.0005355324511959828,0.021814560722213064
2020-07-27,2020,1978,0,0,48,6,-2.453128237975377,-0.006132820594938443,-0.1245724255876655,0.18761730802884136,0.000861406497585002,0.016478669273114872
2020-07-28,2020,1978,0,0,49,8,0.9880736421513131,0.0024701841053782828,0.022500614443716843,0.16307861052422795,0.0007258776408953465,0.01824178300697874
2020-07-29,2020,1978,0,0,50,10,0.9158897846194085,0.002289724461548521,0.050117071997352935,0.15847387717773306,0.0017937638317209429,0.24165967819447168
2020-07-30,2020,1978,0,0,49,4,-0.7833733605905451,-0.001958433401476363,-0.06524667381564588,0.17772017504243223,0.0017950539569698916,0.06844176388137702
2020-07-31,2020,1980,0,0,51,10,-3.3464035868445006,-0.008366008967111252,-0.24054875568360365,0.20696559740402737,0.0024274691777594107,0.04783985776370682
2020-08-03,2020,1981,0,0,52,3,0.42819880482935757,0.0010704970120733938,0.019482419547547224,0.16357927611822567,0.000604529551629821,0.03851760376782706
2020-08-04,2020,1981,0,0,52,3,-0.16426789595387503,-0.0004106697398846876,0.0028040892098538167,0.16636438652660945,0.0007396664106903508,0.09004886476150623
2020-08-05,2020,1981,0,0,52,5,1.7078460315462758,0.004269615078865689,0.07937516267098775,0.15358876923364556,0.0009015462386709733,0.04072964075919321
2020-08-06,2020,1981,0,0,52,11,2.0798109694979305,0.005199527423744826,0.08451207308099115,0.15273514705640734,0.0018768663888876214,0.02177609032381208
2020-08-07,2020,1981,0,0,54,3,3.1313498394047024,0.007828374598511757,0.20788985938299373,0.1321505780529766,0.0007830544118053055,0.020110713848291023
2020-08-11,2020,1981,0,0,55,0,0.48765577007196814,0.0012191394251799203,0.047259219034960574,0.15894685983788134,0.0006812232606497455,0.02932960601764218
2020-08-12,2020,1981,0,0,55,1,1.2802200805436756,0.0032005502013591892,0.08681721781025258,0.1523485255370361,0.0005393347219390318,0.06378758058142409
2020-08-13,2020,1981,0,0,54,4,-0.40444743739328315,-0.001011118593483208,-0.025943234468825134,0.17115979090668565,0.0006560108379618053,0.06273833630568444
2020-08-14,2020,1981,0,0,54,2,-1.2078098433340034,-0.0030195246083350087,-0.14132426967344833,0.1904080837644388,0.0005608532940637894,0.04454872287709156
2020-08-17,2020,1981,0,0,54,2,-0.3223439889698732,-0.000805859972424683,0.01375895055942805,0.16453326607103777,0.00047354218629229027,0.027012112265991994
2020-08-18,2020,1981,0,0,54,2,-0.9589791124791451,-0.002397447781197863,-0.047823276101791455,0.17480923436713672,0.0004993515542200856,0.0379231623574175
2020-08-19,2020,1981,0,0,54,1,-0.5158707055543132,-0.0012896767638857832,-0.04501935728028019,0.17433589685369857,0.0004102293071316984,0.047991632015862776
2020-08-20,2020,1982,0,1,55,1,-1.0713739283652766,-0.0026784348209131915,-0.18046824704379646,0.19693765190285162,0.0004890126760125101,0.032070970823557754
2020-08-21,2020,1982,0,0,57,1,0.0019325918770110029,4.831479692527507e-06,0.1068619209519609,0.14900494546014967,0.0004998083411484038,0.01890540445882054
2020-08-24,2020,1982,0,0,56,15,2.278575048520802,0.005696437621302005,0.1165977602595519,0.14737139177089797,0.00043148374140232726,0.056013099533102774
2020-08-25,2020,1982,0,0,56,1,-0.2714029074639316,-0.0006785072686598289,-0.05665694304153053,0.17628402853317685,0.00044459894846021183,0.01307097652476807
2020-08-26,2020,1982,0,0,57,8,1.2807448087720212,0.003201862021930053,0.14630285796684434,0.1424252149279639,0.0007985363215644282,0.018724951438114673
2020-08-27,2020,1982,0,0,58,12,-2.5446152048485473,-0.006361538012121368,-0.12375248262966823,0.18747881475237987,0.0007255991550834794,0.06345194753031207
2020-08-28,2020,1982,0,0,58,2,0.1800252282547847,0.0004500630706369618,-0.00632406351611701,0.16788447959760666,0.000538417946485863,0.029792699302587697
2020-08-31,2020,1982,0,0,58,8,-1.2259179366270356,-0.003064794841567589,-0.11181742973782109,0.18548454187063318,0.00037996239498663706,0.009927749433528593
2020-09-01,2020,1982,0,0,58,12,0.17043752578038468,0.0004260938144509617,0.02192834962158737,0.16317030032830832,0.00035143033714074773,0.02377769480569406
2020-09-02,2020,1982,0,0,58,20,-0.11158421675902175,-0.00027896054189755436,0.07298688776889356,0.1546520654722588,0.0005017796434493953,0.020644900998849684
2020-09-03,2020,1982,0,0,58,13,-1.2054862098610182,-0.0030137155246525455,-0.03251793662221922,0.17225728949239041,0.0005799277494386789,0.01275402661031377
2020-09-04,2020,1982,0,0,58,3,1.5024956722850713,0.003756239180712678,0.06111133040250227,0.15663639631622972,0.000677970022781148,0.02163925014415155
2020-09-07,2020,1982,0,0,56,6,-0.9469061392588873,-0.0023672653481472184,-0.0655080451237806,0.17775766185133968,0.00034764735789790833,0.018267836041356796
2020-09-08,2020,1982,0,0,56,11,-1.3472561121984836,-0.003368140280496209,-0.1592115681778395,0.19339037651282853,0.000393750854362203,0.012875164136169015
2020-09-09,2020,1982,0,0,56,5,0.4904505037529323,0.0012261262593823308,0.03275136819260111,0.16136513971305008,0.0005062182754401546,0.009600429688888102
2020-09-10,2020,1982,0,0,58,6,1.236447584634582,0.003091118961586455,0.06228374253786153,0.156438284082078,0.000552549892741927,0.017077607111149796
2020-09-11,2020,1982,0,0,58,12,-1.749190947892433,-0.004372977369731083,-0.14850310439344863,0.19160413225401754,0.0004844270002228352,0.02635096710934557
2020-09-14,2020,1982,0,0,57,9,-2.6028667512022983,-0.006507166878005745,-0.16309030611515746,0.19404050485083105,0.0006000173049519304,0.03404856342841869
2020-09-15,2020,1982,0,0,58,6,-0.585518257886508,-0.0014637956447162701,-0.026465641522781438,0.1712386508395703,0.00038269684114283575,0.03336475070166947
2020-09-16,2020,1982,0,0,57,10,0.2832149388097598,0.0007080373470243995,0.0973215443778387,0.15059421324016534,0.00040324058983352503,0.016325474053151882
2020-09-17,2020,1983,0,0,58,7,-0.30280761600114237,-0.0007570190400028559,-0.030380602568141298,0.17189892020295744,0.0006570354093735217,0.0077075782486366855
2020-09-18,2020,1983,0,0,58,7,1.3836976462510147,0.003459244115627537,0.1314178513598399,0.14490775768227376,0.0007798373946465259,0.02243104419954553
2020-09-23,2020,1983,0,0,58,8,0.5245981353139606,0.0013114953382849016,0.021259788689703952,0.16328535088583135,0.00045366275087777556,0.008495873206915678
2020-09-24,2020,1984,0,0,58,2,1.1115450695990816,0.002778862673997704,-0.018300679421532937,0.16988759087613087,0.0009794483908241855,0.04108813756455409
2020-09-25,2020,1986,0,0,60,6,-1.173557135804258,-0.002933892839510645,-0.1323103014742713,0.18890578701277896,0.0006343034960915887,0.04104537239636809
2020-09-28,2020,1986,0,0,60,12,-2.2789424284675657,-0.005697356071168914,-0.16058737040433066,0.19362581098225173,0.0015655865310664782,0.0491430377949722
2020-09-29,2020,1986,0,0,59,11,0.0,0.0,,0.08341729638958857,2.545923321767411e-05,0.048850193095661104
2020-09-30,2020,1986,0,0,59,8,0.08517209587276886,0.00021293023968192216,0.06990661033412884,0.1551711597639389,0.0009016843263187974,0.13680805639708743
2020-10-02,2020,1989,0,1,62,1,1.6082095447091194,0.004020523861772799,0.1892076074484829,0.13526279026614457,0.0003524961402210771,0.037813282496725914
2020-10-05,2020,1990,0,0,61,1,-1.0676486921886719,-0.0026691217304716797,-0.0360244933751272,0.1728413555428811,0.00041156386462615517,0.02432701332658318
2020-10-06,2020,1990,0,0,62,4,-1.0259669897433037,-0.002564917474358259,-0.07662827129980568,0.17961070608833868,0.000402715246542326,0.008703626094967009
2020-10-07,2020,1990,0,0,61,7,1.688180297196221,0.0042204507429905525,0.058961318849182424,0.1569932804299563,0.0004451451326318708,0.007813753318613186
2020-10-08,2020,1990,0,0,60,9,0.6525013869895995,0.0016312534674739988,0.07436727996512477,0.1544218393871905,0.0004339354429845379,0.04930893385482037
2020-10-09,2020,1990,0,0,57,9,0.23202659891062657,0.0005800664972765665,0.021837368038761698,0.16318243026337667,0.00034052508503629506,0.01598222057473269
2020-10-12,2020,1990,0,0,57,13,2.7539004573135535,0.006884751143283884,0.17061980578471334,0.13836638161217762,0.00048330618105366465,0.009201219116147649
2020-10-13,2020,1990,0,0,59,13,0.2895878397338254,0.0007239695993345635,-0.018332301824079796,0.16988738984551158,0.0005059705182027096,0.00923187243489313
2020-10-14,2020,1990,0,0,59,7,-2.0229037074153453,-0.005057259268538363,-0.08037273601872601,0.18024094299649612,0.0007777982022328519,0.01415277121510361
2020-10-15,2020,1989,0,0,57,14,-0.1320230847689805,-0.00033005771192245125,-0.04632272119759527,0.174560804820303,0.0008306737686314392,0.040006472000983985
2020-10-16,2020,1989,0,0,57,9,-1.1725601498893716,-0.002931400374723429,-0.04031657336487808,0.1735590591889633,0.0005004866864536372,0.05399538514316089
2020-10-19,2020,1989,0,0,58,4,-0.07207694763407657,-0.00018019236908519142,0.02401548298741699,0.16282402563719295,0.0005043590962620711,0.022758155573489668
2020-10-20,2020,1989,0,0,57,4,-2.432747593479658,-0.0060818689836991445,-0.07220936280028573,0.17887900070989285,0.000585101514271013,0.028440273730517864
2020-10-21,2020,1989,0,0,58,5,0.28433599304149426,0.0007108399826037357,0.0223811202796176,0.16309488892022206,0.00045547026140597675,0.009174237235883788
2020-10-22,2020,1989,0,0,58,10,1.2460939687481734,0.0031152349218704334,0.06805527606403425,0.1554719091844287,0.0005462414769598321,0.012615505920381024
2020-10-23,2020,1989,0,0,58,6,-2.7751073594818454,-0.006937768398704613,-0.20506822472888747,0.20104021452069348,0.0004331325238858533,0.01621224656936347
2020-10-26,2020,1989,0,0,57,8,-3.5205262069399854,-0.008801315517349964,-0.20574083301065077,0.20115546154880753,0.000584203995090367,0.03208029948903008
2020-10-27,2020,1989,0,0,57,1,1.1139813989848644,0.002784953497462161,0.1409166344825852,0.14331796266642713,0.00044195275725412796,0.01308729872206921
2020-10-28,2020,1990,0,0,54,1,0.7589423844615508,0.001897355961153877,0.060164516358855,0.15679642086695098,0.0009553779051616153,0.017134228479640797
2020-10-29,2020,1991,0,0,53,6,2.9760762308844906,0.007440190577211226,0.22732043593867396,0.1289086074578349,0.0008198537173788681,0.02766458375886607
2020-10-30,2020,1991,0,0,53,9,-2.0802276107535556,-0.005200569026883889,-0.18206700229339148,0.19720487655422608,0.0010229805458894035,0.06425097555713741
2020-11-02,2020,1991,0,0,53,1,-0.8451501222602953,-0.0021128753056507384,-0.040231995397927794,0.17354460225937046,0.0009801314184043504,0.09428650543811161
2020-11-04,2020,1991,0,0,53,0,0.6192443378344676,0.0015481108445861691,0.028964777490231013,0.1619969821140665,0.0006547580606750369,0.016724696378379443
2020-11-05,2020,1991,0,0,53,0,-2.005614106844849,-0.005014035267112122,-0.183651048169739,0.1974701585406342,0.000961365467259081,0.025081697101696415
2020-11-06,2020,1991,0,0,53,3,5.4255225989087155,0.01356380649727179,0.1952060171963825,0.13426670414582853,0.0021382398573789444,0.02424297463279635
2020-11-09,2020,1991,0,0,53,10,-1.1609302330439946,-0.0029023255826099866,-0.0631555816117832,0.17736836844814824,0.0008176799370409783,0.04776668462363256
2020-11-10,2020,1991,0,0,53,4,0.7506766750729934,0.0018766916876824834,-0.03170893482386672,0.1721208714130889,0.0007261980355395849,0.05253519153131637
2020-11-11,2020,1991,0,0,53,5,-1.1289150044637628,-0.002822287511159407,-0.09043533518299587,0.18192101382054454,0.001198520464705675,0.05665415467793346
2020-11-12,2020,1991,0,0,53,0,-2.552518328104349,-0.006381295820260873,-0.2085733564907276,0.20162991390349272,0.0010573896266854262,0.0326458596836553
2020-11-13,2020,1991,0,0,53,0,-0.8751600341420812,-0.002187900085355203,-0.09296193385624928,0.182340770456017,0.000737507164856452,0.14097755216070706
2020-11-16,2020,1991,0,0,53,5,1.097977533769262,0.0027449438344231553,-0.03203801896459184,0.17217660128896745,0.0005316204576183243,0.31220658454963773
2020-11-17,2020,1991,0,0,52,3,-0.6460153493958111,-0.0016150383734895276,-0.03514055454753175,0.17268619782430192,0.0004721333215145812,0.05166944096193974
2020-11-18,2020,1991,0,0,52,4,0.3061434158353258,0.0007653585395883144,0.012625569846068534,0.1647237295741749,0.0003354611314168565,0.04997890142634518
2020-11-19,2020,1991,0,0,51,3,2.229238968129844,0.00557309742032461,0.09136137214613226,0.15159009385826025,0.0006003912942550203,0.06385268254895135
2020-11-20,2020,1991,0,0,51,4,-0.5910024025055378,-0.0014775060062638444,-0.02457316891513321,0.17093069795113844,0.0005196629665270578,0.035891024421670345
2020-11-24,2020,1991,0,0,51,5,0.7787345225872315,0.0019468363064680787,0.01989608065111167,0.16350951640403075,0.0004537828348453669,0.09189754419773571
2020-11-25,2020,1991,0,0,51,4,0.9022353065194884,0.0022555882662987207,0.021024553640317124,0.16332329888934435,0.0004805785028630229,0.05791231892090131
2020-11-26,2020,1991,0,0,50,6,0.794441783337426,0.001986104458343565,0.036878131581901494,0.16068102837861917,0.0011910411406211008,0.06169478441225212
2020-11-27,2020,1991,0,0,50,2,-0.17284971375482971,-0.0004321242843870743,-0.022306725294950352,0.17055335782821388,0.0005556578892138508,0.06770788622936237
2020-11-30,2020,1991,0,0,50,4,-0.20176265822772732,-0.0005044066455693183,0.028178878969854954,0.16212973627149296,0.00043056397332670154,0.06433529136644006
2020-12-01,2020,1991,0,0,51,2,0.7165483608403802,0.0017913709021009506,-0.018181062622440253,0.16986247740853383,0.0005066267541806598,0.05079207119401679
2020-12-02,2020,1991,0,0,52,9,0.6209626228201959,0.0015524065570504896,0.022297223186514895,0.16310913320441722,0.0004893629952476945,0.038434366961930574
2020-12-03,2020,1991,0,0,52,6,-0.47437267893081536,-0.0011859316973270384,-0.005804949185831524,0.16779943224726415,0.0007797929714359533,0.07956513507818078
2020-12-04,2020,1991,0,0,51,3,1.9260646469282996,0.004815161617320749,0.06155099944910697,0.15655859875538256,0.0003928476789086376,0.04308738280200647
2020-12-07,2020,1991,0,0,51,2,-1.5440059509831596,-0.003860014877457899,-0.15656154906124123,0.192949028246868,0.0004170879152807851,0.021893084327252524
2020-12-08,2020,1991,0,0,51,4,0.012872579257631633,3.2181448144079086e-05,0.049918485610451896,0.15850198744784602,0.0003947156942675753,0.056036514758361126
2020-12-09,2020,1991,0,0,52,8,1.3954492340880977,0.003488623085220244,0.0977049197301288,0.15052819529249264,0.0005030901801451306,0.024453836089082356
2020-12-10,2020,1991,0,0,49,12,1.1709245027164334,0.0029273112567910838,0.02009214694597716,0.16347774119671446,0.0005020064715341809,0.03644523930168908
2020-12-11,2020,1991,0,0,49,5,-0.15077958025694543,-0.0003769489506423636,-0.013370166495512653,0.16905615293060583,0.00046092469298381056,0.019207848845815015
2020-12-14,2020,1991,0,0,50,2,-0.5907753212006341,-0.0014769383030015853,-0.05347827990122981,0.1757488383846346,0.0005150083018213468,0.04405996398493405
2020-12-15,2020,1990,0,0,49,10,0.7473105760151318,0.0018682764400378296,0.046952445215960675,0.15899751563533163,0.0004936095943518757,0.017041561393664535
2020-12-16,2020,1993,0,0,50,11,0.13127207946581715,0.0003281801986645429,0.018459876172428114,0.1637511526245312,0.00038045979246591774,0.0256639156676192
2020-12-17,2020,1994,0,0,51,9,-0.8830242326541611,-0.0022075605816354025,-0.027789574407442726,0.17146227467737937,0.0003674205061731389,0.04506871179703842
2020-12-18,2020,1995,0,0,52,11,1.6644361397994705,0.004161090349498676,0.09850588597201904,0.1503995282857393,0.0010039203555780466,0.022052818988872434
2020-12-21,2020,1996,0,0,53,12,-1.2817885939718234,-0.0032044714849295587,-0.05236214500475501,0.17556604808287438,0.000385368333595216,0.023830079615115574
2020-12-22,2020,1998,0,0,52,9,-1.1322924702684483,-0.002830731175671121,-0.06060799963764697,0.17693693986362835,0.0004472402221466366,0.034987387366333514
2020-12-23,2020,1999,0,0,54,13,-0.8064825736401938,-0.0020162064341004847,-0.06131782599444265,0.177056063698146,0.0003758670321280815,0.0368294064973898
2020-12-24,2020,1999,0,0,54,5,-1.7373248349209192,-0.0043433120873022975,-0.16636700073690922,0.1945845361435789,0.00043068095944705535,0.016449725899679725
2020-12-25,2020,1999,0,0,54,7,0.9557649196043077,0.0023894122990107693,0.12480255837167055,0.14601166001221633,0.0005121676352397127,0.013256158409423024
2020-12-28,2020,1999,0,0,51,3,0.35981223694035647,0.0008995305923508912,0.00034020984183964515,0.16677345379596906,0.00034252211542349276,0.02237266181633595
2020-12-29,2020,1999,0,0,51,11,0.03796367012537072,9.49091753134268e-05,0.022428496380879657,0.16309054062703157,0.0006897582441793142,0.03657907863001181
2020-12-30,2021,1999,0,0,50,14,0.19699053977483963,0.0004924763494370991,0.04726424093604207,0.15894145683865366,0.00037301798229162045,0.023521268471708576
2021-01-04,2021,1999,0,0,50,4,0.1415139964999088,0.00035378499124977204,0.09800751728842311,0.15047946527950795,0.00042122733292055184,0.016896121688164352
2021-01-05,2021,1999,0,0,50,6,0.7733035882901842,0.0019332589707254605,0.04505337799572186,0.15931408353532828,0.0005128612553373204,0.009325548756065533
2021-01-06,2021,1999,0,0,49,4,-1.6306694749877113,-0.004076673687469278,-0.1142038665465627,0.1858844813398291,0.0005509507889286861,0.014727676067068228
2021-01-07,2021,1999,0,0,49,11,-0.9358301165766073,-0.0023395752914415185,-0.07704260432526956,0.17968435492093468,0.0005669073309166182,0.03405679549927074
2021-01-08,2021,1999,0,0,48,3,0.6267190551680014,0.0015667976379200035,0.06723215700835743,0.15561135117052968,0.0005483252788208846,0.07230793531659972
2021-01-12,2021,1999,0,0,47,14,-1.057639877101552,-0.0026440996927538803,-0.08493561342193032,0.180997801849519,0.000514476249040154,0.0178523167879903
2021-01-13,2021,1999,0,0,47,7,-0.024346678199928418,-6.086669549982104e-05,-0.06398668708814513,0.17750785201558883,0.0007155637527421363,0.024220850443033327
2021-01-14,2021,1999,0,0,47,10,0.5571992037384057,0.0013929980093460143,0.07671472159737713,0.1540322630451028,0.0004620242561376684,0.038940580893194035
2021-01-15,2021,1999,0,0,47,8,-2.9820690949624824,-0.007455172737406206,-0.2203705304167179,0.203594310501931,0.00045134291020913986,0.022491228652404275
2021-01-18,2021,1999,0,0,46,6,-0.8142170649117213,-0.0020355426622793034,0.01600896795638997,0.16415866787192337,0.00040662413598215426,0.02865687284146061
2021-01-19,2021,1999,0,0,45,9,-0.9063678745068467,-0.002265919686267117,-0.01608017704659857,0.16950767325253868,0.0003964622078979816,0.10257745950575585
2021-01-20,2021,1999,0,0,44,5,-0.4495157957525425,-0.0011237894893813562,-0.04699460326193092,0.17467062474544945,0.0004261208700905018,0.03771655898588915
2021-01-21,2021,1999,0,0,43,5,-0.6155846605418831,-0.0015389616513547077,-0.07383265943423178,0.17914803193584977,0.0005079190840718038,0.04901122073490293
2021-01-22,2021,1999,0,0,43,4,1.2264841593334674,0.0030662103983336688,0.08209246833744703,0.15313367806687792,0.0004785446665611435,0.030066261332855424
2021-01-25,2021,1999,0,0,43,6,0.21126040083866449,0.0005281510020966612,-0.0005218231266730206,0.16691578352319883,0.0004022304338798714,0.026408773757273643
2021-01-26,2021,1999,0,0,42,5,-0.15888013959848146,-0.00039720034899620363,-0.0108407557507948,0.1686358417921146,0.0005994588369923925,0.04814568712561913
2021-01-27,2021,1999,0,0,42,6,-1.3378649948923744,-0.003344662487230936,-0.08510476127269118,0.18103071613191288,0.000804726141815626,0.007406478343721849
2021-01-28,2021,1999,0,0,41,10,0.03128830917217362,7.822077293043406e-05,0.015017345402845075,0.16432472148643548,0.000679212899316095,0.03270201876642025
2021-01-29,2021,1999,0,0,41,2,0.1573477575847777,0.00039336939396194425,0.03986024222477356,0.16017907033528705,0.0008054870056627256,0.3920390919444944
2021-02-01,2021,1999,0,0,41,2,1.2903671029478887,0.0032259177573697216,0.0879310930461518,0.15216187932563638,0.0006116034048593686,0.3552711793594395
2021-02-02,2021,1999,0,0,41,1,-0.12648175964610167,-0.0003162043991152542,0.0461113835028788,0.15913527900652594,0.000499719867968103,0.2851819479181896
2021-02-03,2021,1999,0,0,41,1,-2.6191256103219764,-0.006547814025804941,-0.10969708861435405,0.18513083786304732,0.0008466269712326222,0.2300140490769154
2021-02-04,2021,1999,0,0,41,4,0.6859716287888591,0.0017149290719721477,0.0430624750167605,0.15964812810382742,0.000895828259234845,0.22133838522203284
2021-02-05,2021,1999,0,0,41,1,2.8964224546013417,0.007241056136503355,0.20772370795950545,0.13217538549154556,0.000523134807810352,0.1784807020535329
2021-02-08,2021,1999,0,0,41,1,-0.7501527454351254,-0.0018753818635878136,-0.05430748432200856,0.175890639593149,0.0006940247501422189,0.12380556061345804
2021-02-09,2021,1999,0,0,41,2,-1.1516084978969336,-0.0028790212447423343,0.01068754536467959,0.1650488295587622,0.0008802908257793566,0.08939560465435255
2021-02-10,2021,1999,0,0,41,3,0.05893278528869428,0.0001473319632217357,0.03436595275171845,0.16109664556366637,0.0009056814380961422,0.0588590266960044
2021-02-12,2021,1999,0,0,41,3,1.0801355536860924,0.002700338884215231,0.07933889880776693,0.1535938123575661,0.0005619292149631244,0.07365546601303047
2021-02-15,2021,1999,0,0,42,3,-2.5046765266233644,-0.006261691316558411,-0.1313224931662589,0.18873807806337134,0.000768728049808202,0.06888676477454639
2021-02-16,2021,1999,0,0,42,4,-0.17700126208888634,-0.00044250315522221585,0.009209814521292594,0.16529414730010275,0.0006358428088074292,0.04765106294615473
2021-02-17,2021,2000,0,0,40,3,1.1730885188193125,0.0029327212970482815,0.09316476815884155,0.1512871721628698,0.0004374634011671616,0.051473739432910386
2021-02-18,2021,2000,0,0,41,1,-2.2034656969833213,-0.005508664242458303,-0.15985326579454331,0.19349953378390047,0.0006725798954310332,0.049642936053386155
2021-02-19,2021,2000,0,0,42,0,-1.4921579125163462,-0.0037303947812908655,-0.15348337443575025,0.1924383198352553,0.0009079570600855727,0.03890014613578496
2021-02-22,2021,2000,0,0,42,4,-0.7638784182145679,-0.00190969604553642,-0.10092022038472363,0.18366461707592163,0.000557331006310545,0.06573593241224124
2021-02-24,2021,2000,0,0,42,0,-0.48659445392356293,-0.0012164861348089072,0.020678205999870233,0.1633830353771183,0.0008662034282788789,0.061559631572756915
2021-02-25,2021,2000,0,0,42,3,2.205867193638712,0.005514667984096781,0.14067790628544444,0.14336341713878448,0.0009032967067368776,0.12636152918306295
2021-02-26,2021,2000,0,0,42,2,1.6476170219250172,0.004119042554812543,0.09838100082938707,0.15041354806968266,0.0003809969908366589,0.07885252980766551
2021-03-01,2021,2000,0,0,41,3,-2.3164293930754933,-0.0057910734826887335,-0.2525126647852005,0.20895753961272784,0.00046411139557262047,0.040736846854864575
2021-03-02,2021,2000,0,0,41,2,-0.3937765808248578,-0.0009844414520621444,-0.09295539854469055,0.18233448152290252,0.00038316633098918457,0.029299844385491082
2021-03-03,2021,2000,0,0,41,3,0.26122294719842964,0.0006530573679960741,-0.02647433410716113,0.171245517831452,0.00034857790168005677,0.030418140614723428
2021-03-04,2021,2000,0,0,41,2,-1.5711101512145378,-0.003927775378036344,-0.1719453075468817,0.1955148821909704,0.0004129851894304569,0.07137257192297836
2021-03-05,2021,2000,0,0,38,1,-1.228546849884336,-0.00307136712471084,-0.1341246863232264,0.1892085004483232,0.0007286389242084624,0.03365966748730803
2021-03-08,2021,2000,0,0,38,1,1.1636536764475656,0.002909134191118914,0.12661800760637254,0.14570514021392886,0.0003077630332561985,0.02239438857355797
2021-03-09,2021,2000,0,0,38,1,1.4041140705801478,0.0035102851764503696,0.12047435067206896,0.1467326555974335,0.0004437854073244391,0.03127962546752911
2021-03-10,2021,2000,0,0,38,2,3.161168187969602,0.007902920469924005,0.24860593222020988,0.12535471162294504,0.0004690194322205091,0.01649512805194792
2021-03-11,2021,2000,0,0,37,3,-3.547948103423844,-0.00886987025855961,-0.307106889914319,0.2180677750080643,0.0006601647376327841,0.02708170210455016
2021-03-12,2021,2000,0,0,37,0,0.8692179086212461,0.0021730447715531155,0.15907257537659503,0.1402936265531465,0.0004706155905716538,0.006640751371362603
2021-03-15,2021,2000,0,0,37,10,0.3202349768284949,0.0008005874420712372,0.002363902642001899,0.16643194164616074,0.0003246597091408807,0.01831593721612697
2021-03-16,2021,2000,0,0,34,11,-1.563028102378286,-0.003907570255945715,-0.12628823780171192,0.18789579500855982,0.00035251998717806746,0.02302304802679159
2021-03-17,2021,2000,0,0,35,4,1.360370236720382,0.003400925591800955,0.08400426343646238,0.15281555685296377,0.00038044974286535695,0.03156804611427458
2021-03-18,2021,2000,0,0,35,14,-0.0005934000859879607,-1.4835002149699016e-06,0.026121296865239518,0.16247171835042082,0.0004313157548187487,0.0122209693234539
2021-03-19,2021,2000,0,0,33,7,-1.1418322263296652,-0.002854580565824163,-0.1457204931223488,0.19114224577271124,0.0006676244302313,0.009735836418716734
2021-03-22,2021,2000,0,0,30,8,0.1387679025042834,0.00034691975626070847,-0.010775890911711498,0.16863090249476914,0.0010610169958345458,0.016840282244503596
2021-03-23,2021,2000,0,0,30,8,-0.3254184363460477,-0.0008135460908651193,-0.11444874123587423,0.18592564822931726,0.0005228942233720123,0.04579917538948899
2021-03-24,2021,2000,0,0,29,1,0.987727196913001,0.0024693179922825026,0.1532471587216956,0.14126580411266165,0.0005599014723331276,0.061512773738746834
2021-03-25,2021,2000,0,0,30,2,-0.6138932911054557,-0.001534733227763639,-0.07607895237497381,0.1795242526215584,0.0004364914139223101,0.03759269281253132
2021-03-26,2021,2000,0,0,29,5,-1.9929096159264283,-0.004982274039816071,-0.09805152047030571,0.18318997605355952,0.0007145382589072624,0.02348386735136643
2021-03-29,2021,2000,0,0,29,4,0.3396287453249418,0.0008490718633123545,-0.006046486838954634,0.16784149747460023,0.0005979176471092276,0.023802174194006792
2021-03-30,2021,2000,0,0,29,4,1.6821298287662145,0.0042053245719155365,0.13689188870316385,0.14399351620532627,0.00042992253930295777,0.06239545144212018
2021-03-31,2021,2000,0,0,29,1,0.3633993869811303,0.0009084984674528257,0.02384817689230227,0.16285044567055917,0.0003460780350573644,0.034395507286181536
2021-04-01,2021,2000,0,0,29,0,0.3092380509044963,0.0007730951272612407,0.07465492991777964,0.15437639110951173,0.00032083789081003644,0.028237401589737334
2021-04-02,2021,2000,0,0,29,0,-0.7342293238072979,-0.0018355733095182447,-0.03734034807575728,0.173062334756673,0.0004916149827424439,0.060948385642095065
2021-04-05,2021,2000,0,0,30,2,-0.3099168191835435,-0.0007747920479588588,0.00022585212577374796,0.16679457806692238,0.00034700808598623435,0.035607867116637215
2021-04-06,2021,2000,0,0,29,2,-0.7175747383841578,-0.0017939368459603943,-0.04110720803746524,0.1736909180578283,0.0005543753404378398,0.02350666023949316
2021-04-07,2021,2000,0,0,29,4,0.19527337541829598,0.00048818343854574,0.035381947378793646,0.1609204624198042,0.0002462091640813951,0.013277523684251606
2021-04-08,2021,2000,0,0,28,4,-3.094521937989189,-0.007736304844972972,-0.2682828140932555,0.21158701292867546,0.0004904026210991093,0.03201673716811618
2021-04-09,2021,2000,0,0,27,4,-0.03638528753138259,-9.096321882845648e-05,-0.0027766875883991123,0.16728928683951783,0.00029997478820781775,0.03410054149268582
2021-04-12,2021,2000,0,0,29,4,0.3902980858891874,0.0009757452147229685,0.06240459497532286,0.15641859067352587,0.0002998945225595865,0.024092142365280858
2021-04-13,2021,2000,0,0,29,3,0.46267832426311983,0.0011566958106577997,0.025740691000932556,0.1625353686097676,0.0003423526538946124,0.007868238855610245
2021-04-14,2021,2000,0,0,29,7,0.852644542411136,0.00213161135602784,0.025019962191776712,0.1626445788552105,0.0002600417752645053,0.012655124115314352
2021-04-15,2021,2000,0,0,30,0,-0.7517061211584892,-0.001879265302896223,-0.07516003336415768,0.17936729739306873,0.00034486280001531466,0.01934995783257675
2021-04-16,2021,2000,0,0,29,4,0.08481509412266819,0.00021203773530667047,0.01586473466378733,0.1641860801586386,0.0004056583586086761,0.014096748052821658
2021-04-19,2021,2000,0,0,29,4,-1.865085873185957,-0.004662714682964892,-0.10865123091573684,0.18495972210717665,0.0007347032209544581,0.006479585941976848
2021-04-20,2021,2000,0,0,28,4,0.3018170296127103,0.0007545425740317758,0.005589888673986567,0.1658984762516326,0.0005223953039585643,0.015831738469886985
2021-04-21,2021,2000,0,0,29,6,0.3052399281740593,0.0007630998204351483,0.029178366524950122,0.16195834641933274,0.00031773675921562184,0.04341753318599169
2021-04-22,2021,2000,0,0,29,1,0.8286216391954702,0.0020715540979886755,0.04700472504869904,0.15898758902963234,0.00034128426194653214,0.031814245668178046
2021-04-23,2021,2000,0,0,29,9,-1.2228462692437605,-0.003057115673109401,-0.08305191319935527,0.18068301878553084,0.00030822748836161265,0.027835363507761612
2021-04-26,2021,2000,0,0,29,10,-0.451074881713341,-0.0011276872042833524,-0.018729764079968025,0.16995482208337784,0.00036668354601356544,0.024171645954776586
2021-04-27,2021,2000,0,0,29,6,-0.38323623253155503,-0.0009580905813288876,-0.034394231688346946,0.17256578858463748,0.0005096901978999234,0.17707507671946876
2021-04-28,2021,1999,0,0,30,4,-1.4112592848578118,-0.0035281482121445294,-0.06272695607057177,0.17729714504446964,0.0007102048495264933,0.018406737992905584
2021-04-30,2021,1999,0,0,30,3,-0.8150637138813343,-0.002037659284703336,-0.07420168244263559,0.17921085154676925,0.0005781093836606759,0.0096660996528889
2021-05-06,2021,1999,0,0,30,3,0.16238354672835453,0.00040595886682088633,-0.02695894723064672,0.17132432932281055,0.0005668962686155934,0.013265896987445869
2021-05-07,2021,1999,0,0,31,4,-1.9766298106158868,-0.004941574526539717,-0.1168163544832714,0.18632195677869418,0.0009361948204829397,0.32676550658171266
2021-05-10,2021,1999,0,0,31,2,-0.3360946608839228,-0.0008402366522098071,-0.004561365361294731,0.1675935285305661,0.0009050066454146076,0.028295760916890594
2021-05-11,2021,1999,0,0,32,4,-0.08738732568211738,-0.00021846831420529344,-0.047387543865567545,0.1747385147722704,0.00097740888169092,0.026011902786521584
2021-05-12,2021,1999,0,0,31,13,2.0101264930549445,0.005025316232637361,0.0625088034901825,0.15640398034610659,0.0010597558638358044,0.04688430155488299
2021-05-13,2021,1999,0,0,33,16,-0.43563464855908274,-0.001089086621397707,-0.04815094918241535,0.17486496545864819,0.001120576115043912,0.024379913630187284
2021-05-14,2021,1999,0,0,33,2,0.47005242304284245,0.0011751310576071062,0.013565795222124186,0.16456944718635627,0.0006352455687826652,0.010346466622786894
2021-05-17,2021,1999,0,0,33,1,1.0948058644114826,0.0027370146610287065,0.03214327669502944,0.16146862639697396,0.0003764453524177798,0.04325750144747585
2021-05-18,2021,1999,0,0,33,4,0.12126285107171753,0.0003031571276792938,0.03963562718328915,0.16021434263300444,0.0004169103869224231,0.06425720331431543
2021-05-19,2021,1999,0,0,33,0,0.18664427136514983,0.00046661067841287455,0.01892418348506517,0.16366724417027098,0.00029949928175269415,0.016967696384674397
2021-05-20,2021,1999,0,0,33,0,-1.330494380310421,-0.0033262359507760524,-0.12002630154028676,0.18685406084993014,0.00036357744796262665,0.022240438397000396
2021-05-21,2021,1999,0,0,33,5,-0.626548439498936,-0.00156637109874734,-0.04787908385318115,0.1748181862291094,0.0003264387756803818,0.014899184519038417
2021-05-24,2021,1999,0,0,33,3,-0.004138750727843872,-1.034687681960968e-05,0.000494401267554302,0.16674437578408083,0.0003245701365145703,0.016323358435426906
2021-05-25,2021,1999,0,0,32,1,-0.786216207967315,-0.0019655405199182872,-0.048456195282252965,0.17491624135837136,0.0004162996950476388,0.012508428631179066
2021-05-26,2021,1999,0,0,32,2,1.522573930984286,0.003806434827460715,0.1264397888882409,0.14573809389391604,0.0006057680038192261,0.03492314188346158
2021-05-27,2021,1999,0,0,32,5,-3.0298759955198444,-0.007574689988799611,-0.2545264359011125,0.2092947269575874,0.00045548395201322565,0.019817526732327534
2021-05-28,2021,1999,0,0,33,2,0.7471140468698556,0.001867785117174639,0.026156583198582183,0.16246300372704164,0.0002683060176091102,0.01734663363689244
2021-05-31,2021,1999,0,0,32,6,-1.1339272055628369,-0.0028348180139070923,-0.1157643110346856,0.1861413322034148,0.0004049262515737389,0.03904266705754425
2021-06-01,2021,1999,0,0,33,0,0.8999536332913501,0.0022498840832283753,0.047615834144299055,0.15888132055568877,0.000342058601853645,0.015860366662387583
2021-06-02,2021,1999,0,0,32,3,-0.7922131022539147,-0.0019805327556347866,-0.08917926201662826,0.1817032925406181,0.00031047173267603284,0.016623893803093287
2021-06-03,2021,1999,0,0,32,2,0.3675778580883918,0.0009189446452209794,-0.011437225860988286,0.1687351225454862,0.00030155498318068134,0.023620196196346276
2021-06-04,2021,1999,0,0,30,0,0.12870285882665922,0.000321757147066648,0.028552515283828857,0.16206458917479094,0.0003332718900021946,0.014051805766184254
2021-06-07,2021,1999,0,0,31,3,0.05172471052373381,0.00012931177630933453,0.0036243857310529533,0.16622173635552698,0.00029342308095747473,0.020529465451737252
2021-06-08,2021,1999,0,0,31,3,0.9371561899570514,0.0023428904748926285,0.07889733675707147,0.15365964117297992,0.00026110297800034394,0.009477677552046461
2021-06-09,2021,1999,0,0,30,1,0.3164730700747894,0.0007911826751869736,0.03250933254468144,0.1613988094316597,0.00030726199313958595,0.023871801798946116
2021-06-10,2021,1999,0,0,30,4,0.2688314968190617,0.0006720787420476542,0.00964725239387524,0.1652154207035251,0.00034773312623508383,0.0111211363988101
2021-06-11,2021,1999,0,0,30,0,-0.1597388577655089,-0.0003993471444137722,0.01715879906891273,0.16396056939683357,0.0003353145488556566,0.04710115875622317
2021-06-14,2021,1999,0,0,30,3,-1.5252418990993466,-0.0038131047477483666,-0.06281554053731098,0.1773064162664869,0.0003105868150361898,0.012503758841755254
2021-06-15,2021,1999,0,0,30,3,-0.7616578114930943,-0.0019041445287327357,-0.12268400905809133,0.1872935767608955,0.00029359832223285325,0.005683441705332564
2021-06-16,2021,1999,0,0,31,4,1.0700526762903835,0.0026751316907259585,0.07378820229260279,0.15452024377120055,0.00045511468691049485,0.017200017901178283
2021-06-17,2021,1999,0,0,33,3,0.41339201142013593,0.0010334800285503399,-0.0001950602403620252,0.16686583067846772,0.0006373406753485691,0.009693998978749053
2021-06-18,2021,1999,0,0,32,12,1.818134585416617,0.0045453364635415425,0.17395122497596385,0.13781243221207198,0.0008911750800983485,0.00862980844884301
2021-06-21,2021,1999,0,0,32,11,-0.9028316000682648,-0.002257079000170662,-0.09446981806608157,0.18258561176197421,0.0003114790589561853,0.013703034883135169
2021-06-22,2021,1999,0,0,33,10,0.09612442716497144,0.0002403110679124286,0.03533104705412102,0.16093312339771407,0.0003466042881233436,0.32831635243639923
2021-06-23,2021,1999,0,0,34,13,0.05076751328652196,0.0001269187832163049,-0.022296026479407035,0.17054889140350038,0.00035781307059373356,0.07376824493349984
2021-06-24,2021,1999,0,0,34,6,0.7274707314396415,0.0018186768285991036,0.019593624864166315,0.1635593792235802,0.00031194162347586294,0.026882161321809372
2021-06-25,2021,1999,0,0,35,11,0.10094542902675663,0.00025236357256689155,-0.03833095525493087,0.17322579762909035,0.0003622482223676728,0.052602713894250135
2021-06-28,2021,1999,0,0,34,4,-0.10888339980500716,-0.0002722084995125179,-0.02034659368416493,0.17022253297247653,0.0003436188618815835,0.042843570062880046
2021-06-29,2021,1999,0,0,34,7,1.5358546205926886,0.0038396365514817214,0.16647124855740356,0.139051811557296,0.0003497684891229701,0.010796546092290747
2021-06-30,2021,1999,0,0,34,12,0.20282433948715628,0.0005070608487178907,0.0830381189707387,0.152977781950802,0.0003644619203745988,0.17393540870394086
2021-07-01,2021,1999,0,0,34,6,-1.0383434815311043,-0.0025958587038277608,-0.08052982092121548,0.18026361259439258,0.00023718957882079344,0.022982445122929435
2021-07-02,2021,1999,0,0,34,7,-0.36364775919152054,-0.0009091193979788013,-0.09020775794762324,0.1818644654005027,0.0002387382164237105,0.009074581724180627
2021-07-05,2021,1999,0,0,34,3,0.9016280127490266,0.0022540700318725666,0.10156024767311864,0.14988852298034916,0.0002548239448280382,0.010921908221676125
2021-07-06,2021,1999,0,0,35,0,0.5413606233933344,0.001353401558483336,-0.04309444447457477,0.17402073695041248,0.00034951564976259323,0.019489831671762877
2021-07-07,2021,1999,0,0,35,3,-0.5783858666215351,-0.0014459646665538378,-0.03103899623382145,0.17200231242493866,0.00026398184385483447,0.016996409452825136
2021-07-08,2021,1999,0,0,35,12,0.444229651330625,0.0011105741283265625,0.04624792726719257,0.1591175226511413,0.0006901128564120568,0.01193468681759096
2021-07-09,2021,1999,0,0,35,24,0.9123816385179659,0.0022809540962949147,0.10140722329586559,0.14991242199259372,0.000362487630024314,0.029891478339543667
2021-07-12,2021,1999,0,0,35,7,-0.17802655428005645,-0.00044506638570014113,-0.032277902364863616,0.17220775192541354,0.0003109855578452402,0.043496259883875524
2021-07-13,2021,1999,0,0,34,12,-0.01839632802654645,-4.5990820066366124e-05,0.007677606612395222,0.16555048475619624,0.0003704721481172857,0.018745134974770965
2021-07-14,2021,1999,0,0,34,9,0.946314460717079,0.0023657861517926977,0.040713908097011614,0.16002807997378857,0.0002666028907467206,0.015217762296956459
2021-07-15,2021,1999,0,0,35,5,-1.0799484337469947,-0.0026998710843674865,-0.051900540478725325,0.17549102441673853,0.00040129875225218445,0.02517277050407034
2021-07-16,2021,1999,0,0,33,5,0.15981432818517138,0.00039953582046292846,0.006712727413018242,0.16571032447338968,0.0002811825178375263,0.049180488262494
2021-07-19,2021,1999,0,0,34,12,0.2418333934325969,0.0006045834835814922,0.04692419327433089,0.15900109406246857,0.00025369367550565986,0.025251465121347752
2021-07-20,2021,1999,0,0,36,14,0.6502634600197044,0.0016256586500492608,0.08115443860624041,0.153292342097205,0.0003716123321111362,0.018228457296265165
2021-07-21,2021,1999,0,0,35,11,-0.2056675793853242,-0.0005141689484633106,0.04889163877854321,0.15867400417927685,0.0003299078949163424,0.015019505329288663
2021-07-26,2021,1999,0,0,36,12,-1.0068908263445147,-0.002517227065861287,-0.11480688231041049,0.18598221723414202,0.00039210333217399776,0.261832585976997
2021-07-27,2021,1999,0,0,36,10,0.8757894899366865,0.002189473724841716,0.11785359282553111,0.14716752530178762,0.00038069040620153914,0.02817565654846743
2021-07-28,2021,1999,0,0,36,5,-1.881034271657964,-0.00470258567914491,-0.1517512228919978,0.19214978945764005,0.0006343711207333495,0.013599242107807734
2021-07-29,2021,1999,0,0,37,5,-0.6144063051868596,-0.0015360157629671488,-0.04012647408655098,0.1735272898192321,0.0009792306005189798,0.013365703059069619
2021-07-30,2021,1999,0,0,37,13,-0.9442658539908684,-0.002360664634977171,-0.0766080520324989,0.17960991102253926,0.00038173996777813207,0.013269936900140432
2021-08-02,2021,1999,0,0,37,7,-0.5743908795633432,-0.001435977198908358,-0.07194674326583275,0.1788339544952461,0.0003835673772834494,0.02488611596433872
2021-08-03,2021,1999,0,0,39,9,-0.3728657171797333,-0.0009321642929493333,-0.08481575954175694,0.18097664875908853,0.0004381557410329901,0.01168771855726492
2021-08-04,2021,1999,0,0,39,3,-0.31796901479567974,-0.0007949225369891993,-0.022694469637814157,0.17061442911674082,0.0005739938638399143,0.023720888834128453
2021-08-05,2021,1999,0,0,39,4,1.632473489899744,0.00408118372474936,0.10362849695528238,0.14954245036578495,0.0008253434945006819,0.07283320399590823
2021-08-06,2021,1999,0,0,39,7,-1.1822100687431085,-0.002955525171857771,-0.07797825105250233,0.179840064696532,0.000679926274804544,0.041065848437485
2021-08-10,2021,1999,0,0,39,4,1.463206675401933,0.0036580166885048326,0.09223149354599817,0.1514383209389246,0.0005461994157862255,0.009510140890445119
2021-08-11,2021,1999,0,0,40,7,0.9812390788970398,0.0024530976972425996,0.022001873540708688,0.16315489475868467,0.0006235753966665001,0.04068481748985759
2021-08-12,2021,1999,0,0,40,8,0.19662714543890214,0.0004915678635972554,-0.01533954080422754,0.1693916108285455,0.0008160078159855682,0.02447594512047267
2021-08-13,2021,1999,0,0,40,8,-0.7507268341533335,-0.001876817085383334,-0.08617964987926627,0.18120597085580076,0.0005323329158506761,0.020440091011658935
2021-08-16,2021,1999,0,0,39,9,0.27820841214125247,0.0006955210303531312,0.07292225753067084,0.15466508239064436,0.00042994328106422274,0.0543412233552316
2021-08-17,2021,1999,0,0,40,4,-0.4909836999357977,-0.0012274592498394943,-0.09797897220912857,0.18317731446061128,0.0005280197728937645,0.011764956686379072
2021-08-18,2021,1999,0,0,40,6,-1.3998279397780529,-0.003499569849445132,-0.1347377036380815,0.1893085333108648,0.000502407425723668,0.05187858630269602
2021-08-19,2021,1999,0,0,41,5,-1.1649955805022079,-0.0029124889512555196,-0.0597850079681131,0.1768056923955068,0.0006349858653342834,0.06709523380321927
2021-08-20,2021,1999,0,0,41,5,0.3743141592758281,0.0009357853981895703,0.10312959849212301,0.14962481248139095,0.00046982856218385507,0.05900269115382325
2021-08-23,2021,1999,0,0,41,11,-0.7230657464699244,-0.001807664366174811,0.03977617827377671,0.16018716599575097,0.0002983091306763604,0.04439059594118413
2021-08-24,2021,1999,0,0,41,12,-0.7926644406541818,-0.0019816611016354544,-0.09584806627137919,0.1828166275896272,0.00032292272405055986,0.032486764127596116
2021-08-25,2021,1999,0,0,41,17,-0.7567222150030414,-0.0018918055375076034,-0.040570021893033645,0.17358971112267932,0.00024369402678996085,0.017467366322215537
2021-08-26,2021,1999,0,0,40,14,-0.9659097033455077,-0.0024147742583637694,-0.06308772879066793,0.1773573347734427,0.0005441814358251732,0.008572243284291155
2021-08-27,2021,1999,0,0,40,8,-0.21556466449569067,-0.0005389116612392267,0.0005144489889089271,0.1667414816796064,0.00035928053542567793,0.008905247248687919
2021-08-30,2021,1999,0,0,40,13,-0.12372382615545852,-0.0003093095653886463,0.015800612633657462,0.16419017883632822,0.0003618765998090763,0.0761239870645346
2021-08-31,2021,1999,0,0,41,8,0.5894124084018059,0.0014735310210045147,0.041157348025974316,0.1599615500319606,0.0003269455340058278,0.030636080281568574
2021-09-01,2021,1999,0,0,42,5,-0.10733128715546547,-0.0002683282178886637,-0.06559317626098152,0.17777397917636956,0.000581465261677804,0.02802954132203784
2021-09-02,2021,1999,0,0,42,11,0.20400332057233816,0.0005100083014308454,-0.0380360945272085,0.17317205137091057,0.0004538417567464935,0.009782801664972118
2021-09-03,2021,1999,0,0,43,8,-0.6857630534973593,-0.0017144076337433983,-0.03387404455891094,0.1724784222475135,0.00035262244508306006,0.07030030057016824
2021-09-06,2021,1999,0,0,43,6,-0.19590026586615927,-0.0004897506646653982,-0.01745858495652571,0.16973789741511192,0.00028469980548828205,0.05838762754916545
2021-09-07,2021,1999,0,0,45,10,0.08843019072950986,0.00022107547682377466,-0.01318597614447562,0.16902511713962734,0.0003422360356029275,0.017912685412424183
2021-09-08,2021,1999,0,0,45,22,1.4078060544445035,0.0035195151361112585,0.12076146953045276,0.14668528529099956,0.0005184915165879056,0.025180835504295142
2021-09-09,2021,1999,0,0,44,3,-0.07603642143673817,-0.0001900910535918454,0.022189746320737242,0.16312627382608066,0.0004146877064549347,0.03621735898595537
2021-09-10,2021,1999,0,0,45,31,0.910377450024414,0.002275943625061035,0.07888795311924401,0.15366904127945058,0.0003226255023331504,0.06910502010418823
2021-09-13,2021,1999,0,0,46,29,0.017001607600550805,4.2504019001377015e-05,-0.02468335889019356,0.170950086338649,0.0007673569284120071,0.016269863492039616
2021-09-14,2021,1999,0,0,45,37,1.4154844504162318,0.0035387111260405794,0.2027372043448422,0.1330036572021929,0.0005923790347464882,0.020346100997185246
2021-09-15,2021,1999,0,0,45,6,-0.3981304716048093,-0.0009953261790120232,-0.019387233891376903,0.17006043129239867,0.0004261087017180517,0.033547321092342
2021-09-16,2021,1999,0,0,46,6,0.1159329855739677,0.00028983246393491925,0.056097535827576324,0.15747427619567392,0.0006320581699885787,0.024952243177295858
2021-09-17,2021,1999,0,0,47,19,-0.5977371920544621,-0.0014943429801361552,-0.062186017260404326,0.17720704860852762,0.0005461939507239543,0.02805268131964255
2021-09-21,2021,1999,0,0,45,3,-0.09334545093683033,-0.00023336362734207582,-0.032808713780426046,0.17230687121294339,0.001133591224185747,0.0846262334647949
2021-09-22,2021,1999,0,0,45,2,0.7302909506185794,0.0018257273765464486,0.10424252820189787,0.14943978070943206,0.00035482199071195926,0.037729423278880896
2021-09-24,2021,1999,0,0,46,4,0.995623927173502,0.002489059817933755,0.050232801087601676,0.15844771208902222,0.0005594959454119918,0.10889939468147661
2021-09-27,2021,1999,0,0,46,20,0.12249254770566731,0.00030623136926416825,0.13015573536253175,0.1451183301613021,0.000599184814898514,0.018903029958439507
2021-09-28,2021,1999,0,0,46,7,1.1045261250830856,0.0027613153127077138,0.06827549291019792,0.15543858541408367,0.0004247891973568006,0.06995381454949876
2021-09-29,2021,1999,0,0,46,3,-0.12408597530705023,-0.0003102149382676256,0.03205080002048865,0.16148625161227056,0.0006443913787216492,0.013951696959574213
2021-09-30,2021,1998,0,0,46,2,-2.936667547699771,-0.007341668869249427,-0.17165421648422435,0.195468876672392,0.0005449401669511584,0.012043696481921724
2021-10-01,2021,1998,0,0,46,11,-0.3353003131759169,-0.0008382507829397922,-0.004443329081617233,0.16757414977435292,0.0003673759115991917,0.0632262295628618
2021-10-04,2021,1998,0,0,46,9,-0.8129345973081186,-0.0020323364932702966,0.02185054793651972,0.16318481427900688,0.0004471813176353077,0.044752236671998416
2021-10-05,2021,1998,0,0,45,30,-2.4815326308884167,-0.006203831577221042,-0.12246728416072414,0.18726154265636497,0.0004463226938568003,0.024217296939416124
2021-10-06,2021,1998,0,0,45,1,-1.310883523037409,-0.003277208807593522,-0.021179203030423765,0.1703633178723882,0.0005110933767065946,0.041906855198429044
2021-10-07,2021,1998,0,0,47,2,-0.8702335385273026,-0.0021755838463182564,-0.054369898856756985,0.17590284076894314,0.000485214343373324,0.030096311934782103
2021-10-08,2021,1998,0,0,47,1,-0.816395205967023,-0.0020409880149175573,-0.05379517080107377,0.17580658368323343,0.00046761422664923485,0.038858191162992
2021-10-11,2021,1998,0,0,46,1,-0.5913607662294218,-0.0014784019155735545,-0.06420127337704142,0.17753962130165893,0.0004093290977607229,0.02599151787597553
2021-10-12,2021,1998,0,0,48,9,-0.7301691504518545,-0.0018254228761296362,-0.03911460483444888,0.17335424770858093,0.0003869236232557203,0.012859077974532857
2021-10-13,2021,1998,0,0,47,10,0.9244052245488028,0.002311013061372007,0.03907834790052681,0.1603137259926149,0.0009540995188911475,0.024789515319380888
2021-10-14,2021,1998,0,0,49,4,-0.033368345281090894,-8.342086320272723e-05,0.047544289016553005,0.15889668576798924,0.00043306999777092736,0.04008320121010609
2021-10-15,2021,1998,0,0,48,7,0.19591842413096383,0.0004897960603274095,0.00014001679800193823,0.16680259761462687,0.00035304850712390397,0.024476719658215483
2021-10-18,2021,1998,0,0,48,1,0.908020282608982,0.002270050706522455,0.1357269337564131,0.14417930535446818,0.0002977777192089206,0.01847347449562624
2021-10-19,2021,1998,0,0,48,1,0.19029232280910113,0.0004757308070227528,0.08145763917760152,0.15324068733050508,0.00036250829065994234,0.014581438029968368
2021-10-20,2021,1998,0,0,48,3,-0.7376505406274577,-0.0018441263515686444,-0.06022732352222938,0.17687108196514018,0.00026301272181909464,0.011645348022565572
2021-10-21,2021,1998,0,0,49,3,-1.1139265143243675,-0.0027848162858109186,-0.10247387628457019,0.18392180397776423,0.0002705234650664999,0.014619249475149405
2021-10-22,2021,1998,0,0,48,4,-0.27713011248667874,-0.0006928252812166968,-0.022252624429362794,0.1705397271462318,0.00034002921566322994,0.03380414304927196
2021-10-25,2021,1998,0,0,48,12,0.5741096842731302,0.0014352742106828256,0.03829967982206861,0.1604379441508821,0.0002848106897207041,0.023692270889757148
2021-10-26,2021,1998,0,0,48,1,0.6722964671140462,0.0016807411677851156,0.05756487449275537,0.157223984992804,0.0004393315189072908,0.02520937732687668
2021-10-27,2021,1998,0,0,48,2,0.3555162144476162,0.0008887905361190405,0.02776426144093389,0.16219077941851134,0.0004362246026749426,0.021751381519679872
2021-10-28,2021,1998,0,0,47,4,0.20512219338529558,0.0005128054834632389,0.041530052986735996,0.1599045040021477,0.0008925180588793935,0.02105366003072894
2021-10-29,2021,1998,0,0,47,4,-0.04813526617177022,-0.00012033816542942554,-0.025843061387694852,0.1711434717689217,0.0004767763649677431,0.012671936959365393
2021-11-01,2021,1998,0,0,46,9,0.24502047344672917,0.0006125511836168229,-0.0448073815037551,0.1743059541650894,0.0007800780938484276,0.06756174870125121
2021-11-02,2021,1997,0,0,46,12,-0.9257639776595353,-0.0023144099441488384,-0.04656469919615775,0.1745993489106154,0.0007516887981063062,0.07585070043361253
2021-11-04,2021,1997,0,0,46,12,0.2172271870899082,0.0005430679677247705,0.006330877900402706,0.16577012303256952,0.000703821655556933,0.036613284667948845
2021-11-05,2021,1997,0,0,46,8,0.26581855121232545,0.0006645463780308136,-0.019639387620920993,0.17010797951568898,0.0005795505453325198,0.04726949834691063
2021-11-08,2021,1996,0,0,46,17,0.9013487447855101,0.002253371861963775,0.024324389029898048,0.1627707625979278,0.0006502763621356077,0.0356247501294798
2021-11-09,2021,1996,0,0,46,18,0.3349220384159039,0.0008373050960397598,-0.026616751207689686,0.17126620418178207,0.000641277962953608,0.24186441251321142
2021-11-10,2021,1996,0,0,46,9,1.1932946142378835,0.002983236535594709,0.037977098409067885,0.16049610990122404,0.0009955347544357118,0.20342341092246785
2021-11-11,2021,1996,0,0,46,7,0.8049782823614533,0.002012445705903633,-0.024106927859622082,0.17085106293390293,0.0009846920377003586,0.03983381828596845
2021-11-12,2021,1996,0,0,46,6,1.4356151758262112,0.003589037939565528,0.08194718993518346,0.15315648350614205,0.0005706744599069686,0.03407856059913833
2021-11-15,2021,1996,0,0,46,3,1.064856330410438,0.0026621408260260947,0.026682793833922754,0.1623797229196869,0.0005648886951001635,0.014527264836675179
2021-11-16,2021,1996,0,0,45,10,-0.6775176443421246,-0.0016937941108553115,-0.04625984179586905,0.17454446867743187,0.0003710984563526722,0.01478858205078533
2021-11-17,2021,1997,0,0,45,9,1.7900596092412038,0.004475149023103009,0.0991369588220235,0.1502898034225285,0.00037439455079965394,0.010363775778838876
2021-11-18,2021,1997,0,0,45,11,0.33300910469863343,0.0008325227617465836,0.026247734808610125,0.16244882496123011,0.0003509833151843069,0.009287935551624672
2021-11-19,2021,1997,0,0,45,6,0.041688537163764305,0.00010422134290941076,-0.029123295992134004,0.17168688923954642,0.0005557626447091639,0.013245258254579916
2021-11-22,2021,1997,0,0,45,11,-0.7253569886097622,-0.0018133924715244055,-0.04886179505925347,0.17497939851019736,0.000301267756804072,0.005938878589408589
2021-11-24,2021,1997,0,0,47,11,-0.05612424104871394,-0.00014031060262178485,-0.01160993513837607,0.16877020682307997,0.0005615433926895178,0.006481968511413017
2021-11-25,2021,1997,0,0,48,5,0.8243607474160228,0.002060901868540057,0.049695984914958025,0.15854254093850767,0.0009339043619696092,0.011052479981844604
2021-11-26,2021,1997,0,0,47,11,-1.177177405672218,-0.002942943514180545,-0.017018864992355644,0.16966977809978648,0.00042922306047237554,0.008775811068017832
2021-11-29,2021,1997,0,0,46,9,-1.489057877316303,-0.0037226446932907575,-0.12623745548633467,0.1878927515835502,0.0004095181433382094,0.015540995090995888
2021-11-30,2021,1996,0,0,46,7,-1.497246001340918,-0.0037431150033522946,-0.14310915324858273,0.19070557550928266,0.0005445127069257231,0.013801808730072883
2021-12-01,2021,1996,0,0,46,12,0.2416506064145647,0.0006041265160364118,-0.0007679850221803016,0.1669616843752769,0.001038605595917133,0.00907913060446012
